signature_id,direction,period,stress,removed,rows,sessions,stocks,mean_directional_net_bps,median_directional_net_bps,directional_lift,positive_payoff_rate,profit_factor,maximum_drawdown_bps,positive_month_fraction,twice_cost_mean_net_bps,top_stock_absolute_contribution_share,top_month_absolute_contribution_share
long__compression_bin__normal__departure_probability_bin__low__7769238964,LONG,2024,leave_one_stock_out_recomputed,AAL,181,81,19,84.3786466923,16.1282015721,0.0690328220804,0.519337016575,1.63193474489,2711.18525539,0.9,74.3786466923,0.197091611291,0.381329904956
long__compression_bin__normal__departure_probability_bin__low__7769238964,LONG,2024,leave_one_stock_out_recomputed,AAOI,178,81,19,78.9878596748,21.641967817,0.0748608202296,0.522471910112,1.58644501625,2711.18525539,0.8,68.9878596748,0.211320963929,0.456878881333
long__compression_bin__normal__departure_probability_bin__low__7769238964,LONG,2024,leave_one_stock_out_recomputed,APLD,177,78,19,94.7325575405,30.295562405,0.0904447457141,0.536723163842,1.71423700424,2711.18525539,0.9,84.7325575405,0.192687360331,0.409281954843
long__compression_bin__normal__departure_probability_bin__low__7769238964,LONG,2024,leave_one_stock_out_recomputed,ASTS,175,75,19,81.1671861174,27.1557340618,0.0780068876453,0.52,1.60122218336,2711.18525539,0.9,71.1671861174,0.209519553872,0.462994909391
long__compression_bin__normal__departure_probability_bin__low__7769238964,LONG,2024,leave_one_stock_out_recomputed,CIFR,183,80,19,86.2986963315,27.1557340618,0.0780283188858,0.524590163934,1.65345611829,2711.18525539,0.888888888889,76.2986963315,0.191559348098,0.418094898149
long__compression_bin__normal__departure_probability_bin__low__7769238964,LONG,2024,leave_one_stock_out_recomputed,HIMS,174,76,19,91.8743898992,27.5745336976,0.0839194399137,0.528735632184,1.69248457034,2711.18525539,0.9,81.8743898992,0.189579830163,0.413247769357
long__compression_bin__normal__departure_probability_bin__low__7769238964,LONG,2024,leave_one_stock_out_recomputed,IONQ,168,78,19,88.1243295334,38.8150551661,0.096201197273,0.541666666667,1.65718486886,2711.18525539,0.9,78.1243295334,0.202345774221,0.436258609876
long__compression_bin__normal__departure_probability_bin__low__7769238964,LONG,2024,leave_one_stock_out_recomputed,IREN,183,80,19,87.3052311546,27.1557340618,0.0766792525659,0.524590163934,1.66107762784,2711.18525539,0.9,77.3052311546,0.189673905584,0.401487614809
long__compression_bin__normal__departure_probability_bin__low__7769238964,LONG,2024,leave_one_stock_out_recomputed,MARA,183,81,19,83.3812075679,27.1557340618,0.0800514096478,0.524590163934,1.63136481258,2711.18525539,0.9,73.3812075679,0.197242464028,0.432079712375
long__compression_bin__normal__departure_probability_bin__low__7769238964,LONG,2024,leave_one_stock_out_recomputed,MP,183,81,19,87.8626003048,27.1557340618,0.0783199090646,0.524590163934,1.66529804248,2711.18525539,0.9,77.8626003048,0.188645721145,0.402201193028
long__compression_bin__normal__departure_probability_bin__low__7769238964,LONG,2024,leave_one_stock_out_recomputed,MRNA,180,79,19,87.6417528559,22.0607674527,0.0738848817598,0.522222222222,1.65800797638,2711.18525539,0.8,77.6417528559,0.191736763722,0.403448933416
long__compression_bin__normal__departure_probability_bin__low__7769238964,LONG,2024,leave_one_stock_out_recomputed,MSTR,158,71,19,99.5682203443,21.641967817,0.0794907299619,0.525316455696,1.73918230932,2619.14060031,0.9,89.5682203443,0.192190816667,0.439513120469
long__compression_bin__normal__departure_probability_bin__low__7769238964,LONG,2024,leave_one_stock_out_recomputed,NVTS,175,80,19,88.156572921,27.9933333333,0.0774792988493,0.525714285714,1.65918690732,3509.70891281,0.9,78.156572921,0.19541128313,0.377437919075
long__compression_bin__normal__departure_probability_bin__low__7769238964,LONG,2024,leave_one_stock_out_recomputed,QBTS,155,76,19,81.7828340672,16.1282015721,0.0750189967627,0.522580645161,1.69786117137,2393.32196328,0.9,71.7828340672,0.140530528383,0.336706476437
long__compression_bin__normal__departure_probability_bin__low__7769238964,LONG,2024,leave_one_stock_out_recomputed,RGTI,151,75,19,107.756731758,53.7829036112,0.101958419538,0.549668874172,1.96235399278,2711.18525539,0.8,97.7567317581,0.187631332082,0.415172893942
long__compression_bin__normal__departure_probability_bin__low__7769238964,LONG,2024,leave_one_stock_out_recomputed,RIOT,180,81,19,79.6281217548,21.641967817,0.0759048028982,0.522222222222,1.59340708007,3124.07396692,0.9,69.6281217548,0.207938623642,0.42182773717
long__compression_bin__normal__departure_probability_bin__low__7769238964,LONG,2024,leave_one_stock_out_recomputed,RIVN,178,79,19,92.7462579002,29.1444478692,0.0865398338191,0.533707865169,1.70020527447,2711.18525539,0.9,82.7462579002,0.190017540551,0.409655233951
long__compression_bin__normal__departure_probability_bin__low__7769238964,LONG,2024,leave_one_stock_out_recomputed,SMCI,169,77,19,85.2982111599,27.1557340618,0.074379507224,0.520710059172,1.63847121312,2711.18525539,0.8,75.2982111599,0.206940483229,0.408182608193
long__compression_bin__normal__departure_probability_bin__low__7769238964,LONG,2024,leave_one_stock_out_recomputed,SOFI,182,80,19,90.6566249252,27.5745336976,0.0798297064038,0.527472527473,1.69689203119,2711.18525539,0.9,80.6566249252,0.189922701002,0.400915454041
long__compression_bin__normal__departure_probability_bin__low__7769238964,LONG,2024,leave_one_stock_out_recomputed,WULF,183,81,19,89.8961406565,27.9933333333,0.0837334208497,0.530054644809,1.68709481484,2711.18525539,0.9,79.8961406565,0.189431001754,0.402049260398
long__compression_bin__normal__departure_probability_bin__low__7769238964,LONG,2025,leave_one_stock_out_recomputed,AAL,183,99,16,-23.0601688389,-31.9517073171,0.00594334828548,0.464480874317,0.864627051604,7270.35502221,0.181818181818,-33.0601688389,0.204116624301,0.257958188444
long__compression_bin__normal__departure_probability_bin__low__7769238964,LONG,2025,leave_one_stock_out_recomputed,AAOI,181,98,16,-19.7611535482,-31.9517073171,0.00952920114765,0.46408839779,0.882661801039,6627.11291692,0.272727272727,-29.7611535482,0.21135002691,0.267571234423
long__compression_bin__normal__departure_probability_bin__low__7769238964,LONG,2025,leave_one_stock_out_recomputed,APLD,169,97,16,-2.55463655191,-31.8435109718,0.012804012804,0.467455621302,0.983771430478,4433.08078912,0.363636363636,-12.5546365519,0.203058077009,0.361111721333
long__compression_bin__normal__departure_probability_bin__low__7769238964,LONG,2025,leave_one_stock_out_recomputed,ASTS,182,98,16,-25.5874897885,-44.2362023285,0.00706874411135,0.461538461538,0.850717480315,7707.2672662,0.0909090909091,-35.5874897885,0.207886951596,0.248598942077
long__compression_bin__normal__departure_probability_bin__low__7769238964,LONG,2025,leave_one_stock_out_recomputed,CIFR,172,95,16,-16.5181377538,-29.8191856547,0.0147141342976,0.470930232558,0.899831998507,5891.46381834,0.272727272727,-26.5181377538,0.220277544836,0.31878592802
long__compression_bin__normal__departure_probability_bin__low__7769238964,LONG,2025,leave_one_stock_out_recomputed,HIMS,167,94,16,-29.6578030744,-42.6627640448,-0.00111279586749,0.455089820359,0.830936657636,8003.19723812,0.181818181818,-39.6578030744,0.211275017259,0.160326462221
long__compression_bin__normal__departure_probability_bin__low__7769238964,LONG,2025,leave_one_stock_out_recomputed,IONQ,175,99,16,-32.968970702,-48.022230946,-0.00430716430716,0.451428571429,0.809910887446,8819.91399754,0.181818181818,-42.968970702,0.221225455306,0.242043389879
long__compression_bin__normal__departure_probability_bin__low__7769238964,LONG,2025,leave_one_stock_out_recomputed,IREN,177,97,16,-10.3952299085,-27.7948603375,0.0240562754751,0.480225988701,0.936097486514,6190.23519376,0.272727272727,-20.3952299085,0.233712784262,0.340784677542
long__compression_bin__normal__departure_probability_bin__low__7769238964,LONG,2025,leave_one_stock_out_recomputed,MARA,184,100,17,-23.1958322199,-37.3072356809,0.00471515609194,0.461956521739,0.863297145583,7318.37725316,0.181818181818,-33.1958322199,0.203596414747,0.256577774195
long__compression_bin__normal__departure_probability_bin__low__7769238964,LONG,2025,leave_one_stock_out_recomputed,MP,155,90,16,-27.3199107087,-71.6268245457,-0.0118268032673,0.438709677419,0.852538061976,6190.23519376,0.272727272727,-37.3199107087,0.203958454358,0.22907348204
long__compression_bin__normal__departure_probability_bin__low__7769238964,LONG,2025,leave_one_stock_out_recomputed,MRNA,178,98,16,-27.208886259,-46.9159357791,-0.00762306318733,0.449438202247,0.84420750582,7318.37725316,0.181818181818,-37.208886259,0.21000660098,0.22393465057
long__compression_bin__normal__departure_probability_bin__low__7769238964,LONG,2025,leave_one_stock_out_recomputed,MSTR,184,100,17,-23.1958322199,-37.3072356809,0.00550768182815,0.461956521739,0.863297145583,7318.37725316,0.181818181818,-33.1958322199,0.203596414747,0.256577774195
long__compression_bin__normal__departure_probability_bin__low__7769238964,LONG,2025,leave_one_stock_out_recomputed,NVTS,155,89,16,-47.194821619,-42.6627640448,-0.00792181959699,0.451612903226,0.725700579379,7318.37725316,0.0909090909091,-57.194821619,0.242872891044,0.258454507031
long__compression_bin__normal__departure_probability_bin__low__7769238964,LONG,2025,leave_one_stock_out_recomputed,QBTS,162,97,16,-33.0727823047,-31.8976091444,0.0138104205901,0.469135802469,0.804588513287,7318.37725316,0.0909090909091,-43.0727823047,0.21609412596,0.252968167203
long__compression_bin__normal__departure_probability_bin__low__7769238964,LONG,2025,leave_one_stock_out_recomputed,RGTI,166,97,16,-16.1515748886,-31.8976091444,0.00744065849183,0.463855421687,0.901326453578,7318.37725316,0.272727272727,-26.1515748886,0.222319479826,0.234953160704
long__compression_bin__normal__departure_probability_bin__low__7769238964,LONG,2025,leave_one_stock_out_recomputed,RIOT,183,100,16,-22.1739317923,-31.9517073171,0.00986839215659,0.464480874317,0.869148873759,7318.37725316,0.181818181818,-32.1739317923,0.20589330375,0.262731963717
long__compression_bin__normal__departure_probability_bin__low__7769238964,LONG,2025,leave_one_stock_out_recomputed,RIVN,184,100,17,-23.1958322199,-37.3072356809,0.00572842866731,0.461956521739,0.863297145583,7318.37725316,0.181818181818,-33.1958322199,0.203596414747,0.256577774195
long__compression_bin__normal__departure_probability_bin__low__7769238964,LONG,2025,leave_one_stock_out_recomputed,SMCI,176,96,16,-23.8755594047,-37.3072356809,0.00889129247188,0.465909090909,0.861348894451,7318.37725316,0.181818181818,-33.8755594047,0.204311345464,0.248377000399
long__compression_bin__normal__departure_probability_bin__low__7769238964,LONG,2025,leave_one_stock_out_recomputed,SOFI,183,99,16,-23.0077197785,-31.9517073171,0.00733774922939,0.464480874317,0.86489335069,7318.37725316,0.181818181818,-33.0077197785,0.204220917237,0.258235874099
long__compression_bin__normal__departure_probability_bin__low__7769238964,LONG,2025,leave_one_stock_out_recomputed,WULF,180,99,16,-17.2074286152,-31.8976091444,0.00973339051499,0.466666666667,0.895841478287,7318.37725316,0.272727272727,-27.2074286152,0.217083846144,0.290203727551
long__compression_bin__normal__departure_probability_bin__low__7769238964,LONG,2026,leave_one_stock_out_recomputed,AAOI,28,24,12,95.7263674066,112.864868225,0.174876847291,0.642857142857,1.96958042796,977.325365216,0.666666666667,85.7263674066,0.188696008022,0.37655020354
long__compression_bin__normal__departure_probability_bin__low__7769238964,LONG,2026,leave_one_stock_out_recomputed,APLD,39,33,12,62.5494436475,98.266051591,0.16705753596,0.641025641026,1.50464272759,2235.73555301,0.666666666667,52.5494436475,0.181077116128,0.285905704541
long__compression_bin__normal__departure_probability_bin__low__7769238964,LONG,2026,leave_one_stock_out_recomputed,ASTS,38,32,12,52.1909535722,94.2445928045,0.159969374398,0.631578947368,1.41011289821,2235.73555301,0.666666666667,42.1909535722,0.178682063447,0.266310882119
long__compression_bin__normal__departure_probability_bin__low__7769238964,LONG,2026,leave_one_stock_out_recomputed,CIFR,40,34,13,54.2838564162,94.2445928045,0.154922553391,0.625,1.42558508289,2391.99202331,0.5,44.2838564162,0.173291271122,0.294182692375
long__compression_bin__normal__departure_probability_bin__low__7769238964,LONG,2026,leave_one_stock_out_recomputed,HIMS,38,32,12,28.7090151357,90.1999612393,0.13260415766,0.605263157895,1.21382456817,2391.99202331,0.5,18.7090151357,0.201173686452,0.234986234204
long__compression_bin__normal__departure_probability_bin__low__7769238964,LONG,2026,leave_one_stock_out_recomputed,IONQ,37,31,12,30.6609641313,90.1767884606,0.124392811394,0.594594594595,1.22235312828,2391.99202331,0.5,20.6609641313,0.207861070303,0.310966742997
long__compression_bin__normal__departure_probability_bin__low__7769238964,LONG,2026,leave_one_stock_out_recomputed,IREN,36,31,12,48.1181913394,90.1999612393,0.142368427899,0.611111111111,1.37580127023,2391.99202331,0.5,38.1181913394,0.18642065213,0.295545260371
long__compression_bin__normal__departure_probability_bin__low__7769238964,LONG,2026,leave_one_stock_out_recomputed,MARA,40,34,13,54.2838564162,94.2445928045,0.155971374941,0.625,1.42558508289,2391.99202331,0.5,44.2838564162,0.173291271122,0.294182692375
long__compression_bin__normal__departure_probability_bin__low__7769238964,LONG,2026,leave_one_stock_out_recomputed,MP,40,34,13,54.2838564162,94.2445928045,0.155171401737,0.625,1.42558508289,2391.99202331,0.5,44.2838564162,0.173291271122,0.294182692375
long__compression_bin__normal__departure_probability_bin__low__7769238964,LONG,2026,leave_one_stock_out_recomputed,MRNA,38,33,12,71.1155126291,108.843409438,0.157857689743,0.631578947368,1.60419054351,2391.99202331,0.5,61.1155126291,0.189425539533,0.322879209809
long__compression_bin__normal__departure_probability_bin__low__7769238964,LONG,2026,leave_one_stock_out_recomputed,MSTR,38,33,12,49.2107542976,94.2445928045,0.131319495923,0.605263157895,1.36652139537,2391.99202331,0.5,39.2107542976,0.182092521394,0.28206630389
long__compression_bin__normal__departure_probability_bin__low__7769238964,LONG,2026,leave_one_stock_out_recomputed,NVTS,32,29,12,46.7339235893,147.252904418,0.187221374941,0.65625,1.31702408534,2391.99202331,0.5,36.7339235893,0.194360996158,0.387453017615
long__compression_bin__normal__departure_probability_bin__low__7769238964,LONG,2026,leave_one_stock_out_recomputed,QBTS,39,33,12,52.4074505587,90.2231340181,0.146135789094,0.615384615385,1.40060222129,2391.99202331,0.5,42.4074505587,0.176908045947,0.288037973748
long__compression_bin__normal__departure_probability_bin__low__7769238964,LONG,2026,leave_one_stock_out_recomputed,RGTI,39,33,12,71.3685390729,98.266051591,0.169820231839,0.641025641026,1.61990127929,2391.99202331,0.5,61.3685390729,0.192153858547,0.327754884238
long__compression_bin__normal__departure_probability_bin__low__7769238964,LONG,2026,leave_one_stock_out_recomputed,RIOT,40,34,13,54.2838564162,94.2445928045,0.153142589118,0.625,1.42558508289,2391.99202331,0.5,44.2838564162,0.173291271122,0.294182692375
long__compression_bin__normal__departure_probability_bin__low__7769238964,LONG,2026,leave_one_stock_out_recomputed,RIVN,39,33,12,58.5357356728,98.266051591,0.166564535121,0.641025641026,1.45744737642,2391.99202331,0.5,48.5357356728,0.176447965302,0.307117319945
long__compression_bin__normal__departure_probability_bin__low__7769238964,LONG,2026,leave_one_stock_out_recomputed,SMCI,39,33,12,46.6034393135,90.2231340181,0.142490928457,0.615384615385,1.35623639596,2391.99202331,0.5,36.6034393135,0.183717327399,0.277735931313
long__compression_bin__normal__departure_probability_bin__low__7769238964,LONG,2026,leave_one_stock_out_recomputed,SOFI,40,34,13,54.2838564162,94.2445928045,0.151538280883,0.625,1.42558508289,2391.99202331,0.5,44.2838564162,0.173291271122,0.294182692375
long__compression_bin__normal__departure_probability_bin__low__7769238964,LONG,2026,leave_one_stock_out_recomputed,WULF,40,34,13,54.2838564162,94.2445928045,0.155569219958,0.625,1.42558508289,2391.99202331,0.5,44.2838564162,0.173291271122,0.294182692375
long__cross_sectional_dispersion_bin__high__state_motif_2__5gt7__67592836f9,LONG,2024,leave_one_stock_out_recomputed,AAL,183,106,17,47.7671182719,9.12860562474,0.0524884269471,0.508196721311,1.36524008173,2215.58756863,0.666666666667,37.7671182719,0.261671494682,0.265166969055
long__cross_sectional_dispersion_bin__high__state_motif_2__5gt7__67592836f9,LONG,2024,leave_one_stock_out_recomputed,AAOI,179,104,16,46.4545041851,9.12860562474,0.0552135915559,0.508379888268,1.35120317484,2215.58756863,0.666666666667,36.4545041851,0.279639467714,0.261091339804
long__cross_sectional_dispersion_bin__high__state_motif_2__5gt7__67592836f9,LONG,2024,leave_one_stock_out_recomputed,APLD,169,100,16,50.2060553692,16.1282015721,0.0682470390313,0.520710059172,1.40982000858,2215.58756863,0.666666666667,40.2060553692,0.266278982942,0.287224666041
long__cross_sectional_dispersion_bin__high__state_motif_2__5gt7__67592836f9,LONG,2024,leave_one_stock_out_recomputed,ASTS,169,98,16,27.9346305305,-2.25669984324,0.0491311480003,0.491124260355,1.2009534256,2559.3405022,0.416666666667,17.9346305305,0.249057740466,0.257772511349
long__cross_sectional_dispersion_bin__high__state_motif_2__5gt7__67592836f9,LONG,2024,leave_one_stock_out_recomputed,CIFR,181,105,16,54.3558036045,12.2638579271,0.0616650667649,0.513812154696,1.43082413203,2215.58756863,0.75,44.3558036045,0.28257852976,0.260227908233
long__cross_sectional_dispersion_bin__high__state_motif_2__5gt7__67592836f9,LONG,2024,leave_one_stock_out_recomputed,HIMS,177,104,16,51.6641655315,9.12860562474,0.0581060754095,0.508474576271,1.39820184379,2215.58756863,0.666666666667,41.6641655315,0.268985611314,0.269092683513
long__cross_sectional_dispersion_bin__high__state_motif_2__5gt7__67592836f9,LONG,2024,leave_one_stock_out_recomputed,IONQ,174,104,16,48.4122359979,6.08623335207,0.054739785122,0.505747126437,1.3594771387,2259.8924577,0.583333333333,38.4122359979,0.267400181239,0.269306397114
long__cross_sectional_dispersion_bin__high__state_motif_2__5gt7__67592836f9,LONG,2024,leave_one_stock_out_recomputed,IREN,182,105,16,47.2931176046,6.08623335207,0.0520590640113,0.505494505495,1.35963970432,2215.58756863,0.666666666667,37.2931176046,0.264058529783,0.26301048788
long__cross_sectional_dispersion_bin__high__state_motif_2__5gt7__67592836f9,LONG,2024,leave_one_stock_out_recomputed,MARA,183,106,17,47.7671182719,9.12860562474,0.0581934861506,0.508196721311,1.36524008173,2215.58756863,0.666666666667,37.7671182719,0.261671494682,0.265166969055
long__cross_sectional_dispersion_bin__high__state_motif_2__5gt7__67592836f9,LONG,2024,leave_one_stock_out_recomputed,MP,182,105,16,48.0710292935,10.6962317759,0.0591942260045,0.510989010989,1.36567059399,2215.58756863,0.727272727273,38.0710292935,0.261804711278,0.265289406648
long__cross_sectional_dispersion_bin__high__state_motif_2__5gt7__67592836f9,LONG,2024,leave_one_stock_out_recomputed,MRNA,179,104,16,44.0862028264,-1.53905785502,0.0432517346462,0.497206703911,1.32972663106,2792.19121541,0.666666666667,34.0862028264,0.27758361325,0.266298199083
long__cross_sectional_dispersion_bin__high__state_motif_2__5gt7__67592836f9,LONG,2024,leave_one_stock_out_recomputed,MSTR,145,90,16,71.1004788176,16.1282015721,0.0639516640518,0.51724137931,1.53387780956,2125.715963,0.666666666667,61.1004788176,0.283639231951,0.297700689857
long__cross_sectional_dispersion_bin__high__state_motif_2__5gt7__67592836f9,LONG,2024,leave_one_stock_out_recomputed,NVTS,176,105,16,48.7245001134,10.6962317759,0.0574792988493,0.511363636364,1.37218551243,2381.45819243,0.666666666667,38.7245001134,0.264631900732,0.268738519739
long__cross_sectional_dispersion_bin__high__state_motif_2__5gt7__67592836f9,LONG,2024,leave_one_stock_out_recomputed,QBTS,154,98,16,41.684508574,10.6962317759,0.0588899645047,0.512987012987,1.35205854912,2880.90504591,0.583333333333,31.684508574,0.310258427858,0.326064063987
long__cross_sectional_dispersion_bin__high__state_motif_2__5gt7__67592836f9,LONG,2024,leave_one_stock_out_recomputed,RGTI,156,100,16,55.9241479792,14.1960297496,0.0653223183324,0.519230769231,1.47258952139,2215.58756863,0.75,45.9241479792,0.261975668406,0.291897138246
long__cross_sectional_dispersion_bin__high__state_motif_2__5gt7__67592836f9,LONG,2024,leave_one_stock_out_recomputed,RIOT,183,106,17,47.7671182719,9.12860562474,0.0565058957944,0.508196721311,1.36524008173,2215.58756863,0.666666666667,37.7671182719,0.261671494682,0.265166969055
long__cross_sectional_dispersion_bin__high__state_motif_2__5gt7__67592836f9,LONG,2024,leave_one_stock_out_recomputed,RIVN,181,105,16,48.9879933534,12.2638579271,0.0612123771179,0.513812154696,1.37243357861,2215.58756863,0.666666666667,38.9879933534,0.263904225553,0.264335532082
long__cross_sectional_dispersion_bin__high__state_motif_2__5gt7__67592836f9,LONG,2024,leave_one_stock_out_recomputed,SMCI,157,97,16,39.0544173964,-1.53905785502,0.0436630409367,0.496815286624,1.26963253388,2215.58756863,0.666666666667,29.0544173964,0.317568846896,0.236557600351
long__cross_sectional_dispersion_bin__high__state_motif_2__5gt7__67592836f9,LONG,2024,leave_one_stock_out_recomputed,SOFI,182,105,16,46.8291631097,6.08623335207,0.0523571789313,0.505494505495,1.35611157029,2215.58756863,0.666666666667,36.8291631097,0.265584806912,0.268758817426
long__cross_sectional_dispersion_bin__high__state_motif_2__5gt7__67592836f9,LONG,2024,leave_one_stock_out_recomputed,WULF,181,105,16,48.579315401,9.12860562474,0.0563808259761,0.508287292818,1.3708785557,2215.58756863,0.666666666667,38.579315401,0.262583063679,0.258854223565
long__cross_sectional_dispersion_bin__high__state_motif_2__5gt7__67592836f9,LONG,2025,leave_one_stock_out_recomputed,AAL,215,117,18,34.9097936226,23.4561737523,0.067857187401,0.544186046512,1.27880414768,2953.85065639,0.416666666667,24.9097936226,0.172368768526,0.324546478348
long__cross_sectional_dispersion_bin__high__state_motif_2__5gt7__67592836f9,LONG,2025,leave_one_stock_out_recomputed,AAOI,212,114,18,32.2701449227,13.9810215691,0.0603996275002,0.533018867925,1.2538414748,2953.85065639,0.416666666667,22.2701449227,0.175635221926,0.326306175634
long__cross_sectional_dispersion_bin__high__state_motif_2__5gt7__67592836f9,LONG,2025,leave_one_stock_out_recomputed,APLD,201,115,18,46.1431260686,32.25,0.0786287353452,0.547263681592,1.38224069394,2953.85065639,0.5,36.1431260686,0.201817802811,0.340189030627
long__cross_sectional_dispersion_bin__high__state_motif_2__5gt7__67592836f9,LONG,2025,leave_one_stock_out_recomputed,ASTS,214,118,18,34.1092362085,23.3148917632,0.0697163768524,0.542056074766,1.26977019267,2953.85065639,0.416666666667,24.1092362085,0.173584264498,0.324826760141
long__cross_sectional_dispersion_bin__high__state_motif_2__5gt7__67592836f9,LONG,2025,leave_one_stock_out_recomputed,CIFR,192,105,18,34.5553828339,10.3893491426,0.0548061885612,0.53125,1.27974580683,2953.85065639,0.5,24.5553828339,0.175915828972,0.330861743019
long__cross_sectional_dispersion_bin__high__state_motif_2__5gt7__67592836f9,LONG,2025,leave_one_stock_out_recomputed,HIMS,194,110,18,24.8790022885,20.1961542193,0.0600946860758,0.530927835052,1.18897579751,2953.85065639,0.583333333333,14.8790022885,0.206220816274,0.362991066535
long__cross_sectional_dispersion_bin__high__state_motif_2__5gt7__67592836f9,LONG,2025,leave_one_stock_out_recomputed,IONQ,206,116,18,22.1035579953,13.9810215691,0.0596872878426,0.533980582524,1.17281159674,2953.85065639,0.416666666667,12.1035579953,0.194029225778,0.258899136519
long__cross_sectional_dispersion_bin__high__state_motif_2__5gt7__67592836f9,LONG,2025,leave_one_stock_out_recomputed,IREN,215,117,18,34.8757449076,23.1736097742,0.0657590740561,0.539534883721,1.2803776965,2953.85065639,0.416666666667,24.8757449076,0.17522985662,0.32819876287
long__cross_sectional_dispersion_bin__high__state_motif_2__5gt7__67592836f9,LONG,2025,leave_one_stock_out_recomputed,MARA,217,118,19,33.7578906453,23.1736097742,0.0643224492196,0.539170506912,1.27030374842,2953.85065639,0.416666666667,23.7578906453,0.173294954965,0.325114344852
long__cross_sectional_dispersion_bin__high__state_motif_2__5gt7__67592836f9,LONG,2025,leave_one_stock_out_recomputed,MP,190,106,18,38.4554949645,13.9810215691,0.0599898351028,0.531578947368,1.29949681153,2953.85065639,0.5,28.4554949645,0.173504675593,0.358161261784
long__cross_sectional_dispersion_bin__high__state_motif_2__5gt7__67592836f9,LONG,2025,leave_one_stock_out_recomputed,MRNA,206,115,18,32.4351367944,20.1961542193,0.0631198188897,0.533980582524,1.25262262138,2953.85065639,0.416666666667,22.4351367944,0.180729346698,0.313427553215
long__cross_sectional_dispersion_bin__high__state_motif_2__5gt7__67592836f9,LONG,2025,leave_one_stock_out_recomputed,MSTR,215,117,18,35.2701795747,23.4561737523,0.0699161752559,0.544186046512,1.28249541607,2953.85065639,0.5,25.2701795747,0.176195194444,0.320922863517
long__cross_sectional_dispersion_bin__high__state_motif_2__5gt7__67592836f9,LONG,2025,leave_one_stock_out_recomputed,NVTS,192,113,18,43.8506075903,33.0437470392,0.0833752234138,0.557291666667,1.36491618377,2953.85065639,0.583333333333,33.8506075903,0.181535627877,0.340760486105
long__cross_sectional_dispersion_bin__high__state_motif_2__5gt7__67592836f9,LONG,2025,leave_one_stock_out_recomputed,QBTS,185,112,18,28.4617059357,17.2186986643,0.0589555657352,0.535135135135,1.24082122019,2953.85065639,0.5,18.4617059357,0.199561528365,0.247451131041
long__cross_sectional_dispersion_bin__high__state_motif_2__5gt7__67592836f9,LONG,2025,leave_one_stock_out_recomputed,RGTI,196,115,18,28.1220756444,23.3148917632,0.0649154556396,0.540816326531,1.22537134357,2898.69652239,0.416666666667,18.1220756444,0.196006463415,0.23808857532
long__cross_sectional_dispersion_bin__high__state_motif_2__5gt7__67592836f9,LONG,2025,leave_one_stock_out_recomputed,RIOT,213,116,18,37.7619621537,23.1736097742,0.0672839235966,0.539906103286,1.30779963757,2898.69652239,0.416666666667,27.7619621537,0.184266212711,0.330459193155
long__cross_sectional_dispersion_bin__high__state_motif_2__5gt7__67592836f9,LONG,2025,leave_one_stock_out_recomputed,RIVN,214,116,18,33.5263686439,20.1961542193,0.0632253811257,0.53738317757,1.2660356003,3176.95344785,0.416666666667,23.5263686439,0.174981111391,0.31997460942
long__cross_sectional_dispersion_bin__high__state_motif_2__5gt7__67592836f9,LONG,2025,leave_one_stock_out_recomputed,SMCI,210,114,18,34.1106475833,23.3148917632,0.0677116387922,0.542857142857,1.27003633531,3116.07693392,0.416666666667,24.1106475833,0.175109975866,0.322271337874
long__cross_sectional_dispersion_bin__high__state_motif_2__5gt7__67592836f9,LONG,2025,leave_one_stock_out_recomputed,SOFI,215,117,18,34.4231762458,23.1736097742,0.0646004255542,0.539534883721,1.27533034214,2898.69652239,0.416666666667,24.4231762458,0.174135191673,0.326455021228
long__cross_sectional_dispersion_bin__high__state_motif_2__5gt7__67592836f9,LONG,2025,leave_one_stock_out_recomputed,WULF,209,114,18,31.6681409049,10.7433444739,0.0557993128967,0.531100478469,1.25428491516,2898.69652239,0.416666666667,21.6681409049,0.181491190359,0.348703421793
long__cross_sectional_dispersion_bin__high__state_motif_2__5gt7__67592836f9,LONG,2026,leave_one_stock_out_recomputed,AAOI,45,32,17,31.664499114,38.5580780568,0.0431308155446,0.511111111111,1.27796463065,1625.36129127,0.5,21.664499114,0.194868575537,0.396506614002
long__cross_sectional_dispersion_bin__high__state_motif_2__5gt7__67592836f9,LONG,2026,leave_one_stock_out_recomputed,APLD,53,37,17,45.3246963166,69.3289461823,0.0920696307834,0.566037735849,1.45677900213,1625.36129127,0.5,35.3246963166,0.179330334373,0.396725396977
long__cross_sectional_dispersion_bin__high__state_motif_2__5gt7__67592836f9,LONG,2026,leave_one_stock_out_recomputed,ASTS,53,37,17,46.5335125835,69.3289461823,0.0944281628786,0.566037735849,1.47474487908,1625.36129127,0.5,36.5335125835,0.180747553948,0.400020772253
long__cross_sectional_dispersion_bin__high__state_motif_2__5gt7__67592836f9,LONG,2026,leave_one_stock_out_recomputed,CIFR,53,37,17,49.1023687822,69.3289461823,0.0959602892403,0.566037735849,1.51443523106,1625.36129127,0.5,39.1023687822,0.183834940016,0.40720883005
long__cross_sectional_dispersion_bin__high__state_motif_2__5gt7__67592836f9,LONG,2026,leave_one_stock_out_recomputed,HIMS,48,33,17,19.5640398651,38.9508969783,0.0481743330986,0.520833333333,1.17692921303,1625.36129127,0.5,9.56403986508,0.208328688687,0.456521728059
long__cross_sectional_dispersion_bin__high__state_motif_2__5gt7__67592836f9,LONG,2026,leave_one_stock_out_recomputed,IONQ,48,34,17,16.1254794445,38.9508969783,0.050631550133,0.520833333333,1.14290649262,1625.36129127,0.5,6.12547944451,0.165357162439,0.299051392114
long__cross_sectional_dispersion_bin__high__state_motif_2__5gt7__67592836f9,LONG,2026,leave_one_stock_out_recomputed,IREN,44,36,17,22.847562903,42.4330120248,0.0767118622422,0.545454545455,1.20182131194,1625.36129127,0.5,12.847562903,0.200826479781,0.310937422799
long__cross_sectional_dispersion_bin__high__state_motif_2__5gt7__67592836f9,LONG,2026,leave_one_stock_out_recomputed,MARA,53,37,17,48.8102054697,69.3289461823,0.0970091107904,0.566037735849,1.50981379097,1625.36129127,0.5,38.8102054697,0.183478497441,0.406378318968
long__cross_sectional_dispersion_bin__high__state_motif_2__5gt7__67592836f9,LONG,2026,leave_one_stock_out_recomputed,MP,54,38,18,41.4688609788,57.4256271661,0.0857269572931,0.555555555556,1.41301298428,1625.36129127,0.5,31.4688609788,0.175825195898,0.388586429352
long__cross_sectional_dispersion_bin__high__state_motif_2__5gt7__67592836f9,LONG,2026,leave_one_stock_out_recomputed,MRNA,51,36,17,47.2411462467,69.3289461823,0.0752983502176,0.549019607843,1.47165866835,1625.36129127,0.5,37.2411462467,0.179486066491,0.37144048862
long__cross_sectional_dispersion_bin__high__state_motif_2__5gt7__67592836f9,LONG,2026,leave_one_stock_out_recomputed,MSTR,50,37,17,43.3260808328,74.0069348395,0.0660563380282,0.54,1.42029607337,1625.36129127,0.5,33.3260808328,0.177379255075,0.385045601699
long__cross_sectional_dispersion_bin__high__state_motif_2__5gt7__67592836f9,LONG,2026,leave_one_stock_out_recomputed,NVTS,46,33,17,40.8271272946,42.4330120248,0.0744496358109,0.54347826087,1.39956532909,1625.36129127,0.5,30.8271272946,0.181129068142,0.486730034887
long__cross_sectional_dispersion_bin__high__state_motif_2__5gt7__67592836f9,LONG,2026,leave_one_stock_out_recomputed,QBTS,53,38,17,35.1645172414,45.5223081499,0.0779209850297,0.547169811321,1.34373865058,1836.65724149,0.5,25.1645172414,0.184123505896,0.358227282303
long__cross_sectional_dispersion_bin__high__state_motif_2__5gt7__67592836f9,LONG,2026,leave_one_stock_out_recomputed,RGTI,52,38,17,45.9810004317,57.4256271661,0.086486898506,0.557692307692,1.48234990013,1309.36463284,0.5,35.9810004317,0.179084928642,0.387072142721
long__cross_sectional_dispersion_bin__high__state_motif_2__5gt7__67592836f9,LONG,2026,leave_one_stock_out_recomputed,RIOT,53,37,17,54.5763944804,69.3289461823,0.0941803249673,0.566037735849,1.60657251923,1043.66123016,0.5,44.5763944804,0.190779044034,0.35904703805
long__cross_sectional_dispersion_bin__high__state_motif_2__5gt7__67592836f9,LONG,2026,leave_one_stock_out_recomputed,RIVN,49,35,17,34.5595117399,69.3289461823,0.0765593022589,0.551020408163,1.32158027627,2050.25303016,0.5,24.5595117399,0.188149851665,0.430870251255
long__cross_sectional_dispersion_bin__high__state_motif_2__5gt7__67592836f9,LONG,2026,leave_one_stock_out_recomputed,SMCI,52,36,17,55.8098201582,74.0069348395,0.104029389995,0.576923076923,1.60980035182,1118.13123459,0.5,45.8098201582,0.191016845262,0.396495678473
long__cross_sectional_dispersion_bin__high__state_motif_2__5gt7__67592836f9,LONG,2026,leave_one_stock_out_recomputed,SOFI,53,38,17,45.8998991539,69.3289461823,0.0925760167321,0.566037735849,1.46527297339,1431.98512897,0.5,35.8998991539,0.180001921835,0.39828666991
long__cross_sectional_dispersion_bin__high__state_motif_2__5gt7__67592836f9,LONG,2026,leave_one_stock_out_recomputed,WULF,53,37,17,43.6843768067,69.3289461823,0.0966069558069,0.566037735849,1.43308858457,1549.40781337,0.5,33.6843768067,0.177442385471,0.384904424433
long__current_state__7.0__d31a71e3d7,LONG,2024,leave_one_stock_out_recomputed,AAL,454,141,19,75.9309030254,14.7727129128,0.0640312400715,0.517621145374,1.54316541713,4224.93482751,0.666666666667,65.9309030254,0.261610114647,0.406967214316
long__current_state__7.0__d31a71e3d7,LONG,2024,leave_one_stock_out_recomputed,AAOI,448,141,19,72.3406754363,14.7727129128,0.0669354590739,0.517857142857,1.51655904153,4224.93482751,0.666666666667,62.3406754363,0.273749789993,0.446372180951
long__current_state__7.0__d31a71e3d7,LONG,2024,leave_one_stock_out_recomputed,APLD,428,131,19,81.8744224713,15.6744444457,0.071053542377,0.521028037383,1.59904308291,4224.93482751,0.833333333333,71.8744224713,0.258447100786,0.45704724175
long__current_state__7.0__d31a71e3d7,LONG,2024,leave_one_stock_out_recomputed,ASTS,428,133,19,68.7974983072,15.6744444457,0.0696891306359,0.516355140187,1.48567792543,4596.0472468,0.583333333333,58.7974983072,0.293289227131,0.457390101629
long__current_state__7.0__d31a71e3d7,LONG,2024,leave_one_stock_out_recomputed,CIFR,452,139,19,81.5237359318,23.3793799856,0.0743893614894,0.524336283186,1.59591418547,3863.79405891,0.666666666667,71.5237359318,0.266680850669,0.426296482336
long__current_state__7.0__d31a71e3d7,LONG,2024,leave_one_stock_out_recomputed,HIMS,430,137,19,85.2698675835,23.3793799856,0.0748844225387,0.520930232558,1.61351670062,3863.79405891,0.666666666667,75.2698675835,0.265618075917,0.393750497309
long__current_state__7.0__d31a71e3d7,LONG,2024,leave_one_stock_out_recomputed,IONQ,421,136,19,72.8189082411,16.1282015721,0.0711757476633,0.520190023753,1.50579773553,5397.24679326,0.666666666667,62.8189082411,0.284973749761,0.438632938738
long__current_state__7.0__d31a71e3d7,LONG,2024,leave_one_stock_out_recomputed,IREN,447,137,19,77.9557995503,14.3247385064,0.0653835471344,0.51677852349,1.55584892964,4224.93482751,0.583333333333,67.9557995503,0.259526844311,0.412603605985
long__current_state__7.0__d31a71e3d7,LONG,2024,leave_one_stock_out_recomputed,MARA,455,141,19,75.2769727961,15.2206873192,0.0708158364778,0.518681318681,1.53967367747,4224.93482751,0.666666666667,65.2769727961,0.262861679833,0.423694466307
long__current_state__7.0__d31a71e3d7,LONG,2024,leave_one_stock_out_recomputed,MP,451,138,19,79.6137945943,23.0887263012,0.073606642856,0.523281596452,1.57328723464,4224.93482751,0.666666666667,69.6137945943,0.261284964969,0.417393008646
long__current_state__7.0__d31a71e3d7,LONG,2024,leave_one_stock_out_recomputed,MRNA,448,139,19,79.1424918679,14.7727129128,0.0661467865217,0.517857142857,1.56961189356,4224.93482751,0.666666666667,69.1424918679,0.258786110713,0.411622173179
long__current_state__7.0__d31a71e3d7,LONG,2024,leave_one_stock_out_recomputed,MSTR,397,127,19,88.8994150866,23.67003367,0.0768761841595,0.52644836272,1.61759904437,4224.93482751,0.666666666667,78.8994150866,0.257893956007,0.421733733947
long__current_state__7.0__d31a71e3d7,LONG,2024,leave_one_stock_out_recomputed,NVTS,432,141,19,83.2978820045,23.3793799856,0.0713681877382,0.523148148148,1.6012913651,4224.93482751,0.666666666667,73.2978820045,0.261727888622,0.427227359477
long__current_state__7.0__d31a71e3d7,LONG,2024,leave_one_stock_out_recomputed,QBTS,384,140,19,60.0051177301,4.69150114748,0.0510774645047,0.502604166667,1.45310005546,4224.93482751,0.666666666667,50.0051177301,0.22267951073,0.271640702542
long__current_state__7.0__d31a71e3d7,LONG,2024,leave_one_stock_out_recomputed,RGTI,383,138,19,71.538647888,16.1282015721,0.0732723752381,0.524804177546,1.55228027392,4224.93482751,0.583333333333,61.538647888,0.308492592832,0.340344160225
long__current_state__7.0__d31a71e3d7,LONG,2024,leave_one_stock_out_recomputed,RIOT,453,141,19,73.9951676214,15.2206873192,0.069171911066,0.518763796909,1.52912213395,4224.93482751,0.666666666667,63.9951676214,0.267077629516,0.417639395574
long__current_state__7.0__d31a71e3d7,LONG,2024,leave_one_stock_out_recomputed,RIVN,450,140,19,78.8913234301,19.6084639367,0.071783279512,0.522222222222,1.56462608754,4224.93482751,0.666666666667,68.8913234301,0.259035279781,0.421142238576
long__current_state__7.0__d31a71e3d7,LONG,2024,leave_one_stock_out_recomputed,SMCI,398,134,19,78.0465818921,23.3793799856,0.072149421886,0.520100502513,1.53558900738,4224.93482751,0.666666666667,68.0465818921,0.282292841027,0.436391647161
long__current_state__7.0__d31a71e3d7,LONG,2024,leave_one_stock_out_recomputed,SOFI,452,139,19,78.8054551378,15.6744444457,0.0689136313284,0.519911504425,1.56703525578,4224.93482751,0.666666666667,68.8054551378,0.259692550105,0.409494499284
long__current_state__7.0__d31a71e3d7,LONG,2024,leave_one_stock_out_recomputed,WULF,453,140,19,78.8602740221,16.1282015721,0.0712845372685,0.520971302428,1.56896605158,4224.93482751,0.75,68.8602740221,0.260267841984,0.406257528822
long__current_state__7.0__d31a71e3d7,LONG,2025,leave_one_stock_out_recomputed,AAL,495,173,18,-9.69698316779,-4.06844061357,0.0277350356509,0.49696969697,0.937577780303,7496.58894315,0.25,-19.6969831678,0.117665630381,0.258096625689
long__current_state__7.0__d31a71e3d7,LONG,2025,leave_one_stock_out_recomputed,AAOI,481,167,18,-8.17219334875,-11.9135259231,0.0270571413275,0.492723492723,0.947415679743,7034.68643131,0.25,-18.1721933487,0.121387277109,0.278735846238
long__current_state__7.0__d31a71e3d7,LONG,2025,leave_one_stock_out_recomputed,APLD,457,171,18,-3.63460841199,-11.9135259231,0.0282896212874,0.492341356674,0.97590659824,7034.68643131,0.333333333333,-13.634608412,0.132316197964,0.26970106299
long__current_state__7.0__d31a71e3d7,LONG,2025,leave_one_stock_out_recomputed,ASTS,492,172,18,-10.4629703922,-7.48405805793,0.0306995848154,0.49593495935,0.932865221481,8006.9308012,0.333333333333,-20.4629703922,0.118706457438,0.257736264973
long__current_state__7.0__d31a71e3d7,LONG,2025,leave_one_stock_out_recomputed,CIFR,451,161,18,-4.73319544712,1.75509404389,0.0329681434762,0.50110864745,0.968947467866,7034.68643131,0.333333333333,-14.7331954471,0.129876105503,0.282421410491
long__current_state__7.0__d31a71e3d7,LONG,2025,leave_one_stock_out_recomputed,HIMS,457,169,18,-15.3179722006,-16.9748953975,0.0224331101323,0.487964989059,0.904242980892,9859.46266392,0.25,-25.3179722006,0.127084331597,0.229224201731
long__current_state__7.0__d31a71e3d7,LONG,2025,leave_one_stock_out_recomputed,IONQ,480,172,18,-16.4103343737,-15.1064568185,0.0228952166452,0.489583333333,0.89510129121,10736.1098676,0.25,-26.4103343737,0.131475326276,0.212149889348
long__current_state__7.0__d31a71e3d7,LONG,2025,leave_one_stock_out_recomputed,IREN,486,172,18,-3.68028493585,4.15023227111,0.0371343252763,0.504115226337,0.975741406176,6977.45644566,0.25,-13.6802849359,0.131649860595,0.295515125037
long__current_state__7.0__d31a71e3d7,LONG,2025,leave_one_stock_out_recomputed,MARA,499,174,19,-9.71865306177,-10.8996755023,0.0271513327932,0.49498997996,0.93710627012,7708.75724605,0.25,-19.7186530618,0.117460119829,0.257559458247
long__current_state__7.0__d31a71e3d7,LONG,2025,leave_one_stock_out_recomputed,MP,439,164,18,-5.18221277482,-13.2380182396,0.0301013325251,0.489749430524,0.967152495012,6977.45644566,0.333333333333,-15.1822127748,0.129170414648,0.294748793738
long__current_state__7.0__d31a71e3d7,LONG,2025,leave_one_stock_out_recomputed,MRNA,483,172,18,-12.9269219377,-16.9748953975,0.0226767949093,0.488612836439,0.918051971181,8854.54345537,0.25,-22.9269219377,0.123523786628,0.255654922517
long__current_state__7.0__d31a71e3d7,LONG,2025,leave_one_stock_out_recomputed,MSTR,494,171,18,-8.47023055019,-7.48405805793,0.028743027718,0.495951417004,0.945219091116,7708.75724605,0.25,-18.4702305502,0.120277884146,0.265655619077
long__current_state__7.0__d31a71e3d7,LONG,2025,leave_one_stock_out_recomputed,NVTS,423,163,18,-10.646105124,6.95548961424,0.0386426584019,0.508274231678,0.929503506962,7708.75724605,0.25,-20.646105124,0.118910127682,0.206836016266
long__current_state__7.0__d31a71e3d7,LONG,2025,leave_one_stock_out_recomputed,QBTS,431,166,18,-18.991633584,-25.8756457069,0.0195249518267,0.487238979118,0.87538473029,8738.78211712,0.25,-28.991633584,0.127220419227,0.190620191678
long__current_state__7.0__d31a71e3d7,LONG,2025,leave_one_stock_out_recomputed,RGTI,460,173,18,-8.66254863504,-3.51783091689,0.0300441157993,0.497826086957,0.942446924623,7708.75724605,0.25,-18.662548635,0.121149447081,0.269465181583
long__current_state__7.0__d31a71e3d7,LONG,2025,leave_one_stock_out_recomputed,RIOT,495,174,18,-8.17666777365,-10.8996755023,0.0296398775018,0.494949494949,0.946841100881,7708.75724605,0.25,-18.1766677736,0.120874294538,0.266530471748
long__current_state__7.0__d31a71e3d7,LONG,2025,leave_one_stock_out_recomputed,RIVN,496,173,18,-10.0709089262,-7.48405805793,0.0290453992143,0.495967741935,0.935153279363,7708.75724605,0.25,-20.0709089262,0.118065272918,0.255995882544
long__current_state__7.0__d31a71e3d7,LONG,2025,leave_one_stock_out_recomputed,SMCI,483,170,18,-12.6798739486,-10.8996755023,0.0269248893098,0.494824016563,0.919181470974,7708.75724605,0.25,-22.6798739486,0.122980390286,0.265103855194
long__current_state__7.0__d31a71e3d7,LONG,2025,leave_one_stock_out_recomputed,SOFI,493,172,18,-10.1379530721,-10.8996755023,0.0270231813446,0.494929006085,0.934783555429,7708.75724605,0.25,-20.1379530721,0.11807714191,0.255965564852
long__current_state__7.0__d31a71e3d7,LONG,2025,leave_one_stock_out_recomputed,WULF,486,170,18,-7.01909540547,-7.48405805793,0.0280461477166,0.495884773663,0.953767051436,7708.75724605,0.25,-17.0190954055,0.123726439326,0.277665947434
long__current_state__7.0__d31a71e3d7,LONG,2026,leave_one_stock_out_recomputed,AAOI,98,50,18,32.6907560782,38.5017296953,0.0830401125968,0.571428571429,1.29638701367,1920.98642567,0.5,22.6907560782,0.206690024833,0.498200981472
long__current_state__7.0__d31a71e3d7,LONG,2026,leave_one_stock_out_recomputed,APLD,129,67,18,30.3720253477,39.3437158998,0.0841714298181,0.573643410853,1.26431131943,3202.65117429,0.833333333333,20.3720253477,0.207621892804,0.290077338215
long__current_state__7.0__d31a71e3d7,LONG,2026,leave_one_stock_out_recomputed,ASTS,127,66,18,32.3163706492,39.3437158998,0.0874455451398,0.574803149606,1.28765574207,3016.46337171,0.666666666667,22.3163706492,0.211432291353,0.270390625783
long__current_state__7.0__d31a71e3d7,LONG,2026,leave_one_stock_out_recomputed,CIFR,131,67,18,24.6842727922,38.7400562825,0.0795408740019,0.564885496183,1.21579518018,3887.00270837,0.666666666667,14.6842727922,0.206095327517,0.286378286852
long__current_state__7.0__d31a71e3d7,LONG,2026,leave_one_stock_out_recomputed,HIMS,124,67,18,18.428868455,38.6490671697,0.0676635804105,0.556451612903,1.16229741567,3533.32161489,0.666666666667,8.42886845495,0.226759990761,0.35647557161
long__current_state__7.0__d31a71e3d7,LONG,2026,leave_one_stock_out_recomputed,IONQ,125,65,18,11.1405062701,32.4934868268,0.0577982167996,0.544,1.09076654788,3583.08909228,0.666666666667,1.14050627007,0.148098689908,0.356370787967
long__current_state__7.0__d31a71e3d7,LONG,2026,leave_one_stock_out_recomputed,IREN,122,67,18,18.597042622,38.6490671697,0.0804376446565,0.565573770492,1.157399593,3583.08909228,0.666666666667,8.597042622,0.227152385779,0.307129217437
long__current_state__7.0__d31a71e3d7,LONG,2026,leave_one_stock_out_recomputed,MARA,132,67,18,29.433149613,39.0418860911,0.0840016779716,0.568181818182,1.25900743195,3583.08909228,0.833333333333,19.433149613,0.206964502902,0.291300760227
long__current_state__7.0__d31a71e3d7,LONG,2026,leave_one_stock_out_recomputed,MP,132,67,18,26.5083937162,39.0418860911,0.075625947192,0.560606060606,1.22798654461,3583.08909228,0.666666666667,16.5083937162,0.200969251559,0.296317488459
long__current_state__7.0__d31a71e3d7,LONG,2026,leave_one_stock_out_recomputed,MRNA,126,66,18,34.0874498329,39.0418860911,0.08183429793,0.563492063492,1.29906835591,3583.08909228,0.666666666667,24.0874498329,0.215485819936,0.337846159175
long__current_state__7.0__d31a71e3d7,LONG,2026,leave_one_stock_out_recomputed,MSTR,126,68,18,27.8640807127,38.5927188082,0.0657388777107,0.555555555556,1.23739772427,3583.08909228,0.833333333333,17.8640807127,0.200747946348,0.306022466759
long__current_state__7.0__d31a71e3d7,LONG,2026,leave_one_stock_out_recomputed,NVTS,118,65,18,26.1130420648,38.6490671697,0.0733442562973,0.559322033898,1.22122715242,3583.08909228,0.5,16.1130420648,0.209155988799,0.331572402807
long__current_state__7.0__d31a71e3d7,LONG,2026,leave_one_stock_out_recomputed,QBTS,132,68,18,23.9541990364,38.6490671697,0.0762057191635,0.560606060606,1.20601908685,3583.08909228,0.666666666667,13.9541990364,0.207524694472,0.269215497422
long__current_state__7.0__d31a71e3d7,LONG,2026,leave_one_stock_out_recomputed,RGTI,130,67,18,23.7473700398,38.6490671697,0.0749484369676,0.561538461538,1.20742890459,3583.08909228,0.666666666667,13.7473700398,0.209037377002,0.264626798002
long__current_state__7.0__d31a71e3d7,LONG,2026,leave_one_stock_out_recomputed,RIOT,131,67,18,31.35489803,38.7400562825,0.0777609097289,0.564885496183,1.27952311919,3583.08909228,0.666666666667,21.35489803,0.211501350971,0.271535879381
long__current_state__7.0__d31a71e3d7,LONG,2026,leave_one_stock_out_recomputed,RIVN,129,65,18,23.7529104535,39.3437158998,0.0759264909948,0.558139534884,1.20110651496,3583.08909228,0.666666666667,13.7529104535,0.209507641901,0.316700117981
long__current_state__7.0__d31a71e3d7,LONG,2026,leave_one_stock_out_recomputed,SMCI,126,65,18,31.2181650398,39.0418860911,0.0826618686276,0.571428571429,1.27310350493,3583.08909228,0.666666666667,21.2181650398,0.207933807125,0.267480389676
long__current_state__7.0__d31a71e3d7,LONG,2026,leave_one_stock_out_recomputed,SOFI,126,66,18,31.2262525891,52.4131425599,0.0820938364386,0.571428571429,1.26644009209,3583.08909228,0.666666666667,21.2262525891,0.20795434972,0.283050774249
long__current_state__7.0__d31a71e3d7,LONG,2026,leave_one_stock_out_recomputed,WULF,130,67,18,28.5356335878,39.0418860911,0.084415373804,0.569230769231,1.25096988554,3583.08909228,0.666666666667,18.5356335878,0.203517381743,0.291229455389
long__current_state__7.0__decision_clock__clock_12__a2df571b6b,LONG,2024,leave_one_stock_out_recomputed,AAL,276,126,19,105.877455305,29.1857676342,0.0733366094133,0.528985507246,1.75457457312,3761.56154845,0.666666666667,95.8774553051,0.214992540995,0.385792589563
long__current_state__7.0__decision_clock__clock_12__a2df571b6b,LONG,2024,leave_one_stock_out_recomputed,AAOI,273,126,19,101.580506888,30.3782019352,0.0781534077918,0.531135531136,1.72768543421,3761.56154845,0.666666666667,91.5805068876,0.223225037688,0.35033033761
long__current_state__7.0__decision_clock__clock_12__a2df571b6b,LONG,2024,leave_one_stock_out_recomputed,APLD,261,118,19,106.671953427,30.3782019352,0.0766126786967,0.528735632184,1.76249718524,3761.56154845,0.666666666667,96.6719534271,0.222596631871,0.372114375741
long__current_state__7.0__decision_clock__clock_12__a2df571b6b,LONG,2024,leave_one_stock_out_recomputed,ASTS,261,120,19,96.2980485438,30.3782019352,0.0790796845802,0.528735632184,1.68610068236,3820.15340902,0.5,86.2980485438,0.239185281466,0.394026949189
long__current_state__7.0__decision_clock__clock_12__a2df571b6b,LONG,2024,leave_one_stock_out_recomputed,CIFR,274,124,19,115.322176394,38.2200914543,0.0880997161177,0.540145985401,1.85179396249,2628.0062719,0.833333333333,105.322176394,0.219805071141,0.382209557716
long__current_state__7.0__decision_clock__clock_12__a2df571b6b,LONG,2024,leave_one_stock_out_recomputed,HIMS,263,122,19,118.813647174,38.1815514742,0.0894480444327,0.536121673004,1.86352372926,2510.56399112,0.75,108.813647174,0.217874686372,0.410536655071
long__current_state__7.0__decision_clock__clock_12__a2df571b6b,LONG,2024,leave_one_stock_out_recomputed,IONQ,253,122,19,100.01079604,36.511627907,0.0822260419935,0.533596837945,1.68468549027,3674.4954135,0.666666666667,90.0107960397,0.238078240374,0.351379949714
long__current_state__7.0__decision_clock__clock_12__a2df571b6b,LONG,2024,leave_one_stock_out_recomputed,IREN,270,123,19,108.588697944,27.86557302,0.0723683843206,0.525925925926,1.76695974115,3761.56154845,0.583333333333,98.588697944,0.214479056007,0.370659623229
long__current_state__7.0__decision_clock__clock_12__a2df571b6b,LONG,2024,leave_one_stock_out_recomputed,MARA,277,126,19,104.695199686,30.3782019352,0.0807813222556,0.530685920578,1.74885223188,3761.56154845,0.666666666667,94.6951996856,0.216177746789,0.359110198822
long__current_state__7.0__decision_clock__clock_12__a2df571b6b,LONG,2024,leave_one_stock_out_recomputed,MP,275,124,19,110.314953622,36.511627907,0.0828305896409,0.534545454545,1.7939288199,3761.56154845,0.666666666667,100.314953622,0.213007533265,0.384663625348
long__current_state__7.0__decision_clock__clock_12__a2df571b6b,LONG,2024,leave_one_stock_out_recomputed,MRNA,274,124,19,113.340643742,37.3465896906,0.0827656603486,0.536496350365,1.82800707524,3761.56154845,0.666666666667,103.340643742,0.216827385401,0.380662212486
long__current_state__7.0__decision_clock__clock_12__a2df571b6b,LONG,2024,leave_one_stock_out_recomputed,MSTR,243,115,19,121.58937355,45.7084493965,0.0995980383955,0.551440329218,1.83695394177,3761.56154845,0.666666666667,111.58937355,0.213282710583,0.353723191933
long__current_state__7.0__decision_clock__clock_12__a2df571b6b,LONG,2024,leave_one_stock_out_recomputed,NVTS,263,126,19,113.640357663,36.511627907,0.0783918463779,0.532319391635,1.81606561444,3761.56154845,0.666666666667,103.640357663,0.21151150418,0.371020166471
long__current_state__7.0__decision_clock__clock_12__a2df571b6b,LONG,2024,leave_one_stock_out_recomputed,QBTS,239,125,19,89.0277540468,9.12860562474,0.0526138138771,0.506276150628,1.64839089719,3761.56154845,0.666666666667,79.0277540468,0.167786631089,0.364632358836
long__current_state__7.0__decision_clock__clock_12__a2df571b6b,LONG,2024,leave_one_stock_out_recomputed,RGTI,235,122,19,104.334922277,36.511627907,0.0823163172413,0.536170212766,1.81828222563,3761.56154845,0.666666666667,94.3349222772,0.243304300946,0.512228446785
long__current_state__7.0__decision_clock__clock_12__a2df571b6b,LONG,2024,leave_one_stock_out_recomputed,RIOT,276,126,19,102.003775974,29.1857676342,0.0773540782606,0.528985507246,1.7269673746,3761.56154845,0.666666666667,92.0037759737,0.220833668032,0.359450372807
long__current_state__7.0__decision_clock__clock_12__a2df571b6b,LONG,2024,leave_one_stock_out_recomputed,RIVN,274,125,19,109.945982047,33.4449149211,0.0803477563977,0.532846715328,1.78735280933,3761.56154845,0.75,99.9459820475,0.211909406567,0.377502371484
long__current_state__7.0__decision_clock__clock_12__a2df571b6b,LONG,2024,leave_one_stock_out_recomputed,SMCI,243,118,19,111.438522677,36.511627907,0.0863355790091,0.534979423868,1.77656062674,3761.56154845,0.666666666667,101.438522677,0.227026825362,0.328711393951
long__current_state__7.0__decision_clock__clock_12__a2df571b6b,LONG,2024,leave_one_stock_out_recomputed,SOFI,275,124,19,111.229412257,38.1815514742,0.0814880480622,0.534545454545,1.80328815939,3761.56154845,0.75,101.229412257,0.214328668309,0.381024307743
long__current_state__7.0__decision_clock__clock_12__a2df571b6b,LONG,2024,leave_one_stock_out_recomputed,WULF,277,125,19,109.825914725,36.511627907,0.0826089608864,0.534296028881,1.79486997263,3761.56154845,0.666666666667,99.8259147252,0.213453127577,0.372364283108
long__current_state__7.0__decision_clock__clock_12__a2df571b6b,LONG,2025,leave_one_stock_out_recomputed,AAL,278,148,17,-26.2752973548,-28.5288540582,0.0109557318213,0.489208633094,0.84343229951,7378.42615105,0.5,-36.2752973548,0.147758669199,0.25549525841
long__current_state__7.0__decision_clock__clock_12__a2df571b6b,LONG,2025,leave_one_stock_out_recomputed,AAOI,268,145,17,-25.8555279014,-28.5288540582,0.0136522324002,0.488805970149,0.847227898327,7165.74205712,0.416666666667,-35.8555279014,0.14971627365,0.23215342154
long__current_state__7.0__decision_clock__clock_12__a2df571b6b,LONG,2025,leave_one_stock_out_recomputed,APLD,256,147,17,-22.5730395544,-43.1090563121,0.00439055126555,0.4765625,0.863770394834,6437.44740962,0.583333333333,-32.5730395544,0.158217913195,0.192867454781
long__current_state__7.0__decision_clock__clock_12__a2df571b6b,LONG,2025,leave_one_stock_out_recomputed,ASTS,274,147,17,-27.3275328047,-37.3197413419,0.0181780727389,0.492700729927,0.83842170816,7724.20456803,0.5,-37.3275328047,0.149017018155,0.251892835495
long__current_state__7.0__decision_clock__clock_12__a2df571b6b,LONG,2025,leave_one_stock_out_recomputed,CIFR,256,137,17,-21.6504160313,-4.5722907292,0.0222541052279,0.5,0.866621095566,6437.44740962,0.416666666667,-31.6504160313,0.160083983335,0.250155025692
long__current_state__7.0__decision_clock__clock_12__a2df571b6b,LONG,2025,leave_one_stock_out_recomputed,HIMS,257,144,17,-29.476807751,-40.4084720121,0.00503832601326,0.47859922179,0.828782955542,7812.00017156,0.416666666667,-39.476807751,0.149627651389,0.260880885133
long__current_state__7.0__decision_clock__clock_12__a2df571b6b,LONG,2025,leave_one_stock_out_recomputed,IONQ,267,147,17,-32.5064248729,-40.4084720121,0.0031620705778,0.479400749064,0.808604713655,8915.67602061,0.5,-42.5064248729,0.15775396587,0.293393648365
long__current_state__7.0__decision_clock__clock_12__a2df571b6b,LONG,2025,leave_one_stock_out_recomputed,IREN,272,148,17,-17.0066410551,2.88302385278,0.0274211807592,0.503676470588,0.895196711557,4950.34555396,0.5,-27.0066410551,0.167763476095,0.252337374853
long__current_state__7.0__decision_clock__clock_12__a2df571b6b,LONG,2025,leave_one_stock_out_recomputed,MARA,280,149,18,-25.9241133682,-28.5288540582,0.0124791312472,0.489285714286,0.844802078948,7495.21232263,0.5,-35.9241133682,0.147447544144,0.24981167179
long__current_state__7.0__decision_clock__clock_12__a2df571b6b,LONG,2025,leave_one_stock_out_recomputed,MP,247,138,17,-19.2945757957,-25.8756457069,0.0271963128356,0.48987854251,0.885622794077,5002.22080108,0.5,-29.2945757957,0.166543727012,0.275977573155
long__current_state__7.0__decision_clock__clock_12__a2df571b6b,LONG,2025,leave_one_stock_out_recomputed,MRNA,271,147,17,-31.3679476251,-40.4084720121,0.00612128773933,0.479704797048,0.816920406726,8737.17438593,0.5,-41.3679476251,0.156380352178,0.262407139292
long__current_state__7.0__decision_clock__clock_12__a2df571b6b,LONG,2025,leave_one_stock_out_recomputed,MSTR,278,148,17,-25.3945848646,-28.5288540582,0.0130147196761,0.489208633094,0.848313583961,7296.15517191,0.5,-35.3945848646,0.148809952332,0.247952306545
long__current_state__7.0__decision_clock__clock_12__a2df571b6b,LONG,2025,leave_one_stock_out_recomputed,NVTS,238,136,17,-36.1283968345,-4.5722907292,0.0175051253745,0.5,0.779525947723,8835.01902616,0.5,-46.1283968345,0.157130313985,0.268992506407
long__current_state__7.0__decision_clock__clock_12__a2df571b6b,LONG,2025,leave_one_stock_out_recomputed,QBTS,242,139,17,-34.3754030542,-37.3197413419,0.00126068076761,0.479338842975,0.796173657514,8555.30811867,0.5,-44.3754030542,0.155005232052,0.225266274686
long__current_state__7.0__decision_clock__clock_12__a2df571b6b,LONG,2025,leave_one_stock_out_recomputed,RGTI,260,149,17,-15.5881727391,2.88302385278,0.0265324101137,0.503846153846,0.9021397985,7384.19804833,0.5,-25.5881727391,0.142042472541,0.180115663485
long__current_state__7.0__decision_clock__clock_12__a2df571b6b,LONG,2025,leave_one_stock_out_recomputed,RIOT,279,149,17,-23.2964334557,-25.8756457069,0.0168018195025,0.491039426523,0.85873857144,7384.19804833,0.5,-33.2964334557,0.152781339594,0.257165265679
long__current_state__7.0__decision_clock__clock_12__a2df571b6b,LONG,2025,leave_one_stock_out_recomputed,RIVN,280,149,18,-25.9241133682,-28.5288540582,0.0134924038226,0.489285714286,0.844802078948,7495.21232263,0.5,-35.9241133682,0.147447544144,0.24981167179
long__current_state__7.0__decision_clock__clock_12__a2df571b6b,LONG,2025,leave_one_stock_out_recomputed,SMCI,270,146,17,-32.215404877,-35.7952672108,0.00792327900387,0.485185185185,0.811574953945,8860.72640992,0.5,-42.215404877,0.15790116132,0.264134461786
long__current_state__7.0__decision_clock__clock_12__a2df571b6b,LONG,2025,leave_one_stock_out_recomputed,SOFI,274,146,17,-27.0334114226,-28.5288540582,0.0118250054218,0.489051094891,0.840019094568,7569.72182293,0.5,-37.0334114226,0.148460877054,0.247539342761
long__current_state__7.0__decision_clock__clock_12__a2df571b6b,LONG,2025,leave_one_stock_out_recomputed,WULF,273,146,17,-20.4173515487,-25.8756457069,0.0138237446053,0.490842490842,0.875319603625,7495.21232263,0.5,-30.4173515487,0.159833126766,0.226594652564
long__current_state__7.0__decision_clock__clock_12__a2df571b6b,LONG,2026,leave_one_stock_out_recomputed,AAOI,42,34,13,45.20469815,69.6277213078,0.0796387520525,0.547619047619,1.313909411,1333.54836162,0.666666666667,35.20469815,0.249931429804,0.438800790353
long__current_state__7.0__decision_clock__clock_12__a2df571b6b,LONG,2026,leave_one_stock_out_recomputed,APLD,64,49,13,18.7766474266,50.7004659122,0.0416568949343,0.515625,1.1206223089,3640.17356161,0.833333333333,8.77664742665,0.225323638008,0.398693093875
long__current_state__7.0__decision_clock__clock_12__a2df571b6b,LONG,2026,leave_one_stock_out_recomputed,ASTS,62,48,13,13.9661394169,50.7004659122,0.0445194592876,0.516129032258,1.08796149339,3975.97835307,0.833333333333,3.9661394169,0.219121434028,0.415339355307
long__current_state__7.0__decision_clock__clock_12__a2df571b6b,LONG,2026,leave_one_stock_out_recomputed,CIFR,65,50,14,14.3635598416,38.4453813339,0.0376148610835,0.507692307692,1.09125852431,3908.24760721,0.833333333333,4.36355984159,0.217101149909,0.417566552573
long__current_state__7.0__decision_clock__clock_12__a2df571b6b,LONG,2026,leave_one_stock_out_recomputed,HIMS,60,47,13,8.87265187996,16.010154161,0.0273409997653,0.5,1.05864774012,3405.09410381,0.833333333333,-1.12734812004,0.229645214648,0.449411564322
long__current_state__7.0__decision_clock__clock_12__a2df571b6b,LONG,2026,leave_one_stock_out_recomputed,IONQ,60,47,13,-11.0203438701,-20.8726669512,-0.00353511653371,0.466666666667,0.935368476465,3908.24760721,0.666666666667,-21.0203438701,0.167783039028,0.564862480976
long__current_state__7.0__decision_clock__clock_12__a2df571b6b,LONG,2026,leave_one_stock_out_recomputed,IREN,59,49,13,4.38100839694,38.4453813339,0.0397318930588,0.508474576271,1.02726811659,3908.24760721,0.833333333333,-5.61899160306,0.239073396954,0.474088767176
long__current_state__7.0__decision_clock__clock_12__a2df571b6b,LONG,2026,leave_one_stock_out_recomputed,MARA,65,50,14,14.3635598416,38.4453813339,0.0386636826336,0.507692307692,1.09125852431,3908.24760721,0.833333333333,4.36355984159,0.217101149909,0.417566552573
long__current_state__7.0__decision_clock__clock_12__a2df571b6b,LONG,2026,leave_one_stock_out_recomputed,MP,64,49,13,13.9872813808,28.2652387393,0.0301714017375,0.5,1.08750065069,3908.24760721,0.833333333333,3.98728138077,0.218243309635,0.420420765344
long__current_state__7.0__decision_clock__clock_12__a2df571b6b,LONG,2026,leave_one_stock_out_recomputed,MRNA,63,49,13,29.7889046034,62.9555504905,0.050088266184,0.52380952381,1.2020662796,3908.24760721,0.833333333333,19.7889046034,0.249076746854,0.357955028316
long__current_state__7.0__decision_clock__clock_12__a2df571b6b,LONG,2026,leave_one_stock_out_recomputed,MSTR,65,50,14,14.3635598416,38.4453813339,0.0337486457205,0.507692307692,1.09125852431,3908.24760721,0.833333333333,4.36355984159,0.217101149909,0.417566552573
long__current_state__7.0__decision_clock__clock_12__a2df571b6b,LONG,2026,leave_one_stock_out_recomputed,NVTS,56,45,13,22.7478924187,16.010154161,0.0309713749413,0.5,1.14309044776,3908.24760721,0.833333333333,12.7478924187,0.227644987405,0.392428203053
long__current_state__7.0__decision_clock__clock_12__a2df571b6b,LONG,2026,leave_one_stock_out_recomputed,QBTS,64,50,13,8.71925485376,16.010154161,0.0307511737089,0.5,1.05454530101,3908.24760721,0.833333333333,-1.28074514624,0.228799406493,0.447229402923
long__current_state__7.0__decision_clock__clock_12__a2df571b6b,LONG,2026,leave_one_stock_out_recomputed,RGTI,62,49,13,7.79413133886,16.010154161,0.0287945908137,0.5,1.04948289796,3908.24760721,0.833333333333,-2.20586866114,0.231281133771,0.443583342289
long__current_state__7.0__decision_clock__clock_12__a2df571b6b,LONG,2026,leave_one_stock_out_recomputed,RIOT,65,50,14,14.3635598416,38.4453813339,0.0358348968105,0.507692307692,1.09125852431,3908.24760721,0.833333333333,4.36355984159,0.217101149909,0.417566552573
long__current_state__7.0__decision_clock__clock_12__a2df571b6b,LONG,2026,leave_one_stock_out_recomputed,RIVN,64,49,13,6.20625337841,16.010154161,0.0255388940956,0.5,1.0388246432,3908.24760721,0.833333333333,-3.79374662159,0.234203216524,0.461260167175
long__current_state__7.0__decision_clock__clock_12__a2df571b6b,LONG,2026,leave_one_stock_out_recomputed,SMCI,62,47,13,20.6811870683,57.3456069529,0.0432353453301,0.516129032258,1.13058614106,3908.24760721,0.833333333333,10.6811870683,0.227916684307,0.39554026219
long__current_state__7.0__decision_clock__clock_12__a2df571b6b,LONG,2026,leave_one_stock_out_recomputed,SOFI,63,49,13,20.2367531228,62.9555504905,0.0503478046926,0.52380952381,1.12891819074,3908.24760721,0.833333333333,10.2367531228,0.227678573404,0.393831795558
long__current_state__7.0__decision_clock__clock_12__a2df571b6b,LONG,2026,leave_one_stock_out_recomputed,WULF,65,50,14,14.3635598416,38.4453813339,0.0382615276501,0.507692307692,1.09125852431,3908.24760721,0.833333333333,4.36355984159,0.217101149909,0.417566552573
long__current_state__7.0__return_6_bin__above_plus_one_scale__19cabb34b9,LONG,2024,leave_one_stock_out_recomputed,AAL,97,56,14,94.0481103701,30.3782019352,0.101612419962,0.567010309278,1.67298953406,1995.83429485,0.727272727273,84.0481103701,0.192666948954,0.421335784897
long__current_state__7.0__return_6_bin__above_plus_one_scale__19cabb34b9,LONG,2024,leave_one_stock_out_recomputed,AAOI,96,56,13,91.4798222116,30.3368821701,0.099673554312,0.5625,1.64786280497,1995.83429485,0.636363636364,81.4798222116,0.198073786693,0.415434057634
long__current_state__7.0__return_6_bin__above_plus_one_scale__19cabb34b9,LONG,2024,leave_one_stock_out_recomputed,APLD,88,51,13,81.5002406281,30.3368821701,0.104825844841,0.568181818182,1.56026745797,1995.83429485,0.666666666667,71.5002406281,0.228367949362,0.525137435485
long__current_state__7.0__return_6_bin__above_plus_one_scale__19cabb34b9,LONG,2024,leave_one_stock_out_recomputed,ASTS,91,53,13,82.6261269387,34.994375703,0.118446448085,0.571428571429,1.5874543577,1995.83429485,0.6,72.6261269387,0.221081400376,0.486605869405
long__current_state__7.0__return_6_bin__above_plus_one_scale__19cabb34b9,LONG,2024,leave_one_stock_out_recomputed,CIFR,97,56,14,94.0481103701,30.3782019352,0.105294388403,0.567010309278,1.67298953406,1995.83429485,0.727272727273,84.0481103701,0.192666948954,0.421335784897
long__current_state__7.0__return_6_bin__above_plus_one_scale__19cabb34b9,LONG,2024,leave_one_stock_out_recomputed,HIMS,94,56,13,103.891765357,32.6862888191,0.114122423528,0.574468085106,1.77885090495,1995.83429485,0.727272727273,93.8917653566,0.203137651337,0.395750341556
long__current_state__7.0__return_6_bin__above_plus_one_scale__19cabb34b9,LONG,2024,leave_one_stock_out_recomputed,IONQ,89,53,13,75.490271444,30.295562405,0.0885767991992,0.550561797753,1.51200316291,1995.83429485,0.636363636364,65.490271444,0.193638853073,0.351165253044
long__current_state__7.0__return_6_bin__above_plus_one_scale__19cabb34b9,LONG,2024,leave_one_stock_out_recomputed,IREN,94,54,13,97.7135376779,30.3368821701,0.100106760995,0.563829787234,1.69172023361,1995.83429485,0.7,87.7135376779,0.19363539813,0.436477155675
long__current_state__7.0__return_6_bin__above_plus_one_scale__19cabb34b9,LONG,2024,leave_one_stock_out_recomputed,MARA,97,56,14,94.0481103701,30.3782019352,0.107317479165,0.567010309278,1.67298953406,1995.83429485,0.727272727273,84.0481103701,0.192666948954,0.421335784897
long__current_state__7.0__return_6_bin__above_plus_one_scale__19cabb34b9,LONG,2024,leave_one_stock_out_recomputed,MP,97,56,14,94.0481103701,30.3782019352,0.105585978582,0.567010309278,1.67298953406,1995.83429485,0.727272727273,84.0481103701,0.192666948954,0.421335784897
long__current_state__7.0__return_6_bin__above_plus_one_scale__19cabb34b9,LONG,2024,leave_one_stock_out_recomputed,MRNA,96,55,13,89.9910132156,30.3368821701,0.0988848817598,0.5625,1.63731901566,1995.83429485,0.727272727273,79.9910132156,0.200434093587,0.4428607912
long__current_state__7.0__return_6_bin__above_plus_one_scale__19cabb34b9,LONG,2024,leave_one_stock_out_recomputed,MSTR,87,53,13,105.627027598,30.295562405,0.100733273247,0.563218390805,1.73847142016,1995.83429485,0.727272727273,95.6270275979,0.193705278192,0.418521953108
long__current_state__7.0__return_6_bin__above_plus_one_scale__19cabb34b9,LONG,2024,leave_one_stock_out_recomputed,NVTS,92,54,13,93.4985352217,30.3368821701,0.100957559719,0.565217391304,1.658798731,1995.83429485,0.727272727273,83.4985352217,0.201058888605,0.342104996989
long__current_state__7.0__return_6_bin__above_plus_one_scale__19cabb34b9,LONG,2024,leave_one_stock_out_recomputed,QBTS,78,52,13,92.836756786,29.0166875558,0.0973515029662,0.564102564103,1.743766517,1995.83429485,0.727272727273,82.836756786,0.226875579956,0.310420920606
long__current_state__7.0__return_6_bin__above_plus_one_scale__19cabb34b9,LONG,2024,leave_one_stock_out_recomputed,RGTI,80,51,13,125.346415429,39.1111693201,0.146412061922,0.6125,2.06594647739,1476.76941139,0.818181818182,115.346415429,0.207734639952,0.43829023647
long__current_state__7.0__return_6_bin__above_plus_one_scale__19cabb34b9,LONG,2024,leave_one_stock_out_recomputed,RIOT,97,56,14,94.0481103701,30.3782019352,0.105629888809,0.567010309278,1.67298953406,1995.83429485,0.727272727273,84.0481103701,0.192666948954,0.421335784897
long__current_state__7.0__return_6_bin__above_plus_one_scale__19cabb34b9,LONG,2024,leave_one_stock_out_recomputed,RIVN,95,55,13,95.4806059667,30.3782019352,0.105818367231,0.568421052632,1.66924033238,1995.83429485,0.727272727273,85.4806059667,0.193473380972,0.423550090609
long__current_state__7.0__return_6_bin__above_plus_one_scale__19cabb34b9,LONG,2024,leave_one_stock_out_recomputed,SMCI,85,51,13,89.2582616491,34.994375703,0.100763078404,0.552941176471,1.59196360562,1995.83429485,0.636363636364,79.2582616491,0.219707975486,0.374044745886
long__current_state__7.0__return_6_bin__above_plus_one_scale__19cabb34b9,LONG,2024,leave_one_stock_out_recomputed,SOFI,96,55,13,94.7388426374,32.6862888191,0.0995183510925,0.5625,1.67094328396,1995.83429485,0.727272727273,84.7388426374,0.193096201439,0.422513841857
long__current_state__7.0__return_6_bin__above_plus_one_scale__19cabb34b9,LONG,2024,leave_one_stock_out_recomputed,WULF,97,56,14,94.0481103701,30.3782019352,0.105535009493,0.567010309278,1.67298953406,1995.83429485,0.727272727273,84.0481103701,0.192666948954,0.421335784897
long__current_state__7.0__return_6_bin__above_plus_one_scale__19cabb34b9,LONG,2025,leave_one_stock_out_recomputed,AAL,107,69,16,-40.9569052193,-77.5343553918,-0.0418580918861,0.439252336449,0.789683578911,5456.83414616,0.363636363636,-50.9569052193,0.163025361853,0.347133739805
long__current_state__7.0__return_6_bin__above_plus_one_scale__19cabb34b9,LONG,2025,leave_one_stock_out_recomputed,AAOI,106,68,16,-37.1479721135,-76.1327690938,-0.0433739574055,0.433962264151,0.806524310659,5456.83414616,0.363636363636,-47.1479721135,0.168490741047,0.354720804394
long__current_state__7.0__return_6_bin__above_plus_one_scale__19cabb34b9,LONG,2025,leave_one_stock_out_recomputed,APLD,100,67,16,-34.3473072657,-76.1327690938,-0.0487344487344,0.43,0.821282175933,5456.83414616,0.363636363636,-44.3473072657,0.17513101309,0.364591122233
long__current_state__7.0__return_6_bin__above_plus_one_scale__19cabb34b9,LONG,2025,leave_one_stock_out_recomputed,ASTS,107,69,16,-41.1080999666,-77.5343553918,-0.0377602586616,0.439252336449,0.789070948139,5456.83414616,0.363636363636,-51.1080999666,0.162833213406,0.34686384422
long__current_state__7.0__return_6_bin__above_plus_one_scale__19cabb34b9,LONG,2025,leave_one_stock_out_recomputed,CIFR,97,65,16,-34.5456436476,-47.3599003736,-0.027721732401,0.453608247423,0.822838864725,5456.83414616,0.363636363636,-44.5456436476,0.17628863487,0.365253991559
long__current_state__7.0__return_6_bin__above_plus_one_scale__19cabb34b9,LONG,2025,leave_one_stock_out_recomputed,HIMS,100,65,16,-59.4759330515,-131.212707768,-0.0702145922747,0.4,0.713878101989,5947.59330515,0.272727272727,-69.4759330515,0.18261216728,0.318853438603
long__current_state__7.0__return_6_bin__above_plus_one_scale__19cabb34b9,LONG,2025,leave_one_stock_out_recomputed,IONQ,101,70,16,-60.0918133495,-97.5605330124,-0.0638828361601,0.415841584158,0.697186702864,6069.2731483,0.363636363636,-70.0918133495,0.184445898102,0.306607514375
long__current_state__7.0__return_6_bin__above_plus_one_scale__19cabb34b9,LONG,2025,leave_one_stock_out_recomputed,IREN,103,69,16,-27.4062181688,-49.437761785,-0.033044267556,0.446601941748,0.852153568212,5397.41070557,0.363636363636,-37.4062181688,0.183950766221,0.375283492342
long__current_state__7.0__return_6_bin__above_plus_one_scale__19cabb34b9,LONG,2025,leave_one_stock_out_recomputed,MARA,108,70,17,-41.0161922115,-76.1327690938,-0.0443991756311,0.435185185185,0.787892807353,5456.83414616,0.363636363636,-51.0161922115,0.162464130822,0.346344814773
long__current_state__7.0__return_6_bin__above_plus_one_scale__19cabb34b9,LONG,2025,leave_one_stock_out_recomputed,MP,95,63,16,-30.0540500116,-49.437761785,-0.0189575333183,0.442105263158,0.847502456927,5397.41070557,0.272727272727,-40.0540500116,0.18346313193,0.380851254454
long__current_state__7.0__return_6_bin__above_plus_one_scale__19cabb34b9,LONG,2025,leave_one_stock_out_recomputed,MRNA,106,70,16,-42.7967623949,-87.5474442021,-0.0552168728121,0.424528301887,0.782783364986,5563.54220118,0.363636363636,-52.7967623949,0.16373415565,0.344580338486
long__current_state__7.0__return_6_bin__above_plus_one_scale__19cabb34b9,LONG,2025,leave_one_stock_out_recomputed,MSTR,107,69,16,-37.0256292022,-74.7311827957,-0.0397991040313,0.439252336449,0.805953657749,5397.41070557,0.363636363636,-47.0256292022,0.168185719918,0.354301889211
long__current_state__7.0__return_6_bin__above_plus_one_scale__19cabb34b9,LONG,2025,leave_one_stock_out_recomputed,NVTS,92,60,16,-53.2165602946,-46.5847704929,-0.0291700664413,0.45652173913,0.703353819832,5923.00893443,0.454545454545,-63.2165602946,0.168162541801,0.233473698448
long__current_state__7.0__return_6_bin__above_plus_one_scale__19cabb34b9,LONG,2025,leave_one_stock_out_recomputed,QBTS,97,67,16,-52.9899831079,-97.5605330124,-0.0573999650533,0.422680412371,0.729682669771,6167.11374879,0.3,-62.9899831079,0.171308867543,0.326135903711
long__current_state__7.0__return_6_bin__above_plus_one_scale__19cabb34b9,LONG,2025,leave_one_stock_out_recomputed,RGTI,99,69,16,-22.1689589107,-49.437761785,-0.036249252668,0.444444444444,0.876356640025,4625.54920127,0.363636363636,-32.1689589107,0.142295179771,0.38795409873
long__current_state__7.0__return_6_bin__above_plus_one_scale__19cabb34b9,LONG,2025,leave_one_stock_out_recomputed,RIOT,108,70,17,-41.0161922115,-76.1327690938,-0.0417405938786,0.435185185185,0.787892807353,5456.83414616,0.363636363636,-51.0161922115,0.162464130822,0.346344814773
long__current_state__7.0__return_6_bin__above_plus_one_scale__19cabb34b9,LONG,2025,leave_one_stock_out_recomputed,RIVN,107,69,16,-43.484593928,-77.5343553918,-0.0489241515846,0.429906542056,0.777210100648,5679.93693763,0.363636363636,-53.484593928,0.16514230657,0.342676074924
long__current_state__7.0__return_6_bin__above_plus_one_scale__19cabb34b9,LONG,2025,leave_one_stock_out_recomputed,SMCI,99,63,16,-43.0796557717,-77.5343553918,-0.037194566114,0.444444444444,0.785374647913,5291.97130872,0.363636363636,-53.0796557717,0.164434701275,0.337337530557
long__current_state__7.0__return_6_bin__above_plus_one_scale__19cabb34b9,LONG,2025,leave_one_stock_out_recomputed,SOFI,108,70,17,-41.0161922115,-76.1327690938,-0.0442712368058,0.435185185185,0.787892807353,5456.83414616,0.363636363636,-51.0161922115,0.162464130822,0.346344814773
long__current_state__7.0__return_6_bin__above_plus_one_scale__19cabb34b9,LONG,2025,leave_one_stock_out_recomputed,WULF,105,69,16,-38.3830881451,-74.7311827957,-0.0418539110723,0.438095238095,0.798528468236,5130.71004986,0.363636363636,-48.3830881451,0.167323456083,0.35311479601
long__current_state__7.0__return_6_bin__above_plus_one_scale__19cabb34b9,LONG,2026,leave_one_stock_out_recomputed,AAOI,16,16,11,73.4598269474,116.468511337,0.0945197044335,0.5625,1.71698230164,798.834795303,0.833333333333,63.4598269474,0.270667233918,0.312724679293
long__current_state__7.0__return_6_bin__above_plus_one_scale__19cabb34b9,LONG,2026,leave_one_stock_out_recomputed,APLD,22,20,11,60.2978052954,83.234483295,0.162395531298,0.636363636364,1.62964026096,1202.87873732,0.666666666667,50.2978052954,0.281788616986,0.313389680093
long__current_state__7.0__return_6_bin__above_plus_one_scale__19cabb34b9,LONG,2026,leave_one_stock_out_recomputed,ASTS,21,19,11,58.3872079997,90.2231340181,0.147438046077,0.619047619048,1.57083607248,1303.29908582,0.666666666667,48.3872079997,0.274302801275,0.314946817867
long__current_state__7.0__return_6_bin__above_plus_one_scale__19cabb34b9,LONG,2026,leave_one_stock_out_recomputed,CIFR,22,20,11,64.6174874317,83.234483295,0.166286189755,0.636363636364,1.7066205888,1107.84573032,0.666666666667,54.6174874317,0.289259099708,0.321700433746
long__current_state__7.0__return_6_bin__above_plus_one_scale__19cabb34b9,LONG,2026,leave_one_stock_out_recomputed,HIMS,21,19,11,19.6195545356,69.3289461823,0.0987695711939,0.571428571429,1.17348439527,1470.95278292,0.5,9.61955453557,0.314086951594,0.348438873762
long__current_state__7.0__return_6_bin__above_plus_one_scale__19cabb34b9,LONG,2026,leave_one_stock_out_recomputed,IONQ,20,18,11,1.07895435529,64.3164615761,0.0797982167996,0.55,1.00908625765,1470.95278292,0.5,-8.92104564471,0.222086529713,0.314950189329
long__current_state__7.0__return_6_bin__above_plus_one_scale__19cabb34b9,LONG,2026,leave_one_stock_out_recomputed,IREN,22,21,11,37.5070306393,72.7873893771,0.122166407697,0.590909090909,1.34744602181,1470.95278292,0.666666666667,27.5070306393,0.279152308041,0.310456873079
long__current_state__7.0__return_6_bin__above_plus_one_scale__19cabb34b9,LONG,2026,leave_one_stock_out_recomputed,MARA,23,21,12,46.0207682998,76.245832572,0.139667027115,0.608695652174,1.44569081105,1470.95278292,0.666666666667,36.0207682998,0.262653746268,0.292103130483
long__current_state__7.0__return_6_bin__above_plus_one_scale__19cabb34b9,LONG,2026,leave_one_stock_out_recomputed,MP,23,21,12,46.0207682998,76.245832572,0.138867053911,0.608695652174,1.44569081105,1470.95278292,0.666666666667,36.0207682998,0.262653746268,0.292103130483
long__current_state__7.0__return_6_bin__above_plus_one_scale__19cabb34b9,LONG,2026,leave_one_stock_out_recomputed,MRNA,23,21,12,46.0207682998,76.245832572,0.134974394548,0.608695652174,1.44569081105,1470.95278292,0.666666666667,36.0207682998,0.262653746268,0.292103130483
long__current_state__7.0__return_6_bin__above_plus_one_scale__19cabb34b9,LONG,2026,leave_one_stock_out_recomputed,MSTR,22,20,11,60.2796604055,83.234483295,0.162419974392,0.636363636364,1.62933154805,1470.95278292,0.666666666667,50.2796604055,0.281758050851,0.313355676182
long__current_state__7.0__return_6_bin__above_plus_one_scale__19cabb34b9,LONG,2026,leave_one_stock_out_recomputed,NVTS,21,19,11,39.3266071643,76.245832572,0.150018993989,0.619047619048,1.38906458831,1470.95278292,0.666666666667,29.3266071643,0.279099404635,0.310398019944
long__current_state__7.0__return_6_bin__above_plus_one_scale__19cabb34b9,LONG,2026,leave_one_stock_out_recomputed,QBTS,23,21,12,46.0207682998,76.245832572,0.139446825883,0.608695652174,1.44569081105,1470.95278292,0.666666666667,36.0207682998,0.262653746268,0.292103130483
long__current_state__7.0__return_6_bin__above_plus_one_scale__19cabb34b9,LONG,2026,leave_one_stock_out_recomputed,RGTI,23,21,12,46.0207682998,76.245832572,0.137490242988,0.608695652174,1.44569081105,1470.95278292,0.666666666667,36.0207682998,0.262653746268,0.292103130483
long__current_state__7.0__return_6_bin__above_plus_one_scale__19cabb34b9,LONG,2026,leave_one_stock_out_recomputed,RIOT,23,21,12,46.0207682998,76.245832572,0.136838241292,0.608695652174,1.44569081105,1470.95278292,0.666666666667,36.0207682998,0.262653746268,0.292103130483
long__current_state__7.0__return_6_bin__above_plus_one_scale__19cabb34b9,LONG,2026,leave_one_stock_out_recomputed,RIVN,23,21,12,46.0207682998,76.245832572,0.13423454627,0.608695652174,1.44569081105,1470.95278292,0.666666666667,36.0207682998,0.262653746268,0.292103130483
long__current_state__7.0__return_6_bin__above_plus_one_scale__19cabb34b9,LONG,2026,leave_one_stock_out_recomputed,SMCI,22,20,11,32.0298885215,72.7873893771,0.118015403981,0.590909090909,1.29670856786,1470.95278292,0.666666666667,22.0298885215,0.288511642687,0.268070700253
long__current_state__7.0__return_6_bin__above_plus_one_scale__19cabb34b9,LONG,2026,leave_one_stock_out_recomputed,SOFI,22,20,11,56.5356799386,83.234483295,0.162901917247,0.636363636364,1.5680401593,1470.95278292,0.666666666667,46.5356799386,0.275589835837,0.305089965202
long__current_state__7.0__return_6_bin__above_plus_one_scale__19cabb34b9,LONG,2026,leave_one_stock_out_recomputed,WULF,22,20,11,51.5650522179,83.234483295,0.166932856321,0.636363636364,1.49345379318,1470.95278292,0.666666666667,41.5650522179,0.267806218263,0.286587804556
long__current_state__7.0__return_6_cross_sectional_rank_bin__bottom_20__94d347cbfd,LONG,2024,leave_one_stock_out_recomputed,AAL,171,103,17,68.4574924966,27.1557340618,0.081536456858,0.53216374269,1.50011251643,2564.00311662,0.5,58.4574924966,0.316014537095,0.330711220307
long__current_state__7.0__return_6_cross_sectional_rank_bin__bottom_20__94d347cbfd,LONG,2024,leave_one_stock_out_recomputed,AAOI,173,102,16,63.0146955594,23.67003367,0.0782381015181,0.526011560694,1.45852576023,2932.68322547,0.583333333333,53.0146955594,0.321395714748,0.315888867413
long__current_state__7.0__return_6_cross_sectional_rank_bin__bottom_20__94d347cbfd,LONG,2024,leave_one_stock_out_recomputed,APLD,168,98,18,79.4146326422,27.5745336976,0.0891332041483,0.535714285714,1.62507604522,1826.15362786,0.583333333333,69.4146326422,0.326414990428,0.322231720238
long__current_state__7.0__return_6_cross_sectional_rank_bin__bottom_20__94d347cbfd,LONG,2024,leave_one_stock_out_recomputed,ASTS,158,93,18,47.8116697799,25.4128838659,0.0833233433415,0.525316455696,1.33535928324,3511.26607436,0.6,37.8116697799,0.403538541652,0.477281614879
long__current_state__7.0__return_6_cross_sectional_rank_bin__bottom_20__94d347cbfd,LONG,2024,leave_one_stock_out_recomputed,CIFR,172,100,15,81.2794679192,42.3628242068,0.0996003102443,0.546511627907,1.62671982639,2564.00311662,0.636363636364,71.2794679192,0.321929015508,0.357060085949
long__current_state__7.0__return_6_cross_sectional_rank_bin__bottom_20__94d347cbfd,LONG,2024,leave_one_stock_out_recomputed,HIMS,166,100,16,80.5404229658,33.5052661753,0.0910514160943,0.536144578313,1.59019461868,2932.68322547,0.636363636364,70.5404229658,0.376252993076,0.294225590692
long__current_state__7.0__return_6_cross_sectional_rank_bin__bottom_20__94d347cbfd,LONG,2024,leave_one_stock_out_recomputed,IONQ,164,100,16,64.3012772425,23.3793799856,0.0787795944856,0.524390243902,1.46206442924,2564.00311662,0.636363636364,54.3012772425,0.339479442168,0.288506692331
long__current_state__7.0__return_6_cross_sectional_rank_bin__bottom_20__94d347cbfd,LONG,2024,leave_one_stock_out_recomputed,IREN,171,98,15,78.7213219961,27.1557340618,0.0838693589794,0.53216374269,1.58151398758,2564.00311662,0.636363636364,68.7213219961,0.350830955254,0.281891048232
long__current_state__7.0__return_6_cross_sectional_rank_bin__bottom_20__94d347cbfd,LONG,2024,leave_one_stock_out_recomputed,MARA,174,103,16,87.9258055061,33.5052661753,0.0954084852084,0.540229885057,1.67005559995,2564.00311662,0.636363636364,77.9258055061,0.396021466485,0.287204473045
long__current_state__7.0__return_6_cross_sectional_rank_bin__bottom_20__94d347cbfd,LONG,2024,leave_one_stock_out_recomputed,MP,171,102,17,79.2218247162,39.0171990172,0.097205921911,0.543859649123,1.59523139189,2564.00311662,0.636363636364,69.2218247162,0.357286999727,0.31486364513
long__current_state__7.0__return_6_cross_sectional_rank_bin__bottom_20__94d347cbfd,LONG,2024,leave_one_stock_out_recomputed,MRNA,168,100,16,79.8275651053,42.3628242068,0.086980119855,0.535714285714,1.59022498667,2564.00311662,0.583333333333,69.8275651053,0.35433227118,0.304101555014
long__current_state__7.0__return_6_cross_sectional_rank_bin__bottom_20__94d347cbfd,LONG,2024,leave_one_stock_out_recomputed,MSTR,154,92,16,88.5762229656,42.3628242068,0.105957933644,0.551948051948,1.64816626067,2564.00311662,0.636363636364,78.5762229656,0.331711971962,0.328107675635
long__current_state__7.0__return_6_cross_sectional_rank_bin__bottom_20__94d347cbfd,LONG,2024,leave_one_stock_out_recomputed,NVTS,162,100,15,77.4387398988,33.5052661753,0.0883434963802,0.537037037037,1.57727535079,2564.00311662,0.636363636364,67.4387398988,0.34847308203,0.299233614506
long__current_state__7.0__return_6_cross_sectional_rank_bin__bottom_20__94d347cbfd,LONG,2024,leave_one_stock_out_recomputed,QBTS,150,98,16,45.9422136796,9.59327584687,0.0588899645047,0.506666666667,1.32499185382,2564.00311662,0.545454545455,35.9422136796,0.322660754311,0.20884381968
long__current_state__7.0__return_6_cross_sectional_rank_bin__bottom_20__94d347cbfd,LONG,2024,leave_one_stock_out_recomputed,RGTI,144,96,17,88.8186604082,33.0864665395,0.0936342841444,0.541666666667,1.72527117759,2564.00311662,0.636363636364,78.8186604082,0.291891983106,0.402483771433
long__current_state__7.0__return_6_cross_sectional_rank_bin__bottom_20__94d347cbfd,LONG,2024,leave_one_stock_out_recomputed,RIOT,170,100,15,78.7149125826,33.5052661753,0.0945322538786,0.541176470588,1.57798662789,2564.00311662,0.636363636364,68.7149125826,0.357725379652,0.289994772964
long__current_state__7.0__return_6_cross_sectional_rank_bin__bottom_20__94d347cbfd,LONG,2024,leave_one_stock_out_recomputed,RIVN,170,100,15,75.656698026,33.5052661753,0.0937440638257,0.541176470588,1.5661954796,2932.68322547,0.636363636364,65.656698026,0.314431742203,0.348187980009
long__current_state__7.0__return_6_cross_sectional_rank_bin__bottom_20__94d347cbfd,LONG,2024,leave_one_stock_out_recomputed,SMCI,151,93,16,83.5107929755,45.7084493965,0.109255481988,0.556291390728,1.63811740034,2564.00311662,0.545454545455,73.5107929755,0.325909961008,0.305141384255
long__current_state__7.0__return_6_cross_sectional_rank_bin__bottom_20__94d347cbfd,LONG,2024,leave_one_stock_out_recomputed,SOFI,169,101,16,73.102509786,27.9933333333,0.090396063124,0.538461538462,1.54283003322,2564.00311662,0.636363636364,63.102509786,0.326288823085,0.33650194924
long__current_state__7.0__return_6_cross_sectional_rank_bin__bottom_20__94d347cbfd,LONG,2024,leave_one_stock_out_recomputed,WULF,173,99,16,66.963814938,27.1557340618,0.0851548176089,0.531791907514,1.48784736708,2932.68322547,0.727272727273,56.963814938,0.30845397523,0.29097155643
long__current_state__7.0__return_6_cross_sectional_rank_bin__bottom_20__94d347cbfd,LONG,2025,leave_one_stock_out_recomputed,AAL,183,111,17,-12.6970721626,4.28951088055,0.0387302335314,0.502732240437,0.914409673031,5004.79950615,0.583333333333,-22.6970721626,0.247839407073,0.328048222194
long__current_state__7.0__return_6_cross_sectional_rank_bin__bottom_20__94d347cbfd,LONG,2025,leave_one_stock_out_recomputed,AAOI,177,106,17,-23.6561845111,-28.0686632539,0.0198922189084,0.480225988701,0.84734054801,5814.02945624,0.5,-33.6561845111,0.274763246592,0.37979620928
long__current_state__7.0__return_6_cross_sectional_rank_bin__bottom_20__94d347cbfd,LONG,2025,leave_one_stock_out_recomputed,APLD,168,107,17,-3.08609232124,6.33834643564,0.0453131703132,0.505952380952,0.977435889373,3434.63155865,0.583333333333,-13.0860923212,0.199531419693,0.222846974896
long__current_state__7.0__return_6_cross_sectional_rank_bin__bottom_20__94d347cbfd,LONG,2025,leave_one_stock_out_recomputed,ASTS,180,107,17,-26.7630835311,-22.5217793257,0.0343581214007,0.494444444444,0.830074376498,6525.10704439,0.583333333333,-36.7630835311,0.205220635657,0.353671350506
long__current_state__7.0__return_6_cross_sectional_rank_bin__bottom_20__94d347cbfd,LONG,2025,leave_one_stock_out_recomputed,CIFR,171,99,17,-20.1675729846,8.38718199073,0.0466738786197,0.508771929825,0.863630776124,5404.86482468,0.416666666667,-30.1675729846,0.30434737084,0.381221034864
long__current_state__7.0__return_6_cross_sectional_rank_bin__bottom_20__94d347cbfd,LONG,2025,leave_one_stock_out_recomputed,HIMS,167,105,17,-19.6762080039,8.38718199073,0.0467913957493,0.508982035928,0.86915746688,5880.44290123,0.666666666667,-29.6762080039,0.249187092836,0.319364722511
long__current_state__7.0__return_6_cross_sectional_rank_bin__bottom_20__94d347cbfd,LONG,2025,leave_one_stock_out_recomputed,IONQ,176,109,17,-22.1645244906,-21.4252705522,0.0272512772513,0.488636363636,0.856252501283,6221.89097761,0.583333333333,-32.1645244906,0.289552487313,0.385537671319
long__current_state__7.0__return_6_cross_sectional_rank_bin__bottom_20__94d347cbfd,LONG,2025,leave_one_stock_out_recomputed,IREN,180,110,17,-14.288150618,6.33834643564,0.0439244487331,0.505555555556,0.903996023672,4974.97629747,0.583333333333,-24.288150618,0.253284261156,0.326790623477
long__current_state__7.0__return_6_cross_sectional_rank_bin__bottom_20__94d347cbfd,LONG,2025,leave_one_stock_out_recomputed,MARA,181,110,18,-18.0269345528,-11.9135259231,0.0343812622654,0.497237569061,0.879757876884,5864.65144149,0.583333333333,-28.0269345528,0.227602889107,0.347227863362
long__current_state__7.0__return_6_cross_sectional_rank_bin__bottom_20__94d347cbfd,LONG,2025,leave_one_stock_out_recomputed,MP,162,102,17,-13.5611479546,-14.4442106603,0.037117840301,0.493827160494,0.911147929334,4976.56508343,0.583333333333,-23.5611479546,0.258174281685,0.430079448291
long__current_state__7.0__return_6_cross_sectional_rank_bin__bottom_20__94d347cbfd,LONG,2025,leave_one_stock_out_recomputed,MRNA,174,109,17,-19.5963087425,-21.4252705522,0.0255682063464,0.48275862069,0.872299396626,5949.845159,0.583333333333,-29.5963087425,0.246094913587,0.35378544073
long__current_state__7.0__return_6_cross_sectional_rank_bin__bottom_20__94d347cbfd,LONG,2025,leave_one_stock_out_recomputed,MSTR,181,108,17,-17.7815835963,-11.9135259231,0.0351737880016,0.497237569061,0.881523425765,5768.20132344,0.583333333333,-27.7815835963,0.230901803382,0.351220538943
long__current_state__7.0__return_6_cross_sectional_rank_bin__bottom_20__94d347cbfd,LONG,2025,leave_one_stock_out_recomputed,NVTS,160,100,17,-21.7744264997,-3.81200752127,0.0344168900804,0.5,0.861550756104,5441.23191536,0.583333333333,-31.7744264997,0.232164506857,0.356324996224
long__current_state__7.0__return_6_cross_sectional_rank_bin__bottom_20__94d347cbfd,LONG,2025,leave_one_stock_out_recomputed,QBTS,158,102,17,-20.4737461523,6.33834643564,0.0445183437031,0.506329113924,0.860917926582,6150.84414848,0.583333333333,-30.4737461523,0.277973261962,0.358780371414
long__current_state__7.0__return_6_cross_sectional_rank_bin__bottom_20__94d347cbfd,LONG,2025,leave_one_stock_out_recomputed,RGTI,173,109,17,-25.1594558252,-16.9748953975,0.023597772497,0.485549132948,0.833633073475,6095.82297172,0.583333333333,-35.1594558252,0.291714978639,0.388443900477
long__current_state__7.0__return_6_cross_sectional_rank_bin__bottom_20__94d347cbfd,LONG,2025,leave_one_stock_out_recomputed,RIOT,180,107,17,-21.3377403677,-21.4252705522,0.0230742209362,0.483333333333,0.859712419283,6134.95772485,0.583333333333,-31.3377403677,0.250652123816,0.366391654637
long__current_state__7.0__return_6_cross_sectional_rank_bin__bottom_20__94d347cbfd,LONG,2025,leave_one_stock_out_recomputed,RIVN,185,113,18,-11.0506082833,4.28951088055,0.0410985814288,0.502702702703,0.924821633096,5026.26728122,0.583333333333,-21.0506082833,0.223499600235,0.312738803528
long__current_state__7.0__return_6_cross_sectional_rank_bin__bottom_20__94d347cbfd,LONG,2025,leave_one_stock_out_recomputed,SMCI,180,109,17,-22.1846387682,-14.4442106603,0.0319973530779,0.494444444444,0.852478826276,5683.31042514,0.5,-32.1846387682,0.253407729835,0.359094085201
long__current_state__7.0__return_6_cross_sectional_rank_bin__bottom_20__94d347cbfd,LONG,2025,leave_one_stock_out_recomputed,SOFI,179,107,17,-27.2504584392,-25.8756457069,0.0231816909823,0.486033519553,0.826996447933,6389.55521767,0.5,-37.2504584392,0.209859397812,0.333825806397
long__current_state__7.0__return_6_cross_sectional_rank_bin__bottom_20__94d347cbfd,LONG,2025,leave_one_stock_out_recomputed,WULF,179,106,17,-14.5021635134,4.28951088055,0.0402423911357,0.502793296089,0.898313523944,6627.61150103,0.5,-24.5021635134,0.275150022097,0.216224279707
long__current_state__7.0__return_6_cross_sectional_rank_bin__bottom_20__94d347cbfd,LONG,2026,leave_one_stock_out_recomputed,AAOI,35,24,13,82.9979852921,81.8329425557,0.132019704433,0.6,1.85934274896,1038.24559125,0.5,72.9979852921,0.183937837865,0.386714401061
long__current_state__7.0__return_6_cross_sectional_rank_bin__bottom_20__94d347cbfd,LONG,2026,leave_one_stock_out_recomputed,APLD,45,31,13,52.4693314097,105.928935104,0.103809672712,0.577777777778,1.47046551627,1486.98863566,0.666666666667,42.4693314097,0.196369132523,0.342157101066
long__current_state__7.0__return_6_cross_sectional_rank_bin__bottom_20__94d347cbfd,LONG,2026,leave_one_stock_out_recomputed,ASTS,45,31,14,40.5780520659,39.3437158998,0.0839459825851,0.555555555556,1.35240461374,1649.87904759,0.666666666667,30.5780520659,0.200647247038,0.289632682052
long__current_state__7.0__return_6_cross_sectional_rank_bin__bottom_20__94d347cbfd,LONG,2026,leave_one_stock_out_recomputed,CIFR,45,31,14,45.9109608578,39.3437158998,0.0854781089468,0.555555555556,1.39871885426,1649.87904759,0.666666666667,35.9109608578,0.18560668446,0.334018876616
long__current_state__7.0__return_6_cross_sectional_rank_bin__bottom_20__94d347cbfd,LONG,2026,leave_one_stock_out_recomputed,HIMS,41,30,13,37.7088155166,39.3437158998,0.063926365619,0.536585365854,1.32583114459,1655.49721865,0.666666666667,27.7088155166,0.205443308651,0.289406828319
long__current_state__7.0__return_6_cross_sectional_rank_bin__bottom_20__94d347cbfd,LONG,2026,leave_one_stock_out_recomputed,IONQ,43,29,13,40.5685800725,39.3437158998,0.0879377516833,0.558139534884,1.33702900848,1649.87904759,0.666666666667,30.5685800725,0.225262599043,0.273966723844
long__current_state__7.0__return_6_cross_sectional_rank_bin__bottom_20__94d347cbfd,LONG,2026,leave_one_stock_out_recomputed,IREN,43,30,13,35.306356774,38.5580780568,0.0661410377179,0.53488372093,1.29299434475,1649.87904759,0.5,25.306356774,0.200862224408,0.43641449979
long__current_state__7.0__return_6_cross_sectional_rank_bin__bottom_20__94d347cbfd,LONG,2026,leave_one_stock_out_recomputed,MARA,44,30,14,39.6404409184,38.9508969783,0.0764259203959,0.545454545455,1.3366115625,1649.87904759,0.666666666667,29.6404409184,0.197404197917,0.273112894586
long__current_state__7.0__return_6_cross_sectional_rank_bin__bottom_20__94d347cbfd,LONG,2026,leave_one_stock_out_recomputed,MP,45,31,14,40.5780520659,39.3437158998,0.0857269572931,0.555555555556,1.35240461374,1649.87904759,0.666666666667,30.5780520659,0.200647247038,0.289632682052
long__current_state__7.0__return_6_cross_sectional_rank_bin__bottom_20__94d347cbfd,LONG,2026,leave_one_stock_out_recomputed,MRNA,43,29,13,47.859249439,39.3437158998,0.0844182772582,0.558139534884,1.42276659205,1649.87904759,0.666666666667,37.859249439,0.210446138414,0.33262085261
long__current_state__7.0__return_6_cross_sectional_rank_bin__bottom_20__94d347cbfd,LONG,2026,leave_one_stock_out_recomputed,MSTR,41,31,13,53.533296217,27.1417959362,0.0382514599794,0.512195121951,1.4235900193,1649.87904759,0.666666666667,43.533296217,0.181268480863,0.403038369786
long__current_state__7.0__return_6_cross_sectional_rank_bin__bottom_20__94d347cbfd,LONG,2026,leave_one_stock_out_recomputed,NVTS,36,26,13,59.5545685904,72.6363255017,0.114304708275,0.583333333333,1.53407651782,1649.87904759,0.666666666667,49.5545685904,0.218608875852,0.328849293376
long__current_state__7.0__return_6_cross_sectional_rank_bin__bottom_20__94d347cbfd,LONG,2026,leave_one_stock_out_recomputed,QBTS,44,30,13,38.2224457215,38.9508969783,0.0762057191635,0.545454545455,1.32457048606,1649.87904759,0.666666666667,28.2224457215,0.228489538359,0.278042728559
long__current_state__7.0__return_6_cross_sectional_rank_bin__bottom_20__94d347cbfd,LONG,2026,leave_one_stock_out_recomputed,RGTI,43,30,13,51.373958614,39.3437158998,0.0869341256974,0.558139534884,1.4683550881,1649.87904759,0.666666666667,41.373958614,0.217363182856,0.314688049711
long__current_state__7.0__return_6_cross_sectional_rank_bin__bottom_20__94d347cbfd,LONG,2026,leave_one_stock_out_recomputed,RIOT,45,31,14,41.6981258516,39.3437158998,0.0836981446738,0.555555555556,1.36213201932,1649.87904759,0.666666666667,31.6981258516,0.202698306456,0.29943918831
long__current_state__7.0__return_6_cross_sectional_rank_bin__bottom_20__94d347cbfd,LONG,2026,leave_one_stock_out_recomputed,RIVN,42,29,13,31.4116109885,38.9508969783,0.0731579417146,0.547619047619,1.2602124987,1649.87904759,0.666666666667,21.4116109885,0.215488172079,0.214257579902
long__current_state__7.0__return_6_cross_sectional_rank_bin__bottom_20__94d347cbfd,LONG,2026,leave_one_stock_out_recomputed,SMCI,42,29,13,55.0981375509,72.6363255017,0.0985348845006,0.571428571429,1.50180054731,1649.87904759,0.666666666667,45.0981375509,0.222444838558,0.274238446467
long__current_state__7.0__return_6_cross_sectional_rank_bin__bottom_20__94d347cbfd,LONG,2026,leave_one_stock_out_recomputed,SOFI,44,30,13,60.5804205486,72.6363255017,0.0947200990649,0.568181818182,1.52954165123,1649.87904759,0.666666666667,50.5804205486,0.175696549784,0.418514219057
long__current_state__7.0__return_6_cross_sectional_rank_bin__bottom_20__94d347cbfd,LONG,2026,leave_one_stock_out_recomputed,WULF,44,31,13,33.6774858264,38.9508969783,0.0760237654124,0.545454545455,1.28597641354,1649.87904759,0.666666666667,23.6774858264,0.220331301689,0.335723410425
long__current_state__7.0__session_return_bin__above_plus_one_scale__42b65019e5,LONG,2024,leave_one_stock_out_recomputed,AAL,192,81,17,92.0737013293,36.6265035687,0.0864706673843,0.53125,1.6686924693,2684.86789336,0.666666666667,82.0737013293,0.259089155275,0.463298720046
long__current_state__7.0__session_return_bin__above_plus_one_scale__42b65019e5,LONG,2024,leave_one_stock_out_recomputed,AAOI,190,80,17,89.0891875419,36.6265035687,0.0895858350137,0.531578947368,1.65346521522,2684.86789336,0.583333333333,79.0891875419,0.268263994273,0.488653745838
long__current_state__7.0__session_return_bin__above_plus_one_scale__42b65019e5,LONG,2024,leave_one_stock_out_recomputed,APLD,177,73,17,99.6896785018,41.7107107333,0.101744180742,0.542372881356,1.75203083802,2684.86789336,0.583333333333,89.6896785018,0.25947991951,0.504728344858
long__current_state__7.0__session_return_bin__above_plus_one_scale__42b65019e5,LONG,2024,leave_one_stock_out_recomputed,ASTS,181,77,17,69.5267331307,27.9933333333,0.0773439042199,0.519337016575,1.49025638754,3033.59799731,0.583333333333,59.5267331307,0.258089815177,0.60215495139
long__current_state__7.0__session_return_bin__above_plus_one_scale__42b65019e5,LONG,2024,leave_one_stock_out_recomputed,CIFR,190,79,17,102.647106411,40.3639548752,0.101007898984,0.542105263158,1.77364849122,2229.68950994,0.727272727273,92.6471064112,0.266750787067,0.494739226259
long__current_state__7.0__session_return_bin__above_plus_one_scale__42b65019e5,LONG,2024,leave_one_stock_out_recomputed,HIMS,183,79,17,102.126287238,39.0171990172,0.0964500598496,0.535519125683,1.74212125868,2270.87413915,0.666666666667,92.1262872376,0.256948683204,0.472586946831
long__current_state__7.0__session_return_bin__above_plus_one_scale__42b65019e5,LONG,2024,leave_one_stock_out_recomputed,IONQ,178,78,17,101.555257588,40.3639548752,0.0998127542554,0.539325842697,1.74026322528,2562.55145929,0.666666666667,91.5552575877,0.254470190957,0.477383923665
long__current_state__7.0__session_return_bin__above_plus_one_scale__42b65019e5,LONG,2024,leave_one_stock_out_recomputed,IREN,189,80,17,92.6467433868,30.3782019352,0.0813630933153,0.52380952381,1.66234088476,2684.86789336,0.583333333333,82.6467433868,0.261085116865,0.491445124769
long__current_state__7.0__session_return_bin__above_plus_one_scale__42b65019e5,LONG,2024,leave_one_stock_out_recomputed,MARA,193,81,18,94.6897244056,38.2586314344,0.0946044830644,0.533678756477,1.69127326862,2684.86789336,0.666666666667,84.6897244056,0.252233790657,0.477217858354
long__current_state__7.0__session_return_bin__above_plus_one_scale__42b65019e5,LONG,2024,leave_one_stock_out_recomputed,MP,192,80,17,95.2221953018,38.6379152258,0.0956525593379,0.536458333333,1.69175607012,2684.86789336,0.666666666667,85.2221953018,0.252318167136,0.477061491163
long__current_state__7.0__session_return_bin__above_plus_one_scale__42b65019e5,LONG,2024,leave_one_stock_out_recomputed,MRNA,192,81,17,95.0626462707,38.6379152258,0.0884682150931,0.53125,1.6903999161,2684.86789336,0.666666666667,85.0626462707,0.252492182932,0.477697020518
long__current_state__7.0__session_return_bin__above_plus_one_scale__42b65019e5,LONG,2024,leave_one_stock_out_recomputed,MSTR,172,74,17,96.1309764139,25.5410298173,0.0779452486549,0.517441860465,1.63935895855,2684.86789336,0.666666666667,86.1309764139,0.273320037549,0.513858367234
long__current_state__7.0__session_return_bin__above_plus_one_scale__42b65019e5,LONG,2024,leave_one_stock_out_recomputed,NVTS,183,79,17,98.9487006587,38.2586314344,0.0929984245324,0.535519125683,1.72569745288,2684.86789336,0.666666666667,88.9487006587,0.254120469479,0.472261255014
long__current_state__7.0__session_return_bin__above_plus_one_scale__42b65019e5,LONG,2024,leave_one_stock_out_recomputed,QBTS,158,78,17,88.1072768643,31.4938545182,0.0842064202009,0.525316455696,1.72037465669,2684.86789336,0.833333333333,78.1072768643,0.312553814781,0.330580439942
long__current_state__7.0__session_return_bin__above_plus_one_scale__42b65019e5,LONG,2024,leave_one_stock_out_recomputed,RGTI,159,78,17,90.6049813868,39.0171990172,0.0997925650668,0.540880503145,1.69534396879,2684.86789336,0.666666666667,80.6049813868,0.304440210655,0.334027009578
long__current_state__7.0__session_return_bin__above_plus_one_scale__42b65019e5,LONG,2024,leave_one_stock_out_recomputed,RIOT,193,81,18,94.6897244056,38.2586314344,0.0929168927083,0.533678756477,1.69127326862,2684.86789336,0.666666666667,84.6897244056,0.252233790657,0.477217858354
long__current_state__7.0__session_return_bin__above_plus_one_scale__42b65019e5,LONG,2024,leave_one_stock_out_recomputed,RIVN,192,81,17,95.1921384106,38.6379152258,0.094908279512,0.536458333333,1.69138675101,2684.86789336,0.666666666667,85.1921384106,0.252253622587,0.477181087036
long__current_state__7.0__session_return_bin__above_plus_one_scale__42b65019e5,LONG,2024,leave_one_stock_out_recomputed,SMCI,169,73,17,103.040180105,41.7107107333,0.109882465804,0.550295857988,1.72055699613,2684.86789336,0.666666666667,93.0401801054,0.262245480125,0.453381760569
long__current_state__7.0__session_return_bin__above_plus_one_scale__42b65019e5,LONG,2024,leave_one_stock_out_recomputed,SOFI,192,80,17,97.7456957597,38.6379152258,0.0943100177591,0.536458333333,1.72334911188,2684.86789336,0.75,87.7456957597,0.2578575494,0.468503045591
long__current_state__7.0__session_return_bin__above_plus_one_scale__42b65019e5,LONG,2024,leave_one_stock_out_recomputed,WULF,192,80,17,94.278752253,36.6265035687,0.0903932569153,0.53125,1.68470682438,2684.86789336,0.666666666667,84.278752253,0.254189616039,0.480844253282
long__current_state__7.0__session_return_bin__above_plus_one_scale__42b65019e5,LONG,2025,leave_one_stock_out_recomputed,AAL,236,114,18,-4.58536185235,8.77991455213,0.0426896667073,0.525423728814,0.971057556424,5480.66927149,0.5,-14.5853618524,0.246998286468,0.326879618003
long__current_state__7.0__session_return_bin__above_plus_one_scale__42b65019e5,LONG,2025,leave_one_stock_out_recomputed,AAOI,227,109,17,-0.72409132983,9.17264711353,0.0487630220642,0.528634361233,0.995414110844,5480.66927149,0.416666666667,-10.7240913298,0.266487440218,0.342995340597
long__current_state__7.0__session_return_bin__above_plus_one_scale__42b65019e5,LONG,2025,leave_one_stock_out_recomputed,APLD,216,109,17,-6.10957310138,7.74097542101,0.0373766623767,0.513888888889,0.962425162413,5480.66927149,0.416666666667,-16.1095731014,0.251763434975,0.320254748496
long__current_state__7.0__session_return_bin__above_plus_one_scale__42b65019e5,LONG,2025,leave_one_stock_out_recomputed,ASTS,234,113,17,-7.43930424936,8.27674256722,0.0424777795204,0.521367521368,0.953441631127,5480.66927149,0.5,-17.4393042494,0.260680077327,0.340057791598
long__current_state__7.0__session_return_bin__above_plus_one_scale__42b65019e5,LONG,2025,leave_one_stock_out_recomputed,CIFR,215,106,17,-5.28363053986,8.38718199073,0.0426211110418,0.525581395349,0.96696643568,5480.66927149,0.416666666667,-15.2836305399,0.248062444985,0.355615805557
long__current_state__7.0__session_return_bin__above_plus_one_scale__42b65019e5,LONG,2025,leave_one_stock_out_recomputed,HIMS,217,106,17,-4.60447473891,8.38718199073,0.0474812602599,0.52534562212,0.97139257515,5480.66927149,0.583333333333,-14.6044747389,0.248642272797,0.290712023196
long__current_state__7.0__session_return_bin__above_plus_one_scale__42b65019e5,LONG,2025,leave_one_stock_out_recomputed,IONQ,226,113,17,-18.5035844312,7.13556865627,0.0322794349343,0.513274336283,0.886849098872,6364.95795553,0.5,-28.5035844312,0.266565986538,0.264408315351
long__current_state__7.0__session_return_bin__above_plus_one_scale__42b65019e5,LONG,2025,leave_one_stock_out_recomputed,IREN,227,112,17,6.32958489467,15.8684414586,0.0604932201477,0.541850220264,1.04142340079,4549.50176417,0.5,-3.67041510533,0.309027777235,0.382647859421
long__current_state__7.0__session_return_bin__above_plus_one_scale__42b65019e5,LONG,2025,leave_one_stock_out_recomputed,MARA,236,114,18,-4.58536185235,8.77991455213,0.0439561288259,0.525423728814,0.971057556424,5480.66927149,0.5,-14.5853618524,0.246998286468,0.326879618003
long__current_state__7.0__session_return_bin__above_plus_one_scale__42b65019e5,LONG,2025,leave_one_stock_out_recomputed,MP,206,107,17,-2.96584422994,8.24414740592,0.0446091503813,0.509708737864,0.982291799102,5009.4877857,0.5,-12.9658442299,0.256633948259,0.331093909511
long__current_state__7.0__session_return_bin__above_plus_one_scale__42b65019e5,LONG,2025,leave_one_stock_out_recomputed,MRNA,229,112,17,-7.44403273986,8.38718199073,0.042006493753,0.524017467249,0.953931305703,6103.20737176,0.416666666667,-17.4440327399,0.259890752249,0.310867226632
long__current_state__7.0__session_return_bin__above_plus_one_scale__42b65019e5,LONG,2025,leave_one_stock_out_recomputed,MSTR,233,112,17,-1.53009710055,10.0353538114,0.0511318654445,0.532188841202,0.990276203466,4755.03649876,0.5,-11.5300971005,0.26215682318,0.330976451909
long__current_state__7.0__session_return_bin__above_plus_one_scale__42b65019e5,LONG,2025,leave_one_stock_out_recomputed,NVTS,200,102,17,-6.47251957502,9.60400046244,0.0469168900804,0.53,0.956938874818,5693.02778933,0.583333333333,-16.472519575,0.251249910233,0.271304044561
long__current_state__7.0__session_return_bin__above_plus_one_scale__42b65019e5,LONG,2025,leave_one_stock_out_recomputed,QBTS,212,110,17,-4.26966269875,7.74097542101,0.0366965142309,0.518867924528,0.972192333725,4859.96375283,0.583333333333,-14.2696626987,0.250531403244,0.252078840372
long__current_state__7.0__session_return_bin__above_plus_one_scale__42b65019e5,LONG,2025,leave_one_stock_out_recomputed,RGTI,211,109,17,-1.47420287585,10.0353538114,0.0519790014371,0.535545023697,0.990174257733,5480.66927149,0.5,-11.4742028759,0.263168565549,0.307809587277
long__current_state__7.0__session_return_bin__above_plus_one_scale__42b65019e5,LONG,2025,leave_one_stock_out_recomputed,RIOT,234,113,17,-0.482457169832,9.60400046244,0.050851998714,0.529914529915,0.996900219652,5480.66927149,0.5,-10.4824571698,0.267671983107,0.346648008918
long__current_state__7.0__session_return_bin__above_plus_one_scale__42b65019e5,LONG,2025,leave_one_stock_out_recomputed,RIVN,234,113,17,-5.34576498997,8.77991455213,0.0449331852634,0.525641025641,0.966495207811,5480.66927149,0.5,-15.34576499,0.250365200261,0.321629433543
long__current_state__7.0__session_return_bin__above_plus_one_scale__42b65019e5,LONG,2025,leave_one_stock_out_recomputed,SMCI,231,112,17,-4.47353991045,9.17264711353,0.0464995175801,0.528138528139,0.971907639494,5480.66927149,0.5,-14.4735399104,0.247961686865,0.327820045095
long__current_state__7.0__session_return_bin__above_plus_one_scale__42b65019e5,LONG,2025,leave_one_stock_out_recomputed,SOFI,233,112,17,-4.0729801087,9.17264711353,0.04617543304,0.527896995708,0.974428271365,5480.66927149,0.5,-14.0729801087,0.249646892156,0.335223718784
long__current_state__7.0__session_return_bin__above_plus_one_scale__42b65019e5,LONG,2025,leave_one_stock_out_recomputed,WULF,227,109,17,-7.76390671164,8.38718199073,0.0420143498885,0.52422907489,0.951339781605,5480.66927149,0.416666666667,-17.7639067116,0.261154688839,0.333389712426
long__current_state__7.0__session_return_bin__above_plus_one_scale__42b65019e5,LONG,2026,leave_one_stock_out_recomputed,AAOI,42,26,15,63.7291001101,94.2214200258,0.151067323481,0.619047619048,1.68819189628,1116.73733928,0.666666666667,53.7291001101,0.223644039949,0.461298184358
long__current_state__7.0__session_return_bin__above_plus_one_scale__42b65019e5,LONG,2026,leave_one_stock_out_recomputed,APLD,54,36,15,73.5331239629,94.2445928045,0.174180043082,0.648148148148,1.84425277533,1929.11433542,0.666666666667,63.5331239629,0.20202604846,0.37427544678
long__current_state__7.0__session_return_bin__above_plus_one_scale__42b65019e5,LONG,2026,leave_one_stock_out_recomputed,ASTS,56,36,15,74.117213321,94.2445928045,0.171247569887,0.642857142857,1.8892327148,1749.33908344,0.666666666667,64.117213321,0.207020419244,0.321265211355
long__current_state__7.0__session_return_bin__above_plus_one_scale__42b65019e5,LONG,2026,leave_one_stock_out_recomputed,CIFR,56,36,15,72.267289808,94.2445928045,0.172779696248,0.642857142857,1.8482121216,1852.93480016,0.666666666667,62.267289808,0.204112681106,0.35902079764
long__current_state__7.0__session_return_bin__above_plus_one_scale__42b65019e5,LONG,2026,leave_one_stock_out_recomputed,HIMS,55,36,15,55.2253482,90.1767884606,0.145522817947,0.618181818182,1.59159085677,2221.66002383,0.666666666667,45.2253482,0.212267656155,0.379716969786
long__current_state__7.0__session_return_bin__above_plus_one_scale__42b65019e5,LONG,2026,leave_one_stock_out_recomputed,IONQ,51,34,15,42.7137175022,83.2921245421,0.137641354055,0.607843137255,1.42474994718,2216.04185277,0.666666666667,32.7137175022,0.161590389771,0.362405264845
long__current_state__7.0__session_return_bin__above_plus_one_scale__42b65019e5,LONG,2026,leave_one_stock_out_recomputed,IREN,54,37,15,62.7143474411,90.1999612393,0.160886946417,0.62962962963,1.67774674357,2216.04185277,0.666666666667,52.7143474411,0.202307279165,0.354532214145
long__current_state__7.0__session_return_bin__above_plus_one_scale__42b65019e5,LONG,2026,leave_one_stock_out_recomputed,MARA,57,37,16,64.6291434499,90.2231340181,0.16255032231,0.631578947368,1.71750272812,2216.04185277,0.666666666667,54.6291434499,0.194535580721,0.335582528076
long__current_state__7.0__session_return_bin__above_plus_one_scale__42b65019e5,LONG,2026,leave_one_stock_out_recomputed,MP,57,37,16,64.6291434499,90.2231340181,0.161750349106,0.631578947368,1.71750272812,2216.04185277,0.666666666667,54.6291434499,0.194535580721,0.335582528076
long__current_state__7.0__session_return_bin__above_plus_one_scale__42b65019e5,LONG,2026,leave_one_stock_out_recomputed,MRNA,54,35,15,71.3674285625,98.0760345608,0.155908372004,0.62962962963,1.79946694206,2216.04185277,0.666666666667,61.3674285625,0.198904476274,0.314836067624
long__current_state__7.0__session_return_bin__above_plus_one_scale__42b65019e5,LONG,2026,leave_one_stock_out_recomputed,MSTR,53,35,15,76.7842233313,98.266051591,0.16756577199,0.641509433962,1.88944283472,2216.04185277,0.666666666667,66.7842233313,0.204739911129,0.34486115492
long__current_state__7.0__session_return_bin__above_plus_one_scale__42b65019e5,LONG,2026,leave_one_stock_out_recomputed,NVTS,46,32,15,83.5979959328,116.022235798,0.20488441842,0.673913043478,2.03518420784,2216.04185277,0.666666666667,73.5979959328,0.198685720217,0.387647405043
long__current_state__7.0__session_return_bin__above_plus_one_scale__42b65019e5,LONG,2026,leave_one_stock_out_recomputed,QBTS,56,37,15,59.0761088854,90.1999612393,0.155751173709,0.625,1.64434759252,2216.04185277,0.666666666667,49.0761088854,0.204458970647,0.287465158583
long__current_state__7.0__session_return_bin__above_plus_one_scale__42b65019e5,LONG,2026,leave_one_stock_out_recomputed,RGTI,55,36,15,50.3375474538,90.1767884606,0.146976408996,0.618181818182,1.53923123704,2216.04185277,0.666666666667,40.3375474538,0.220630537853,0.316376851435
long__current_state__7.0__session_return_bin__above_plus_one_scale__42b65019e5,LONG,2026,leave_one_stock_out_recomputed,RIOT,56,36,15,64.2958759304,94.2445928045,0.153142589118,0.625,1.70127998689,2216.04185277,0.666666666667,54.2958759304,0.196652147627,0.330631230075
long__current_state__7.0__session_return_bin__above_plus_one_scale__42b65019e5,LONG,2026,leave_one_stock_out_recomputed,RIVN,57,37,16,64.6291434499,90.2231340181,0.157117841464,0.631578947368,1.71750272812,2216.04185277,0.666666666667,54.6291434499,0.194535580721,0.335582528076
long__current_state__7.0__session_return_bin__above_plus_one_scale__42b65019e5,LONG,2026,leave_one_stock_out_recomputed,SMCI,55,36,15,58.1419052784,90.1767884606,0.145288131254,0.618181818182,1.62283391013,2216.04185277,0.666666666667,48.1419052784,0.207572847892,0.322725441134
long__current_state__7.0__session_return_bin__above_plus_one_scale__42b65019e5,LONG,2026,leave_one_stock_out_recomputed,SOFI,56,36,15,69.2363810526,94.2445928045,0.16939542374,0.642857142857,1.78472200181,2216.04185277,0.666666666667,59.2363810526,0.199521226399,0.32430716002
long__current_state__7.0__session_return_bin__above_plus_one_scale__42b65019e5,LONG,2026,leave_one_stock_out_recomputed,WULF,56,37,15,58.7366944587,90.1999612393,0.155569219958,0.625,1.64064557367,2216.04185277,0.5,48.7366944587,0.204988126401,0.358501205188
long__state_motif_2__5gt7__c18eb8666c,LONG,2024,leave_one_stock_out_recomputed,AAL,184,107,17,48.2828707515,10.6962317759,0.0552206673843,0.510869565217,1.37120105933,2215.58756863,0.666666666667,38.2828707515,0.264213720738,0.271524489352
long__state_motif_2__5gt7__c18eb8666c,LONG,2024,leave_one_stock_out_recomputed,AAOI,181,106,16,45.9156912936,9.12860562474,0.0552444567061,0.508287292818,1.34883825682,2215.58756863,0.666666666667,35.9156912936,0.274948110839,0.269759363534
long__state_motif_2__5gt7__c18eb8666c,LONG,2024,leave_one_stock_out_recomputed,APLD,170,101,16,50.7499348936,19.6084639367,0.0711360052687,0.523529411765,1.41671080696,2215.58756863,0.666666666667,40.7499348936,0.26891197418,0.293899517657
long__state_motif_2__5gt7__c18eb8666c,LONG,2024,leave_one_stock_out_recomputed,ASTS,171,100,16,29.2642193321,-1.53905785502,0.0550829110371,0.497076023392,1.21300943045,2497.5276394,0.5,19.2642193321,0.255586408041,0.252944097097
long__state_motif_2__5gt7__c18eb8666c,LONG,2024,leave_one_stock_out_recomputed,CIFR,182,106,16,54.841022126,14.1960297496,0.0643971413202,0.516483516484,1.43707146589,2215.58756863,0.75,44.841022126,0.285545525369,0.266509959357
long__state_motif_2__5gt7__c18eb8666c,LONG,2024,leave_one_stock_out_recomputed,HIMS,178,105,16,52.1754094022,10.6962317759,0.0609309341666,0.511235955056,1.40441424894,2215.58756863,0.666666666667,42.1754094022,0.27167267145,0.275509036336
long__state_motif_2__5gt7__c18eb8666c,LONG,2024,leave_one_stock_out_recomputed,IONQ,175,105,16,48.9508265038,9.12860562474,0.0576297687016,0.508571428571,1.36556529896,2215.58756863,0.583333333333,38.9508265038,0.270055502737,0.275725923454
long__state_motif_2__5gt7__c18eb8666c,LONG,2024,leave_one_stock_out_recomputed,IREN,183,106,16,47.8142785714,9.12860562474,0.0548213290686,0.508196721311,1.36560068192,2215.58756863,0.666666666667,37.8142785714,0.266647578536,0.269335255791
long__state_motif_2__5gt7__c18eb8666c,LONG,2024,leave_one_stock_out_recomputed,MARA,184,107,17,48.2828707515,10.6962317759,0.0609257265877,0.510869565217,1.37120105933,2215.58756863,0.666666666667,38.2828707515,0.264213720738,0.271524489352
long__state_motif_2__5gt7__c18eb8666c,LONG,2024,leave_one_stock_out_recomputed,MP,183,106,16,48.5879393767,12.2638579271,0.0619264664417,0.513661202186,1.37163345131,2215.58756863,0.727272727273,38.5879393767,0.264349539067,0.271648777271
long__state_motif_2__5gt7__c18eb8666c,LONG,2024,leave_one_stock_out_recomputed,MRNA,180,105,16,44.6338660025,0.752401612192,0.046107103982,0.5,1.33568760865,2649.52564089,0.666666666667,34.6338660025,0.28044611417,0.27271261201
long__state_motif_2__5gt7__c18eb8666c,LONG,2024,leave_one_stock_out_recomputed,MSTR,146,91,16,69.175738587,12.6284035984,0.0605033881897,0.513698630137,1.51738353807,2125.715963,0.583333333333,59.175738587,0.288059701767,0.299054051913
long__state_motif_2__5gt7__c18eb8666c,LONG,2024,leave_one_stock_out_recomputed,NVTS,177,106,16,49.2552406468,12.2638579271,0.0603041576064,0.514124293785,1.37837733629,2381.45819243,0.666666666667,39.2552406468,0.267232260661,0.275149606788
long__state_motif_2__5gt7__c18eb8666c,LONG,2024,leave_one_stock_out_recomputed,QBTS,156,100,16,39.2468662798,10.6962317759,0.0588899645047,0.512820512821,1.32787149705,2880.90504591,0.583333333333,29.2468662798,0.325409187212,0.34448902247
long__state_motif_2__5gt7__c18eb8666c,LONG,2024,leave_one_stock_out_recomputed,RGTI,157,101,16,56.4766411419,16.1282015721,0.0684662020496,0.522292993631,1.4803177383,2215.58756863,0.75,46.4766411419,0.264523836973,0.299470265878
long__state_motif_2__5gt7__c18eb8666c,LONG,2024,leave_one_stock_out_recomputed,RIOT,184,107,17,48.2828707515,10.6962317759,0.0592381362316,0.510869565217,1.37120105933,2215.58756863,0.666666666667,38.2828707515,0.264213720738,0.271524489352
long__state_motif_2__5gt7__c18eb8666c,LONG,2024,leave_one_stock_out_recomputed,RIVN,182,106,16,49.5027053378,14.1960297496,0.0639444516732,0.516483516484,1.3784259648,2215.58756863,0.666666666667,39.5027053378,0.26649023452,0.270680461102
long__state_motif_2__5gt7__c18eb8666c,LONG,2024,leave_one_stock_out_recomputed,SMCI,158,98,16,39.7101842137,0.752401612192,0.0469283799676,0.5,1.27590620382,2215.58756863,0.666666666667,29.7101842137,0.321320989809,0.234454811984
long__state_motif_2__5gt7__c18eb8666c,LONG,2024,leave_one_stock_out_recomputed,SOFI,183,106,16,47.3528593469,9.12860562474,0.0551194439886,0.508196721311,1.36207254789,2215.58756863,0.666666666667,37.3528593469,0.268204020373,0.27517020649
long__state_motif_2__5gt7__c18eb8666c,LONG,2024,leave_one_stock_out_recomputed,WULF,182,106,16,49.0962728687,10.6962317759,0.0591432569153,0.510989010989,1.37689612288,2215.58756863,0.666666666667,39.0962728687,0.265143119625,0.265114997381
long__state_motif_2__5gt7__c18eb8666c,LONG,2025,leave_one_stock_out_recomputed,AAL,219,121,18,32.7826786274,23.1736097742,0.0629086900027,0.538812785388,1.26287548015,2953.85065639,0.416666666667,22.7826786274,0.172196512606,0.332689104447
long__state_motif_2__5gt7__c18eb8666c,LONG,2025,leave_one_stock_out_recomputed,AAOI,216,118,18,31.4996910634,13.9810215691,0.0602249244953,0.532407407407,1.25006020375,2953.85065639,0.416666666667,21.4996910634,0.175306490263,0.329282833027
long__state_motif_2__5gt7__c18eb8666c,LONG,2025,leave_one_stock_out_recomputed,APLD,205,119,18,44.9367523818,32.25,0.0780948195582,0.546341463415,1.37565743078,2953.85065639,0.5,34.9367523818,0.197710310587,0.348710714483
long__state_motif_2__5gt7__c18eb8666c,LONG,2025,leave_one_stock_out_recomputed,ASTS,217,121,18,32.7433118298,23.1736097742,0.0671538203255,0.539170506912,1.26011507975,2953.85065639,0.416666666667,22.7433118298,0.171957029198,0.330586866665
long__state_motif_2__5gt7__c18eb8666c,LONG,2025,leave_one_stock_out_recomputed,CIFR,196,109,18,34.0274484778,10.3893491426,0.0546998960442,0.530612244898,1.27818206375,2953.85065639,0.5,24.0274484778,0.176844459491,0.33258347659
long__state_motif_2__5gt7__c18eb8666c,LONG,2025,leave_one_stock_out_recomputed,HIMS,196,112,18,24.0801129659,20.1961542193,0.059989489358,0.530612244898,1.18356444748,2953.85065639,0.583333333333,14.0801129659,0.202599095607,0.368247804624
long__state_motif_2__5gt7__c18eb8666c,LONG,2025,leave_one_stock_out_recomputed,IONQ,210,120,18,21.0432989624,13.9810215691,0.0595023595024,0.533333333333,1.16608908829,2953.85065639,0.416666666667,11.0432989624,0.184282558565,0.263404026281
long__state_motif_2__5gt7__c18eb8666c,LONG,2025,leave_one_stock_out_recomputed,IREN,218,120,18,33.5055379522,20.1961542193,0.0632414721785,0.536697247706,1.27050877675,2953.85065639,0.416666666667,23.5055379522,0.1735717698,0.334111390895
long__state_motif_2__5gt7__c18eb8666c,LONG,2025,leave_one_stock_out_recomputed,MARA,220,121,19,32.4153835839,20.1961542193,0.0618297805979,0.536363636364,1.26065880822,2953.85065639,0.416666666667,22.4153835839,0.171673113968,0.330915378955
long__state_motif_2__5gt7__c18eb8666c,LONG,2025,leave_one_stock_out_recomputed,MP,193,109,18,36.8521562782,10.7433444739,0.0572355400387,0.528497409326,1.288487977,2953.85065639,0.5,26.8521562782,0.171878925147,0.365214341134
long__state_motif_2__5gt7__c18eb8666c,LONG,2025,leave_one_stock_out_recomputed,MRNA,210,119,18,31.4027796536,20.1961542193,0.0628424263793,0.533333333333,1.2469205295,2953.85065639,0.416666666667,21.4027796536,0.177711120121,0.320773903073
long__state_motif_2__5gt7__c18eb8666c,LONG,2025,leave_one_stock_out_recomputed,MSTR,218,120,18,33.8945446192,23.3148917632,0.0673345665509,0.54128440367,1.27264262848,2953.85065639,0.5,23.8945446192,0.17451887595,0.326573984158
long__state_motif_2__5gt7__c18eb8666c,LONG,2025,leave_one_stock_out_recomputed,NVTS,196,116,18,40.8457803517,28.0943530079,0.0775291349784,0.551020408163,1.33995354897,2953.85065639,0.583333333333,30.8457803517,0.181730820499,0.351619440898
long__state_motif_2__5gt7__c18eb8666c,LONG,2025,leave_one_stock_out_recomputed,QBTS,187,114,18,26.7764283417,10.0353538114,0.0535212544186,0.529411764706,1.2263379041,2953.85065639,0.5,16.7764283417,0.198339839449,0.252538881692
long__state_motif_2__5gt7__c18eb8666c,LONG,2025,leave_one_stock_out_recomputed,RGTI,199,118,18,26.7228590188,23.1736097742,0.062172147261,0.537688442211,1.21516414645,2834.55090574,0.416666666667,16.7228590188,0.193934200444,0.243066422359
long__state_motif_2__5gt7__c18eb8666c,LONG,2025,leave_one_stock_out_recomputed,RIOT,217,120,18,36.6647165269,23.1736097742,0.066981030972,0.539170506912,1.3014890409,2834.55090574,0.416666666667,26.6647165269,0.181129722138,0.338492991511
long__state_motif_2__5gt7__c18eb8666c,LONG,2025,leave_one_stock_out_recomputed,RIVN,219,121,18,31.5446648265,17.2186986643,0.060622214651,0.534246575342,1.25250419131,3176.95344785,0.416666666667,21.5446648265,0.174132063731,0.326878853551
long__state_motif_2__5gt7__c18eb8666c,LONG,2025,leave_one_stock_out_recomputed,SMCI,213,117,18,32.719052164,23.1736097742,0.0650959446272,0.539906103286,1.26018731311,3116.07693392,0.416666666667,22.719052164,0.173454146259,0.327970470456
long__state_motif_2__5gt7__c18eb8666c,LONG,2025,leave_one_stock_out_recomputed,SOFI,218,120,18,33.0591972995,20.1961542193,0.0620828236767,0.536697247706,1.26555921693,2878.33003357,0.416666666667,23.0591972995,0.172497659561,0.332304427906
long__state_motif_2__5gt7__c18eb8666c,LONG,2025,leave_one_stock_out_recomputed,WULF,213,118,18,30.4431985174,10.7433444739,0.055664532925,0.530516431925,1.24668020521,2834.55090574,0.333333333333,20.4431985174,0.179003385972,0.351412687899
long__state_motif_2__5gt7__c18eb8666c,LONG,2026,leave_one_stock_out_recomputed,AAOI,46,33,17,38.6678822511,38.9508969783,0.0537588348683,0.521739130435,1.34698653403,1356.03165107,0.5,28.6678822511,0.20449074003,0.417131471331
long__state_motif_2__5gt7__c18eb8666c,LONG,2026,leave_one_stock_out_recomputed,APLD,54,38,17,51.0375745963,74.0069348395,0.100105969008,0.574074074074,1.5240577482,1356.03165107,0.5,41.0375745963,0.187447232806,0.415634926996
long__state_motif_2__5gt7__c18eb8666c,LONG,2026,leave_one_stock_out_recomputed,ASTS,54,38,17,52.2240053768,74.0069348395,0.102464501104,0.574074074074,1.54285334721,1356.03165107,0.5,42.2240053768,0.188996203025,0.419253363218
long__state_motif_2__5gt7__c18eb8666c,LONG,2026,leave_one_stock_out_recomputed,CIFR,54,38,17,54.7452901645,74.0069348395,0.103996627465,0.574074074074,1.58437672747,1356.03165107,0.5,44.7452901645,0.192374446258,0.42715605329
long__state_motif_2__5gt7__c18eb8666c,LONG,2026,leave_one_stock_out_recomputed,HIMS,51,35,17,31.2852152933,45.5223081499,0.0763606076085,0.549019607843,1.30061392456,1356.03165107,0.5,21.2852152933,0.20985535421,0.460004456652
long__state_motif_2__5gt7__c18eb8666c,LONG,2026,leave_one_stock_out_recomputed,IONQ,49,35,17,23.0172068726,39.3437158998,0.0604104616976,0.530612244898,1.20823167286,1356.03165107,0.5,13.0172068726,0.174337876043,0.316338397085
long__state_motif_2__5gt7__c18eb8666c,LONG,2026,leave_one_stock_out_recomputed,IREN,46,38,17,31.6821509293,57.4256271661,0.096474708092,0.565217391304,1.29258156396,1356.03165107,0.5,21.6821509293,0.214091776806,0.333406054483
long__state_motif_2__5gt7__c18eb8666c,LONG,2026,leave_one_stock_out_recomputed,MARA,54,38,17,54.4585372837,74.0069348395,0.105045449015,0.574074074074,1.57954185439,1356.03165107,0.5,44.4585372837,0.191984154744,0.42624227507
long__state_motif_2__5gt7__c18eb8666c,LONG,2026,leave_one_stock_out_recomputed,MP,55,39,18,47.1479748415,69.3289461823,0.0938077653739,0.563636363636,1.47827047469,1356.03165107,0.5,37.1479748415,0.183620997389,0.406710323714
long__state_motif_2__5gt7__c18eb8666c,LONG,2026,leave_one_stock_out_recomputed,MRNA,52,37,17,53.1368958078,74.0069348395,0.0839710500668,0.557692307692,1.54092461075,1356.03165107,0.5,43.1368958078,0.187617388235,0.387966266198
long__state_motif_2__5gt7__c18eb8666c,LONG,2026,leave_one_stock_out_recomputed,MSTR,51,38,17,49.414199315,78.6849234967,0.0750759458713,0.549019607843,1.48894258175,1356.03165107,0.5,39.414199315,0.185316585045,0.402833148842
long__state_motif_2__5gt7__c18eb8666c,LONG,2026,leave_one_stock_out_recomputed,NVTS,50,36,17,52.6557194716,74.0069348395,0.110971374941,0.58,1.56014014278,1356.03165107,0.5,42.6557194716,0.184537844287,0.498481262736
long__state_motif_2__5gt7__c18eb8666c,LONG,2026,leave_one_stock_out_recomputed,QBTS,54,39,17,41.0655469855,57.4256271661,0.0863067292645,0.555555555556,1.40899614099,1567.3276013,0.5,31.0655469855,0.192690466788,0.375805533794
long__state_motif_2__5gt7__c18eb8666c,LONG,2026,leave_one_stock_out_recomputed,RGTI,53,39,17,51.7892857712,69.3289461823,0.0948323266628,0.566037735849,1.55372766803,1040.03499264,0.666666666667,41.7892857712,0.187179125683,0.402585170716
long__state_motif_2__5gt7__c18eb8666c,LONG,2026,leave_one_stock_out_recomputed,RIOT,54,38,17,60.1179450163,74.0069348395,0.102216663192,0.574074074074,1.68076921235,785.27722079,0.5,50.1179450163,0.199992035942,0.374465529728
long__state_motif_2__5gt7__c18eb8666c,LONG,2026,leave_one_stock_out_recomputed,RIVN,53,38,17,40.9103184413,69.3289461823,0.0915766299447,0.566037735849,1.40830438837,1780.92338996,0.5,30.9103184413,0.193947659385,0.444694090215
long__state_motif_2__5gt7__c18eb8666c,LONG,2026,leave_one_stock_out_recomputed,SMCI,52,36,17,55.8098201582,74.0069348395,0.104029389995,0.576923076923,1.60980035182,1118.13123459,0.5,45.8098201582,0.191016845262,0.396495678473
long__state_motif_2__5gt7__c18eb8666c,LONG,2026,leave_one_stock_out_recomputed,SOFI,54,39,17,51.6021255292,74.0069348395,0.100612354957,0.574074074074,1.53294399841,1356.03165107,0.5,41.6021255292,0.188181115678,0.417348901533
long__state_motif_2__5gt7__c18eb8666c,LONG,2026,leave_one_stock_out_recomputed,WULF,54,38,17,49.4276313737,74.0069348395,0.104643294032,0.574074074074,1.49927323086,1356.03165107,0.5,39.4276313737,0.18538549284,0.402678629277
long__state_motif_3__4gt2gt4__427c3a9b1f,LONG,2024,leave_one_stock_out_recomputed,AAL,232,124,19,36.7341795477,29.9737602363,0.0767723915222,0.547413793103,1.5375898708,2030.36516383,0.666666666667,26.7341795477,0.138347392441,0.36397843256
long__state_motif_3__4gt2gt4__427c3a9b1f,LONG,2024,leave_one_stock_out_recomputed,AAOI,222,120,19,41.8975872113,37.779896331,0.0805294101678,0.554054054054,1.65224501813,2030.36516383,0.666666666667,31.8975872113,0.145056137691,0.337111551935
long__state_motif_3__4gt2gt4__427c3a9b1f,LONG,2024,leave_one_stock_out_recomputed,APLD,226,123,19,30.86466742,19.9603417302,0.0682208569085,0.53982300885,1.44602774095,2030.36516383,0.583333333333,20.86466742,0.151029600329,0.360885891619
long__state_motif_3__4gt2gt4__427c3a9b1f,LONG,2024,leave_one_stock_out_recomputed,ASTS,215,120,19,35.3283050096,22.9439952081,0.0789371202034,0.548837209302,1.52048405989,2030.36516383,0.666666666667,25.3283050096,0.145193100418,0.302673516809
long__state_motif_3__4gt2gt4__427c3a9b1f,LONG,2024,leave_one_stock_out_recomputed,CIFR,220,122,19,32.3292738903,19.9603417302,0.0679935449166,0.536363636364,1.4732930008,2030.36516383,0.666666666667,22.3292738903,0.149700008931,0.365978130805
long__state_motif_3__4gt2gt4__427c3a9b1f,LONG,2024,leave_one_stock_out_recomputed,HIMS,223,120,19,40.52401788,22.9439952081,0.0811103063639,0.551569506726,1.61113620245,2030.36516383,0.583333333333,30.52401788,0.142707099634,0.371312607659
long__state_motif_3__4gt2gt4__427c3a9b1f,LONG,2024,leave_one_stock_out_recomputed,IONQ,224,121,19,36.14591149,19.9603417302,0.0694154829873,0.540178571429,1.53057156139,2030.36516383,0.75,26.14591149,0.140796723954,0.382559381415
long__state_motif_3__4gt2gt4__427c3a9b1f,LONG,2024,leave_one_stock_out_recomputed,IREN,223,123,19,35.2329898466,21.5121607332,0.0687643318376,0.542600896861,1.53703493958,2030.36516383,0.583333333333,25.2329898466,0.142866260644,0.384192411486
long__state_motif_3__4gt2gt4__427c3a9b1f,LONG,2024,leave_one_stock_out_recomputed,MARA,218,124,19,28.3914704867,18.1846926741,0.065512882551,0.536697247706,1.40626509746,2030.36516383,0.75,18.3914704867,0.159137952031,0.342687517067
long__state_motif_3__4gt2gt4__427c3a9b1f,LONG,2024,leave_one_stock_out_recomputed,MP,224,121,19,40.2925026483,29.9737602363,0.0770513688617,0.549107142857,1.60069938692,2030.36516383,0.666666666667,30.2925026483,0.142608094086,0.357883180639
long__state_motif_3__4gt2gt4__427c3a9b1f,LONG,2024,leave_one_stock_out_recomputed,MRNA,227,122,19,38.5664766131,22.9439952081,0.0770420036394,0.550660792952,1.57182942778,2030.36516383,0.666666666667,28.5664766131,0.140281948641,0.358440752007
long__state_motif_3__4gt2gt4__427c3a9b1f,LONG,2024,leave_one_stock_out_recomputed,MSTR,226,122,19,32.9432860467,18.1846926741,0.0649281669508,0.535398230088,1.47242676455,2876.98645478,0.666666666667,22.9432860467,0.14656673383,0.361023538848
long__state_motif_3__4gt2gt4__427c3a9b1f,LONG,2024,leave_one_stock_out_recomputed,NVTS,227,123,19,36.9400490335,21.8066157761,0.072897801052,0.546255506608,1.54497364834,1936.77797074,0.583333333333,26.9400490335,0.138382573348,0.380187071987
long__state_motif_3__4gt2gt4__427c3a9b1f,LONG,2024,leave_one_stock_out_recomputed,QBTS,230,125,19,39.896181888,29.9737602363,0.0806290949395,0.552173913043,1.60513688024,1310.24459836,0.666666666667,29.896181888,0.143934790838,0.371498144323
long__state_motif_3__4gt2gt4__427c3a9b1f,LONG,2024,leave_one_stock_out_recomputed,RGTI,224,122,19,41.3627392399,37.779896331,0.0856977762079,0.558035714286,1.65116282128,1163.61324257,0.833333333333,31.3627392399,0.144731674618,0.396724979849
long__state_motif_3__4gt2gt4__427c3a9b1f,LONG,2024,leave_one_stock_out_recomputed,RIOT,214,123,19,31.8989395661,18.1846926741,0.0639110334278,0.523364485981,1.45195224763,2230.06573138,0.666666666667,21.8989395661,0.152502866571,0.33149138138
long__state_motif_3__4gt2gt4__427c3a9b1f,LONG,2024,leave_one_stock_out_recomputed,RIVN,221,120,19,39.7840731257,38.5562673977,0.0833368240067,0.556561085973,1.57822760888,2030.36516383,0.666666666667,29.7840731257,0.140600991567,0.358531322902
long__state_motif_3__4gt2gt4__427c3a9b1f,LONG,2024,leave_one_stock_out_recomputed,SMCI,223,123,19,37.4164891906,21.8066157761,0.0752816750803,0.547085201794,1.5463620812,2030.36516383,0.666666666667,27.4164891906,0.138724602451,0.386519159904
long__state_motif_3__4gt2gt4__427c3a9b1f,LONG,2024,leave_one_stock_out_recomputed,SOFI,224,121,19,34.9849061358,22.3753054921,0.0757088272829,0.544642857143,1.50234637781,2030.36516383,0.583333333333,24.9849061358,0.143044637114,0.377983406071
long__state_motif_3__4gt2gt4__427c3a9b1f,LONG,2024,leave_one_stock_out_recomputed,WULF,222,121,19,27.5943363988,13.9199361973,0.0591432569153,0.531531531532,1.40221844099,2030.36516383,0.583333333333,17.5943363988,0.155481237989,0.28735896366
long__state_motif_3__4gt2gt4__427c3a9b1f,LONG,2025,leave_one_stock_out_recomputed,AAL,178,111,19,-13.8086115619,-11.5098391467,0.00760111214623,0.477528089888,0.834898730006,4488.12374986,0.25,-23.8086115619,0.142508904389,0.135118233807
long__state_motif_3__4gt2gt4__427c3a9b1f,LONG,2025,leave_one_stock_out_recomputed,AAOI,177,113,19,-14.5163872076,-10,0.00859278388012,0.480225988701,0.821159732815,4554.03057475,0.333333333333,-24.5163872076,0.144282075873,0.132849256906
long__state_motif_3__4gt2gt4__427c3a9b1f,LONG,2025,leave_one_stock_out_recomputed,APLD,183,114,19,-11.1505039753,-9.03216409077,0.0212109064568,0.491803278689,0.862817535008,4367.00918422,0.25,-21.1505039753,0.145710334572,0.137174072147
long__state_motif_3__4gt2gt4__427c3a9b1f,LONG,2025,leave_one_stock_out_recomputed,ASTS,179,111,19,-12.756879108,-10,0.00912534672661,0.480446927374,0.845733465782,4422.72743847,0.25,-22.756879108,0.141826222348,0.1407478512
long__state_motif_3__4gt2gt4__427c3a9b1f,LONG,2025,leave_one_stock_out_recomputed,CIFR,179,111,19,-10.6771124305,-10,0.0132850060659,0.486033519553,0.865726814163,4050.44920319,0.333333333333,-20.6771124305,0.147866274879,0.155614351639
long__state_motif_3__4gt2gt4__427c3a9b1f,LONG,2025,leave_one_stock_out_recomputed,HIMS,179,110,19,-8.68710494447,-10,0.0134725585633,0.486033519553,0.887677692518,3694.2378632,0.333333333333,-18.6871049445,0.154147747301,0.134965092074
long__state_motif_3__4gt2gt4__427c3a9b1f,LONG,2025,leave_one_stock_out_recomputed,IONQ,181,113,19,-10.728839586,-10,0.0140669477686,0.486187845304,0.867800071715,4081.16604321,0.333333333333,-20.728839586,0.147348502598,0.129251814676
long__state_motif_3__4gt2gt4__427c3a9b1f,LONG,2025,leave_one_stock_out_recomputed,IREN,175,110,19,-6.03606890344,-1.21651295564,0.0294800042886,0.497142857143,0.92229349294,3195.55813624,0.25,-16.0360689034,0.109848425935,0.161708199411
long__state_motif_3__4gt2gt4__427c3a9b1f,LONG,2025,leave_one_stock_out_recomputed,MARA,170,108,19,-11.9832952523,-9.51608204539,0.0128992993145,0.488235294118,0.85370840497,4176.40627103,0.416666666667,-21.9832952523,0.145765908586,0.123262793241
long__state_motif_3__4gt2gt4__427c3a9b1f,LONG,2025,leave_one_stock_out_recomputed,MP,175,113,19,-17.6333140457,-13.0196782935,0.000892090741876,0.474285714286,0.791902647933,5225.07603613,0.25,-27.6333140457,0.153108182338,0.149343171022
long__state_motif_3__4gt2gt4__427c3a9b1f,LONG,2025,leave_one_stock_out_recomputed,MRNA,181,113,19,-17.556184432,-13.2031397174,-0.00392947575173,0.469613259669,0.79070863537,5316.91546033,0.25,-27.556184432,0.154792111348,0.152357645489
long__state_motif_3__4gt2gt4__427c3a9b1f,LONG,2025,leave_one_stock_out_recomputed,MSTR,178,109,19,-10.8956937353,-9.51608204539,0.0208960550573,0.488764044944,0.866773530366,4078.67956301,0.25,-20.8956937353,0.147390280534,0.162365210569
long__state_motif_3__4gt2gt4__427c3a9b1f,LONG,2025,leave_one_stock_out_recomputed,NVTS,181,112,19,-12.8385966009,-9.03216409077,0.0165301497489,0.491712707182,0.845569179525,4463.03206289,0.25,-22.8385966009,0.141201770496,0.13233833417
long__state_motif_3__4gt2gt4__427c3a9b1f,LONG,2025,leave_one_stock_out_recomputed,QBTS,177,108,19,-10.7020972399,-9.03216409077,0.0197740112994,0.491525423729,0.866280377563,4033.5172896,0.25,-20.7020972399,0.148153243056,0.143132592173
long__state_motif_3__4gt2gt4__427c3a9b1f,LONG,2025,leave_one_stock_out_recomputed,RGTI,172,107,19,-10.4098565824,-9.51608204539,0.0147256122604,0.488372093023,0.863954220507,3929.74141031,0.416666666667,-20.4098565824,0.149936701269,0.142756350071
long__state_motif_3__4gt2gt4__427c3a9b1f,LONG,2025,leave_one_stock_out_recomputed,RIOT,169,110,19,-9.75700794236,-10,0.0183076200157,0.491124260355,0.881171311379,4081.64993052,0.25,-19.7570079424,0.152439913302,0.1346932856
long__state_motif_3__4gt2gt4__427c3a9b1f,LONG,2025,leave_one_stock_out_recomputed,RIVN,175,112,19,-15.6735861944,-13.0196782935,0.00063526096545,0.474285714286,0.815897596801,4488.12374986,0.25,-25.6735861944,0.147131167987,0.128382841931
long__state_motif_3__4gt2gt4__427c3a9b1f,LONG,2025,leave_one_stock_out_recomputed,SMCI,177,113,19,-14.0423603147,-10,0.00629113838868,0.480225988701,0.829950049924,4488.12374986,0.25,-24.0423603147,0.142943324559,0.122384682098
long__state_motif_3__4gt2gt4__427c3a9b1f,LONG,2025,leave_one_stock_out_recomputed,SOFI,172,105,19,-14.3705399352,-12.4769150117,0.00762368136816,0.476744186047,0.831363791439,4488.12374986,0.25,-24.3705399352,0.142726060526,0.14315293105
long__state_motif_3__4gt2gt4__427c3a9b1f,LONG,2025,leave_one_stock_out_recomputed,WULF,176,108,19,-18.2682030148,-11.5098391467,0.00316773394934,0.477272727273,0.774646726359,4488.12374986,0.25,-28.2682030148,0.15549103617,0.192448168391
long__state_motif_3__4gt2gt4__427c3a9b1f,LONG,2026,leave_one_stock_out_recomputed,AAOI,84,49,17,12.8427557606,15.2318017607,0.0439244663383,0.547619047619,1.19708204898,1594.44764765,0.666666666667,2.84275576056,0.158371380491,0.413385344556
long__state_motif_3__4gt2gt4__427c3a9b1f,LONG,2026,leave_one_stock_out_recomputed,APLD,80,49,17,21.6466561618,16.3988882803,0.0510318949343,0.5625,1.36283797193,1594.44764765,0.666666666667,11.6466561618,0.176232063804,0.393729072205
long__state_motif_3__4gt2gt4__427c3a9b1f,LONG,2026,leave_one_stock_out_recomputed,ASTS,82,49,17,5.98046866722,6.9993600121,0.0161953050783,0.524390243902,1.08904878332,1594.44764765,0.666666666667,-4.01953133278,0.16637151164,0.497903818175
long__state_motif_3__4gt2gt4__427c3a9b1f,LONG,2026,leave_one_stock_out_recomputed,CIFR,79,49,17,-1.02314582896,3.19254612046,-0.00172301622903,0.506329113924,0.985177675271,1594.44764765,0.666666666667,-11.023145829,0.142448715375,0.331112789074
long__state_motif_3__4gt2gt4__427c3a9b1f,LONG,2026,leave_one_stock_out_recomputed,HIMS,81,47,17,16.1815870772,14.7660979637,0.0335138392715,0.543209876543,1.2699197085,1594.44764765,0.5,6.18158707724,0.164285232298,0.509526936531
long__state_motif_3__4gt2gt4__427c3a9b1f,LONG,2026,leave_one_stock_out_recomputed,IONQ,81,47,17,13.5836055834,9.67970431292,0.0236253772935,0.530864197531,1.22067219874,1594.44764765,0.5,3.58360558342,0.158901180657,0.45453212756
long__state_motif_3__4gt2gt4__427c3a9b1f,LONG,2026,leave_one_stock_out_recomputed,IREN,83,50,17,8.38340055358,4.31901571128,0.013185027631,0.518072289157,1.12396362078,1594.44764765,0.5,-1.61659944642,0.160979355828,0.403489726373
long__state_motif_3__4gt2gt4__427c3a9b1f,LONG,2026,leave_one_stock_out_recomputed,MARA,81,50,17,6.24130974128,3.19254612046,0.000107177410478,0.506172839506,1.09006513378,1594.44764765,0.5,-3.75869025872,0.165961595933,0.400880739707
long__state_motif_3__4gt2gt4__427c3a9b1f,LONG,2026,leave_one_stock_out_recomputed,MP,78,47,17,8.83669203212,12.2229011383,0.0301714017375,0.538461538462,1.1252804271,1594.44764765,0.5,-1.16330796788,0.161146147419,0.426650265099
long__state_motif_3__4gt2gt4__427c3a9b1f,LONG,2026,leave_one_stock_out_recomputed,MRNA,83,48,17,12.0027771296,15.6975055578,0.0443510315311,0.542168674699,1.1796077729,1594.44764765,0.666666666667,2.00277712958,0.156367551374,0.430168946963
long__state_motif_3__4gt2gt4__427c3a9b1f,LONG,2026,leave_one_stock_out_recomputed,MSTR,78,45,17,7.58236874002,6.9993600121,0.0132358252077,0.525641025641,1.11312995839,1594.44764765,0.5,-2.41763125998,0.163675268214,0.335971727518
long__state_motif_3__4gt2gt4__427c3a9b1f,LONG,2026,leave_one_stock_out_recomputed,NVTS,83,48,17,6.5374232021,14.7660979637,0.0369954713269,0.542168674699,1.10015490771,1594.44764765,0.666666666667,-3.4625767979,0.164967167667,0.384790183005
long__state_motif_3__4gt2gt4__427c3a9b1f,LONG,2026,leave_one_stock_out_recomputed,QBTS,80,48,17,13.2161986801,12.6886049354,0.0307511737089,0.5375,1.20980465506,1287.82594455,0.5,3.2161986801,0.157844734654,0.442591744637
long__state_motif_3__4gt2gt4__427c3a9b1f,LONG,2026,leave_one_stock_out_recomputed,RGTI,86,50,18,10.9243497401,12.2229011383,0.0287945908137,0.53488372093,1.16737476884,1594.44764765,0.666666666667,0.924349740078,0.155019650843,0.430693467292
long__state_motif_3__4gt2gt4__427c3a9b1f,LONG,2026,leave_one_stock_out_recomputed,RIOT,83,49,17,14.7780560976,14.7660979637,0.0341666855037,0.542168674699,1.23394854303,1307.36306919,0.666666666667,4.77805609763,0.162089565489,0.498626090862
long__state_motif_3__4gt2gt4__427c3a9b1f,LONG,2026,leave_one_stock_out_recomputed,RIVN,80,46,17,18.2383840356,18.1751770451,0.0630388940956,0.5625,1.2866982525,1074.87100245,0.666666666667,8.23838403556,0.168305761107,0.458501381721
long__state_motif_3__4gt2gt4__427c3a9b1f,LONG,2026,leave_one_stock_out_recomputed,SMCI,82,48,17,16.0483572854,15.2318017607,0.0393014350233,0.548780487805,1.25234032345,1196.37279427,0.666666666667,6.04835728542,0.164424401818,0.436154166066
long__state_motif_3__4gt2gt4__427c3a9b1f,LONG,2026,leave_one_stock_out_recomputed,SOFI,85,50,17,11.0153121356,14.7660979637,0.0324206338242,0.529411764706,1.1668060035,1594.44764765,0.666666666667,1.0153121356,0.1550948796,0.431107156577
long__state_motif_3__4gt2gt4__427c3a9b1f,LONG,2026,leave_one_stock_out_recomputed,WULF,79,49,17,4.1040635745,4.31901571128,0.0115818781857,0.518987341772,1.06170564102,1594.44764765,0.666666666667,-5.8959364255,0.171005155405,0.367065466692
long__state_motif_3__7gt5gt7__a8f904db4a,LONG,2024,leave_one_stock_out_recomputed,AAL,149,93,17,50.2834802317,12.2638579271,0.0585763720823,0.510067114094,1.37715626573,2754.8535275,0.666666666667,40.2834802317,0.290190944955,0.289418970949
long__state_motif_3__7gt5gt7__a8f904db4a,LONG,2024,leave_one_stock_out_recomputed,AAOI,147,91,16,46.3246894947,3.04386107941,0.0546055271011,0.503401360544,1.34279902805,2754.8535275,0.666666666667,36.3246894947,0.304970921375,0.289446423727
long__state_motif_3__7gt5gt7__a8f904db4a,LONG,2024,leave_one_stock_out_recomputed,APLD,138,86,16,46.6525831194,19.6084639367,0.0738640530096,0.521739130435,1.35927807596,2754.8535275,0.75,36.6525831194,0.313670864949,0.35206959905
long__state_motif_3__7gt5gt7__a8f904db4a,LONG,2024,leave_one_stock_out_recomputed,ASTS,139,87,16,24.499986358,-3.59272349735,0.0472155207388,0.489208633094,1.17339074882,2754.8535275,0.5,14.499986358,0.210792980304,0.181641831924
long__state_motif_3__7gt5gt7__a8f904db4a,LONG,2024,leave_one_stock_out_recomputed,CIFR,148,92,16,55.3145046336,14.1960297496,0.0656593925825,0.513513513514,1.42703276055,2754.8535275,0.666666666667,45.3145046336,0.305239681653,0.275481987158
long__state_motif_3__7gt5gt7__a8f904db4a,LONG,2024,leave_one_stock_out_recomputed,HIMS,144,91,16,55.2360881991,14.1960297496,0.067875378611,0.513888888889,1.42092534322,2754.8535275,0.666666666667,45.2360881991,0.300028422746,0.293263283352
long__state_motif_3__7gt5gt7__a8f904db4a,LONG,2024,leave_one_stock_out_recomputed,IONQ,141,91,16,50.4845694256,3.04386107941,0.056940812268,0.503546099291,1.36652021352,2754.8535275,0.666666666667,40.4845694256,0.298105917857,0.288126608149
long__state_motif_3__7gt5gt7__a8f904db4a,LONG,2024,leave_one_stock_out_recomputed,IREN,148,92,16,49.717589965,7.65385950325,0.0575535695058,0.506756756757,1.37040898584,2754.8535275,0.666666666667,39.717589965,0.292979395032,0.292273482111
long__state_motif_3__7gt5gt7__a8f904db4a,LONG,2024,leave_one_stock_out_recomputed,MARA,149,93,17,50.2834802317,12.2638579271,0.0642814312857,0.510067114094,1.37715626573,2754.8535275,0.666666666667,40.2834802317,0.290190944955,0.289418970949
long__state_motif_3__7gt5gt7__a8f904db4a,LONG,2024,leave_one_stock_out_recomputed,MP,148,92,16,50.6742110959,14.1960297496,0.0659509827613,0.513513513514,1.37767950363,2754.8535275,0.727272727273,40.6742110959,0.290346493034,0.289578166313
long__state_motif_3__7gt5gt7__a8f904db4a,LONG,2024,leave_one_stock_out_recomputed,MRNA,145,91,16,45.80887046,-2.25669984324,0.0468733875069,0.496551724138,1.334370008,2754.8535275,0.666666666667,35.80887046,0.30882986131,0.291075931985
long__state_motif_3__7gt5gt7__a8f904db4a,LONG,2024,leave_one_stock_out_recomputed,MSTR,120,79,16,69.6127105367,9.58603132577,0.0605033881897,0.508333333333,1.50833516476,2754.8535275,0.666666666667,59.6127105367,0.309094608356,0.292965451323
long__state_motif_3__7gt5gt7__a8f904db4a,LONG,2024,leave_one_stock_out_recomputed,NVTS,143,92,16,48.117430861,12.2638579271,0.0609758023458,0.51048951049,1.35434462376,2804.15875616,0.666666666667,38.117430861,0.303362173768,0.284682816971
long__state_motif_3__7gt5gt7__a8f904db4a,LONG,2024,leave_one_stock_out_recomputed,QBTS,125,85,16,54.5842692744,16.1282015721,0.0708899645047,0.52,1.45967069403,2861.91770998,0.583333333333,44.5842692744,0.304668438363,0.358197670537
long__state_motif_3__7gt5gt7__a8f904db4a,LONG,2024,leave_one_stock_out_recomputed,RGTI,125,87,16,67.2974042652,23.67003367,0.0869120619222,0.536,1.58449648757,1676.86319979,0.727272727273,57.2974042652,0.310471838734,0.366949661263
long__state_motif_3__7gt5gt7__a8f904db4a,LONG,2024,leave_one_stock_out_recomputed,RIOT,149,93,17,50.2834802317,12.2638579271,0.0625938409296,0.510067114094,1.37715626573,2754.8535275,0.666666666667,40.2834802317,0.290190944955,0.289418970949
long__state_motif_3__7gt5gt7__a8f904db4a,LONG,2024,leave_one_stock_out_recomputed,RIVN,147,92,16,51.8209708009,16.1282015721,0.0686540278113,0.517006802721,1.38590800879,2754.8535275,0.666666666667,41.8209708009,0.292799060958,0.286797475639
long__state_motif_3__7gt5gt7__a8f904db4a,LONG,2024,leave_one_stock_out_recomputed,SMCI,130,85,16,41.4239287909,0.393580618081,0.0518943001234,0.5,1.28330474927,2754.8535275,0.666666666667,31.4239287909,0.34124966357,0.230415848674
long__state_motif_3__7gt5gt7__a8f904db4a,LONG,2024,leave_one_stock_out_recomputed,SOFI,148,92,16,49.1470513293,7.65385950325,0.0578516844258,0.506756756757,1.36615832451,2754.8535275,0.666666666667,39.1470513293,0.294763748407,0.294100861942
long__state_motif_3__7gt5gt7__a8f904db4a,LONG,2024,leave_one_stock_out_recomputed,WULF,148,93,16,52.1439755139,14.1960297496,0.0659000136721,0.513513513514,1.3929381491,2754.8535275,0.666666666667,42.1439755139,0.294904024461,0.294244545438
long__state_motif_3__7gt5gt7__a8f904db4a,LONG,2025,leave_one_stock_out_recomputed,AAL,173,109,18,38.8303783543,23.9387060159,0.0729385155365,0.543352601156,1.31054771461,2753.91564156,0.416666666667,28.8303783543,0.196667210595,0.383678402438
long__state_motif_3__7gt5gt7__a8f904db4a,LONG,2025,leave_one_stock_out_recomputed,AAOI,172,108,18,36.2346118115,23.3148917632,0.0684075257012,0.53488372093,1.28747468515,2801.93787251,0.416666666667,26.2346118115,0.202389722274,0.387639154217
long__state_motif_3__7gt5gt7__a8f904db4a,LONG,2025,leave_one_stock_out_recomputed,APLD,160,108,18,55.4344108635,35.7375911539,0.0950155512656,0.55625,1.4707052184,2245.68466158,0.416666666667,45.4344108635,0.233102272431,0.402570100458
long__state_motif_3__7gt5gt7__a8f904db4a,LONG,2025,leave_one_stock_out_recomputed,ASTS,172,110,18,38.4439851193,23.6974398841,0.0742806020209,0.540697674419,1.30517089822,2811.18342538,0.416666666667,28.4439851193,0.196799375929,0.380608603499
long__state_motif_3__7gt5gt7__a8f904db4a,LONG,2025,leave_one_stock_out_recomputed,CIFR,154,98,18,43.2756675442,20.1961542193,0.0625848682149,0.532467532468,1.35914011595,2759.0960641,0.5,33.2756675442,0.196057096143,0.38819154307
long__state_motif_3__7gt5gt7__a8f904db4a,LONG,2025,leave_one_stock_out_recomputed,HIMS,155,101,18,34.608585046,32.25,0.0788176657898,0.541935483871,1.26409885435,2423.80300586,0.416666666667,24.608585046,0.216433119312,0.449326912483
long__state_motif_3__7gt5gt7__a8f904db4a,LONG,2025,leave_one_stock_out_recomputed,IONQ,168,110,18,28.366280324,23.3148917632,0.0678356928357,0.535714285714,1.22423965111,2753.91564156,0.416666666667,18.366280324,0.227313827391,0.313957533797
long__state_motif_3__7gt5gt7__a8f904db4a,LONG,2025,leave_one_stock_out_recomputed,IREN,173,109,18,40.6183328408,23.9387060159,0.0754915649823,0.543352601156,1.32955941335,2753.91564156,0.416666666667,30.6183328408,0.201187481556,0.389237540386
long__state_motif_3__7gt5gt7__a8f904db4a,LONG,2025,leave_one_stock_out_recomputed,MARA,174,110,19,38.3312254272,23.6974398841,0.0711819227086,0.540229885057,1.30764474348,2753.91564156,0.416666666667,28.3312254272,0.195983577679,0.382175698817
long__state_motif_3__7gt5gt7__a8f904db4a,LONG,2025,leave_one_stock_out_recomputed,MP,151,99,18,41.3425198415,17.2186986643,0.0593972941477,0.529801324503,1.32057581515,2753.91564156,0.416666666667,31.3425198415,0.202232998944,0.452692099555
long__state_motif_3__7gt5gt7__a8f904db4a,LONG,2025,leave_one_stock_out_recomputed,MRNA,168,107,18,39.5688942525,23.6974398841,0.0723662359031,0.541666666667,1.31502340724,2753.91564156,0.416666666667,29.5688942525,0.196297013038,0.379597977131
long__state_motif_3__7gt5gt7__a8f904db4a,LONG,2025,leave_one_stock_out_recomputed,MSTR,172,109,18,40.2747649004,28.0943530079,0.0780557101396,0.546511627907,1.32337078255,2753.91564156,0.416666666667,30.2747649004,0.199707785716,0.386125759403
long__state_motif_3__7gt5gt7__a8f904db4a,LONG,2025,leave_one_stock_out_recomputed,NVTS,153,104,18,48.2317914762,33.8374940784,0.0894005502111,0.555555555556,1.40248423852,2753.91564156,0.416666666667,38.2317914762,0.206598858213,0.398118914725
long__state_motif_3__7gt5gt7__a8f904db4a,LONG,2025,leave_one_stock_out_recomputed,QBTS,149,102,18,26.5913918436,23.1736097742,0.0676259811171,0.536912751678,1.2207827694,2753.91564156,0.5,16.5913918436,0.198052928943,0.295023370256
long__state_motif_3__7gt5gt7__a8f904db4a,LONG,2025,leave_one_stock_out_recomputed,RGTI,155,104,18,30.5562996625,23.4561737523,0.0657383654487,0.535483870968,1.24724809222,2753.91564156,0.416666666667,20.5562996625,0.227874547892,0.305802459385
long__state_motif_3__7gt5gt7__a8f904db4a,LONG,2025,leave_one_stock_out_recomputed,RIOT,173,109,18,37.7181612878,23.4561737523,0.0710832125868,0.537572254335,1.30098452251,2753.91564156,0.416666666667,27.7181612878,0.198053587858,0.379394349327
long__state_motif_3__7gt5gt7__a8f904db4a,LONG,2025,leave_one_stock_out_recomputed,RIVN,173,110,18,37.2631816929,23.4561737523,0.0694379034097,0.537572254335,1.2973538626,2753.91564156,0.416666666667,27.2631816929,0.199200526574,0.377895145302
long__state_motif_3__7gt5gt7__a8f904db4a,LONG,2025,leave_one_stock_out_recomputed,SMCI,169,107,18,39.372060433,23.9387060159,0.0752912386795,0.544378698225,1.31475342675,2753.91564156,0.416666666667,29.372060433,0.196207337773,0.38187023615
long__state_motif_3__7gt5gt7__a8f904db4a,LONG,2025,leave_one_stock_out_recomputed,SOFI,173,110,18,37.714887744,23.4561737523,0.0685525696596,0.537572254335,1.30095840018,2753.91564156,0.416666666667,27.714887744,0.198061792822,0.379383520183
long__state_motif_3__7gt5gt7__a8f904db4a,LONG,2025,leave_one_stock_out_recomputed,WULF,169,107,18,34.050530548,23.1736097742,0.0634151788122,0.532544378698,1.26945293651,2753.91564156,0.333333333333,24.050530548,0.20988624577,0.38515189218
long__state_motif_3__7gt5gt7__a8f904db4a,LONG,2026,leave_one_stock_out_recomputed,AAOI,35,25,13,55.8910908427,45.5223081499,0.103448275862,0.571428571429,1.59197039549,1427.56200456,0.666666666667,45.8910908427,0.224513011217,0.550457286243
long__state_motif_3__7gt5gt7__a8f904db4a,LONG,2026,leave_one_stock_out_recomputed,APLD,42,30,13,68.1944209039,102.097493347,0.145079513982,0.619047619048,1.83324713471,1427.56200456,0.833333333333,58.1944209039,0.202301500737,0.512457866959
long__state_motif_3__7gt5gt7__a8f904db4a,LONG,2026,leave_one_stock_out_recomputed,ASTS,42,30,13,69.7198319074,102.097493347,0.147438046077,0.619047619048,1.86806513895,1427.56200456,0.666666666667,59.7198319074,0.204528172291,0.490480378343
long__state_motif_3__7gt5gt7__a8f904db4a,LONG,2026,leave_one_stock_out_recomputed,CIFR,43,31,14,62.8203550242,98.266051591,0.134573716182,0.604651162791,1.75030322417,1427.56200456,0.666666666667,52.8203550242,0.196852665455,0.516485263749
long__state_motif_3__7gt5gt7__a8f904db4a,LONG,2026,leave_one_stock_out_recomputed,HIMS,39,27,13,43.6841699928,78.6849234967,0.117084589509,0.589743589744,1.48872674035,1427.56200456,0.5,33.6841699928,0.235738647964,0.639564527284
long__state_motif_3__7gt5gt7__a8f904db4a,LONG,2026,leave_one_stock_out_recomputed,IONQ,38,27,13,39.757038497,62.1036158233,0.108745585221,0.578947368421,1.42028494955,1427.56200456,0.666666666667,29.757038497,0.205384216561,0.432530916233
long__state_motif_3__7gt5gt7__a8f904db4a,LONG,2026,leave_one_stock_out_recomputed,IREN,37,31,13,61.8774571505,98.266051591,0.152878938409,0.621621621622,1.70047057643,1427.56200456,0.666666666667,51.8774571505,0.211236483724,0.465234760516
long__state_motif_3__7gt5gt7__a8f904db4a,LONG,2026,leave_one_stock_out_recomputed,MARA,43,31,14,62.8203550242,98.266051591,0.135622537732,0.604651162791,1.75030322417,1427.56200456,0.666666666667,52.8203550242,0.196852665455,0.516485263749
long__state_motif_3__7gt5gt7__a8f904db4a,LONG,2026,leave_one_stock_out_recomputed,MP,43,31,14,62.8203550242,98.266051591,0.134822564528,0.604651162791,1.75030322417,1427.56200456,0.666666666667,52.8203550242,0.196852665455,0.516485263749
long__state_motif_3__7gt5gt7__a8f904db4a,LONG,2026,leave_one_stock_out_recomputed,MRNA,40,29,13,71.7813807942,116.022235798,0.126278742374,0.6,1.87365763051,1427.56200456,0.666666666667,61.7813807942,0.202545511164,0.475751297801
long__state_motif_3__7gt5gt7__a8f904db4a,LONG,2026,leave_one_stock_out_recomputed,MSTR,40,31,13,59.01464892,102.097493347,0.101056338028,0.575,1.65567373921,1427.56200456,0.666666666667,49.01464892,0.20860408604,0.478409653364
long__state_motif_3__7gt5gt7__a8f904db4a,LONG,2026,leave_one_stock_out_recomputed,NVTS,38,27,13,72.1295427195,102.097493347,0.16255032231,0.631578947368,1.9521840691,1427.56200456,0.5,62.1295427195,0.198151701205,0.704313344408
long__state_motif_3__7gt5gt7__a8f904db4a,LONG,2026,leave_one_stock_out_recomputed,QBTS,42,31,13,55.3732425471,88.4754875439,0.125989268947,0.595238095238,1.64597724023,1638.85795479,0.666666666667,45.3732425471,0.209887967989,0.46997963624
long__state_motif_3__7gt5gt7__a8f904db4a,LONG,2026,leave_one_stock_out_recomputed,RGTI,42,31,13,56.8587613247,88.4754875439,0.124032686052,0.595238095238,1.6633071143,1576.46616613,0.666666666667,46.8587613247,0.207604372226,0.478314669484
long__state_motif_3__7gt5gt7__a8f904db4a,LONG,2026,leave_one_stock_out_recomputed,RIOT,42,30,13,79.8691828724,102.097493347,0.147190208166,0.619047619048,2.13827259219,774.33158996,0.666666666667,69.8691828724,0.220690025463,0.448104474084
long__state_motif_3__7gt5gt7__a8f904db4a,LONG,2026,leave_one_stock_out_recomputed,RIVN,42,31,13,66.9717785865,102.097493347,0.144586513143,0.619047619048,1.80626319002,1316.02256997,0.666666666667,56.9717785865,0.200551486998,0.53030313257
long__state_motif_3__7gt5gt7__a8f904db4a,LONG,2026,leave_one_stock_out_recomputed,SMCI,40,28,13,75.2561824496,102.097493347,0.152106313072,0.625,2.02478156516,764.769849195,0.5,65.2561824496,0.207451157668,0.502677261999
long__state_motif_3__7gt5gt7__a8f904db4a,LONG,2026,leave_one_stock_out_recomputed,SOFI,43,31,14,62.8203550242,98.266051591,0.131189443674,0.604651162791,1.75030322417,1427.56200456,0.666666666667,52.8203550242,0.196852665455,0.516485263749
long__state_motif_3__7gt5gt7__a8f904db4a,LONG,2026,leave_one_stock_out_recomputed,WULF,43,31,14,62.8203550242,98.266051591,0.135220382749,0.604651162791,1.75030322417,1427.56200456,0.666666666667,52.8203550242,0.196852665455,0.516485263749
short__body_to_range_bin__bearish__stock_vs_market_return_bin__below_minus_one_scale__universe_breadth_bin__strong__8171d7634b,SHORT,2024,leave_one_stock_out_recomputed,AAL,156,97,19,42.6599355726,37.4648172642,0.112875714167,0.596153846154,1.78572813784,1616.92379861,0.666666666667,32.6599355726,0.123938995322,0.216710067378
short__body_to_range_bin__bearish__stock_vs_market_return_bin__below_minus_one_scale__universe_breadth_bin__strong__8171d7634b,SHORT,2024,leave_one_stock_out_recomputed,AAOI,148,95,18,27.3972745308,14.8791604554,0.0597666112087,0.547297297297,1.46134658512,1772.70918908,0.583333333333,17.3972745308,0.152166362669,0.23702762106
short__body_to_range_bin__bearish__stock_vs_market_return_bin__below_minus_one_scale__universe_breadth_bin__strong__8171d7634b,SHORT,2024,leave_one_stock_out_recomputed,APLD,151,94,19,38.4742037659,21.0438931298,0.0688259773185,0.556291390728,1.7288111119,1311.94102695,0.75,28.4742037659,0.136628619104,0.22529914947
short__body_to_range_bin__bearish__stock_vs_market_return_bin__below_minus_one_scale__universe_breadth_bin__strong__8171d7634b,SHORT,2024,leave_one_stock_out_recomputed,ASTS,152,94,19,27.6512749865,22.7537515892,0.0858718308902,0.572368421053,1.50827901719,1985.91479922,0.666666666667,17.6512749865,0.139952523442,0.196447464496
short__body_to_range_bin__bearish__stock_vs_market_return_bin__below_minus_one_scale__universe_breadth_bin__strong__8171d7634b,SHORT,2024,leave_one_stock_out_recomputed,CIFR,162,94,19,39.050783169,34.2972422112,0.102556797429,0.586419753086,1.70145238048,1310.33820081,0.75,29.050783169,0.124187479305,0.198189132417
short__body_to_range_bin__bearish__stock_vs_market_return_bin__below_minus_one_scale__universe_breadth_bin__strong__8171d7634b,SHORT,2024,leave_one_stock_out_recomputed,HIMS,151,94,19,33.1819753586,23.440408424,0.0935179826905,0.576158940397,1.56822655961,1621.26722464,0.75,23.1819753586,0.152862958042,0.271521992599
short__body_to_range_bin__bearish__stock_vs_market_return_bin__below_minus_one_scale__universe_breadth_bin__strong__8171d7634b,SHORT,2024,leave_one_stock_out_recomputed,IONQ,149,96,18,28.8858000076,19.7840655249,0.068928047011,0.557046979866,1.48549880398,1745.4162298,0.75,18.8858000076,0.133029573642,0.244253871027
short__body_to_range_bin__bearish__stock_vs_market_return_bin__below_minus_one_scale__universe_breadth_bin__strong__8171d7634b,SHORT,2024,leave_one_stock_out_recomputed,IREN,160,95,19,37.5875101394,23.7995645025,0.0911866049316,0.575,1.67434263673,1484.5032989,0.666666666667,27.5875101394,0.120624047216,0.209426139745
short__body_to_range_bin__bearish__stock_vs_market_return_bin__below_minus_one_scale__universe_breadth_bin__strong__8171d7634b,SHORT,2024,leave_one_stock_out_recomputed,MARA,160,96,19,30.9692688682,21.1762004518,0.0761437029064,0.55625,1.52330015772,1465.69537464,0.75,20.9692688682,0.124821758179,0.261399355278
short__body_to_range_bin__bearish__stock_vs_market_return_bin__below_minus_one_scale__universe_breadth_bin__strong__8171d7634b,SHORT,2024,leave_one_stock_out_recomputed,MP,149,94,18,32.2965516092,21.3085077739,0.0877695896446,0.577181208054,1.56862261929,2233.66375404,0.666666666667,22.2965516092,0.136973707373,0.243785379791
short__body_to_range_bin__bearish__stock_vs_market_return_bin__below_minus_one_scale__universe_breadth_bin__strong__8171d7634b,SHORT,2024,leave_one_stock_out_recomputed,MRNA,144,92,19,42.6816654844,27.8056521022,0.086451567565,0.576388888889,1.78413824708,1481.76224108,0.75,32.6816654844,0.135107636776,0.16547973287
short__body_to_range_bin__bearish__stock_vs_market_return_bin__below_minus_one_scale__universe_breadth_bin__strong__8171d7634b,SHORT,2024,leave_one_stock_out_recomputed,MSTR,161,97,19,31.1932334703,21.3085077739,0.0788259353014,0.55900621118,1.53036809124,1203.25952392,0.75,21.1932334703,0.133170268845,0.22512120098
short__body_to_range_bin__bearish__stock_vs_market_return_bin__below_minus_one_scale__universe_breadth_bin__strong__8171d7634b,SHORT,2024,leave_one_stock_out_recomputed,NVTS,137,90,17,28.7833869535,21.0438931298,0.0661432082407,0.547445255474,1.48833103847,1860.7120877,0.666666666667,18.7833869535,0.162818482844,0.218671629247
short__body_to_range_bin__bearish__stock_vs_market_return_bin__below_minus_one_scale__universe_breadth_bin__strong__8171d7634b,SHORT,2024,leave_one_stock_out_recomputed,QBTS,159,94,19,38.095227586,21.3085077739,0.0810547529026,0.566037735849,1.74033176416,1441.70224719,0.916666666667,28.095227586,0.141481024183,0.251504926391
short__body_to_range_bin__bearish__stock_vs_market_return_bin__below_minus_one_scale__universe_breadth_bin__strong__8171d7634b,SHORT,2024,leave_one_stock_out_recomputed,RGTI,141,86,18,31.3318930461,15.6574727389,0.0720137970786,0.553191489362,1.53313367566,2167.12721672,0.583333333333,21.3318930461,0.129988726127,0.195007087957
short__body_to_range_bin__bearish__stock_vs_market_return_bin__below_minus_one_scale__universe_breadth_bin__strong__8171d7634b,SHORT,2024,leave_one_stock_out_recomputed,RIOT,161,96,19,26.3503731569,14.7475370037,0.0534597269166,0.540372670807,1.4209851694,1840.99872724,0.666666666667,16.3503731569,0.139653769207,0.234317878556
short__body_to_range_bin__bearish__stock_vs_market_return_bin__below_minus_one_scale__universe_breadth_bin__strong__8171d7634b,SHORT,2024,leave_one_stock_out_recomputed,RIVN,154,95,19,31.9268894831,21.1762004518,0.0771741713615,0.558441558442,1.54722739735,1808.32486085,0.666666666667,21.9268894831,0.164192514502,0.243707827747
short__body_to_range_bin__bearish__stock_vs_market_return_bin__below_minus_one_scale__universe_breadth_bin__strong__8171d7634b,SHORT,2024,leave_one_stock_out_recomputed,SMCI,147,94,18,21.5546123078,19.7840655249,0.0675914676345,0.551020408163,1.36951297667,1697.0225061,0.666666666667,11.5546123078,0.160775576773,0.248663189254
short__body_to_range_bin__bearish__stock_vs_market_return_bin__below_minus_one_scale__universe_breadth_bin__strong__8171d7634b,SHORT,2024,leave_one_stock_out_recomputed,SOFI,165,99,19,28.1580307622,21.0438931298,0.0690130233559,0.557575757576,1.4712797607,1572.54227185,0.583333333333,18.1580307622,0.124528133354,0.238195894818
short__body_to_range_bin__bearish__stock_vs_market_return_bin__below_minus_one_scale__universe_breadth_bin__strong__8171d7634b,SHORT,2024,leave_one_stock_out_recomputed,WULF,161,99,19,33.3404105674,21.0438931298,0.0686886594988,0.546583850932,1.58167074185,1795.62083142,0.916666666667,23.3404105674,0.145641690267,0.26265671935
short__body_to_range_bin__bearish__stock_vs_market_return_bin__below_minus_one_scale__universe_breadth_bin__strong__8171d7634b,SHORT,2025,leave_one_stock_out_recomputed,AAL,131,78,19,-19.8737389224,1.17831315576,0.0210855038798,0.503816793893,0.780686765657,3598.00112422,0.416666666667,-29.8737389224,0.133897499616,0.161984361257
short__body_to_range_bin__bearish__stock_vs_market_return_bin__below_minus_one_scale__universe_breadth_bin__strong__8171d7634b,SHORT,2025,leave_one_stock_out_recomputed,AAOI,146,88,19,-23.4574019155,-21.2611623765,-0.0180816038568,0.465753424658,0.720382976467,4036.00914354,0.333333333333,-33.4574019155,0.153616639695,0.204191062044
short__body_to_range_bin__bearish__stock_vs_market_return_bin__below_minus_one_scale__universe_breadth_bin__strong__8171d7634b,SHORT,2025,leave_one_stock_out_recomputed,APLD,143,84,19,-7.8208367547,-7.08141231398,0.0117532617533,0.496503496503,0.898649723177,1931.12438571,0.333333333333,-17.8208367547,0.18974022344,0.184195087683
short__body_to_range_bin__bearish__stock_vs_market_return_bin__below_minus_one_scale__universe_breadth_bin__strong__8171d7634b,SHORT,2025,leave_one_stock_out_recomputed,ASTS,135,85,19,-18.720629888,-7.08141231398,0.0028798194052,0.496296296296,0.786156715088,3611.30312742,0.333333333333,-28.720629888,0.163194399767,0.16744793089
short__body_to_range_bin__bearish__stock_vs_market_return_bin__below_minus_one_scale__universe_breadth_bin__strong__8171d7634b,SHORT,2025,leave_one_stock_out_recomputed,CIFR,142,85,19,-9.24897590905,-8.54070615699,0.00369822150059,0.492957746479,0.87961666455,2558.50353185,0.333333333333,-19.248975909,0.182230161157,0.168402944769
short__body_to_range_bin__bearish__stock_vs_market_return_bin__below_minus_one_scale__universe_breadth_bin__strong__8171d7634b,SHORT,2025,leave_one_stock_out_recomputed,HIMS,135,85,19,-38.9906307081,-20.8766586905,-0.0181131775552,0.474074074074,0.60855175109,6148.57625204,0.25,-48.9906307081,0.17400953064,0.379582930894
short__body_to_range_bin__bearish__stock_vs_market_return_bin__below_minus_one_scale__universe_breadth_bin__strong__8171d7634b,SHORT,2025,leave_one_stock_out_recomputed,IONQ,152,85,19,-7.52531546063,-7.43913124835,0.0116140576667,0.493421052632,0.903002855162,2505.01243106,0.416666666667,-17.5253154606,0.168502118949,0.135220172685
short__body_to_range_bin__bearish__stock_vs_market_return_bin__below_minus_one_scale__universe_breadth_bin__strong__8171d7634b,SHORT,2025,leave_one_stock_out_recomputed,IREN,143,85,19,-23.796211767,-6.22864321608,0.00587211651863,0.496503496503,0.735065910552,4345.60051817,0.25,-33.796211767,0.161472737616,0.245074001992
short__body_to_range_bin__bearish__stock_vs_market_return_bin__below_minus_one_scale__universe_breadth_bin__strong__8171d7634b,SHORT,2025,leave_one_stock_out_recomputed,MARA,147,84,19,-9.67883660586,-7.08141231398,0.0155440754623,0.496598639456,0.874124665408,2469.95609607,0.333333333333,-19.6788366059,0.175113895706,0.215355083549
short__body_to_range_bin__bearish__stock_vs_market_return_bin__below_minus_one_scale__universe_breadth_bin__strong__8171d7634b,SHORT,2025,leave_one_stock_out_recomputed,MP,139,83,19,-29.8099619617,-7.08141231398,0.00227714823849,0.496402877698,0.692270388996,5256.79266239,0.25,-39.8099619617,0.141529213951,0.216691882608
short__body_to_range_bin__bearish__stock_vs_market_return_bin__below_minus_one_scale__universe_breadth_bin__strong__8171d7634b,SHORT,2025,leave_one_stock_out_recomputed,MRNA,131,82,19,-17.7975556092,-11.5915431762,-0.0210503207352,0.465648854962,0.784731000795,3289.16358515,0.25,-27.7975556092,0.151220279678,0.148109423818
short__body_to_range_bin__bearish__stock_vs_market_return_bin__below_minus_one_scale__universe_breadth_bin__strong__8171d7634b,SHORT,2025,leave_one_stock_out_recomputed,MSTR,145,81,19,-22.6150155105,-6.22864321608,0.0192680138094,0.496551724138,0.755093110439,4048.69210181,0.333333333333,-32.6150155105,0.165832405241,0.267339608184
short__body_to_range_bin__bearish__stock_vs_market_return_bin__below_minus_one_scale__universe_breadth_bin__strong__8171d7634b,SHORT,2025,leave_one_stock_out_recomputed,NVTS,141,83,19,-29.9049001976,-10.3093038203,0.000710360694389,0.482269503546,0.671027402072,5258.09113369,0.166666666667,-39.9049001976,0.1342361274,0.301127336171
short__body_to_range_bin__bearish__stock_vs_market_return_bin__below_minus_one_scale__universe_breadth_bin__strong__8171d7634b,SHORT,2025,leave_one_stock_out_recomputed,QBTS,150,88,19,1.16505678324,4.18543112645,0.0319359221912,0.513333333333,1.01616339975,1890.88099781,0.5,-8.83494321676,0.210028673341,0.176894133521
short__body_to_range_bin__bearish__stock_vs_market_return_bin__below_minus_one_scale__universe_breadth_bin__strong__8171d7634b,SHORT,2025,leave_one_stock_out_recomputed,RGTI,138,81,19,-5.30245901691,1.66167785988,0.0236959546557,0.507246376812,0.928259742464,2236.48306017,0.416666666667,-15.3024590169,0.222167772654,0.155805503508
short__body_to_range_bin__bearish__stock_vs_market_return_bin__below_minus_one_scale__universe_breadth_bin__strong__8171d7634b,SHORT,2025,leave_one_stock_out_recomputed,RIOT,141,85,19,-15.1118539633,-10.3093038203,-0.00157030138994,0.482269503546,0.813912516596,2740.71026596,0.333333333333,-25.1118539633,0.16654688602,0.187853625687
short__body_to_range_bin__bearish__stock_vs_market_return_bin__below_minus_one_scale__universe_breadth_bin__strong__8171d7634b,SHORT,2025,leave_one_stock_out_recomputed,RIVN,143,86,19,-8.8742974145,2.145042564,0.0189421427629,0.51048951049,0.891201619968,2738.89868603,0.416666666667,-18.8742974145,0.170427026289,0.15957575896
short__body_to_range_bin__bearish__stock_vs_market_return_bin__below_minus_one_scale__universe_breadth_bin__strong__8171d7634b,SHORT,2025,leave_one_stock_out_recomputed,SMCI,154,86,19,-34.471728694,-16.0960206098,-0.0137479217853,0.467532467532,0.65331306577,5642.19250054,0.25,-44.471728694,0.165430083426,0.19677066324
short__body_to_range_bin__bearish__stock_vs_market_return_bin__below_minus_one_scale__universe_breadth_bin__strong__8171d7634b,SHORT,2025,leave_one_stock_out_recomputed,SOFI,142,88,19,-12.7911722027,-6.65502776503,0.0131803369827,0.492957746479,0.84464434272,3027.34392959,0.416666666667,-22.7911722027,0.154206858444,0.135674404022
short__body_to_range_bin__bearish__stock_vs_market_return_bin__below_minus_one_scale__universe_breadth_bin__strong__8171d7634b,SHORT,2025,leave_one_stock_out_recomputed,WULF,137,82,19,-18.5974895411,-10.3093038203,0.00622476617997,0.489051094891,0.786229777832,3165.85238654,0.416666666667,-28.5974895411,0.158854962031,0.137503045703
short__body_to_range_bin__bearish__stock_vs_market_return_bin__below_minus_one_scale__universe_breadth_bin__strong__8171d7634b,SHORT,2026,leave_one_stock_out_recomputed,AAOI,30,21,13,2.35159141415,23.5675393197,0.134576589256,0.6,1.02978447272,1363.5105847,0.6,-7.64840858585,0.272047729358,0.444439621075
short__body_to_range_bin__bearish__stock_vs_market_return_bin__below_minus_one_scale__universe_breadth_bin__strong__8171d7634b,SHORT,2026,leave_one_stock_out_recomputed,APLD,37,28,13,-13.0508249701,16.8969422424,0.084104507885,0.540540540541,0.862428978899,1533.97327429,0.5,-23.0508249701,0.253221982511,0.443903066063
short__body_to_range_bin__bearish__stock_vs_market_return_bin__below_minus_one_scale__universe_breadth_bin__strong__8171d7634b,SHORT,2026,leave_one_stock_out_recomputed,ASTS,37,28,14,-30.5055373226,9.25770375552,0.0564067117328,0.513513513514,0.680642075745,1490.74237352,0.333333333333,-40.5055373226,0.302913093617,0.309867936509
short__body_to_range_bin__bearish__stock_vs_market_return_bin__below_minus_one_scale__universe_breadth_bin__strong__8171d7634b,SHORT,2026,leave_one_stock_out_recomputed,CIFR,34,28,14,1.5895061497,31.4298242834,0.126530640419,0.588235294118,1.01879008967,1101.70253009,0.666666666667,-8.4104938503,0.232299831711,0.334755093087
short__body_to_range_bin__bearish__stock_vs_market_return_bin__below_minus_one_scale__universe_breadth_bin__strong__8171d7634b,SHORT,2026,leave_one_stock_out_recomputed,HIMS,42,30,16,-49.8076019117,-13.6930725637,0.0231389904002,0.47619047619,0.583119436272,2497.22485206,0.5,-59.8076019117,0.137381110696,0.521685828735
short__body_to_range_bin__bearish__stock_vs_market_return_bin__below_minus_one_scale__universe_breadth_bin__strong__8171d7634b,SHORT,2026,leave_one_stock_out_recomputed,IONQ,40,28,17,-44.2787689157,-5.97488373195,0.0187470671046,0.475,0.597224551088,2360.62942669,0.333333333333,-54.2787689157,0.229256167517,0.386378726486
short__body_to_range_bin__bearish__stock_vs_market_return_bin__below_minus_one_scale__universe_breadth_bin__strong__8171d7634b,SHORT,2026,leave_one_stock_out_recomputed,IREN,36,26,13,4.77883445254,23.5675393197,0.124040687843,0.583333333333,1.05820983619,991.156906523,0.666666666667,-5.22116554746,0.301045206867,0.315147376812
short__body_to_range_bin__bearish__stock_vs_market_return_bin__below_minus_one_scale__universe_breadth_bin__strong__8171d7634b,SHORT,2026,leave_one_stock_out_recomputed,MARA,40,31,14,-14.5659381361,5.95412069497,0.0425739089629,0.525,0.832252973265,1247.6887432,0.5,-24.5659381361,0.269773089296,0.404413981781
short__body_to_range_bin__bearish__stock_vs_market_return_bin__below_minus_one_scale__universe_breadth_bin__strong__8171d7634b,SHORT,2026,leave_one_stock_out_recomputed,MP,38,30,14,-16.4693782806,0.248406906398,0.039779538068,0.5,0.807164617536,1317.15399059,0.333333333333,-26.4693782806,0.365015496552,0.396402808901
short__body_to_range_bin__bearish__stock_vs_market_return_bin__below_minus_one_scale__universe_breadth_bin__strong__8171d7634b,SHORT,2026,leave_one_stock_out_recomputed,MRNA,34,25,13,19.2177446746,23.5675393197,0.12710133326,0.588235294118,1.27689660406,991.156906523,0.666666666667,9.21774467462,0.227656792126,0.35851063503
short__body_to_range_bin__bearish__stock_vs_market_return_bin__below_minus_one_scale__universe_breadth_bin__strong__8171d7634b,SHORT,2026,leave_one_stock_out_recomputed,MSTR,47,34,17,-50.9806093453,-17.590101485,-0.0269653381281,0.446808510638,0.552925728251,2758.12613182,0.333333333333,-60.9806093453,0.156155756356,0.468877308252
short__body_to_range_bin__bearish__stock_vs_market_return_bin__below_minus_one_scale__universe_breadth_bin__strong__8171d7634b,SHORT,2026,leave_one_stock_out_recomputed,NVTS,40,30,16,-49.1563486381,-19.6679297331,-0.00672219615204,0.45,0.550102936395,2644.54661926,0.5,-59.1563486381,0.226781224198,0.45876047658
short__body_to_range_bin__bearish__stock_vs_market_return_bin__below_minus_one_scale__universe_breadth_bin__strong__8171d7634b,SHORT,2026,leave_one_stock_out_recomputed,QBTS,41,29,17,-32.7370324207,-2.15372382161,0.0314897515172,0.487804878049,0.669783115576,1931.6969993,0.333333333333,-42.7370324207,0.258625797656,0.306445979808
short__body_to_range_bin__bearish__stock_vs_market_return_bin__below_minus_one_scale__universe_breadth_bin__strong__8171d7634b,SHORT,2026,leave_one_stock_out_recomputed,RGTI,42,28,17,-48.7726713849,-13.6930725637,-0.02657407099,0.452380952381,0.560457624299,2421.41794612,0.333333333333,-58.7726713849,0.235631937413,0.400671733309
short__body_to_range_bin__bearish__stock_vs_market_return_bin__below_minus_one_scale__universe_breadth_bin__strong__8171d7634b,SHORT,2026,leave_one_stock_out_recomputed,RIOT,35,30,13,-2.80298345348,16.8969422424,0.0837041007773,0.571428571429,0.964928645758,873.941597084,0.5,-12.8029834535,0.327544494215,0.430180008042
short__body_to_range_bin__bearish__stock_vs_market_return_bin__below_minus_one_scale__universe_breadth_bin__strong__8171d7634b,SHORT,2026,leave_one_stock_out_recomputed,RIVN,33,25,14,-6.07411238479,2.65053763441,0.02366447985,0.515151515152,0.934715851015,1179.18807464,0.666666666667,-16.0741123848,0.210377043488,0.365692841631
short__body_to_range_bin__bearish__stock_vs_market_return_bin__below_minus_one_scale__universe_breadth_bin__strong__8171d7634b,SHORT,2026,leave_one_stock_out_recomputed,SMCI,43,31,16,-47.8909510984,-17.590101485,-0.011576057591,0.46511627907,0.560743680428,2758.36141543,0.5,-57.8909510984,0.212623089059,0.458491781123
short__body_to_range_bin__bearish__stock_vs_market_return_bin__below_minus_one_scale__universe_breadth_bin__strong__8171d7634b,SHORT,2026,leave_one_stock_out_recomputed,SOFI,45,31,17,-37.8276338433,9.25770375552,0.0584050936799,0.511111111111,0.671875283218,2463.51833137,0.333333333333,-47.8276338433,0.130490210869,0.406324363293
short__body_to_range_bin__bearish__stock_vs_market_return_bin__below_minus_one_scale__universe_breadth_bin__strong__8171d7634b,SHORT,2026,leave_one_stock_out_recomputed,WULF,36,28,14,-6.62780533319,20.1979803825,0.0965292418209,0.555555555556,0.919419856095,1524.6084686,0.5,-16.6278053332,0.316762732717,0.369545338023
short__cross_sectional_dispersion_bin__high__state_motif_4__7gt5gt7gt5__61cecb0b60,SHORT,2024,leave_one_stock_out_recomputed,AAL,86,63,16,47.1389719541,5.53538415117,0.0126968232909,0.511627906977,1.47889582294,1551.49081824,0.545454545455,37.1389719541,0.313412943325,0.193104232037
short__cross_sectional_dispersion_bin__high__state_motif_4__7gt5gt7gt5__61cecb0b60,SHORT,2024,leave_one_stock_out_recomputed,AAOI,84,62,16,44.2297897305,5.53538415117,0.0156868171289,0.511904761905,1.45093456326,1551.49081824,0.545454545455,34.2297897305,0.262726767817,0.189827483065
short__cross_sectional_dispersion_bin__high__state_motif_4__7gt5gt7gt5__61cecb0b60,SHORT,2024,leave_one_stock_out_recomputed,APLD,80,58,16,20.2356134876,-21.1442890636,-0.0234753471848,0.475,1.18643807841,1551.49081824,0.454545454545,10.2356134876,0.157902989872,0.18326894939
short__cross_sectional_dispersion_bin__high__state_motif_4__7gt5gt7gt5__61cecb0b60,SHORT,2024,leave_one_stock_out_recomputed,ASTS,77,57,16,30.2173778528,-10,-0.00563534614331,0.493506493506,1.29150142818,1686.63010307,0.545454545455,20.2173778528,0.278566836193,0.254249690548
short__cross_sectional_dispersion_bin__high__state_motif_4__7gt5gt7gt5__61cecb0b60,SHORT,2024,leave_one_stock_out_recomputed,CIFR,83,59,16,42.8850624399,3.57584127019,0.0107079204392,0.506024096386,1.43093681393,1686.63010307,0.636363636364,32.8850624399,0.262274317295,0.21197389212
short__cross_sectional_dispersion_bin__high__state_motif_4__7gt5gt7gt5__61cecb0b60,SHORT,2024,leave_one_stock_out_recomputed,HIMS,80,60,16,34.541133847,-10,-0.0127734080379,0.4875,1.33882944914,1551.49081824,0.545454545455,24.541133847,0.264596022444,0.232642582679
short__cross_sectional_dispersion_bin__high__state_motif_4__7gt5gt7gt5__61cecb0b60,SHORT,2024,leave_one_stock_out_recomputed,IONQ,75,55,16,40.6450454142,3.57584127019,0.00539337139574,0.506666666667,1.41230835308,1063.40127226,0.545454545455,30.6450454142,0.252978030166,0.177218261513
short__cross_sectional_dispersion_bin__high__state_motif_4__7gt5gt7gt5__61cecb0b60,SHORT,2024,leave_one_stock_out_recomputed,IREN,85,61,16,35.199825843,-10,1.01343433895e-05,0.494117647059,1.34418173511,1820.88546318,0.545454545455,25.199825843,0.255194528786,0.212071447574
short__cross_sectional_dispersion_bin__high__state_motif_4__7gt5gt7gt5__61cecb0b60,SHORT,2024,leave_one_stock_out_recomputed,MARA,86,62,17,41.2249016963,-3.21207936491,0.00375998197612,0.5,1.40783684564,1624.37423909,0.545454545455,31.2249016963,0.309779387088,0.179327330484
short__cross_sectional_dispersion_bin__high__state_motif_4__7gt5gt7gt5__61cecb0b60,SHORT,2024,leave_one_stock_out_recomputed,MP,85,62,16,39.2702980373,3.57584127019,0.00802225446895,0.505882352941,1.38739595819,1474.89532666,0.545454545455,29.2702980373,0.247772608883,0.205648204006
short__cross_sectional_dispersion_bin__high__state_motif_4__7gt5gt7gt5__61cecb0b60,SHORT,2024,leave_one_stock_out_recomputed,MRNA,84,62,16,45.0193669141,5.53538415117,0.0140309326443,0.511904761905,1.44575283747,1595.98230059,0.636363636364,35.0193669141,0.305460899886,0.198360713974
short__cross_sectional_dispersion_bin__high__state_motif_4__7gt5gt7gt5__61cecb0b60,SHORT,2024,leave_one_stock_out_recomputed,MSTR,67,52,16,47.594795797,7.73348235973,0.0309905779268,0.507462686567,1.47275366351,1162.52610663,0.545454545455,37.594795797,0.247620694982,0.240047075134
short__cross_sectional_dispersion_bin__high__state_motif_4__7gt5gt7gt5__61cecb0b60,SHORT,2024,leave_one_stock_out_recomputed,NVTS,81,57,16,36.1369444324,-10,-0.00261411355794,0.493827160494,1.34385582281,1624.37423909,0.545454545455,26.1369444324,0.252423452027,0.167874729807
short__cross_sectional_dispersion_bin__high__state_motif_4__7gt5gt7gt5__61cecb0b60,SHORT,2024,leave_one_stock_out_recomputed,QBTS,81,60,16,42.2210286834,-10,-0.00303562678522,0.493827160494,1.45085994625,1551.49081824,0.636363636364,32.2210286834,0.321557559642,0.196318514038
short__cross_sectional_dispersion_bin__high__state_motif_4__7gt5gt7gt5__61cecb0b60,SHORT,2024,leave_one_stock_out_recomputed,RGTI,81,60,16,36.5163578249,3.57584127019,0.00923470593076,0.506172839506,1.35407205286,1551.49081824,0.5,26.5163578249,0.256556164296,0.218964884517
short__cross_sectional_dispersion_bin__high__state_motif_4__7gt5gt7gt5__61cecb0b60,SHORT,2024,leave_one_stock_out_recomputed,RIOT,85,61,16,35.0066743245,-10,-0.00324469398219,0.494117647059,1.34229311142,1551.49081824,0.545454545455,25.0066743245,0.255847141407,0.194570690646
short__cross_sectional_dispersion_bin__high__state_motif_4__7gt5gt7gt5__61cecb0b60,SHORT,2024,leave_one_stock_out_recomputed,RIVN,83,60,16,29.5242700987,-10,-0.0160037350694,0.481927710843,1.28189387611,1759.51352391,0.545454545455,19.5242700987,0.266831366903,0.187055417186
short__cross_sectional_dispersion_bin__high__state_motif_4__7gt5gt7gt5__61cecb0b60,SHORT,2024,leave_one_stock_out_recomputed,SMCI,78,57,16,55.8557479005,5.53538415117,0.0241587099161,0.512820512821,1.5782333447,1551.49081824,0.545454545455,45.8557479005,0.327493353868,0.166334530079
short__cross_sectional_dispersion_bin__high__state_motif_4__7gt5gt7gt5__61cecb0b60,SHORT,2024,leave_one_stock_out_recomputed,SOFI,86,62,17,37.9230214138,-3.21207936491,0.00079596909237,0.5,1.37517143266,1551.49081824,0.545454545455,27.9230214138,0.244942474289,0.203203081825
short__cross_sectional_dispersion_bin__high__state_motif_4__7gt5gt7gt5__61cecb0b60,SHORT,2024,leave_one_stock_out_recomputed,WULF,86,62,17,41.2249016963,-3.21207936491,0.0058546280096,0.5,1.40783684564,1624.37423909,0.545454545455,31.2249016963,0.309779387088,0.179327330484
short__cross_sectional_dispersion_bin__high__state_motif_4__7gt5gt7gt5__61cecb0b60,SHORT,2025,leave_one_stock_out_recomputed,AAL,92,70,16,42.3288928121,15.2074123944,0.0836477342151,0.554347826087,1.49171832506,2784.64676308,0.666666666667,32.3288928121,0.165477742077,0.359540611856
short__cross_sectional_dispersion_bin__high__state_motif_4__7gt5gt7gt5__61cecb0b60,SHORT,2025,leave_one_stock_out_recomputed,AAOI,90,68,14,35.6704139042,14.5906842726,0.076895565093,0.544444444444,1.4053613294,2784.64676308,0.583333333333,25.6704139042,0.177774743667,0.402018516624
short__cross_sectional_dispersion_bin__high__state_motif_4__7gt5gt7gt5__61cecb0b60,SHORT,2025,leave_one_stock_out_recomputed,APLD,85,68,14,32.4694052452,15.031295377,0.08439826381,0.552941176471,1.36887867283,2784.64676308,0.583333333333,22.4694052452,0.165270436707,0.241187904356
short__cross_sectional_dispersion_bin__high__state_motif_4__7gt5gt7gt5__61cecb0b60,SHORT,2025,leave_one_stock_out_recomputed,ASTS,83,67,14,44.9332780673,15.031295377,0.0857892348447,0.55421686747,1.52358941297,2784.64676308,0.583333333333,34.9332780673,0.150141892495,0.403528041684
short__cross_sectional_dispersion_bin__high__state_motif_4__7gt5gt7gt5__61cecb0b60,SHORT,2025,leave_one_stock_out_recomputed,CIFR,77,61,15,29.3264139352,13.041934953,0.0654322621079,0.519480519481,1.32539514795,2604.24363992,0.583333333333,19.3264139352,0.142697609409,0.254224134575
short__cross_sectional_dispersion_bin__high__state_motif_4__7gt5gt7gt5__61cecb0b60,SHORT,2025,leave_one_stock_out_recomputed,HIMS,88,66,15,48.9529037542,16.4712933499,0.0903043308623,0.556818181818,1.58883403464,2371.04937143,0.75,38.9529037542,0.172702090552,0.325468951547
short__cross_sectional_dispersion_bin__high__state_motif_4__7gt5gt7gt5__61cecb0b60,SHORT,2025,leave_one_stock_out_recomputed,IONQ,86,65,15,46.3461970228,15.2074123944,0.0910204224158,0.558139534884,1.53993253689,2693.13195783,0.666666666667,36.3461970228,0.167023682363,0.346311040383
short__cross_sectional_dispersion_bin__high__state_motif_4__7gt5gt7gt5__61cecb0b60,SHORT,2025,leave_one_stock_out_recomputed,IREN,85,66,15,48.8656501271,15.3835294118,0.0972748314508,0.564705882353,1.58610215819,2525.32464099,0.833333333333,38.8656501271,0.169934767477,0.379567570906
short__cross_sectional_dispersion_bin__high__state_motif_4__7gt5gt7gt5__61cecb0b60,SHORT,2025,leave_one_stock_out_recomputed,MARA,92,70,16,42.3288928121,15.2074123944,0.0896345812298,0.554347826087,1.49171832506,2784.64676308,0.666666666667,32.3288928121,0.165477742077,0.359540611856
short__cross_sectional_dispersion_bin__high__state_motif_4__7gt5gt7gt5__61cecb0b60,SHORT,2025,leave_one_stock_out_recomputed,MP,82,63,15,55.9123842325,19.5227591226,0.102821103318,0.573170731707,1.69122609114,2276.0853094,0.75,45.9123842325,0.151306588044,0.309948236246
short__cross_sectional_dispersion_bin__high__state_motif_4__7gt5gt7gt5__61cecb0b60,SHORT,2025,leave_one_stock_out_recomputed,MRNA,85,65,15,51.418480034,21.4864609572,0.108541057801,0.576470588235,1.61876408069,1938.9397112,0.75,41.418480034,0.146068293456,0.326574501937
short__cross_sectional_dispersion_bin__high__state_motif_4__7gt5gt7gt5__61cecb0b60,SHORT,2025,leave_one_stock_out_recomputed,MSTR,92,70,16,42.3288928121,15.2074123944,0.0868842057134,0.554347826087,1.49171832506,2784.64676308,0.666666666667,32.3288928121,0.165477742077,0.359540611856
short__cross_sectional_dispersion_bin__high__state_motif_4__7gt5gt7gt5__61cecb0b60,SHORT,2025,leave_one_stock_out_recomputed,NVTS,82,66,15,35.366087523,13.5960040606,0.071199895377,0.536585365854,1.41646790341,2708.44355058,0.583333333333,25.366087523,0.162666416668,0.30321529465
short__cross_sectional_dispersion_bin__high__state_motif_4__7gt5gt7gt5__61cecb0b60,SHORT,2025,leave_one_stock_out_recomputed,QBTS,86,66,14,38.4524550939,14.5906842726,0.0801529764548,0.546511627907,1.45764977329,2784.64676308,0.583333333333,28.4524550939,0.175928665467,0.459713962017
short__cross_sectional_dispersion_bin__high__state_motif_4__7gt5gt7gt5__61cecb0b60,SHORT,2025,leave_one_stock_out_recomputed,RGTI,85,67,15,34.5810077858,14.1500731682,0.0748468497963,0.541176470588,1.39043086585,2784.64676308,0.583333333333,24.5810077858,0.161949520668,0.384215699114
short__cross_sectional_dispersion_bin__high__state_motif_4__7gt5gt7gt5__61cecb0b60,SHORT,2025,leave_one_stock_out_recomputed,RIOT,90,70,16,45.2917117043,15.2074123944,0.0889734338346,0.555555555556,1.54003199663,2784.64676308,0.666666666667,35.2917117043,0.143664656063,0.348848630704
short__cross_sectional_dispersion_bin__high__state_motif_4__7gt5gt7gt5__61cecb0b60,SHORT,2025,leave_one_stock_out_recomputed,RIVN,91,69,15,38.5018030047,15.031295377,0.0818792057,0.549450549451,1.44239898034,2784.64676308,0.583333333333,28.5018030047,0.172283763163,0.38097557105
short__cross_sectional_dispersion_bin__high__state_motif_4__7gt5gt7gt5__61cecb0b60,SHORT,2025,leave_one_stock_out_recomputed,SMCI,82,66,14,30.5882954214,11.8198861171,0.0568887586075,0.524390243902,1.33461433919,2784.64676308,0.583333333333,20.5882954214,0.170162868428,0.317588768696
short__cross_sectional_dispersion_bin__high__state_motif_4__7gt5gt7gt5__61cecb0b60,SHORT,2025,leave_one_stock_out_recomputed,SOFI,89,67,14,35.6680520486,15.031295377,0.0806751937639,0.550561797753,1.40744013981,2784.64676308,0.5,25.6680520486,0.178470536952,0.363137010012
short__cross_sectional_dispersion_bin__high__state_motif_4__7gt5gt7gt5__61cecb0b60,SHORT,2025,leave_one_stock_out_recomputed,WULF,84,63,14,46.1903610457,18.4349951845,0.105894561105,0.571428571429,1.54894161142,2784.64676308,0.583333333333,36.1903610457,0.193350925066,0.352423238266
short__cross_sectional_dispersion_bin__high__state_motif_4__7gt5gt7gt5__61cecb0b60,SHORT,2026,leave_one_stock_out_recomputed,AAOI,28,18,12,-110.015449957,-106.851736913,-0.0749472202674,0.357142857143,0.333842534339,3761.5633838,0.166666666667,-120.015449957,0.260727620113,0.437936364934
short__cross_sectional_dispersion_bin__high__state_motif_4__7gt5gt7gt5__61cecb0b60,SHORT,2026,leave_one_stock_out_recomputed,APLD,39,29,12,-79.9142156216,-101.332239863,-0.0447936210131,0.384615384615,0.476093552268,3734.41346959,0.166666666667,-89.9142156216,0.26613358981,0.438998723311
short__cross_sectional_dispersion_bin__high__state_motif_4__7gt5gt7gt5__61cecb0b60,SHORT,2026,leave_one_stock_out_recomputed,ASTS,36,27,12,-75.194798994,-79.6377661266,-0.0411908858647,0.388888888889,0.498880640971,3734.41346959,0.333333333333,-85.194798994,0.243304509366,0.487398460136
short__cross_sectional_dispersion_bin__high__state_motif_4__7gt5gt7gt5__61cecb0b60,SHORT,2026,leave_one_stock_out_recomputed,CIFR,35,30,12,-47.5420159265,-57.9432923906,-0.0322928889932,0.4,0.631123801726,2363.19487076,0.166666666667,-57.5420159265,0.237082483256,0.28427194926
short__cross_sectional_dispersion_bin__high__state_motif_4__7gt5gt7gt5__61cecb0b60,SHORT,2026,leave_one_stock_out_recomputed,HIMS,35,27,12,-47.8233428475,-55.0145723377,0.0279008951621,0.457142857143,0.651057742582,3129.31223632,0.333333333333,-57.8233428475,0.180177291897,0.575625099136
short__cross_sectional_dispersion_bin__high__state_motif_4__7gt5gt7gt5__61cecb0b60,SHORT,2026,leave_one_stock_out_recomputed,IONQ,35,26,12,-63.9119961922,-57.9432923906,-0.0312529328954,0.4,0.579670482644,3145.47138813,0.166666666667,-73.9119961922,0.285640486466,0.50939190872
short__cross_sectional_dispersion_bin__high__state_motif_4__7gt5gt7gt5__61cecb0b60,SHORT,2026,leave_one_stock_out_recomputed,IREN,37,29,12,-53.9817503084,-57.9432923906,-0.0261094623071,0.405405405405,0.60680123579,2905.87628282,0.166666666667,-63.9817503084,0.303518415904,0.337801011649
short__cross_sectional_dispersion_bin__high__state_motif_4__7gt5gt7gt5__61cecb0b60,SHORT,2026,leave_one_stock_out_recomputed,MARA,39,30,12,-75.5118875833,-101.332239863,-0.0478107064217,0.384615384615,0.50495460066,3853.51513716,0.166666666667,-85.5118875833,0.256063600402,0.460561602898
short__cross_sectional_dispersion_bin__high__state_motif_4__7gt5gt7gt5__61cecb0b60,SHORT,2026,leave_one_stock_out_recomputed,MP,39,29,13,-66.4805165067,-57.9432923906,-0.0236482622019,0.410256410256,0.546387033504,3734.41346959,0.166666666667,-76.4805165067,0.237618506538,0.446012861218
short__cross_sectional_dispersion_bin__high__state_motif_4__7gt5gt7gt5__61cecb0b60,SHORT,2026,leave_one_stock_out_recomputed,MRNA,39,29,12,-74.616722864,-101.332239863,-0.0471068115367,0.384615384615,0.510823175663,3818.6037131,0.166666666667,-84.616722864,0.254108499974,0.465207944968
short__cross_sectional_dispersion_bin__high__state_motif_4__7gt5gt7gt5__61cecb0b60,SHORT,2026,leave_one_stock_out_recomputed,MSTR,36,28,12,-80.7072098446,-121.245679046,-0.0145539906103,0.416666666667,0.493344473594,3814.01107581,0.166666666667,-90.7072098446,0.253853524151,0.440022286891
short__cross_sectional_dispersion_bin__high__state_motif_4__7gt5gt7gt5__61cecb0b60,SHORT,2026,leave_one_stock_out_recomputed,NVTS,34,28,12,-46.1383660042,-31.5447186385,0.0388660391421,0.470588235294,0.665643942822,2710.37776998,0.333333333333,-56.1383660042,0.208092285566,0.547262545031
short__cross_sectional_dispersion_bin__high__state_motif_4__7gt5gt7gt5__61cecb0b60,SHORT,2026,leave_one_stock_out_recomputed,QBTS,40,30,13,-70.6465487047,-79.6377661266,-0.0319248826291,0.4,0.524975470278,3734.41346959,0.166666666667,-80.6465487047,0.249514289924,0.476808031139
short__cross_sectional_dispersion_bin__high__state_motif_4__7gt5gt7gt5__61cecb0b60,SHORT,2026,leave_one_stock_out_recomputed,RGTI,40,30,13,-70.6465487047,-79.6377661266,-0.0313359757519,0.4,0.524975470278,3734.41346959,0.166666666667,-80.6465487047,0.249514289924,0.476808031139
short__cross_sectional_dispersion_bin__high__state_motif_4__7gt5gt7gt5__61cecb0b60,SHORT,2026,leave_one_stock_out_recomputed,RIOT,39,30,12,-69.5766849801,-57.9432923906,-0.020325203252,0.410256410256,0.535082913924,3622.04223563,0.333333333333,-79.5766849801,0.255684346988,0.488662421048
short__cross_sectional_dispersion_bin__high__state_motif_4__7gt5gt7gt5__61cecb0b60,SHORT,2026,leave_one_stock_out_recomputed,RIVN,38,28,12,-68.4571944445,-79.6377661266,-0.0361441325901,0.394736842105,0.525571531116,3268.71066744,0.166666666667,-78.4571944445,0.292131968434,0.603075864352
short__cross_sectional_dispersion_bin__high__state_motif_4__7gt5gt7gt5__61cecb0b60,SHORT,2026,leave_one_stock_out_recomputed,SMCI,40,30,13,-70.6465487047,-79.6377661266,-0.0301807087538,0.4,0.524975470278,3734.41346959,0.166666666667,-80.6465487047,0.249514289924,0.476808031139
short__cross_sectional_dispersion_bin__high__state_motif_4__7gt5gt7gt5__61cecb0b60,SHORT,2026,leave_one_stock_out_recomputed,SOFI,40,30,13,-70.6465487047,-79.6377661266,-0.030483795209,0.4,0.524975470278,3734.41346959,0.166666666667,-80.6465487047,0.249514289924,0.476808031139
short__cross_sectional_dispersion_bin__high__state_motif_4__7gt5gt7gt5__61cecb0b60,SHORT,2026,leave_one_stock_out_recomputed,WULF,40,30,13,-70.6465487047,-79.6377661266,-0.0312485359569,0.4,0.524975470278,3734.41346959,0.166666666667,-80.6465487047,0.249514289924,0.476808031139
short__current_state__5.0__top_loop_orientation__bidirectional__677aa601f0,SHORT,2024,leave_one_stock_out_recomputed,AAL,164,109,19,29.2037787061,2.74901124755,0.0176599543175,0.506097560976,1.31868515026,1658.11759999,0.666666666667,19.2037787061,0.110794348648,0.260111760299
short__current_state__5.0__top_loop_orientation__bidirectional__677aa601f0,SHORT,2024,leave_one_stock_out_recomputed,AAOI,161,106,19,24.7490318961,2.79028132992,0.0239683906279,0.509316770186,1.26903721196,1658.11759999,0.75,14.7490318961,0.121241467367,0.245718451013
short__current_state__5.0__top_loop_orientation__bidirectional__677aa601f0,SHORT,2024,leave_one_stock_out_recomputed,APLD,157,109,19,31.1256851537,5.56498054475,0.0294705126878,0.515923566879,1.34266027537,1658.11759999,0.666666666667,21.1256851537,0.109651917457,0.318131354071
short__current_state__5.0__top_loop_orientation__bidirectional__677aa601f0,SHORT,2024,leave_one_stock_out_recomputed,ASTS,163,108,19,28.2518386419,2.79028132992,0.0306167453235,0.509202453988,1.31373411263,1658.11759999,0.583333333333,18.2518386419,0.113025401794,0.247930610683
short__current_state__5.0__top_loop_orientation__bidirectional__677aa601f0,SHORT,2024,leave_one_stock_out_recomputed,CIFR,163,111,19,25.111870201,2.70774116517,0.0193560097288,0.503067484663,1.27857822035,1658.11759999,0.666666666667,15.111870201,0.11971766731,0.238695521492
short__current_state__5.0__top_loop_orientation__bidirectional__677aa601f0,SHORT,2024,leave_one_stock_out_recomputed,HIMS,159,107,19,24.7031526693,5.56498054475,0.0277926296979,0.51572327044,1.26641427331,1658.11759999,0.583333333333,14.7031526693,0.116118762227,0.230506830834
short__current_state__5.0__top_loop_orientation__bidirectional__677aa601f0,SHORT,2024,leave_one_stock_out_recomputed,IONQ,156,107,19,31.1345645193,2.74901124755,0.0194959354983,0.50641025641,1.35029288869,1658.11759999,0.75,21.1345645193,0.109998556528,0.220039434465
short__current_state__5.0__top_loop_orientation__bidirectional__677aa601f0,SHORT,2024,leave_one_stock_out_recomputed,IREN,151,106,19,27.8678378789,2.70774116517,0.0180077969846,0.503311258278,1.30875711315,1658.11759999,0.5,17.8678378789,0.118148436212,0.252105586032
short__current_state__5.0__top_loop_orientation__bidirectional__677aa601f0,SHORT,2024,leave_one_stock_out_recomputed,MARA,164,111,19,24.3259022101,2.74901124755,0.0203510199795,0.506097560976,1.2665045327,2131.59058902,0.666666666667,14.3259022101,0.121172559985,0.240483919466
short__current_state__5.0__top_loop_orientation__bidirectional__677aa601f0,SHORT,2024,leave_one_stock_out_recomputed,MP,163,110,19,31.516268208,5.56498054475,0.0282315651871,0.515337423313,1.34360619837,1658.11759999,0.666666666667,21.516268208,0.110809593021,0.261157809704
short__current_state__5.0__top_loop_orientation__bidirectional__677aa601f0,SHORT,2024,leave_one_stock_out_recomputed,MRNA,161,109,19,31.520607516,7.49492703216,0.0347348663918,0.521739130435,1.34578253628,1658.11759999,0.666666666667,21.520607516,0.110074883078,0.271856880352
short__current_state__5.0__top_loop_orientation__bidirectional__677aa601f0,SHORT,2024,leave_one_stock_out_recomputed,MSTR,156,108,19,37.5528258243,9.12695541546,0.0384532644939,0.512820512821,1.41774356751,1658.11759999,0.666666666667,27.5528258243,0.120081483935,0.250171510362
short__current_state__5.0__top_loop_orientation__bidirectional__677aa601f0,SHORT,2024,leave_one_stock_out_recomputed,NVTS,157,109,19,28.6219416638,2.79028132992,0.0246721961063,0.509554140127,1.31257041661,1658.11759999,0.666666666667,18.6219416638,0.114417593253,0.285743394919
short__current_state__5.0__top_loop_orientation__bidirectional__677aa601f0,SHORT,2024,leave_one_stock_out_recomputed,QBTS,156,107,19,26.4245250513,1.09332555889,0.014533224117,0.5,1.29248580312,1658.11759999,0.583333333333,16.4245250513,0.119317489966,0.2871821367
short__current_state__5.0__top_loop_orientation__bidirectional__677aa601f0,SHORT,2024,leave_one_stock_out_recomputed,RGTI,151,106,19,33.5843202348,15.8340506132,0.0500326782961,0.53642384106,1.4025124085,1594.53600014,0.833333333333,23.5843202348,0.110032918673,0.222607608515
short__current_state__5.0__top_loop_orientation__bidirectional__677aa601f0,SHORT,2024,leave_one_stock_out_recomputed,RIOT,164,111,19,30.1782481429,4.17763093733,0.0257366546548,0.512195121951,1.32935784089,1671.52813886,0.666666666667,20.1782481429,0.108930523192,0.259601176108
short__current_state__5.0__top_loop_orientation__bidirectional__677aa601f0,SHORT,2024,leave_one_stock_out_recomputed,RIVN,166,111,19,29.6503579874,4.17763093733,0.0261649396293,0.512048192771,1.32557970106,1698.80140839,0.666666666667,19.6503579874,0.109244148389,0.248708027794
short__current_state__5.0__top_loop_orientation__bidirectional__677aa601f0,SHORT,2024,leave_one_stock_out_recomputed,SMCI,160,108,19,28.2221998182,4.17763093733,0.0244792227366,0.5125,1.30529522872,2105.20886339,0.666666666667,18.2221998182,0.114141124277,0.251948862494
short__current_state__5.0__top_loop_orientation__bidirectional__677aa601f0,SHORT,2024,leave_one_stock_out_recomputed,SOFI,165,110,19,29.4404962369,2.79028132992,0.0205281748711,0.509090909091,1.32269456979,1763.0789552,0.666666666667,19.4404962369,0.109990491606,0.253500945072
short__current_state__5.0__top_loop_orientation__bidirectional__677aa601f0,SHORT,2024,leave_one_stock_out_recomputed,WULF,155,105,19,38.3688144774,12.6889302862,0.0439641553914,0.522580645161,1.43978180145,1594.53600014,0.75,28.3688144774,0.121333496338,0.244073025286
short__current_state__5.0__top_loop_orientation__bidirectional__677aa601f0,SHORT,2025,leave_one_stock_out_recomputed,AAL,215,135,19,-10.9654370385,-13.9303413627,0.023890403578,0.488372093023,0.902359659072,6923.49522159,0.416666666667,-20.9654370385,0.135696471543,0.156909386215
short__current_state__5.0__top_loop_orientation__bidirectional__677aa601f0,SHORT,2025,leave_one_stock_out_recomputed,AAOI,214,136,19,-15.152093475,-11.125,0.0108519513858,0.485981308411,0.861964632492,6923.49522159,0.416666666667,-25.152093475,0.139697421141,0.1827916143
short__current_state__5.0__top_loop_orientation__bidirectional__677aa601f0,SHORT,2025,leave_one_stock_out_recomputed,APLD,214,134,19,-10.5783576682,-11.125,0.010511512848,0.485981308411,0.900830485602,6923.49522159,0.416666666667,-20.5783576682,0.13644332884,0.149779203509
short__current_state__5.0__top_loop_orientation__bidirectional__677aa601f0,SHORT,2025,leave_one_stock_out_recomputed,ASTS,225,138,19,-8.51363021099,-10,0.014731671257,0.488888888889,0.919917345408,6923.49522159,0.416666666667,-18.513630211,0.139289182817,0.152558768144
short__current_state__5.0__top_loop_orientation__bidirectional__677aa601f0,SHORT,2025,leave_one_stock_out_recomputed,CIFR,212,134,19,-3.39340596927,-5.93165108733,0.0176498558349,0.490566037736,0.96670498875,6923.49522159,0.5,-13.3934059693,0.150039625003,0.178447549203
short__current_state__5.0__top_loop_orientation__bidirectional__677aa601f0,SHORT,2025,leave_one_stock_out_recomputed,HIMS,221,135,19,-15.9515006158,-13.9303413627,0.00638824694619,0.47963800905,0.852875305961,7499.23127116,0.333333333333,-25.9515006158,0.142111248983,0.144570719908
short__current_state__5.0__top_loop_orientation__bidirectional__677aa601f0,SHORT,2025,leave_one_stock_out_recomputed,IONQ,214,132,19,-21.0077888265,-16.4326372733,-0.00689307465008,0.467289719626,0.808345610055,8469.61644394,0.416666666667,-31.0077888265,0.151070336499,0.187339011896
short__current_state__5.0__top_loop_orientation__bidirectional__677aa601f0,SHORT,2025,leave_one_stock_out_recomputed,IREN,216,134,19,-10.0765349153,-11.125,0.0119262475728,0.486111111111,0.906764386198,6923.49522159,0.333333333333,-20.0765349153,0.137145343312,0.166176243119
short__current_state__5.0__top_loop_orientation__bidirectional__677aa601f0,SHORT,2025,leave_one_stock_out_recomputed,MARA,225,138,19,-13.1731895643,-12.25,0.0128229870269,0.484444444444,0.878845498095,6937.91728705,0.416666666667,-23.1731895643,0.137397933675,0.154520335159
short__current_state__5.0__top_loop_orientation__bidirectional__677aa601f0,SHORT,2025,leave_one_stock_out_recomputed,MP,215,129,19,-13.4555036364,-10,0.0116129354227,0.488372093023,0.878900914193,6866.88291691,0.416666666667,-23.4555036364,0.136823656044,0.163470861103
short__current_state__5.0__top_loop_orientation__bidirectional__677aa601f0,SHORT,2025,leave_one_stock_out_recomputed,MRNA,217,136,19,-7.26592622779,-1.86330217466,0.0184895533282,0.493087557604,0.931791529342,5945.53685781,0.416666666667,-17.2659262278,0.142175034768,0.173011265674
short__current_state__5.0__top_loop_orientation__bidirectional__677aa601f0,SHORT,2025,leave_one_stock_out_recomputed,MSTR,221,138,19,-8.7713309765,-1.02736653208,0.0230439538936,0.497737556561,0.917087963871,6307.29501219,0.416666666667,-18.7713309765,0.139098401127,0.164332147301
short__current_state__5.0__top_loop_orientation__bidirectional__677aa601f0,SHORT,2025,leave_one_stock_out_recomputed,NVTS,213,132,19,-4.3437521824,4.27064085721,0.0350725622727,0.50234741784,0.958743077063,5294.05008123,0.416666666667,-14.3437521824,0.148073206357,0.144680006993
short__current_state__5.0__top_loop_orientation__bidirectional__677aa601f0,SHORT,2025,leave_one_stock_out_recomputed,QBTS,219,137,19,-9.65866268344,-1.86330217466,0.0201551002734,0.493150684932,0.907344864918,6484.07799405,0.5,-19.6586626834,0.137642847484,0.188119402336
short__current_state__5.0__top_loop_orientation__bidirectional__677aa601f0,SHORT,2025,leave_one_stock_out_recomputed,RGTI,219,136,19,-1.04710494441,-1.86330217466,0.0203209298393,0.493150684932,0.989082633389,4072.28554118,0.583333333333,-11.0471049444,0.129329960823,0.185471213726
short__current_state__5.0__top_loop_orientation__bidirectional__677aa601f0,SHORT,2025,leave_one_stock_out_recomputed,RIOT,220,137,19,-17.4884160934,-14.4173533643,0.00361989848111,0.477272727273,0.84356095707,6923.49522159,0.416666666667,-27.4884160934,0.144965485868,0.184171266726
short__current_state__5.0__top_loop_orientation__bidirectional__677aa601f0,SHORT,2025,leave_one_stock_out_recomputed,RIVN,223,138,19,-15.5404666613,-13.9303413627,0.00530107531017,0.479820627803,0.858669641799,6923.49522159,0.416666666667,-25.5404666613,0.141594144079,0.172393589023
short__current_state__5.0__top_loop_orientation__bidirectional__677aa601f0,SHORT,2025,leave_one_stock_out_recomputed,SMCI,222,137,19,-15.2853829011,-13.0901706814,0.00865760062026,0.481981981982,0.860998554685,6923.49522159,0.416666666667,-25.2853829011,0.140974632689,0.187953243908
short__current_state__5.0__top_loop_orientation__bidirectional__677aa601f0,SHORT,2025,leave_one_stock_out_recomputed,SOFI,228,139,19,-10.8143668146,-11.125,0.0106475966813,0.486842105263,0.899690739445,6923.49522159,0.5,-20.8143668146,0.134845783376,0.155558713418
short__current_state__5.0__top_loop_orientation__bidirectional__677aa601f0,SHORT,2025,leave_one_stock_out_recomputed,WULF,217,138,19,-9.34759793249,-10,0.0164168345307,0.488479262673,0.914816732367,6923.49522159,0.416666666667,-19.3475979325,0.13835384571,0.147588677066
short__current_state__5.0__top_loop_orientation__bidirectional__677aa601f0,SHORT,2026,leave_one_stock_out_recomputed,AAOI,89,61,17,-25.2143864772,-25.1767255648,-0.00512378527544,0.438202247191,0.780525585415,3861.89769637,0.5,-35.2143864772,0.255372458671,0.405006108267
short__current_state__5.0__top_loop_orientation__bidirectional__677aa601f0,SHORT,2026,leave_one_stock_out_recomputed,APLD,98,64,17,-18.6154088152,-41.190217532,-0.0212457403224,0.418367346939,0.83161369211,3861.89769637,0.666666666667,-28.6154088152,0.266785910176,0.377326972795
short__current_state__5.0__top_loop_orientation__bidirectional__677aa601f0,SHORT,2026,leave_one_stock_out_recomputed,ASTS,94,64,17,-43.4556694645,-60.6866531438,-0.036462753477,0.393617021277,0.652778987815,4857.40034516,0.5,-53.4556694645,0.290499998936,0.487462255271
short__current_state__5.0__top_loop_orientation__bidirectional__677aa601f0,SHORT,2026,leave_one_stock_out_recomputed,CIFR,99,64,17,-16.7170061755,-29.6406375517,-0.00805046475077,0.434343434343,0.851420954247,3861.89769637,0.666666666667,-26.7170061755,0.271683923346,0.37245391818
short__current_state__5.0__top_loop_orientation__bidirectional__677aa601f0,SHORT,2026,leave_one_stock_out_recomputed,HIMS,100,64,17,-30.5662648539,-50.7715404713,-0.0292419619808,0.41,0.747692999709,3861.89769637,0.5,-40.5662648539,0.259559221056,0.455654055871
short__current_state__5.0__top_loop_orientation__bidirectional__677aa601f0,SHORT,2026,leave_one_stock_out_recomputed,IONQ,98,62,17,-25.20511674,-33.2369050985,-0.0128855859566,0.428571428571,0.78843703788,3861.89769637,0.666666666667,-35.20511674,0.249622367359,0.465880734456
short__current_state__5.0__top_loop_orientation__bidirectional__677aa601f0,SHORT,2026,leave_one_stock_out_recomputed,IREN,93,62,17,-28.9999177624,-36.8331726453,-0.0121600290028,0.430107526882,0.761904316545,3861.89769637,0.666666666667,-38.9999177624,0.250237045448,0.41592197304
short__current_state__5.0__top_loop_orientation__bidirectional__677aa601f0,SHORT,2026,leave_one_stock_out_recomputed,MARA,100,66,17,-36.1040541681,-50.7715404713,-0.0324260910371,0.41,0.701981722365,4382.97283231,0.666666666667,-46.1040541681,0.275354734543,0.52734105469
short__current_state__5.0__top_loop_orientation__bidirectional__677aa601f0,SHORT,2026,leave_one_stock_out_recomputed,MP,99,65,17,-21.9124691752,-36.8331726453,0.000438761885111,0.444444444444,0.81478985829,3861.89769637,0.666666666667,-31.9124691752,0.257332770306,0.438805224073
short__current_state__5.0__top_loop_orientation__bidirectional__677aa601f0,SHORT,2026,leave_one_stock_out_recomputed,MRNA,101,66,17,-28.5878557819,-45.5472624187,-0.0257816020926,0.415841584158,0.761663869195,3963.70369404,0.666666666667,-38.5878557819,0.255086935809,0.470939553646
short__current_state__5.0__top_loop_orientation__bidirectional__677aa601f0,SHORT,2026,leave_one_stock_out_recomputed,MSTR,92,62,17,-31.2097403736,-50.7715404713,-0.0290467442335,0.413043478261,0.750552986721,3947.62637444,0.666666666667,-41.2097403736,0.254670116184,0.469677887916
short__current_state__5.0__top_loop_orientation__bidirectional__677aa601f0,SHORT,2026,leave_one_stock_out_recomputed,NVTS,89,61,17,-0.735990752677,-2.91735500518,0.0177160060951,0.460674157303,0.992437248001,2268.04539369,0.666666666667,-10.7359907527,0.198287750422,0.484863746207
short__current_state__5.0__top_loop_orientation__bidirectional__677aa601f0,SHORT,2026,leave_one_stock_out_recomputed,QBTS,103,66,18,-24.9632842737,-36.8331726453,-0.0144491544738,0.427184466019,0.787760665404,3861.89769637,0.666666666667,-34.9632842737,0.24713290327,0.448937780072
short__current_state__5.0__top_loop_orientation__bidirectional__677aa601f0,SHORT,2026,leave_one_stock_out_recomputed,RGTI,101,64,17,-24.6620344211,-36.8331726453,-0.0154943915935,0.425742574257,0.78767851125,3781.5448927,0.666666666667,-34.6620344211,0.249107079807,0.408818529451
short__current_state__5.0__top_loop_orientation__bidirectional__677aa601f0,SHORT,2026,leave_one_stock_out_recomputed,RIOT,102,66,17,-22.8094775618,-33.2369050985,-0.00901298605746,0.43137254902,0.803997052239,3617.24612747,0.666666666667,-32.8094775618,0.253243522629,0.428949693091
short__current_state__5.0__top_loop_orientation__bidirectional__677aa601f0,SHORT,2026,leave_one_stock_out_recomputed,RIVN,102,65,17,-25.2058557776,-41.190217532,-0.00931234724443,0.43137254902,0.787775035626,3861.67670549,0.666666666667,-35.2058557776,0.247138289852,0.448923586372
short__current_state__5.0__top_loop_orientation__bidirectional__677aa601f0,SHORT,2026,leave_one_stock_out_recomputed,SMCI,95,61,17,-24.3648230105,-29.6406375517,-0.00912807717487,0.431578947368,0.80172763003,3605.33760217,0.666666666667,-34.3648230105,0.253548681497,0.427177742385
short__current_state__5.0__top_loop_orientation__bidirectional__677aa601f0,SHORT,2026,leave_one_stock_out_recomputed,SOFI,98,64,17,-18.3349096395,-16.662068427,0.00829171499506,0.448979591837,0.841554554189,3325.06049048,0.666666666667,-28.3349096395,0.267569023652,0.394123826004
short__current_state__5.0__top_loop_orientation__bidirectional__677aa601f0,SHORT,2026,leave_one_stock_out_recomputed,WULF,101,66,17,-25.4946741168,-36.8331726453,-0.0154069517985,0.425742574257,0.785880478727,3861.89769637,0.666666666667,-35.4946741168,0.24722418905,0.450491430092
short__decision_clock__clock_12__historical_activity_bin__middle__previous_state__5.0__3b03fd347e,SHORT,2024,leave_one_stock_out_recomputed,AAL,220,129,19,23.7029355542,16.1115391962,0.0586799099716,0.545454545455,1.21967412856,4213.26505196,0.583333333333,13.7029355542,0.223442991061,0.189880502224
short__decision_clock__clock_12__historical_activity_bin__middle__previous_state__5.0__3b03fd347e,SHORT,2024,leave_one_stock_out_recomputed,AAOI,215,131,19,17.2938198233,13.3644859813,0.0511242479152,0.53488372093,1.16578584564,4213.26505196,0.583333333333,7.29381982329,0.246985020954,0.198906059781
short__decision_clock__clock_12__historical_activity_bin__middle__previous_state__5.0__3b03fd347e,SHORT,2024,leave_one_stock_out_recomputed,APLD,216,134,19,25.4408376272,19.0951637291,0.0575431713337,0.537037037037,1.25357885351,4213.26505196,0.583333333333,15.4408376272,0.219519912463,0.205786226924
short__decision_clock__clock_12__historical_activity_bin__middle__previous_state__5.0__3b03fd347e,SHORT,2024,leave_one_stock_out_recomputed,ASTS,224,137,19,22.67288712,19.0951637291,0.0666049135969,0.549107142857,1.21983174438,3785.55038198,0.666666666667,12.67288712,0.225394306169,0.181889767389
short__decision_clock__clock_12__historical_activity_bin__middle__previous_state__5.0__3b03fd347e,SHORT,2024,leave_one_stock_out_recomputed,CIFR,212,131,19,43.8805853526,21.6467943617,0.0785642514235,0.561320754717,1.49235744313,1935.40610214,0.833333333333,33.8805853526,0.169266500656,0.189425855242
short__decision_clock__clock_12__historical_activity_bin__middle__previous_state__5.0__3b03fd347e,SHORT,2024,leave_one_stock_out_recomputed,HIMS,215,132,19,22.9054786412,15.3807149544,0.0628079873109,0.548837209302,1.21349713405,3935.74050307,0.5,12.9054786412,0.227647514825,0.183934160551
short__decision_clock__clock_12__historical_activity_bin__middle__previous_state__5.0__3b03fd347e,SHORT,2024,leave_one_stock_out_recomputed,IONQ,224,135,19,24.2257945356,15.1719683942,0.0610481333005,0.544642857143,1.23811901458,4213.26505196,0.666666666667,14.2257945356,0.220466913619,0.221747802087
short__decision_clock__clock_12__historical_activity_bin__middle__previous_state__5.0__3b03fd347e,SHORT,2024,leave_one_stock_out_recomputed,IREN,209,130,19,23.5436469078,13.5825527317,0.0579330164149,0.540669856459,1.2341770497,4213.26505196,0.666666666667,13.5436469078,0.227707444735,0.190488120968
short__decision_clock__clock_12__historical_activity_bin__middle__previous_state__5.0__3b03fd347e,SHORT,2024,leave_one_stock_out_recomputed,MARA,222,138,19,26.6766654765,16.1115391962,0.0656707299334,0.545045045045,1.26260350004,4213.26505196,0.583333333333,16.6766654765,0.217184014442,0.187022619927
short__decision_clock__clock_12__historical_activity_bin__middle__previous_state__5.0__3b03fd347e,SHORT,2024,leave_one_stock_out_recomputed,MP,228,137,19,26.1334660794,16.1115391962,0.0637498086485,0.548245614035,1.25201746083,4213.26505196,0.583333333333,16.1334660794,0.217671994996,0.186749580986
short__decision_clock__clock_12__historical_activity_bin__middle__previous_state__5.0__3b03fd347e,SHORT,2024,leave_one_stock_out_recomputed,MRNA,223,136,19,22.0605624983,13.3644859813,0.0490512187857,0.533632286996,1.21041114555,4213.26505196,0.5,12.0605624983,0.227723952397,0.187004595646
short__decision_clock__clock_12__historical_activity_bin__middle__previous_state__5.0__3b03fd347e,SHORT,2024,leave_one_stock_out_recomputed,MSTR,225,134,19,32.1684927213,16.8423634379,0.0673421533828,0.546666666667,1.32637310498,4213.26505196,0.583333333333,22.1684927213,0.236443582856,0.217356833622
short__decision_clock__clock_12__historical_activity_bin__middle__previous_state__5.0__3b03fd347e,SHORT,2024,leave_one_stock_out_recomputed,NVTS,219,134,19,25.5585433943,15.3807149544,0.0611437081907,0.543378995434,1.24463223164,4213.26505196,0.583333333333,15.5585433943,0.218126289752,0.201900771967
short__decision_clock__clock_12__historical_activity_bin__middle__previous_state__5.0__3b03fd347e,SHORT,2024,leave_one_stock_out_recomputed,QBTS,226,136,19,25.61432485,15.1719683942,0.0622981435633,0.544247787611,1.24892633312,4213.26505196,0.583333333333,15.61432485,0.215559335879,0.199189916795
short__decision_clock__clock_12__historical_activity_bin__middle__previous_state__5.0__3b03fd347e,SHORT,2024,leave_one_stock_out_recomputed,RGTI,224,136,19,16.217905566,12.46408546,0.0490274748902,0.53125,1.15238408379,4213.26505196,0.583333333333,6.21790556605,0.248478340983,0.213596851049
short__decision_clock__clock_12__historical_activity_bin__middle__previous_state__5.0__3b03fd347e,SHORT,2024,leave_one_stock_out_recomputed,RIOT,219,135,19,22.9924448523,13.5825527317,0.0539135117659,0.538812785388,1.21940804486,4213.26505196,0.583333333333,12.9924448523,0.22602430215,0.198349336915
short__decision_clock__clock_12__historical_activity_bin__middle__previous_state__5.0__3b03fd347e,SHORT,2024,leave_one_stock_out_recomputed,RIVN,221,134,19,23.4289942437,14.9632218339,0.0585751233507,0.538461538462,1.22209484806,4213.26505196,0.666666666667,13.4289942437,0.22396850963,0.188407563367
short__decision_clock__clock_12__historical_activity_bin__middle__previous_state__5.0__3b03fd347e,SHORT,2024,leave_one_stock_out_recomputed,SMCI,223,134,19,25.1159765642,14.9632218339,0.0571585949339,0.542600896861,1.24356424475,4213.26505196,0.583333333333,15.1159765642,0.218078263574,0.191440877363
short__decision_clock__clock_12__historical_activity_bin__middle__previous_state__5.0__3b03fd347e,SHORT,2024,leave_one_stock_out_recomputed,SOFI,222,136,19,25.6164089294,16.1115391962,0.0627067170496,0.545045045045,1.2425082044,4213.26505196,0.583333333333,15.6164089294,0.216918834083,0.184473408979
short__decision_clock__clock_12__historical_activity_bin__middle__previous_state__5.0__3b03fd347e,SHORT,2024,leave_one_stock_out_recomputed,WULF,221,135,19,24.7026506273,14.9632218339,0.0611003398901,0.542986425339,1.23908945749,4213.26505196,0.583333333333,14.7026506273,0.220014658223,0.185969644206
short__decision_clock__clock_12__historical_activity_bin__middle__previous_state__5.0__3b03fd347e,SHORT,2025,leave_one_stock_out_recomputed,AAL,325,174,19,-28.9670472345,2.30285011277,0.0201694733455,0.504615384615,0.766416306149,11778.4088301,0.416666666667,-38.9670472345,0.0999427645565,0.280192868469
short__decision_clock__clock_12__historical_activity_bin__middle__previous_state__5.0__3b03fd347e,SHORT,2025,leave_one_stock_out_recomputed,AAOI,314,176,19,-28.3274658085,-0.224887259993,0.0180845247533,0.5,0.763726213141,10676.4082214,0.5,-38.3274658085,0.102852294517,0.341452463947
short__decision_clock__clock_12__historical_activity_bin__middle__previous_state__5.0__3b03fd347e,SHORT,2025,leave_one_stock_out_recomputed,APLD,308,167,19,-32.1318005559,4.43240889325,0.026988026988,0.50974025974,0.74035010812,12039.7741056,0.416666666667,-42.1318005559,0.100163272623,0.276922669638
short__decision_clock__clock_12__historical_activity_bin__middle__previous_state__5.0__3b03fd347e,SHORT,2025,leave_one_stock_out_recomputed,ASTS,307,170,19,-26.6324858551,3.69863013699,0.0257052506997,0.504885993485,0.781864476007,10319.3526919,0.583333333333,-36.6324858551,0.107168473212,0.303579770398
short__decision_clock__clock_12__historical_activity_bin__middle__previous_state__5.0__3b03fd347e,SHORT,2025,leave_one_stock_out_recomputed,CIFR,312,172,19,-27.6226558324,1.47301552919,0.0235158451914,0.503205128205,0.773811202916,10761.4481541,0.5,-37.6226558324,0.104471472224,0.274312140103
short__decision_clock__clock_12__historical_activity_bin__middle__previous_state__5.0__3b03fd347e,SHORT,2025,leave_one_stock_out_recomputed,HIMS,317,173,19,-34.4465504554,-4.29740115588,0.0117267570166,0.488958990536,0.72661540898,13062.7360288,0.416666666667,-44.4465504554,0.106086066389,0.261365025487
short__decision_clock__clock_12__historical_activity_bin__middle__previous_state__5.0__3b03fd347e,SHORT,2025,leave_one_stock_out_recomputed,IONQ,312,176,19,-30.4493873107,-1.61230516526,0.0156626406626,0.496794871795,0.750304633621,11643.3883754,0.416666666667,-40.4493873107,0.0994773259697,0.232743479048
short__decision_clock__clock_12__historical_activity_bin__middle__previous_state__5.0__3b03fd347e,SHORT,2025,leave_one_stock_out_recomputed,IREN,302,172,19,-26.5798884965,1.47301552919,0.0211548470331,0.503311258278,0.778432828412,10170.3058604,0.416666666667,-36.5798884965,0.108109394985,0.279867326367
short__decision_clock__clock_12__historical_activity_bin__middle__previous_state__5.0__3b03fd347e,SHORT,2025,leave_one_stock_out_recomputed,MARA,323,175,19,-26.7000992608,6.10573330898,0.0353204070476,0.513931888545,0.779602014002,10767.3115957,0.416666666667,-36.7000992608,0.10443661415,0.24185919387
short__decision_clock__clock_12__historical_activity_bin__middle__previous_state__5.0__3b03fd347e,SHORT,2025,leave_one_stock_out_recomputed,MP,322,176,19,-26.9688118725,4.43240889325,0.0294231333138,0.509316770186,0.780288222605,10827.1369574,0.416666666667,-36.9688118725,0.104082278217,0.267054938406
short__decision_clock__clock_12__historical_activity_bin__middle__previous_state__5.0__3b03fd347e,SHORT,2025,leave_one_stock_out_recomputed,MRNA,311,173,19,-28.0035177242,6.43890410959,0.035796590239,0.51768488746,0.775807253842,10852.2735466,0.5,-38.0035177242,0.103934114607,0.283444083313
short__decision_clock__clock_12__historical_activity_bin__middle__previous_state__5.0__3b03fd347e,SHORT,2025,leave_one_stock_out_recomputed,MSTR,315,174,19,-24.7617789685,2.30285011277,0.0227710242089,0.504761904762,0.791498306883,9943.13990951,0.416666666667,-34.7617789685,0.105312723513,0.200927015576
short__decision_clock__clock_12__historical_activity_bin__middle__previous_state__5.0__3b03fd347e,SHORT,2025,leave_one_stock_out_recomputed,NVTS,321,175,19,-34.1767982056,2.30285011277,0.0265604302907,0.504672897196,0.727330669935,13113.9317584,0.333333333333,-44.1767982056,0.106400941144,0.277324513211
short__decision_clock__clock_12__historical_activity_bin__middle__previous_state__5.0__3b03fd347e,SHORT,2025,leave_one_stock_out_recomputed,QBTS,319,175,19,-25.6202125941,2.30285011277,0.0280278762142,0.504702194357,0.783392502533,10316.0273519,0.416666666667,-35.6202125941,0.107189287174,0.29790886758
short__decision_clock__clock_12__historical_activity_bin__middle__previous_state__5.0__3b03fd347e,SHORT,2025,leave_one_stock_out_recomputed,RGTI,316,174,19,-24.9093678294,3.00074012488,0.0264477433183,0.506329113924,0.789821691648,10054.9426995,0.416666666667,-34.9093678294,0.109110554812,0.253939624049
short__decision_clock__clock_12__historical_activity_bin__middle__previous_state__5.0__3b03fd347e,SHORT,2025,leave_one_stock_out_recomputed,RIOT,321,175,19,-32.2716628843,0.643180945601,0.0211645034089,0.501557632399,0.739580727191,12502.3833203,0.416666666667,-42.2716628843,0.102757675065,0.283799943657
short__decision_clock__clock_12__historical_activity_bin__middle__previous_state__5.0__3b03fd347e,SHORT,2025,leave_one_stock_out_recomputed,RIVN,327,175,19,-27.8135731424,3.69863013699,0.026598095373,0.507645259939,0.773001247087,11612.1270864,0.416666666667,-37.8135731424,0.101711053939,0.280112110149
short__decision_clock__clock_12__historical_activity_bin__middle__previous_state__5.0__3b03fd347e,SHORT,2025,leave_one_stock_out_recomputed,SMCI,322,173,19,-28.7767640043,4.43240889325,0.0291656863457,0.506211180124,0.767447744756,11612.1270864,0.416666666667,-38.7767640043,0.100755761066,0.26870105995
short__decision_clock__clock_12__historical_activity_bin__middle__previous_state__5.0__3b03fd347e,SHORT,2025,leave_one_stock_out_recomputed,SOFI,319,173,19,-29.9854409841,2.30285011277,0.0303775642334,0.504702194357,0.762707736604,11778.4088301,0.416666666667,-39.9854409841,0.0991272913981,0.27929540437
short__decision_clock__clock_12__historical_activity_bin__middle__previous_state__5.0__3b03fd347e,SHORT,2025,leave_one_stock_out_recomputed,WULF,314,174,19,-33.4538024203,-1.61230516526,0.0177083311993,0.496815286624,0.72669882542,11778.4088301,0.416666666667,-43.4538024203,0.103600451633,0.273266927351
short__decision_clock__clock_12__historical_activity_bin__middle__previous_state__5.0__3b03fd347e,SHORT,2026,leave_one_stock_out_recomputed,AAOI,139,74,18,12.2659068565,2.91507994285,0.0571185556833,0.525179856115,1.12062907255,2847.63998806,0.666666666667,2.26590685653,0.148453726338,0.254494523165
short__decision_clock__clock_12__historical_activity_bin__middle__previous_state__5.0__3b03fd347e,SHORT,2026,leave_one_stock_out_recomputed,APLD,139,75,18,5.50698147933,0.832768882132,0.0526053828607,0.517985611511,1.05206851176,2847.63998806,0.5,-4.49301852067,0.14641638858,0.331363386969
short__decision_clock__clock_12__historical_activity_bin__middle__previous_state__5.0__3b03fd347e,SHORT,2026,leave_one_stock_out_recomputed,ASTS,130,73,18,-0.721430510489,-0.346376889335,0.0314586867848,0.5,0.993203110286,2847.63998806,0.5,-10.7214305105,0.160057602235,0.29318613952
short__decision_clock__clock_12__historical_activity_bin__middle__previous_state__5.0__3b03fd347e,SHORT,2026,leave_one_stock_out_recomputed,CIFR,129,77,18,0.274943725326,0.832768882132,0.0483272660456,0.519379844961,1.00245837802,2847.63998806,0.5,-9.72505627467,0.157845446921,0.238698687311
short__decision_clock__clock_12__historical_activity_bin__middle__previous_state__5.0__3b03fd347e,SHORT,2026,leave_one_stock_out_recomputed,HIMS,140,77,18,7.2502819358,0.681654139155,0.0493294665907,0.514285714286,1.06690133064,2847.63998806,0.5,-2.7497180642,0.142879554091,0.284005783286
short__decision_clock__clock_12__historical_activity_bin__middle__previous_state__5.0__3b03fd347e,SHORT,2026,leave_one_stock_out_recomputed,IONQ,138,77,18,9.32370777733,0.681654139155,0.0542543134815,0.514492753623,1.08869376046,2847.63998806,0.5,-0.67629222267,0.142460950653,0.273941005627
short__decision_clock__clock_12__historical_activity_bin__middle__previous_state__5.0__3b03fd347e,SHORT,2026,leave_one_stock_out_recomputed,IREN,133,75,18,8.63005794485,0.832768882132,0.0496881398063,0.511278195489,1.08023074838,2847.63998806,0.5,-1.36994205515,0.141066875325,0.354374802992
short__decision_clock__clock_12__historical_activity_bin__middle__previous_state__5.0__3b03fd347e,SHORT,2026,leave_one_stock_out_recomputed,MARA,146,78,18,11.8049415974,1.87392441249,0.0538752788259,0.520547945205,1.11540358487,2847.63998806,0.5,1.80494159738,0.148731343077,0.301811603251
short__decision_clock__clock_12__historical_activity_bin__middle__previous_state__5.0__3b03fd347e,SHORT,2026,leave_one_stock_out_recomputed,MP,142,76,18,6.73040050736,1.87392441249,0.0520108204994,0.521126760563,1.06411936854,2847.63998806,0.5,-3.26959949264,0.143704689909,0.287820792784
short__decision_clock__clock_12__historical_activity_bin__middle__previous_state__5.0__3b03fd347e,SHORT,2026,leave_one_stock_out_recomputed,MRNA,138,73,18,1.44239267962,1.60856783277,0.0537850502248,0.507246376812,1.01303283966,3149.40797607,0.5,-8.55760732038,0.155131919749,0.289595412804
short__decision_clock__clock_12__historical_activity_bin__middle__previous_state__5.0__3b03fd347e,SHORT,2026,leave_one_stock_out_recomputed,MSTR,140,75,18,1.74395333865,0.416297559434,0.0402079141516,0.507142857143,1.01599835513,3104.30469844,0.5,-8.25604666135,0.154400071548,0.252628857065
short__decision_clock__clock_12__historical_activity_bin__middle__previous_state__5.0__3b03fd347e,SHORT,2026,leave_one_stock_out_recomputed,NVTS,134,76,18,19.7179287697,3.77629142933,0.0608151172808,0.529850746269,1.2105985841,1677.68100547,0.5,9.71792876965,0.139880871468,0.337033126217
short__decision_clock__clock_12__historical_activity_bin__middle__previous_state__5.0__3b03fd347e,SHORT,2026,leave_one_stock_out_recomputed,QBTS,139,75,18,11.0555295157,0.832768882132,0.0500895058601,0.517985611511,1.10619690443,2476.95593888,0.666666666667,1.05552951567,0.14598373516,0.285002109219
short__decision_clock__clock_12__historical_activity_bin__middle__previous_state__5.0__3b03fd347e,SHORT,2026,leave_one_stock_out_recomputed,RGTI,144,78,18,2.78547917477,0.416297559434,0.0408862464703,0.506944444444,1.0258909995,3612.56554039,0.5,-7.21452082523,0.151906257676,0.258400640313
short__decision_clock__clock_12__historical_activity_bin__middle__previous_state__5.0__3b03fd347e,SHORT,2026,leave_one_stock_out_recomputed,RIOT,145,78,18,9.04664721283,0.832768882132,0.0590735589054,0.51724137931,1.0854927217,2701.9106957,0.5,-0.953352787167,0.14280676829,0.28722393407
short__decision_clock__clock_12__historical_activity_bin__middle__previous_state__5.0__3b03fd347e,SHORT,2026,leave_one_stock_out_recomputed,RIVN,145,78,18,12.1329125883,2.91507994285,0.0587741977184,0.524137931034,1.1180800519,2254.40221626,0.666666666667,2.13291258826,0.149269021769,0.265731242642
short__decision_clock__clock_12__historical_activity_bin__middle__previous_state__5.0__3b03fd347e,SHORT,2026,leave_one_stock_out_recomputed,SMCI,143,77,18,9.37757156244,2.91507994285,0.0593297807567,0.524475524476,1.08834622802,2672.68180813,0.5,-0.622428437563,0.143211720602,0.297928144415
short__decision_clock__clock_12__historical_activity_bin__middle__previous_state__5.0__3b03fd347e,SHORT,2026,leave_one_stock_out_recomputed,SOFI,142,77,18,11.5938589766,1.87392441249,0.0554316977487,0.521126760563,1.11024868106,2367.34656688,0.5,1.59385897662,0.14758349278,0.297203397778
short__decision_clock__clock_12__historical_activity_bin__middle__previous_state__5.0__3b03fd347e,SHORT,2026,leave_one_stock_out_recomputed,WULF,140,77,18,9.7583637038,1.87392441249,0.0544657497574,0.521428571429,1.09372349003,2597.12704291,0.5,-0.2416362962,0.143562398125,0.288606460343
short__historical_activity_bin__middle__state_motif_3__6gt5gt6__daa65ab298,SHORT,2024,leave_one_stock_out_recomputed,AAL,93,67,17,45.7389561086,60.5467372134,0.116597798535,0.612903225806,1.55564508719,2156.42210618,0.666666666667,35.7389561086,0.185682678381,0.218587179784
short__historical_activity_bin__middle__state_motif_3__6gt5gt6__daa65ab298,SHORT,2024,leave_one_stock_out_recomputed,AAOI,89,64,16,35.7396347676,49.0679267572,0.101294093747,0.595505617978,1.41549748407,2156.42210618,0.666666666667,25.7396347676,0.218618969631,0.200790344331
short__historical_activity_bin__middle__state_motif_3__6gt5gt6__daa65ab298,SHORT,2024,leave_one_stock_out_recomputed,APLD,84,60,16,44.0673390528,61.2993825553,0.122357986148,0.619047619048,1.54687799856,2156.42210618,0.666666666667,34.0673390528,0.201286674307,0.172572366927
short__historical_activity_bin__middle__state_motif_3__6gt5gt6__daa65ab298,SHORT,2024,leave_one_stock_out_recomputed,ASTS,87,63,16,49.6771148849,66.9366874375,0.137520348737,0.620689655172,1.6267338091,2097.92478542,0.666666666667,39.6771148849,0.187477721265,0.219914045218
short__historical_activity_bin__middle__state_motif_3__6gt5gt6__daa65ab298,SHORT,2024,leave_one_stock_out_recomputed,CIFR,83,62,16,46.4468067019,60.5467372134,0.119141655379,0.614457831325,1.55650250525,2555.06006803,0.666666666667,36.4468067019,0.196692919735,0.232446812108
short__historical_activity_bin__middle__state_motif_3__6gt5gt6__daa65ab298,SHORT,2024,leave_one_stock_out_recomputed,HIMS,87,61,16,57.4666730181,66.9366874375,0.134927741387,0.632183908046,1.74569931478,2005.79082273,0.75,47.4666730181,0.207405560124,0.286106428696
short__historical_activity_bin__middle__state_motif_3__6gt5gt6__daa65ab298,SHORT,2024,leave_one_stock_out_recomputed,IONQ,88,63,16,51.9321326891,64.4943576674,0.129635795638,0.625,1.69899783024,1840.11734764,0.666666666667,41.9321326891,0.194313209215,0.265138726837
short__historical_activity_bin__middle__state_motif_3__6gt5gt6__daa65ab298,SHORT,2024,leave_one_stock_out_recomputed,IREN,82,62,16,50.1398322525,58.0023070974,0.12655245859,0.609756097561,1.63263481665,1268.12761333,0.75,40.1398322525,0.189467423668,0.225184506627
short__historical_activity_bin__middle__state_motif_3__6gt5gt6__daa65ab298,SHORT,2024,leave_one_stock_out_recomputed,MARA,86,65,16,34.0858904305,54.8073319853,0.108411144767,0.593023255814,1.38478917308,2156.42210618,0.666666666667,24.0858904305,0.185009137446,0.171368426299
short__historical_activity_bin__middle__state_motif_3__6gt5gt6__daa65ab298,SHORT,2024,leave_one_stock_out_recomputed,MP,93,67,17,45.7389561086,60.5467372134,0.118079180465,0.612903225806,1.55564508719,2156.42210618,0.666666666667,35.7389561086,0.185682678381,0.218587179784
short__historical_activity_bin__middle__state_motif_3__6gt5gt6__daa65ab298,SHORT,2024,leave_one_stock_out_recomputed,MRNA,91,67,16,42.0645295981,49.0679267572,0.109269027882,0.604395604396,1.50001808289,2156.42210618,0.666666666667,32.0645295981,0.197492329896,0.229201371634
short__historical_activity_bin__middle__state_motif_3__6gt5gt6__daa65ab298,SHORT,2024,leave_one_stock_out_recomputed,MSTR,93,67,17,45.7389561086,60.5467372134,0.119098425784,0.612903225806,1.55564508719,2156.42210618,0.666666666667,35.7389561086,0.185682678381,0.218587179784
short__historical_activity_bin__middle__state_motif_3__6gt5gt6__daa65ab298,SHORT,2024,leave_one_stock_out_recomputed,NVTS,91,66,16,46.1142169045,60.5467372134,0.123013345403,0.615384615385,1.5514493855,2156.42210618,0.666666666667,36.1142169045,0.187189586846,0.219958468003
short__historical_activity_bin__middle__state_motif_3__6gt5gt6__daa65ab298,SHORT,2024,leave_one_stock_out_recomputed,QBTS,91,66,16,44.0562491246,49.0679267572,0.111602821187,0.604395604396,1.52369351178,2156.42210618,0.666666666667,34.0562491246,0.192287238779,0.224560413732
short__historical_activity_bin__middle__state_motif_3__6gt5gt6__daa65ab298,SHORT,2024,leave_one_stock_out_recomputed,RGTI,92,67,16,47.4833526921,61.2993825553,0.127055425201,0.619565217391,1.57931700078,2156.42210618,0.666666666667,37.4833526921,0.188723501929,0.215893244503
short__historical_activity_bin__middle__state_motif_3__6gt5gt6__daa65ab298,SHORT,2024,leave_one_stock_out_recomputed,RIOT,87,66,16,44.7084180223,60.5467372134,0.124138673158,0.620689655172,1.52464399634,2156.42210618,0.666666666667,34.7084180223,0.19568732036,0.213058426035
short__historical_activity_bin__middle__state_motif_3__6gt5gt6__daa65ab298,SHORT,2024,leave_one_stock_out_recomputed,RIVN,90,65,16,44.9205776974,54.8073319853,0.115990910178,0.611111111111,1.53401921676,2156.42210618,0.666666666667,34.9205776974,0.191348611952,0.190803498039
short__historical_activity_bin__middle__state_motif_3__6gt5gt6__daa65ab298,SHORT,2024,leave_one_stock_out_recomputed,SMCI,91,66,16,46.4069974776,60.5467372134,0.119396805154,0.615384615385,1.56941410391,2156.42210618,0.666666666667,36.4069974776,0.186486238952,0.219319044899
short__historical_activity_bin__middle__state_motif_3__6gt5gt6__daa65ab298,SHORT,2024,leave_one_stock_out_recomputed,SOFI,90,65,16,49.3609975231,61.2993825553,0.124568578911,0.622222222222,1.60395741975,2156.42210618,0.583333333333,39.3609975231,0.190738521861,0.2209963679
short__historical_activity_bin__middle__state_motif_3__6gt5gt6__daa65ab298,SHORT,2024,leave_one_stock_out_recomputed,WULF,79,59,16,42.8828323376,40.5040455055,0.0977003742563,0.594936708861,1.50848698396,2156.42210618,0.666666666667,32.8828323376,0.211387608418,0.176546006285
short__historical_activity_bin__middle__state_motif_3__6gt5gt6__daa65ab298,SHORT,2025,leave_one_stock_out_recomputed,AAL,153,99,19,-59.098169048,-2.99229152067,-0.00231418678523,0.490196078431,0.579899305928,9852.97605478,0.25,-69.098169048,0.227066486581,0.23226026527
short__historical_activity_bin__middle__state_motif_3__6gt5gt6__daa65ab298,SHORT,2025,leave_one_stock_out_recomputed,AAOI,144,97,18,-55.7786100132,-12.4446060225,-0.0119933237959,0.479166666667,0.592332032313,8405.07210089,0.166666666667,-65.7786100132,0.247960606559,0.266235294125
short__historical_activity_bin__middle__state_motif_3__6gt5gt6__daa65ab298,SHORT,2025,leave_one_stock_out_recomputed,APLD,136,93,18,-67.4164417483,-7.6769726572,-0.0082487950135,0.485294117647,0.538009180257,9979.59226821,0.25,-77.4164417483,0.229490962761,0.246531341556
short__historical_activity_bin__middle__state_motif_3__6gt5gt6__daa65ab298,SHORT,2025,leave_one_stock_out_recomputed,ASTS,144,94,18,-62.5549990556,-7.6769726572,0.00195389347927,0.486111111111,0.561956224901,9818.87605445,0.166666666667,-72.5549990556,0.227714386409,0.221925621712
short__historical_activity_bin__middle__state_motif_3__6gt5gt6__daa65ab298,SHORT,2025,leave_one_stock_out_recomputed,CIFR,137,94,18,-60.799102569,-2.13165486494,0.00580575722589,0.496350364964,0.584389236481,9140.43324239,0.25,-70.799102569,0.241419613536,0.254165088206
short__historical_activity_bin__middle__state_motif_3__6gt5gt6__daa65ab298,SHORT,2025,leave_one_stock_out_recomputed,HIMS,148,97,18,-61.7283692123,-12.4446060225,-0.00244751188957,0.47972972973,0.570662739746,9946.75483386,0.25,-71.7283692123,0.228857225262,0.248839499443
short__historical_activity_bin__middle__state_motif_3__6gt5gt6__daa65ab298,SHORT,2025,leave_one_stock_out_recomputed,IONQ,138,93,18,-52.6710435442,-0.744236959667,0.0155232872624,0.5,0.612494498508,8079.56019953,0.25,-62.6710435442,0.266500569006,0.230326733889
short__historical_activity_bin__middle__state_motif_3__6gt5gt6__daa65ab298,SHORT,2025,leave_one_stock_out_recomputed,IREN,138,92,18,-57.5161588057,-0.744236959667,0.00810177092219,0.5,0.588552929118,8748.18610563,0.333333333333,-67.5161588057,0.250123159154,0.217322483383
short__historical_activity_bin__middle__state_motif_3__6gt5gt6__daa65ab298,SHORT,2025,leave_one_stock_out_recomputed,MARA,150,99,18,-56.0498156341,-2.5619731928,0.00615632036024,0.493333333333,0.593632387716,9218.42853556,0.25,-66.0498156341,0.239760680408,0.248355561271
short__historical_activity_bin__middle__state_motif_3__6gt5gt6__daa65ab298,SHORT,2025,leave_one_stock_out_recomputed,MP,147,96,18,-54.613695281,0.643180945601,0.0112332486643,0.503401360544,0.607960499738,8839.16939674,0.25,-64.613695281,0.248048900901,0.202921201021
short__historical_activity_bin__middle__state_motif_3__6gt5gt6__daa65ab298,SHORT,2025,leave_one_stock_out_recomputed,MRNA,150,98,18,-57.8795710871,-2.5619731928,0.00383517544801,0.493333333333,0.586404279271,9492.8918535,0.333333333333,-67.8795710871,0.234099936096,0.233507642909
short__historical_activity_bin__middle__state_motif_3__6gt5gt6__daa65ab298,SHORT,2025,leave_one_stock_out_recomputed,MSTR,148,98,18,-60.6839182121,-12.4446060225,-0.0106481092102,0.47972972973,0.567782513073,9792.17608583,0.25,-70.6839182121,0.228224272334,0.219217910586
short__historical_activity_bin__middle__state_motif_3__6gt5gt6__daa65ab298,SHORT,2025,leave_one_stock_out_recomputed,NVTS,147,96,18,-63.7819908889,-12.3616537937,0.0025919643997,0.489795918367,0.555760904652,10186.9088511,0.166666666667,-73.7819908889,0.233574485736,0.230619303917
short__historical_activity_bin__middle__state_motif_3__6gt5gt6__daa65ab298,SHORT,2025,leave_one_stock_out_recomputed,QBTS,143,94,18,-69.6445289958,-13.9596121148,-0.014171303916,0.468531468531,0.531037643852,10770.1238368,0.0833333333333,-79.6445289958,0.24588260971,0.243490490926
short__historical_activity_bin__middle__state_motif_3__6gt5gt6__daa65ab298,SHORT,2025,leave_one_stock_out_recomputed,RGTI,145,96,18,-60.8213876628,-12.3616537937,0.000607498883545,0.489655172414,0.572893371449,9630.05740154,0.25,-70.8213876628,0.231369932431,0.246095698833
short__historical_activity_bin__middle__state_motif_3__6gt5gt6__daa65ab298,SHORT,2025,leave_one_stock_out_recomputed,RIOT,150,97,18,-59.7906362389,-7.6769726572,-0.00213767727646,0.486666666667,0.578604199413,9779.55162627,0.25,-69.7906362389,0.228466155961,0.236073927303
short__historical_activity_bin__middle__state_motif_3__6gt5gt6__daa65ab298,SHORT,2025,leave_one_stock_out_recomputed,RIVN,150,97,18,-58.8068183766,-2.5619731928,0.00341766723842,0.493333333333,0.585197052283,9631.97894692,0.25,-68.8068183766,0.231332140115,0.226964405739
short__historical_activity_bin__middle__state_motif_3__6gt5gt6__daa65ab298,SHORT,2025,leave_one_stock_out_recomputed,SMCI,150,98,18,-57.6373175342,-0.744236959667,0.011360303323,0.5,0.590780386233,9456.55382057,0.25,-67.6373175342,0.234833999641,0.242060650074
short__historical_activity_bin__middle__state_motif_3__6gt5gt6__daa65ab298,SHORT,2025,leave_one_stock_out_recomputed,SOFI,150,98,18,-59.1177273213,-2.5619731928,0.00801601773392,0.493333333333,0.584502955922,9678.61528863,0.25,-69.1177273213,0.230418683103,0.236471293213
short__historical_activity_bin__middle__state_motif_3__6gt5gt6__daa65ab298,SHORT,2025,leave_one_stock_out_recomputed,WULF,139,93,18,-45.4721914116,-2.13165486494,0.00680240625769,0.496402877698,0.628068787565,7897.57738918,0.25,-55.4721914116,0.191439460216,0.263323180489
short__historical_activity_bin__middle__state_motif_3__6gt5gt6__daa65ab298,SHORT,2026,leave_one_stock_out_recomputed,AAOI,50,37,15,10.8121184349,51.7234744618,0.12790992259,0.56,1.08798824524,1487.68895591,0.666666666667,0.812118434924,0.174331679026,0.335263784528
short__historical_activity_bin__middle__state_motif_3__6gt5gt6__daa65ab298,SHORT,2026,leave_one_stock_out_recomputed,APLD,52,37,15,-29.4722395678,33.3543736456,0.0898217636023,0.519230769231,0.793810728891,2092.00116034,0.5,-39.4722395678,0.236608265105,0.352090637373
short__historical_activity_bin__middle__state_motif_3__6gt5gt6__daa65ab298,SHORT,2026,leave_one_stock_out_recomputed,ASTS,50,36,15,-18.9695919961,33.3543736456,0.0899202252464,0.52,0.856856824877,1487.68895591,0.5,-28.9695919961,0.212763719319,0.420326985462
short__historical_activity_bin__middle__state_motif_3__6gt5gt6__daa65ab298,SHORT,2026,leave_one_stock_out_recomputed,CIFR,50,39,15,-15.6587003615,33.3543736456,0.0877071110068,0.52,0.887084439544,1487.68895591,0.5,-25.6587003615,0.206855307169,0.317650071275
short__historical_activity_bin__middle__state_motif_3__6gt5gt6__daa65ab298,SHORT,2026,leave_one_stock_out_recomputed,HIMS,52,38,15,-15.5168606575,33.3543736456,0.08998880725,0.519230769231,0.891069155888,1487.68895591,0.666666666667,-25.5168606575,0.207689426652,0.381271591816
short__historical_activity_bin__middle__state_motif_3__6gt5gt6__daa65ab298,SHORT,2026,leave_one_stock_out_recomputed,IONQ,54,40,15,-5.9731956354,40.8710438336,0.105784104142,0.537037037037,0.954557948869,1487.68895591,0.666666666667,-15.9731956354,0.21703316644,0.405480075185
short__historical_activity_bin__middle__state_motif_3__6gt5gt6__daa65ab298,SHORT,2026,leave_one_stock_out_recomputed,IREN,49,34,15,-9.08797302513,55.0727183992,0.0990973771855,0.530612244898,0.935415100472,1487.68895591,0.666666666667,-19.0879730251,0.212443187498,0.342327601092
short__historical_activity_bin__middle__state_motif_3__6gt5gt6__daa65ab298,SHORT,2026,leave_one_stock_out_recomputed,MARA,52,39,15,-24.9159127281,15.444843785,0.0675739089629,0.5,0.826511252528,1899.45965122,0.5,-34.9159127281,0.226319535859,0.390297043943
short__historical_activity_bin__middle__state_motif_3__6gt5gt6__daa65ab298,SHORT,2026,leave_one_stock_out_recomputed,MP,55,40,16,-12.5913244832,33.3678571429,0.0933680548144,0.527272727273,0.9072689297,1487.68895591,0.666666666667,-22.5913244832,0.203764908332,0.375432261897
short__historical_activity_bin__middle__state_motif_3__6gt5gt6__daa65ab298,SHORT,2026,leave_one_stock_out_recomputed,MRNA,54,39,15,-12.7791045185,40.8710438336,0.105314840885,0.537037037037,0.907566814937,1487.68895591,0.666666666667,-22.7791045185,0.203847475142,0.37524802605
short__historical_activity_bin__middle__state_motif_3__6gt5gt6__daa65ab298,SHORT,2026,leave_one_stock_out_recomputed,MSTR,51,38,15,-16.1583791318,33.3408901484,0.0785832642916,0.509803921569,0.884857559372,1487.68895591,0.666666666667,-26.1583791318,0.208292851867,0.374514944357
short__historical_activity_bin__middle__state_motif_3__6gt5gt6__daa65ab298,SHORT,2026,leave_one_stock_out_recomputed,NVTS,45,37,15,1.92703244225,33.3678571429,0.101611137181,0.533333333333,1.01750258277,1324.00797424,0.666666666667,-8.07296755775,0.233880056554,0.319523604247
short__historical_activity_bin__middle__state_motif_3__6gt5gt6__daa65ab298,SHORT,2026,leave_one_stock_out_recomputed,QBTS,52,38,15,-6.53385663081,51.7234744618,0.106536655832,0.538461538462,0.952024602731,1487.68895591,0.666666666667,-16.5338566308,0.21637783598,0.388249912109
short__historical_activity_bin__middle__state_motif_3__6gt5gt6__daa65ab298,SHORT,2026,leave_one_stock_out_recomputed,RGTI,54,40,15,-21.4576541253,33.3543736456,0.0871825427666,0.518518518519,0.844844502789,1701.40919796,0.666666666667,-31.4576541253,0.22077192788,0.343369453008
short__historical_activity_bin__middle__state_motif_3__6gt5gt6__daa65ab298,SHORT,2026,leave_one_stock_out_recomputed,RIOT,55,40,16,-12.5913244832,33.3678571429,0.0966911137643,0.527272727273,0.9072689297,1487.68895591,0.666666666667,-22.5913244832,0.203764908332,0.375432261897
short__historical_activity_bin__middle__state_motif_3__6gt5gt6__daa65ab298,SHORT,2026,leave_one_stock_out_recomputed,RIVN,55,40,16,-12.5913244832,33.3678571429,0.0963917525773,0.527272727273,0.9072689297,1487.68895591,0.666666666667,-22.5913244832,0.203764908332,0.375432261897
short__historical_activity_bin__middle__state_motif_3__6gt5gt6__daa65ab298,SHORT,2026,leave_one_stock_out_recomputed,SMCI,53,39,15,-12.7831509929,33.3678571429,0.0981211780386,0.528301886792,0.907507958072,1487.68895591,0.666666666667,-22.7831509929,0.204271757849,0.376564834416
short__historical_activity_bin__middle__state_motif_3__6gt5gt6__daa65ab298,SHORT,2026,leave_one_stock_out_recomputed,SOFI,53,39,15,-6.0411288946,48.3742305243,0.116686016112,0.547169811321,0.954877142176,1487.68895591,0.666666666667,-16.0411288946,0.217123838616,0.363436767542
short__historical_activity_bin__middle__state_motif_3__6gt5gt6__daa65ab298,SHORT,2026,leave_one_stock_out_recomputed,WULF,54,40,15,-16.1206826842,33.3543736456,0.0872699825616,0.518518518519,0.883434949475,1487.68895591,0.666666666667,-26.1206826842,0.209939679994,0.362508179139
short__movement_permission__False__state_motif_3__6gt5gt6__7e5860cd65,SHORT,2024,leave_one_stock_out_recomputed,AAL,124,85,18,48.410636049,48.8542193929,0.0924042501476,0.588709677419,1.54447594172,2295.89421337,0.583333333333,38.410636049,0.218949518786,0.212634622859
short__movement_permission__False__state_motif_3__6gt5gt6__7e5860cd65,SHORT,2024,leave_one_stock_out_recomputed,AAOI,121,84,17,42.6939351393,48.6405120285,0.084950886393,0.578512396694,1.4685627686,2295.89421337,0.583333333333,32.6939351393,0.234727337958,0.167816205613
short__movement_permission__False__state_motif_3__6gt5gt6__7e5860cd65,SHORT,2024,leave_one_stock_out_recomputed,APLD,109,76,17,60.3652275548,62.0520278973,0.117006304191,0.614678899083,1.71766023644,2295.89421337,0.666666666667,50.3652275548,0.229586603895,0.2098162253
short__movement_permission__False__state_motif_3__6gt5gt6__7e5860cd65,SHORT,2024,leave_one_stock_out_recomputed,ASTS,116,82,17,44.2865700589,54.8073319853,0.100164026897,0.586206896552,1.50451746293,2295.89421337,0.583333333333,34.2865700589,0.235309288964,0.164806211417
short__movement_permission__False__state_motif_3__6gt5gt6__7e5860cd65,SHORT,2024,leave_one_stock_out_recomputed,CIFR,115,81,17,51.9528769631,60.5467372134,0.106045793671,0.591304347826,1.5781118874,2295.89421337,0.583333333333,41.9528769631,0.219448961174,0.226937379937
short__movement_permission__False__state_motif_3__6gt5gt6__7e5860cd65,SHORT,2024,leave_one_stock_out_recomputed,HIMS,118,81,17,54.5202064377,54.8073319853,0.0965486258604,0.593220338983,1.63840457501,2295.89421337,0.583333333333,44.5202064377,0.22679003551,0.230399104185
short__movement_permission__False__state_motif_3__6gt5gt6__7e5860cd65,SHORT,2024,leave_one_stock_out_recomputed,IONQ,121,82,17,43.938327005,48.6405120285,0.0924457129935,0.586776859504,1.48729431906,2295.89421337,0.583333333333,33.938327005,0.231723239377,0.225543976303
short__movement_permission__False__state_motif_3__6gt5gt6__7e5860cd65,SHORT,2024,leave_one_stock_out_recomputed,IREN,105,74,17,43.0373044305,40.5040455055,0.0935675573126,0.580952380952,1.46537962206,2295.89421337,0.5,33.0373044305,0.248575686929,0.197316152866
short__movement_permission__False__state_motif_3__6gt5gt6__7e5860cd65,SHORT,2024,leave_one_stock_out_recomputed,MARA,116,82,17,28.2473651537,44.572278767,0.0817471511822,0.568965517241,1.29821132114,2295.89421337,0.5,18.2473651537,0.152594096026,0.25799503871
short__movement_permission__False__state_motif_3__6gt5gt6__7e5860cd65,SHORT,2024,leave_one_stock_out_recomputed,MP,124,85,18,48.410636049,48.8542193929,0.0938856320781,0.588709677419,1.54447594172,2295.89421337,0.583333333333,38.410636049,0.218949518786,0.212634622859
short__movement_permission__False__state_motif_3__6gt5gt6__7e5860cd65,SHORT,2024,leave_one_stock_out_recomputed,MRNA,121,85,17,44.6542156977,40.5040455055,0.0832950019084,0.578512396694,1.4900767022,2295.89421337,0.583333333333,34.6542156977,0.230029593699,0.190900457503
short__movement_permission__False__state_motif_3__6gt5gt6__7e5860cd65,SHORT,2024,leave_one_stock_out_recomputed,MSTR,116,80,17,46.1239117869,44.572278767,0.0815567127698,0.577586206897,1.49007561986,2295.89421337,0.583333333333,36.1239117869,0.231058713492,0.19850187846
short__movement_permission__False__state_motif_3__6gt5gt6__7e5860cd65,SHORT,2024,leave_one_stock_out_recomputed,NVTS,123,84,17,47.9664666001,48.6405120285,0.0934412914406,0.585365853659,1.53512970599,2295.89421337,0.583333333333,37.9664666001,0.220776591836,0.204660410562
short__movement_permission__False__state_motif_3__6gt5gt6__7e5860cd65,SHORT,2024,leave_one_stock_out_recomputed,QBTS,116,81,17,55.3929602714,54.8073319853,0.109139766999,0.603448275862,1.65124509953,1695.56213164,0.666666666667,45.3929602714,0.226642955693,0.230422926083
short__movement_permission__False__state_motif_3__6gt5gt6__7e5860cd65,SHORT,2024,leave_one_stock_out_recomputed,RGTI,121,83,17,57.9661145636,60.5467372134,0.110346837346,0.603305785124,1.70039888443,1486.1865904,0.583333333333,47.9661145636,0.238297945899,0.221285355874
short__movement_permission__False__state_motif_3__6gt5gt6__7e5860cd65,SHORT,2024,leave_one_stock_out_recomputed,RIOT,118,84,17,47.7866806773,48.8542193929,0.0972538105044,0.593220338983,1.52291190453,2659.98476352,0.583333333333,37.7866806773,0.225544663661,0.220444111405
short__movement_permission__False__state_motif_3__6gt5gt6__7e5860cd65,SHORT,2024,leave_one_stock_out_recomputed,RIVN,120,82,17,46.3783664114,44.572278767,0.0882131324004,0.583333333333,1.5087078471,2733.40911408,0.583333333333,36.3783664114,0.226923109726,0.212308787408
short__movement_permission__False__state_motif_3__6gt5gt6__7e5860cd65,SHORT,2024,leave_one_stock_out_recomputed,SMCI,120,82,17,54.6398851973,54.8073319853,0.103645889403,0.6,1.64361727994,1742.02685977,0.583333333333,44.6398851973,0.229142317436,0.201761394212
short__movement_permission__False__state_motif_3__6gt5gt6__7e5860cd65,SHORT,2024,leave_one_stock_out_recomputed,SOFI,123,85,17,50.6689601053,49.0679267572,0.0966552997787,0.593495934959,1.57728935247,2066.53099049,0.583333333333,40.6689601053,0.223058411139,0.207992818778
short__movement_permission__False__state_motif_3__6gt5gt6__7e5860cd65,SHORT,2024,leave_one_stock_out_recomputed,WULF,109,80,17,51.0118852295,21.3479640203,0.0820227526096,0.577981651376,1.58680645205,1647.43985404,0.666666666667,41.0118852295,0.227019641922,0.223572447137
short__movement_permission__False__state_motif_3__6gt5gt6__7e5860cd65,SHORT,2025,leave_one_stock_out_recomputed,AAL,236,123,19,-40.7441160282,-0.744236959667,0.00203388012515,0.5,0.668248008855,11715.0464845,0.166666666667,-50.7441160282,0.214780218806,0.204424725595
short__movement_permission__False__state_motif_3__6gt5gt6__7e5860cd65,SHORT,2025,leave_one_stock_out_recomputed,AAOI,218,115,19,-39.9322497872,-2.5619731928,0.00686498405323,0.495412844037,0.667829412355,10296.3512465,0.25,-49.9322497872,0.223374124959,0.222935554646
short__movement_permission__False__state_motif_3__6gt5gt6__7e5860cd65,SHORT,2025,leave_one_stock_out_recomputed,APLD,214,119,19,-43.3334382876,2.17090554129,0.0058386156517,0.504672897196,0.650429848,11563.4660593,0.25,-53.3334382876,0.214171303986,0.256440608704
short__movement_permission__False__state_motif_3__6gt5gt6__7e5860cd65,SHORT,2025,leave_one_stock_out_recomputed,ASTS,228,120,19,-41.4617039312,0.783487636025,0.00853284084769,0.5,0.662682636504,11743.378762,0.166666666667,-51.4617039312,0.212274068265,0.207419705912
short__movement_permission__False__state_motif_3__6gt5gt6__7e5860cd65,SHORT,2025,leave_one_stock_out_recomputed,CIFR,220,121,19,-37.8652961143,3.92286528066,0.0141335608092,0.509090909091,0.690924979986,10620.4754109,0.25,-47.8652961143,0.229892133016,0.19513016072
short__movement_permission__False__state_motif_3__6gt5gt6__7e5860cd65,SHORT,2025,leave_one_stock_out_recomputed,HIMS,228,121,19,-43.5272843993,-5.67497529315,0.000990136284918,0.491228070175,0.654365931922,12214.3311088,0.166666666667,-53.5272843993,0.219711258463,0.213840275071
short__movement_permission__False__state_motif_3__6gt5gt6__7e5860cd65,SHORT,2025,leave_one_stock_out_recomputed,IONQ,220,119,19,-39.379698521,2.17090554129,0.0126906126906,0.504545454545,0.679359600618,10953.6439403,0.166666666667,-49.379698521,0.224080804788,0.191294052481
short__movement_permission__False__state_motif_3__6gt5gt6__7e5860cd65,SHORT,2025,leave_one_stock_out_recomputed,IREN,222,118,19,-34.9999838028,5.9861427186,0.0218111324576,0.518018018018,0.705532262815,10060.1066699,0.25,-44.9999838028,0.240377269209,0.235816157881
short__movement_permission__False__state_motif_3__6gt5gt6__7e5860cd65,SHORT,2025,leave_one_stock_out_recomputed,MARA,235,123,19,-37.4059093596,3.69863013699,0.0142414267432,0.506382978723,0.687732692388,11080.4989652,0.166666666667,-47.4059093596,0.221944616091,0.220617521963
short__movement_permission__False__state_motif_3__6gt5gt6__7e5860cd65,SHORT,2025,leave_one_stock_out_recomputed,MP,223,117,19,-36.545428386,6.80609778769,0.0216661213649,0.520179372197,0.701736295264,10439.7407958,0.166666666667,-46.545428386,0.233172523085,0.24022739017
short__movement_permission__False__state_motif_3__6gt5gt6__7e5860cd65,SHORT,2025,leave_one_stock_out_recomputed,MRNA,233,123,19,-38.1979695111,3.69863013699,0.0116463342463,0.50643776824,0.683246693774,11190.2371618,0.25,-48.1979695111,0.220129255654,0.17720423776
short__movement_permission__False__state_motif_3__6gt5gt6__7e5860cd65,SHORT,2025,leave_one_stock_out_recomputed,MSTR,225,121,19,-36.2055479639,3.69863013699,0.0100726115105,0.506666666667,0.696083850997,10436.3585576,0.166666666667,-46.2055479639,0.233234804373,0.174599275595
short__movement_permission__False__state_motif_3__6gt5gt6__7e5860cd65,SHORT,2025,leave_one_stock_out_recomputed,NVTS,227,118,19,-39.8360410152,3.69863013699,0.0137700038974,0.506607929515,0.673277621797,11332.8915762,0.166666666667,-49.8360410152,0.217813301035,0.224717148332
short__movement_permission__False__state_motif_3__6gt5gt6__7e5860cd65,SHORT,2025,leave_one_stock_out_recomputed,QBTS,221,119,19,-49.0961825376,-12.3616537937,-0.00676694357046,0.484162895928,0.619973692531,13140.3666065,0.166666666667,-59.0961825376,0.235967285426,0.211133723782
short__movement_permission__False__state_motif_3__6gt5gt6__7e5860cd65,SHORT,2025,leave_one_stock_out_recomputed,RGTI,223,118,19,-42.1705463937,3.69863013699,0.0118027980949,0.506726457399,0.656617294344,11694.1421115,0.166666666667,-52.1705463937,0.212160799263,0.20834546897
short__movement_permission__False__state_motif_3__6gt5gt6__7e5860cd65,SHORT,2025,leave_one_stock_out_recomputed,RIOT,233,121,19,-39.4704245944,0.643180945601,0.00804830269493,0.502145922747,0.677712919908,11486.7191962,0.166666666667,-49.4704245944,0.215369946513,0.214013615283
short__movement_permission__False__state_motif_3__6gt5gt6__7e5860cd65,SHORT,2025,leave_one_stock_out_recomputed,RIVN,236,123,19,-39.9519901047,2.17090554129,0.00951936215368,0.504237288136,0.674325232238,11718.7799304,0.166666666667,-49.9519901047,0.211899419885,0.207881190243
short__movement_permission__False__state_motif_3__6gt5gt6__7e5860cd65,SHORT,2025,leave_one_stock_out_recomputed,SMCI,231,122,19,-41.2804427009,0.643180945601,0.00789709985976,0.502164502165,0.666587878866,11825.8925296,0.166666666667,-51.2804427009,0.213540513199,0.208037763824
short__movement_permission__False__state_motif_3__6gt5gt6__7e5860cd65,SHORT,2025,leave_one_stock_out_recomputed,SOFI,233,122,19,-40.438246292,3.69863013699,0.0134523553591,0.50643776824,0.670662678461,11712.2216518,0.166666666667,-50.438246292,0.211885606727,0.221537922232
short__movement_permission__False__state_motif_3__6gt5gt6__7e5860cd65,SHORT,2025,leave_one_stock_out_recomputed,WULF,216,114,19,-29.9609713102,4.43240889325,0.0232226034333,0.509259259259,0.721040157487,9781.25515271,0.166666666667,-39.9609713102,0.150614021578,0.148023863697
short__movement_permission__False__state_motif_3__6gt5gt6__7e5860cd65,SHORT,2026,leave_one_stock_out_recomputed,AAOI,73,44,14,10.9261924042,42.8334942817,0.102156497932,0.547945205479,1.09110527735,1874.62863373,0.666666666667,0.926192404228,0.225278089545,0.346950021232
short__movement_permission__False__state_motif_3__6gt5gt6__7e5860cd65,SHORT,2026,leave_one_stock_out_recomputed,APLD,77,43,14,-14.1105903194,9.77280290564,0.064097487878,0.506493506494,0.893561101603,2703.12005406,0.333333333333,-24.1105903194,0.235693778034,0.306890578066
short__movement_permission__False__state_motif_3__6gt5gt6__7e5860cd65,SHORT,2026,leave_one_stock_out_recomputed,ASTS,69,40,14,16.3340405326,42.8334942817,0.106152109304,0.536231884058,1.1442796999,1432.22248421,0.833333333333,6.33404053258,0.219441508734,0.344143377142
short__movement_permission__False__state_motif_3__6gt5gt6__7e5860cd65,SHORT,2026,leave_one_stock_out_recomputed,CIFR,76,45,14,-1.59594139887,21.556846527,0.0677071110068,0.513157894737,0.987507210304,1874.62863373,0.5,-11.5959413989,0.196991088326,0.251178857802
short__movement_permission__False__state_motif_3__6gt5gt6__7e5860cd65,SHORT,2026,leave_one_stock_out_recomputed,HIMS,76,44,14,2.59571638025,33.3543736456,0.0839159327561,0.526315789474,1.02004853146,1874.62863373,0.5,-7.40428361975,0.201717971036,0.363521700356
short__movement_permission__False__state_motif_3__6gt5gt6__7e5860cd65,SHORT,2026,leave_one_stock_out_recomputed,IONQ,77,46,14,-0.358257595305,33.3678571429,0.0882275865852,0.532467532468,0.997247481525,1874.62863373,0.666666666667,-10.3582575953,0.194114132722,0.327525014512
short__movement_permission__False__state_motif_3__6gt5gt6__7e5860cd65,SHORT,2026,leave_one_stock_out_recomputed,IREN,71,41,14,-3.78236308038,-2.06034140532,0.0473583717241,0.492957746479,0.971879215486,1874.62863373,0.5,-13.7823630804,0.202052873092,0.319365364247
short__movement_permission__False__state_motif_3__6gt5gt6__7e5860cd65,SHORT,2026,leave_one_stock_out_recomputed,MARA,78,45,14,-8.12799987303,3.85623075016,0.0547533961424,0.5,0.93810679456,2061.29717986,0.5,-18.127999873,0.215814697349,0.335705103139
short__movement_permission__False__state_motif_3__6gt5gt6__7e5860cd65,SHORT,2026,leave_one_stock_out_recomputed,MP,81,46,15,-0.381226849537,33.3408901484,0.0722681670478,0.518518518519,0.996985375784,1874.62863373,0.5,-10.3812268495,0.194007016336,0.351296999309
short__movement_permission__False__state_motif_3__6gt5gt6__7e5860cd65,SHORT,2026,leave_one_stock_out_recomputed,MRNA,81,46,15,-0.381226849537,33.3408901484,0.0744506433541,0.518518518519,0.996985375784,1874.62863373,0.5,-10.3812268495,0.194007016336,0.351296999309
short__movement_permission__False__state_motif_3__6gt5gt6__7e5860cd65,SHORT,2026,leave_one_stock_out_recomputed,MSTR,76,44,14,-3.69803821598,3.85623075016,0.0556214479862,0.5,0.971702883475,1874.62863373,0.666666666667,-13.698038216,0.202494662794,0.382427208865
short__movement_permission__False__state_motif_3__6gt5gt6__7e5860cd65,SHORT,2026,leave_one_stock_out_recomputed,NVTS,68,41,14,4.18565057403,21.556846527,0.068277803848,0.514705882353,1.04064571518,1874.62863373,0.5,-5.81434942597,0.204834913893,0.370593182003
short__movement_permission__False__state_motif_3__6gt5gt6__7e5860cd65,SHORT,2026,leave_one_stock_out_recomputed,QBTS,79,44,14,0.798604550494,33.3678571429,0.0744042312949,0.518987341772,1.00623670376,1874.62863373,0.666666666667,-9.20139544951,0.197110364512,0.360243989203
short__movement_permission__False__state_motif_3__6gt5gt6__7e5860cd65,SHORT,2026,leave_one_stock_out_recomputed,RGTI,78,45,14,-3.30499320911,33.3543736456,0.0814845370686,0.525641025641,0.974231132906,1874.62863373,0.5,-13.3049932091,0.20167427545,0.325243973903
short__movement_permission__False__state_motif_3__6gt5gt6__7e5860cd65,SHORT,2026,leave_one_stock_out_recomputed,RIOT,81,46,15,-0.381226849537,33.3408901484,0.0755912259977,0.518518518519,0.996985375784,1874.62863373,0.5,-10.3812268495,0.194007016336,0.351296999309
short__movement_permission__False__state_motif_3__6gt5gt6__7e5860cd65,SHORT,2026,leave_one_stock_out_recomputed,RIVN,81,46,15,-0.381226849537,33.3408901484,0.0752918648108,0.518518518519,0.996985375784,1874.62863373,0.5,-10.3812268495,0.194007016336,0.351296999309
short__movement_permission__False__state_motif_3__6gt5gt6__7e5860cd65,SHORT,2026,leave_one_stock_out_recomputed,SMCI,78,46,14,-4.6134120814,21.556846527,0.0698192912462,0.512820512821,0.964372178753,1874.62863373,0.5,-14.6134120814,0.205323913715,0.390918037528
short__movement_permission__False__state_motif_3__6gt5gt6__7e5860cd65,SHORT,2026,leave_one_stock_out_recomputed,SOFI,79,45,14,4.32232456138,33.3678571429,0.0885035465631,0.53164556962,1.03459313774,1874.62863373,0.5,-5.67767543862,0.20691539929,0.335680404979
short__movement_permission__False__state_motif_3__6gt5gt6__7e5860cd65,SHORT,2026,leave_one_stock_out_recomputed,WULF,79,46,14,-2.61788673138,33.3408901484,0.0750805779672,0.518987341772,0.979805644766,1874.62863373,0.5,-12.6178867314,0.19989947367,0.334673667127
short__realised_volatility_bin__high__state_motif_4__7gt5gt7gt5__feadce79fb,SHORT,2024,leave_one_stock_out_recomputed,AAL,84,62,16,43.3261430431,-1.25253648392,0.0121431134348,0.5,1.41273276006,1423.11176548,0.545454545455,33.3261430431,0.282975205593,0.193369283086
short__realised_volatility_bin__high__state_motif_4__7gt5gt7gt5__feadce79fb,SHORT,2024,leave_one_stock_out_recomputed,AAOI,82,62,15,49.9185184316,7.61420469594,0.0273012189872,0.512195121951,1.48940425347,1423.11176548,0.545454545455,39.9185184316,0.303393158081,0.18227930534
short__realised_volatility_bin__high__state_motif_4__7gt5gt7gt5__feadce79fb,SHORT,2024,leave_one_stock_out_recomputed,APLD,76,55,15,22.7731249591,-23.2030335331,-0.0136069261322,0.473684210526,1.2033990514,1423.11176548,0.454545454545,12.7731249591,0.121790998626,0.197679120313
short__realised_volatility_bin__high__state_motif_4__7gt5gt7gt5__feadce79fb,SHORT,2024,leave_one_stock_out_recomputed,ASTS,75,57,15,41.4590515483,7.49492703216,0.0198191993112,0.506666666667,1.39675564977,1423.11176548,0.545454545455,31.4590515483,0.307105417024,0.250348122277
short__realised_volatility_bin__high__state_motif_4__7gt5gt7gt5__feadce79fb,SHORT,2024,leave_one_stock_out_recomputed,CIFR,82,60,15,49.6660444069,7.61420469594,0.0286332804156,0.512195121951,1.48572667729,1423.11176548,0.636363636364,39.6660444069,0.302398001155,0.204372734597
short__realised_volatility_bin__high__state_motif_4__7gt5gt7gt5__feadce79fb,SHORT,2024,leave_one_stock_out_recomputed,HIMS,78,60,15,40.2731651511,-10,-0.00123494649947,0.487179487179,1.37937724768,1423.11176548,0.545454545455,30.2731651511,0.305538230705,0.217797899164
short__realised_volatility_bin__high__state_motif_4__7gt5gt7gt5__feadce79fb,SHORT,2024,leave_one_stock_out_recomputed,IONQ,73,54,15,46.9369120561,7.49492703216,0.0181787595236,0.506849315068,1.45574624042,1063.40127226,0.545454545455,36.9369120561,0.292202868155,0.16641720611
short__realised_volatility_bin__high__state_motif_4__7gt5gt7gt5__feadce79fb,SHORT,2024,leave_one_stock_out_recomputed,IREN,83,61,15,40.6024261528,-10,0.0110661230039,0.493975903614,1.38218153813,1692.50641041,0.545454545455,30.6024261528,0.2947475755,0.200612968244
short__realised_volatility_bin__high__state_motif_4__7gt5gt7gt5__feadce79fb,SHORT,2024,leave_one_stock_out_recomputed,MARA,84,62,16,43.3261430431,-1.25253648392,0.0148341790968,0.5,1.41273276006,1423.11176548,0.545454545455,33.3261430431,0.282975205593,0.193369283086
short__realised_volatility_bin__high__state_motif_4__7gt5gt7gt5__feadce79fb,SHORT,2024,leave_one_stock_out_recomputed,MP,83,62,15,44.7709820145,7.49492703216,0.0193617300182,0.506024096386,1.42511193819,1346.51627389,0.636363636364,34.7709820145,0.286225602424,0.191430416616
short__realised_volatility_bin__high__state_motif_4__7gt5gt7gt5__feadce79fb,SHORT,2024,leave_one_stock_out_recomputed,MRNA,81,61,15,44.3815374479,7.49492703216,0.0193219379354,0.506172839506,1.41760187918,1467.60324782,0.545454545455,34.3815374479,0.284854194405,0.206169054212
short__realised_volatility_bin__high__state_motif_4__7gt5gt7gt5__feadce79fb,SHORT,2024,leave_one_stock_out_recomputed,MSTR,68,54,15,49.336387816,-1.13325882014,0.023747382141,0.5,1.47347759718,1162.52610663,0.545454545455,39.336387816,0.295437728367,0.191153047719
short__realised_volatility_bin__high__state_motif_4__7gt5gt7gt5__feadce79fb,SHORT,2024,leave_one_stock_out_recomputed,NVTS,80,58,15,44.8235678787,-1.25253648392,0.0155957629853,0.5,1.41516174689,1423.11176548,0.545454545455,34.8235678787,0.285238140166,0.183192386497
short__realised_volatility_bin__high__state_motif_4__7gt5gt7gt5__feadce79fb,SHORT,2024,leave_one_stock_out_recomputed,QBTS,78,59,15,41.4510389212,-10,0.00171271129645,0.487179487179,1.41934612157,1423.11176548,0.636363636364,31.4510389212,0.301109696839,0.171000026693
short__realised_volatility_bin__high__state_motif_4__7gt5gt7gt5__feadce79fb,SHORT,2024,leave_one_stock_out_recomputed,RGTI,79,60,15,42.2258374411,7.49492703216,0.0211115616895,0.506329113924,1.39344703189,1423.11176548,0.5,32.2258374411,0.296310703218,0.20618451993
short__realised_volatility_bin__high__state_motif_4__7gt5gt7gt5__feadce79fb,SHORT,2024,leave_one_stock_out_recomputed,RIOT,83,61,15,40.4046203809,-10,0.00781129467834,0.493975903614,1.38031963673,1423.11176548,0.545454545455,30.4046203809,0.295496773056,0.186234939499
short__realised_volatility_bin__high__state_motif_4__7gt5gt7gt5__feadce79fb,SHORT,2024,leave_one_stock_out_recomputed,RIVN,83,62,15,39.0897184855,-10,0.00809265047272,0.493975903614,1.36794275987,1423.11176548,0.545454545455,29.0897184855,0.300575490682,0.20417768056
short__realised_volatility_bin__high__state_motif_4__7gt5gt7gt5__feadce79fb,SHORT,2024,leave_one_stock_out_recomputed,SMCI,76,57,15,55.6369568962,16.69737527,0.0369792227366,0.513157894737,1.55205851074,1423.11176548,0.545454545455,45.6369568962,0.310051088379,0.179632124466
short__realised_volatility_bin__high__state_motif_4__7gt5gt7gt5__feadce79fb,SHORT,2024,leave_one_stock_out_recomputed,SOFI,84,62,16,43.3261430431,-1.25253648392,0.0118701662131,0.5,1.41273276006,1423.11176548,0.545454545455,33.3261430431,0.282975205593,0.193369283086
short__realised_volatility_bin__high__state_motif_4__7gt5gt7gt5__feadce79fb,SHORT,2024,leave_one_stock_out_recomputed,WULF,84,62,16,43.3261430431,-1.25253648392,0.0169288251303,0.5,1.41273276006,1423.11176548,0.545454545455,33.3261430431,0.282975205593,0.193369283086
short__realised_volatility_bin__high__state_motif_4__7gt5gt7gt5__feadce79fb,SHORT,2025,leave_one_stock_out_recomputed,AAL,91,69,16,41.0300448048,17.5590572881,0.089620022796,0.56043956044,1.47381467781,2990.25434495,0.75,31.0300448048,0.161385817805,0.338500755435
short__realised_volatility_bin__high__state_motif_4__7gt5gt7gt5__feadce79fb,SHORT,2025,leave_one_stock_out_recomputed,AAOI,90,68,15,38.2267472798,16.2951763326,0.0880066762041,0.555555555556,1.43659120372,2990.25434495,0.75,28.2267472798,0.166194402286,0.356658753854
short__realised_volatility_bin__high__state_motif_4__7gt5gt7gt5__feadce79fb,SHORT,2025,leave_one_stock_out_recomputed,APLD,87,68,15,32.2755578732,17.5590572881,0.0949459311528,0.563218390805,1.3593586064,2990.25434495,0.75,22.2755578732,0.177603930779,0.203261157595
short__realised_volatility_bin__high__state_motif_4__7gt5gt7gt5__feadce79fb,SHORT,2025,leave_one_stock_out_recomputed,ASTS,85,67,15,44.4416019849,17.5590572881,0.0965617366165,0.564705882353,1.50672121045,2990.25434495,0.75,34.4416019849,0.162086126912,0.373627534068
short__realised_volatility_bin__high__state_motif_4__7gt5gt7gt5__feadce79fb,SHORT,2025,leave_one_stock_out_recomputed,CIFR,76,59,15,27.6001290991,13.5960040606,0.072267532101,0.526315789474,1.30399565766,2809.85122178,0.583333333333,17.6001290991,0.143653356486,0.233730701795
short__realised_volatility_bin__high__state_motif_4__7gt5gt7gt5__feadce79fb,SHORT,2025,leave_one_stock_out_recomputed,HIMS,86,66,15,47.7904924439,19.5227591226,0.0913614133147,0.558139534884,1.56483950578,2614.006072,0.75,37.7904924439,0.167606149526,0.304341792121
short__realised_volatility_bin__high__state_motif_4__7gt5gt7gt5__feadce79fb,SHORT,2025,leave_one_stock_out_recomputed,IONQ,85,64,15,45.0029280293,17.5590572881,0.0974499709794,0.564705882353,1.52097736373,2898.73953969,0.75,35.0029280293,0.162855907927,0.325678275842
short__realised_volatility_bin__high__state_motif_4__7gt5gt7gt5__feadce79fb,SHORT,2025,leave_one_stock_out_recomputed,IREN,84,65,15,47.5363833253,19.5227591226,0.103857464504,0.571428571429,1.56661200057,2730.93222285,0.833333333333,37.5363833253,0.165622320766,0.356920664905
short__realised_volatility_bin__high__state_motif_4__7gt5gt7gt5__feadce79fb,SHORT,2025,leave_one_stock_out_recomputed,MARA,91,69,16,41.0300448048,17.5590572881,0.0956068698108,0.56043956044,1.47381467781,2990.25434495,0.75,31.0300448048,0.161385817805,0.338500755435
short__realised_volatility_bin__high__state_motif_4__7gt5gt7gt5__feadce79fb,SHORT,2025,leave_one_stock_out_recomputed,MP,85,63,15,53.232801135,37.3491187134,0.118316081798,0.588235294118,1.64965962761,2199.20032571,0.75,43.232801135,0.175044325769,0.326883070967
short__realised_volatility_bin__high__state_motif_4__7gt5gt7gt5__feadce79fb,SHORT,2025,leave_one_stock_out_recomputed,MRNA,86,65,15,52.7895960947,41.2163195506,0.113602617308,0.581395348837,1.64273762716,2184.08315804,0.833333333333,42.7895960947,0.175327891138,0.323371716763
short__realised_volatility_bin__high__state_motif_4__7gt5gt7gt5__feadce79fb,SHORT,2025,leave_one_stock_out_recomputed,MSTR,91,69,16,41.0300448048,17.5590572881,0.0928564942944,0.56043956044,1.47381467781,2990.25434495,0.75,31.0300448048,0.161385817805,0.338500755435
short__realised_volatility_bin__high__state_motif_4__7gt5gt7gt5__feadce79fb,SHORT,2025,leave_one_stock_out_recomputed,NVTS,82,65,15,30.639215614,13.5960040606,0.071199895377,0.536585365854,1.34438573712,2914.05113244,0.583333333333,20.639215614,0.18349092183,0.265157768945
short__realised_volatility_bin__high__state_motif_4__7gt5gt7gt5__feadce79fb,SHORT,2025,leave_one_stock_out_recomputed,QBTS,86,66,15,41.1276876963,16.2951763326,0.0917808834315,0.558139534884,1.49218255161,2990.25434495,0.75,31.1276876963,0.164579907561,0.406164385299
short__realised_volatility_bin__high__state_motif_4__7gt5gt7gt5__feadce79fb,SHORT,2025,leave_one_stock_out_recomputed,RGTI,85,66,15,34.9222028527,15.031295377,0.0866115556787,0.552941176471,1.39636455618,2990.25434495,0.666666666667,24.9222028527,0.174564214958,0.350158995146
short__realised_volatility_bin__high__state_motif_4__7gt5gt7gt5__feadce79fb,SHORT,2025,leave_one_stock_out_recomputed,RIOT,91,69,16,41.0300448048,17.5590572881,0.0939795388408,0.56043956044,1.47381467781,2990.25434495,0.75,31.0300448048,0.161385817805,0.338500755435
short__realised_volatility_bin__high__state_motif_4__7gt5gt7gt5__feadce79fb,SHORT,2025,leave_one_stock_out_recomputed,RIVN,90,68,15,37.1460001328,16.2951763326,0.0878621116829,0.555555555556,1.42424789096,2990.25434495,0.666666666667,27.1460001328,0.167852825505,0.359337601511
short__realised_volatility_bin__high__state_motif_4__7gt5gt7gt5__feadce79fb,SHORT,2025,leave_one_stock_out_recomputed,SMCI,84,66,15,30.4323132582,14.036615165,0.0685031604658,0.535714285714,1.32656453166,2990.25434495,0.75,20.4323132582,0.182591981225,0.291173462474
short__realised_volatility_bin__high__state_motif_4__7gt5gt7gt5__feadce79fb,SHORT,2025,leave_one_stock_out_recomputed,SOFI,89,67,15,38.2531082712,17.5590572881,0.0919111488201,0.561797752809,1.43919819785,2990.25434495,0.666666666667,28.2531082712,0.166802344336,0.323064798587
short__realised_volatility_bin__high__state_motif_4__7gt5gt7gt5__feadce79fb,SHORT,2025,leave_one_stock_out_recomputed,WULF,85,64,15,53.7381008119,45.0835203878,0.122841339817,0.588235294118,1.64987946218,2990.25434495,0.75,43.7381008119,0.175852393907,0.317938920462
short__realised_volatility_bin__high__state_motif_4__7gt5gt7gt5__feadce79fb,SHORT,2026,leave_one_stock_out_recomputed,AAOI,26,18,13,-106.829902365,-85.1572631773,-0.0474746927949,0.384615384615,0.355224221326,3458.70824651,0.166666666667,-116.829902365,0.266562807496,0.447687022132
short__realised_volatility_bin__high__state_motif_4__7gt5gt7gt5__feadce79fb,SHORT,2026,leave_one_stock_out_recomputed,APLD,37,29,13,-74.3377461344,-57.9432923906,-0.0240036002231,0.405405405405,0.51167515433,3458.70824651,0.166666666667,-84.3377461344,0.264916897644,0.415101776103
short__realised_volatility_bin__high__state_motif_4__7gt5gt7gt5__feadce79fb,SHORT,2026,leave_one_stock_out_recomputed,ASTS,35,28,13,-73.5421933126,-57.9432923906,-0.0300797747536,0.4,0.516050817327,3458.70824651,0.333333333333,-83.5421933126,0.254667208769,0.470215739386
short__realised_volatility_bin__high__state_motif_4__7gt5gt7gt5__feadce79fb,SHORT,2026,leave_one_stock_out_recomputed,CIFR,33,30,13,-39.3276592472,-53.6949704889,-0.00805046475077,0.424242424242,0.69059599487,2087.48964767,0.166666666667,-49.3276592472,0.206317132862,0.278239865261
short__realised_volatility_bin__high__state_motif_4__7gt5gt7gt5__feadce79fb,SHORT,2026,leave_one_stock_out_recomputed,HIMS,36,29,13,-62.4139647788,-55.8191314398,0.0152024824637,0.444444444444,0.58542032796,3245.90683263,0.166666666667,-72.4139647788,0.26028836183,0.477311919949
short__realised_volatility_bin__high__state_motif_4__7gt5gt7gt5__feadce79fb,SHORT,2026,leave_one_stock_out_recomputed,IONQ,34,26,13,-61.4088141351,-55.8191314398,-0.019488227013,0.411764705882,0.600218366145,3086.90378119,0.333333333333,-71.4088141351,0.269902298533,0.510044409277
short__realised_volatility_bin__high__state_motif_4__7gt5gt7gt5__feadce79fb,SHORT,2026,leave_one_stock_out_recomputed,IREN,37,30,13,-46.879632682,-53.6949704889,0.000917564719953,0.432432432432,0.646541587712,2733.55050982,0.166666666667,-56.879632682,0.294037618599,0.344847666123
short__realised_volatility_bin__high__state_motif_4__7gt5gt7gt5__feadce79fb,SHORT,2026,leave_one_stock_out_recomputed,MARA,37,30,13,-69.6974544184,-57.9432923906,-0.0270206856317,0.405405405405,0.542157242555,3577.80991407,0.166666666667,-79.6974544184,0.254937046033,0.435241593726
short__realised_volatility_bin__high__state_motif_4__7gt5gt7gt5__feadce79fb,SHORT,2026,leave_one_stock_out_recomputed,MP,38,30,14,-64.7290564715,-55.8191314398,-0.0128520408794,0.421052631579,0.563302625277,3458.70824651,0.166666666667,-74.7290564715,0.248444505724,0.450400600142
short__realised_volatility_bin__high__state_motif_4__7gt5gt7gt5__feadce79fb,SHORT,2026,leave_one_stock_out_recomputed,MRNA,37,29,13,-68.753902417,-57.9432923906,-0.0263167907466,0.405405405405,0.54835543808,3542.89849002,0.166666666667,-78.753902417,0.252999045631,0.439578277159
short__realised_volatility_bin__high__state_motif_4__7gt5gt7gt5__feadce79fb,SHORT,2026,leave_one_stock_out_recomputed,MSTR,35,28,13,-75.4843883957,-112.371233964,-0.00264922870557,0.428571428571,0.521461151454,3640.95769444,0.166666666667,-85.4843883957,0.258518983042,0.427610955786
short__realised_volatility_bin__high__state_motif_4__7gt5gt7gt5__feadce79fb,SHORT,2026,leave_one_stock_out_recomputed,NVTS,36,29,13,-58.0198047766,-53.392203883,0.0127222482924,0.444444444444,0.603021220611,3087.71707255,0.333333333333,-68.0198047766,0.269851317134,0.452351535945
short__realised_volatility_bin__high__state_motif_4__7gt5gt7gt5__feadce79fb,SHORT,2026,leave_one_stock_out_recomputed,QBTS,37,29,13,-62.492985434,-53.6949704889,0.000507549803324,0.432432432432,0.578446821529,3311.24456165,0.166666666667,-72.492985434,0.256533471219,0.42563221704
short__realised_volatility_bin__high__state_motif_4__7gt5gt7gt5__feadce79fb,SHORT,2026,leave_one_stock_out_recomputed,RGTI,38,30,14,-64.7290564715,-55.8191314398,-0.010283344173,0.421052631579,0.563302625277,3458.70824651,0.166666666667,-74.7290564715,0.248444505724,0.450400600142
short__realised_volatility_bin__high__state_motif_4__7gt5gt7gt5__feadce79fb,SHORT,2026,leave_one_stock_out_recomputed,RIOT,37,30,13,-63.4414300528,-53.6949704889,0.00185081892399,0.432432432432,0.574769540531,3346.33701254,0.333333333333,-73.4414300528,0.254561119887,0.461453295331
short__realised_volatility_bin__high__state_motif_4__7gt5gt7gt5__feadce79fb,SHORT,2026,leave_one_stock_out_recomputed,RIVN,37,29,13,-53.8919282099,-53.6949704889,0.00155145773702,0.432432432432,0.614075063631,2993.00544436,0.166666666667,-63.8919282099,0.275920729435,0.521409028566
short__realised_volatility_bin__high__state_motif_4__7gt5gt7gt5__feadce79fb,SHORT,2026,leave_one_stock_out_recomputed,SMCI,38,30,14,-64.7290564715,-55.8191314398,-0.00912807717487,0.421052631579,0.563302625277,3458.70824651,0.166666666667,-74.7290564715,0.248444505724,0.450400600142
short__realised_volatility_bin__high__state_motif_4__7gt5gt7gt5__feadce79fb,SHORT,2026,leave_one_stock_out_recomputed,SOFI,38,30,14,-64.7290564715,-55.8191314398,-0.00943116363007,0.421052631579,0.563302625277,3458.70824651,0.166666666667,-74.7290564715,0.248444505724,0.450400600142
short__realised_volatility_bin__high__state_motif_4__7gt5gt7gt5__feadce79fb,SHORT,2026,leave_one_stock_out_recomputed,WULF,38,30,14,-64.7290564715,-55.8191314398,-0.010195904378,0.421052631579,0.563302625277,3458.70824651,0.166666666667,-74.7290564715,0.248444505724,0.450400600142
short__state_age_bin__7_plus__state_motif_2__5gt6__c1dba67cba,SHORT,2024,leave_one_stock_out_recomputed,AAL,122,75,19,53.2104514633,63.7417123255,0.101526407736,0.606557377049,1.49894697668,2581.52501471,0.583333333333,43.2104514633,0.14569231114,0.224270847174
short__state_age_bin__7_plus__state_motif_2__5gt6__c1dba67cba,SHORT,2024,leave_one_stock_out_recomputed,AAOI,117,72,19,48.3750307731,60.5467372134,0.086504887947,0.589743589744,1.4464207695,2581.52501471,0.583333333333,38.3750307731,0.15348411922,0.244610677772
short__state_age_bin__7_plus__state_motif_2__5gt6__c1dba67cba,SHORT,2024,leave_one_stock_out_recomputed,APLD,108,69,19,62.2701767549,79.6522512653,0.122357986148,0.601851851852,1.58212338713,2581.52501471,0.666666666667,52.2701767549,0.147798845553,0.224409222243
short__state_age_bin__7_plus__state_motif_2__5gt6__c1dba67cba,SHORT,2024,leave_one_stock_out_recomputed,ASTS,115,74,19,39.6318424132,60.5467372134,0.0963409384417,0.591304347826,1.36601806489,2766.95670421,0.583333333333,29.6318424132,0.165192223441,0.197014952618
short__state_age_bin__7_plus__state_motif_2__5gt6__c1dba67cba,SHORT,2024,leave_one_stock_out_recomputed,CIFR,116,72,19,74.9228321143,79.6522512653,0.127035298919,0.620689655172,1.8319150169,1540.28153444,0.583333333333,64.9228321143,0.168283776308,0.238089050088
short__state_age_bin__7_plus__state_motif_2__5gt6__c1dba67cba,SHORT,2024,leave_one_stock_out_recomputed,HIMS,117,74,19,51.8508177884,60.5467372134,0.101329156065,0.606837606838,1.47618884036,2821.4981388,0.583333333333,41.8508177884,0.149572814351,0.231149495128
short__state_age_bin__7_plus__state_motif_2__5gt6__c1dba67cba,SHORT,2024,leave_one_stock_out_recomputed,IONQ,120,75,19,56.021781803,69.2597285186,0.113726704729,0.616666666667,1.52603383091,2581.52501471,0.583333333333,46.021781803,0.147775372301,0.228197808088
short__state_age_bin__7_plus__state_motif_2__5gt6__c1dba67cba,SHORT,2024,leave_one_stock_out_recomputed,IREN,108,69,19,39.2870137271,31.1579979951,0.0874829012279,0.592592592593,1.35959630658,2581.52501471,0.666666666667,29.2870137271,0.168869748133,0.172780572854
short__state_age_bin__7_plus__state_motif_2__5gt6__c1dba67cba,SHORT,2024,leave_one_stock_out_recomputed,MARA,117,73,19,35.0832115624,40.5040455055,0.0941992584619,0.598290598291,1.32287744122,2581.52501471,0.583333333333,25.0832115624,0.160659456533,0.245593439384
short__state_age_bin__7_plus__state_motif_2__5gt6__c1dba67cba,SHORT,2024,leave_one_stock_out_recomputed,MP,121,73,19,50.3361675318,60.5467372134,0.0994174902492,0.603305785124,1.47249340069,2581.52501471,0.583333333333,40.3361675318,0.149346983328,0.217767651287
short__state_age_bin__7_plus__state_motif_2__5gt6__c1dba67cba,SHORT,2024,leave_one_stock_out_recomputed,MRNA,120,74,19,47.2904792245,37.5983964614,0.0878404564539,0.591666666667,1.43616531801,2581.52501471,0.583333333333,37.2904792245,0.153336427743,0.219834771938
short__state_age_bin__7_plus__state_motif_2__5gt6__c1dba67cba,SHORT,2024,leave_one_stock_out_recomputed,MSTR,114,72,19,59.4085335599,50.5253913594,0.0998567732659,0.605263157895,1.57540001558,2581.52501471,0.583333333333,49.4085335599,0.148233862277,0.22915920719
short__state_age_bin__7_plus__state_motif_2__5gt6__c1dba67cba,SHORT,2024,leave_one_stock_out_recomputed,NVTS,117,73,19,63.8750818513,71.5827695997,0.113245335635,0.615384615385,1.64264412962,2581.52501471,0.666666666667,53.8750818513,0.154978957312,0.222149110422
short__state_age_bin__7_plus__state_motif_2__5gt6__c1dba67cba,SHORT,2024,leave_one_stock_out_recomputed,QBTS,118,72,19,50.3068656204,37.5983964614,0.0910217073851,0.593220338983,1.46526152416,2581.52501471,0.583333333333,40.3068656204,0.150804489915,0.250074937538
short__state_age_bin__7_plus__state_motif_2__5gt6__c1dba67cba,SHORT,2024,leave_one_stock_out_recomputed,RGTI,119,74,19,50.8509354119,40.5040455055,0.0947207522011,0.596638655462,1.47476879311,2581.52501471,0.583333333333,40.8509354119,0.149716209841,0.201499429724
short__state_age_bin__7_plus__state_motif_2__5gt6__c1dba67cba,SHORT,2024,leave_one_stock_out_recomputed,RIOT,117,74,19,46.2521412277,27.6232485729,0.0763933150676,0.581196581197,1.41592389658,2581.52501471,0.583333333333,36.2521412277,0.155975264035,0.216090259419
short__state_age_bin__7_plus__state_motif_2__5gt6__c1dba67cba,SHORT,2024,leave_one_stock_out_recomputed,RIVN,120,74,19,53.4218525857,50.5253913594,0.0965464657338,0.6,1.50450213855,2581.52501471,0.583333333333,43.4218525857,0.146415901274,0.236403280995
short__state_age_bin__7_plus__state_motif_2__5gt6__c1dba67cba,SHORT,2024,leave_one_stock_out_recomputed,SMCI,115,68,19,62.2266251532,71.5827695997,0.102196614041,0.608695652174,1.61059497783,2581.52501471,0.583333333333,52.2266251532,0.151850313764,0.206469016579
short__state_age_bin__7_plus__state_motif_2__5gt6__c1dba67cba,SHORT,2024,leave_one_stock_out_recomputed,SOFI,121,73,19,51.6961124996,60.5467372134,0.097663161097,0.603305785124,1.48241120557,2581.52501471,0.583333333333,41.6961124996,0.147824973322,0.228291583162
short__state_age_bin__7_plus__state_motif_2__5gt6__c1dba67cba,SHORT,2024,leave_one_stock_out_recomputed,WULF,115,74,19,59.5329279925,60.5467372134,0.105955740244,0.608695652174,1.57906651569,2581.52501471,0.666666666667,49.5329279925,0.148915578211,0.219715941692
short__state_age_bin__7_plus__state_motif_2__5gt6__c1dba67cba,SHORT,2025,leave_one_stock_out_recomputed,AAL,175,92,19,2.54358063709,37.6863955119,0.0944551876312,0.565714285714,1.02118584328,2809.91928066,0.583333333333,-7.45641936291,0.120224062821,0.241729076774
short__state_age_bin__7_plus__state_motif_2__5gt6__c1dba67cba,SHORT,2025,leave_one_stock_out_recomputed,AAOI,168,89,19,5.41435559312,47.1043677882,0.114990803188,0.577380952381,1.04643362106,2809.91928066,0.583333333333,-4.58564440688,0.121482508102,0.184792158367
short__state_age_bin__7_plus__state_motif_2__5gt6__c1dba67cba,SHORT,2025,leave_one_stock_out_recomputed,APLD,157,88,19,-1.89337566842,37.6863955119,0.103731347362,0.573248407643,0.984617311713,3045.02265044,0.583333333333,-11.8933756684,0.128203861317,0.253146542223
short__state_age_bin__7_plus__state_motif_2__5gt6__c1dba67cba,SHORT,2025,leave_one_stock_out_recomputed,ASTS,165,90,19,4.77765586898,49.480341939,0.119378135904,0.587878787879,1.03939298979,2809.91928066,0.583333333333,-5.22234413102,0.120246810733,0.200958106925
short__state_age_bin__7_plus__state_motif_2__5gt6__c1dba67cba,SHORT,2025,leave_one_stock_out_recomputed,CIFR,164,89,19,12.1425428986,45.3958152112,0.113024913359,0.579268292683,1.10586297465,2809.91928066,0.666666666667,2.14254289856,0.133739248024,0.227301993953
short__state_age_bin__7_plus__state_motif_2__5gt6__c1dba67cba,SHORT,2025,leave_one_stock_out_recomputed,HIMS,169,92,19,-0.476274468965,37.6863955119,0.101062803159,0.568047337278,0.996019383595,2809.91928066,0.583333333333,-10.476274469,0.125766423849,0.22975769793
short__state_age_bin__7_plus__state_motif_2__5gt6__c1dba67cba,SHORT,2025,leave_one_stock_out_recomputed,IONQ,163,89,19,-5.0205358314,37.6863955119,0.102791003098,0.564417177914,0.958552224569,3154.25727917,0.5,-15.0205358314,0.129015173706,0.250527636901
short__state_age_bin__7_plus__state_motif_2__5gt6__c1dba67cba,SHORT,2025,leave_one_stock_out_recomputed,IREN,166,90,19,-2.37239924173,39.0993802557,0.086502329679,0.55421686747,0.980700603223,2880.66917509,0.583333333333,-12.3723992417,0.129320278783,0.266607927374
short__state_age_bin__7_plus__state_motif_2__5gt6__c1dba67cba,SHORT,2025,leave_one_stock_out_recomputed,MARA,173,92,19,9.60826255951,44.7283936375,0.1126303088,0.578034682081,1.083595394,2360.93335608,0.666666666667,-0.39173744049,0.129755920041,0.201415697128
short__state_age_bin__7_plus__state_motif_2__5gt6__c1dba67cba,SHORT,2025,leave_one_stock_out_recomputed,MP,171,90,19,3.0944584021,44.7283936375,0.109096955551,0.578947368421,1.02578803503,2896.35863176,0.666666666667,-6.9055415979,0.11938302446,0.256487920296
short__state_age_bin__7_plus__state_motif_2__5gt6__c1dba67cba,SHORT,2025,leave_one_stock_out_recomputed,MRNA,174,92,19,3.97469113566,43.0198410605,0.101306439816,0.568965517241,1.03337130235,2733.91476091,0.666666666667,-6.02530886434,0.119279399886,0.241814350608
short__state_age_bin__7_plus__state_motif_2__5gt6__c1dba67cba,SHORT,2025,leave_one_stock_out_recomputed,MSTR,165,91,19,7.87970688555,53.1901549739,0.10704230848,0.575757575758,1.06669961458,2235.45245268,0.666666666667,-2.12029311445,0.125639455229,0.246951925504
short__state_age_bin__7_plus__state_motif_2__5gt6__c1dba67cba,SHORT,2025,leave_one_stock_out_recomputed,NVTS,175,92,19,1.23212436733,37.6863955119,0.10109536576,0.565714285714,1.01026253832,3209.88925424,0.583333333333,-8.76787563267,0.122582814103,0.247206503539
short__state_age_bin__7_plus__state_motif_2__5gt6__c1dba67cba,SHORT,2025,leave_one_stock_out_recomputed,QBTS,157,85,19,5.57515184484,36.8874720279,0.0930399561615,0.56050955414,1.04835162101,2235.45245268,0.583333333333,-4.42484815516,0.121130385766,0.270131995863
short__state_age_bin__7_plus__state_motif_2__5gt6__c1dba67cba,SHORT,2025,leave_one_stock_out_recomputed,RGTI,165,90,19,-2.98951881614,28.3771015245,0.0848290244844,0.551515151515,0.974668580232,2873.49188247,0.583333333333,-12.9895188161,0.130490668106,0.235090544234
short__state_age_bin__7_plus__state_motif_2__5gt6__c1dba67cba,SHORT,2025,leave_one_stock_out_recomputed,RIOT,172,92,19,4.07560729933,43.0198410605,0.108482477762,0.575581395349,1.03387631248,2809.91928066,0.666666666667,-5.92439270067,0.119372821345,0.244736226262
short__state_age_bin__7_plus__state_motif_2__5gt6__c1dba67cba,SHORT,2025,leave_one_stock_out_recomputed,RIVN,175,93,19,3.19377510864,44.7283936375,0.0977033815241,0.565714285714,1.0266014051,2809.91928066,0.666666666667,-6.80622489136,0.119087980112,0.243326647251
short__state_age_bin__7_plus__state_motif_2__5gt6__c1dba67cba,SHORT,2025,leave_one_stock_out_recomputed,SMCI,172,91,19,6.13017733006,39.4988419977,0.10283317154,0.56976744186,1.0527191842,2809.91928066,0.666666666667,-3.86982266994,0.1229910642,0.205521209478
short__state_age_bin__7_plus__state_motif_2__5gt6__c1dba67cba,SHORT,2025,leave_one_stock_out_recomputed,SOFI,173,90,19,0.772561620271,41.3112884835,0.102042992686,0.57225433526,1.00638179091,2809.91928066,0.666666666667,-9.22743837973,0.123447841627,0.252917472187
short__state_age_bin__7_plus__state_motif_2__5gt6__c1dba67cba,SHORT,2025,leave_one_stock_out_recomputed,WULF,164,88,19,11.7255605555,43.0198410605,0.113443922313,0.579268292683,1.10548205563,2809.91928066,0.75,1.72556055553,0.132891654949,0.209859220831
short__state_age_bin__7_plus__state_motif_2__5gt6__c1dba67cba,SHORT,2026,leave_one_stock_out_recomputed,AAOI,76,40,17,-39.0333520296,-72.5811143593,-0.0505111300419,0.394736842105,0.727303264826,3723.16311052,0.333333333333,-49.0333520296,0.297610768138,0.505807973504
short__state_age_bin__7_plus__state_motif_2__5gt6__c1dba67cba,SHORT,2026,leave_one_stock_out_recomputed,APLD,81,42,17,-34.5113238547,-70.931129778,-0.0590386352581,0.382716049383,0.759864623784,3723.16311052,0.333333333333,-44.5113238547,0.302455304343,0.297812118362
short__state_age_bin__7_plus__state_motif_2__5gt6__c1dba67cba,SHORT,2026,leave_one_stock_out_recomputed,ASTS,78,39,17,-41.9770339102,-73.0910123549,-0.0454643901383,0.384615384615,0.715014457665,3674.17253308,0.166666666667,-51.9770339102,0.313208952442,0.358944059516
short__state_age_bin__7_plus__state_motif_2__5gt6__c1dba67cba,SHORT,2026,leave_one_stock_out_recomputed,CIFR,76,42,17,-40.1863252856,-64.2024764901,-0.0507139416248,0.394736842105,0.725136845288,3846.86988096,0.333333333333,-50.1863252856,0.301892649217,0.448202953376
short__state_age_bin__7_plus__state_motif_2__5gt6__c1dba67cba,SHORT,2026,leave_one_stock_out_recomputed,HIMS,78,41,17,-38.4394065882,-73.0910123549,-0.0574470901859,0.384615384615,0.744875111201,3790.98287313,0.333333333333,-48.4394065882,0.299147603881,0.409161297805
short__state_age_bin__7_plus__state_motif_2__5gt6__c1dba67cba,SHORT,2026,leave_one_stock_out_recomputed,IONQ,80,43,17,-33.5750329284,-64.2024764901,-0.0437529328954,0.4,0.768136271259,3478.71179353,0.333333333333,-43.5750329284,0.307998830981,0.364261962152
short__state_age_bin__7_plus__state_motif_2__5gt6__c1dba67cba,SHORT,2026,leave_one_stock_out_recomputed,IREN,70,41,17,-26.3053886973,-64.2024764901,-0.0458005819982,0.4,0.801460955181,2807.74407064,0.333333333333,-36.3053886973,0.358758123306,0.298556246444
short__state_age_bin__7_plus__state_motif_2__5gt6__c1dba67cba,SHORT,2026,leave_one_stock_out_recomputed,MARA,81,43,17,-38.7127599933,-70.931129778,-0.0620557206667,0.382716049383,0.734472376265,3928.44271871,0.333333333333,-48.7127599933,0.305990983081,0.350917846624
short__state_age_bin__7_plus__state_motif_2__5gt6__c1dba67cba,SHORT,2026,leave_one_stock_out_recomputed,MP,81,42,17,-42.3426651532,-70.931129778,-0.0511886230756,0.395061728395,0.711640779516,4222.46503666,0.166666666667,-52.3426651532,0.321733943533,0.397826330357
short__state_age_bin__7_plus__state_motif_2__5gt6__c1dba67cba,SHORT,2026,leave_one_stock_out_recomputed,MRNA,81,42,17,-33.0185484987,-69.9113337868,-0.0490061467693,0.395061728395,0.772575058705,3467.21158764,0.333333333333,-43.0185484987,0.308593317207,0.390888742157
short__state_age_bin__7_plus__state_motif_2__5gt6__c1dba67cba,SHORT,2026,leave_one_stock_out_recomputed,MSTR,79,41,17,-35.0343268976,-70.931129778,-0.0641320496821,0.379746835443,0.761264008807,3560.42098417,0.333333333333,-45.0343268976,0.303840054319,0.346263174816
short__state_age_bin__7_plus__state_motif_2__5gt6__c1dba67cba,SHORT,2026,leave_one_stock_out_recomputed,NVTS,75,41,17,-14.5573669581,-58.4936191935,-0.031722196152,0.413333333333,0.878921152298,2104.57591363,0.333333333333,-24.5573669581,0.248905084846,0.242797141463
short__state_age_bin__7_plus__state_motif_2__5gt6__c1dba67cba,SHORT,2026,leave_one_stock_out_recomputed,QBTS,83,42,17,-35.7083715834,-70.931129778,-0.0584309067255,0.385542168675,0.753974900831,3756.50400067,0.333333333333,-45.7083715834,0.297478838594,0.368094740564
short__state_age_bin__7_plus__state_motif_2__5gt6__c1dba67cba,SHORT,2026,leave_one_stock_out_recomputed,RGTI,82,42,17,-37.5574893955,-70.4212317824,-0.0532871952641,0.390243902439,0.737445010291,3872.42328968,0.333333333333,-47.5574893955,0.303164629875,0.315289530223
short__state_age_bin__7_plus__state_motif_2__5gt6__c1dba67cba,SHORT,2026,leave_one_stock_out_recomputed,RIOT,83,42,17,-37.5149768529,-70.931129778,-0.0570876376048,0.385542168675,0.741527672888,3906.45223804,0.333333333333,-47.5149768529,0.304875235135,0.352433462453
short__state_age_bin__7_plus__state_motif_2__5gt6__c1dba67cba,SHORT,2026,leave_one_stock_out_recomputed,RIVN,83,43,17,-34.86322112,-70.931129778,-0.0453388060207,0.397590361446,0.759061711425,3686.35651221,0.333333333333,-44.86322112,0.297645735516,0.368356614268
short__state_age_bin__7_plus__state_motif_2__5gt6__c1dba67cba,SHORT,2026,leave_one_stock_out_recomputed,SMCI,81,42,17,-35.6970689326,-70.931129778,-0.0474646593711,0.395061728395,0.75660463059,3684.17174279,0.333333333333,-45.6970689326,0.297751042981,0.368521890038
short__state_age_bin__7_plus__state_motif_2__5gt6__c1dba67cba,SHORT,2026,leave_one_stock_out_recomputed,SOFI,84,43,18,-34.8863565627,-70.4212317824,-0.0495314142566,0.392857142857,0.756742533628,3723.16311052,0.333333333333,-44.8863565627,0.295882762733,0.3655943486
short__state_age_bin__7_plus__state_motif_2__5gt6__c1dba67cba,SHORT,2026,leave_one_stock_out_recomputed,WULF,80,42,17,-26.9984257785,-64.2024764901,-0.0312485359569,0.4125,0.808456214604,3613.5762522,0.333333333333,-36.9984257785,0.337767499524,0.398491441673
short__state_motif_3__2gt1gt3__c1d3d1595a,SHORT,2024,leave_one_stock_out_recomputed,AAL,126,89,19,18.4963850821,12.4192738832,0.0597621610539,0.555555555556,1.40803116508,1393.51821218,0.75,8.49638508209,0.111573713336,0.226929340116
short__state_motif_3__2gt1gt3__c1d3d1595a,SHORT,2024,leave_one_stock_out_recomputed,AAOI,126,89,19,16.2377298857,10.7570275774,0.0474328488749,0.539682539683,1.36012796606,1393.51821218,0.75,6.23772988568,0.117445882434,0.228735034638
short__state_motif_3__2gt1gt3__c1d3d1595a,SHORT,2024,leave_one_stock_out_recomputed,APLD,128,92,19,18.6794248137,13.4058824512,0.0624621528152,0.5546875,1.45068117121,1393.51821218,0.833333333333,8.67942481375,0.110401759964,0.156350047789
short__state_motif_3__2gt1gt3__c1d3d1595a,SHORT,2024,leave_one_stock_out_recomputed,ASTS,129,90,19,14.6704481468,11.5827338129,0.0591990442725,0.550387596899,1.34016022259,1393.51821218,0.75,4.67044814682,0.120876486704,0.157701278587
short__state_motif_3__2gt1gt3__c1d3d1595a,SHORT,2024,leave_one_stock_out_recomputed,CIFR,129,91,19,17.8379856624,11.5827338129,0.0602082473281,0.550387596899,1.41788469077,1393.51821218,0.75,7.83798566237,0.112153885468,0.17562529414
short__state_motif_3__2gt1gt3__c1d3d1595a,SHORT,2024,leave_one_stock_out_recomputed,HIMS,123,89,19,15.3855694617,10.0224971879,0.0412916326125,0.536585365854,1.33359657939,1393.51821218,0.75,5.38556946171,0.120877930812,0.242760191321
short__state_motif_3__2gt1gt3__c1d3d1595a,SHORT,2024,leave_one_stock_out_recomputed,IONQ,128,92,19,17.7540584321,14.9358710769,0.0777892047291,0.5625,1.40514419394,1393.51821218,0.75,7.7540584321,0.112722839337,0.207260657919
short__state_motif_3__2gt1gt3__c1d3d1595a,SHORT,2024,leave_one_stock_out_recomputed,IREN,131,92,19,13.5353525313,11.5827338129,0.0602705743973,0.549618320611,1.30910512127,1393.51821218,0.666666666667,3.53535253135,0.123686372146,0.207730847779
short__state_motif_3__2gt1gt3__c1d3d1595a,SHORT,2024,leave_one_stock_out_recomputed,MARA,130,91,19,16.4119037704,12.4192738832,0.0617206259833,0.553846153846,1.36480541466,1393.51821218,0.75,6.41190377036,0.115573704088,0.171723169656
short__state_motif_3__2gt1gt3__c1d3d1595a,SHORT,2024,leave_one_stock_out_recomputed,MP,128,90,19,19.8974763007,13.4058824512,0.0686840191748,0.5625,1.46137519522,1393.51821218,0.833333333333,9.89747630065,0.113163758735,0.219982494215
short__state_motif_3__2gt1gt3__c1d3d1595a,SHORT,2024,leave_one_stock_out_recomputed,MRNA,128,89,19,16.6116211087,12.4192738832,0.0612779564539,0.546875,1.36671352714,1393.51821218,0.833333333333,6.61162110873,0.115726603757,0.247821106478
short__state_motif_3__2gt1gt3__c1d3d1595a,SHORT,2024,leave_one_stock_out_recomputed,MSTR,128,91,19,21.3927634587,19.2609551838,0.0775157644939,0.5703125,1.5052977786,1393.51821218,0.833333333333,11.3927634587,0.11715950454,0.190589872111
short__state_motif_3__2gt1gt3__c1d3d1595a,SHORT,2024,leave_one_stock_out_recomputed,NVTS,126,91,19,14.7460762048,11.5371458899,0.0564687788583,0.539682539683,1.33094441997,1709.92261973,0.666666666667,4.74607620476,0.121675063858,0.254704331894
short__state_motif_3__2gt1gt3__c1d3d1595a,SHORT,2024,leave_one_stock_out_recomputed,QBTS,130,91,19,22.0557189597,14.9358710769,0.0786357882195,0.569230769231,1.53448883655,924.99728776,0.916666666667,12.0557189597,0.120014985192,0.239224553366
short__state_motif_3__2gt1gt3__c1d3d1595a,SHORT,2024,leave_one_stock_out_recomputed,RGTI,133,93,19,20.7239778557,13.2558139535,0.0664146929353,0.556390977444,1.50639404214,1035.9516977,0.75,10.7239778557,0.117550184831,0.196313918418
short__state_motif_3__2gt1gt3__c1d3d1595a,SHORT,2024,leave_one_stock_out_recomputed,RIOT,128,92,19,18.7493489561,13.4058824512,0.069181776606,0.5625,1.41741347995,1392.32408614,0.833333333333,8.74934895609,0.110275961891,0.231240920288
short__state_motif_3__2gt1gt3__c1d3d1595a,SHORT,2024,leave_one_stock_out_recomputed,RIVN,126,88,19,19.5315539842,14.9358710769,0.0699591641465,0.555555555556,1.43371732981,1331.26495051,0.833333333333,9.53155398419,0.11145769651,0.214001153205
short__state_motif_3__2gt1gt3__c1d3d1595a,SHORT,2024,leave_one_stock_out_recomputed,SMCI,129,92,19,20.9471006505,16.315791205,0.0796148816513,0.573643410853,1.4934392797,1056.78364507,0.833333333333,10.9471006505,0.116384452469,0.206490364952
short__state_motif_3__2gt1gt3__c1d3d1595a,SHORT,2024,leave_one_stock_out_recomputed,SOFI,127,90,19,18.2941335683,13.5559509489,0.0711127608887,0.566929133858,1.40975704211,1393.51821218,0.75,8.29413356832,0.111714821848,0.220179715204
short__state_motif_3__2gt1gt3__c1d3d1595a,SHORT,2024,leave_one_stock_out_recomputed,WULF,132,92,19,13.3610039397,12.4192738832,0.0634656216671,0.55303030303,1.30295644313,1393.51821218,0.75,3.36100393973,0.122065647264,0.232486391082
short__state_motif_3__2gt1gt3__c1d3d1595a,SHORT,2025,leave_one_stock_out_recomputed,AAL,124,87,19,-8.74393368407,9.85339827025,0.0401694733455,0.516129032258,0.866445171223,1791.69443983,0.5,-18.7439336841,0.132386844422,0.332483828386
short__state_motif_3__2gt1gt3__c1d3d1595a,SHORT,2025,leave_one_stock_out_recomputed,AAOI,122,86,19,-12.7273008973,0.180987402656,0.0271687891367,0.5,0.811786859033,1911.47776323,0.5,-22.7273008973,0.131321614234,0.322713319324
short__state_motif_3__2gt1gt3__c1d3d1595a,SHORT,2025,leave_one_stock_out_recomputed,APLD,126,90,19,-10.2465784602,5.85703185758,0.0352852852853,0.507936507937,0.844920246829,1791.69443983,0.5,-20.2465784602,0.127413378473,0.339397693421
short__state_motif_3__2gt1gt3__c1d3d1595a,SHORT,2025,leave_one_stock_out_recomputed,ASTS,123,89,19,-5.60386363885,9.48689425557,0.0395555194955,0.512195121951,0.908566503811,1559.43852275,0.5,-15.6038636388,0.143050485093,0.269827969108
short__state_motif_3__2gt1gt3__c1d3d1595a,SHORT,2025,leave_one_stock_out_recomputed,CIFR,124,90,19,-8.74740491157,5.85703185758,0.0378872264983,0.508064516129,0.863669614694,1559.43852275,0.5,-18.7474049116,0.132376090582,0.365817108561
short__state_motif_3__2gt1gt3__c1d3d1595a,SHORT,2025,leave_one_stock_out_recomputed,HIMS,121,87,19,-9.52568753122,2.22716945958,0.0324530911928,0.504132231405,0.855472193186,1604.32380422,0.5,-19.5256875312,0.130700557846,0.308039167972
short__state_motif_3__2gt1gt3__c1d3d1595a,SHORT,2025,leave_one_stock_out_recomputed,IONQ,122,88,19,-12.0718597189,5.85703185758,0.0363120731973,0.508196721311,0.819159476623,1924.48249865,0.416666666667,-22.0718597189,0.12938467046,0.345304000771
short__state_motif_3__2gt1gt3__c1d3d1595a,SHORT,2025,leave_one_stock_out_recomputed,IREN,124,88,19,-9.32018139764,0.180987402656,0.0282046227221,0.5,0.857769048099,1607.41810625,0.5,-19.3201813976,0.130625244545,0.296818500369
short__state_motif_3__2gt1gt3__c1d3d1595a,SHORT,2025,leave_one_stock_out_recomputed,MARA,118,86,19,-11.3182252756,0.180987402656,0.0292071678179,0.5,0.829002164338,1787.26619547,0.583333333333,-21.3182252756,0.1263921547,0.336652925952
short__state_motif_3__2gt1gt3__c1d3d1595a,SHORT,2025,leave_one_stock_out_recomputed,MP,122,88,19,-11.7826111345,0.180987402656,0.0254520509393,0.5,0.823571673636,1889.19417135,0.416666666667,-21.7826111345,0.128547944091,0.359069502571
short__state_motif_3__2gt1gt3__c1d3d1595a,SHORT,2025,leave_one_stock_out_recomputed,MRNA,114,82,19,-10.7309936103,0.180987402656,0.0350632456234,0.5,0.84105073441,1789.2881566,0.5,-20.7309936103,0.129000565645,0.315940362456
short__state_motif_3__2gt1gt3__c1d3d1595a,SHORT,2025,leave_one_stock_out_recomputed,MSTR,119,86,19,-9.75148393693,9.48689425557,0.0392042641716,0.512605042017,0.847163024724,1789.2881566,0.416666666667,-19.7514839369,0.130510430399,0.34444081682
short__state_motif_3__2gt1gt3__c1d3d1595a,SHORT,2025,leave_one_stock_out_recomputed,NVTS,116,83,19,-10.9936395916,-1.97063203546,0.020947582509,0.491379310345,0.832441757288,1789.2881566,0.5,-20.9936395916,0.12778025865,0.311837038176
short__state_motif_3__2gt1gt3__c1d3d1595a,SHORT,2025,leave_one_stock_out_recomputed,QBTS,121,86,19,-15.3339046828,-1.86519465427,0.0246080984998,0.495867768595,0.774189171966,1948.37102581,0.5,-25.3339046828,0.139209900401,0.35046495272
short__state_motif_3__2gt1gt3__c1d3d1595a,SHORT,2025,leave_one_stock_out_recomputed,RGTI,123,88,19,-15.7910265191,-1.86519465427,0.0332399631392,0.49593495935,0.765308776426,2035.26482104,0.416666666667,-25.7910265191,0.141652701888,0.314679163392
short__state_motif_3__2gt1gt3__c1d3d1595a,SHORT,2025,leave_one_stock_out_recomputed,RIOT,115,83,19,-16.4027027175,-1.86519465427,0.0227898589554,0.495652173913,0.765253729087,1979.27937169,0.416666666667,-26.4027027175,0.140069097179,0.31355113151
short__state_motif_3__2gt1gt3__c1d3d1595a,SHORT,2025,leave_one_stock_out_recomputed,RIVN,115,85,19,-5.55244064314,9.48689425557,0.0390698411515,0.513043478261,0.913505842316,1791.69443983,0.666666666667,-15.5524406431,0.134089490691,0.235856258361
short__state_motif_3__2gt1gt3__c1d3d1595a,SHORT,2025,leave_one_stock_out_recomputed,SMCI,119,87,19,-9.67974452389,2.22716945958,0.0320885946395,0.504201680672,0.855581272055,1791.69443983,0.416666666667,-19.6797445239,0.130718060359,0.372202790823
short__state_motif_3__2gt1gt3__c1d3d1595a,SHORT,2025,leave_one_stock_out_recomputed,SOFI,119,88,19,-10.3307066833,2.22716945958,0.0287443090504,0.504201680672,0.847400454375,1791.69443983,0.583333333333,-20.3307066833,0.128857885694,0.335818191567
short__state_motif_3__2gt1gt3__c1d3d1595a,SHORT,2025,leave_one_stock_out_recomputed,WULF,126,90,19,-6.67209705986,5.85703185758,0.0384342436449,0.507936507937,0.893243849796,1791.69443983,0.583333333333,-16.6720970599,0.138765713953,0.345253928315
short__state_motif_3__2gt1gt3__c1d3d1595a,SHORT,2026,leave_one_stock_out_recomputed,AAOI,58,32,16,9.59123566182,12.3471119792,0.0851513019001,0.534482758621,1.17335922339,574.8483063,0.5,-0.408764338183,0.105980708864,0.353161434841
short__state_motif_3__2gt1gt3__c1d3d1595a,SHORT,2026,leave_one_stock_out_recomputed,APLD,59,34,16,0.909365324541,12.1389645777,0.0790655706427,0.525423728814,1.01445562461,752.854870663,0.5,-9.09063467546,0.203755865663,0.31748366571
short__state_motif_3__2gt1gt3__c1d3d1595a,SHORT,2026,leave_one_stock_out_recomputed,ASTS,58,33,16,-8.9089736085,-3.80155770974,0.052678845936,0.5,0.869572690494,1297.18329965,0.5,-18.9089736085,0.207687233356,0.29781529869
short__state_motif_3__2gt1gt3__c1d3d1595a,SHORT,2026,leave_one_stock_out_recomputed,CIFR,60,34,17,-3.27605337129,9.79900998753,0.0677071110068,0.516666666667,0.950384760921,1003.07062709,0.5,-13.2760533713,0.190832772651,0.253417116045
short__state_motif_3__2gt1gt3__c1d3d1595a,SHORT,2026,leave_one_stock_out_recomputed,HIMS,55,33,16,-1.88266504481,12.1389645777,0.0798489471102,0.509090909091,0.971767502673,1003.07062709,0.5,-11.8826650448,0.195440826691,0.238033829262
short__state_motif_3__2gt1gt3__c1d3d1595a,SHORT,2026,leave_one_stock_out_recomputed,IONQ,56,33,16,-6.82154271591,9.79900998753,0.0687470671046,0.517857142857,0.898260948253,1109.98042005,0.5,-16.8215427159,0.200245497067,0.274210581267
short__state_motif_3__2gt1gt3__c1d3d1595a,SHORT,2026,leave_one_stock_out_recomputed,IREN,60,34,17,-3.27605337129,9.79900998753,0.0684851322875,0.516666666667,0.950384760921,1003.07062709,0.5,-13.2760533713,0.190832772651,0.253417116045
short__state_motif_3__2gt1gt3__c1d3d1595a,SHORT,2026,leave_one_stock_out_recomputed,MARA,57,34,16,-5.33626948393,7.4590553974,0.0588019791384,0.508771929825,0.920552999208,1032.14138854,0.5,-15.3362694839,0.196183758483,0.271719162476
short__state_motif_3__2gt1gt3__c1d3d1595a,SHORT,2026,leave_one_stock_out_recomputed,MP,53,33,16,-2.74220780246,12.1389645777,0.0755292898058,0.528301886792,0.957494495079,1003.07062709,0.333333333333,-12.7422078025,0.193343287767,0.336313413056
short__state_motif_3__2gt1gt3__c1d3d1595a,SHORT,2026,leave_one_stock_out_recomputed,MRNA,56,33,16,-1.06796701278,9.79900998753,0.068277803848,0.517857142857,0.983962999845,1003.07062709,0.5,-11.0679670128,0.19768554546,0.291986037327
short__state_motif_3__2gt1gt3__c1d3d1595a,SHORT,2026,leave_one_stock_out_recomputed,MSTR,55,34,16,-9.62893987972,-15.0621708169,0.0415066154503,0.490909090909,0.864152256741,1003.07062709,0.5,-19.6289398797,0.208427303695,0.266947425974
short__state_motif_3__2gt1gt3__c1d3d1595a,SHORT,2026,leave_one_stock_out_recomputed,NVTS,58,34,16,-3.07475537515,9.79900998753,0.068277803848,0.51724137931,0.953998992583,1003.07062709,0.5,-13.0747553751,0.191718561802,0.232009800701
short__state_motif_3__2gt1gt3__c1d3d1595a,SHORT,2026,leave_one_stock_out_recomputed,QBTS,57,33,16,1.5630398483,12.1389645777,0.0768470471955,0.526315789474,1.02449818064,1003.07062709,0.5,-8.4369601517,0.205729184502,0.215550563741
short__state_motif_3__2gt1gt3__c1d3d1595a,SHORT,2026,leave_one_stock_out_recomputed,RGTI,54,30,16,-8.25401426449,9.79900998753,0.0686640242481,0.518518518519,0.880155532631,1003.07062709,0.5,-18.2540142645,0.203697307734,0.261119420986
short__state_motif_3__2gt1gt3__c1d3d1595a,SHORT,2026,leave_one_stock_out_recomputed,RIOT,57,34,16,-0.91230397007,12.1389645777,0.0781903163161,0.526315789474,0.986332106094,1003.07062709,0.5,-10.9123039701,0.198091514367,0.29629091533
short__state_motif_3__2gt1gt3__c1d3d1595a,SHORT,2026,leave_one_stock_out_recomputed,RIVN,58,33,16,-8.90186635324,9.79900998753,0.0691190253046,0.51724137931,0.866136072727,1003.07062709,0.333333333333,-18.9018663532,0.207663618307,0.273701189233
short__state_motif_3__2gt1gt3__c1d3d1595a,SHORT,2026,leave_one_stock_out_recomputed,SMCI,58,34,16,-4.45931837353,-3.80155770974,0.0525779119358,0.5,0.934715611107,1003.07062709,0.5,-14.4593183735,0.193883583607,0.259459463721
short__state_motif_3__2gt1gt3__c1d3d1595a,SHORT,2026,leave_one_stock_out_recomputed,SOFI,56,32,16,-8.8147129544,-3.80155770974,0.0516590619338,0.5,0.87406250278,1003.07062709,0.5,-18.8147129544,0.206372320471,0.237736321792
short__state_motif_3__2gt1gt3__c1d3d1595a,SHORT,2026,leave_one_stock_out_recomputed,WULF,55,30,16,2.57733593954,12.5552593808,0.0960241913158,0.545454545455,1.04129919594,1003.07062709,0.5,-7.42266406046,0.208732895087,0.3017477225
short__top_parent_loop__cycle_07__4fd224b93f,SHORT,2024,leave_one_stock_out_recomputed,AAL,184,127,19,22.157726378,5.39241810219,0.025083072027,0.510869565217,1.20593744271,2032.8884471,0.666666666667,12.157726378,0.174776301304,0.136986236579
short__top_parent_loop__cycle_07__4fd224b93f,SHORT,2024,leave_one_stock_out_recomputed,AAOI,177,123,19,19.2442435672,5.23545790778,0.0253720471531,0.508474576271,1.18070841134,2032.8884471,0.583333333333,9.24424356721,0.184633656239,0.159372312322
short__top_parent_loop__cycle_07__4fd224b93f,SHORT,2024,leave_one_stock_out_recomputed,APLD,173,122,19,11.8365553795,2.79028132992,0.0187934389423,0.50289017341,1.10908793845,2032.8884471,0.666666666667,1.83655537949,0.120496868926,0.19272768339
short__top_parent_loop__cycle_07__4fd224b93f,SHORT,2024,leave_one_stock_out_recomputed,ASTS,180,127,19,25.4759944467,9.11915429139,0.0398191993112,0.516666666667,1.24561980861,2032.8884471,0.666666666667,15.4759944467,0.182909773214,0.14990636308
short__top_parent_loop__cycle_07__4fd224b93f,SHORT,2024,leave_one_stock_out_recomputed,CIFR,179,127,19,22.3514052589,5.5493782966,0.0324485140987,0.513966480447,1.21250576932,2032.8884471,0.666666666667,12.3514052589,0.175021731041,0.127421008297
short__top_parent_loop__cycle_07__4fd224b93f,SHORT,2024,leave_one_stock_out_recomputed,HIMS,178,123,19,19.3154466494,5.39241810219,0.0259906369059,0.511235955056,1.17918877101,2032.8884471,0.666666666667,9.31544664939,0.184091011428,0.139698241273
short__top_parent_loop__cycle_07__4fd224b93f,SHORT,2024,leave_one_stock_out_recomputed,IONQ,173,121,19,26.1043028103,2.79028132992,0.0184954908562,0.50289017341,1.24925287442,2032.8884471,0.666666666667,16.1043028103,0.181751870245,0.133651269565
short__top_parent_loop__cycle_07__4fd224b93f,SHORT,2024,leave_one_stock_out_recomputed,IREN,166,117,19,24.5027836581,1.13459564127,0.0170902193895,0.5,1.24122470726,1616.49545446,0.583333333333,14.5027836581,0.174630362197,0.247007520631
short__top_parent_loop__cycle_07__4fd224b93f,SHORT,2024,leave_one_stock_out_recomputed,MARA,186,128,19,17.3941364626,4.01286961885,0.0225146706483,0.505376344086,1.16101079701,2844.56097841,0.666666666667,7.39413646256,0.187594804471,0.132156816344
short__top_parent_loop__cycle_07__4fd224b93f,SHORT,2024,leave_one_stock_out_recomputed,MP,185,129,19,24.2444868548,5.56498054475,0.0347313164721,0.518918918919,1.22819218633,1594.64029231,0.666666666667,14.2444868548,0.181244147482,0.134383789551
short__top_parent_loop__cycle_07__4fd224b93f,SHORT,2024,leave_one_stock_out_recomputed,MRNA,180,125,19,24.9339534803,5.55717942068,0.0322849008983,0.516666666667,1.23624523756,1591.75873399,0.666666666667,14.9339534803,0.181291506213,0.143320939553
short__top_parent_loop__cycle_07__4fd224b93f,SHORT,2024,leave_one_stock_out_recomputed,MSTR,177,124,19,26.883385907,5.56498054475,0.0356284057369,0.519774011299,1.25203960827,1738.30573977,0.666666666667,16.883385907,0.185845825071,0.12584412642
short__top_parent_loop__cycle_07__4fd224b93f,SHORT,2024,leave_one_stock_out_recomputed,NVTS,179,126,19,18.2546066887,5.23545790778,0.0266292825383,0.508379888268,1.16617495245,2032.8884471,0.666666666667,8.25460668865,0.18702857232,0.138355088542
short__top_parent_loop__cycle_07__4fd224b93f,SHORT,2024,leave_one_stock_out_recomputed,QBTS,181,125,19,16.0547433766,2.79028132992,0.0208372331834,0.502762430939,1.14576997566,2032.8884471,0.666666666667,6.05474337658,0.193577992795,0.125573012597
short__top_parent_loop__cycle_07__4fd224b93f,SHORT,2024,leave_one_stock_out_recomputed,RGTI,174,123,19,17.3778470305,5.55717942068,0.0343517770248,0.51724137931,1.16610769625,2032.8884471,0.583333333333,7.37784703045,0.191394271696,0.158431352315
short__top_parent_loop__cycle_07__4fd224b93f,SHORT,2024,leave_one_stock_out_recomputed,RIOT,184,127,19,21.557055506,5.39241810219,0.0270622113887,0.510869565217,1.19850442627,2032.8884471,0.666666666667,11.557055506,0.175550450844,0.133309110123
short__top_parent_loop__cycle_07__4fd224b93f,SHORT,2024,leave_one_stock_out_recomputed,RIVN,183,128,19,23.8958295772,5.23545790778,0.0245519302146,0.508196721311,1.22618042682,2032.8884471,0.666666666667,13.8958295772,0.179417671047,0.131875144181
short__top_parent_loop__cycle_07__4fd224b93f,SHORT,2024,leave_one_stock_out_recomputed,SMCI,178,126,19,20.1022070995,4.17763093733,0.0313612452085,0.505617977528,1.18078350509,2032.8884471,0.583333333333,10.1022070995,0.181747352585,0.130151902632
short__top_parent_loop__cycle_07__4fd224b93f,SHORT,2024,leave_one_stock_out_recomputed,SOFI,182,127,19,21.3658168896,5.39241810219,0.0246906790336,0.510989010989,1.19676044888,2032.8884471,0.666666666667,11.3658168896,0.176759831723,0.135680554186
short__top_parent_loop__cycle_07__4fd224b93f,SHORT,2024,leave_one_stock_out_recomputed,WULF,173,119,19,27.6473844617,12.6889302862,0.0436285223502,0.520231213873,1.25995986175,2032.8884471,0.666666666667,17.6473844617,0.186272445558,0.145681376099
short__top_parent_loop__cycle_07__4fd224b93f,SHORT,2025,leave_one_stock_out_recomputed,AAL,219,128,19,1.12328807191,19.7648531026,0.060717418551,0.520547945205,1.01020848181,3150.45550221,0.5,-8.87671192809,0.144434018782,0.193051542438
short__top_parent_loop__cycle_07__4fd224b93f,SHORT,2025,leave_one_stock_out_recomputed,AAOI,209,122,19,-3.17327678242,18.5967642701,0.0603086432429,0.516746411483,0.971521718078,3150.45550221,0.5,-13.1732767824,0.158376254877,0.202583658451
short__top_parent_loop__cycle_07__4fd224b93f,SHORT,2025,leave_one_stock_out_recomputed,APLD,199,119,19,5.37658535623,30.8556910569,0.0758851098047,0.532663316583,1.05000802197,3150.45550221,0.5,-4.62341464377,0.150163154857,0.173814549489
short__top_parent_loop__cycle_07__4fd224b93f,SHORT,2025,leave_one_stock_out_recomputed,ASTS,217,128,19,2.98657527662,19.7648531026,0.0643578873349,0.520737327189,1.02750107326,3150.45550221,0.5,-7.01342472338,0.144046226566,0.191886461409
short__top_parent_loop__cycle_07__4fd224b93f,SHORT,2025,leave_one_stock_out_recomputed,CIFR,201,123,19,9.26219587036,26.9956509966,0.0733149267069,0.52736318408,1.08640121116,3150.45550221,0.5,-0.737804129645,0.16316778976,0.197932688825
short__top_parent_loop__cycle_07__4fd224b93f,SHORT,2025,leave_one_stock_out_recomputed,HIMS,214,125,19,-2.98012261087,19.1808086864,0.0635413741928,0.518691588785,0.97296272598,4065.226216,0.416666666667,-12.9801226109,0.157949165338,0.20425400082
short__top_parent_loop__cycle_07__4fd224b93f,SHORT,2025,leave_one_stock_out_recomputed,IONQ,206,122,19,3.01697322922,23.3802520496,0.068780639169,0.52427184466,1.02872228125,3150.45550221,0.5,-6.98302677078,0.143677316546,0.252804460356
short__top_parent_loop__cycle_07__4fd224b93f,SHORT,2025,leave_one_stock_out_recomputed,IREN,205,120,19,-1.12460851146,18.5967642701,0.0614068257119,0.517073170732,0.989814786115,3384.51919148,0.416666666667,-11.1246085115,0.151420596931,0.189044992678
short__top_parent_loop__cycle_07__4fd224b93f,SHORT,2025,leave_one_stock_out_recomputed,MARA,217,127,19,-0.253322534094,19.7648531026,0.0622853526183,0.516129032258,0.997703013831,3208.94543653,0.5,-10.2533225341,0.148769265157,0.235549451545
short__top_parent_loop__cycle_07__4fd224b93f,SHORT,2025,leave_one_stock_out_recomputed,MP,210,121,19,1.25322380061,19.1808086864,0.0608931126099,0.519047619048,1.01125404281,3150.45550221,0.5,-8.74677619939,0.144194208021,0.195905080362
short__top_parent_loop__cycle_07__4fd224b93f,SHORT,2025,leave_one_stock_out_recomputed,MRNA,213,125,19,4.48769580984,30.2966194784,0.0743516073729,0.530516431925,1.04118529138,3150.45550221,0.5,-5.51230419016,0.148458591059,0.18491264702
short__top_parent_loop__cycle_07__4fd224b93f,SHORT,2025,leave_one_stock_out_recomputed,MSTR,213,128,19,1.33442868283,19.7648531026,0.0645327054072,0.521126760563,1.01226065222,3150.45550221,0.5,-8.66557131717,0.143901320279,0.190660969309
short__top_parent_loop__cycle_07__4fd224b93f,SHORT,2025,leave_one_stock_out_recomputed,NVTS,206,126,19,-1.38063894663,30.5761552677,0.0807902339988,0.533980582524,0.987648619144,3438.38606964,0.416666666667,-11.3806389466,0.152253087218,0.200986477114
short__top_parent_loop__cycle_07__4fd224b93f,SHORT,2025,leave_one_stock_out_recomputed,QBTS,207,122,19,2.04784528657,18.5967642701,0.062177468085,0.51690821256,1.01912254246,3150.45550221,0.5,-7.95215471343,0.141988259701,0.198404393928
short__top_parent_loop__cycle_07__4fd224b93f,SHORT,2025,leave_one_stock_out_recomputed,RGTI,209,123,19,9.34300396388,30.2966194784,0.0717508745641,0.526315789474,1.09354795029,2966.53406392,0.583333333333,-0.656996036117,0.154755781157,0.139913809602
short__top_parent_loop__cycle_07__4fd224b93f,SHORT,2025,leave_one_stock_out_recomputed,RIOT,216,127,19,1.28228797539,19.1808086864,0.0630475079087,0.518518518519,1.0117273138,3150.45550221,0.5,-8.71771202461,0.144002158058,0.217843372092
short__top_parent_loop__cycle_07__4fd224b93f,SHORT,2025,leave_one_stock_out_recomputed,RIVN,216,126,19,3.82879364042,28.6461352375,0.0665658153866,0.523148148148,1.0353399629,3150.45550221,0.5,-6.17120635958,0.146578840112,0.18298556296
short__top_parent_loop__cycle_07__4fd224b93f,SHORT,2025,leave_one_stock_out_recomputed,SMCI,212,124,19,-0.10368173178,23.3802520496,0.0682785423167,0.52358490566,0.999057179638,3150.45550221,0.5,-10.1036817318,0.148281405813,0.197699577209
short__top_parent_loop__cycle_07__4fd224b93f,SHORT,2025,leave_one_stock_out_recomputed,SOFI,220,128,19,1.94495792514,23.3802520496,0.0640766237945,0.522727272727,1.01783826167,3150.45550221,0.5,-8.05504207486,0.141934399557,0.19563844337
short__top_parent_loop__cycle_07__4fd224b93f,SHORT,2025,leave_one_stock_out_recomputed,WULF,209,125,19,3.78875775446,26.9956509966,0.0679018520599,0.521531100478,1.03495589951,3150.45550221,0.5,-6.21124224554,0.146074049391,0.216743918102
short__top_parent_loop__cycle_07__4fd224b93f,SHORT,2026,leave_one_stock_out_recomputed,AAOI,86,55,17,-30.8969261847,-32.9656895987,0.0213982946827,0.46511627907,0.769257941644,4426.48023768,0.5,-40.8969261847,0.252473506712,0.316676054717
short__top_parent_loop__cycle_07__4fd224b93f,SHORT,2026,leave_one_stock_out_recomputed,APLD,95,58,17,-21.480263878,-36.5540282751,0.0232225733189,0.463157894737,0.824258837561,4426.48023768,0.5,-31.480263878,0.26912456195,0.24571760503
short__top_parent_loop__cycle_07__4fd224b93f,SHORT,2026,leave_one_stock_out_recomputed,ASTS,90,55,17,-53.1525609703,-62.5940005614,-0.00785755253141,0.422222222222,0.622042333654,5394.45162505,0.5,-63.1525609703,0.267164628688,0.292454442397
short__top_parent_loop__cycle_07__4fd224b93f,SHORT,2026,leave_one_stock_out_recomputed,CIFR,94,56,17,-29.270079589,-36.6936004602,0.0145156216451,0.457446808511,0.770019066278,4426.48023768,0.5,-39.270079589,0.25010777835,0.256625163321
short__top_parent_loop__cycle_07__4fd224b93f,SHORT,2026,leave_one_stock_out_recomputed,HIMS,95,56,17,-40.7477387107,-45.5472624187,0.00233698538767,0.442105263158,0.704524336038,4481.75631524,0.5,-50.7477387107,0.243557738108,0.290451667875
short__top_parent_loop__cycle_07__4fd224b93f,SHORT,2026,leave_one_stock_out_recomputed,IONQ,91,57,17,-40.700930889,-45.5472624187,-0.00268150432393,0.43956043956,0.704414495777,4426.48023768,0.5,-50.700930889,0.239676882414,0.316194390443
short__top_parent_loop__cycle_07__4fd224b93f,SHORT,2026,leave_one_stock_out_recomputed,IREN,91,54,17,-39.7911620133,-36.5540282751,0.019034582837,0.461538461538,0.710760104753,4426.48023768,0.5,-49.7911620133,0.237801262448,0.259261393902
short__top_parent_loop__cycle_07__4fd224b93f,SHORT,2026,leave_one_stock_out_recomputed,MARA,94,56,17,-45.7616220048,-53.1932219709,-0.00689417614345,0.436170212766,0.65872243516,4912.31360617,0.333333333333,-55.7616220048,0.254151689046,0.30823990053
short__top_parent_loop__cycle_07__4fd224b93f,SHORT,2026,leave_one_stock_out_recomputed,MP,96,57,17,-34.3370486102,-36.6936004602,0.0140119942083,0.458333333333,0.741790346289,4276.37075043,0.5,-44.3370486102,0.237253608107,0.294327424975
short__top_parent_loop__cycle_07__4fd224b93f,SHORT,2026,leave_one_stock_out_recomputed,MRNA,96,57,17,-31.4024427803,-36.6936004602,0.0266111371813,0.46875,0.763187281459,3994.64859076,0.5,-41.4024427803,0.243729108158,0.267579356603
short__top_parent_loop__cycle_07__4fd224b93f,SHORT,2026,leave_one_stock_out_recomputed,MSTR,91,56,17,-43.8369624857,-67.3329465282,-0.00264922870557,0.43956043956,0.695321337518,4969.17767005,0.5,-53.8369624857,0.246375379175,0.315902600159
short__top_parent_loop__cycle_07__4fd224b93f,SHORT,2026,leave_one_stock_out_recomputed,NVTS,83,52,17,-11.2134168142,-2.45120257843,0.0502055146913,0.493975903614,0.900571898775,2686.41266407,0.5,-21.2134168142,0.170653204587,0.373175451608
short__top_parent_loop__cycle_07__4fd224b93f,SHORT,2026,leave_one_stock_out_recomputed,QBTS,97,58,17,-33.7271960869,-36.8331726453,0.0113740864431,0.453608247423,0.746452836048,4251.55210427,0.5,-43.7271960869,0.237810221314,0.304547479589
short__top_parent_loop__cycle_07__4fd224b93f,SHORT,2026,leave_one_stock_out_recomputed,RGTI,97,58,17,-33.3089220927,-36.8331726453,0.0119629933202,0.453608247423,0.747160709071,4210.97952683,0.5,-43.3089220927,0.23872579762,0.308327523469
short__top_parent_loop__cycle_07__4fd224b93f,SHORT,2026,leave_one_stock_out_recomputed,RIOT,98,58,17,-32.6715773973,-36.6936004602,0.0183979783283,0.459183673469,0.752128129817,4181.82866879,0.5,-42.6715773973,0.239387991455,0.267968575558
short__top_parent_loop__cycle_07__4fd224b93f,SHORT,2026,leave_one_stock_out_recomputed,RIVN,99,58,18,-34.8127894327,-36.8331726453,0.013563469749,0.454545454545,0.738147642586,4426.48023768,0.5,-44.8127894327,0.233941832283,0.288684444921
short__top_parent_loop__cycle_07__4fd224b93f,SHORT,2026,leave_one_stock_out_recomputed,SMCI,95,57,17,-32.9044713724,-36.5540282751,0.0224508701936,0.463157894737,0.75454477739,4105.93886423,0.5,-42.9044713724,0.241129268202,0.27608843739
short__top_parent_loop__cycle_07__4fd224b93f,SHORT,2026,leave_one_stock_out_recomputed,SOFI,98,58,17,-33.5706385467,-36.6936004602,0.0184957966277,0.459183673469,0.747032639865,4269.93666142,0.5,-43.5706385467,0.237397656492,0.275566702814
short__top_parent_loop__cycle_07__4fd224b93f,SHORT,2026,leave_one_stock_out_recomputed,WULF,96,56,17,-36.5479590057,-41.190217532,0.0062514640431,0.447916666667,0.729275135327,4224.64854264,0.5,-46.5479590057,0.235301463852,0.290774406287
