record_type,draw,metric,value,interval_90_lower,interval_90_upper,interval_95_lower,interval_95_upper
draw,0,D2_minus_D1_brier_improvement,-0.0046424317907600432,,,,
draw,1,D2_minus_D1_brier_improvement,-0.0024308136352928778,,,,
draw,2,D2_minus_D1_brier_improvement,-0.0040435912843578836,,,,
draw,3,D2_minus_D1_brier_improvement,-0.0024130246529064925,,,,
draw,4,D2_minus_D1_brier_improvement,-0.0041468251304883907,,,,
draw,5,D2_minus_D1_brier_improvement,-0.0014251490670431632,,,,
draw,6,D2_minus_D1_brier_improvement,-0.0055629177621573656,,,,
draw,7,D2_minus_D1_brier_improvement,-0.0054971277796589113,,,,
draw,8,D2_minus_D1_brier_improvement,-0.0045366379666394174,,,,
draw,9,D2_minus_D1_brier_improvement,-0.0012597624183645351,,,,
draw,10,D2_minus_D1_brier_improvement,-0.00056046743072407645,,,,
draw,11,D2_minus_D1_brier_improvement,-0.0027106898664013834,,,,
draw,12,D2_minus_D1_brier_improvement,-0.0027583551408282281,,,,
draw,13,D2_minus_D1_brier_improvement,-0.0036753557828769767,,,,
draw,14,D2_minus_D1_brier_improvement,-0.0030266448090942866,,,,
draw,15,D2_minus_D1_brier_improvement,-0.0033963353720895262,,,,
draw,16,D2_minus_D1_brier_improvement,-0.0028960941968911025,,,,
draw,17,D2_minus_D1_brier_improvement,-0.006029625208436612,,,,
draw,18,D2_minus_D1_brier_improvement,-0.002203467958609262,,,,
draw,19,D2_minus_D1_brier_improvement,-0.0048850713490258824,,,,
draw,20,D2_minus_D1_brier_improvement,-0.0062871359958438788,,,,
draw,21,D2_minus_D1_brier_improvement,-0.0051093876716370445,,,,
draw,22,D2_minus_D1_brier_improvement,-0.0053660841452078945,,,,
draw,23,D2_minus_D1_brier_improvement,-0.0037659021073075671,,,,
draw,24,D2_minus_D1_brier_improvement,-0.0042914425617958107,,,,
draw,25,D2_minus_D1_brier_improvement,-0.0068717531498501128,,,,
draw,26,D2_minus_D1_brier_improvement,-0.002877355276177912,,,,
draw,27,D2_minus_D1_brier_improvement,-0.00025236590935789893,,,,
draw,28,D2_minus_D1_brier_improvement,-0.00044801798811722193,,,,
draw,29,D2_minus_D1_brier_improvement,-0.0028793180048049538,,,,
draw,30,D2_minus_D1_brier_improvement,-0.001914545701146575,,,,
draw,31,D2_minus_D1_brier_improvement,-0.0024888852747746437,,,,
draw,32,D2_minus_D1_brier_improvement,-0.006193588211905271,,,,
draw,33,D2_minus_D1_brier_improvement,-0.0043771098792925178,,,,
draw,34,D2_minus_D1_brier_improvement,-0.0056095791495873182,,,,
draw,35,D2_minus_D1_brier_improvement,-0.001731426440434114,,,,
draw,36,D2_minus_D1_brier_improvement,-0.0032952972897691835,,,,
draw,37,D2_minus_D1_brier_improvement,-0.0037415251547640582,,,,
draw,38,D2_minus_D1_brier_improvement,-0.0014478398072020893,,,,
draw,39,D2_minus_D1_brier_improvement,-0.0010058783672272364,,,,
draw,40,D2_minus_D1_brier_improvement,-0.002097890495915633,,,,
draw,41,D2_minus_D1_brier_improvement,-0.0067974419533135821,,,,
draw,42,D2_minus_D1_brier_improvement,-0.0056642506029971895,,,,
draw,43,D2_minus_D1_brier_improvement,-0.0045305483430432836,,,,
draw,44,D2_minus_D1_brier_improvement,-0.0003163146223448543,,,,
draw,45,D2_minus_D1_brier_improvement,-0.0037659230335826688,,,,
draw,46,D2_minus_D1_brier_improvement,-1.626609302574078e-05,,,,
draw,47,D2_minus_D1_brier_improvement,-0.0028480389559599195,,,,
draw,48,D2_minus_D1_brier_improvement,-0.0048826946446826336,,,,
draw,49,D2_minus_D1_brier_improvement,-0.0024854541585019874,,,,
draw,50,D2_minus_D1_brier_improvement,-0.0044433238191540214,,,,
draw,51,D2_minus_D1_brier_improvement,0.0011993659248471233,,,,
draw,52,D2_minus_D1_brier_improvement,-0.0049650215098553663,,,,
draw,53,D2_minus_D1_brier_improvement,-0.0059199763723423726,,,,
draw,54,D2_minus_D1_brier_improvement,-0.006639770158300029,,,,
draw,55,D2_minus_D1_brier_improvement,-7.221766351706016e-06,,,,
draw,56,D2_minus_D1_brier_improvement,-0.0029177272455161996,,,,
draw,57,D2_minus_D1_brier_improvement,-0.0018872337359239211,,,,
draw,58,D2_minus_D1_brier_improvement,-0.0044134005242865704,,,,
draw,59,D2_minus_D1_brier_improvement,-0.005116748679338895,,,,
draw,60,D2_minus_D1_brier_improvement,-0.0065020580674783057,,,,
draw,61,D2_minus_D1_brier_improvement,-0.0059940572155888772,,,,
draw,62,D2_minus_D1_brier_improvement,-0.0018729000306771104,,,,
draw,63,D2_minus_D1_brier_improvement,0.00049186539185952505,,,,
draw,64,D2_minus_D1_brier_improvement,-0.0022005764198639866,,,,
draw,65,D2_minus_D1_brier_improvement,-0.0032993399155007708,,,,
draw,66,D2_minus_D1_brier_improvement,-0.0019157331513380005,,,,
draw,67,D2_minus_D1_brier_improvement,-0.0025362661669183217,,,,
draw,68,D2_minus_D1_brier_improvement,-0.0046343986501692358,,,,
draw,69,D2_minus_D1_brier_improvement,0.00076216082029711973,,,,
draw,70,D2_minus_D1_brier_improvement,-0.0031182006432996512,,,,
draw,71,D2_minus_D1_brier_improvement,-0.0028325543921075003,,,,
draw,72,D2_minus_D1_brier_improvement,-0.0018478029981540967,,,,
draw,73,D2_minus_D1_brier_improvement,-0.0060344769197919756,,,,
draw,74,D2_minus_D1_brier_improvement,-0.0038702638989882021,,,,
draw,75,D2_minus_D1_brier_improvement,-0.0030991654254718393,,,,
draw,76,D2_minus_D1_brier_improvement,-0.0012771216471773594,,,,
draw,77,D2_minus_D1_brier_improvement,-0.00011007360545878253,,,,
draw,78,D2_minus_D1_brier_improvement,-0.00064850396522023179,,,,
draw,79,D2_minus_D1_brier_improvement,-0.0020550626838902741,,,,
draw,80,D2_minus_D1_brier_improvement,-0.0064259539233303964,,,,
draw,81,D2_minus_D1_brier_improvement,-0.0015212976536156664,,,,
draw,82,D2_minus_D1_brier_improvement,-0.0038584733151949546,,,,
draw,83,D2_minus_D1_brier_improvement,-0.00098599641355517909,,,,
draw,84,D2_minus_D1_brier_improvement,-0.0059844274082467563,,,,
draw,85,D2_minus_D1_brier_improvement,-0.0061487856042428402,,,,
draw,86,D2_minus_D1_brier_improvement,-0.0061728205593825636,,,,
draw,87,D2_minus_D1_brier_improvement,-0.0024830646479730434,,,,
draw,88,D2_minus_D1_brier_improvement,-0.00071983990186882951,,,,
draw,89,D2_minus_D1_brier_improvement,-0.0027522815683702073,,,,
draw,90,D2_minus_D1_brier_improvement,-0.006379461686531307,,,,
draw,91,D2_minus_D1_brier_improvement,-0.00087282940368316186,,,,
draw,92,D2_minus_D1_brier_improvement,-0.0043539398705469967,,,,
draw,93,D2_minus_D1_brier_improvement,-0.0018030801030687049,,,,
draw,94,D2_minus_D1_brier_improvement,-0.005380400989051376,,,,
draw,95,D2_minus_D1_brier_improvement,-0.0042245361199967357,,,,
draw,96,D2_minus_D1_brier_improvement,-0.0064400337630473592,,,,
draw,97,D2_minus_D1_brier_improvement,-0.0018673782389597438,,,,
draw,98,D2_minus_D1_brier_improvement,-0.0013814899535941338,,,,
draw,99,D2_minus_D1_brier_improvement,-0.0034353569173993237,,,,
draw,100,D2_minus_D1_brier_improvement,0.00025816478898627038,,,,
draw,101,D2_minus_D1_brier_improvement,0.0004294508281307563,,,,
draw,102,D2_minus_D1_brier_improvement,-0.0032833484797467338,,,,
draw,103,D2_minus_D1_brier_improvement,-0.0081745763882785094,,,,
draw,104,D2_minus_D1_brier_improvement,-0.00294850645579256,,,,
draw,105,D2_minus_D1_brier_improvement,-0.0027789291256178905,,,,
draw,106,D2_minus_D1_brier_improvement,-0.0011116511096009307,,,,
draw,107,D2_minus_D1_brier_improvement,-0.0069589839796662945,,,,
draw,108,D2_minus_D1_brier_improvement,-0.0033343273274592522,,,,
draw,109,D2_minus_D1_brier_improvement,-0.0026144244855479393,,,,
draw,110,D2_minus_D1_brier_improvement,-0.005221123836848085,,,,
draw,111,D2_minus_D1_brier_improvement,-0.006817378213187314,,,,
draw,112,D2_minus_D1_brier_improvement,-0.0057085205905519354,,,,
draw,113,D2_minus_D1_brier_improvement,-0.0070371457185932629,,,,
draw,114,D2_minus_D1_brier_improvement,-0.001956996819163781,,,,
draw,115,D2_minus_D1_brier_improvement,-0.0050797352611778868,,,,
draw,116,D2_minus_D1_brier_improvement,-0.0031329607195917097,,,,
draw,117,D2_minus_D1_brier_improvement,-0.0032284243020432868,,,,
draw,118,D2_minus_D1_brier_improvement,-0.003857351405087861,,,,
draw,119,D2_minus_D1_brier_improvement,-0.0022272031641280832,,,,
draw,120,D2_minus_D1_brier_improvement,-0.0044863331590735411,,,,
draw,121,D2_minus_D1_brier_improvement,-0.0016461817567840209,,,,
draw,122,D2_minus_D1_brier_improvement,-0.0045320130633689226,,,,
draw,123,D2_minus_D1_brier_improvement,-0.0007212155859430136,,,,
draw,124,D2_minus_D1_brier_improvement,-0.0015989105795545244,,,,
draw,125,D2_minus_D1_brier_improvement,-0.0068734635847603198,,,,
draw,126,D2_minus_D1_brier_improvement,-0.00075644395874710502,,,,
draw,127,D2_minus_D1_brier_improvement,-0.0023014723817583738,,,,
draw,128,D2_minus_D1_brier_improvement,-0.0070082065138656613,,,,
draw,129,D2_minus_D1_brier_improvement,-0.0041037273580905864,,,,
draw,130,D2_minus_D1_brier_improvement,-0.0051347690263563173,,,,
draw,131,D2_minus_D1_brier_improvement,-0.0049635555169063317,,,,
draw,132,D2_minus_D1_brier_improvement,-0.0055097416226637386,,,,
draw,133,D2_minus_D1_brier_improvement,-0.0061689136754953799,,,,
draw,134,D2_minus_D1_brier_improvement,-0.0035586660599275233,,,,
draw,135,D2_minus_D1_brier_improvement,-0.0020973830711265018,,,,
draw,136,D2_minus_D1_brier_improvement,-0.0057542855251573322,,,,
draw,137,D2_minus_D1_brier_improvement,-0.0074804483450990333,,,,
draw,138,D2_minus_D1_brier_improvement,-0.0052018135961732492,,,,
draw,139,D2_minus_D1_brier_improvement,-0.0073171310805968948,,,,
draw,140,D2_minus_D1_brier_improvement,-0.0032116873119389377,,,,
draw,141,D2_minus_D1_brier_improvement,-0.0072401511287110421,,,,
draw,142,D2_minus_D1_brier_improvement,-0.0056813446437904702,,,,
draw,143,D2_minus_D1_brier_improvement,-0.0073130722730085362,,,,
draw,144,D2_minus_D1_brier_improvement,-0.007005934495233318,,,,
draw,145,D2_minus_D1_brier_improvement,-0.00030731286089322185,,,,
draw,146,D2_minus_D1_brier_improvement,-0.0054996513623284393,,,,
draw,147,D2_minus_D1_brier_improvement,-0.002656168830694472,,,,
draw,148,D2_minus_D1_brier_improvement,-0.0048220806362067326,,,,
draw,149,D2_minus_D1_brier_improvement,-0.0021755775517373899,,,,
draw,150,D2_minus_D1_brier_improvement,-0.0015038890977429054,,,,
draw,151,D2_minus_D1_brier_improvement,-0.0030786874608993153,,,,
draw,152,D2_minus_D1_brier_improvement,-0.0053671703988230346,,,,
draw,153,D2_minus_D1_brier_improvement,-0.0015002023585377888,,,,
draw,154,D2_minus_D1_brier_improvement,0.00012948556797870436,,,,
draw,155,D2_minus_D1_brier_improvement,-0.0029881539594390216,,,,
draw,156,D2_minus_D1_brier_improvement,-0.0038198953612039177,,,,
draw,157,D2_minus_D1_brier_improvement,-0.0021758744730216995,,,,
draw,158,D2_minus_D1_brier_improvement,-0.0015110059366983952,,,,
draw,159,D2_minus_D1_brier_improvement,-0.0017723224180203889,,,,
draw,160,D2_minus_D1_brier_improvement,-0.0032962772355599468,,,,
draw,161,D2_minus_D1_brier_improvement,-0.0027057990295598355,,,,
draw,162,D2_minus_D1_brier_improvement,-0.0065022355071869264,,,,
draw,163,D2_minus_D1_brier_improvement,-0.0019915313220656983,,,,
draw,164,D2_minus_D1_brier_improvement,-0.0023485524148166292,,,,
draw,165,D2_minus_D1_brier_improvement,-0.0021456190685053,,,,
draw,166,D2_minus_D1_brier_improvement,-0.0065296518792187785,,,,
draw,167,D2_minus_D1_brier_improvement,-0.0019065023142759707,,,,
draw,168,D2_minus_D1_brier_improvement,-0.0032509579189262949,,,,
draw,169,D2_minus_D1_brier_improvement,0.00012944018326233042,,,,
draw,170,D2_minus_D1_brier_improvement,-0.0027983397091483342,,,,
draw,171,D2_minus_D1_brier_improvement,0.0011987642982938529,,,,
draw,172,D2_minus_D1_brier_improvement,-0.00046111091997608211,,,,
draw,173,D2_minus_D1_brier_improvement,-0.0031069719982698418,,,,
draw,174,D2_minus_D1_brier_improvement,-0.0020094316728065387,,,,
draw,175,D2_minus_D1_brier_improvement,0.0018409251014673,,,,
draw,176,D2_minus_D1_brier_improvement,-0.0041629596247244882,,,,
draw,177,D2_minus_D1_brier_improvement,-0.0024941089034698771,,,,
draw,178,D2_minus_D1_brier_improvement,0.00042081412781377892,,,,
draw,179,D2_minus_D1_brier_improvement,-0.00088883904639985856,,,,
draw,180,D2_minus_D1_brier_improvement,-0.005166824509621526,,,,
draw,181,D2_minus_D1_brier_improvement,-0.0058644842978728406,,,,
draw,182,D2_minus_D1_brier_improvement,-0.0056757060106121249,,,,
draw,183,D2_minus_D1_brier_improvement,-0.0049368137625950548,,,,
draw,184,D2_minus_D1_brier_improvement,0.0003345497682686327,,,,
draw,185,D2_minus_D1_brier_improvement,-0.006632710534609787,,,,
draw,186,D2_minus_D1_brier_improvement,-0.0017419080504731121,,,,
draw,187,D2_minus_D1_brier_improvement,-0.006396349794724282,,,,
draw,188,D2_minus_D1_brier_improvement,-0.0038516782625279966,,,,
draw,189,D2_minus_D1_brier_improvement,-0.0060501501061208385,,,,
draw,190,D2_minus_D1_brier_improvement,-0.0066029041257605892,,,,
draw,191,D2_minus_D1_brier_improvement,-0.0067068997504071692,,,,
draw,192,D2_minus_D1_brier_improvement,-0.003747104408910823,,,,
draw,193,D2_minus_D1_brier_improvement,-0.001454136964000069,,,,
draw,194,D2_minus_D1_brier_improvement,-0.0053435034206007759,,,,
draw,195,D2_minus_D1_brier_improvement,-0.00096808332366044025,,,,
draw,196,D2_minus_D1_brier_improvement,-0.0032290106995538359,,,,
draw,197,D2_minus_D1_brier_improvement,-0.0039286006115394623,,,,
draw,198,D2_minus_D1_brier_improvement,-0.0019421002987714542,,,,
draw,199,D2_minus_D1_brier_improvement,-0.0022115797473649945,,,,
draw,0,D2_minus_D1_log_loss_improvement,-0.011100612137756594,,,,
draw,1,D2_minus_D1_log_loss_improvement,-0.0061891400702366317,,,,
draw,2,D2_minus_D1_log_loss_improvement,-0.010906846894842448,,,,
draw,3,D2_minus_D1_log_loss_improvement,-0.0056338069750984099,,,,
draw,4,D2_minus_D1_log_loss_improvement,-0.0094135698844853843,,,,
draw,5,D2_minus_D1_log_loss_improvement,-0.0040827817558677371,,,,
draw,6,D2_minus_D1_log_loss_improvement,-0.013063795250939703,,,,
draw,7,D2_minus_D1_log_loss_improvement,-0.012512085522721095,,,,
draw,8,D2_minus_D1_log_loss_improvement,-0.010865311779350462,,,,
draw,9,D2_minus_D1_log_loss_improvement,-0.0033319378249574427,,,,
draw,10,D2_minus_D1_log_loss_improvement,-0.0017041217869021574,,,,
draw,11,D2_minus_D1_log_loss_improvement,-0.0066092719182073711,,,,
draw,12,D2_minus_D1_log_loss_improvement,-0.0072703815668937466,,,,
draw,13,D2_minus_D1_log_loss_improvement,-0.0078835892281188258,,,,
draw,14,D2_minus_D1_log_loss_improvement,-0.0074654763418086079,,,,
draw,15,D2_minus_D1_log_loss_improvement,-0.0083353167415572971,,,,
draw,16,D2_minus_D1_log_loss_improvement,-0.0061658207314577718,,,,
draw,17,D2_minus_D1_log_loss_improvement,-0.013268049694845629,,,,
draw,18,D2_minus_D1_log_loss_improvement,-0.0051466622101210557,,,,
draw,19,D2_minus_D1_log_loss_improvement,-0.012526167890206663,,,,
draw,20,D2_minus_D1_log_loss_improvement,-0.013514588089355684,,,,
draw,21,D2_minus_D1_log_loss_improvement,-0.011850083693339175,,,,
draw,22,D2_minus_D1_log_loss_improvement,-0.012328431646474458,,,,
draw,23,D2_minus_D1_log_loss_improvement,-0.0093180785379080033,,,,
draw,24,D2_minus_D1_log_loss_improvement,-0.010803943709272956,,,,
draw,25,D2_minus_D1_log_loss_improvement,-0.01638411610525714,,,,
draw,26,D2_minus_D1_log_loss_improvement,-0.0063339576937172515,,,,
draw,27,D2_minus_D1_log_loss_improvement,-0.00088197830118053044,,,,
draw,28,D2_minus_D1_log_loss_improvement,-0.0018133801435604724,,,,
draw,29,D2_minus_D1_log_loss_improvement,-0.0080281671040614011,,,,
draw,30,D2_minus_D1_log_loss_improvement,-0.0054352907570686115,,,,
draw,31,D2_minus_D1_log_loss_improvement,-0.0065711044749261482,,,,
draw,32,D2_minus_D1_log_loss_improvement,-0.01453401939910226,,,,
draw,33,D2_minus_D1_log_loss_improvement,-0.010327648464408146,,,,
draw,34,D2_minus_D1_log_loss_improvement,-0.01364388841313946,,,,
draw,35,D2_minus_D1_log_loss_improvement,-0.0047612329826342004,,,,
draw,36,D2_minus_D1_log_loss_improvement,-0.0084640337784607222,,,,
draw,37,D2_minus_D1_log_loss_improvement,-0.0081187870725296651,,,,
draw,38,D2_minus_D1_log_loss_improvement,-0.0034064144516244843,,,,
draw,39,D2_minus_D1_log_loss_improvement,-0.0028125871257351776,,,,
draw,40,D2_minus_D1_log_loss_improvement,-0.00551924964382422,,,,
draw,41,D2_minus_D1_log_loss_improvement,-0.015257220705447994,,,,
draw,42,D2_minus_D1_log_loss_improvement,-0.012452390555912851,,,,
draw,43,D2_minus_D1_log_loss_improvement,-0.010968755746833647,,,,
draw,44,D2_minus_D1_log_loss_improvement,-0.002152982695453165,,,,
draw,45,D2_minus_D1_log_loss_improvement,-0.010474748816626467,,,,
draw,46,D2_minus_D1_log_loss_improvement,-0.0019990213528272571,,,,
draw,47,D2_minus_D1_log_loss_improvement,-0.0071332637590137971,,,,
draw,48,D2_minus_D1_log_loss_improvement,-0.011685317779276838,,,,
draw,49,D2_minus_D1_log_loss_improvement,-0.0064979331244353622,,,,
draw,50,D2_minus_D1_log_loss_improvement,-0.0098201748147244139,,,,
draw,51,D2_minus_D1_log_loss_improvement,0.001444735931290464,,,,
draw,52,D2_minus_D1_log_loss_improvement,-0.011923479518464064,,,,
draw,53,D2_minus_D1_log_loss_improvement,-0.014118740113012063,,,,
draw,54,D2_minus_D1_log_loss_improvement,-0.016148015585284892,,,,
draw,55,D2_minus_D1_log_loss_improvement,-0.0011041581769212216,,,,
draw,56,D2_minus_D1_log_loss_improvement,-0.0067070270753593064,,,,
draw,57,D2_minus_D1_log_loss_improvement,-0.0053662936057287114,,,,
draw,58,D2_minus_D1_log_loss_improvement,-0.011102656806351252,,,,
draw,59,D2_minus_D1_log_loss_improvement,-0.011828635458607351,,,,
draw,60,D2_minus_D1_log_loss_improvement,-0.01537010192804511,,,,
draw,61,D2_minus_D1_log_loss_improvement,-0.014128374703569313,,,,
draw,62,D2_minus_D1_log_loss_improvement,-0.0041273002904725908,,,,
draw,63,D2_minus_D1_log_loss_improvement,0.00013531549063627857,,,,
draw,64,D2_minus_D1_log_loss_improvement,-0.0061854324106818126,,,,
draw,65,D2_minus_D1_log_loss_improvement,-0.0075355650156514464,,,,
draw,66,D2_minus_D1_log_loss_improvement,-0.0043727619114612981,,,,
draw,67,D2_minus_D1_log_loss_improvement,-0.006410333944616875,,,,
draw,68,D2_minus_D1_log_loss_improvement,-0.010981046074493683,,,,
draw,69,D2_minus_D1_log_loss_improvement,0.00091913648689878613,,,,
draw,70,D2_minus_D1_log_loss_improvement,-0.0080265026500935255,,,,
draw,71,D2_minus_D1_log_loss_improvement,-0.0071291155402319895,,,,
draw,72,D2_minus_D1_log_loss_improvement,-0.00542871484761831,,,,
draw,73,D2_minus_D1_log_loss_improvement,-0.015072088795548333,,,,
draw,74,D2_minus_D1_log_loss_improvement,-0.010531117372900134,,,,
draw,75,D2_minus_D1_log_loss_improvement,-0.0075158914955099076,,,,
draw,76,D2_minus_D1_log_loss_improvement,-0.0038868583139177737,,,,
draw,77,D2_minus_D1_log_loss_improvement,-0.0012964184819234115,,,,
draw,78,D2_minus_D1_log_loss_improvement,-0.0020677974149683198,,,,
draw,79,D2_minus_D1_log_loss_improvement,-0.0055210329938341074,,,,
draw,80,D2_minus_D1_log_loss_improvement,-0.014624977393577598,,,,
draw,81,D2_minus_D1_log_loss_improvement,-0.0040979712829571913,,,,
draw,82,D2_minus_D1_log_loss_improvement,-0.0099481312008081746,,,,
draw,83,D2_minus_D1_log_loss_improvement,-0.0027440193916602462,,,,
draw,84,D2_minus_D1_log_loss_improvement,-0.013819508971105954,,,,
draw,85,D2_minus_D1_log_loss_improvement,-0.014060999218166725,,,,
draw,86,D2_minus_D1_log_loss_improvement,-0.014113447582232208,,,,
draw,87,D2_minus_D1_log_loss_improvement,-0.006805105034642045,,,,
draw,88,D2_minus_D1_log_loss_improvement,-0.0023282467198932899,,,,
draw,89,D2_minus_D1_log_loss_improvement,-0.0069129231958048321,,,,
draw,90,D2_minus_D1_log_loss_improvement,-0.014872299391642141,,,,
draw,91,D2_minus_D1_log_loss_improvement,-0.0023973865695245955,,,,
draw,92,D2_minus_D1_log_loss_improvement,-0.011156463013671902,,,,
draw,93,D2_minus_D1_log_loss_improvement,-0.0042467297421771022,,,,
draw,94,D2_minus_D1_log_loss_improvement,-0.012279104483646219,,,,
draw,95,D2_minus_D1_log_loss_improvement,-0.0099661722143554732,,,,
draw,96,D2_minus_D1_log_loss_improvement,-0.015179501216080804,,,,
draw,97,D2_minus_D1_log_loss_improvement,-0.0049152570642696514,,,,
draw,98,D2_minus_D1_log_loss_improvement,-0.0043902602793425283,,,,
draw,99,D2_minus_D1_log_loss_improvement,-0.0089058013427212313,,,,
draw,100,D2_minus_D1_log_loss_improvement,-0.00045319009010480471,,,,
draw,101,D2_minus_D1_log_loss_improvement,0.00080943552559697984,,,,
draw,102,D2_minus_D1_log_loss_improvement,-0.0087201016006052123,,,,
draw,103,D2_minus_D1_log_loss_improvement,-0.018030679942168559,,,,
draw,104,D2_minus_D1_log_loss_improvement,-0.0070376204769572182,,,,
draw,105,D2_minus_D1_log_loss_improvement,-0.0065977534098133894,,,,
draw,106,D2_minus_D1_log_loss_improvement,-0.0038050215718904434,,,,
draw,107,D2_minus_D1_log_loss_improvement,-0.016186151592309406,,,,
draw,108,D2_minus_D1_log_loss_improvement,-0.0077558373135718783,,,,
draw,109,D2_minus_D1_log_loss_improvement,-0.006428437704956047,,,,
draw,110,D2_minus_D1_log_loss_improvement,-0.011737805980279514,,,,
draw,111,D2_minus_D1_log_loss_improvement,-0.016041204466817338,,,,
draw,112,D2_minus_D1_log_loss_improvement,-0.013258369565756545,,,,
draw,113,D2_minus_D1_log_loss_improvement,-0.016496532430763322,,,,
draw,114,D2_minus_D1_log_loss_improvement,-0.0055650231920817417,,,,
draw,115,D2_minus_D1_log_loss_improvement,-0.012231793367756039,,,,
draw,116,D2_minus_D1_log_loss_improvement,-0.00854452202031597,,,,
draw,117,D2_minus_D1_log_loss_improvement,-0.009038861498392059,,,,
draw,118,D2_minus_D1_log_loss_improvement,-0.0093759893181455389,,,,
draw,119,D2_minus_D1_log_loss_improvement,-0.0055717938454761251,,,,
draw,120,D2_minus_D1_log_loss_improvement,-0.010879995791729935,,,,
draw,121,D2_minus_D1_log_loss_improvement,-0.0040335850294809239,,,,
draw,122,D2_minus_D1_log_loss_improvement,-0.011811171610547344,,,,
draw,123,D2_minus_D1_log_loss_improvement,-0.0025344971128907767,,,,
draw,124,D2_minus_D1_log_loss_improvement,-0.0052657604741144226,,,,
draw,125,D2_minus_D1_log_loss_improvement,-0.014824136911456565,,,,
draw,126,D2_minus_D1_log_loss_improvement,-0.0020517339164852766,,,,
draw,127,D2_minus_D1_log_loss_improvement,-0.0051317136856994239,,,,
draw,128,D2_minus_D1_log_loss_improvement,-0.016408751469492722,,,,
draw,129,D2_minus_D1_log_loss_improvement,-0.010196779856596616,,,,
draw,130,D2_minus_D1_log_loss_improvement,-0.011094589750924366,,,,
draw,131,D2_minus_D1_log_loss_improvement,-0.011508490870640431,,,,
draw,132,D2_minus_D1_log_loss_improvement,-0.011978264404993721,,,,
draw,133,D2_minus_D1_log_loss_improvement,-0.014013240134479021,,,,
draw,134,D2_minus_D1_log_loss_improvement,-0.0078363554690054071,,,,
draw,135,D2_minus_D1_log_loss_improvement,-0.0052187451403724605,,,,
draw,136,D2_minus_D1_log_loss_improvement,-0.01381654689609535,,,,
draw,137,D2_minus_D1_log_loss_improvement,-0.017595683650278637,,,,
draw,138,D2_minus_D1_log_loss_improvement,-0.012104808519886934,,,,
draw,139,D2_minus_D1_log_loss_improvement,-0.016056543943037127,,,,
draw,140,D2_minus_D1_log_loss_improvement,-0.0071852835423403816,,,,
draw,141,D2_minus_D1_log_loss_improvement,-0.016122491110947434,,,,
draw,142,D2_minus_D1_log_loss_improvement,-0.013264903727918331,,,,
draw,143,D2_minus_D1_log_loss_improvement,-0.016450610273102018,,,,
draw,144,D2_minus_D1_log_loss_improvement,-0.015892562568948332,,,,
draw,145,D2_minus_D1_log_loss_improvement,-0.0015866888151288006,,,,
draw,146,D2_minus_D1_log_loss_improvement,-0.012849820926892463,,,,
draw,147,D2_minus_D1_log_loss_improvement,-0.0066651259630086113,,,,
draw,148,D2_minus_D1_log_loss_improvement,-0.011657870488526734,,,,
draw,149,D2_minus_D1_log_loss_improvement,-0.0054508580748823254,,,,
draw,150,D2_minus_D1_log_loss_improvement,-0.0043862159053026373,,,,
draw,151,D2_minus_D1_log_loss_improvement,-0.0069365800671603584,,,,
draw,152,D2_minus_D1_log_loss_improvement,-0.012552770809666547,,,,
draw,153,D2_minus_D1_log_loss_improvement,-0.0032244964221943562,,,,
draw,154,D2_minus_D1_log_loss_improvement,-0.0011792085466437729,,,,
draw,155,D2_minus_D1_log_loss_improvement,-0.0074451594233594376,,,,
draw,156,D2_minus_D1_log_loss_improvement,-0.0092158488610434297,,,,
draw,157,D2_minus_D1_log_loss_improvement,-0.0053498604235894254,,,,
draw,158,D2_minus_D1_log_loss_improvement,-0.0042775922211419903,,,,
draw,159,D2_minus_D1_log_loss_improvement,-0.0054426911399012567,,,,
draw,160,D2_minus_D1_log_loss_improvement,-0.0083772226347473833,,,,
draw,161,D2_minus_D1_log_loss_improvement,-0.0063996683608851246,,,,
draw,162,D2_minus_D1_log_loss_improvement,-0.014634296873762387,,,,
draw,163,D2_minus_D1_log_loss_improvement,-0.0054450415754944137,,,,
draw,164,D2_minus_D1_log_loss_improvement,-0.0062264158960902982,,,,
draw,165,D2_minus_D1_log_loss_improvement,-0.0057156199521309903,,,,
draw,166,D2_minus_D1_log_loss_improvement,-0.015670192929695959,,,,
draw,167,D2_minus_D1_log_loss_improvement,-0.0060591571560719704,,,,
draw,168,D2_minus_D1_log_loss_improvement,-0.0079017716548607231,,,,
draw,169,D2_minus_D1_log_loss_improvement,-0.00022358208957096171,,,,
draw,170,D2_minus_D1_log_loss_improvement,-0.0076459869707360406,,,,
draw,171,D2_minus_D1_log_loss_improvement,0.00084775141649162666,,,,
draw,172,D2_minus_D1_log_loss_improvement,-0.0017888245229883415,,,,
draw,173,D2_minus_D1_log_loss_improvement,-0.0080364040392649772,,,,
draw,174,D2_minus_D1_log_loss_improvement,-0.005578659615549042,,,,
draw,175,D2_minus_D1_log_loss_improvement,0.0033857279736427826,,,,
draw,176,D2_minus_D1_log_loss_improvement,-0.0093558409626440797,,,,
draw,177,D2_minus_D1_log_loss_improvement,-0.0062151120835342022,,,,
draw,178,D2_minus_D1_log_loss_improvement,0.00046863429721177852,,,,
draw,179,D2_minus_D1_log_loss_improvement,-0.0036383193726051699,,,,
draw,180,D2_minus_D1_log_loss_improvement,-0.012627068294961408,,,,
draw,181,D2_minus_D1_log_loss_improvement,-0.014200406762259865,,,,
draw,182,D2_minus_D1_log_loss_improvement,-0.012814536501195906,,,,
draw,183,D2_minus_D1_log_loss_improvement,-0.011712997330373343,,,,
draw,184,D2_minus_D1_log_loss_improvement,-0.00047262554289773107,,,,
draw,185,D2_minus_D1_log_loss_improvement,-0.014784861466178856,,,,
draw,186,D2_minus_D1_log_loss_improvement,-0.004959251237968143,,,,
draw,187,D2_minus_D1_log_loss_improvement,-0.014225130281103282,,,,
draw,188,D2_minus_D1_log_loss_improvement,-0.0087396503908828693,,,,
draw,189,D2_minus_D1_log_loss_improvement,-0.014372933084706219,,,,
draw,190,D2_minus_D1_log_loss_improvement,-0.016470247028260832,,,,
draw,191,D2_minus_D1_log_loss_improvement,-0.015652864522493148,,,,
draw,192,D2_minus_D1_log_loss_improvement,-0.008995060558228074,,,,
draw,193,D2_minus_D1_log_loss_improvement,-0.0034170990510161703,,,,
draw,194,D2_minus_D1_log_loss_improvement,-0.013163571285077613,,,,
draw,195,D2_minus_D1_log_loss_improvement,-0.0032598310600358005,,,,
draw,196,D2_minus_D1_log_loss_improvement,-0.0075351354137149773,,,,
draw,197,D2_minus_D1_log_loss_improvement,-0.0095094065638292591,,,,
draw,198,D2_minus_D1_log_loss_improvement,-0.0049674634485309399,,,,
draw,199,D2_minus_D1_log_loss_improvement,-0.0056789593280205386,,,,
draw,0,D3_minus_D2_brier_improvement,-0.0020476914041825389,,,,
draw,1,D3_minus_D2_brier_improvement,-0.0015321549950221836,,,,
draw,2,D3_minus_D2_brier_improvement,-0.0017871275898201366,,,,
draw,3,D3_minus_D2_brier_improvement,-0.0017038277371219102,,,,
draw,4,D3_minus_D2_brier_improvement,-0.0015271300344677496,,,,
draw,5,D3_minus_D2_brier_improvement,-0.0019565907671935112,,,,
draw,6,D3_minus_D2_brier_improvement,-0.0010880054668824246,,,,
draw,7,D3_minus_D2_brier_improvement,-0.00017977781441688712,,,,
draw,8,D3_minus_D2_brier_improvement,-0.0012899465541845734,,,,
draw,9,D3_minus_D2_brier_improvement,-0.0020242375478278229,,,,
draw,10,D3_minus_D2_brier_improvement,-0.0010645839729364615,,,,
draw,11,D3_minus_D2_brier_improvement,-0.0021074514247661491,,,,
draw,12,D3_minus_D2_brier_improvement,-0.00096235524993931731,,,,
draw,13,D3_minus_D2_brier_improvement,-0.00070863551029534677,,,,
draw,14,D3_minus_D2_brier_improvement,-0.0015814440328565382,,,,
draw,15,D3_minus_D2_brier_improvement,-1.9443942503860612e-06,,,,
draw,16,D3_minus_D2_brier_improvement,-0.0015684802269212705,,,,
draw,17,D3_minus_D2_brier_improvement,-0.0015116021370362165,,,,
draw,18,D3_minus_D2_brier_improvement,-0.0018936727437584289,,,,
draw,19,D3_minus_D2_brier_improvement,-0.00075413435874671642,,,,
draw,20,D3_minus_D2_brier_improvement,-0.0024126331085766728,,,,
draw,21,D3_minus_D2_brier_improvement,-0.0016336793895229129,,,,
draw,22,D3_minus_D2_brier_improvement,-0.0036945833976431697,,,,
draw,23,D3_minus_D2_brier_improvement,-0.0018877596390629581,,,,
draw,24,D3_minus_D2_brier_improvement,-0.00038946654406865622,,,,
draw,25,D3_minus_D2_brier_improvement,-0.0010561458228268705,,,,
draw,26,D3_minus_D2_brier_improvement,-0.0010614150963922653,,,,
draw,27,D3_minus_D2_brier_improvement,-0.002332415774449953,,,,
draw,28,D3_minus_D2_brier_improvement,-0.0011358643740153607,,,,
draw,29,D3_minus_D2_brier_improvement,-0.0021767585809364109,,,,
draw,30,D3_minus_D2_brier_improvement,-0.0011753462853024699,,,,
draw,31,D3_minus_D2_brier_improvement,-0.00261250189224288,,,,
draw,32,D3_minus_D2_brier_improvement,-0.0028229188168037989,,,,
draw,33,D3_minus_D2_brier_improvement,-0.0027931372778425834,,,,
draw,34,D3_minus_D2_brier_improvement,-0.0019569775636797959,,,,
draw,35,D3_minus_D2_brier_improvement,-0.001976722779779283,,,,
draw,36,D3_minus_D2_brier_improvement,-0.00049761397899361626,,,,
draw,37,D3_minus_D2_brier_improvement,-0.00063034704136732955,,,,
draw,38,D3_minus_D2_brier_improvement,-0.0018640136591642764,,,,
draw,39,D3_minus_D2_brier_improvement,-0.0020608800384899761,,,,
draw,40,D3_minus_D2_brier_improvement,-0.00063549258511041984,,,,
draw,41,D3_minus_D2_brier_improvement,-0.0022083731194979528,,,,
draw,42,D3_minus_D2_brier_improvement,-0.0016733992047808788,,,,
draw,43,D3_minus_D2_brier_improvement,-0.0013131323312562948,,,,
draw,44,D3_minus_D2_brier_improvement,-0.0012999734429276488,,,,
draw,45,D3_minus_D2_brier_improvement,-0.0014162899046686883,,,,
draw,46,D3_minus_D2_brier_improvement,-0.0012737506584091784,,,,
draw,47,D3_minus_D2_brier_improvement,-0.00078409694602427082,,,,
draw,48,D3_minus_D2_brier_improvement,-0.0019460083338821432,,,,
draw,49,D3_minus_D2_brier_improvement,-0.0018438200523518133,,,,
draw,50,D3_minus_D2_brier_improvement,-0.0029108825582086773,,,,
draw,51,D3_minus_D2_brier_improvement,-0.0013598136160695717,,,,
draw,52,D3_minus_D2_brier_improvement,-0.0010356757497124724,,,,
draw,53,D3_minus_D2_brier_improvement,-0.0029817362965247618,,,,
draw,54,D3_minus_D2_brier_improvement,-0.0002258278849324169,,,,
draw,55,D3_minus_D2_brier_improvement,-0.0026038731491844214,,,,
draw,56,D3_minus_D2_brier_improvement,-7.3304521518213761e-05,,,,
draw,57,D3_minus_D2_brier_improvement,-0.0010069121367812239,,,,
draw,58,D3_minus_D2_brier_improvement,-0.00076142409609858408,,,,
draw,59,D3_minus_D2_brier_improvement,-0.0022646620396695738,,,,
draw,60,D3_minus_D2_brier_improvement,-0.00020028011558814729,,,,
draw,61,D3_minus_D2_brier_improvement,-0.00045497425348256515,,,,
draw,62,D3_minus_D2_brier_improvement,-0.0015034346062870463,,,,
draw,63,D3_minus_D2_brier_improvement,-0.0011101083173221116,,,,
draw,64,D3_minus_D2_brier_improvement,-0.0022308600778588317,,,,
draw,65,D3_minus_D2_brier_improvement,-0.0016530362699619938,,,,
draw,66,D3_minus_D2_brier_improvement,-0.0015966040648347501,,,,
draw,67,D3_minus_D2_brier_improvement,-0.0012254470592400479,,,,
draw,68,D3_minus_D2_brier_improvement,-0.0012030125950150961,,,,
draw,69,D3_minus_D2_brier_improvement,-0.00047723022909867963,,,,
draw,70,D3_minus_D2_brier_improvement,-0.0008702326529595461,,,,
draw,71,D3_minus_D2_brier_improvement,-0.0025527834787306136,,,,
draw,72,D3_minus_D2_brier_improvement,-0.0018945555846250905,,,,
draw,73,D3_minus_D2_brier_improvement,-0.0016577164983723192,,,,
draw,74,D3_minus_D2_brier_improvement,-0.0010390383926149327,,,,
draw,75,D3_minus_D2_brier_improvement,-0.0022683305999432191,,,,
draw,76,D3_minus_D2_brier_improvement,-0.0020683842267680275,,,,
draw,77,D3_minus_D2_brier_improvement,-0.00030258169576968807,,,,
draw,78,D3_minus_D2_brier_improvement,-0.0016422590238638068,,,,
draw,79,D3_minus_D2_brier_improvement,-0.0010369364843101636,,,,
draw,80,D3_minus_D2_brier_improvement,-0.00091471246278979068,,,,
draw,81,D3_minus_D2_brier_improvement,-0.00084606821082747197,,,,
draw,82,D3_minus_D2_brier_improvement,-0.0030257232386225463,,,,
draw,83,D3_minus_D2_brier_improvement,-0.0011401508856269671,,,,
draw,84,D3_minus_D2_brier_improvement,-0.0015010042963427006,,,,
draw,85,D3_minus_D2_brier_improvement,-0.00091227660532278154,,,,
draw,86,D3_minus_D2_brier_improvement,-0.0017362674846173598,,,,
draw,87,D3_minus_D2_brier_improvement,-0.00061101448733097419,,,,
draw,88,D3_minus_D2_brier_improvement,-0.00019435585463317695,,,,
draw,89,D3_minus_D2_brier_improvement,-0.0015061510883049301,,,,
draw,90,D3_minus_D2_brier_improvement,-0.0025338805030957201,,,,
draw,91,D3_minus_D2_brier_improvement,-0.00035096996962946658,,,,
draw,92,D3_minus_D2_brier_improvement,-0.0021358300602660196,,,,
draw,93,D3_minus_D2_brier_improvement,-0.00065791708676293803,,,,
draw,94,D3_minus_D2_brier_improvement,-0.0029548408593377262,,,,
draw,95,D3_minus_D2_brier_improvement,-0.001410661855806572,,,,
draw,96,D3_minus_D2_brier_improvement,-0.0014684273191878927,,,,
draw,97,D3_minus_D2_brier_improvement,-0.0020446131469399054,,,,
draw,98,D3_minus_D2_brier_improvement,-0.0019540802880707031,,,,
draw,99,D3_minus_D2_brier_improvement,-0.0017378592086947919,,,,
draw,100,D3_minus_D2_brier_improvement,-0.00093260988728452454,,,,
draw,101,D3_minus_D2_brier_improvement,8.523295901063932e-05,,,,
draw,102,D3_minus_D2_brier_improvement,-0.0014735959790564968,,,,
draw,103,D3_minus_D2_brier_improvement,-0.0016648541531947836,,,,
draw,104,D3_minus_D2_brier_improvement,-0.0011932927503044977,,,,
draw,105,D3_minus_D2_brier_improvement,-0.00054653304378518563,,,,
draw,106,D3_minus_D2_brier_improvement,-0.000794029065852353,,,,
draw,107,D3_minus_D2_brier_improvement,-0.0016249763817867691,,,,
draw,108,D3_minus_D2_brier_improvement,-0.0020175089683704683,,,,
draw,109,D3_minus_D2_brier_improvement,-0.0014346127775888839,,,,
draw,110,D3_minus_D2_brier_improvement,-0.0028911243162697553,,,,
draw,111,D3_minus_D2_brier_improvement,-0.0006402107257104106,,,,
draw,112,D3_minus_D2_brier_improvement,-0.0032244524450104062,,,,
draw,113,D3_minus_D2_brier_improvement,-0.0018381905735504467,,,,
draw,114,D3_minus_D2_brier_improvement,-0.0015571739211174829,,,,
draw,115,D3_minus_D2_brier_improvement,-0.0010458629369965444,,,,
draw,116,D3_minus_D2_brier_improvement,-0.00082687302150036279,,,,
draw,117,D3_minus_D2_brier_improvement,-0.0012599408688621638,,,,
draw,118,D3_minus_D2_brier_improvement,-0.0010395907671910121,,,,
draw,119,D3_minus_D2_brier_improvement,-0.0013256374404733151,,,,
draw,120,D3_minus_D2_brier_improvement,-0.0015818233736087373,,,,
draw,121,D3_minus_D2_brier_improvement,-0.0025372281890729265,,,,
draw,122,D3_minus_D2_brier_improvement,-0.0013476669120960905,,,,
draw,123,D3_minus_D2_brier_improvement,-0.0012864638361415048,,,,
draw,124,D3_minus_D2_brier_improvement,-0.0018164504796530645,,,,
draw,125,D3_minus_D2_brier_improvement,-0.0030483555754595715,,,,
draw,126,D3_minus_D2_brier_improvement,-0.0019669573943431606,,,,
draw,127,D3_minus_D2_brier_improvement,-0.00066746816887389149,,,,
draw,128,D3_minus_D2_brier_improvement,-0.0018784758160684256,,,,
draw,129,D3_minus_D2_brier_improvement,-0.0013866371482677275,,,,
draw,130,D3_minus_D2_brier_improvement,-0.00023549073783851737,,,,
draw,131,D3_minus_D2_brier_improvement,-0.0015921403967068537,,,,
draw,132,D3_minus_D2_brier_improvement,-0.0014578889379129878,,,,
draw,133,D3_minus_D2_brier_improvement,-0.00040747427750115195,,,,
draw,134,D3_minus_D2_brier_improvement,-0.0011747349057572021,,,,
draw,135,D3_minus_D2_brier_improvement,-0.0023537922746079964,,,,
draw,136,D3_minus_D2_brier_improvement,-0.001589031440144939,,,,
draw,137,D3_minus_D2_brier_improvement,-0.002400234845582716,,,,
draw,138,D3_minus_D2_brier_improvement,-0.0016719546407034658,,,,
draw,139,D3_minus_D2_brier_improvement,-0.0009206214279036673,,,,
draw,140,D3_minus_D2_brier_improvement,-0.0012978897017867363,,,,
draw,141,D3_minus_D2_brier_improvement,-0.0019577191805197347,,,,
draw,142,D3_minus_D2_brier_improvement,-0.0020923200639798023,,,,
draw,143,D3_minus_D2_brier_improvement,-0.0015521540169976256,,,,
draw,144,D3_minus_D2_brier_improvement,-0.0013065349036199825,,,,
draw,145,D3_minus_D2_brier_improvement,-0.0019587872584578558,,,,
draw,146,D3_minus_D2_brier_improvement,-0.0011242614301143483,,,,
draw,147,D3_minus_D2_brier_improvement,-0.00032892228577657834,,,,
draw,148,D3_minus_D2_brier_improvement,-0.0019463357194731135,,,,
draw,149,D3_minus_D2_brier_improvement,-0.0014065375151112169,,,,
draw,150,D3_minus_D2_brier_improvement,-0.0018053389698549083,,,,
draw,151,D3_minus_D2_brier_improvement,-0.0018809660930155514,,,,
draw,152,D3_minus_D2_brier_improvement,-0.0015310755963530709,,,,
draw,153,D3_minus_D2_brier_improvement,-0.0018355850730864265,,,,
draw,154,D3_minus_D2_brier_improvement,-0.001222551768818525,,,,
draw,155,D3_minus_D2_brier_improvement,-0.0015106861083565293,,,,
draw,156,D3_minus_D2_brier_improvement,-0.0013739158687182118,,,,
draw,157,D3_minus_D2_brier_improvement,-0.0016320042182751959,,,,
draw,158,D3_minus_D2_brier_improvement,-0.0017715550028361282,,,,
draw,159,D3_minus_D2_brier_improvement,-0.0012068802649349841,,,,
draw,160,D3_minus_D2_brier_improvement,-0.0012783636541496834,,,,
draw,161,D3_minus_D2_brier_improvement,-0.0014324130280637115,,,,
draw,162,D3_minus_D2_brier_improvement,-0.0008252742053921347,,,,
draw,163,D3_minus_D2_brier_improvement,-0.0012242241939530163,,,,
draw,164,D3_minus_D2_brier_improvement,-0.0017055935616302476,,,,
draw,165,D3_minus_D2_brier_improvement,-0.0021538181060655748,,,,
draw,166,D3_minus_D2_brier_improvement,-0.0016441778093700399,,,,
draw,167,D3_minus_D2_brier_improvement,-0.001411175657215602,,,,
draw,168,D3_minus_D2_brier_improvement,-0.0023964456521080035,,,,
draw,169,D3_minus_D2_brier_improvement,-0.0016503368131264573,,,,
draw,170,D3_minus_D2_brier_improvement,-0.000920136946722383,,,,
draw,171,D3_minus_D2_brier_improvement,-0.0010737490457133902,,,,
draw,172,D3_minus_D2_brier_improvement,-0.002049568922306455,,,,
draw,173,D3_minus_D2_brier_improvement,-0.00042992755220519485,,,,
draw,174,D3_minus_D2_brier_improvement,-0.0020641471808164891,,,,
draw,175,D3_minus_D2_brier_improvement,-0.00038196229915068991,,,,
draw,176,D3_minus_D2_brier_improvement,-0.00166979589250843,,,,
draw,177,D3_minus_D2_brier_improvement,-0.00083061685004226504,,,,
draw,178,D3_minus_D2_brier_improvement,-0.0013992618813224722,,,,
draw,179,D3_minus_D2_brier_improvement,0.00018992055835281851,,,,
draw,180,D3_minus_D2_brier_improvement,-0.0017799022705404233,,,,
draw,181,D3_minus_D2_brier_improvement,-0.0013076208096682307,,,,
draw,182,D3_minus_D2_brier_improvement,-0.00082244543470760823,,,,
draw,183,D3_minus_D2_brier_improvement,-0.0015026395017716243,,,,
draw,184,D3_minus_D2_brier_improvement,-0.00069383589246008182,,,,
draw,185,D3_minus_D2_brier_improvement,-0.0011181191071850116,,,,
draw,186,D3_minus_D2_brier_improvement,-0.00070513484399636894,,,,
draw,187,D3_minus_D2_brier_improvement,-0.00090785768380058363,,,,
draw,188,D3_minus_D2_brier_improvement,-0.0023839587387810002,,,,
draw,189,D3_minus_D2_brier_improvement,-0.0021396039763669772,,,,
draw,190,D3_minus_D2_brier_improvement,-0.0012685451363720901,,,,
draw,191,D3_minus_D2_brier_improvement,-0.00081359569690875322,,,,
draw,192,D3_minus_D2_brier_improvement,-0.002459034569115337,,,,
draw,193,D3_minus_D2_brier_improvement,-0.000709624768348599,,,,
draw,194,D3_minus_D2_brier_improvement,-0.001788353248740937,,,,
draw,195,D3_minus_D2_brier_improvement,-0.0011635348161751491,,,,
draw,196,D3_minus_D2_brier_improvement,-0.0020221073772545561,,,,
draw,197,D3_minus_D2_brier_improvement,-0.002404806190762776,,,,
draw,198,D3_minus_D2_brier_improvement,-0.0016630783124659265,,,,
draw,199,D3_minus_D2_brier_improvement,-0.0023026200170452593,,,,
draw,0,P2_minus_P1_brier_improvement,0.0011888126004122312,,,,
draw,1,P2_minus_P1_brier_improvement,0.00095227291178598406,,,,
draw,2,P2_minus_P1_brier_improvement,0.00071912540344082343,,,,
draw,3,P2_minus_P1_brier_improvement,0.0014520295604597833,,,,
draw,4,P2_minus_P1_brier_improvement,0.002183821234527511,,,,
draw,5,P2_minus_P1_brier_improvement,0.0018021175418019841,,,,
draw,6,P2_minus_P1_brier_improvement,0.0017198400313780116,,,,
draw,7,P2_minus_P1_brier_improvement,0.001251086274666191,,,,
draw,8,P2_minus_P1_brier_improvement,0.001559812715126202,,,,
draw,9,P2_minus_P1_brier_improvement,0.0012197355335770155,,,,
draw,10,P2_minus_P1_brier_improvement,0.00029571521475871276,,,,
draw,11,P2_minus_P1_brier_improvement,0.0026120175427899184,,,,
draw,12,P2_minus_P1_brier_improvement,0.0023867791896897972,,,,
draw,13,P2_minus_P1_brier_improvement,0.0015584441381591985,,,,
draw,14,P2_minus_P1_brier_improvement,0.0014687233849888792,,,,
draw,15,P2_minus_P1_brier_improvement,0.0016079694243488485,,,,
draw,16,P2_minus_P1_brier_improvement,0.00053844609016168166,,,,
draw,17,P2_minus_P1_brier_improvement,0.00083271133261905717,,,,
draw,18,P2_minus_P1_brier_improvement,0.0022180899358789918,,,,
draw,19,P2_minus_P1_brier_improvement,6.4790933244768256e-05,,,,
draw,20,P2_minus_P1_brier_improvement,0.0013964253447432962,,,,
draw,21,P2_minus_P1_brier_improvement,0.0020617061243259349,,,,
draw,22,P2_minus_P1_brier_improvement,0.0019410731995012642,,,,
draw,23,P2_minus_P1_brier_improvement,-0.00012217623094243346,,,,
draw,24,P2_minus_P1_brier_improvement,0.0023963081999121005,,,,
draw,25,P2_minus_P1_brier_improvement,0.00027160447896998341,,,,
draw,26,P2_minus_P1_brier_improvement,0.0010535597139574304,,,,
draw,27,P2_minus_P1_brier_improvement,0.0010326738792152679,,,,
draw,28,P2_minus_P1_brier_improvement,0.0010722495871022808,,,,
draw,29,P2_minus_P1_brier_improvement,0.00020178366519782442,,,,
draw,30,P2_minus_P1_brier_improvement,0.0011936698768788001,,,,
draw,31,P2_minus_P1_brier_improvement,0.00075312021810391983,,,,
draw,32,P2_minus_P1_brier_improvement,0.00022412127527399184,,,,
draw,33,P2_minus_P1_brier_improvement,0.00066634086377742596,,,,
draw,34,P2_minus_P1_brier_improvement,0.0021435986794403894,,,,
draw,35,P2_minus_P1_brier_improvement,0.001025743235039428,,,,
draw,36,P2_minus_P1_brier_improvement,0.00066340626770544642,,,,
draw,37,P2_minus_P1_brier_improvement,0.00083664446903256029,,,,
draw,38,P2_minus_P1_brier_improvement,0.0010675468531201326,,,,
draw,39,P2_minus_P1_brier_improvement,0.0012577734447704048,,,,
draw,40,P2_minus_P1_brier_improvement,0.0002195666705438748,,,,
draw,41,P2_minus_P1_brier_improvement,0.0011932911051121264,,,,
draw,42,P2_minus_P1_brier_improvement,0.0030222488081706467,,,,
draw,43,P2_minus_P1_brier_improvement,0.0012833633582672588,,,,
draw,44,P2_minus_P1_brier_improvement,0.0017371695237777263,,,,
draw,45,P2_minus_P1_brier_improvement,0.00027659835776802644,,,,
draw,46,P2_minus_P1_brier_improvement,0.0028519964802371234,,,,
draw,47,P2_minus_P1_brier_improvement,0.0025413227672103356,,,,
draw,48,P2_minus_P1_brier_improvement,0.0016172901070312939,,,,
draw,49,P2_minus_P1_brier_improvement,0.0015644465210582492,,,,
draw,50,P2_minus_P1_brier_improvement,0.001261960141243218,,,,
draw,51,P2_minus_P1_brier_improvement,0.00090461489136367534,,,,
draw,52,P2_minus_P1_brier_improvement,3.5937109806094547e-05,,,,
draw,53,P2_minus_P1_brier_improvement,0.00088523148501085114,,,,
draw,54,P2_minus_P1_brier_improvement,0.00047663198035180487,,,,
draw,55,P2_minus_P1_brier_improvement,0.00090800269753180118,,,,
draw,56,P2_minus_P1_brier_improvement,0.001095732480640238,,,,
draw,57,P2_minus_P1_brier_improvement,0.0017322201871881604,,,,
draw,58,P2_minus_P1_brier_improvement,0.0010016609395921139,,,,
draw,59,P2_minus_P1_brier_improvement,0.001153717169553925,,,,
draw,60,P2_minus_P1_brier_improvement,0.00024157517323383781,,,,
draw,61,P2_minus_P1_brier_improvement,0.00034600901088449598,,,,
draw,62,P2_minus_P1_brier_improvement,0.0020628029671385384,,,,
draw,63,P2_minus_P1_brier_improvement,-0.00052858384977147455,,,,
draw,64,P2_minus_P1_brier_improvement,0.0014652875614549477,,,,
draw,65,P2_minus_P1_brier_improvement,0.0015096703629115527,,,,
draw,66,P2_minus_P1_brier_improvement,0.00070555505681649255,,,,
draw,67,P2_minus_P1_brier_improvement,0.0011203442772325101,,,,
draw,68,P2_minus_P1_brier_improvement,0.00079506207970167497,,,,
draw,69,P2_minus_P1_brier_improvement,0.0014667651015735916,,,,
draw,70,P2_minus_P1_brier_improvement,0.0010154668815738344,,,,
draw,71,P2_minus_P1_brier_improvement,0.0019160955731828411,,,,
draw,72,P2_minus_P1_brier_improvement,0.00099286123871356047,,,,
draw,73,P2_minus_P1_brier_improvement,0.002021096477804879,,,,
draw,74,P2_minus_P1_brier_improvement,0.0006072407286164816,,,,
draw,75,P2_minus_P1_brier_improvement,0.0014581147891767621,,,,
draw,76,P2_minus_P1_brier_improvement,0.0010587126629007515,,,,
draw,77,P2_minus_P1_brier_improvement,0.0032667956622072225,,,,
draw,78,P2_minus_P1_brier_improvement,0.0014954073059532391,,,,
draw,79,P2_minus_P1_brier_improvement,0.0012156214410881383,,,,
draw,80,P2_minus_P1_brier_improvement,0.0011661318044382252,,,,
draw,81,P2_minus_P1_brier_improvement,0.0028407224109087137,,,,
draw,82,P2_minus_P1_brier_improvement,0.0010182237978985098,,,,
draw,83,P2_minus_P1_brier_improvement,0.00095593698914961389,,,,
draw,84,P2_minus_P1_brier_improvement,0.0014054561992453696,,,,
draw,85,P2_minus_P1_brier_improvement,0.0014795230504356105,,,,
draw,86,P2_minus_P1_brier_improvement,0.0012573923004361165,,,,
draw,87,P2_minus_P1_brier_improvement,0.0013615137547084433,,,,
draw,88,P2_minus_P1_brier_improvement,0.0015467514716309416,,,,
draw,89,P2_minus_P1_brier_improvement,0.0009153920349947442,,,,
draw,90,P2_minus_P1_brier_improvement,0.00079914870823244444,,,,
draw,91,P2_minus_P1_brier_improvement,0.001583026484123895,,,,
draw,92,P2_minus_P1_brier_improvement,0.00016406514773648073,,,,
draw,93,P2_minus_P1_brier_improvement,0.001314768201000821,,,,
draw,94,P2_minus_P1_brier_improvement,0.0021535257401198715,,,,
draw,95,P2_minus_P1_brier_improvement,0.0015024448444097838,,,,
draw,96,P2_minus_P1_brier_improvement,0.0015188969571064415,,,,
draw,97,P2_minus_P1_brier_improvement,0.00031350943393704256,,,,
draw,98,P2_minus_P1_brier_improvement,0.00047848167449970891,,,,
draw,99,P2_minus_P1_brier_improvement,0.0012416901553714277,,,,
draw,100,P2_minus_P1_brier_improvement,0.00054492928197216739,,,,
draw,101,P2_minus_P1_brier_improvement,0.00087075138938338958,,,,
draw,102,P2_minus_P1_brier_improvement,0.00028199180145035974,,,,
draw,103,P2_minus_P1_brier_improvement,-0.00024373130637656004,,,,
draw,104,P2_minus_P1_brier_improvement,0.0021140756752251189,,,,
draw,105,P2_minus_P1_brier_improvement,0.0014730653816182049,,,,
draw,106,P2_minus_P1_brier_improvement,-0.00070497831149388124,,,,
draw,107,P2_minus_P1_brier_improvement,0.00081347004950607649,,,,
draw,108,P2_minus_P1_brier_improvement,0.00068027874848772263,,,,
draw,109,P2_minus_P1_brier_improvement,0.00071658651033024157,,,,
draw,110,P2_minus_P1_brier_improvement,0.0013077636389884906,,,,
draw,111,P2_minus_P1_brier_improvement,-6.9311768027296994e-05,,,,
draw,112,P2_minus_P1_brier_improvement,0.00051540205834715858,,,,
draw,113,P2_minus_P1_brier_improvement,0.00068193676097005884,,,,
draw,114,P2_minus_P1_brier_improvement,0.00160491182463815,,,,
draw,115,P2_minus_P1_brier_improvement,0.00076759969387221738,,,,
draw,116,P2_minus_P1_brier_improvement,0.00025248369926053615,,,,
draw,117,P2_minus_P1_brier_improvement,0.0015487263587863342,,,,
draw,118,P2_minus_P1_brier_improvement,0.0011803742274643925,,,,
draw,119,P2_minus_P1_brier_improvement,0.0016230405288127081,,,,
draw,120,P2_minus_P1_brier_improvement,0.0010656802416898759,,,,
draw,121,P2_minus_P1_brier_improvement,0.00080668848136944415,,,,
draw,122,P2_minus_P1_brier_improvement,0.0004209839370188373,,,,
draw,123,P2_minus_P1_brier_improvement,0.0017146624283955747,,,,
draw,124,P2_minus_P1_brier_improvement,0.001190203912456167,,,,
draw,125,P2_minus_P1_brier_improvement,0.0012465467247210482,,,,
draw,126,P2_minus_P1_brier_improvement,0.0029011839500110437,,,,
draw,127,P2_minus_P1_brier_improvement,0.0010827025544157542,,,,
draw,128,P2_minus_P1_brier_improvement,0.001428952039596032,,,,
draw,129,P2_minus_P1_brier_improvement,0.00097298404274132055,,,,
draw,130,P2_minus_P1_brier_improvement,0.0011953096030715982,,,,
draw,131,P2_minus_P1_brier_improvement,0.0011655698134700465,,,,
draw,132,P2_minus_P1_brier_improvement,0.00090985664375861641,,,,
draw,133,P2_minus_P1_brier_improvement,0.00024866958000419048,,,,
draw,134,P2_minus_P1_brier_improvement,-0.00064409302851795025,,,,
draw,135,P2_minus_P1_brier_improvement,0.00030264312475966615,,,,
draw,136,P2_minus_P1_brier_improvement,0.0013903171022582039,,,,
draw,137,P2_minus_P1_brier_improvement,7.8221231335606767e-05,,,,
draw,138,P2_minus_P1_brier_improvement,0.00095973940962709725,,,,
draw,139,P2_minus_P1_brier_improvement,0.0024058913781911939,,,,
draw,140,P2_minus_P1_brier_improvement,0.0013743483043847093,,,,
draw,141,P2_minus_P1_brier_improvement,-0.00028675283263879248,,,,
draw,142,P2_minus_P1_brier_improvement,0.0010779313780434341,,,,
draw,143,P2_minus_P1_brier_improvement,0.00063670607402604995,,,,
draw,144,P2_minus_P1_brier_improvement,0.0013181685942477428,,,,
draw,145,P2_minus_P1_brier_improvement,0.0027257237530813883,,,,
draw,146,P2_minus_P1_brier_improvement,0.00050019516478103099,,,,
draw,147,P2_minus_P1_brier_improvement,0.00080317248618233528,,,,
draw,148,P2_minus_P1_brier_improvement,0.0022605168971146783,,,,
draw,149,P2_minus_P1_brier_improvement,0.0018772952305838031,,,,
draw,150,P2_minus_P1_brier_improvement,0.00074017110039761858,,,,
draw,151,P2_minus_P1_brier_improvement,0.0016682806088438584,,,,
draw,152,P2_minus_P1_brier_improvement,0.00181105897330891,,,,
draw,153,P2_minus_P1_brier_improvement,0.0020051179820342324,,,,
draw,154,P2_minus_P1_brier_improvement,0.0015133773942190842,,,,
draw,155,P2_minus_P1_brier_improvement,0.0010064705371284344,,,,
draw,156,P2_minus_P1_brier_improvement,0.00015339353405138811,,,,
draw,157,P2_minus_P1_brier_improvement,0.0025584391376231586,,,,
draw,158,P2_minus_P1_brier_improvement,0.0012100892296830479,,,,
draw,159,P2_minus_P1_brier_improvement,0.0023350332614706093,,,,
draw,160,P2_minus_P1_brier_improvement,0.0002401273119019276,,,,
draw,161,P2_minus_P1_brier_improvement,0.00026302375295861324,,,,
draw,162,P2_minus_P1_brier_improvement,-3.6217319258513569e-05,,,,
draw,163,P2_minus_P1_brier_improvement,0.0011624102841184814,,,,
draw,164,P2_minus_P1_brier_improvement,-0.0003454816694660745,,,,
draw,165,P2_minus_P1_brier_improvement,0.0011674623435825315,,,,
draw,166,P2_minus_P1_brier_improvement,0.00071108950200479693,,,,
draw,167,P2_minus_P1_brier_improvement,0.0011548796521934912,,,,
draw,168,P2_minus_P1_brier_improvement,0.0011137529493458476,,,,
draw,169,P2_minus_P1_brier_improvement,0.0010857447540891518,,,,
draw,170,P2_minus_P1_brier_improvement,0.00050746976918158992,,,,
draw,171,P2_minus_P1_brier_improvement,0.0014343494536547818,,,,
draw,172,P2_minus_P1_brier_improvement,0.0014042039747834412,,,,
draw,173,P2_minus_P1_brier_improvement,-4.4887596784087824e-05,,,,
draw,174,P2_minus_P1_brier_improvement,0.0017316242837477624,,,,
draw,175,P2_minus_P1_brier_improvement,0.00070017515863790569,,,,
draw,176,P2_minus_P1_brier_improvement,0.0020769980291769907,,,,
draw,177,P2_minus_P1_brier_improvement,0.0018439656403843041,,,,
draw,178,P2_minus_P1_brier_improvement,0.0016785850709880035,,,,
draw,179,P2_minus_P1_brier_improvement,0.0012776105188117837,,,,
draw,180,P2_minus_P1_brier_improvement,0.0010092489006879035,,,,
draw,181,P2_minus_P1_brier_improvement,0.0013108093724822634,,,,
draw,182,P2_minus_P1_brier_improvement,0.00064530364555084874,,,,
draw,183,P2_minus_P1_brier_improvement,0.0025313425958868874,,,,
draw,184,P2_minus_P1_brier_improvement,-0.0002394600743177433,,,,
draw,185,P2_minus_P1_brier_improvement,0.00067914589826495453,,,,
draw,186,P2_minus_P1_brier_improvement,0.00053533277667619505,,,,
draw,187,P2_minus_P1_brier_improvement,0.0019415332713184907,,,,
draw,188,P2_minus_P1_brier_improvement,0.00085603935650196972,,,,
draw,189,P2_minus_P1_brier_improvement,0.0010228970602552123,,,,
draw,190,P2_minus_P1_brier_improvement,0.00050395539235081888,,,,
draw,191,P2_minus_P1_brier_improvement,0.00028537500532307969,,,,
draw,192,P2_minus_P1_brier_improvement,0.0018953547932554216,,,,
draw,193,P2_minus_P1_brier_improvement,0.001632500271823295,,,,
draw,194,P2_minus_P1_brier_improvement,0.00016937432425548349,,,,
draw,195,P2_minus_P1_brier_improvement,0.00047746992133010369,,,,
draw,196,P2_minus_P1_brier_improvement,0.0013596528174334988,,,,
draw,197,P2_minus_P1_brier_improvement,0.0014311127286870673,,,,
draw,198,P2_minus_P1_brier_improvement,0.0016568048400511792,,,,
draw,199,P2_minus_P1_brier_improvement,0.0010325730992622184,,,,
draw,0,P2_minus_P1_log_loss_improvement,0.0062703895189631931,,,,
draw,1,P2_minus_P1_log_loss_improvement,0.0043112072844093685,,,,
draw,2,P2_minus_P1_log_loss_improvement,0.0049713562036513559,,,,
draw,3,P2_minus_P1_log_loss_improvement,0.0062989909653369813,,,,
draw,4,P2_minus_P1_log_loss_improvement,0.0095957597305650899,,,,
draw,5,P2_minus_P1_log_loss_improvement,0.0078340263172820834,,,,
draw,6,P2_minus_P1_log_loss_improvement,0.0066904818531992039,,,,
draw,7,P2_minus_P1_log_loss_improvement,0.0047816985659909772,,,,
draw,8,P2_minus_P1_log_loss_improvement,0.0063656559930027057,,,,
draw,9,P2_minus_P1_log_loss_improvement,0.0069735833295979655,,,,
draw,10,P2_minus_P1_log_loss_improvement,0.0044580022174608436,,,,
draw,11,P2_minus_P1_log_loss_improvement,0.0094462118206816714,,,,
draw,12,P2_minus_P1_log_loss_improvement,0.008297783297457062,,,,
draw,13,P2_minus_P1_log_loss_improvement,0.0068797152217635604,,,,
draw,14,P2_minus_P1_log_loss_improvement,0.0067790542498188944,,,,
draw,15,P2_minus_P1_log_loss_improvement,0.0050053705106679613,,,,
draw,16,P2_minus_P1_log_loss_improvement,0.0031175120840079007,,,,
draw,17,P2_minus_P1_log_loss_improvement,0.0047925231852932182,,,,
draw,18,P2_minus_P1_log_loss_improvement,0.0085753411607289443,,,,
draw,19,P2_minus_P1_log_loss_improvement,0.0012189519022914874,,,,
draw,20,P2_minus_P1_log_loss_improvement,0.006975446250483075,,,,
draw,21,P2_minus_P1_log_loss_improvement,0.0068072733930233387,,,,
draw,22,P2_minus_P1_log_loss_improvement,0.0086160100635494508,,,,
draw,23,P2_minus_P1_log_loss_improvement,0.0010465592413366198,,,,
draw,24,P2_minus_P1_log_loss_improvement,0.0085459075905714998,,,,
draw,25,P2_minus_P1_log_loss_improvement,0.0027282748436228133,,,,
draw,26,P2_minus_P1_log_loss_improvement,0.0070586228176191534,,,,
draw,27,P2_minus_P1_log_loss_improvement,0.0054914761637945286,,,,
draw,28,P2_minus_P1_log_loss_improvement,0.0042337857209473473,,,,
draw,29,P2_minus_P1_log_loss_improvement,0.0028997967137501801,,,,
draw,30,P2_minus_P1_log_loss_improvement,0.0059722197085315121,,,,
draw,31,P2_minus_P1_log_loss_improvement,0.0053678205600339313,,,,
draw,32,P2_minus_P1_log_loss_improvement,0.0016705372030899612,,,,
draw,33,P2_minus_P1_log_loss_improvement,0.0056246007289111888,,,,
draw,34,P2_minus_P1_log_loss_improvement,0.0081562482417887883,,,,
draw,35,P2_minus_P1_log_loss_improvement,0.0059213104511253722,,,,
draw,36,P2_minus_P1_log_loss_improvement,0.0040630604750865329,,,,
draw,37,P2_minus_P1_log_loss_improvement,0.0047304838185407427,,,,
draw,38,P2_minus_P1_log_loss_improvement,0.0052396407360635333,,,,
draw,39,P2_minus_P1_log_loss_improvement,0.0054496356891127196,,,,
draw,40,P2_minus_P1_log_loss_improvement,0.002153365530632112,,,,
draw,41,P2_minus_P1_log_loss_improvement,0.0056184186182262064,,,,
draw,42,P2_minus_P1_log_loss_improvement,0.010962153032965605,,,,
draw,43,P2_minus_P1_log_loss_improvement,0.0062541233512092842,,,,
draw,44,P2_minus_P1_log_loss_improvement,0.0063569103145830752,,,,
draw,45,P2_minus_P1_log_loss_improvement,0.0035521498938140827,,,,
draw,46,P2_minus_P1_log_loss_improvement,0.011343652159488404,,,,
draw,47,P2_minus_P1_log_loss_improvement,0.010279416686746867,,,,
draw,48,P2_minus_P1_log_loss_improvement,0.0061629735894577209,,,,
draw,49,P2_minus_P1_log_loss_improvement,0.0070886682716011506,,,,
draw,50,P2_minus_P1_log_loss_improvement,0.0074512816285002281,,,,
draw,51,P2_minus_P1_log_loss_improvement,0.0050867700789390957,,,,
draw,52,P2_minus_P1_log_loss_improvement,0.0021944867459088857,,,,
draw,53,P2_minus_P1_log_loss_improvement,0.0051058560606502268,,,,
draw,54,P2_minus_P1_log_loss_improvement,0.0045845739097802873,,,,
draw,55,P2_minus_P1_log_loss_improvement,0.0052888149151788522,,,,
draw,56,P2_minus_P1_log_loss_improvement,0.0044922768688090975,,,,
draw,57,P2_minus_P1_log_loss_improvement,0.0071248653812379104,,,,
draw,58,P2_minus_P1_log_loss_improvement,0.0053393799355163085,,,,
draw,59,P2_minus_P1_log_loss_improvement,0.0064286413897726158,,,,
draw,60,P2_minus_P1_log_loss_improvement,0.0014714675696937962,,,,
draw,61,P2_minus_P1_log_loss_improvement,0.0030566638574204275,,,,
draw,62,P2_minus_P1_log_loss_improvement,0.0087337073147951139,,,,
draw,63,P2_minus_P1_log_loss_improvement,0.0010882371851295147,,,,
draw,64,P2_minus_P1_log_loss_improvement,0.0059672362714206506,,,,
draw,65,P2_minus_P1_log_loss_improvement,0.0078194002244978966,,,,
draw,66,P2_minus_P1_log_loss_improvement,0.0038900203656946353,,,,
draw,67,P2_minus_P1_log_loss_improvement,0.0041607476193427084,,,,
draw,68,P2_minus_P1_log_loss_improvement,0.0054516410625292666,,,,
draw,69,P2_minus_P1_log_loss_improvement,0.0077151049129365878,,,,
draw,70,P2_minus_P1_log_loss_improvement,0.0050215520336178154,,,,
draw,71,P2_minus_P1_log_loss_improvement,0.009030900176464407,,,,
draw,72,P2_minus_P1_log_loss_improvement,0.0049824520919990456,,,,
draw,73,P2_minus_P1_log_loss_improvement,0.0085386473641263505,,,,
draw,74,P2_minus_P1_log_loss_improvement,0.0039389253735671037,,,,
draw,75,P2_minus_P1_log_loss_improvement,0.0065042111695409188,,,,
draw,76,P2_minus_P1_log_loss_improvement,0.0047228636031614313,,,,
draw,77,P2_minus_P1_log_loss_improvement,0.0095758326682920392,,,,
draw,78,P2_minus_P1_log_loss_improvement,0.0084386232223091495,,,,
draw,79,P2_minus_P1_log_loss_improvement,0.0066337073217839215,,,,
draw,80,P2_minus_P1_log_loss_improvement,0.0055001134893019055,,,,
draw,81,P2_minus_P1_log_loss_improvement,0.010143984636313108,,,,
draw,82,P2_minus_P1_log_loss_improvement,0.0053576172216422413,,,,
draw,83,P2_minus_P1_log_loss_improvement,0.0044066634202447053,,,,
draw,84,P2_minus_P1_log_loss_improvement,0.0053156265483031984,,,,
draw,85,P2_minus_P1_log_loss_improvement,0.0072400105840015883,,,,
draw,86,P2_minus_P1_log_loss_improvement,0.0053915660600447057,,,,
draw,87,P2_minus_P1_log_loss_improvement,0.004856965332824148,,,,
draw,88,P2_minus_P1_log_loss_improvement,0.0081355035162739009,,,,
draw,89,P2_minus_P1_log_loss_improvement,0.0050714490107385823,,,,
draw,90,P2_minus_P1_log_loss_improvement,0.0044682885963965857,,,,
draw,91,P2_minus_P1_log_loss_improvement,0.0064964844186934378,,,,
draw,92,P2_minus_P1_log_loss_improvement,0.0046786443735543082,,,,
draw,93,P2_minus_P1_log_loss_improvement,0.0053137576489529215,,,,
draw,94,P2_minus_P1_log_loss_improvement,0.0085525990411532415,,,,
draw,95,P2_minus_P1_log_loss_improvement,0.0065937351056375437,,,,
draw,96,P2_minus_P1_log_loss_improvement,0.0081477900551942817,,,,
draw,97,P2_minus_P1_log_loss_improvement,0.0038710708405892968,,,,
draw,98,P2_minus_P1_log_loss_improvement,0.0041746817505785572,,,,
draw,99,P2_minus_P1_log_loss_improvement,0.0058167748742492531,,,,
draw,100,P2_minus_P1_log_loss_improvement,0.0034160008169802913,,,,
draw,101,P2_minus_P1_log_loss_improvement,0.0042689993367610035,,,,
draw,102,P2_minus_P1_log_loss_improvement,0.0029511132705826171,,,,
draw,103,P2_minus_P1_log_loss_improvement,0.0013780325328309195,,,,
draw,104,P2_minus_P1_log_loss_improvement,0.007130856217446746,,,,
draw,105,P2_minus_P1_log_loss_improvement,0.0070019021915773694,,,,
draw,106,P2_minus_P1_log_loss_improvement,0.00033235239061962796,,,,
draw,107,P2_minus_P1_log_loss_improvement,0.0048468438313375439,,,,
draw,108,P2_minus_P1_log_loss_improvement,0.0042935081195821234,,,,
draw,109,P2_minus_P1_log_loss_improvement,0.0030866008131867906,,,,
draw,110,P2_minus_P1_log_loss_improvement,0.0068993703414410024,,,,
draw,111,P2_minus_P1_log_loss_improvement,0.0022683204054029793,,,,
draw,112,P2_minus_P1_log_loss_improvement,0.0041938361023123871,,,,
draw,113,P2_minus_P1_log_loss_improvement,0.0046144337459401163,,,,
draw,114,P2_minus_P1_log_loss_improvement,0.0069908831548828321,,,,
draw,115,P2_minus_P1_log_loss_improvement,0.0050857314123227138,,,,
draw,116,P2_minus_P1_log_loss_improvement,0.0022161528772969841,,,,
draw,117,P2_minus_P1_log_loss_improvement,0.0066918176244546435,,,,
draw,118,P2_minus_P1_log_loss_improvement,0.0058115558311858106,,,,
draw,119,P2_minus_P1_log_loss_improvement,0.0060464486972994225,,,,
draw,120,P2_minus_P1_log_loss_improvement,0.0057217570477495761,,,,
draw,121,P2_minus_P1_log_loss_improvement,0.0052659319050159525,,,,
draw,122,P2_minus_P1_log_loss_improvement,0.0043337934508350662,,,,
draw,123,P2_minus_P1_log_loss_improvement,0.0067100305493112966,,,,
draw,124,P2_minus_P1_log_loss_improvement,0.0050337451764809193,,,,
draw,125,P2_minus_P1_log_loss_improvement,0.0073868300505007256,,,,
draw,126,P2_minus_P1_log_loss_improvement,0.0099406413088963252,,,,
draw,127,P2_minus_P1_log_loss_improvement,0.0052333170809410468,,,,
draw,128,P2_minus_P1_log_loss_improvement,0.0064236812584311243,,,,
draw,129,P2_minus_P1_log_loss_improvement,0.004628440859312799,,,,
draw,130,P2_minus_P1_log_loss_improvement,0.005051110171165385,,,,
draw,131,P2_minus_P1_log_loss_improvement,0.0049965671000504752,,,,
draw,132,P2_minus_P1_log_loss_improvement,0.0060899157827890571,,,,
draw,133,P2_minus_P1_log_loss_improvement,0.0021434005712608895,,,,
draw,134,P2_minus_P1_log_loss_improvement,-0.00022861282822395079,,,,
draw,135,P2_minus_P1_log_loss_improvement,0.0024471625602269231,,,,
draw,136,P2_minus_P1_log_loss_improvement,0.0064855536878640763,,,,
draw,137,P2_minus_P1_log_loss_improvement,0.0040430312554305403,,,,
draw,138,P2_minus_P1_log_loss_improvement,0.0064766612908360721,,,,
draw,139,P2_minus_P1_log_loss_improvement,0.0090186755442391853,,,,
draw,140,P2_minus_P1_log_loss_improvement,0.0069002745929519493,,,,
draw,141,P2_minus_P1_log_loss_improvement,0.0018962216214070127,,,,
draw,142,P2_minus_P1_log_loss_improvement,0.0047266000628949922,,,,
draw,143,P2_minus_P1_log_loss_improvement,0.0055689531679413706,,,,
draw,144,P2_minus_P1_log_loss_improvement,0.00689233693635255,,,,
draw,145,P2_minus_P1_log_loss_improvement,0.0097130742671531767,,,,
draw,146,P2_minus_P1_log_loss_improvement,0.0032724657672826285,,,,
draw,147,P2_minus_P1_log_loss_improvement,0.0042464353141880018,,,,
draw,148,P2_minus_P1_log_loss_improvement,0.007963443474821752,,,,
draw,149,P2_minus_P1_log_loss_improvement,0.0069680119235933091,,,,
draw,150,P2_minus_P1_log_loss_improvement,0.0052716910527776384,,,,
draw,151,P2_minus_P1_log_loss_improvement,0.0059094257128282091,,,,
draw,152,P2_minus_P1_log_loss_improvement,0.0076333841492783328,,,,
draw,153,P2_minus_P1_log_loss_improvement,0.0074950639097884353,,,,
draw,154,P2_minus_P1_log_loss_improvement,0.0055783844911693192,,,,
draw,155,P2_minus_P1_log_loss_improvement,0.0049711675257023691,,,,
draw,156,P2_minus_P1_log_loss_improvement,0.0022984014708291034,,,,
draw,157,P2_minus_P1_log_loss_improvement,0.0094400394424078438,,,,
draw,158,P2_minus_P1_log_loss_improvement,0.0050350251725538309,,,,
draw,159,P2_minus_P1_log_loss_improvement,0.0068566666205320814,,,,
draw,160,P2_minus_P1_log_loss_improvement,0.0042741569549330505,,,,
draw,161,P2_minus_P1_log_loss_improvement,0.0032970337503696601,,,,
draw,162,P2_minus_P1_log_loss_improvement,0.0028455511966618552,,,,
draw,163,P2_minus_P1_log_loss_improvement,0.0053243845717081961,,,,
draw,164,P2_minus_P1_log_loss_improvement,0.0022599147089072957,,,,
draw,165,P2_minus_P1_log_loss_improvement,0.00538402284116557,,,,
draw,166,P2_minus_P1_log_loss_improvement,0.0051279449155166024,,,,
draw,167,P2_minus_P1_log_loss_improvement,0.0051103282273524675,,,,
draw,168,P2_minus_P1_log_loss_improvement,0.0052610053644089882,,,,
draw,169,P2_minus_P1_log_loss_improvement,0.0055518542642498114,,,,
draw,170,P2_minus_P1_log_loss_improvement,0.0041830108494488316,,,,
draw,171,P2_minus_P1_log_loss_improvement,0.0057662150124638267,,,,
draw,172,P2_minus_P1_log_loss_improvement,0.0062393632899676588,,,,
draw,173,P2_minus_P1_log_loss_improvement,0.0029506703824775382,,,,
draw,174,P2_minus_P1_log_loss_improvement,0.007330647763224396,,,,
draw,175,P2_minus_P1_log_loss_improvement,0.0045221033970559987,,,,
draw,176,P2_minus_P1_log_loss_improvement,0.0069730761185814449,,,,
draw,177,P2_minus_P1_log_loss_improvement,0.0074843962887606308,,,,
draw,178,P2_minus_P1_log_loss_improvement,0.0074086242080644849,,,,
draw,179,P2_minus_P1_log_loss_improvement,0.0053288165528013742,,,,
draw,180,P2_minus_P1_log_loss_improvement,0.006180030304040518,,,,
draw,181,P2_minus_P1_log_loss_improvement,0.0046666013673453688,,,,
draw,182,P2_minus_P1_log_loss_improvement,0.0037324486131813384,,,,
draw,183,P2_minus_P1_log_loss_improvement,0.010510319583288519,,,,
draw,184,P2_minus_P1_log_loss_improvement,0.0010932501814123752,,,,
draw,185,P2_minus_P1_log_loss_improvement,0.0053771157001520353,,,,
draw,186,P2_minus_P1_log_loss_improvement,0.002657276126321273,,,,
draw,187,P2_minus_P1_log_loss_improvement,0.0075331245835289495,,,,
draw,188,P2_minus_P1_log_loss_improvement,0.0042064096907048487,,,,
draw,189,P2_minus_P1_log_loss_improvement,0.0046417620240125079,,,,
draw,190,P2_minus_P1_log_loss_improvement,0.00259371507517836,,,,
draw,191,P2_minus_P1_log_loss_improvement,0.0037047935204533866,,,,
draw,192,P2_minus_P1_log_loss_improvement,0.0084650624713201728,,,,
draw,193,P2_minus_P1_log_loss_improvement,0.0068094142763452936,,,,
draw,194,P2_minus_P1_log_loss_improvement,0.0045542868225198485,,,,
draw,195,P2_minus_P1_log_loss_improvement,0.0025048772355585891,,,,
draw,196,P2_minus_P1_log_loss_improvement,0.0058617315403410863,,,,
draw,197,P2_minus_P1_log_loss_improvement,0.0051821143014037507,,,,
draw,198,P2_minus_P1_log_loss_improvement,0.0072735981671174232,,,,
draw,199,P2_minus_P1_log_loss_improvement,0.0056608330681219843,,,,
draw,0,P3_minus_P2_brier_improvement,-0.00040767468686464525,,,,
draw,1,P3_minus_P2_brier_improvement,-0.00058588333715423047,,,,
draw,2,P3_minus_P2_brier_improvement,-9.8377259395709959e-05,,,,
draw,3,P3_minus_P2_brier_improvement,-0.00037597403629380244,,,,
draw,4,P3_minus_P2_brier_improvement,-0.00025198308664056701,,,,
draw,5,P3_minus_P2_brier_improvement,-0.00027444291879616389,,,,
draw,6,P3_minus_P2_brier_improvement,-0.00045949772116141152,,,,
draw,7,P3_minus_P2_brier_improvement,-3.4064416112922213e-05,,,,
draw,8,P3_minus_P2_brier_improvement,-0.00050389382094953583,,,,
draw,9,P3_minus_P2_brier_improvement,-0.00028703798143639436,,,,
draw,10,P3_minus_P2_brier_improvement,-0.00075173102681533321,,,,
draw,11,P3_minus_P2_brier_improvement,-0.00044594264070313416,,,,
draw,12,P3_minus_P2_brier_improvement,-0.00063674637512531329,,,,
draw,13,P3_minus_P2_brier_improvement,-0.00016781207392013719,,,,
draw,14,P3_minus_P2_brier_improvement,-0.00071912538204180199,,,,
draw,15,P3_minus_P2_brier_improvement,-0.00029863655847450765,,,,
draw,16,P3_minus_P2_brier_improvement,-0.0007323625479128959,,,,
draw,17,P3_minus_P2_brier_improvement,-0.00054954897575432149,,,,
draw,18,P3_minus_P2_brier_improvement,-0.00066765827412346157,,,,
draw,19,P3_minus_P2_brier_improvement,-0.00046753601452464988,,,,
draw,20,P3_minus_P2_brier_improvement,-3.1542891012675822e-05,,,,
draw,21,P3_minus_P2_brier_improvement,-0.00050825787165678649,,,,
draw,22,P3_minus_P2_brier_improvement,-0.00033918542224473103,,,,
draw,23,P3_minus_P2_brier_improvement,-0.00030242073776576284,,,,
draw,24,P3_minus_P2_brier_improvement,-0.00041673085785251529,,,,
draw,25,P3_minus_P2_brier_improvement,-9.4929229864065823e-05,,,,
draw,26,P3_minus_P2_brier_improvement,-0.00045911754710040165,,,,
draw,27,P3_minus_P2_brier_improvement,-0.00030083298764257971,,,,
draw,28,P3_minus_P2_brier_improvement,-0.00036587939514393097,,,,
draw,29,P3_minus_P2_brier_improvement,-0.00039957708228163802,,,,
draw,30,P3_minus_P2_brier_improvement,-0.00012497875880490561,,,,
draw,31,P3_minus_P2_brier_improvement,-0.00013043395892228804,,,,
draw,32,P3_minus_P2_brier_improvement,-0.00016745311362223458,,,,
draw,33,P3_minus_P2_brier_improvement,-0.00014534199350405008,,,,
draw,34,P3_minus_P2_brier_improvement,-0.00059730116369616226,,,,
draw,35,P3_minus_P2_brier_improvement,-5.0977216510483814e-05,,,,
draw,36,P3_minus_P2_brier_improvement,-0.00045054057583526763,,,,
draw,37,P3_minus_P2_brier_improvement,-0.00047122075027850041,,,,
draw,38,P3_minus_P2_brier_improvement,-0.00085138706277806953,,,,
draw,39,P3_minus_P2_brier_improvement,-0.00059406598946232236,,,,
draw,40,P3_minus_P2_brier_improvement,0.0001484731426032726,,,,
draw,41,P3_minus_P2_brier_improvement,-0.00079503922012008621,,,,
draw,42,P3_minus_P2_brier_improvement,-0.00045580813989051783,,,,
draw,43,P3_minus_P2_brier_improvement,-7.6262806401855565e-05,,,,
draw,44,P3_minus_P2_brier_improvement,-0.000106336131904472,,,,
draw,45,P3_minus_P2_brier_improvement,-4.8304525287590216e-05,,,,
draw,46,P3_minus_P2_brier_improvement,-0.00110076485933705,,,,
draw,47,P3_minus_P2_brier_improvement,-0.00078952908769105989,,,,
draw,48,P3_minus_P2_brier_improvement,-0.0003273865695956335,,,,
draw,49,P3_minus_P2_brier_improvement,-0.0003389626685285918,,,,
draw,50,P3_minus_P2_brier_improvement,-0.00014854443876460843,,,,
draw,51,P3_minus_P2_brier_improvement,-8.0445328293099472e-05,,,,
draw,52,P3_minus_P2_brier_improvement,-0.00013811030112190203,,,,
draw,53,P3_minus_P2_brier_improvement,-3.8330781883505471e-05,,,,
draw,54,P3_minus_P2_brier_improvement,-0.00043414204179156868,,,,
draw,55,P3_minus_P2_brier_improvement,3.3726468179534619e-05,,,,
draw,56,P3_minus_P2_brier_improvement,-0.00070074854107587958,,,,
draw,57,P3_minus_P2_brier_improvement,-0.00043803369537193104,,,,
draw,58,P3_minus_P2_brier_improvement,-0.00062878228449844698,,,,
draw,59,P3_minus_P2_brier_improvement,0.00012086318713855349,,,,
draw,60,P3_minus_P2_brier_improvement,-0.00059849964690669721,,,,
draw,61,P3_minus_P2_brier_improvement,-0.00015041730063186654,,,,
draw,62,P3_minus_P2_brier_improvement,-0.00092208343896377221,,,,
draw,63,P3_minus_P2_brier_improvement,-0.00021578295051105645,,,,
draw,64,P3_minus_P2_brier_improvement,-1.5628113404470012e-05,,,,
draw,65,P3_minus_P2_brier_improvement,-0.00082790897213738668,,,,
draw,66,P3_minus_P2_brier_improvement,-0.00043210544463387346,,,,
draw,67,P3_minus_P2_brier_improvement,-0.00075240493788841789,,,,
draw,68,P3_minus_P2_brier_improvement,-0.00013590673200417069,,,,
draw,69,P3_minus_P2_brier_improvement,-0.00050385920274001461,,,,
draw,70,P3_minus_P2_brier_improvement,-3.1258728740102271e-05,,,,
draw,71,P3_minus_P2_brier_improvement,8.1153023735874852e-05,,,,
draw,72,P3_minus_P2_brier_improvement,-0.00018979185850628855,,,,
draw,73,P3_minus_P2_brier_improvement,-0.00063305564354598776,,,,
draw,74,P3_minus_P2_brier_improvement,-0.00024905707256950294,,,,
draw,75,P3_minus_P2_brier_improvement,4.5268838573725434e-05,,,,
draw,76,P3_minus_P2_brier_improvement,-0.00057600891385525821,,,,
draw,77,P3_minus_P2_brier_improvement,-0.0010988208021554258,,,,
draw,78,P3_minus_P2_brier_improvement,-0.00027877205094672952,,,,
draw,79,P3_minus_P2_brier_improvement,-0.00039182566153977971,,,,
draw,80,P3_minus_P2_brier_improvement,-0.00023172606150714814,,,,
draw,81,P3_minus_P2_brier_improvement,-0.00091454925155040612,,,,
draw,82,P3_minus_P2_brier_improvement,-0.00016145184450458427,,,,
draw,83,P3_minus_P2_brier_improvement,-0.00070970559757924101,,,,
draw,84,P3_minus_P2_brier_improvement,-0.0006834442430815324,,,,
draw,85,P3_minus_P2_brier_improvement,-0.00047488500928219435,,,,
draw,86,P3_minus_P2_brier_improvement,-0.00020782316450995708,,,,
draw,87,P3_minus_P2_brier_improvement,-0.00056570505605826882,,,,
draw,88,P3_minus_P2_brier_improvement,-0.00031750032896221692,,,,
draw,89,P3_minus_P2_brier_improvement,-0.0002741747421544094,,,,
draw,90,P3_minus_P2_brier_improvement,-0.00043150073307174353,,,,
draw,91,P3_minus_P2_brier_improvement,-0.00074468811998779083,,,,
draw,92,P3_minus_P2_brier_improvement,-0.00013213594302263765,,,,
draw,93,P3_minus_P2_brier_improvement,-0.00024444024392686337,,,,
draw,94,P3_minus_P2_brier_improvement,-0.00072856496665599235,,,,
draw,95,P3_minus_P2_brier_improvement,-0.00046737122616460902,,,,
draw,96,P3_minus_P2_brier_improvement,-0.0004735732713097851,,,,
draw,97,P3_minus_P2_brier_improvement,-0.00057111623026653846,,,,
draw,98,P3_minus_P2_brier_improvement,-9.8216607906098652e-06,,,,
draw,99,P3_minus_P2_brier_improvement,-0.00035969195149374023,,,,
draw,100,P3_minus_P2_brier_improvement,-1.475985650578604e-05,,,,
draw,101,P3_minus_P2_brier_improvement,-0.00032662635947788843,,,,
draw,102,P3_minus_P2_brier_improvement,-0.00017098518910374505,,,,
draw,103,P3_minus_P2_brier_improvement,-0.00023201268507913597,,,,
draw,104,P3_minus_P2_brier_improvement,-0.000901514733992137,,,,
draw,105,P3_minus_P2_brier_improvement,-0.00063978244704568366,,,,
draw,106,P3_minus_P2_brier_improvement,-0.00052150952480550794,,,,
draw,107,P3_minus_P2_brier_improvement,-0.00065509435656338488,,,,
draw,108,P3_minus_P2_brier_improvement,-0.0001789906754735282,,,,
draw,109,P3_minus_P2_brier_improvement,-0.00044544726585232786,,,,
draw,110,P3_minus_P2_brier_improvement,-0.00015173276126637103,,,,
draw,111,P3_minus_P2_brier_improvement,-0.00048653296548784031,,,,
draw,112,P3_minus_P2_brier_improvement,-3.8407191388034612e-05,,,,
draw,113,P3_minus_P2_brier_improvement,-0.00050015938226891099,,,,
draw,114,P3_minus_P2_brier_improvement,-0.00016947779414483444,,,,
draw,115,P3_minus_P2_brier_improvement,-0.00018824168339851011,,,,
draw,116,P3_minus_P2_brier_improvement,0.00013918938554544069,,,,
draw,117,P3_minus_P2_brier_improvement,-0.00064007902453189214,,,,
draw,118,P3_minus_P2_brier_improvement,-0.00023128980064202054,,,,
draw,119,P3_minus_P2_brier_improvement,-0.00063071854439891717,,,,
draw,120,P3_minus_P2_brier_improvement,-0.00027683999168096052,,,,
draw,121,P3_minus_P2_brier_improvement,-4.264702408862675e-05,,,,
draw,122,P3_minus_P2_brier_improvement,-0.00027703465193115728,,,,
draw,123,P3_minus_P2_brier_improvement,-0.00080488066911907352,,,,
draw,124,P3_minus_P2_brier_improvement,-0.0002412598646008568,,,,
draw,125,P3_minus_P2_brier_improvement,-0.00024589344591560702,,,,
draw,126,P3_minus_P2_brier_improvement,-0.00060288077968057019,,,,
draw,127,P3_minus_P2_brier_improvement,-0.00025461683449823358,,,,
draw,128,P3_minus_P2_brier_improvement,-3.2949714723701229e-05,,,,
draw,129,P3_minus_P2_brier_improvement,-0.00030270463352521926,,,,
draw,130,P3_minus_P2_brier_improvement,-0.00069763909105152733,,,,
draw,131,P3_minus_P2_brier_improvement,-0.00042125470116988195,,,,
draw,132,P3_minus_P2_brier_improvement,-0.00025926057056369078,,,,
draw,133,P3_minus_P2_brier_improvement,-0.00070079360030708693,,,,
draw,134,P3_minus_P2_brier_improvement,-0.00051130507601709896,,,,
draw,135,P3_minus_P2_brier_improvement,-0.00037401081313021001,,,,
draw,136,P3_minus_P2_brier_improvement,-0.00066491384356717753,,,,
draw,137,P3_minus_P2_brier_improvement,-0.00017117477736525166,,,,
draw,138,P3_minus_P2_brier_improvement,-0.00039917644172965394,,,,
draw,139,P3_minus_P2_brier_improvement,-0.00079870792221689579,,,,
draw,140,P3_minus_P2_brier_improvement,-0.00043875501431134278,,,,
draw,141,P3_minus_P2_brier_improvement,-0.00017080806682409633,,,,
draw,142,P3_minus_P2_brier_improvement,-0.00024326515949979477,,,,
draw,143,P3_minus_P2_brier_improvement,-0.0003574096753060918,,,,
draw,144,P3_minus_P2_brier_improvement,-0.0003435825734217357,,,,
draw,145,P3_minus_P2_brier_improvement,-0.00075398582554489502,,,,
draw,146,P3_minus_P2_brier_improvement,-0.00049357446370651425,,,,
draw,147,P3_minus_P2_brier_improvement,-0.00032469324762368634,,,,
draw,148,P3_minus_P2_brier_improvement,-0.00042955993725576902,,,,
draw,149,P3_minus_P2_brier_improvement,-0.00037019208611366317,,,,
draw,150,P3_minus_P2_brier_improvement,-0.00021160261287711535,,,,
draw,151,P3_minus_P2_brier_improvement,-0.00090178200963303423,,,,
draw,152,P3_minus_P2_brier_improvement,-0.00045077589850717192,,,,
draw,153,P3_minus_P2_brier_improvement,-0.00037157048283237293,,,,
draw,154,P3_minus_P2_brier_improvement,-0.00044557481236182084,,,,
draw,155,P3_minus_P2_brier_improvement,-0.0003527615770683723,,,,
draw,156,P3_minus_P2_brier_improvement,-0.00011140123194916529,,,,
draw,157,P3_minus_P2_brier_improvement,-0.00070487544626765541,,,,
draw,158,P3_minus_P2_brier_improvement,-0.00076666032138067441,,,,
draw,159,P3_minus_P2_brier_improvement,-0.00018609828488444502,,,,
draw,160,P3_minus_P2_brier_improvement,-0.00065598624064683309,,,,
draw,161,P3_minus_P2_brier_improvement,-0.00048844260225519576,,,,
draw,162,P3_minus_P2_brier_improvement,-0.00023034212644368335,,,,
draw,163,P3_minus_P2_brier_improvement,-0.00064867699497231368,,,,
draw,164,P3_minus_P2_brier_improvement,-0.00046289855974970817,,,,
draw,165,P3_minus_P2_brier_improvement,0.00016036706414782054,,,,
draw,166,P3_minus_P2_brier_improvement,-0.00043083621060954758,,,,
draw,167,P3_minus_P2_brier_improvement,9.4915671063899865e-06,,,,
draw,168,P3_minus_P2_brier_improvement,-0.00029499016753831153,,,,
draw,169,P3_minus_P2_brier_improvement,-0.00034051453649217023,,,,
draw,170,P3_minus_P2_brier_improvement,-0.00015438164454339987,,,,
draw,171,P3_minus_P2_brier_improvement,-0.00069230983971330096,,,,
draw,172,P3_minus_P2_brier_improvement,-0.00084604207017061062,,,,
draw,173,P3_minus_P2_brier_improvement,-0.00037633077926430003,,,,
draw,174,P3_minus_P2_brier_improvement,-0.00024265989960223222,,,,
draw,175,P3_minus_P2_brier_improvement,-0.00027177000517961125,,,,
draw,176,P3_minus_P2_brier_improvement,-0.00092984456108924363,,,,
draw,177,P3_minus_P2_brier_improvement,-0.00045042772840542256,,,,
draw,178,P3_minus_P2_brier_improvement,-0.00068044753756060783,,,,
draw,179,P3_minus_P2_brier_improvement,-0.00042451952055402864,,,,
draw,180,P3_minus_P2_brier_improvement,-0.00032211819896432736,,,,
draw,181,P3_minus_P2_brier_improvement,-0.00053645835691695787,,,,
draw,182,P3_minus_P2_brier_improvement,2.3267896016587741e-06,,,,
draw,183,P3_minus_P2_brier_improvement,-0.00029402745314979772,,,,
draw,184,P3_minus_P2_brier_improvement,-0.0004290375172653349,,,,
draw,185,P3_minus_P2_brier_improvement,-0.00054930348156606579,,,,
draw,186,P3_minus_P2_brier_improvement,-0.00068414068401081995,,,,
draw,187,P3_minus_P2_brier_improvement,-0.00069074539790214828,,,,
draw,188,P3_minus_P2_brier_improvement,-0.00029723104901194231,,,,
draw,189,P3_minus_P2_brier_improvement,-0.00017903556647619334,,,,
draw,190,P3_minus_P2_brier_improvement,-0.00019353084694687106,,,,
draw,191,P3_minus_P2_brier_improvement,-0.0005011774801513269,,,,
draw,192,P3_minus_P2_brier_improvement,-0.00057185540738968754,,,,
draw,193,P3_minus_P2_brier_improvement,-0.00052030292451610283,,,,
draw,194,P3_minus_P2_brier_improvement,-0.00015331885820393798,,,,
draw,195,P3_minus_P2_brier_improvement,-0.00016632937925875613,,,,
draw,196,P3_minus_P2_brier_improvement,-0.00025011148293560548,,,,
draw,197,P3_minus_P2_brier_improvement,-0.00025190922895299006,,,,
draw,198,P3_minus_P2_brier_improvement,0.00034214439343671632,,,,
draw,199,P3_minus_P2_brier_improvement,-0.00035472981432241313,,,,
draw,0,behavioural_dimensions_minus_predecessor_return_after_20bps,-24.443902263762809,,,,
draw,1,behavioural_dimensions_minus_predecessor_return_after_20bps,-3.2311542104551911,,,,
draw,2,behavioural_dimensions_minus_predecessor_return_after_20bps,-16.725093583368867,,,,
draw,3,behavioural_dimensions_minus_predecessor_return_after_20bps,-26.586287644156346,,,,
draw,4,behavioural_dimensions_minus_predecessor_return_after_20bps,-10.354050087405838,,,,
draw,5,behavioural_dimensions_minus_predecessor_return_after_20bps,16.506955210781701,,,,
draw,6,behavioural_dimensions_minus_predecessor_return_after_20bps,2.6712948563605172,,,,
draw,7,behavioural_dimensions_minus_predecessor_return_after_20bps,-49.827056069432849,,,,
draw,8,behavioural_dimensions_minus_predecessor_return_after_20bps,-51.94145607685229,,,,
draw,9,behavioural_dimensions_minus_predecessor_return_after_20bps,-43.798017039637358,,,,
draw,10,behavioural_dimensions_minus_predecessor_return_after_20bps,-21.941997193163026,,,,
draw,11,behavioural_dimensions_minus_predecessor_return_after_20bps,-42.107206675200963,,,,
draw,12,behavioural_dimensions_minus_predecessor_return_after_20bps,2.9735429627738226,,,,
draw,13,behavioural_dimensions_minus_predecessor_return_after_20bps,-1.3252687980633098,,,,
draw,14,behavioural_dimensions_minus_predecessor_return_after_20bps,-10.314410629881616,,,,
draw,15,behavioural_dimensions_minus_predecessor_return_after_20bps,-3.7740734451456506,,,,
draw,16,behavioural_dimensions_minus_predecessor_return_after_20bps,-2.0208784344218458,,,,
draw,17,behavioural_dimensions_minus_predecessor_return_after_20bps,-27.347713620270362,,,,
draw,18,behavioural_dimensions_minus_predecessor_return_after_20bps,-48.044437610971833,,,,
draw,19,behavioural_dimensions_minus_predecessor_return_after_20bps,-50.647738133010236,,,,
draw,20,behavioural_dimensions_minus_predecessor_return_after_20bps,-18.508288832299257,,,,
draw,21,behavioural_dimensions_minus_predecessor_return_after_20bps,-43.837881305287404,,,,
draw,22,behavioural_dimensions_minus_predecessor_return_after_20bps,-18.624201549535851,,,,
draw,23,behavioural_dimensions_minus_predecessor_return_after_20bps,-25.758910347025274,,,,
draw,24,behavioural_dimensions_minus_predecessor_return_after_20bps,-29.944418376476129,,,,
draw,25,behavioural_dimensions_minus_predecessor_return_after_20bps,-43.342545810446026,,,,
draw,26,behavioural_dimensions_minus_predecessor_return_after_20bps,-8.0406270637381425,,,,
draw,27,behavioural_dimensions_minus_predecessor_return_after_20bps,-22.077551629457169,,,,
draw,28,behavioural_dimensions_minus_predecessor_return_after_20bps,20.3278220237017,,,,
draw,29,behavioural_dimensions_minus_predecessor_return_after_20bps,-36.568599271903388,,,,
draw,30,behavioural_dimensions_minus_predecessor_return_after_20bps,-5.0884063872757901,,,,
draw,31,behavioural_dimensions_minus_predecessor_return_after_20bps,-16.699305349462307,,,,
draw,32,behavioural_dimensions_minus_predecessor_return_after_20bps,7.3169305847808124,,,,
draw,33,behavioural_dimensions_minus_predecessor_return_after_20bps,-11.271822869344025,,,,
draw,34,behavioural_dimensions_minus_predecessor_return_after_20bps,-21.310922924536516,,,,
draw,35,behavioural_dimensions_minus_predecessor_return_after_20bps,5.5756243262765093,,,,
draw,36,behavioural_dimensions_minus_predecessor_return_after_20bps,14.507464538109353,,,,
draw,37,behavioural_dimensions_minus_predecessor_return_after_20bps,-44.303450498161524,,,,
draw,38,behavioural_dimensions_minus_predecessor_return_after_20bps,13.218698395816439,,,,
draw,39,behavioural_dimensions_minus_predecessor_return_after_20bps,-12.693134276031069,,,,
draw,40,behavioural_dimensions_minus_predecessor_return_after_20bps,-18.910535877245703,,,,
draw,41,behavioural_dimensions_minus_predecessor_return_after_20bps,-100.99187992560469,,,,
draw,42,behavioural_dimensions_minus_predecessor_return_after_20bps,-5.9783795625428482,,,,
draw,43,behavioural_dimensions_minus_predecessor_return_after_20bps,8.4429876113112581,,,,
draw,44,behavioural_dimensions_minus_predecessor_return_after_20bps,-10.70691614163786,,,,
draw,45,behavioural_dimensions_minus_predecessor_return_after_20bps,-46.46544450964582,,,,
draw,46,behavioural_dimensions_minus_predecessor_return_after_20bps,-53.520175458781118,,,,
draw,47,behavioural_dimensions_minus_predecessor_return_after_20bps,-44.962462175989664,,,,
draw,48,behavioural_dimensions_minus_predecessor_return_after_20bps,-48.247391105603498,,,,
draw,49,behavioural_dimensions_minus_predecessor_return_after_20bps,-19.701648016639105,,,,
draw,50,behavioural_dimensions_minus_predecessor_return_after_20bps,-86.870776357146127,,,,
draw,51,behavioural_dimensions_minus_predecessor_return_after_20bps,-54.573605153795619,,,,
draw,52,behavioural_dimensions_minus_predecessor_return_after_20bps,-18.524795874870605,,,,
draw,53,behavioural_dimensions_minus_predecessor_return_after_20bps,-31.423185018784046,,,,
draw,54,behavioural_dimensions_minus_predecessor_return_after_20bps,1.148918208016952,,,,
draw,55,behavioural_dimensions_minus_predecessor_return_after_20bps,-8.864047001880504,,,,
draw,56,behavioural_dimensions_minus_predecessor_return_after_20bps,3.548845395239403,,,,
draw,57,behavioural_dimensions_minus_predecessor_return_after_20bps,-45.652809340690581,,,,
draw,58,behavioural_dimensions_minus_predecessor_return_after_20bps,-20.058106130202805,,,,
draw,59,behavioural_dimensions_minus_predecessor_return_after_20bps,0.44299456474872656,,,,
draw,60,behavioural_dimensions_minus_predecessor_return_after_20bps,-57.409803015789514,,,,
draw,61,behavioural_dimensions_minus_predecessor_return_after_20bps,-21.940858613408455,,,,
draw,62,behavioural_dimensions_minus_predecessor_return_after_20bps,-17.842931803710222,,,,
draw,63,behavioural_dimensions_minus_predecessor_return_after_20bps,25.755672739264348,,,,
draw,64,behavioural_dimensions_minus_predecessor_return_after_20bps,-18.285013679517409,,,,
draw,65,behavioural_dimensions_minus_predecessor_return_after_20bps,-26.184259223050862,,,,
draw,66,behavioural_dimensions_minus_predecessor_return_after_20bps,-22.600457462789933,,,,
draw,67,behavioural_dimensions_minus_predecessor_return_after_20bps,21.303518100306416,,,,
draw,68,behavioural_dimensions_minus_predecessor_return_after_20bps,-66.385091203394836,,,,
draw,69,behavioural_dimensions_minus_predecessor_return_after_20bps,-45.994846127294487,,,,
draw,70,behavioural_dimensions_minus_predecessor_return_after_20bps,-8.8941750912678224,,,,
draw,71,behavioural_dimensions_minus_predecessor_return_after_20bps,-37.828625502544426,,,,
draw,72,behavioural_dimensions_minus_predecessor_return_after_20bps,-21.593663961744348,,,,
draw,73,behavioural_dimensions_minus_predecessor_return_after_20bps,-27.248670234519487,,,,
draw,74,behavioural_dimensions_minus_predecessor_return_after_20bps,-32.759716637478107,,,,
draw,75,behavioural_dimensions_minus_predecessor_return_after_20bps,13.229083517864829,,,,
draw,76,behavioural_dimensions_minus_predecessor_return_after_20bps,3.1822255115026161,,,,
draw,77,behavioural_dimensions_minus_predecessor_return_after_20bps,18.304404159171536,,,,
draw,78,behavioural_dimensions_minus_predecessor_return_after_20bps,-21.986653288275804,,,,
draw,79,behavioural_dimensions_minus_predecessor_return_after_20bps,-40.49619430582608,,,,
draw,80,behavioural_dimensions_minus_predecessor_return_after_20bps,-10.096478393938337,,,,
draw,81,behavioural_dimensions_minus_predecessor_return_after_20bps,-32.682038404340545,,,,
draw,82,behavioural_dimensions_minus_predecessor_return_after_20bps,-7.0289737395480598,,,,
draw,83,behavioural_dimensions_minus_predecessor_return_after_20bps,-20.57351821811935,,,,
draw,84,behavioural_dimensions_minus_predecessor_return_after_20bps,-86.893605204043808,,,,
draw,85,behavioural_dimensions_minus_predecessor_return_after_20bps,-86.500961211267239,,,,
draw,86,behavioural_dimensions_minus_predecessor_return_after_20bps,-44.26991824546937,,,,
draw,87,behavioural_dimensions_minus_predecessor_return_after_20bps,26.636449136501316,,,,
draw,88,behavioural_dimensions_minus_predecessor_return_after_20bps,-19.213166554200289,,,,
draw,89,behavioural_dimensions_minus_predecessor_return_after_20bps,-62.111294892865537,,,,
draw,90,behavioural_dimensions_minus_predecessor_return_after_20bps,-45.750295698224285,,,,
draw,91,behavioural_dimensions_minus_predecessor_return_after_20bps,-28.99429843269639,,,,
draw,92,behavioural_dimensions_minus_predecessor_return_after_20bps,-29.809583737612883,,,,
draw,93,behavioural_dimensions_minus_predecessor_return_after_20bps,-27.520896938131155,,,,
draw,94,behavioural_dimensions_minus_predecessor_return_after_20bps,-21.305139699984647,,,,
draw,95,behavioural_dimensions_minus_predecessor_return_after_20bps,-3.3349912544451406,,,,
draw,96,behavioural_dimensions_minus_predecessor_return_after_20bps,-24.689050189728814,,,,
draw,97,behavioural_dimensions_minus_predecessor_return_after_20bps,-24.558025051820753,,,,
draw,98,behavioural_dimensions_minus_predecessor_return_after_20bps,-9.4371277087323673,,,,
draw,99,behavioural_dimensions_minus_predecessor_return_after_20bps,-13.637576629286283,,,,
draw,100,behavioural_dimensions_minus_predecessor_return_after_20bps,-35.184967133388973,,,,
draw,101,behavioural_dimensions_minus_predecessor_return_after_20bps,16.676495200491402,,,,
draw,102,behavioural_dimensions_minus_predecessor_return_after_20bps,-51.747150745231643,,,,
draw,103,behavioural_dimensions_minus_predecessor_return_after_20bps,-4.6016370860249678,,,,
draw,104,behavioural_dimensions_minus_predecessor_return_after_20bps,-60.293658728687831,,,,
draw,105,behavioural_dimensions_minus_predecessor_return_after_20bps,-31.779364448937809,,,,
draw,106,behavioural_dimensions_minus_predecessor_return_after_20bps,-42.695797534144766,,,,
draw,107,behavioural_dimensions_minus_predecessor_return_after_20bps,-57.379439639599447,,,,
draw,108,behavioural_dimensions_minus_predecessor_return_after_20bps,-47.490781119010173,,,,
draw,109,behavioural_dimensions_minus_predecessor_return_after_20bps,13.925302123007096,,,,
draw,110,behavioural_dimensions_minus_predecessor_return_after_20bps,15.4434828539706,,,,
draw,111,behavioural_dimensions_minus_predecessor_return_after_20bps,-38.466643724755997,,,,
draw,112,behavioural_dimensions_minus_predecessor_return_after_20bps,3.7616184026243529,,,,
draw,113,behavioural_dimensions_minus_predecessor_return_after_20bps,-21.580997348857014,,,,
draw,114,behavioural_dimensions_minus_predecessor_return_after_20bps,23.453458198439492,,,,
draw,115,behavioural_dimensions_minus_predecessor_return_after_20bps,-77.089052924165415,,,,
draw,116,behavioural_dimensions_minus_predecessor_return_after_20bps,-46.098929899170933,,,,
draw,117,behavioural_dimensions_minus_predecessor_return_after_20bps,-11.827857823204633,,,,
draw,118,behavioural_dimensions_minus_predecessor_return_after_20bps,-30.076464764656375,,,,
draw,119,behavioural_dimensions_minus_predecessor_return_after_20bps,-26.639586795323073,,,,
draw,120,behavioural_dimensions_minus_predecessor_return_after_20bps,2.8840864989258694,,,,
draw,121,behavioural_dimensions_minus_predecessor_return_after_20bps,-27.909165963072045,,,,
draw,122,behavioural_dimensions_minus_predecessor_return_after_20bps,21.874608261304893,,,,
draw,123,behavioural_dimensions_minus_predecessor_return_after_20bps,-19.761043633229818,,,,
draw,124,behavioural_dimensions_minus_predecessor_return_after_20bps,-47.179986029000474,,,,
draw,125,behavioural_dimensions_minus_predecessor_return_after_20bps,-46.473649556038069,,,,
draw,126,behavioural_dimensions_minus_predecessor_return_after_20bps,-59.735190907977007,,,,
draw,127,behavioural_dimensions_minus_predecessor_return_after_20bps,-48.491905898364827,,,,
draw,128,behavioural_dimensions_minus_predecessor_return_after_20bps,-9.8983008774171317,,,,
draw,129,behavioural_dimensions_minus_predecessor_return_after_20bps,-58.324013808930019,,,,
draw,130,behavioural_dimensions_minus_predecessor_return_after_20bps,-56.050097302212734,,,,
draw,131,behavioural_dimensions_minus_predecessor_return_after_20bps,-62.983699884616932,,,,
draw,132,behavioural_dimensions_minus_predecessor_return_after_20bps,-46.584631398677473,,,,
draw,133,behavioural_dimensions_minus_predecessor_return_after_20bps,35.902594042781999,,,,
draw,134,behavioural_dimensions_minus_predecessor_return_after_20bps,-45.523044116586668,,,,
draw,135,behavioural_dimensions_minus_predecessor_return_after_20bps,-48.595622764086855,,,,
draw,136,behavioural_dimensions_minus_predecessor_return_after_20bps,-34.256005526637018,,,,
draw,137,behavioural_dimensions_minus_predecessor_return_after_20bps,-52.114367723784852,,,,
draw,138,behavioural_dimensions_minus_predecessor_return_after_20bps,7.2182848326250193,,,,
draw,139,behavioural_dimensions_minus_predecessor_return_after_20bps,-43.714298764416078,,,,
draw,140,behavioural_dimensions_minus_predecessor_return_after_20bps,-14.68565600873581,,,,
draw,141,behavioural_dimensions_minus_predecessor_return_after_20bps,-74.051516946159623,,,,
draw,142,behavioural_dimensions_minus_predecessor_return_after_20bps,-75.900657772640187,,,,
draw,143,behavioural_dimensions_minus_predecessor_return_after_20bps,-43.513385449544103,,,,
draw,144,behavioural_dimensions_minus_predecessor_return_after_20bps,-62.815969385964607,,,,
draw,145,behavioural_dimensions_minus_predecessor_return_after_20bps,-2.0768758753674268,,,,
draw,146,behavioural_dimensions_minus_predecessor_return_after_20bps,-96.482677743173255,,,,
draw,147,behavioural_dimensions_minus_predecessor_return_after_20bps,21.32812331421869,,,,
draw,148,behavioural_dimensions_minus_predecessor_return_after_20bps,-32.161749679772164,,,,
draw,149,behavioural_dimensions_minus_predecessor_return_after_20bps,1.6100977322146712,,,,
draw,150,behavioural_dimensions_minus_predecessor_return_after_20bps,-26.158755444372009,,,,
draw,151,behavioural_dimensions_minus_predecessor_return_after_20bps,-46.765416780796578,,,,
draw,152,behavioural_dimensions_minus_predecessor_return_after_20bps,-39.140357803112686,,,,
draw,153,behavioural_dimensions_minus_predecessor_return_after_20bps,4.3011510743964738,,,,
draw,154,behavioural_dimensions_minus_predecessor_return_after_20bps,7.5484060701230922,,,,
draw,155,behavioural_dimensions_minus_predecessor_return_after_20bps,-1.6900821548593628,,,,
draw,156,behavioural_dimensions_minus_predecessor_return_after_20bps,-41.664958129542029,,,,
draw,157,behavioural_dimensions_minus_predecessor_return_after_20bps,-24.159577960814779,,,,
draw,158,behavioural_dimensions_minus_predecessor_return_after_20bps,-20.512683627428888,,,,
draw,159,behavioural_dimensions_minus_predecessor_return_after_20bps,-52.769606668715717,,,,
draw,160,behavioural_dimensions_minus_predecessor_return_after_20bps,-24.923320088217295,,,,
draw,161,behavioural_dimensions_minus_predecessor_return_after_20bps,-39.418893406027102,,,,
draw,162,behavioural_dimensions_minus_predecessor_return_after_20bps,-43.041313930575704,,,,
draw,163,behavioural_dimensions_minus_predecessor_return_after_20bps,-15.704747590231539,,,,
draw,164,behavioural_dimensions_minus_predecessor_return_after_20bps,34.499795799602722,,,,
draw,165,behavioural_dimensions_minus_predecessor_return_after_20bps,-23.009018840954393,,,,
draw,166,behavioural_dimensions_minus_predecessor_return_after_20bps,-17.939721626132918,,,,
draw,167,behavioural_dimensions_minus_predecessor_return_after_20bps,-36.584471574785788,,,,
draw,168,behavioural_dimensions_minus_predecessor_return_after_20bps,-51.968006159278936,,,,
draw,169,behavioural_dimensions_minus_predecessor_return_after_20bps,-94.335579383376398,,,,
draw,170,behavioural_dimensions_minus_predecessor_return_after_20bps,-4.4694127188376429,,,,
draw,171,behavioural_dimensions_minus_predecessor_return_after_20bps,-22.472598520293715,,,,
draw,172,behavioural_dimensions_minus_predecessor_return_after_20bps,-23.820705503258679,,,,
draw,173,behavioural_dimensions_minus_predecessor_return_after_20bps,-38.802051660996781,,,,
draw,174,behavioural_dimensions_minus_predecessor_return_after_20bps,-44.526138583249619,,,,
draw,175,behavioural_dimensions_minus_predecessor_return_after_20bps,-36.636602891350584,,,,
draw,176,behavioural_dimensions_minus_predecessor_return_after_20bps,-25.518488571876535,,,,
draw,177,behavioural_dimensions_minus_predecessor_return_after_20bps,-14.741517081068725,,,,
draw,178,behavioural_dimensions_minus_predecessor_return_after_20bps,9.2630672188789642,,,,
draw,179,behavioural_dimensions_minus_predecessor_return_after_20bps,14.604357290848769,,,,
draw,180,behavioural_dimensions_minus_predecessor_return_after_20bps,-34.674374711232488,,,,
draw,181,behavioural_dimensions_minus_predecessor_return_after_20bps,-18.014877610608302,,,,
draw,182,behavioural_dimensions_minus_predecessor_return_after_20bps,-54.935013736261439,,,,
draw,183,behavioural_dimensions_minus_predecessor_return_after_20bps,33.171451185587792,,,,
draw,184,behavioural_dimensions_minus_predecessor_return_after_20bps,-46.032239354152999,,,,
draw,185,behavioural_dimensions_minus_predecessor_return_after_20bps,-35.850061469451632,,,,
draw,186,behavioural_dimensions_minus_predecessor_return_after_20bps,-50.424790883605155,,,,
draw,187,behavioural_dimensions_minus_predecessor_return_after_20bps,-53.607932897148956,,,,
draw,188,behavioural_dimensions_minus_predecessor_return_after_20bps,-48.452032634118453,,,,
draw,189,behavioural_dimensions_minus_predecessor_return_after_20bps,-6.768768427011179,,,,
draw,190,behavioural_dimensions_minus_predecessor_return_after_20bps,-1.3972559595783962,,,,
draw,191,behavioural_dimensions_minus_predecessor_return_after_20bps,-13.126164136139801,,,,
draw,192,behavioural_dimensions_minus_predecessor_return_after_20bps,-19.164164150519575,,,,
draw,193,behavioural_dimensions_minus_predecessor_return_after_20bps,30.143069452630396,,,,
draw,194,behavioural_dimensions_minus_predecessor_return_after_20bps,-18.31150357944956,,,,
draw,195,behavioural_dimensions_minus_predecessor_return_after_20bps,7.1519861037024333,,,,
draw,196,behavioural_dimensions_minus_predecessor_return_after_20bps,-80.256337808420398,,,,
draw,197,behavioural_dimensions_minus_predecessor_return_after_20bps,-21.133136836603899,,,,
draw,198,behavioural_dimensions_minus_predecessor_return_after_20bps,0.52340010437089957,,,,
draw,199,behavioural_dimensions_minus_predecessor_return_after_20bps,-63.978536752760895,,,,
draw,0,conjunction_minus_behavioural_dimensions_return_after_20bps,-32.229070786743158,,,,
draw,1,conjunction_minus_behavioural_dimensions_return_after_20bps,6.1962831924451161,,,,
draw,2,conjunction_minus_behavioural_dimensions_return_after_20bps,-30.345769234208866,,,,
draw,3,conjunction_minus_behavioural_dimensions_return_after_20bps,-22.320440840508688,,,,
draw,4,conjunction_minus_behavioural_dimensions_return_after_20bps,-27.29772304866642,,,,
draw,5,conjunction_minus_behavioural_dimensions_return_after_20bps,-29.870656389470046,,,,
draw,6,conjunction_minus_behavioural_dimensions_return_after_20bps,-7.3330299817095872,,,,
draw,7,conjunction_minus_behavioural_dimensions_return_after_20bps,0.36920756371399305,,,,
draw,8,conjunction_minus_behavioural_dimensions_return_after_20bps,-24.096101304448542,,,,
draw,9,conjunction_minus_behavioural_dimensions_return_after_20bps,-39.033704317330141,,,,
draw,10,conjunction_minus_behavioural_dimensions_return_after_20bps,10.942477878348463,,,,
draw,11,conjunction_minus_behavioural_dimensions_return_after_20bps,-15.732944840001597,,,,
draw,12,conjunction_minus_behavioural_dimensions_return_after_20bps,-3.9346976213234512,,,,
draw,13,conjunction_minus_behavioural_dimensions_return_after_20bps,-22.399849710411932,,,,
draw,14,conjunction_minus_behavioural_dimensions_return_after_20bps,-28.25253818646696,,,,
draw,15,conjunction_minus_behavioural_dimensions_return_after_20bps,-27.068011510737236,,,,
draw,16,conjunction_minus_behavioural_dimensions_return_after_20bps,-73.257340612844075,,,,
draw,17,conjunction_minus_behavioural_dimensions_return_after_20bps,-57.234777406765495,,,,
draw,18,conjunction_minus_behavioural_dimensions_return_after_20bps,-32.917868990676922,,,,
draw,19,conjunction_minus_behavioural_dimensions_return_after_20bps,-36.594111509580408,,,,
draw,20,conjunction_minus_behavioural_dimensions_return_after_20bps,-42.453511182658936,,,,
draw,21,conjunction_minus_behavioural_dimensions_return_after_20bps,-12.889644456165424,,,,
draw,22,conjunction_minus_behavioural_dimensions_return_after_20bps,-94.155583054388643,,,,
draw,23,conjunction_minus_behavioural_dimensions_return_after_20bps,-24.495178191722477,,,,
draw,24,conjunction_minus_behavioural_dimensions_return_after_20bps,0.44822128028857072,,,,
draw,25,conjunction_minus_behavioural_dimensions_return_after_20bps,-62.173581230015436,,,,
draw,26,conjunction_minus_behavioural_dimensions_return_after_20bps,-35.850916339049839,,,,
draw,27,conjunction_minus_behavioural_dimensions_return_after_20bps,-25.103609819443204,,,,
draw,28,conjunction_minus_behavioural_dimensions_return_after_20bps,-39.22905511753374,,,,
draw,29,conjunction_minus_behavioural_dimensions_return_after_20bps,-31.711056478085297,,,,
draw,30,conjunction_minus_behavioural_dimensions_return_after_20bps,-6.8377398580223119,,,,
draw,31,conjunction_minus_behavioural_dimensions_return_after_20bps,-40.717733360759134,,,,
draw,32,conjunction_minus_behavioural_dimensions_return_after_20bps,-16.724029665782201,,,,
draw,33,conjunction_minus_behavioural_dimensions_return_after_20bps,-55.090912720114801,,,,
draw,34,conjunction_minus_behavioural_dimensions_return_after_20bps,-39.80520567449539,,,,
draw,35,conjunction_minus_behavioural_dimensions_return_after_20bps,-43.054094646552286,,,,
draw,36,conjunction_minus_behavioural_dimensions_return_after_20bps,-8.550917010671661,,,,
draw,37,conjunction_minus_behavioural_dimensions_return_after_20bps,-76.376181936097339,,,,
draw,38,conjunction_minus_behavioural_dimensions_return_after_20bps,-52.460192595556236,,,,
draw,39,conjunction_minus_behavioural_dimensions_return_after_20bps,-13.065847390610209,,,,
draw,40,conjunction_minus_behavioural_dimensions_return_after_20bps,-25.589046634465422,,,,
draw,41,conjunction_minus_behavioural_dimensions_return_after_20bps,-55.581195533435945,,,,
draw,42,conjunction_minus_behavioural_dimensions_return_after_20bps,-60.796087650199816,,,,
draw,43,conjunction_minus_behavioural_dimensions_return_after_20bps,-36.245845704496539,,,,
draw,44,conjunction_minus_behavioural_dimensions_return_after_20bps,-19.662143607075521,,,,
draw,45,conjunction_minus_behavioural_dimensions_return_after_20bps,-19.547101068279723,,,,
draw,46,conjunction_minus_behavioural_dimensions_return_after_20bps,-4.2250551308814543,,,,
draw,47,conjunction_minus_behavioural_dimensions_return_after_20bps,-30.032652963687312,,,,
draw,48,conjunction_minus_behavioural_dimensions_return_after_20bps,-12.616375482675355,,,,
draw,49,conjunction_minus_behavioural_dimensions_return_after_20bps,-1.109663611051974,,,,
draw,50,conjunction_minus_behavioural_dimensions_return_after_20bps,-37.781049575566456,,,,
draw,51,conjunction_minus_behavioural_dimensions_return_after_20bps,-52.450131657847919,,,,
draw,52,conjunction_minus_behavioural_dimensions_return_after_20bps,-32.860612406808578,,,,
draw,53,conjunction_minus_behavioural_dimensions_return_after_20bps,-21.785515596674433,,,,
draw,54,conjunction_minus_behavioural_dimensions_return_after_20bps,-29.470829924733692,,,,
draw,55,conjunction_minus_behavioural_dimensions_return_after_20bps,-20.361995038315619,,,,
draw,56,conjunction_minus_behavioural_dimensions_return_after_20bps,-39.567860995576318,,,,
draw,57,conjunction_minus_behavioural_dimensions_return_after_20bps,-11.694264835019995,,,,
draw,58,conjunction_minus_behavioural_dimensions_return_after_20bps,-49.401262179790713,,,,
draw,59,conjunction_minus_behavioural_dimensions_return_after_20bps,-35.293993665636002,,,,
draw,60,conjunction_minus_behavioural_dimensions_return_after_20bps,-40.044363073912258,,,,
draw,61,conjunction_minus_behavioural_dimensions_return_after_20bps,-49.421730353359422,,,,
draw,62,conjunction_minus_behavioural_dimensions_return_after_20bps,-27.402034322545255,,,,
draw,63,conjunction_minus_behavioural_dimensions_return_after_20bps,-15.306984864587482,,,,
draw,64,conjunction_minus_behavioural_dimensions_return_after_20bps,-0.55667972813643773,,,,
draw,65,conjunction_minus_behavioural_dimensions_return_after_20bps,-40.771013164367872,,,,
draw,66,conjunction_minus_behavioural_dimensions_return_after_20bps,-37.950585632233121,,,,
draw,67,conjunction_minus_behavioural_dimensions_return_after_20bps,-41.95671410130344,,,,
draw,68,conjunction_minus_behavioural_dimensions_return_after_20bps,-6.1102709248767626,,,,
draw,69,conjunction_minus_behavioural_dimensions_return_after_20bps,5.2871468712713687,,,,
draw,70,conjunction_minus_behavioural_dimensions_return_after_20bps,-29.283074186423455,,,,
draw,71,conjunction_minus_behavioural_dimensions_return_after_20bps,-11.185775246104754,,,,
draw,72,conjunction_minus_behavioural_dimensions_return_after_20bps,-4.9827808103565587,,,,
draw,73,conjunction_minus_behavioural_dimensions_return_after_20bps,-41.346991827670728,,,,
draw,74,conjunction_minus_behavioural_dimensions_return_after_20bps,1.4295154060904705,,,,
draw,75,conjunction_minus_behavioural_dimensions_return_after_20bps,-35.240586456410668,,,,
draw,76,conjunction_minus_behavioural_dimensions_return_after_20bps,-10.477773354953756,,,,
draw,77,conjunction_minus_behavioural_dimensions_return_after_20bps,-4.4995986529560916,,,,
draw,78,conjunction_minus_behavioural_dimensions_return_after_20bps,-14.748349376861949,,,,
draw,79,conjunction_minus_behavioural_dimensions_return_after_20bps,-46.431352253384624,,,,
draw,80,conjunction_minus_behavioural_dimensions_return_after_20bps,-7.6748371356734628,,,,
draw,81,conjunction_minus_behavioural_dimensions_return_after_20bps,-16.43862826692073,,,,
draw,82,conjunction_minus_behavioural_dimensions_return_after_20bps,-11.134287720152731,,,,
draw,83,conjunction_minus_behavioural_dimensions_return_after_20bps,-33.199125272531404,,,,
draw,84,conjunction_minus_behavioural_dimensions_return_after_20bps,-45.530610851015098,,,,
draw,85,conjunction_minus_behavioural_dimensions_return_after_20bps,-21.747288587234671,,,,
draw,86,conjunction_minus_behavioural_dimensions_return_after_20bps,-81.511321813612511,,,,
draw,87,conjunction_minus_behavioural_dimensions_return_after_20bps,-22.477836154310989,,,,
draw,88,conjunction_minus_behavioural_dimensions_return_after_20bps,9.4229942011585681,,,,
draw,89,conjunction_minus_behavioural_dimensions_return_after_20bps,-30.125141461896153,,,,
draw,90,conjunction_minus_behavioural_dimensions_return_after_20bps,-39.711788004325491,,,,
draw,91,conjunction_minus_behavioural_dimensions_return_after_20bps,-39.640313999461974,,,,
draw,92,conjunction_minus_behavioural_dimensions_return_after_20bps,-3.7794975699786852,,,,
draw,93,conjunction_minus_behavioural_dimensions_return_after_20bps,-16.597349472797795,,,,
draw,94,conjunction_minus_behavioural_dimensions_return_after_20bps,-29.126456163109395,,,,
draw,95,conjunction_minus_behavioural_dimensions_return_after_20bps,-41.678278258754659,,,,
draw,96,conjunction_minus_behavioural_dimensions_return_after_20bps,-27.095948870797205,,,,
draw,97,conjunction_minus_behavioural_dimensions_return_after_20bps,-54.901871687769692,,,,
draw,98,conjunction_minus_behavioural_dimensions_return_after_20bps,-38.963548833060123,,,,
draw,99,conjunction_minus_behavioural_dimensions_return_after_20bps,-3.8419664439357257,,,,
draw,100,conjunction_minus_behavioural_dimensions_return_after_20bps,-38.837577410746739,,,,
draw,101,conjunction_minus_behavioural_dimensions_return_after_20bps,-2.3054479390864677,,,,
draw,102,conjunction_minus_behavioural_dimensions_return_after_20bps,-56.541900229178225,,,,
draw,103,conjunction_minus_behavioural_dimensions_return_after_20bps,-24.344806942015033,,,,
draw,104,conjunction_minus_behavioural_dimensions_return_after_20bps,-7.5305975202857081,,,,
draw,105,conjunction_minus_behavioural_dimensions_return_after_20bps,-4.9939976321327855,,,,
draw,106,conjunction_minus_behavioural_dimensions_return_after_20bps,-26.975458334913,,,,
draw,107,conjunction_minus_behavioural_dimensions_return_after_20bps,-33.966793247592705,,,,
draw,108,conjunction_minus_behavioural_dimensions_return_after_20bps,-10.460669327364236,,,,
draw,109,conjunction_minus_behavioural_dimensions_return_after_20bps,-9.4532544305031276,,,,
draw,110,conjunction_minus_behavioural_dimensions_return_after_20bps,-16.741619103804279,,,,
draw,111,conjunction_minus_behavioural_dimensions_return_after_20bps,-30.025579701925057,,,,
draw,112,conjunction_minus_behavioural_dimensions_return_after_20bps,-17.328671642057142,,,,
draw,113,conjunction_minus_behavioural_dimensions_return_after_20bps,-49.285579430988051,,,,
draw,114,conjunction_minus_behavioural_dimensions_return_after_20bps,-17.206349610974222,,,,
draw,115,conjunction_minus_behavioural_dimensions_return_after_20bps,-48.538913693664107,,,,
draw,116,conjunction_minus_behavioural_dimensions_return_after_20bps,-1.2127030639176837,,,,
draw,117,conjunction_minus_behavioural_dimensions_return_after_20bps,-46.828711744576594,,,,
draw,118,conjunction_minus_behavioural_dimensions_return_after_20bps,-41.803857901987399,,,,
draw,119,conjunction_minus_behavioural_dimensions_return_after_20bps,-18.395343946072074,,,,
draw,120,conjunction_minus_behavioural_dimensions_return_after_20bps,-33.066190771330746,,,,
draw,121,conjunction_minus_behavioural_dimensions_return_after_20bps,6.6213973215597166,,,,
draw,122,conjunction_minus_behavioural_dimensions_return_after_20bps,-49.655253944239533,,,,
draw,123,conjunction_minus_behavioural_dimensions_return_after_20bps,-19.624846870556009,,,,
draw,124,conjunction_minus_behavioural_dimensions_return_after_20bps,-33.038436092519092,,,,
draw,125,conjunction_minus_behavioural_dimensions_return_after_20bps,-47.438606719612608,,,,
draw,126,conjunction_minus_behavioural_dimensions_return_after_20bps,-26.919818055334726,,,,
draw,127,conjunction_minus_behavioural_dimensions_return_after_20bps,-21.613290538050162,,,,
draw,128,conjunction_minus_behavioural_dimensions_return_after_20bps,-38.968572988356492,,,,
draw,129,conjunction_minus_behavioural_dimensions_return_after_20bps,-4.301608544955263,,,,
draw,130,conjunction_minus_behavioural_dimensions_return_after_20bps,-50.457887657869996,,,,
draw,131,conjunction_minus_behavioural_dimensions_return_after_20bps,-3.9804969902119587,,,,
draw,132,conjunction_minus_behavioural_dimensions_return_after_20bps,-29.690654585473638,,,,
draw,133,conjunction_minus_behavioural_dimensions_return_after_20bps,-53.412381829406932,,,,
draw,134,conjunction_minus_behavioural_dimensions_return_after_20bps,-7.5047583706913672,,,,
draw,135,conjunction_minus_behavioural_dimensions_return_after_20bps,-6.0454466988416051,,,,
draw,136,conjunction_minus_behavioural_dimensions_return_after_20bps,-19.526456821435215,,,,
draw,137,conjunction_minus_behavioural_dimensions_return_after_20bps,-69.277656098868022,,,,
draw,138,conjunction_minus_behavioural_dimensions_return_after_20bps,-37.692192649914382,,,,
draw,139,conjunction_minus_behavioural_dimensions_return_after_20bps,-44.89139734857384,,,,
draw,140,conjunction_minus_behavioural_dimensions_return_after_20bps,-32.345653594630811,,,,
draw,141,conjunction_minus_behavioural_dimensions_return_after_20bps,-6.451423621462534,,,,
draw,142,conjunction_minus_behavioural_dimensions_return_after_20bps,-39.927743439067463,,,,
draw,143,conjunction_minus_behavioural_dimensions_return_after_20bps,-52.219401812264572,,,,
draw,144,conjunction_minus_behavioural_dimensions_return_after_20bps,-37.126661400298595,,,,
draw,145,conjunction_minus_behavioural_dimensions_return_after_20bps,7.5472782464981565,,,,
draw,146,conjunction_minus_behavioural_dimensions_return_after_20bps,-25.016279306831628,,,,
draw,147,conjunction_minus_behavioural_dimensions_return_after_20bps,-52.062991605217256,,,,
draw,148,conjunction_minus_behavioural_dimensions_return_after_20bps,-57.991386383463805,,,,
draw,149,conjunction_minus_behavioural_dimensions_return_after_20bps,-45.51721293706219,,,,
draw,150,conjunction_minus_behavioural_dimensions_return_after_20bps,-15.132212841077127,,,,
draw,151,conjunction_minus_behavioural_dimensions_return_after_20bps,-43.356230077666659,,,,
draw,152,conjunction_minus_behavioural_dimensions_return_after_20bps,-40.879651406026113,,,,
draw,153,conjunction_minus_behavioural_dimensions_return_after_20bps,-37.482663022523695,,,,
draw,154,conjunction_minus_behavioural_dimensions_return_after_20bps,-12.881035924455864,,,,
draw,155,conjunction_minus_behavioural_dimensions_return_after_20bps,-71.01056860732902,,,,
draw,156,conjunction_minus_behavioural_dimensions_return_after_20bps,-30.855370279599569,,,,
draw,157,conjunction_minus_behavioural_dimensions_return_after_20bps,-27.837912395209976,,,,
draw,158,conjunction_minus_behavioural_dimensions_return_after_20bps,-48.019410965212977,,,,
draw,159,conjunction_minus_behavioural_dimensions_return_after_20bps,-52.671768142393141,,,,
draw,160,conjunction_minus_behavioural_dimensions_return_after_20bps,-27.916051290234858,,,,
draw,161,conjunction_minus_behavioural_dimensions_return_after_20bps,-50.095284162230968,,,,
draw,162,conjunction_minus_behavioural_dimensions_return_after_20bps,-27.952385946217976,,,,
draw,163,conjunction_minus_behavioural_dimensions_return_after_20bps,-26.267441751758703,,,,
draw,164,conjunction_minus_behavioural_dimensions_return_after_20bps,-51.477157129942057,,,,
draw,165,conjunction_minus_behavioural_dimensions_return_after_20bps,4.5042458420303824,,,,
draw,166,conjunction_minus_behavioural_dimensions_return_after_20bps,-40.863534338296567,,,,
draw,167,conjunction_minus_behavioural_dimensions_return_after_20bps,-31.000019992934199,,,,
draw,168,conjunction_minus_behavioural_dimensions_return_after_20bps,-46.699516345909203,,,,
draw,169,conjunction_minus_behavioural_dimensions_return_after_20bps,-23.556658283160829,,,,
draw,170,conjunction_minus_behavioural_dimensions_return_after_20bps,-25.698861795270542,,,,
draw,171,conjunction_minus_behavioural_dimensions_return_after_20bps,-28.518990320738677,,,,
draw,172,conjunction_minus_behavioural_dimensions_return_after_20bps,-58.900717732822031,,,,
draw,173,conjunction_minus_behavioural_dimensions_return_after_20bps,-53.788323566505596,,,,
draw,174,conjunction_minus_behavioural_dimensions_return_after_20bps,4.6526710022651532,,,,
draw,175,conjunction_minus_behavioural_dimensions_return_after_20bps,-31.385181950553481,,,,
draw,176,conjunction_minus_behavioural_dimensions_return_after_20bps,-30.1923615157562,,,,
draw,177,conjunction_minus_behavioural_dimensions_return_after_20bps,-0.40982225430839847,,,,
draw,178,conjunction_minus_behavioural_dimensions_return_after_20bps,-36.627896672753963,,,,
draw,179,conjunction_minus_behavioural_dimensions_return_after_20bps,-0.058306812997140516,,,,
draw,180,conjunction_minus_behavioural_dimensions_return_after_20bps,-37.637962833486306,,,,
draw,181,conjunction_minus_behavioural_dimensions_return_after_20bps,-4.4984815352784588,,,,
draw,182,conjunction_minus_behavioural_dimensions_return_after_20bps,-25.089741648949175,,,,
draw,183,conjunction_minus_behavioural_dimensions_return_after_20bps,-23.811934473107986,,,,
draw,184,conjunction_minus_behavioural_dimensions_return_after_20bps,-14.448360888924187,,,,
draw,185,conjunction_minus_behavioural_dimensions_return_after_20bps,-11.660660939158126,,,,
draw,186,conjunction_minus_behavioural_dimensions_return_after_20bps,-43.576731988002784,,,,
draw,187,conjunction_minus_behavioural_dimensions_return_after_20bps,-37.819560358331678,,,,
draw,188,conjunction_minus_behavioural_dimensions_return_after_20bps,-30.947824322470105,,,,
draw,189,conjunction_minus_behavioural_dimensions_return_after_20bps,-34.243520255753623,,,,
draw,190,conjunction_minus_behavioural_dimensions_return_after_20bps,-40.077296681679826,,,,
draw,191,conjunction_minus_behavioural_dimensions_return_after_20bps,-8.249534134613981,,,,
draw,192,conjunction_minus_behavioural_dimensions_return_after_20bps,-30.726091207858133,,,,
draw,193,conjunction_minus_behavioural_dimensions_return_after_20bps,-5.122327603805652,,,,
draw,194,conjunction_minus_behavioural_dimensions_return_after_20bps,-23.218176406679095,,,,
draw,195,conjunction_minus_behavioural_dimensions_return_after_20bps,2.0155180838026725,,,,
draw,196,conjunction_minus_behavioural_dimensions_return_after_20bps,-34.575257635206995,,,,
draw,197,conjunction_minus_behavioural_dimensions_return_after_20bps,-36.281653523688334,,,,
draw,198,conjunction_minus_behavioural_dimensions_return_after_20bps,-29.46494583342318,,,,
draw,199,conjunction_minus_behavioural_dimensions_return_after_20bps,21.346117616537963,,,,
summary,-1,D2_minus_D1_brier_improvement,-0.0034449048654396647,-0.0068718386715956228,0.00012944245249814912,-0.0070422208538462074,0.00043101119222397586
summary,-1,D2_minus_D1_log_loss_improvement,-0.0084062625251835957,-0.016059841301432641,-0.00086151066326639744,-0.016409797939582953,0.00047715432792141049
summary,-1,D3_minus_D2_brier_improvement,-0.0014766063537972858,-0.0026215336615228648,-0.00032760525627623425,-0.0029555132452674022,-0.00019399140362776963
summary,-1,P2_minus_P1_brier_improvement,0.0011386754333323262,-3.6650833134792271e-05,0.0024121639390759764,-0.00024480684453311583,0.0027285987195270721
summary,-1,P2_minus_P1_log_loss_improvement,0.0055480085882132976,0.0021310416237681957,0.0094403480613215358,0.0012158093592695097,0.0099457248920817466
summary,-1,P3_minus_P2_brier_improvement,-0.00038493353993820174,-0.00080603208426998914,-9.2142382709966409e-06,-0.00090210119068096851,8.2145777820942048e-05
summary,-1,behavioural_dimensions_minus_predecessor_return_after_20bps,-25.162848293939078,-66.768412490533066,20.376606827531919,-86.510206589914205,25.777692149195278
summary,-1,conjunction_minus_behavioural_dimensions_return_after_20bps,-28.301869644991189,-57.272607855600413,1.4588155399760705,-69.320978911579545,6.2069110456729835
