row_id,stock,session,period,checkpoint,checkpoint_timestamp_utc,feature_available_timestamp_utc,entry_timestamp,row_weight,stock_local_checkpoints_in_session,required_options_date,options_observation_date,front_expiration_date,option_dte,atm_iv,M0_probability,M1C_probability,m1c_bottom_5_percent,m1c_bottom_10_percent,m1c_bottom_20_percent,m0_bottom_5_percent,m0_bottom_10_percent,m0_bottom_20_percent,m1c_score_decile,checkpoint_group,month,atm_iv_quartile,previous_close_atm_iv_group,stock_local_volatility,stock_local_volatility_group,market_volatility,market_volatility_group,market_volatility_fallback_used,market_volatility_fallback_level,market_return_through_checkpoint,market_return_through_checkpoint_fallback_used,market_return_through_checkpoint_fallback_level,market_up_down,market_quiet_active,option_dte_group,front_options_implied_tension,front_options_premium_richness,front_options_downside_asymmetry,front_options_liquidity_stress,front_options_positioning_concentration,front_options_directional_positioning,front_options_surface_disagreement,front_options_regime_p_0,front_options_regime_p_1,front_options_regime_p_2,front_options_regime_p_3,front_options_regime_entropy,front_options_regime_margin,skew_25d_missing,near_spot_oi_concentration_missing,call_put_oi_imbalance_missing,checkpoint_6,checkpoint_8,checkpoint_10,checkpoint_12,checkpoint_14,checkpoint_16,checkpoint_18,checkpoint_20,checkpoint_22,checkpoint_24,checkpoint_26,checkpoint_28,checkpoint_30,checkpoint_32,checkpoint_34,arousal,conviction,prior_6_mean_range,prior_6_price_travel,prior_6_absolute_net_movement,prior_6_activity_proxy,recent_vs_earlier_range_ratio,recent_vs_earlier_activity_ratio,current_bar_range_vs_prior_6,current_bar_activity_vs_prior_6,current_bar_body_fraction,current_bar_extreme_wick_fraction,available_15m,terminal_iv_residual_15m,movement_remains_below_iv_15m,movement_exceeds_iv_15m,absolute_return_15m,signed_return_15m,iv_sigma_15m,iv_expected_absolute_15m,maximum_up_excursion_15m,maximum_down_excursion_15m,maximum_absolute_excursion_15m,excursion_sigma_ratio_15m,large_excursion_mean_reverted_15m,high_tail_previous_60m,high_tail_following_60m,high_tail_within_60m,surprise_event_id,trigger_row_id,trigger_checkpoint,trigger_timestamp,last_trigger_timestamp,member_count,member_row_ids,multiple_checkpoint_rows,maximum_excursion_sigma_ratio,extreme_surprise_mover,excursion_window_end,representation,sigma_threshold,surprise_definition,quiet_run_id,run_start_timestamp,run_end_timestamp,last_checkpoint,quiet_episode_id,prospective_entry_timestamp,previous_m1c_probability,current_m1c_probability,episode_number,minutes_since_previous_quiet_episode
APLD|2025-05-30|34,APLD,2025-05-30,assessment,34,2025-05-30 16:15:00+00:00,2025-05-30 16:20:00+00:00,2025-05-30 16:20:00+00:00,0.06666666666666667,15,2025-05-29,2025-05-29,2025-06-06,7,1.07355,0.16855277627355258,0.13049942277515203,False,True,True,False,False,True,1,late,2025-05,3,high,0.004549452444739741,high,0.0009764922344116494,high,False,none,-0.0021268014355857222,False,none,down,active,7-10 DTE,0.0671427515139182,-0.04636318259713022,-0.6485234299835195,-0.07852105644830797,-0.6751622819102719,1.0034700428921373,0.36385830066935076,0.9288211735526072,0.0,0.07117882644739276,0.0,0.25667758661497947,0.8576423471052144,0.0,0.0,0.0,0.0,0.0,0.0,0.0,0.0,0.0,0.0,0.0,0.0,0.0,0.0,0.0,0.0,0.0,1.0,-0.07776078444251548,-0.6045594823327478,0.07892065821036989,0.3656939481099708,0.3696012637269751,0.20297216683546976,0.37770778615601797,0.5279094237318942,-0.23504211226480737,1.0547558037463218,0.2801413621941289,-0.2508068709780597,True,0.011396720654261117,False,True,0.02197890671877534,-0.02197890671877534,0.013262803398358752,0.010582186064514224,0.0,-0.027922460619623377,0.027922460619623377,2.105321158645344,False,False,False,False,surprise-1_5-d615a970362ea417beceff8a,APLD|2025-05-30|34,34,2025-05-30 16:20:00+00:00,2025-05-30 16:20:00+00:00,1,"[""APLD|2025-05-30|34""]",False,2.105321158645344,True,2025-05-30 16:35:00+00:00,raw_checkpoint_rows,1.5,excursion_sigma_ratio_15m >= 1.5,,,,,,,,,,
ASTS|2025-01-02|34,ASTS,2025-01-02,assessment,34,2025-01-02 17:15:00+00:00,2025-01-02 17:20:00+00:00,2025-01-02 17:20:00+00:00,0.06666666666666667,15,2024-12-31,2024-12-31,2025-01-10,8,0.8705499999999999,0.15150260248277927,0.13241332415457166,False,True,True,False,True,True,1,late,2025-01,2,low,0.0022706892684091675,low,0.0012183421823332764,high,False,none,-0.0020260860409260367,False,none,down,active,7-10 DTE,0.08907166050061542,0.18282665624915845,-0.29677250754800233,-0.13941493695924012,-0.15288709759560923,-0.29643343383930987,0.016653594478773192,0.9991506719126418,0.0,0.0008493280873589477,0.0,0.006854621423697159,0.9983013438252829,0.0,0.0,0.0,0.0,0.0,0.0,0.0,0.0,0.0,0.0,0.0,0.0,0.0,0.0,0.0,0.0,0.0,1.0,-0.2420498781039739,0.8206979776784858,-0.31315618568371506,-0.626276920761698,-0.3984400333023327,-0.5368343071808187,-0.225484458297876,1.4328661892702463,0.0732182077678672,0.6528365142144866,-0.7111462043682774,0.977785733763343,True,0.010536383390803533,False,True,0.019117559934479056,-0.019117559934479056,0.010754909876988693,0.008581176543675522,0.0,-0.020497233673211886,0.020497233673211886,1.905848947666415,False,False,False,False,surprise-1_5-663159496c2ca59595d39fc3,ASTS|2025-01-02|34,34,2025-01-02 17:20:00+00:00,2025-01-02 17:20:00+00:00,1,"[""ASTS|2025-01-02|34""]",False,1.905848947666415,False,2025-01-02 17:35:00+00:00,raw_checkpoint_rows,1.5,excursion_sigma_ratio_15m >= 1.5,,,,,,,,,,
CIFR|2025-03-05|28,CIFR,2025-03-05,assessment,28,2025-03-05 16:45:00+00:00,2025-03-05 16:50:00+00:00,2025-03-05 16:50:00+00:00,0.06666666666666667,15,2025-03-04,2025-03-04,2025-03-14,9,1.50955,0.12621462250540064,0.10119908912596788,True,True,True,True,True,True,1,late,2025-03,4,high,0.004701038075344657,high,0.0014822458625796907,high,False,none,-0.006136900762402109,False,none,down,active,7-10 DTE,1.449790409098304,1.6060060217120506,0.5790771738125216,0.9472675434704612,-1.1910141004567547,-1.0694039640438744,2.0750068571540505,5.541336768834493e-25,0.0,1.0,0.0,1.9139099158767144e-23,1.0,0.0,0.0,0.0,0.0,0.0,0.0,0.0,0.0,0.0,0.0,0.0,0.0,0.0,0.0,1.0,0.0,0.0,0.0,0.17337443471837324,-0.8124794284022109,-0.3990134661603855,-0.2467271856409182,-0.5669888775811825,-0.10443637580680805,0.02193293895755465,0.20999692686103755,0.02703334192426398,2.0837772431854193,0.5804272017109147,-0.6275551339877304,True,0.005712572700735465,False,True,0.020592493499661874,0.020592493499661874,0.01864921509942942,0.014879920798926409,0.03576345834351062,-0.0030475519464940332,0.03576345834351062,1.9176924149846462,False,False,False,False,surprise-1_5-de7d2cf9d1dff38184994a2c,CIFR|2025-03-05|28,28,2025-03-05 16:50:00+00:00,2025-03-05 16:50:00+00:00,1,"[""CIFR|2025-03-05|28""]",False,1.9176924149846462,False,2025-03-05 17:05:00+00:00,raw_checkpoint_rows,1.5,excursion_sigma_ratio_15m >= 1.5,,,,,,,,,,
HIMS|2025-02-12|32,HIMS,2025-02-12,assessment,32,2025-02-12 17:05:00+00:00,2025-02-12 17:10:00+00:00,2025-02-12 17:10:00+00:00,0.06666666666666667,15,2025-02-11,2025-02-11,2025-02-21,9,0.946,0.14985848951883554,0.12194573918589734,False,True,True,False,True,True,1,late,2025-02,3,high,0.0011732716024215198,low,0.0005632708490267162,high,False,none,0.00734349244844412,False,none,up,active,7-10 DTE,0.3942582995660238,0.5676481465399655,-0.14997674736335734,0.0878166511832814,-0.40841649284538256,-0.26544389080222314,-0.007781534117200242,0.9889013308185435,0.0,0.011098669181457084,0.0,0.06099118369469382,0.9778026616370864,0.0,0.0,0.0,0.0,0.0,0.0,0.0,0.0,0.0,0.0,0.0,0.0,0.0,0.0,0.0,0.0,1.0,0.0,-0.3392212799949365,0.7702282825060452,-0.3536575055924997,-0.7851166825472536,-0.05443004018448543,-0.4423536061950622,-0.08272181140905338,0.10615916094705362,0.32928153574818364,0.7537972023221896,-0.3708130069688323,0.357401173619786,True,0.00913027486550617,False,True,0.01845517637640967,0.01845517637640967,0.011687030892690027,0.009324901510903502,0.025261679839479113,-0.0015721507657687987,0.025261679839479113,2.1615139096721485,False,False,False,False,surprise-1_5-31469a990b98e61c31f361de,HIMS|2025-02-12|32,32,2025-02-12 17:10:00+00:00,2025-02-12 17:10:00+00:00,1,"[""HIMS|2025-02-12|32""]",False,2.1615139096721485,True,2025-02-12 17:25:00+00:00,raw_checkpoint_rows,1.5,excursion_sigma_ratio_15m >= 1.5,,,,,,,,,,
IREN|2025-06-16|34,IREN,2025-06-16,assessment,34,2025-06-16 16:15:00+00:00,2025-06-16 16:20:00+00:00,2025-06-16 16:20:00+00:00,0.06666666666666667,15,2025-06-13,2025-06-13,2025-06-27,11,0.84745,0.18601715975632582,0.12894400962917457,False,True,True,False,False,False,1,late,2025-06,2,low,0.004451749285225816,high,0.00042401451006673663,low,False,none,0.004168699943912048,False,none,up,quiet,11-16 DTE,0.18781043691385316,0.35327200599689773,-0.5830662094273484,-0.0218330920451085,1.102008863876273,1.2252631311344468,0.23849710702653507,0.9187796066479718,0.0,0.0812203933520287,0.0,0.2817399245371198,0.8375592132959431,0.0,0.0,0.0,0.0,0.0,0.0,0.0,0.0,0.0,0.0,0.0,0.0,0.0,0.0,0.0,0.0,0.0,1.0,-0.2866047760193771,-0.2412343261636145,-0.6614009271337908,-0.06742389989140181,-0.27985015151772435,-0.2356318956393161,0.7239359508704538,0.0467543599004593,-0.07678624503420055,0.010321741834728582,0.26208100842197773,-0.009884262501683132,True,0.013517262397518786,False,True,0.021870737857788525,0.021870737857788525,0.01046952889007417,0.00835347546026974,0.022650009278482267,-0.0004981320649088206,0.022650009278482267,2.1634220139353744,False,False,False,False,surprise-1_5-33eef78ac93fe0963bf8ee91,IREN|2025-06-16|34,34,2025-06-16 16:20:00+00:00,2025-06-16 16:20:00+00:00,1,"[""IREN|2025-06-16|34""]",False,2.1634220139353744,True,2025-06-16 16:35:00+00:00,raw_checkpoint_rows,1.5,excursion_sigma_ratio_15m >= 1.5,,,,,,,,,,
MARA|2025-06-26|34,MARA,2025-06-26,assessment,34,2025-06-26 16:15:00+00:00,2025-06-26 16:20:00+00:00,2025-06-26 16:20:00+00:00,0.06666666666666667,15,2025-06-25,2025-06-25,2025-07-03,7,0.59295,0.18510666920005525,0.1250060710273612,False,True,True,False,False,False,1,late,2025-06,1,low,0.0010502250156474698,low,0.0003251959071972151,low,False,none,0.0036554806334466203,False,none,up,quiet,7-10 DTE,-0.5612800479164259,-0.5242678937573446,0.2087930060659919,-0.3478919028751399,0.18815911566830212,-0.5326024415951307,-0.3262949354788243,0.9999345065946584,0.0,6.549340534171404e-05,0.0,0.0006964259827520758,0.9998690131893168,0.0,0.0,0.0,0.0,0.0,0.0,0.0,0.0,0.0,0.0,0.0,0.0,0.0,0.0,0.0,0.0,0.0,1.0,-0.7329622135759454,-0.8243843469829698,-1.2528906514726397,-1.2703214061887882,-0.37573717119102307,-0.16311290534196995,0.5497565784172888,-0.8046558599985494,0.5984563669728165,-0.26873377639238105,-0.8937297371348896,1.1473351520637516,True,0.013760394053411973,False,True,0.019605214720314967,0.019605214720314967,0.0073253963719033316,0.0058448206669029935,0.0330062986471992,-0.0006712991413995294,0.0330062986471992,4.505735521601209,False,False,False,False,surprise-1_5-e288adad711fc08b9b5e0f33,MARA|2025-06-26|34,34,2025-06-26 16:20:00+00:00,2025-06-26 16:20:00+00:00,1,"[""MARA|2025-06-26|34""]",False,4.505735521601209,True,2025-06-26 16:35:00+00:00,raw_checkpoint_rows,1.5,excursion_sigma_ratio_15m >= 1.5,,,,,,,,,,
MARA|2025-06-27|34,MARA,2025-06-27,assessment,34,2025-06-27 16:15:00+00:00,2025-06-27 16:20:00+00:00,2025-06-27 16:20:00+00:00,0.06666666666666667,15,2025-06-26,2025-06-26,2025-07-03,6,0.5492,0.18444719416943248,0.10747772000179814,True,True,True,False,False,False,1,late,2025-06,1,low,0.0016960307201067846,low,0.00019650094889083448,low,False,none,0.004433796446873528,False,none,up,quiet,unsupported_DTE,-0.5675320482409221,-0.4913406193806745,0.0071881216659172575,-0.25609491700104076,0.515617338347088,-0.37387021419923383,-0.22899065956881182,0.9999584518389241,0.0,4.1548161075170125e-05,0.0,0.0004607124562955978,0.9999169036778489,0.0,0.0,0.0,0.0,0.0,0.0,0.0,0.0,0.0,0.0,0.0,0.0,0.0,0.0,0.0,0.0,0.0,1.0,-1.0296032580257661,0.03335866574306023,-1.2167939342343135,-0.9158104906622091,-0.13661133965596275,-0.1334173055090117,-0.07921966784465322,-0.6870474538431353,0.4302761597779127,-0.7498776133956644,-0.041519710446175265,0.5994930912198988,True,0.0053339701085834326,False,True,0.010747538723581534,0.010747538723581534,0.006784902078504613,0.005413568614998102,0.011718819388292142,0.0,0.011718819388292142,1.7271906434274977,False,False,False,False,surprise-1_5-d4922071a56c0350c5c60de5,MARA|2025-06-27|34,34,2025-06-27 16:20:00+00:00,2025-06-27 16:20:00+00:00,1,"[""MARA|2025-06-27|34""]",False,1.7271906434274977,False,2025-06-27 16:35:00+00:00,raw_checkpoint_rows,1.5,excursion_sigma_ratio_15m >= 1.5,,,,,,,,,,
MSTR|2025-02-12|28,MSTR,2025-02-12,assessment,28,2025-02-12 16:45:00+00:00,2025-02-12 16:50:00+00:00,2025-02-12 16:50:00+00:00,0.06666666666666667,15,2025-02-11,2025-02-11,2025-02-21,9,0.68605,0.17072797861749348,0.13453010851075062,False,True,True,False,False,True,1,late,2025-02,2,low,0.0016583305111753097,low,0.0005429204958353895,high,False,none,0.005382617356245698,False,none,up,active,7-10 DTE,-0.2129160845998638,-0.09174757369184734,0.2110169601884406,-0.41510393811106705,1.268194280057946,-0.3042627417414469,-0.3950151183486548,0.9997326171401815,0.0,0.00026738285981808894,0.0,0.002467060173688434,0.9994652342803634,0.0,0.0,0.0,0.0,0.0,0.0,0.0,0.0,0.0,0.0,0.0,0.0,0.0,0.0,1.0,0.0,0.0,0.0,-0.5801625341891813,-0.05905982101037097,-1.1563952454643351,-1.2160718749511334,-0.5204431005670567,-0.36604030555184197,0.8382440761547572,0.681779049888326,0.0002617695821362947,0.013898871690554355,-0.9447009491913048,1.2473397309900185,True,0.005886879332395511,False,True,0.012649404365752116,0.012649404365752116,0.008475568228255808,0.006762525033356605,0.01406254708034812,-0.0008450279717430701,0.01406254708034812,1.6591863459735103,False,False,False,False,surprise-1_5-96a37e3426bb3433194a4b97,MSTR|2025-02-12|28,28,2025-02-12 16:50:00+00:00,2025-02-12 16:50:00+00:00,1,"[""MSTR|2025-02-12|28""]",False,1.6591863459735103,False,2025-02-12 17:05:00+00:00,raw_checkpoint_rows,1.5,excursion_sigma_ratio_15m >= 1.5,,,,,,,,,,
MSTR|2025-02-12|34,MSTR,2025-02-12,assessment,34,2025-02-12 17:15:00+00:00,2025-02-12 17:20:00+00:00,2025-02-12 17:20:00+00:00,0.06666666666666667,15,2025-02-11,2025-02-11,2025-02-21,9,0.68605,0.1391492281767927,0.127793825760598,False,True,True,True,True,True,1,late,2025-02,2,low,0.003533615601364185,low,0.000500777626411808,low,False,none,0.008063150355683729,False,none,up,quiet,7-10 DTE,-0.2129160845998638,-0.09174757369184734,0.2110169601884406,-0.41510393811106705,1.268194280057946,-0.3042627417414469,-0.3950151183486548,0.9997326171401815,0.0,0.00026738285981808894,0.0,0.002467060173688434,0.9994652342803634,0.0,0.0,0.0,0.0,0.0,0.0,0.0,0.0,0.0,0.0,0.0,0.0,0.0,0.0,0.0,0.0,0.0,1.0,-0.4366537558726317,0.4547020980799452,-0.30860765633299425,-0.2656925087870876,0.7502455425871777,0.10317751034889922,-0.9719636742313315,-0.8147776175411191,-0.9071964586094273,-0.575724629114366,-0.8554446899246854,0.48770121102744357,True,0.0005809343313044743,False,True,0.007343459364661079,0.007343459364661079,0.008475568228255808,0.006762525033356605,0.01513354364081957,-0.0008012882428574012,0.01513354364081957,1.7855491492100657,True,False,False,False,surprise-1_5-0b671453adf4a7c2e9814357,MSTR|2025-02-12|34,34,2025-02-12 17:20:00+00:00,2025-02-12 17:20:00+00:00,1,"[""MSTR|2025-02-12|34""]",False,1.7855491492100657,False,2025-02-12 17:35:00+00:00,raw_checkpoint_rows,1.5,excursion_sigma_ratio_15m >= 1.5,,,,,,,,,,
MSTR|2025-05-30|34,MSTR,2025-05-30,assessment,34,2025-05-30 16:15:00+00:00,2025-05-30 16:20:00+00:00,2025-05-30 16:20:00+00:00,0.06666666666666667,15,2025-05-29,2025-05-29,2025-06-06,7,0.5569,0.15570284145951746,0.13013614470145857,False,True,True,False,True,True,1,late,2025-05,1,low,0.0026413819668464145,low,0.0009764922344116494,high,False,none,-0.0021268014355857222,False,none,down,active,7-10 DTE,-0.5054096318328378,-0.4056027231445089,0.2062838843446736,-0.4395355064671208,-0.07844660353003194,-0.6022395230478393,-0.358888785659685,0.9998805848342862,0.0,0.00011941516571295269,0.0,0.0011980738051501458,0.9997611696685733,0.0,0.0,0.0,0.0,0.0,0.0,0.0,0.0,0.0,0.0,0.0,0.0,0.0,0.0,0.0,0.0,0.0,1.0,-0.6260431650896416,-0.11287296527978812,-0.8986585043797135,-0.44284578573455796,0.10653913449338748,-0.3173904337572298,0.25325276865782476,0.20969533644168417,0.31318579002925506,2.017126368082744,0.34845854669932386,-0.2872866082613349,True,0.005015125866879249,False,True,0.010504594843012612,-0.010504594843012612,0.006880029074142787,0.0054894689761333625,1.8378576503829442e-05,-0.013540816096938076,0.013540816096938076,1.968133557147366,False,False,False,False,surprise-1_5-66783fadc5016cb5ee9115ab,MSTR|2025-05-30|34,34,2025-05-30 16:20:00+00:00,2025-05-30 16:20:00+00:00,1,"[""MSTR|2025-05-30|34""]",False,1.968133557147366,False,2025-05-30 16:35:00+00:00,raw_checkpoint_rows,1.5,excursion_sigma_ratio_15m >= 1.5,,,,,,,,,,
RGTI|2025-06-27|32,RGTI,2025-06-27,assessment,32,2025-06-27 16:05:00+00:00,2025-06-27 16:10:00+00:00,2025-06-27 16:10:00+00:00,0.06666666666666667,15,2025-06-26,2025-06-26,2025-07-11,14,0.77605,0.15846505497063665,0.10614888281152964,True,True,True,False,False,True,1,late,2025-06,2,low,0.0011335470608910562,low,0.00016939643070121906,low,False,none,0.004416031302233181,False,none,up,quiet,11-16 DTE,-0.11200706023408613,-0.027412031147918917,-0.5136117866919874,0.32129686071319696,-0.3733977573830997,0.16321081085473488,0.6462605079604878,0.5492483825286887,0.0,0.4507516174713114,0.0,0.688288500159005,0.09849676505737726,0.0,0.0,0.0,0.0,0.0,0.0,0.0,0.0,0.0,0.0,0.0,0.0,0.0,0.0,0.0,0.0,1.0,0.0,-0.7112824968137156,-0.2251728117814228,-1.0463238047489003,-0.8504424202168991,-0.18467944762490726,-0.21862200098449686,0.001839304094614271,0.30218708660069055,0.5712723947305687,0.3806514499701941,-0.3542336324609342,0.42583187556290786,True,0.005918576973056117,False,True,0.013568249084617073,0.013568249084617073,0.00958744220324746,0.007649672111560956,0.01594373968285427,0.0,0.01594373968285427,1.6629815693481649,False,False,False,False,surprise-1_5-0406bb7d6ef5dad7f5a86374,RGTI|2025-06-27|32,32,2025-06-27 16:10:00+00:00,2025-06-27 16:10:00+00:00,1,"[""RGTI|2025-06-27|32""]",False,1.6629815693481649,False,2025-06-27 16:25:00+00:00,raw_checkpoint_rows,1.5,excursion_sigma_ratio_15m >= 1.5,,,,,,,,,,
RIOT|2025-03-05|28,RIOT,2025-03-05,assessment,28,2025-03-05 16:45:00+00:00,2025-03-05 16:50:00+00:00,2025-03-05 16:50:00+00:00,0.06666666666666667,15,2025-03-04,2025-03-04,2025-03-14,9,1.12865,0.13864539332269374,0.11392164484230369,True,True,True,True,True,True,1,late,2025-03,3,high,0.0036836327303170174,low,0.0014822458625796907,high,False,none,-0.006136900762402109,False,none,down,active,7-10 DTE,0.7085430688443412,0.8624568215133814,-0.06666829997953763,-0.34873232832391693,-0.2483763788805317,-0.23883765080870017,-0.15913366732441367,0.9657913909027199,0.0,0.034208609097279956,0.0,0.14908026972460361,0.93158278180544,0.0,0.0,0.0,0.0,0.0,0.0,0.0,0.0,0.0,0.0,0.0,0.0,0.0,0.0,1.0,0.0,0.0,0.0,-0.24196517358241695,-0.24291321029042104,0.0532657913009596,-0.35113662149392944,-0.0957265710378435,-0.27775659043905254,0.7070746435424008,-0.4890994541154637,0.13065329385202015,0.34898340025066643,-0.5421663656896134,0.4651112317585556,True,0.003430982249153648,False,True,0.01455629946932409,0.01455629946932409,0.013943517354159196,0.011125317220170442,0.029473387884281704,-0.0012558030005884928,0.029473387884281704,2.113769942946021,True,False,False,False,surprise-1_5-492e28fa68efc6e797c4578b,RIOT|2025-03-05|28,28,2025-03-05 16:50:00+00:00,2025-03-05 16:50:00+00:00,1,"[""RIOT|2025-03-05|28""]",False,2.113769942946021,True,2025-03-05 17:05:00+00:00,raw_checkpoint_rows,1.5,excursion_sigma_ratio_15m >= 1.5,,,,,,,,,,
RIOT|2025-07-10|34,RIOT,2025-07-10,assessment,34,2025-07-10 16:15:00+00:00,2025-07-10 16:20:00+00:00,2025-07-10 16:20:00+00:00,0.06666666666666667,15,2025-07-09,2025-07-09,2025-07-18,8,0.7837000000000001,0.1525917192245138,0.13073447983255174,False,True,True,False,True,True,1,late,2025-07,2,low,0.0027883056633897668,low,0.00019188963461178843,low,False,none,0.001721251461481488,False,none,up,quiet,7-10 DTE,-0.1337010928869266,-0.0673504596175824,-0.24920072510262806,-0.3812014481010403,-0.03597577987838169,0.9537330280428784,0.006569481344963842,0.999061085309144,0.0,0.0009389146908567187,0.0,0.007483447092635771,0.9981221706182872,0.0,0.0,0.0,0.0,0.0,0.0,0.0,0.0,0.0,0.0,0.0,0.0,0.0,0.0,0.0,0.0,0.0,1.0,-0.3945928075936096,0.40880094490321234,-0.5612967254212253,-0.5601563461645254,-0.2631613630959024,0.5579698457036866,0.23978909754195246,-0.14657930291820723,1.6730478053203583,-0.3408786640476895,-0.04108658302026611,-0.37802365250282194,True,0.006991963712900777,False,True,0.014717043326109102,0.014717043326109102,0.00968195149112175,0.007725079613208325,0.01786124156574484,-0.0004005608225448276,0.01786124156574484,1.8447976712420648,False,False,False,False,surprise-1_5-042df7b39ccbab645e6c7ca1,RIOT|2025-07-10|34,34,2025-07-10 16:20:00+00:00,2025-07-10 16:20:00+00:00,1,"[""RIOT|2025-07-10|34""]",False,1.8447976712420648,False,2025-07-10 16:35:00+00:00,raw_checkpoint_rows,1.5,excursion_sigma_ratio_15m >= 1.5,,,,,,,,,,
RIVN|2025-05-30|34,RIVN,2025-05-30,assessment,34,2025-05-30 16:15:00+00:00,2025-05-30 16:20:00+00:00,2025-05-30 16:20:00+00:00,0.06666666666666667,15,2025-05-29,2025-05-29,2025-06-06,7,0.57265,0.14056474265020366,0.09668774505699038,True,True,True,True,True,True,1,late,2025-05,1,low,0.0019853816872641163,low,0.0009764922344116494,high,False,none,-0.0021268014355857222,False,none,down,active,7-10 DTE,-0.47391227272576303,-0.37358658343472595,0.18135555698286487,-0.4475070369507148,0.20833686463702475,0.3784956344650833,-0.3940536815279782,0.9998388674009019,0.0,0.00016113259909882044,0.0,0.0015683361945355457,0.9996777348018031,0.0,0.0,0.0,0.0,0.0,0.0,0.0,0.0,0.0,0.0,0.0,0.0,0.0,0.0,0.0,0.0,0.0,1.0,-0.8765546063306999,0.10902899274527426,-0.4102011702834261,-0.18957133714107163,0.538861058992314,-0.370298144864987,-0.6254448098931539,-0.46571744242888413,-0.25424597371228075,-0.6722109583140269,-0.5769803318906949,0.9174104278075403,True,0.003565647288136955,False,True,0.009210367002956079,-0.009210367002956079,0.007074607019766326,0.0056447197148191235,0.0003394330482236124,-0.01332443848933819,0.01332443848933819,1.8834174746705405,False,False,False,False,surprise-1_5-d40d524a7289d43f3dffcb11,RIVN|2025-05-30|34,34,2025-05-30 16:20:00+00:00,2025-05-30 16:20:00+00:00,1,"[""RIVN|2025-05-30|34""]",False,1.8834174746705405,False,2025-05-30 16:35:00+00:00,raw_checkpoint_rows,1.5,excursion_sigma_ratio_15m >= 1.5,,,,,,,,,,
SMCI|2025-01-02|34,SMCI,2025-01-02,assessment,34,2025-01-02 17:15:00+00:00,2025-01-02 17:20:00+00:00,2025-01-02 17:20:00+00:00,0.06666666666666667,15,2024-12-31,2024-12-31,2025-01-10,8,0.75285,0.1570616295076915,0.10980622987463991,True,True,True,False,True,True,1,late,2025-01,2,low,0.002896463392011688,low,0.0012183421823332764,high,False,none,-0.0020260860409260367,False,none,down,active,7-10 DTE,-0.1875221366130115,-0.11825076281730776,0.1005268758322446,-0.12938128619323364,0.09195865615863634,-0.47755037863881483,-0.1824632482781375,0.9998636408239148,0.0,0.00013635917608590276,0.0,0.0013499762930658725,0.9997272816478289,0.0,0.0,0.0,0.0,0.0,0.0,0.0,0.0,0.0,0.0,0.0,0.0,0.0,0.0,0.0,0.0,0.0,1.0,-0.43809571142800924,-0.11872381013233639,-0.493545199757311,-0.08082103714793523,-0.5041915660645568,-0.23545143274698868,0.8021904960118619,0.41023926378974496,-0.04367773147836947,-0.43155396244192024,0.04777314529424493,0.1751013647617071,True,0.008679247471128563,False,True,0.016100232780307953,-0.016100232780307953,0.009300825800805167,0.00742098530917939,0.0005213438680607636,-0.016789440086678632,0.016789440086678632,1.8051558479269683,False,False,False,False,surprise-1_5-00b78a41f00f2f09bbaf5317,SMCI|2025-01-02|34,34,2025-01-02 17:20:00+00:00,2025-01-02 17:20:00+00:00,1,"[""SMCI|2025-01-02|34""]",False,1.8051558479269683,False,2025-01-02 17:35:00+00:00,raw_checkpoint_rows,1.5,excursion_sigma_ratio_15m >= 1.5,,,,,,,,,,
SMCI|2025-05-30|34,SMCI,2025-05-30,assessment,34,2025-05-30 16:15:00+00:00,2025-05-30 16:20:00+00:00,2025-05-30 16:20:00+00:00,0.06666666666666667,15,2025-05-29,2025-05-29,2025-06-06,7,0.7674000000000001,0.18210789326870871,0.12100187018822603,False,True,True,False,False,True,1,late,2025-05,2,low,0.002843794995137673,low,0.0009764922344116494,high,False,none,-0.0021268014355857222,False,none,down,active,7-10 DTE,-0.5243486011741002,-0.6375599853563737,0.23351032706207447,-0.509713444474476,0.19854703309537639,-0.08682692406366745,-0.43466612176588665,0.9998653118321682,0.0,0.00013468816783250562,0.0,0.0013350939008175589,0.9997306236643357,0.0,0.0,0.0,0.0,0.0,0.0,0.0,0.0,0.0,0.0,0.0,0.0,0.0,0.0,0.0,0.0,0.0,1.0,-0.448487231172757,0.33215881584120205,-0.7433220208315879,-0.20996023418492663,-0.8338168765267833,-0.256634273545358,0.8836920698772477,-0.27496468570098365,-0.07652515498516003,-0.20172342883330768,0.850303422032515,-1.0337592056756049,True,0.006671630988901673,False,True,0.014236038409057433,-0.014236038409057433,0.009480578760095485,0.00756440742015576,0.001089814334966996,-0.018301453746444443,0.018301453746444443,1.930415242321103,False,False,False,False,surprise-1_5-b6cfb79d1d4944531506c284,SMCI|2025-05-30|34,34,2025-05-30 16:20:00+00:00,2025-05-30 16:20:00+00:00,1,"[""SMCI|2025-05-30|34""]",False,1.930415242321103,False,2025-05-30 16:35:00+00:00,raw_checkpoint_rows,1.5,excursion_sigma_ratio_15m >= 1.5,,,,,,,,,,
SOFI|2025-02-11|28,SOFI,2025-02-11,assessment,28,2025-02-11 16:45:00+00:00,2025-02-11 16:50:00+00:00,2025-02-11 16:50:00+00:00,0.06666666666666667,15,2025-02-10,2025-02-10,2025-02-21,10,0.5192,0.16375705697293935,0.13454933184206416,False,True,True,False,False,True,1,late,2025-02,1,low,0.0012129241864111612,low,0.0002894518146723402,low,False,none,0.002774532493365618,False,none,up,quiet,7-10 DTE,-0.7066258162050287,-0.6709719399919216,0.018765882036406306,-0.4025195570456168,0.1402761097331796,-0.41457664201738853,-0.2777735874212575,0.999953029177579,0.0,4.6970822420290574e-05,0.0,0.0005150801815677271,0.9999060583551587,0.0,0.0,0.0,0.0,0.0,0.0,0.0,0.0,0.0,0.0,0.0,0.0,0.0,0.0,1.0,0.0,0.0,0.0,-0.9659223711540902,-0.9881852894185815,-0.690238241387135,-0.4734500737584894,0.7225880486920374,0.08044513446360324,0.36111189837685254,2.623139150602632,-0.40351152825974784,-0.40652684797619143,-0.3654581197671559,-0.31936770899778044,True,0.004675240120699547,False,True,0.009793093042962865,-0.009793093042962865,0.006414277420174062,0.005117852922263318,0.0006219179498138197,-0.010806845487063479,0.010806845487063479,1.6848110515752226,False,False,False,False,surprise-1_5-2bb0963baf123358098ae8e1,SOFI|2025-02-11|28,28,2025-02-11 16:50:00+00:00,2025-02-11 16:50:00+00:00,1,"[""SOFI|2025-02-11|28""]",False,1.6848110515752226,False,2025-02-11 17:05:00+00:00,raw_checkpoint_rows,1.5,excursion_sigma_ratio_15m >= 1.5,,,,,,,,,,
SOFI|2025-03-18|34,SOFI,2025-03-18,assessment,34,2025-03-18 16:15:00+00:00,2025-03-18 16:20:00+00:00,2025-03-18 16:20:00+00:00,0.06666666666666667,15,2025-03-17,2025-03-17,2025-03-28,10,0.6237,0.1260420273812762,0.11140431164978576,True,True,True,True,True,True,1,late,2025-03,1,low,0.0013638533369758022,low,0.0010392255018702675,high,False,none,-0.008132203741974936,False,none,down,active,7-10 DTE,-0.5586285281396112,-0.550025178710408,0.5344360843840058,-0.34533920875502416,-0.0650756529938464,-0.7626559225844026,-0.17360892115657678,0.9998874528543288,0.0,0.0001125471456717895,0.0,0.001135835031514342,0.999774905708657,0.0,0.0,0.0,0.0,0.0,0.0,0.0,0.0,0.0,0.0,0.0,0.0,0.0,0.0,0.0,0.0,0.0,1.0,-0.751737341243231,0.10718698423319879,-0.3932867302207295,-0.5045553159764512,-0.3455448632637544,-0.37175039184620245,0.23667576264729384,0.7388840995383926,1.0700836021979607,1.2905993418829291,-0.64565656819647,0.45203242507691077,True,0.0009546700655310358,False,True,0.0071025993174871835,0.0071025993174871835,0.007705286646692147,0.006147929251956148,0.011671579418210287,-0.00041937513720128683,0.011671579418210287,1.5147495416937027,False,False,False,False,surprise-1_5-2bc8b8207d5e91cbede29275,SOFI|2025-03-18|34,34,2025-03-18 16:20:00+00:00,2025-03-18 16:20:00+00:00,1,"[""SOFI|2025-03-18|34""]",False,1.5147495416937027,False,2025-03-18 16:35:00+00:00,raw_checkpoint_rows,1.5,excursion_sigma_ratio_15m >= 1.5,,,,,,,,,,
SOFI|2025-05-30|34,SOFI,2025-05-30,assessment,34,2025-05-30 16:15:00+00:00,2025-05-30 16:20:00+00:00,2025-05-30 16:20:00+00:00,0.06666666666666667,15,2025-05-29,2025-05-29,2025-06-06,7,0.5352,0.12659269711658952,0.12833988284082828,False,True,True,True,True,True,1,late,2025-05,1,low,0.002393852335807523,low,0.0009764922344116494,high,False,none,-0.0021268014355857222,False,none,down,active,7-10 DTE,-0.49404404762477405,-0.36757093050015976,0.44397483020719497,-0.2698523969173163,0.32716478522319103,-0.14605735994869348,-0.28817944285344527,0.9999140317173631,0.0,8.59682826363672e-05,0.0,0.0008907594278601999,0.9998280634347267,0.0,0.0,0.0,0.0,0.0,0.0,0.0,0.0,0.0,0.0,0.0,0.0,0.0,0.0,0.0,0.0,0.0,1.0,-0.5240109047507322,-0.30900671838864485,0.05833420695085055,0.7045849393258818,0.7170416296998374,1.7094881261823742,0.23255666676702716,0.5057567078969424,-0.04815482642836907,0.9571704794876735,0.5512568900324614,-1.2095132328658766,True,0.009739151072624679,False,True,0.015014719031013216,-0.015014719031013216,0.006611943904617022,0.005275567958388536,0.0001833993066532319,-0.017344894933136637,0.017344894933136637,2.623267102795849,False,False,False,False,surprise-1_5-515a31ddb0bec642299169fb,SOFI|2025-05-30|34,34,2025-05-30 16:20:00+00:00,2025-05-30 16:20:00+00:00,1,"[""SOFI|2025-05-30|34""]",False,2.623267102795849,True,2025-05-30 16:35:00+00:00,raw_checkpoint_rows,1.5,excursion_sigma_ratio_15m >= 1.5,,,,,,,,,,
SOFI|2025-06-23|34,SOFI,2025-06-23,assessment,34,2025-06-23 16:15:00+00:00,2025-06-23 16:20:00+00:00,2025-06-23 16:20:00+00:00,0.06666666666666667,15,2025-06-20,2025-06-20,2025-07-03,10,0.5272,0.12409951967355679,0.12511964661987468,False,True,True,True,True,True,1,late,2025-06,1,low,0.0012175790665770207,low,0.00028327532072955597,low,False,none,0.0014862472474803106,False,none,up,quiet,7-10 DTE,-0.4776984988585536,-0.3353167856615191,0.1718927160646698,-0.26191272544160804,0.5332752339878666,-0.15274586932797238,-0.3329693328512966,0.9999307330099001,0.0,6.926699010029297e-05,0.0,0.0007326721048140525,0.9998614660197997,0.0,0.0,0.0,0.0,0.0,0.0,0.0,0.0,0.0,0.0,0.0,0.0,0.0,0.0,0.0,0.0,0.0,1.0,-0.5622095859959363,-0.2560602692454686,-0.200992859012391,-0.39110340619226236,0.4815608759843446,0.6489808679626853,-0.1352536654027621,-0.27220177793021805,0.09941626966541675,-0.07595206551008389,-0.892748853662434,0.03899199514379385,True,0.008227943228459773,False,True,0.0134246536687857,-0.0134246536687857,0.006513110662395542,0.005196710440325927,0.0004496093570331472,-0.013560698845245177,0.013560698845245177,2.082061789838444,False,False,False,False,surprise-1_5-f0417777d2624993ad46db17,SOFI|2025-06-23|34,34,2025-06-23 16:20:00+00:00,2025-06-23 16:20:00+00:00,1,"[""SOFI|2025-06-23|34""]",False,2.082061789838444,True,2025-06-23 16:35:00+00:00,raw_checkpoint_rows,1.5,excursion_sigma_ratio_15m >= 1.5,,,,,,,,,,
WULF|2025-03-05|28,WULF,2025-03-05,assessment,28,2025-03-05 16:45:00+00:00,2025-03-05 16:50:00+00:00,2025-03-05 16:50:00+00:00,0.06666666666666667,15,2025-03-04,2025-03-04,2025-03-14,9,1.2855500000000002,0.1482883102242753,0.1205594669275051,False,True,True,False,True,True,1,late,2025-03,4,high,0.004111912228585102,low,0.0014822458625796907,high,False,none,-0.006136900762402109,False,none,down,active,7-10 DTE,0.8663636295494278,0.9474688596894173,-3.053668453819954,-0.23415891796283622,-0.6258159107249894,-1.3173175053596684,1.6453749177189554,4.260682071142267e-24,0.0,1.0,0.0,1.471587453449877e-22,1.0,0.0,0.0,0.0,0.0,0.0,0.0,0.0,0.0,0.0,0.0,0.0,0.0,0.0,0.0,1.0,0.0,0.0,0.0,0.2013820003713386,-0.9118246686831913,-0.7515979938050251,-0.40777594387063226,-0.3040358955022167,-0.6623671108423415,0.47522291660841987,0.6350375660649002,-0.3316063326795794,1.8744040740981522,0.0,0.5028671929714518,True,0.00015792009747276486,False,True,0.012829830390646127,0.012829830390646127,0.01588188431722798,0.012671910293173362,0.03246581041584771,-0.002873566021470366,0.03246581041584771,2.0442039348307053,True,False,False,False,surprise-1_5-35976fa71311ebd564314ba0,WULF|2025-03-05|28,28,2025-03-05 16:50:00+00:00,2025-03-05 16:50:00+00:00,1,"[""WULF|2025-03-05|28""]",False,2.0442039348307053,True,2025-03-05 17:05:00+00:00,raw_checkpoint_rows,1.5,excursion_sigma_ratio_15m >= 1.5,,,,,,,,,,
WULF|2025-03-07|34,WULF,2025-03-07,assessment,34,2025-03-07 17:15:00+00:00,2025-03-07 17:20:00+00:00,2025-03-07 17:20:00+00:00,0.06666666666666667,15,2025-03-06,2025-03-06,2025-03-14,7,1.30605,0.12777826542728096,0.12735625799372738,False,True,True,True,True,True,1,late,2025-03,4,high,0.004561549482322615,high,0.0012025874644206063,high,False,none,-0.010329874955481428,False,none,down,active,7-10 DTE,0.7558529866143471,0.7618798522079396,-3.7873706951445802,-0.08468593278102621,-0.6196906828788669,-1.0907643472492556,2.2277332149264484,1.1762667521698895e-38,0.0,1.0,0.0,4.062681433396364e-37,1.0,0.0,0.0,0.0,0.0,0.0,0.0,0.0,0.0,0.0,0.0,0.0,0.0,0.0,0.0,0.0,0.0,0.0,1.0,0.4427179080511258,-0.588281384118053,0.23399294365604717,-0.27355176112404966,0.45638703121029073,0.03746857072575165,-0.7438733982978517,-0.11863749277022673,-0.9789901292490829,0.21843127067251453,-1.0240289741378146,2.456795380577357,True,0.02029416228559773,False,True,0.033168144968806525,0.033168144968806525,0.016135144500420518,0.012873982683208794,0.034557250636619255,-0.002260911707030749,0.034557250636619255,2.1417379084257275,False,False,False,False,surprise-1_5-0af2a08fc8847922b5d96b15,WULF|2025-03-07|34,34,2025-03-07 17:20:00+00:00,2025-03-07 17:20:00+00:00,1,"[""WULF|2025-03-07|34""]",False,2.1417379084257275,True,2025-03-07 17:35:00+00:00,raw_checkpoint_rows,1.5,excursion_sigma_ratio_15m >= 1.5,,,,,,,,,,
APLD|2025-05-30|34,APLD,2025-05-30,assessment,34,2025-05-30 16:15:00+00:00,2025-05-30 16:20:00+00:00,2025-05-30 16:20:00+00:00,0.06666666666666667,15,2025-05-29,2025-05-29,2025-06-06,7,1.07355,0.16855277627355258,0.13049942277515203,False,True,True,False,False,True,1,late,2025-05,3,high,0.004549452444739741,high,0.0009764922344116494,high,False,none,-0.0021268014355857222,False,none,down,active,7-10 DTE,0.0671427515139182,-0.04636318259713022,-0.6485234299835195,-0.07852105644830797,-0.6751622819102719,1.0034700428921373,0.36385830066935076,0.9288211735526072,0.0,0.07117882644739276,0.0,0.25667758661497947,0.8576423471052144,0.0,0.0,0.0,0.0,0.0,0.0,0.0,0.0,0.0,0.0,0.0,0.0,0.0,0.0,0.0,0.0,0.0,1.0,-0.07776078444251548,-0.6045594823327478,0.07892065821036989,0.3656939481099708,0.3696012637269751,0.20297216683546976,0.37770778615601797,0.5279094237318942,-0.23504211226480737,1.0547558037463218,0.2801413621941289,-0.2508068709780597,True,0.011396720654261117,False,True,0.02197890671877534,-0.02197890671877534,0.013262803398358752,0.010582186064514224,0.0,-0.027922460619623377,0.027922460619623377,2.105321158645344,False,False,False,False,surprise-2_0-9796a6c5fd15c143e6d46c35,APLD|2025-05-30|34,34,2025-05-30 16:20:00+00:00,2025-05-30 16:20:00+00:00,1,"[""APLD|2025-05-30|34""]",False,2.105321158645344,True,2025-05-30 16:35:00+00:00,raw_checkpoint_rows,2.0,excursion_sigma_ratio_15m >= 2.0,,,,,,,,,,
HIMS|2025-02-12|32,HIMS,2025-02-12,assessment,32,2025-02-12 17:05:00+00:00,2025-02-12 17:10:00+00:00,2025-02-12 17:10:00+00:00,0.06666666666666667,15,2025-02-11,2025-02-11,2025-02-21,9,0.946,0.14985848951883554,0.12194573918589734,False,True,True,False,True,True,1,late,2025-02,3,high,0.0011732716024215198,low,0.0005632708490267162,high,False,none,0.00734349244844412,False,none,up,active,7-10 DTE,0.3942582995660238,0.5676481465399655,-0.14997674736335734,0.0878166511832814,-0.40841649284538256,-0.26544389080222314,-0.007781534117200242,0.9889013308185435,0.0,0.011098669181457084,0.0,0.06099118369469382,0.9778026616370864,0.0,0.0,0.0,0.0,0.0,0.0,0.0,0.0,0.0,0.0,0.0,0.0,0.0,0.0,0.0,0.0,1.0,0.0,-0.3392212799949365,0.7702282825060452,-0.3536575055924997,-0.7851166825472536,-0.05443004018448543,-0.4423536061950622,-0.08272181140905338,0.10615916094705362,0.32928153574818364,0.7537972023221896,-0.3708130069688323,0.357401173619786,True,0.00913027486550617,False,True,0.01845517637640967,0.01845517637640967,0.011687030892690027,0.009324901510903502,0.025261679839479113,-0.0015721507657687987,0.025261679839479113,2.1615139096721485,False,False,False,False,surprise-2_0-a5486ffce3b41e9e22cdc3eb,HIMS|2025-02-12|32,32,2025-02-12 17:10:00+00:00,2025-02-12 17:10:00+00:00,1,"[""HIMS|2025-02-12|32""]",False,2.1615139096721485,True,2025-02-12 17:25:00+00:00,raw_checkpoint_rows,2.0,excursion_sigma_ratio_15m >= 2.0,,,,,,,,,,
IREN|2025-06-16|34,IREN,2025-06-16,assessment,34,2025-06-16 16:15:00+00:00,2025-06-16 16:20:00+00:00,2025-06-16 16:20:00+00:00,0.06666666666666667,15,2025-06-13,2025-06-13,2025-06-27,11,0.84745,0.18601715975632582,0.12894400962917457,False,True,True,False,False,False,1,late,2025-06,2,low,0.004451749285225816,high,0.00042401451006673663,low,False,none,0.004168699943912048,False,none,up,quiet,11-16 DTE,0.18781043691385316,0.35327200599689773,-0.5830662094273484,-0.0218330920451085,1.102008863876273,1.2252631311344468,0.23849710702653507,0.9187796066479718,0.0,0.0812203933520287,0.0,0.2817399245371198,0.8375592132959431,0.0,0.0,0.0,0.0,0.0,0.0,0.0,0.0,0.0,0.0,0.0,0.0,0.0,0.0,0.0,0.0,0.0,1.0,-0.2866047760193771,-0.2412343261636145,-0.6614009271337908,-0.06742389989140181,-0.27985015151772435,-0.2356318956393161,0.7239359508704538,0.0467543599004593,-0.07678624503420055,0.010321741834728582,0.26208100842197773,-0.009884262501683132,True,0.013517262397518786,False,True,0.021870737857788525,0.021870737857788525,0.01046952889007417,0.00835347546026974,0.022650009278482267,-0.0004981320649088206,0.022650009278482267,2.1634220139353744,False,False,False,False,surprise-2_0-7040b9f3218ffc187757ebb8,IREN|2025-06-16|34,34,2025-06-16 16:20:00+00:00,2025-06-16 16:20:00+00:00,1,"[""IREN|2025-06-16|34""]",False,2.1634220139353744,True,2025-06-16 16:35:00+00:00,raw_checkpoint_rows,2.0,excursion_sigma_ratio_15m >= 2.0,,,,,,,,,,
MARA|2025-06-26|34,MARA,2025-06-26,assessment,34,2025-06-26 16:15:00+00:00,2025-06-26 16:20:00+00:00,2025-06-26 16:20:00+00:00,0.06666666666666667,15,2025-06-25,2025-06-25,2025-07-03,7,0.59295,0.18510666920005525,0.1250060710273612,False,True,True,False,False,False,1,late,2025-06,1,low,0.0010502250156474698,low,0.0003251959071972151,low,False,none,0.0036554806334466203,False,none,up,quiet,7-10 DTE,-0.5612800479164259,-0.5242678937573446,0.2087930060659919,-0.3478919028751399,0.18815911566830212,-0.5326024415951307,-0.3262949354788243,0.9999345065946584,0.0,6.549340534171404e-05,0.0,0.0006964259827520758,0.9998690131893168,0.0,0.0,0.0,0.0,0.0,0.0,0.0,0.0,0.0,0.0,0.0,0.0,0.0,0.0,0.0,0.0,0.0,1.0,-0.7329622135759454,-0.8243843469829698,-1.2528906514726397,-1.2703214061887882,-0.37573717119102307,-0.16311290534196995,0.5497565784172888,-0.8046558599985494,0.5984563669728165,-0.26873377639238105,-0.8937297371348896,1.1473351520637516,True,0.013760394053411973,False,True,0.019605214720314967,0.019605214720314967,0.0073253963719033316,0.0058448206669029935,0.0330062986471992,-0.0006712991413995294,0.0330062986471992,4.505735521601209,False,False,False,False,surprise-2_0-1358edcbd069fd50c2a6c5a4,MARA|2025-06-26|34,34,2025-06-26 16:20:00+00:00,2025-06-26 16:20:00+00:00,1,"[""MARA|2025-06-26|34""]",False,4.505735521601209,True,2025-06-26 16:35:00+00:00,raw_checkpoint_rows,2.0,excursion_sigma_ratio_15m >= 2.0,,,,,,,,,,
RIOT|2025-03-05|28,RIOT,2025-03-05,assessment,28,2025-03-05 16:45:00+00:00,2025-03-05 16:50:00+00:00,2025-03-05 16:50:00+00:00,0.06666666666666667,15,2025-03-04,2025-03-04,2025-03-14,9,1.12865,0.13864539332269374,0.11392164484230369,True,True,True,True,True,True,1,late,2025-03,3,high,0.0036836327303170174,low,0.0014822458625796907,high,False,none,-0.006136900762402109,False,none,down,active,7-10 DTE,0.7085430688443412,0.8624568215133814,-0.06666829997953763,-0.34873232832391693,-0.2483763788805317,-0.23883765080870017,-0.15913366732441367,0.9657913909027199,0.0,0.034208609097279956,0.0,0.14908026972460361,0.93158278180544,0.0,0.0,0.0,0.0,0.0,0.0,0.0,0.0,0.0,0.0,0.0,0.0,0.0,0.0,1.0,0.0,0.0,0.0,-0.24196517358241695,-0.24291321029042104,0.0532657913009596,-0.35113662149392944,-0.0957265710378435,-0.27775659043905254,0.7070746435424008,-0.4890994541154637,0.13065329385202015,0.34898340025066643,-0.5421663656896134,0.4651112317585556,True,0.003430982249153648,False,True,0.01455629946932409,0.01455629946932409,0.013943517354159196,0.011125317220170442,0.029473387884281704,-0.0012558030005884928,0.029473387884281704,2.113769942946021,True,False,False,False,surprise-2_0-3216731e83e04a69735e3cc2,RIOT|2025-03-05|28,28,2025-03-05 16:50:00+00:00,2025-03-05 16:50:00+00:00,1,"[""RIOT|2025-03-05|28""]",False,2.113769942946021,True,2025-03-05 17:05:00+00:00,raw_checkpoint_rows,2.0,excursion_sigma_ratio_15m >= 2.0,,,,,,,,,,
SOFI|2025-05-30|34,SOFI,2025-05-30,assessment,34,2025-05-30 16:15:00+00:00,2025-05-30 16:20:00+00:00,2025-05-30 16:20:00+00:00,0.06666666666666667,15,2025-05-29,2025-05-29,2025-06-06,7,0.5352,0.12659269711658952,0.12833988284082828,False,True,True,True,True,True,1,late,2025-05,1,low,0.002393852335807523,low,0.0009764922344116494,high,False,none,-0.0021268014355857222,False,none,down,active,7-10 DTE,-0.49404404762477405,-0.36757093050015976,0.44397483020719497,-0.2698523969173163,0.32716478522319103,-0.14605735994869348,-0.28817944285344527,0.9999140317173631,0.0,8.59682826363672e-05,0.0,0.0008907594278601999,0.9998280634347267,0.0,0.0,0.0,0.0,0.0,0.0,0.0,0.0,0.0,0.0,0.0,0.0,0.0,0.0,0.0,0.0,0.0,1.0,-0.5240109047507322,-0.30900671838864485,0.05833420695085055,0.7045849393258818,0.7170416296998374,1.7094881261823742,0.23255666676702716,0.5057567078969424,-0.04815482642836907,0.9571704794876735,0.5512568900324614,-1.2095132328658766,True,0.009739151072624679,False,True,0.015014719031013216,-0.015014719031013216,0.006611943904617022,0.005275567958388536,0.0001833993066532319,-0.017344894933136637,0.017344894933136637,2.623267102795849,False,False,False,False,surprise-2_0-bce4be543fd68a3b4f9d6d6d,SOFI|2025-05-30|34,34,2025-05-30 16:20:00+00:00,2025-05-30 16:20:00+00:00,1,"[""SOFI|2025-05-30|34""]",False,2.623267102795849,True,2025-05-30 16:35:00+00:00,raw_checkpoint_rows,2.0,excursion_sigma_ratio_15m >= 2.0,,,,,,,,,,
SOFI|2025-06-23|34,SOFI,2025-06-23,assessment,34,2025-06-23 16:15:00+00:00,2025-06-23 16:20:00+00:00,2025-06-23 16:20:00+00:00,0.06666666666666667,15,2025-06-20,2025-06-20,2025-07-03,10,0.5272,0.12409951967355679,0.12511964661987468,False,True,True,True,True,True,1,late,2025-06,1,low,0.0012175790665770207,low,0.00028327532072955597,low,False,none,0.0014862472474803106,False,none,up,quiet,7-10 DTE,-0.4776984988585536,-0.3353167856615191,0.1718927160646698,-0.26191272544160804,0.5332752339878666,-0.15274586932797238,-0.3329693328512966,0.9999307330099001,0.0,6.926699010029297e-05,0.0,0.0007326721048140525,0.9998614660197997,0.0,0.0,0.0,0.0,0.0,0.0,0.0,0.0,0.0,0.0,0.0,0.0,0.0,0.0,0.0,0.0,0.0,1.0,-0.5622095859959363,-0.2560602692454686,-0.200992859012391,-0.39110340619226236,0.4815608759843446,0.6489808679626853,-0.1352536654027621,-0.27220177793021805,0.09941626966541675,-0.07595206551008389,-0.892748853662434,0.03899199514379385,True,0.008227943228459773,False,True,0.0134246536687857,-0.0134246536687857,0.006513110662395542,0.005196710440325927,0.0004496093570331472,-0.013560698845245177,0.013560698845245177,2.082061789838444,False,False,False,False,surprise-2_0-388aa7079cd9cc6326364784,SOFI|2025-06-23|34,34,2025-06-23 16:20:00+00:00,2025-06-23 16:20:00+00:00,1,"[""SOFI|2025-06-23|34""]",False,2.082061789838444,True,2025-06-23 16:35:00+00:00,raw_checkpoint_rows,2.0,excursion_sigma_ratio_15m >= 2.0,,,,,,,,,,
WULF|2025-03-05|28,WULF,2025-03-05,assessment,28,2025-03-05 16:45:00+00:00,2025-03-05 16:50:00+00:00,2025-03-05 16:50:00+00:00,0.06666666666666667,15,2025-03-04,2025-03-04,2025-03-14,9,1.2855500000000002,0.1482883102242753,0.1205594669275051,False,True,True,False,True,True,1,late,2025-03,4,high,0.004111912228585102,low,0.0014822458625796907,high,False,none,-0.006136900762402109,False,none,down,active,7-10 DTE,0.8663636295494278,0.9474688596894173,-3.053668453819954,-0.23415891796283622,-0.6258159107249894,-1.3173175053596684,1.6453749177189554,4.260682071142267e-24,0.0,1.0,0.0,1.471587453449877e-22,1.0,0.0,0.0,0.0,0.0,0.0,0.0,0.0,0.0,0.0,0.0,0.0,0.0,0.0,0.0,1.0,0.0,0.0,0.0,0.2013820003713386,-0.9118246686831913,-0.7515979938050251,-0.40777594387063226,-0.3040358955022167,-0.6623671108423415,0.47522291660841987,0.6350375660649002,-0.3316063326795794,1.8744040740981522,0.0,0.5028671929714518,True,0.00015792009747276486,False,True,0.012829830390646127,0.012829830390646127,0.01588188431722798,0.012671910293173362,0.03246581041584771,-0.002873566021470366,0.03246581041584771,2.0442039348307053,True,False,False,False,surprise-2_0-49d709855a7ad4cd634b53a5,WULF|2025-03-05|28,28,2025-03-05 16:50:00+00:00,2025-03-05 16:50:00+00:00,1,"[""WULF|2025-03-05|28""]",False,2.0442039348307053,True,2025-03-05 17:05:00+00:00,raw_checkpoint_rows,2.0,excursion_sigma_ratio_15m >= 2.0,,,,,,,,,,
WULF|2025-03-07|34,WULF,2025-03-07,assessment,34,2025-03-07 17:15:00+00:00,2025-03-07 17:20:00+00:00,2025-03-07 17:20:00+00:00,0.06666666666666667,15,2025-03-06,2025-03-06,2025-03-14,7,1.30605,0.12777826542728096,0.12735625799372738,False,True,True,True,True,True,1,late,2025-03,4,high,0.004561549482322615,high,0.0012025874644206063,high,False,none,-0.010329874955481428,False,none,down,active,7-10 DTE,0.7558529866143471,0.7618798522079396,-3.7873706951445802,-0.08468593278102621,-0.6196906828788669,-1.0907643472492556,2.2277332149264484,1.1762667521698895e-38,0.0,1.0,0.0,4.062681433396364e-37,1.0,0.0,0.0,0.0,0.0,0.0,0.0,0.0,0.0,0.0,0.0,0.0,0.0,0.0,0.0,0.0,0.0,0.0,1.0,0.4427179080511258,-0.588281384118053,0.23399294365604717,-0.27355176112404966,0.45638703121029073,0.03746857072575165,-0.7438733982978517,-0.11863749277022673,-0.9789901292490829,0.21843127067251453,-1.0240289741378146,2.456795380577357,True,0.02029416228559773,False,True,0.033168144968806525,0.033168144968806525,0.016135144500420518,0.012873982683208794,0.034557250636619255,-0.002260911707030749,0.034557250636619255,2.1417379084257275,False,False,False,False,surprise-2_0-0c826c4099f4f8ce2ecdb6a6,WULF|2025-03-07|34,34,2025-03-07 17:20:00+00:00,2025-03-07 17:20:00+00:00,1,"[""WULF|2025-03-07|34""]",False,2.1417379084257275,True,2025-03-07 17:35:00+00:00,raw_checkpoint_rows,2.0,excursion_sigma_ratio_15m >= 2.0,,,,,,,,,,
ASTS|2025-01-02|34,ASTS,2025-01-02,assessment,34,2025-01-02 17:15:00+00:00,2025-01-02 17:20:00+00:00,2025-01-02 17:20:00+00:00,0.06666666666666667,15,2024-12-31,2024-12-31,2025-01-10,8,0.8705499999999999,0.15150260248277927,0.13241332415457166,False,True,True,False,True,True,1,late,2025-01,2,low,0.0022706892684091675,low,0.0012183421823332764,high,False,none,-0.0020260860409260367,False,none,down,active,7-10 DTE,0.08907166050061542,0.18282665624915845,-0.29677250754800233,-0.13941493695924012,-0.15288709759560923,-0.29643343383930987,0.016653594478773192,0.9991506719126418,0.0,0.0008493280873589477,0.0,0.006854621423697159,0.9983013438252829,0.0,0.0,0.0,0.0,0.0,0.0,0.0,0.0,0.0,0.0,0.0,0.0,0.0,0.0,0.0,0.0,0.0,1.0,-0.2420498781039739,0.8206979776784858,-0.31315618568371506,-0.626276920761698,-0.3984400333023327,-0.5368343071808187,-0.225484458297876,1.4328661892702463,0.0732182077678672,0.6528365142144866,-0.7111462043682774,0.977785733763343,True,0.010536383390803533,False,True,0.019117559934479056,-0.019117559934479056,0.010754909876988693,0.008581176543675522,0.0,-0.020497233673211886,0.020497233673211886,1.905848947666415,False,False,False,False,surprise-1_5-663159496c2ca59595d39fc3,ASTS|2025-01-02|34,34,2025-01-02 17:20:00+00:00,2025-01-02 17:20:00+00:00,1,"[""ASTS|2025-01-02|34""]",False,1.905848947666415,False,2025-01-02 17:35:00+00:00,quiet_state_runs,1.5,excursion_sigma_ratio_15m >= 1.5,quiet-run-c924d361036dfe7b8ba376be,2025-01-02 17:20:00+00:00,2025-01-02 17:20:00+00:00,34.0,,,,,,
HIMS|2025-02-12|32,HIMS,2025-02-12,assessment,32,2025-02-12 17:05:00+00:00,2025-02-12 17:10:00+00:00,2025-02-12 17:10:00+00:00,0.06666666666666667,15,2025-02-11,2025-02-11,2025-02-21,9,0.946,0.14985848951883554,0.12194573918589734,False,True,True,False,True,True,1,late,2025-02,3,high,0.0011732716024215198,low,0.0005632708490267162,high,False,none,0.00734349244844412,False,none,up,active,7-10 DTE,0.3942582995660238,0.5676481465399655,-0.14997674736335734,0.0878166511832814,-0.40841649284538256,-0.26544389080222314,-0.007781534117200242,0.9889013308185435,0.0,0.011098669181457084,0.0,0.06099118369469382,0.9778026616370864,0.0,0.0,0.0,0.0,0.0,0.0,0.0,0.0,0.0,0.0,0.0,0.0,0.0,0.0,0.0,0.0,1.0,0.0,-0.3392212799949365,0.7702282825060452,-0.3536575055924997,-0.7851166825472536,-0.05443004018448543,-0.4423536061950622,-0.08272181140905338,0.10615916094705362,0.32928153574818364,0.7537972023221896,-0.3708130069688323,0.357401173619786,True,0.00913027486550617,False,True,0.01845517637640967,0.01845517637640967,0.011687030892690027,0.009324901510903502,0.025261679839479113,-0.0015721507657687987,0.025261679839479113,2.1615139096721485,False,False,False,False,surprise-1_5-31469a990b98e61c31f361de,HIMS|2025-02-12|32,32,2025-02-12 17:10:00+00:00,2025-02-12 17:10:00+00:00,1,"[""HIMS|2025-02-12|32""]",False,2.1615139096721485,True,2025-02-12 17:25:00+00:00,quiet_state_runs,1.5,excursion_sigma_ratio_15m >= 1.5,quiet-run-9f9b335133c633d6a778d9dc,2025-02-12 17:10:00+00:00,2025-02-12 17:10:00+00:00,32.0,,,,,,
IREN|2025-06-16|34,IREN,2025-06-16,assessment,34,2025-06-16 16:15:00+00:00,2025-06-16 16:20:00+00:00,2025-06-16 16:20:00+00:00,0.06666666666666667,15,2025-06-13,2025-06-13,2025-06-27,11,0.84745,0.18601715975632582,0.12894400962917457,False,True,True,False,False,False,1,late,2025-06,2,low,0.004451749285225816,high,0.00042401451006673663,low,False,none,0.004168699943912048,False,none,up,quiet,11-16 DTE,0.18781043691385316,0.35327200599689773,-0.5830662094273484,-0.0218330920451085,1.102008863876273,1.2252631311344468,0.23849710702653507,0.9187796066479718,0.0,0.0812203933520287,0.0,0.2817399245371198,0.8375592132959431,0.0,0.0,0.0,0.0,0.0,0.0,0.0,0.0,0.0,0.0,0.0,0.0,0.0,0.0,0.0,0.0,0.0,1.0,-0.2866047760193771,-0.2412343261636145,-0.6614009271337908,-0.06742389989140181,-0.27985015151772435,-0.2356318956393161,0.7239359508704538,0.0467543599004593,-0.07678624503420055,0.010321741834728582,0.26208100842197773,-0.009884262501683132,True,0.013517262397518786,False,True,0.021870737857788525,0.021870737857788525,0.01046952889007417,0.00835347546026974,0.022650009278482267,-0.0004981320649088206,0.022650009278482267,2.1634220139353744,False,False,False,False,surprise-1_5-33eef78ac93fe0963bf8ee91,IREN|2025-06-16|34,34,2025-06-16 16:20:00+00:00,2025-06-16 16:20:00+00:00,1,"[""IREN|2025-06-16|34""]",False,2.1634220139353744,True,2025-06-16 16:35:00+00:00,quiet_state_runs,1.5,excursion_sigma_ratio_15m >= 1.5,quiet-run-19c0ff3e9a3f8779caa0c68f,2025-06-16 16:20:00+00:00,2025-06-16 16:20:00+00:00,34.0,,,,,,
MARA|2025-06-26|34,MARA,2025-06-26,assessment,34,2025-06-26 16:15:00+00:00,2025-06-26 16:20:00+00:00,2025-06-26 16:20:00+00:00,0.06666666666666667,15,2025-06-25,2025-06-25,2025-07-03,7,0.59295,0.18510666920005525,0.1250060710273612,False,True,True,False,False,False,1,late,2025-06,1,low,0.0010502250156474698,low,0.0003251959071972151,low,False,none,0.0036554806334466203,False,none,up,quiet,7-10 DTE,-0.5612800479164259,-0.5242678937573446,0.2087930060659919,-0.3478919028751399,0.18815911566830212,-0.5326024415951307,-0.3262949354788243,0.9999345065946584,0.0,6.549340534171404e-05,0.0,0.0006964259827520758,0.9998690131893168,0.0,0.0,0.0,0.0,0.0,0.0,0.0,0.0,0.0,0.0,0.0,0.0,0.0,0.0,0.0,0.0,0.0,1.0,-0.7329622135759454,-0.8243843469829698,-1.2528906514726397,-1.2703214061887882,-0.37573717119102307,-0.16311290534196995,0.5497565784172888,-0.8046558599985494,0.5984563669728165,-0.26873377639238105,-0.8937297371348896,1.1473351520637516,True,0.013760394053411973,False,True,0.019605214720314967,0.019605214720314967,0.0073253963719033316,0.0058448206669029935,0.0330062986471992,-0.0006712991413995294,0.0330062986471992,4.505735521601209,False,False,False,False,surprise-1_5-e288adad711fc08b9b5e0f33,MARA|2025-06-26|34,34,2025-06-26 16:20:00+00:00,2025-06-26 16:20:00+00:00,1,"[""MARA|2025-06-26|34""]",False,4.505735521601209,True,2025-06-26 16:35:00+00:00,quiet_state_runs,1.5,excursion_sigma_ratio_15m >= 1.5,quiet-run-8e2d1b276db3698a6cfd7904,2025-06-26 16:20:00+00:00,2025-06-26 16:20:00+00:00,34.0,,,,,,
MSTR|2025-02-12|34,MSTR,2025-02-12,assessment,34,2025-02-12 17:15:00+00:00,2025-02-12 17:20:00+00:00,2025-02-12 17:20:00+00:00,0.06666666666666667,15,2025-02-11,2025-02-11,2025-02-21,9,0.68605,0.1391492281767927,0.127793825760598,False,True,True,True,True,True,1,late,2025-02,2,low,0.003533615601364185,low,0.000500777626411808,low,False,none,0.008063150355683729,False,none,up,quiet,7-10 DTE,-0.2129160845998638,-0.09174757369184734,0.2110169601884406,-0.41510393811106705,1.268194280057946,-0.3042627417414469,-0.3950151183486548,0.9997326171401815,0.0,0.00026738285981808894,0.0,0.002467060173688434,0.9994652342803634,0.0,0.0,0.0,0.0,0.0,0.0,0.0,0.0,0.0,0.0,0.0,0.0,0.0,0.0,0.0,0.0,0.0,1.0,-0.4366537558726317,0.4547020980799452,-0.30860765633299425,-0.2656925087870876,0.7502455425871777,0.10317751034889922,-0.9719636742313315,-0.8147776175411191,-0.9071964586094273,-0.575724629114366,-0.8554446899246854,0.48770121102744357,True,0.0005809343313044743,False,True,0.007343459364661079,0.007343459364661079,0.008475568228255808,0.006762525033356605,0.01513354364081957,-0.0008012882428574012,0.01513354364081957,1.7855491492100657,True,False,False,False,surprise-1_5-0b671453adf4a7c2e9814357,MSTR|2025-02-12|34,34,2025-02-12 17:20:00+00:00,2025-02-12 17:20:00+00:00,1,"[""MSTR|2025-02-12|34""]",False,1.7855491492100657,False,2025-02-12 17:35:00+00:00,quiet_state_runs,1.5,excursion_sigma_ratio_15m >= 1.5,quiet-run-f33e15aa0e00d590f0ab1066,2025-02-12 17:20:00+00:00,2025-02-12 17:20:00+00:00,34.0,,,,,,
RGTI|2025-06-27|32,RGTI,2025-06-27,assessment,32,2025-06-27 16:05:00+00:00,2025-06-27 16:10:00+00:00,2025-06-27 16:10:00+00:00,0.06666666666666667,15,2025-06-26,2025-06-26,2025-07-11,14,0.77605,0.15846505497063665,0.10614888281152964,True,True,True,False,False,True,1,late,2025-06,2,low,0.0011335470608910562,low,0.00016939643070121906,low,False,none,0.004416031302233181,False,none,up,quiet,11-16 DTE,-0.11200706023408613,-0.027412031147918917,-0.5136117866919874,0.32129686071319696,-0.3733977573830997,0.16321081085473488,0.6462605079604878,0.5492483825286887,0.0,0.4507516174713114,0.0,0.688288500159005,0.09849676505737726,0.0,0.0,0.0,0.0,0.0,0.0,0.0,0.0,0.0,0.0,0.0,0.0,0.0,0.0,0.0,0.0,1.0,0.0,-0.7112824968137156,-0.2251728117814228,-1.0463238047489003,-0.8504424202168991,-0.18467944762490726,-0.21862200098449686,0.001839304094614271,0.30218708660069055,0.5712723947305687,0.3806514499701941,-0.3542336324609342,0.42583187556290786,True,0.005918576973056117,False,True,0.013568249084617073,0.013568249084617073,0.00958744220324746,0.007649672111560956,0.01594373968285427,0.0,0.01594373968285427,1.6629815693481649,False,False,False,False,surprise-1_5-0406bb7d6ef5dad7f5a86374,RGTI|2025-06-27|32,32,2025-06-27 16:10:00+00:00,2025-06-27 16:10:00+00:00,1,"[""RGTI|2025-06-27|32""]",False,1.6629815693481649,False,2025-06-27 16:25:00+00:00,quiet_state_runs,1.5,excursion_sigma_ratio_15m >= 1.5,quiet-run-e084a93eebc4bc8c2459f110,2025-06-27 16:10:00+00:00,2025-06-27 16:20:00+00:00,34.0,,,,,,
RIOT|2025-07-10|34,RIOT,2025-07-10,assessment,34,2025-07-10 16:15:00+00:00,2025-07-10 16:20:00+00:00,2025-07-10 16:20:00+00:00,0.06666666666666667,15,2025-07-09,2025-07-09,2025-07-18,8,0.7837000000000001,0.1525917192245138,0.13073447983255174,False,True,True,False,True,True,1,late,2025-07,2,low,0.0027883056633897668,low,0.00019188963461178843,low,False,none,0.001721251461481488,False,none,up,quiet,7-10 DTE,-0.1337010928869266,-0.0673504596175824,-0.24920072510262806,-0.3812014481010403,-0.03597577987838169,0.9537330280428784,0.006569481344963842,0.999061085309144,0.0,0.0009389146908567187,0.0,0.007483447092635771,0.9981221706182872,0.0,0.0,0.0,0.0,0.0,0.0,0.0,0.0,0.0,0.0,0.0,0.0,0.0,0.0,0.0,0.0,0.0,1.0,-0.3945928075936096,0.40880094490321234,-0.5612967254212253,-0.5601563461645254,-0.2631613630959024,0.5579698457036866,0.23978909754195246,-0.14657930291820723,1.6730478053203583,-0.3408786640476895,-0.04108658302026611,-0.37802365250282194,True,0.006991963712900777,False,True,0.014717043326109102,0.014717043326109102,0.00968195149112175,0.007725079613208325,0.01786124156574484,-0.0004005608225448276,0.01786124156574484,1.8447976712420648,False,False,False,False,surprise-1_5-042df7b39ccbab645e6c7ca1,RIOT|2025-07-10|34,34,2025-07-10 16:20:00+00:00,2025-07-10 16:20:00+00:00,1,"[""RIOT|2025-07-10|34""]",False,1.8447976712420648,False,2025-07-10 16:35:00+00:00,quiet_state_runs,1.5,excursion_sigma_ratio_15m >= 1.5,quiet-run-f5ec0b2c6d8fefd1aad9516f,2025-07-10 16:20:00+00:00,2025-07-10 16:20:00+00:00,34.0,,,,,,
SMCI|2025-05-30|34,SMCI,2025-05-30,assessment,34,2025-05-30 16:15:00+00:00,2025-05-30 16:20:00+00:00,2025-05-30 16:20:00+00:00,0.06666666666666667,15,2025-05-29,2025-05-29,2025-06-06,7,0.7674000000000001,0.18210789326870871,0.12100187018822603,False,True,True,False,False,True,1,late,2025-05,2,low,0.002843794995137673,low,0.0009764922344116494,high,False,none,-0.0021268014355857222,False,none,down,active,7-10 DTE,-0.5243486011741002,-0.6375599853563737,0.23351032706207447,-0.509713444474476,0.19854703309537639,-0.08682692406366745,-0.43466612176588665,0.9998653118321682,0.0,0.00013468816783250562,0.0,0.0013350939008175589,0.9997306236643357,0.0,0.0,0.0,0.0,0.0,0.0,0.0,0.0,0.0,0.0,0.0,0.0,0.0,0.0,0.0,0.0,0.0,1.0,-0.448487231172757,0.33215881584120205,-0.7433220208315879,-0.20996023418492663,-0.8338168765267833,-0.256634273545358,0.8836920698772477,-0.27496468570098365,-0.07652515498516003,-0.20172342883330768,0.850303422032515,-1.0337592056756049,True,0.006671630988901673,False,True,0.014236038409057433,-0.014236038409057433,0.009480578760095485,0.00756440742015576,0.001089814334966996,-0.018301453746444443,0.018301453746444443,1.930415242321103,False,False,False,False,surprise-1_5-b6cfb79d1d4944531506c284,SMCI|2025-05-30|34,34,2025-05-30 16:20:00+00:00,2025-05-30 16:20:00+00:00,1,"[""SMCI|2025-05-30|34""]",False,1.930415242321103,False,2025-05-30 16:35:00+00:00,quiet_state_runs,1.5,excursion_sigma_ratio_15m >= 1.5,quiet-run-5557e34ebcc42e71f5160365,2025-05-30 16:20:00+00:00,2025-05-30 16:20:00+00:00,34.0,,,,,,
SOFI|2025-02-11|28,SOFI,2025-02-11,assessment,28,2025-02-11 16:45:00+00:00,2025-02-11 16:50:00+00:00,2025-02-11 16:50:00+00:00,0.06666666666666667,15,2025-02-10,2025-02-10,2025-02-21,10,0.5192,0.16375705697293935,0.13454933184206416,False,True,True,False,False,True,1,late,2025-02,1,low,0.0012129241864111612,low,0.0002894518146723402,low,False,none,0.002774532493365618,False,none,up,quiet,7-10 DTE,-0.7066258162050287,-0.6709719399919216,0.018765882036406306,-0.4025195570456168,0.1402761097331796,-0.41457664201738853,-0.2777735874212575,0.999953029177579,0.0,4.6970822420290574e-05,0.0,0.0005150801815677271,0.9999060583551587,0.0,0.0,0.0,0.0,0.0,0.0,0.0,0.0,0.0,0.0,0.0,0.0,0.0,0.0,1.0,0.0,0.0,0.0,-0.9659223711540902,-0.9881852894185815,-0.690238241387135,-0.4734500737584894,0.7225880486920374,0.08044513446360324,0.36111189837685254,2.623139150602632,-0.40351152825974784,-0.40652684797619143,-0.3654581197671559,-0.31936770899778044,True,0.004675240120699547,False,True,0.009793093042962865,-0.009793093042962865,0.006414277420174062,0.005117852922263318,0.0006219179498138197,-0.010806845487063479,0.010806845487063479,1.6848110515752226,False,False,False,False,surprise-1_5-2bb0963baf123358098ae8e1,SOFI|2025-02-11|28,28,2025-02-11 16:50:00+00:00,2025-02-11 16:50:00+00:00,1,"[""SOFI|2025-02-11|28""]",False,1.6848110515752226,False,2025-02-11 17:05:00+00:00,quiet_state_runs,1.5,excursion_sigma_ratio_15m >= 1.5,quiet-run-2f2c8b17012c6410e24297d6,2025-02-11 16:50:00+00:00,2025-02-11 16:50:00+00:00,28.0,,,,,,
WULF|2025-03-05|28,WULF,2025-03-05,assessment,28,2025-03-05 16:45:00+00:00,2025-03-05 16:50:00+00:00,2025-03-05 16:50:00+00:00,0.06666666666666667,15,2025-03-04,2025-03-04,2025-03-14,9,1.2855500000000002,0.1482883102242753,0.1205594669275051,False,True,True,False,True,True,1,late,2025-03,4,high,0.004111912228585102,low,0.0014822458625796907,high,False,none,-0.006136900762402109,False,none,down,active,7-10 DTE,0.8663636295494278,0.9474688596894173,-3.053668453819954,-0.23415891796283622,-0.6258159107249894,-1.3173175053596684,1.6453749177189554,4.260682071142267e-24,0.0,1.0,0.0,1.471587453449877e-22,1.0,0.0,0.0,0.0,0.0,0.0,0.0,0.0,0.0,0.0,0.0,0.0,0.0,0.0,0.0,1.0,0.0,0.0,0.0,0.2013820003713386,-0.9118246686831913,-0.7515979938050251,-0.40777594387063226,-0.3040358955022167,-0.6623671108423415,0.47522291660841987,0.6350375660649002,-0.3316063326795794,1.8744040740981522,0.0,0.5028671929714518,True,0.00015792009747276486,False,True,0.012829830390646127,0.012829830390646127,0.01588188431722798,0.012671910293173362,0.03246581041584771,-0.002873566021470366,0.03246581041584771,2.0442039348307053,True,False,False,False,surprise-1_5-35976fa71311ebd564314ba0,WULF|2025-03-05|28,28,2025-03-05 16:50:00+00:00,2025-03-05 16:50:00+00:00,1,"[""WULF|2025-03-05|28""]",False,2.0442039348307053,True,2025-03-05 17:05:00+00:00,quiet_state_runs,1.5,excursion_sigma_ratio_15m >= 1.5,quiet-run-3cb3e01736ee3758cd35d46c,2025-03-05 16:50:00+00:00,2025-03-05 16:50:00+00:00,28.0,,,,,,
WULF|2025-03-07|34,WULF,2025-03-07,assessment,34,2025-03-07 17:15:00+00:00,2025-03-07 17:20:00+00:00,2025-03-07 17:20:00+00:00,0.06666666666666667,15,2025-03-06,2025-03-06,2025-03-14,7,1.30605,0.12777826542728096,0.12735625799372738,False,True,True,True,True,True,1,late,2025-03,4,high,0.004561549482322615,high,0.0012025874644206063,high,False,none,-0.010329874955481428,False,none,down,active,7-10 DTE,0.7558529866143471,0.7618798522079396,-3.7873706951445802,-0.08468593278102621,-0.6196906828788669,-1.0907643472492556,2.2277332149264484,1.1762667521698895e-38,0.0,1.0,0.0,4.062681433396364e-37,1.0,0.0,0.0,0.0,0.0,0.0,0.0,0.0,0.0,0.0,0.0,0.0,0.0,0.0,0.0,0.0,0.0,0.0,1.0,0.4427179080511258,-0.588281384118053,0.23399294365604717,-0.27355176112404966,0.45638703121029073,0.03746857072575165,-0.7438733982978517,-0.11863749277022673,-0.9789901292490829,0.21843127067251453,-1.0240289741378146,2.456795380577357,True,0.02029416228559773,False,True,0.033168144968806525,0.033168144968806525,0.016135144500420518,0.012873982683208794,0.034557250636619255,-0.002260911707030749,0.034557250636619255,2.1417379084257275,False,False,False,False,surprise-1_5-0af2a08fc8847922b5d96b15,WULF|2025-03-07|34,34,2025-03-07 17:20:00+00:00,2025-03-07 17:20:00+00:00,1,"[""WULF|2025-03-07|34""]",False,2.1417379084257275,True,2025-03-07 17:35:00+00:00,quiet_state_runs,1.5,excursion_sigma_ratio_15m >= 1.5,quiet-run-ea3f1a46ffd7a9b132e9e6cd,2025-03-07 17:20:00+00:00,2025-03-07 17:20:00+00:00,34.0,,,,,,
HIMS|2025-02-12|32,HIMS,2025-02-12,assessment,32,2025-02-12 17:05:00+00:00,2025-02-12 17:10:00+00:00,2025-02-12 17:10:00+00:00,0.06666666666666667,15,2025-02-11,2025-02-11,2025-02-21,9,0.946,0.14985848951883554,0.12194573918589734,False,True,True,False,True,True,1,late,2025-02,3,high,0.0011732716024215198,low,0.0005632708490267162,high,False,none,0.00734349244844412,False,none,up,active,7-10 DTE,0.3942582995660238,0.5676481465399655,-0.14997674736335734,0.0878166511832814,-0.40841649284538256,-0.26544389080222314,-0.007781534117200242,0.9889013308185435,0.0,0.011098669181457084,0.0,0.06099118369469382,0.9778026616370864,0.0,0.0,0.0,0.0,0.0,0.0,0.0,0.0,0.0,0.0,0.0,0.0,0.0,0.0,0.0,0.0,1.0,0.0,-0.3392212799949365,0.7702282825060452,-0.3536575055924997,-0.7851166825472536,-0.05443004018448543,-0.4423536061950622,-0.08272181140905338,0.10615916094705362,0.32928153574818364,0.7537972023221896,-0.3708130069688323,0.357401173619786,True,0.00913027486550617,False,True,0.01845517637640967,0.01845517637640967,0.011687030892690027,0.009324901510903502,0.025261679839479113,-0.0015721507657687987,0.025261679839479113,2.1615139096721485,False,False,False,False,surprise-2_0-a5486ffce3b41e9e22cdc3eb,HIMS|2025-02-12|32,32,2025-02-12 17:10:00+00:00,2025-02-12 17:10:00+00:00,1,"[""HIMS|2025-02-12|32""]",False,2.1615139096721485,True,2025-02-12 17:25:00+00:00,quiet_state_runs,2.0,excursion_sigma_ratio_15m >= 2.0,quiet-run-9f9b335133c633d6a778d9dc,2025-02-12 17:10:00+00:00,2025-02-12 17:10:00+00:00,32.0,,,,,,
IREN|2025-06-16|34,IREN,2025-06-16,assessment,34,2025-06-16 16:15:00+00:00,2025-06-16 16:20:00+00:00,2025-06-16 16:20:00+00:00,0.06666666666666667,15,2025-06-13,2025-06-13,2025-06-27,11,0.84745,0.18601715975632582,0.12894400962917457,False,True,True,False,False,False,1,late,2025-06,2,low,0.004451749285225816,high,0.00042401451006673663,low,False,none,0.004168699943912048,False,none,up,quiet,11-16 DTE,0.18781043691385316,0.35327200599689773,-0.5830662094273484,-0.0218330920451085,1.102008863876273,1.2252631311344468,0.23849710702653507,0.9187796066479718,0.0,0.0812203933520287,0.0,0.2817399245371198,0.8375592132959431,0.0,0.0,0.0,0.0,0.0,0.0,0.0,0.0,0.0,0.0,0.0,0.0,0.0,0.0,0.0,0.0,0.0,1.0,-0.2866047760193771,-0.2412343261636145,-0.6614009271337908,-0.06742389989140181,-0.27985015151772435,-0.2356318956393161,0.7239359508704538,0.0467543599004593,-0.07678624503420055,0.010321741834728582,0.26208100842197773,-0.009884262501683132,True,0.013517262397518786,False,True,0.021870737857788525,0.021870737857788525,0.01046952889007417,0.00835347546026974,0.022650009278482267,-0.0004981320649088206,0.022650009278482267,2.1634220139353744,False,False,False,False,surprise-2_0-7040b9f3218ffc187757ebb8,IREN|2025-06-16|34,34,2025-06-16 16:20:00+00:00,2025-06-16 16:20:00+00:00,1,"[""IREN|2025-06-16|34""]",False,2.1634220139353744,True,2025-06-16 16:35:00+00:00,quiet_state_runs,2.0,excursion_sigma_ratio_15m >= 2.0,quiet-run-19c0ff3e9a3f8779caa0c68f,2025-06-16 16:20:00+00:00,2025-06-16 16:20:00+00:00,34.0,,,,,,
MARA|2025-06-26|34,MARA,2025-06-26,assessment,34,2025-06-26 16:15:00+00:00,2025-06-26 16:20:00+00:00,2025-06-26 16:20:00+00:00,0.06666666666666667,15,2025-06-25,2025-06-25,2025-07-03,7,0.59295,0.18510666920005525,0.1250060710273612,False,True,True,False,False,False,1,late,2025-06,1,low,0.0010502250156474698,low,0.0003251959071972151,low,False,none,0.0036554806334466203,False,none,up,quiet,7-10 DTE,-0.5612800479164259,-0.5242678937573446,0.2087930060659919,-0.3478919028751399,0.18815911566830212,-0.5326024415951307,-0.3262949354788243,0.9999345065946584,0.0,6.549340534171404e-05,0.0,0.0006964259827520758,0.9998690131893168,0.0,0.0,0.0,0.0,0.0,0.0,0.0,0.0,0.0,0.0,0.0,0.0,0.0,0.0,0.0,0.0,0.0,1.0,-0.7329622135759454,-0.8243843469829698,-1.2528906514726397,-1.2703214061887882,-0.37573717119102307,-0.16311290534196995,0.5497565784172888,-0.8046558599985494,0.5984563669728165,-0.26873377639238105,-0.8937297371348896,1.1473351520637516,True,0.013760394053411973,False,True,0.019605214720314967,0.019605214720314967,0.0073253963719033316,0.0058448206669029935,0.0330062986471992,-0.0006712991413995294,0.0330062986471992,4.505735521601209,False,False,False,False,surprise-2_0-1358edcbd069fd50c2a6c5a4,MARA|2025-06-26|34,34,2025-06-26 16:20:00+00:00,2025-06-26 16:20:00+00:00,1,"[""MARA|2025-06-26|34""]",False,4.505735521601209,True,2025-06-26 16:35:00+00:00,quiet_state_runs,2.0,excursion_sigma_ratio_15m >= 2.0,quiet-run-8e2d1b276db3698a6cfd7904,2025-06-26 16:20:00+00:00,2025-06-26 16:20:00+00:00,34.0,,,,,,
WULF|2025-03-05|28,WULF,2025-03-05,assessment,28,2025-03-05 16:45:00+00:00,2025-03-05 16:50:00+00:00,2025-03-05 16:50:00+00:00,0.06666666666666667,15,2025-03-04,2025-03-04,2025-03-14,9,1.2855500000000002,0.1482883102242753,0.1205594669275051,False,True,True,False,True,True,1,late,2025-03,4,high,0.004111912228585102,low,0.0014822458625796907,high,False,none,-0.006136900762402109,False,none,down,active,7-10 DTE,0.8663636295494278,0.9474688596894173,-3.053668453819954,-0.23415891796283622,-0.6258159107249894,-1.3173175053596684,1.6453749177189554,4.260682071142267e-24,0.0,1.0,0.0,1.471587453449877e-22,1.0,0.0,0.0,0.0,0.0,0.0,0.0,0.0,0.0,0.0,0.0,0.0,0.0,0.0,0.0,1.0,0.0,0.0,0.0,0.2013820003713386,-0.9118246686831913,-0.7515979938050251,-0.40777594387063226,-0.3040358955022167,-0.6623671108423415,0.47522291660841987,0.6350375660649002,-0.3316063326795794,1.8744040740981522,0.0,0.5028671929714518,True,0.00015792009747276486,False,True,0.012829830390646127,0.012829830390646127,0.01588188431722798,0.012671910293173362,0.03246581041584771,-0.002873566021470366,0.03246581041584771,2.0442039348307053,True,False,False,False,surprise-2_0-49d709855a7ad4cd634b53a5,WULF|2025-03-05|28,28,2025-03-05 16:50:00+00:00,2025-03-05 16:50:00+00:00,1,"[""WULF|2025-03-05|28""]",False,2.0442039348307053,True,2025-03-05 17:05:00+00:00,quiet_state_runs,2.0,excursion_sigma_ratio_15m >= 2.0,quiet-run-3cb3e01736ee3758cd35d46c,2025-03-05 16:50:00+00:00,2025-03-05 16:50:00+00:00,28.0,,,,,,
WULF|2025-03-07|34,WULF,2025-03-07,assessment,34,2025-03-07 17:15:00+00:00,2025-03-07 17:20:00+00:00,2025-03-07 17:20:00+00:00,0.06666666666666667,15,2025-03-06,2025-03-06,2025-03-14,7,1.30605,0.12777826542728096,0.12735625799372738,False,True,True,True,True,True,1,late,2025-03,4,high,0.004561549482322615,high,0.0012025874644206063,high,False,none,-0.010329874955481428,False,none,down,active,7-10 DTE,0.7558529866143471,0.7618798522079396,-3.7873706951445802,-0.08468593278102621,-0.6196906828788669,-1.0907643472492556,2.2277332149264484,1.1762667521698895e-38,0.0,1.0,0.0,4.062681433396364e-37,1.0,0.0,0.0,0.0,0.0,0.0,0.0,0.0,0.0,0.0,0.0,0.0,0.0,0.0,0.0,0.0,0.0,0.0,1.0,0.4427179080511258,-0.588281384118053,0.23399294365604717,-0.27355176112404966,0.45638703121029073,0.03746857072575165,-0.7438733982978517,-0.11863749277022673,-0.9789901292490829,0.21843127067251453,-1.0240289741378146,2.456795380577357,True,0.02029416228559773,False,True,0.033168144968806525,0.033168144968806525,0.016135144500420518,0.012873982683208794,0.034557250636619255,-0.002260911707030749,0.034557250636619255,2.1417379084257275,False,False,False,False,surprise-2_0-0c826c4099f4f8ce2ecdb6a6,WULF|2025-03-07|34,34,2025-03-07 17:20:00+00:00,2025-03-07 17:20:00+00:00,1,"[""WULF|2025-03-07|34""]",False,2.1417379084257275,True,2025-03-07 17:35:00+00:00,quiet_state_runs,2.0,excursion_sigma_ratio_15m >= 2.0,quiet-run-ea3f1a46ffd7a9b132e9e6cd,2025-03-07 17:20:00+00:00,2025-03-07 17:20:00+00:00,34.0,,,,,,
ASTS|2025-01-02|34,ASTS,2025-01-02,assessment,34,2025-01-02 17:15:00+00:00,2025-01-02 17:20:00+00:00,2025-01-02 17:20:00+00:00,0.06666666666666667,15,2024-12-31,2024-12-31,2025-01-10,8,0.8705499999999999,0.15150260248277927,0.13241332415457166,False,True,True,False,True,True,1,late,2025-01,2,low,0.0022706892684091675,low,0.0012183421823332764,high,False,none,-0.0020260860409260367,False,none,down,active,7-10 DTE,0.08907166050061542,0.18282665624915845,-0.29677250754800233,-0.13941493695924012,-0.15288709759560923,-0.29643343383930987,0.016653594478773192,0.9991506719126418,0.0,0.0008493280873589477,0.0,0.006854621423697159,0.9983013438252829,0.0,0.0,0.0,0.0,0.0,0.0,0.0,0.0,0.0,0.0,0.0,0.0,0.0,0.0,0.0,0.0,0.0,1.0,-0.2420498781039739,0.8206979776784858,-0.31315618568371506,-0.626276920761698,-0.3984400333023327,-0.5368343071808187,-0.225484458297876,1.4328661892702463,0.0732182077678672,0.6528365142144866,-0.7111462043682774,0.977785733763343,True,0.010536383390803533,False,True,0.019117559934479056,-0.019117559934479056,0.010754909876988693,0.008581176543675522,0.0,-0.020497233673211886,0.020497233673211886,1.905848947666415,False,False,False,False,surprise-1_5-663159496c2ca59595d39fc3,ASTS|2025-01-02|34,34,2025-01-02 17:20:00+00:00,2025-01-02 17:20:00+00:00,1,"[""ASTS|2025-01-02|34""]",False,1.905848947666415,False,2025-01-02 17:35:00+00:00,frozen_fresh_quiet_episodes,1.5,excursion_sigma_ratio_15m >= 1.5,,,,,quiet-875dbc14e99b72aebbf7d586,2025-01-02 17:20:00+00:00,0.14309130532560038,0.13241332415457166,1.0,
IREN|2025-06-16|34,IREN,2025-06-16,assessment,34,2025-06-16 16:15:00+00:00,2025-06-16 16:20:00+00:00,2025-06-16 16:20:00+00:00,0.06666666666666667,15,2025-06-13,2025-06-13,2025-06-27,11,0.84745,0.18601715975632582,0.12894400962917457,False,True,True,False,False,False,1,late,2025-06,2,low,0.004451749285225816,high,0.00042401451006673663,low,False,none,0.004168699943912048,False,none,up,quiet,11-16 DTE,0.18781043691385316,0.35327200599689773,-0.5830662094273484,-0.0218330920451085,1.102008863876273,1.2252631311344468,0.23849710702653507,0.9187796066479718,0.0,0.0812203933520287,0.0,0.2817399245371198,0.8375592132959431,0.0,0.0,0.0,0.0,0.0,0.0,0.0,0.0,0.0,0.0,0.0,0.0,0.0,0.0,0.0,0.0,0.0,1.0,-0.2866047760193771,-0.2412343261636145,-0.6614009271337908,-0.06742389989140181,-0.27985015151772435,-0.2356318956393161,0.7239359508704538,0.0467543599004593,-0.07678624503420055,0.010321741834728582,0.26208100842197773,-0.009884262501683132,True,0.013517262397518786,False,True,0.021870737857788525,0.021870737857788525,0.01046952889007417,0.00835347546026974,0.022650009278482267,-0.0004981320649088206,0.022650009278482267,2.1634220139353744,False,False,False,False,surprise-1_5-33eef78ac93fe0963bf8ee91,IREN|2025-06-16|34,34,2025-06-16 16:20:00+00:00,2025-06-16 16:20:00+00:00,1,"[""IREN|2025-06-16|34""]",False,2.1634220139353744,True,2025-06-16 16:35:00+00:00,frozen_fresh_quiet_episodes,1.5,excursion_sigma_ratio_15m >= 1.5,,,,,quiet-a9d545c256e9289d1db707bf,2025-06-16 16:20:00+00:00,0.1522209041680568,0.12894400962917457,1.0,
MARA|2025-06-26|34,MARA,2025-06-26,assessment,34,2025-06-26 16:15:00+00:00,2025-06-26 16:20:00+00:00,2025-06-26 16:20:00+00:00,0.06666666666666667,15,2025-06-25,2025-06-25,2025-07-03,7,0.59295,0.18510666920005525,0.1250060710273612,False,True,True,False,False,False,1,late,2025-06,1,low,0.0010502250156474698,low,0.0003251959071972151,low,False,none,0.0036554806334466203,False,none,up,quiet,7-10 DTE,-0.5612800479164259,-0.5242678937573446,0.2087930060659919,-0.3478919028751399,0.18815911566830212,-0.5326024415951307,-0.3262949354788243,0.9999345065946584,0.0,6.549340534171404e-05,0.0,0.0006964259827520758,0.9998690131893168,0.0,0.0,0.0,0.0,0.0,0.0,0.0,0.0,0.0,0.0,0.0,0.0,0.0,0.0,0.0,0.0,0.0,1.0,-0.7329622135759454,-0.8243843469829698,-1.2528906514726397,-1.2703214061887882,-0.37573717119102307,-0.16311290534196995,0.5497565784172888,-0.8046558599985494,0.5984563669728165,-0.26873377639238105,-0.8937297371348896,1.1473351520637516,True,0.013760394053411973,False,True,0.019605214720314967,0.019605214720314967,0.0073253963719033316,0.0058448206669029935,0.0330062986471992,-0.0006712991413995294,0.0330062986471992,4.505735521601209,False,False,False,False,surprise-1_5-e288adad711fc08b9b5e0f33,MARA|2025-06-26|34,34,2025-06-26 16:20:00+00:00,2025-06-26 16:20:00+00:00,1,"[""MARA|2025-06-26|34""]",False,4.505735521601209,True,2025-06-26 16:35:00+00:00,frozen_fresh_quiet_episodes,1.5,excursion_sigma_ratio_15m >= 1.5,,,,,quiet-d0c74c97d015202abb10fa90,2025-06-26 16:20:00+00:00,0.1455243255552054,0.1250060710273612,1.0,
MSTR|2025-02-12|34,MSTR,2025-02-12,assessment,34,2025-02-12 17:15:00+00:00,2025-02-12 17:20:00+00:00,2025-02-12 17:20:00+00:00,0.06666666666666667,15,2025-02-11,2025-02-11,2025-02-21,9,0.68605,0.1391492281767927,0.127793825760598,False,True,True,True,True,True,1,late,2025-02,2,low,0.003533615601364185,low,0.000500777626411808,low,False,none,0.008063150355683729,False,none,up,quiet,7-10 DTE,-0.2129160845998638,-0.09174757369184734,0.2110169601884406,-0.41510393811106705,1.268194280057946,-0.3042627417414469,-0.3950151183486548,0.9997326171401815,0.0,0.00026738285981808894,0.0,0.002467060173688434,0.9994652342803634,0.0,0.0,0.0,0.0,0.0,0.0,0.0,0.0,0.0,0.0,0.0,0.0,0.0,0.0,0.0,0.0,0.0,1.0,-0.4366537558726317,0.4547020980799452,-0.30860765633299425,-0.2656925087870876,0.7502455425871777,0.10317751034889922,-0.9719636742313315,-0.8147776175411191,-0.9071964586094273,-0.575724629114366,-0.8554446899246854,0.48770121102744357,True,0.0005809343313044743,False,True,0.007343459364661079,0.007343459364661079,0.008475568228255808,0.006762525033356605,0.01513354364081957,-0.0008012882428574012,0.01513354364081957,1.7855491492100657,True,False,False,False,surprise-1_5-0b671453adf4a7c2e9814357,MSTR|2025-02-12|34,34,2025-02-12 17:20:00+00:00,2025-02-12 17:20:00+00:00,1,"[""MSTR|2025-02-12|34""]",False,1.7855491492100657,False,2025-02-12 17:35:00+00:00,frozen_fresh_quiet_episodes,1.5,excursion_sigma_ratio_15m >= 1.5,,,,,quiet-937ae99782eb918883098a18,2025-02-12 17:20:00+00:00,0.16870987049780461,0.127793825760598,2.0,40.0
RGTI|2025-06-27|32,RGTI,2025-06-27,assessment,32,2025-06-27 16:05:00+00:00,2025-06-27 16:10:00+00:00,2025-06-27 16:10:00+00:00,0.06666666666666667,15,2025-06-26,2025-06-26,2025-07-11,14,0.77605,0.15846505497063665,0.10614888281152964,True,True,True,False,False,True,1,late,2025-06,2,low,0.0011335470608910562,low,0.00016939643070121906,low,False,none,0.004416031302233181,False,none,up,quiet,11-16 DTE,-0.11200706023408613,-0.027412031147918917,-0.5136117866919874,0.32129686071319696,-0.3733977573830997,0.16321081085473488,0.6462605079604878,0.5492483825286887,0.0,0.4507516174713114,0.0,0.688288500159005,0.09849676505737726,0.0,0.0,0.0,0.0,0.0,0.0,0.0,0.0,0.0,0.0,0.0,0.0,0.0,0.0,0.0,0.0,1.0,0.0,-0.7112824968137156,-0.2251728117814228,-1.0463238047489003,-0.8504424202168991,-0.18467944762490726,-0.21862200098449686,0.001839304094614271,0.30218708660069055,0.5712723947305687,0.3806514499701941,-0.3542336324609342,0.42583187556290786,True,0.005918576973056117,False,True,0.013568249084617073,0.013568249084617073,0.00958744220324746,0.007649672111560956,0.01594373968285427,0.0,0.01594373968285427,1.6629815693481649,False,False,False,False,surprise-1_5-0406bb7d6ef5dad7f5a86374,RGTI|2025-06-27|32,32,2025-06-27 16:10:00+00:00,2025-06-27 16:10:00+00:00,1,"[""RGTI|2025-06-27|32""]",False,1.6629815693481649,False,2025-06-27 16:25:00+00:00,frozen_fresh_quiet_episodes,1.5,excursion_sigma_ratio_15m >= 1.5,,,,,quiet-c8cdc7ea74c2bfacd642cc47,2025-06-27 16:10:00+00:00,0.13734010776696823,0.10614888281152964,2.0,30.0
RIOT|2025-07-10|34,RIOT,2025-07-10,assessment,34,2025-07-10 16:15:00+00:00,2025-07-10 16:20:00+00:00,2025-07-10 16:20:00+00:00,0.06666666666666667,15,2025-07-09,2025-07-09,2025-07-18,8,0.7837000000000001,0.1525917192245138,0.13073447983255174,False,True,True,False,True,True,1,late,2025-07,2,low,0.0027883056633897668,low,0.00019188963461178843,low,False,none,0.001721251461481488,False,none,up,quiet,7-10 DTE,-0.1337010928869266,-0.0673504596175824,-0.24920072510262806,-0.3812014481010403,-0.03597577987838169,0.9537330280428784,0.006569481344963842,0.999061085309144,0.0,0.0009389146908567187,0.0,0.007483447092635771,0.9981221706182872,0.0,0.0,0.0,0.0,0.0,0.0,0.0,0.0,0.0,0.0,0.0,0.0,0.0,0.0,0.0,0.0,0.0,1.0,-0.3945928075936096,0.40880094490321234,-0.5612967254212253,-0.5601563461645254,-0.2631613630959024,0.5579698457036866,0.23978909754195246,-0.14657930291820723,1.6730478053203583,-0.3408786640476895,-0.04108658302026611,-0.37802365250282194,True,0.006991963712900777,False,True,0.014717043326109102,0.014717043326109102,0.00968195149112175,0.007725079613208325,0.01786124156574484,-0.0004005608225448276,0.01786124156574484,1.8447976712420648,False,False,False,False,surprise-1_5-042df7b39ccbab645e6c7ca1,RIOT|2025-07-10|34,34,2025-07-10 16:20:00+00:00,2025-07-10 16:20:00+00:00,1,"[""RIOT|2025-07-10|34""]",False,1.8447976712420648,False,2025-07-10 16:35:00+00:00,frozen_fresh_quiet_episodes,1.5,excursion_sigma_ratio_15m >= 1.5,,,,,quiet-22408c03c715d960a4a7e917,2025-07-10 16:20:00+00:00,0.13608430221806903,0.13073447983255174,1.0,
SMCI|2025-05-30|34,SMCI,2025-05-30,assessment,34,2025-05-30 16:15:00+00:00,2025-05-30 16:20:00+00:00,2025-05-30 16:20:00+00:00,0.06666666666666667,15,2025-05-29,2025-05-29,2025-06-06,7,0.7674000000000001,0.18210789326870871,0.12100187018822603,False,True,True,False,False,True,1,late,2025-05,2,low,0.002843794995137673,low,0.0009764922344116494,high,False,none,-0.0021268014355857222,False,none,down,active,7-10 DTE,-0.5243486011741002,-0.6375599853563737,0.23351032706207447,-0.509713444474476,0.19854703309537639,-0.08682692406366745,-0.43466612176588665,0.9998653118321682,0.0,0.00013468816783250562,0.0,0.0013350939008175589,0.9997306236643357,0.0,0.0,0.0,0.0,0.0,0.0,0.0,0.0,0.0,0.0,0.0,0.0,0.0,0.0,0.0,0.0,0.0,1.0,-0.448487231172757,0.33215881584120205,-0.7433220208315879,-0.20996023418492663,-0.8338168765267833,-0.256634273545358,0.8836920698772477,-0.27496468570098365,-0.07652515498516003,-0.20172342883330768,0.850303422032515,-1.0337592056756049,True,0.006671630988901673,False,True,0.014236038409057433,-0.014236038409057433,0.009480578760095485,0.00756440742015576,0.001089814334966996,-0.018301453746444443,0.018301453746444443,1.930415242321103,False,False,False,False,surprise-1_5-b6cfb79d1d4944531506c284,SMCI|2025-05-30|34,34,2025-05-30 16:20:00+00:00,2025-05-30 16:20:00+00:00,1,"[""SMCI|2025-05-30|34""]",False,1.930415242321103,False,2025-05-30 16:35:00+00:00,frozen_fresh_quiet_episodes,1.5,excursion_sigma_ratio_15m >= 1.5,,,,,quiet-f7fc2284a1308c061813dabe,2025-05-30 16:20:00+00:00,0.13717296109125351,0.12100187018822603,1.0,
SOFI|2025-02-11|28,SOFI,2025-02-11,assessment,28,2025-02-11 16:45:00+00:00,2025-02-11 16:50:00+00:00,2025-02-11 16:50:00+00:00,0.06666666666666667,15,2025-02-10,2025-02-10,2025-02-21,10,0.5192,0.16375705697293935,0.13454933184206416,False,True,True,False,False,True,1,late,2025-02,1,low,0.0012129241864111612,low,0.0002894518146723402,low,False,none,0.002774532493365618,False,none,up,quiet,7-10 DTE,-0.7066258162050287,-0.6709719399919216,0.018765882036406306,-0.4025195570456168,0.1402761097331796,-0.41457664201738853,-0.2777735874212575,0.999953029177579,0.0,4.6970822420290574e-05,0.0,0.0005150801815677271,0.9999060583551587,0.0,0.0,0.0,0.0,0.0,0.0,0.0,0.0,0.0,0.0,0.0,0.0,0.0,0.0,1.0,0.0,0.0,0.0,-0.9659223711540902,-0.9881852894185815,-0.690238241387135,-0.4734500737584894,0.7225880486920374,0.08044513446360324,0.36111189837685254,2.623139150602632,-0.40351152825974784,-0.40652684797619143,-0.3654581197671559,-0.31936770899778044,True,0.004675240120699547,False,True,0.009793093042962865,-0.009793093042962865,0.006414277420174062,0.005117852922263318,0.0006219179498138197,-0.010806845487063479,0.010806845487063479,1.6848110515752226,False,False,False,False,surprise-1_5-2bb0963baf123358098ae8e1,SOFI|2025-02-11|28,28,2025-02-11 16:50:00+00:00,2025-02-11 16:50:00+00:00,1,"[""SOFI|2025-02-11|28""]",False,1.6848110515752226,False,2025-02-11 17:05:00+00:00,frozen_fresh_quiet_episodes,1.5,excursion_sigma_ratio_15m >= 1.5,,,,,quiet-329de0a21ad4b79057900e62,2025-02-11 16:50:00+00:00,0.1707955540214208,0.13454933184206416,1.0,
WULF|2025-03-05|28,WULF,2025-03-05,assessment,28,2025-03-05 16:45:00+00:00,2025-03-05 16:50:00+00:00,2025-03-05 16:50:00+00:00,0.06666666666666667,15,2025-03-04,2025-03-04,2025-03-14,9,1.2855500000000002,0.1482883102242753,0.1205594669275051,False,True,True,False,True,True,1,late,2025-03,4,high,0.004111912228585102,low,0.0014822458625796907,high,False,none,-0.006136900762402109,False,none,down,active,7-10 DTE,0.8663636295494278,0.9474688596894173,-3.053668453819954,-0.23415891796283622,-0.6258159107249894,-1.3173175053596684,1.6453749177189554,4.260682071142267e-24,0.0,1.0,0.0,1.471587453449877e-22,1.0,0.0,0.0,0.0,0.0,0.0,0.0,0.0,0.0,0.0,0.0,0.0,0.0,0.0,0.0,1.0,0.0,0.0,0.0,0.2013820003713386,-0.9118246686831913,-0.7515979938050251,-0.40777594387063226,-0.3040358955022167,-0.6623671108423415,0.47522291660841987,0.6350375660649002,-0.3316063326795794,1.8744040740981522,0.0,0.5028671929714518,True,0.00015792009747276486,False,True,0.012829830390646127,0.012829830390646127,0.01588188431722798,0.012671910293173362,0.03246581041584771,-0.002873566021470366,0.03246581041584771,2.0442039348307053,True,False,False,False,surprise-1_5-35976fa71311ebd564314ba0,WULF|2025-03-05|28,28,2025-03-05 16:50:00+00:00,2025-03-05 16:50:00+00:00,1,"[""WULF|2025-03-05|28""]",False,2.0442039348307053,True,2025-03-05 17:05:00+00:00,frozen_fresh_quiet_episodes,1.5,excursion_sigma_ratio_15m >= 1.5,,,,,quiet-23e2ed5c86ba3fa4e2cd58e3,2025-03-05 16:50:00+00:00,0.1368244597366007,0.1205594669275051,1.0,
WULF|2025-03-07|34,WULF,2025-03-07,assessment,34,2025-03-07 17:15:00+00:00,2025-03-07 17:20:00+00:00,2025-03-07 17:20:00+00:00,0.06666666666666667,15,2025-03-06,2025-03-06,2025-03-14,7,1.30605,0.12777826542728096,0.12735625799372738,False,True,True,True,True,True,1,late,2025-03,4,high,0.004561549482322615,high,0.0012025874644206063,high,False,none,-0.010329874955481428,False,none,down,active,7-10 DTE,0.7558529866143471,0.7618798522079396,-3.7873706951445802,-0.08468593278102621,-0.6196906828788669,-1.0907643472492556,2.2277332149264484,1.1762667521698895e-38,0.0,1.0,0.0,4.062681433396364e-37,1.0,0.0,0.0,0.0,0.0,0.0,0.0,0.0,0.0,0.0,0.0,0.0,0.0,0.0,0.0,0.0,0.0,0.0,1.0,0.4427179080511258,-0.588281384118053,0.23399294365604717,-0.27355176112404966,0.45638703121029073,0.03746857072575165,-0.7438733982978517,-0.11863749277022673,-0.9789901292490829,0.21843127067251453,-1.0240289741378146,2.456795380577357,True,0.02029416228559773,False,True,0.033168144968806525,0.033168144968806525,0.016135144500420518,0.012873982683208794,0.034557250636619255,-0.002260911707030749,0.034557250636619255,2.1417379084257275,False,False,False,False,surprise-1_5-0af2a08fc8847922b5d96b15,WULF|2025-03-07|34,34,2025-03-07 17:20:00+00:00,2025-03-07 17:20:00+00:00,1,"[""WULF|2025-03-07|34""]",False,2.1417379084257275,True,2025-03-07 17:35:00+00:00,frozen_fresh_quiet_episodes,1.5,excursion_sigma_ratio_15m >= 1.5,,,,,quiet-baf6c40e179729c049ce317b,2025-03-07 17:20:00+00:00,0.14612005969087233,0.12735625799372738,1.0,
IREN|2025-06-16|34,IREN,2025-06-16,assessment,34,2025-06-16 16:15:00+00:00,2025-06-16 16:20:00+00:00,2025-06-16 16:20:00+00:00,0.06666666666666667,15,2025-06-13,2025-06-13,2025-06-27,11,0.84745,0.18601715975632582,0.12894400962917457,False,True,True,False,False,False,1,late,2025-06,2,low,0.004451749285225816,high,0.00042401451006673663,low,False,none,0.004168699943912048,False,none,up,quiet,11-16 DTE,0.18781043691385316,0.35327200599689773,-0.5830662094273484,-0.0218330920451085,1.102008863876273,1.2252631311344468,0.23849710702653507,0.9187796066479718,0.0,0.0812203933520287,0.0,0.2817399245371198,0.8375592132959431,0.0,0.0,0.0,0.0,0.0,0.0,0.0,0.0,0.0,0.0,0.0,0.0,0.0,0.0,0.0,0.0,0.0,1.0,-0.2866047760193771,-0.2412343261636145,-0.6614009271337908,-0.06742389989140181,-0.27985015151772435,-0.2356318956393161,0.7239359508704538,0.0467543599004593,-0.07678624503420055,0.010321741834728582,0.26208100842197773,-0.009884262501683132,True,0.013517262397518786,False,True,0.021870737857788525,0.021870737857788525,0.01046952889007417,0.00835347546026974,0.022650009278482267,-0.0004981320649088206,0.022650009278482267,2.1634220139353744,False,False,False,False,surprise-2_0-7040b9f3218ffc187757ebb8,IREN|2025-06-16|34,34,2025-06-16 16:20:00+00:00,2025-06-16 16:20:00+00:00,1,"[""IREN|2025-06-16|34""]",False,2.1634220139353744,True,2025-06-16 16:35:00+00:00,frozen_fresh_quiet_episodes,2.0,excursion_sigma_ratio_15m >= 2.0,,,,,quiet-a9d545c256e9289d1db707bf,2025-06-16 16:20:00+00:00,0.1522209041680568,0.12894400962917457,1.0,
MARA|2025-06-26|34,MARA,2025-06-26,assessment,34,2025-06-26 16:15:00+00:00,2025-06-26 16:20:00+00:00,2025-06-26 16:20:00+00:00,0.06666666666666667,15,2025-06-25,2025-06-25,2025-07-03,7,0.59295,0.18510666920005525,0.1250060710273612,False,True,True,False,False,False,1,late,2025-06,1,low,0.0010502250156474698,low,0.0003251959071972151,low,False,none,0.0036554806334466203,False,none,up,quiet,7-10 DTE,-0.5612800479164259,-0.5242678937573446,0.2087930060659919,-0.3478919028751399,0.18815911566830212,-0.5326024415951307,-0.3262949354788243,0.9999345065946584,0.0,6.549340534171404e-05,0.0,0.0006964259827520758,0.9998690131893168,0.0,0.0,0.0,0.0,0.0,0.0,0.0,0.0,0.0,0.0,0.0,0.0,0.0,0.0,0.0,0.0,0.0,1.0,-0.7329622135759454,-0.8243843469829698,-1.2528906514726397,-1.2703214061887882,-0.37573717119102307,-0.16311290534196995,0.5497565784172888,-0.8046558599985494,0.5984563669728165,-0.26873377639238105,-0.8937297371348896,1.1473351520637516,True,0.013760394053411973,False,True,0.019605214720314967,0.019605214720314967,0.0073253963719033316,0.0058448206669029935,0.0330062986471992,-0.0006712991413995294,0.0330062986471992,4.505735521601209,False,False,False,False,surprise-2_0-1358edcbd069fd50c2a6c5a4,MARA|2025-06-26|34,34,2025-06-26 16:20:00+00:00,2025-06-26 16:20:00+00:00,1,"[""MARA|2025-06-26|34""]",False,4.505735521601209,True,2025-06-26 16:35:00+00:00,frozen_fresh_quiet_episodes,2.0,excursion_sigma_ratio_15m >= 2.0,,,,,quiet-d0c74c97d015202abb10fa90,2025-06-26 16:20:00+00:00,0.1455243255552054,0.1250060710273612,1.0,
WULF|2025-03-05|28,WULF,2025-03-05,assessment,28,2025-03-05 16:45:00+00:00,2025-03-05 16:50:00+00:00,2025-03-05 16:50:00+00:00,0.06666666666666667,15,2025-03-04,2025-03-04,2025-03-14,9,1.2855500000000002,0.1482883102242753,0.1205594669275051,False,True,True,False,True,True,1,late,2025-03,4,high,0.004111912228585102,low,0.0014822458625796907,high,False,none,-0.006136900762402109,False,none,down,active,7-10 DTE,0.8663636295494278,0.9474688596894173,-3.053668453819954,-0.23415891796283622,-0.6258159107249894,-1.3173175053596684,1.6453749177189554,4.260682071142267e-24,0.0,1.0,0.0,1.471587453449877e-22,1.0,0.0,0.0,0.0,0.0,0.0,0.0,0.0,0.0,0.0,0.0,0.0,0.0,0.0,0.0,1.0,0.0,0.0,0.0,0.2013820003713386,-0.9118246686831913,-0.7515979938050251,-0.40777594387063226,-0.3040358955022167,-0.6623671108423415,0.47522291660841987,0.6350375660649002,-0.3316063326795794,1.8744040740981522,0.0,0.5028671929714518,True,0.00015792009747276486,False,True,0.012829830390646127,0.012829830390646127,0.01588188431722798,0.012671910293173362,0.03246581041584771,-0.002873566021470366,0.03246581041584771,2.0442039348307053,True,False,False,False,surprise-2_0-49d709855a7ad4cd634b53a5,WULF|2025-03-05|28,28,2025-03-05 16:50:00+00:00,2025-03-05 16:50:00+00:00,1,"[""WULF|2025-03-05|28""]",False,2.0442039348307053,True,2025-03-05 17:05:00+00:00,frozen_fresh_quiet_episodes,2.0,excursion_sigma_ratio_15m >= 2.0,,,,,quiet-23e2ed5c86ba3fa4e2cd58e3,2025-03-05 16:50:00+00:00,0.1368244597366007,0.1205594669275051,1.0,
WULF|2025-03-07|34,WULF,2025-03-07,assessment,34,2025-03-07 17:15:00+00:00,2025-03-07 17:20:00+00:00,2025-03-07 17:20:00+00:00,0.06666666666666667,15,2025-03-06,2025-03-06,2025-03-14,7,1.30605,0.12777826542728096,0.12735625799372738,False,True,True,True,True,True,1,late,2025-03,4,high,0.004561549482322615,high,0.0012025874644206063,high,False,none,-0.010329874955481428,False,none,down,active,7-10 DTE,0.7558529866143471,0.7618798522079396,-3.7873706951445802,-0.08468593278102621,-0.6196906828788669,-1.0907643472492556,2.2277332149264484,1.1762667521698895e-38,0.0,1.0,0.0,4.062681433396364e-37,1.0,0.0,0.0,0.0,0.0,0.0,0.0,0.0,0.0,0.0,0.0,0.0,0.0,0.0,0.0,0.0,0.0,0.0,1.0,0.4427179080511258,-0.588281384118053,0.23399294365604717,-0.27355176112404966,0.45638703121029073,0.03746857072575165,-0.7438733982978517,-0.11863749277022673,-0.9789901292490829,0.21843127067251453,-1.0240289741378146,2.456795380577357,True,0.02029416228559773,False,True,0.033168144968806525,0.033168144968806525,0.016135144500420518,0.012873982683208794,0.034557250636619255,-0.002260911707030749,0.034557250636619255,2.1417379084257275,False,False,False,False,surprise-2_0-0c826c4099f4f8ce2ecdb6a6,WULF|2025-03-07|34,34,2025-03-07 17:20:00+00:00,2025-03-07 17:20:00+00:00,1,"[""WULF|2025-03-07|34""]",False,2.1417379084257275,True,2025-03-07 17:35:00+00:00,frozen_fresh_quiet_episodes,2.0,excursion_sigma_ratio_15m >= 2.0,,,,,quiet-baf6c40e179729c049ce317b,2025-03-07 17:20:00+00:00,0.14612005969087233,0.12735625799372738,1.0,
ASTS|2025-01-02|34,ASTS,2025-01-02,assessment,34,2025-01-02 17:15:00+00:00,2025-01-02 17:20:00+00:00,2025-01-02 17:20:00+00:00,0.06666666666666667,15,2024-12-31,2024-12-31,2025-01-10,8,0.8705499999999999,0.15150260248277927,0.13241332415457166,False,True,True,False,True,True,1,late,2025-01,2,low,0.0022706892684091675,low,0.0012183421823332764,high,False,none,-0.0020260860409260367,False,none,down,active,7-10 DTE,0.08907166050061542,0.18282665624915845,-0.29677250754800233,-0.13941493695924012,-0.15288709759560923,-0.29643343383930987,0.016653594478773192,0.9991506719126418,0.0,0.0008493280873589477,0.0,0.006854621423697159,0.9983013438252829,0.0,0.0,0.0,0.0,0.0,0.0,0.0,0.0,0.0,0.0,0.0,0.0,0.0,0.0,0.0,0.0,0.0,1.0,-0.2420498781039739,0.8206979776784858,-0.31315618568371506,-0.626276920761698,-0.3984400333023327,-0.5368343071808187,-0.225484458297876,1.4328661892702463,0.0732182077678672,0.6528365142144866,-0.7111462043682774,0.977785733763343,True,0.010536383390803533,False,True,0.019117559934479056,-0.019117559934479056,0.010754909876988693,0.008581176543675522,0.0,-0.020497233673211886,0.020497233673211886,1.905848947666415,False,False,False,False,surprise-1_5-663159496c2ca59595d39fc3,ASTS|2025-01-02|34,34,2025-01-02 17:20:00+00:00,2025-01-02 17:20:00+00:00,1,"[""ASTS|2025-01-02|34""]",False,1.905848947666415,False,2025-01-02 17:35:00+00:00,one_per_stock_session,1.5,excursion_sigma_ratio_15m >= 1.5,,,,,,,,,,
IREN|2025-06-16|34,IREN,2025-06-16,assessment,34,2025-06-16 16:15:00+00:00,2025-06-16 16:20:00+00:00,2025-06-16 16:20:00+00:00,0.06666666666666667,15,2025-06-13,2025-06-13,2025-06-27,11,0.84745,0.18601715975632582,0.12894400962917457,False,True,True,False,False,False,1,late,2025-06,2,low,0.004451749285225816,high,0.00042401451006673663,low,False,none,0.004168699943912048,False,none,up,quiet,11-16 DTE,0.18781043691385316,0.35327200599689773,-0.5830662094273484,-0.0218330920451085,1.102008863876273,1.2252631311344468,0.23849710702653507,0.9187796066479718,0.0,0.0812203933520287,0.0,0.2817399245371198,0.8375592132959431,0.0,0.0,0.0,0.0,0.0,0.0,0.0,0.0,0.0,0.0,0.0,0.0,0.0,0.0,0.0,0.0,0.0,1.0,-0.2866047760193771,-0.2412343261636145,-0.6614009271337908,-0.06742389989140181,-0.27985015151772435,-0.2356318956393161,0.7239359508704538,0.0467543599004593,-0.07678624503420055,0.010321741834728582,0.26208100842197773,-0.009884262501683132,True,0.013517262397518786,False,True,0.021870737857788525,0.021870737857788525,0.01046952889007417,0.00835347546026974,0.022650009278482267,-0.0004981320649088206,0.022650009278482267,2.1634220139353744,False,False,False,False,surprise-1_5-33eef78ac93fe0963bf8ee91,IREN|2025-06-16|34,34,2025-06-16 16:20:00+00:00,2025-06-16 16:20:00+00:00,1,"[""IREN|2025-06-16|34""]",False,2.1634220139353744,True,2025-06-16 16:35:00+00:00,one_per_stock_session,1.5,excursion_sigma_ratio_15m >= 1.5,,,,,,,,,,
MARA|2025-06-26|34,MARA,2025-06-26,assessment,34,2025-06-26 16:15:00+00:00,2025-06-26 16:20:00+00:00,2025-06-26 16:20:00+00:00,0.06666666666666667,15,2025-06-25,2025-06-25,2025-07-03,7,0.59295,0.18510666920005525,0.1250060710273612,False,True,True,False,False,False,1,late,2025-06,1,low,0.0010502250156474698,low,0.0003251959071972151,low,False,none,0.0036554806334466203,False,none,up,quiet,7-10 DTE,-0.5612800479164259,-0.5242678937573446,0.2087930060659919,-0.3478919028751399,0.18815911566830212,-0.5326024415951307,-0.3262949354788243,0.9999345065946584,0.0,6.549340534171404e-05,0.0,0.0006964259827520758,0.9998690131893168,0.0,0.0,0.0,0.0,0.0,0.0,0.0,0.0,0.0,0.0,0.0,0.0,0.0,0.0,0.0,0.0,0.0,1.0,-0.7329622135759454,-0.8243843469829698,-1.2528906514726397,-1.2703214061887882,-0.37573717119102307,-0.16311290534196995,0.5497565784172888,-0.8046558599985494,0.5984563669728165,-0.26873377639238105,-0.8937297371348896,1.1473351520637516,True,0.013760394053411973,False,True,0.019605214720314967,0.019605214720314967,0.0073253963719033316,0.0058448206669029935,0.0330062986471992,-0.0006712991413995294,0.0330062986471992,4.505735521601209,False,False,False,False,surprise-1_5-e288adad711fc08b9b5e0f33,MARA|2025-06-26|34,34,2025-06-26 16:20:00+00:00,2025-06-26 16:20:00+00:00,1,"[""MARA|2025-06-26|34""]",False,4.505735521601209,True,2025-06-26 16:35:00+00:00,one_per_stock_session,1.5,excursion_sigma_ratio_15m >= 1.5,,,,,,,,,,
RIOT|2025-07-10|34,RIOT,2025-07-10,assessment,34,2025-07-10 16:15:00+00:00,2025-07-10 16:20:00+00:00,2025-07-10 16:20:00+00:00,0.06666666666666667,15,2025-07-09,2025-07-09,2025-07-18,8,0.7837000000000001,0.1525917192245138,0.13073447983255174,False,True,True,False,True,True,1,late,2025-07,2,low,0.0027883056633897668,low,0.00019188963461178843,low,False,none,0.001721251461481488,False,none,up,quiet,7-10 DTE,-0.1337010928869266,-0.0673504596175824,-0.24920072510262806,-0.3812014481010403,-0.03597577987838169,0.9537330280428784,0.006569481344963842,0.999061085309144,0.0,0.0009389146908567187,0.0,0.007483447092635771,0.9981221706182872,0.0,0.0,0.0,0.0,0.0,0.0,0.0,0.0,0.0,0.0,0.0,0.0,0.0,0.0,0.0,0.0,0.0,1.0,-0.3945928075936096,0.40880094490321234,-0.5612967254212253,-0.5601563461645254,-0.2631613630959024,0.5579698457036866,0.23978909754195246,-0.14657930291820723,1.6730478053203583,-0.3408786640476895,-0.04108658302026611,-0.37802365250282194,True,0.006991963712900777,False,True,0.014717043326109102,0.014717043326109102,0.00968195149112175,0.007725079613208325,0.01786124156574484,-0.0004005608225448276,0.01786124156574484,1.8447976712420648,False,False,False,False,surprise-1_5-042df7b39ccbab645e6c7ca1,RIOT|2025-07-10|34,34,2025-07-10 16:20:00+00:00,2025-07-10 16:20:00+00:00,1,"[""RIOT|2025-07-10|34""]",False,1.8447976712420648,False,2025-07-10 16:35:00+00:00,one_per_stock_session,1.5,excursion_sigma_ratio_15m >= 1.5,,,,,,,,,,
SMCI|2025-05-30|34,SMCI,2025-05-30,assessment,34,2025-05-30 16:15:00+00:00,2025-05-30 16:20:00+00:00,2025-05-30 16:20:00+00:00,0.06666666666666667,15,2025-05-29,2025-05-29,2025-06-06,7,0.7674000000000001,0.18210789326870871,0.12100187018822603,False,True,True,False,False,True,1,late,2025-05,2,low,0.002843794995137673,low,0.0009764922344116494,high,False,none,-0.0021268014355857222,False,none,down,active,7-10 DTE,-0.5243486011741002,-0.6375599853563737,0.23351032706207447,-0.509713444474476,0.19854703309537639,-0.08682692406366745,-0.43466612176588665,0.9998653118321682,0.0,0.00013468816783250562,0.0,0.0013350939008175589,0.9997306236643357,0.0,0.0,0.0,0.0,0.0,0.0,0.0,0.0,0.0,0.0,0.0,0.0,0.0,0.0,0.0,0.0,0.0,1.0,-0.448487231172757,0.33215881584120205,-0.7433220208315879,-0.20996023418492663,-0.8338168765267833,-0.256634273545358,0.8836920698772477,-0.27496468570098365,-0.07652515498516003,-0.20172342883330768,0.850303422032515,-1.0337592056756049,True,0.006671630988901673,False,True,0.014236038409057433,-0.014236038409057433,0.009480578760095485,0.00756440742015576,0.001089814334966996,-0.018301453746444443,0.018301453746444443,1.930415242321103,False,False,False,False,surprise-1_5-b6cfb79d1d4944531506c284,SMCI|2025-05-30|34,34,2025-05-30 16:20:00+00:00,2025-05-30 16:20:00+00:00,1,"[""SMCI|2025-05-30|34""]",False,1.930415242321103,False,2025-05-30 16:35:00+00:00,one_per_stock_session,1.5,excursion_sigma_ratio_15m >= 1.5,,,,,,,,,,
SOFI|2025-02-11|28,SOFI,2025-02-11,assessment,28,2025-02-11 16:45:00+00:00,2025-02-11 16:50:00+00:00,2025-02-11 16:50:00+00:00,0.06666666666666667,15,2025-02-10,2025-02-10,2025-02-21,10,0.5192,0.16375705697293935,0.13454933184206416,False,True,True,False,False,True,1,late,2025-02,1,low,0.0012129241864111612,low,0.0002894518146723402,low,False,none,0.002774532493365618,False,none,up,quiet,7-10 DTE,-0.7066258162050287,-0.6709719399919216,0.018765882036406306,-0.4025195570456168,0.1402761097331796,-0.41457664201738853,-0.2777735874212575,0.999953029177579,0.0,4.6970822420290574e-05,0.0,0.0005150801815677271,0.9999060583551587,0.0,0.0,0.0,0.0,0.0,0.0,0.0,0.0,0.0,0.0,0.0,0.0,0.0,0.0,1.0,0.0,0.0,0.0,-0.9659223711540902,-0.9881852894185815,-0.690238241387135,-0.4734500737584894,0.7225880486920374,0.08044513446360324,0.36111189837685254,2.623139150602632,-0.40351152825974784,-0.40652684797619143,-0.3654581197671559,-0.31936770899778044,True,0.004675240120699547,False,True,0.009793093042962865,-0.009793093042962865,0.006414277420174062,0.005117852922263318,0.0006219179498138197,-0.010806845487063479,0.010806845487063479,1.6848110515752226,False,False,False,False,surprise-1_5-2bb0963baf123358098ae8e1,SOFI|2025-02-11|28,28,2025-02-11 16:50:00+00:00,2025-02-11 16:50:00+00:00,1,"[""SOFI|2025-02-11|28""]",False,1.6848110515752226,False,2025-02-11 17:05:00+00:00,one_per_stock_session,1.5,excursion_sigma_ratio_15m >= 1.5,,,,,,,,,,
WULF|2025-03-05|28,WULF,2025-03-05,assessment,28,2025-03-05 16:45:00+00:00,2025-03-05 16:50:00+00:00,2025-03-05 16:50:00+00:00,0.06666666666666667,15,2025-03-04,2025-03-04,2025-03-14,9,1.2855500000000002,0.1482883102242753,0.1205594669275051,False,True,True,False,True,True,1,late,2025-03,4,high,0.004111912228585102,low,0.0014822458625796907,high,False,none,-0.006136900762402109,False,none,down,active,7-10 DTE,0.8663636295494278,0.9474688596894173,-3.053668453819954,-0.23415891796283622,-0.6258159107249894,-1.3173175053596684,1.6453749177189554,4.260682071142267e-24,0.0,1.0,0.0,1.471587453449877e-22,1.0,0.0,0.0,0.0,0.0,0.0,0.0,0.0,0.0,0.0,0.0,0.0,0.0,0.0,0.0,1.0,0.0,0.0,0.0,0.2013820003713386,-0.9118246686831913,-0.7515979938050251,-0.40777594387063226,-0.3040358955022167,-0.6623671108423415,0.47522291660841987,0.6350375660649002,-0.3316063326795794,1.8744040740981522,0.0,0.5028671929714518,True,0.00015792009747276486,False,True,0.012829830390646127,0.012829830390646127,0.01588188431722798,0.012671910293173362,0.03246581041584771,-0.002873566021470366,0.03246581041584771,2.0442039348307053,True,False,False,False,surprise-1_5-35976fa71311ebd564314ba0,WULF|2025-03-05|28,28,2025-03-05 16:50:00+00:00,2025-03-05 16:50:00+00:00,1,"[""WULF|2025-03-05|28""]",False,2.0442039348307053,True,2025-03-05 17:05:00+00:00,one_per_stock_session,1.5,excursion_sigma_ratio_15m >= 1.5,,,,,,,,,,
WULF|2025-03-07|34,WULF,2025-03-07,assessment,34,2025-03-07 17:15:00+00:00,2025-03-07 17:20:00+00:00,2025-03-07 17:20:00+00:00,0.06666666666666667,15,2025-03-06,2025-03-06,2025-03-14,7,1.30605,0.12777826542728096,0.12735625799372738,False,True,True,True,True,True,1,late,2025-03,4,high,0.004561549482322615,high,0.0012025874644206063,high,False,none,-0.010329874955481428,False,none,down,active,7-10 DTE,0.7558529866143471,0.7618798522079396,-3.7873706951445802,-0.08468593278102621,-0.6196906828788669,-1.0907643472492556,2.2277332149264484,1.1762667521698895e-38,0.0,1.0,0.0,4.062681433396364e-37,1.0,0.0,0.0,0.0,0.0,0.0,0.0,0.0,0.0,0.0,0.0,0.0,0.0,0.0,0.0,0.0,0.0,0.0,1.0,0.4427179080511258,-0.588281384118053,0.23399294365604717,-0.27355176112404966,0.45638703121029073,0.03746857072575165,-0.7438733982978517,-0.11863749277022673,-0.9789901292490829,0.21843127067251453,-1.0240289741378146,2.456795380577357,True,0.02029416228559773,False,True,0.033168144968806525,0.033168144968806525,0.016135144500420518,0.012873982683208794,0.034557250636619255,-0.002260911707030749,0.034557250636619255,2.1417379084257275,False,False,False,False,surprise-1_5-0af2a08fc8847922b5d96b15,WULF|2025-03-07|34,34,2025-03-07 17:20:00+00:00,2025-03-07 17:20:00+00:00,1,"[""WULF|2025-03-07|34""]",False,2.1417379084257275,True,2025-03-07 17:35:00+00:00,one_per_stock_session,1.5,excursion_sigma_ratio_15m >= 1.5,,,,,,,,,,
IREN|2025-06-16|34,IREN,2025-06-16,assessment,34,2025-06-16 16:15:00+00:00,2025-06-16 16:20:00+00:00,2025-06-16 16:20:00+00:00,0.06666666666666667,15,2025-06-13,2025-06-13,2025-06-27,11,0.84745,0.18601715975632582,0.12894400962917457,False,True,True,False,False,False,1,late,2025-06,2,low,0.004451749285225816,high,0.00042401451006673663,low,False,none,0.004168699943912048,False,none,up,quiet,11-16 DTE,0.18781043691385316,0.35327200599689773,-0.5830662094273484,-0.0218330920451085,1.102008863876273,1.2252631311344468,0.23849710702653507,0.9187796066479718,0.0,0.0812203933520287,0.0,0.2817399245371198,0.8375592132959431,0.0,0.0,0.0,0.0,0.0,0.0,0.0,0.0,0.0,0.0,0.0,0.0,0.0,0.0,0.0,0.0,0.0,1.0,-0.2866047760193771,-0.2412343261636145,-0.6614009271337908,-0.06742389989140181,-0.27985015151772435,-0.2356318956393161,0.7239359508704538,0.0467543599004593,-0.07678624503420055,0.010321741834728582,0.26208100842197773,-0.009884262501683132,True,0.013517262397518786,False,True,0.021870737857788525,0.021870737857788525,0.01046952889007417,0.00835347546026974,0.022650009278482267,-0.0004981320649088206,0.022650009278482267,2.1634220139353744,False,False,False,False,surprise-2_0-7040b9f3218ffc187757ebb8,IREN|2025-06-16|34,34,2025-06-16 16:20:00+00:00,2025-06-16 16:20:00+00:00,1,"[""IREN|2025-06-16|34""]",False,2.1634220139353744,True,2025-06-16 16:35:00+00:00,one_per_stock_session,2.0,excursion_sigma_ratio_15m >= 2.0,,,,,,,,,,
MARA|2025-06-26|34,MARA,2025-06-26,assessment,34,2025-06-26 16:15:00+00:00,2025-06-26 16:20:00+00:00,2025-06-26 16:20:00+00:00,0.06666666666666667,15,2025-06-25,2025-06-25,2025-07-03,7,0.59295,0.18510666920005525,0.1250060710273612,False,True,True,False,False,False,1,late,2025-06,1,low,0.0010502250156474698,low,0.0003251959071972151,low,False,none,0.0036554806334466203,False,none,up,quiet,7-10 DTE,-0.5612800479164259,-0.5242678937573446,0.2087930060659919,-0.3478919028751399,0.18815911566830212,-0.5326024415951307,-0.3262949354788243,0.9999345065946584,0.0,6.549340534171404e-05,0.0,0.0006964259827520758,0.9998690131893168,0.0,0.0,0.0,0.0,0.0,0.0,0.0,0.0,0.0,0.0,0.0,0.0,0.0,0.0,0.0,0.0,0.0,1.0,-0.7329622135759454,-0.8243843469829698,-1.2528906514726397,-1.2703214061887882,-0.37573717119102307,-0.16311290534196995,0.5497565784172888,-0.8046558599985494,0.5984563669728165,-0.26873377639238105,-0.8937297371348896,1.1473351520637516,True,0.013760394053411973,False,True,0.019605214720314967,0.019605214720314967,0.0073253963719033316,0.0058448206669029935,0.0330062986471992,-0.0006712991413995294,0.0330062986471992,4.505735521601209,False,False,False,False,surprise-2_0-1358edcbd069fd50c2a6c5a4,MARA|2025-06-26|34,34,2025-06-26 16:20:00+00:00,2025-06-26 16:20:00+00:00,1,"[""MARA|2025-06-26|34""]",False,4.505735521601209,True,2025-06-26 16:35:00+00:00,one_per_stock_session,2.0,excursion_sigma_ratio_15m >= 2.0,,,,,,,,,,
WULF|2025-03-05|28,WULF,2025-03-05,assessment,28,2025-03-05 16:45:00+00:00,2025-03-05 16:50:00+00:00,2025-03-05 16:50:00+00:00,0.06666666666666667,15,2025-03-04,2025-03-04,2025-03-14,9,1.2855500000000002,0.1482883102242753,0.1205594669275051,False,True,True,False,True,True,1,late,2025-03,4,high,0.004111912228585102,low,0.0014822458625796907,high,False,none,-0.006136900762402109,False,none,down,active,7-10 DTE,0.8663636295494278,0.9474688596894173,-3.053668453819954,-0.23415891796283622,-0.6258159107249894,-1.3173175053596684,1.6453749177189554,4.260682071142267e-24,0.0,1.0,0.0,1.471587453449877e-22,1.0,0.0,0.0,0.0,0.0,0.0,0.0,0.0,0.0,0.0,0.0,0.0,0.0,0.0,0.0,1.0,0.0,0.0,0.0,0.2013820003713386,-0.9118246686831913,-0.7515979938050251,-0.40777594387063226,-0.3040358955022167,-0.6623671108423415,0.47522291660841987,0.6350375660649002,-0.3316063326795794,1.8744040740981522,0.0,0.5028671929714518,True,0.00015792009747276486,False,True,0.012829830390646127,0.012829830390646127,0.01588188431722798,0.012671910293173362,0.03246581041584771,-0.002873566021470366,0.03246581041584771,2.0442039348307053,True,False,False,False,surprise-2_0-49d709855a7ad4cd634b53a5,WULF|2025-03-05|28,28,2025-03-05 16:50:00+00:00,2025-03-05 16:50:00+00:00,1,"[""WULF|2025-03-05|28""]",False,2.0442039348307053,True,2025-03-05 17:05:00+00:00,one_per_stock_session,2.0,excursion_sigma_ratio_15m >= 2.0,,,,,,,,,,
WULF|2025-03-07|34,WULF,2025-03-07,assessment,34,2025-03-07 17:15:00+00:00,2025-03-07 17:20:00+00:00,2025-03-07 17:20:00+00:00,0.06666666666666667,15,2025-03-06,2025-03-06,2025-03-14,7,1.30605,0.12777826542728096,0.12735625799372738,False,True,True,True,True,True,1,late,2025-03,4,high,0.004561549482322615,high,0.0012025874644206063,high,False,none,-0.010329874955481428,False,none,down,active,7-10 DTE,0.7558529866143471,0.7618798522079396,-3.7873706951445802,-0.08468593278102621,-0.6196906828788669,-1.0907643472492556,2.2277332149264484,1.1762667521698895e-38,0.0,1.0,0.0,4.062681433396364e-37,1.0,0.0,0.0,0.0,0.0,0.0,0.0,0.0,0.0,0.0,0.0,0.0,0.0,0.0,0.0,0.0,0.0,0.0,1.0,0.4427179080511258,-0.588281384118053,0.23399294365604717,-0.27355176112404966,0.45638703121029073,0.03746857072575165,-0.7438733982978517,-0.11863749277022673,-0.9789901292490829,0.21843127067251453,-1.0240289741378146,2.456795380577357,True,0.02029416228559773,False,True,0.033168144968806525,0.033168144968806525,0.016135144500420518,0.012873982683208794,0.034557250636619255,-0.002260911707030749,0.034557250636619255,2.1417379084257275,False,False,False,False,surprise-2_0-0c826c4099f4f8ce2ecdb6a6,WULF|2025-03-07|34,34,2025-03-07 17:20:00+00:00,2025-03-07 17:20:00+00:00,1,"[""WULF|2025-03-07|34""]",False,2.1417379084257275,True,2025-03-07 17:35:00+00:00,one_per_stock_session,2.0,excursion_sigma_ratio_15m >= 2.0,,,,,,,,,,
AAOI|2025-10-28|24,AAOI,2025-10-28,stress,24,2025-10-28 15:25:00+00:00,2025-10-28 15:30:00+00:00,2025-10-28 15:30:00+00:00,0.06666666666666667,15,2025-10-27,2025-10-27,2025-11-07,10,1.5807,0.1672437175697626,0.13501420748739262,False,True,True,False,False,True,1,middle,2025-10,4,high,0.003370261645702247,low,0.0002918015673230793,low,False,none,-0.002545016295907973,False,none,down,quiet,7-10 DTE,1.1968916353960186,1.1578573970093209,0.6459421334906618,0.8708698987903182,-0.9413577587235515,-0.43523205322266373,1.318821433955754,1.1540725160959793e-12,0.0,0.999999999998846,0.0,3.287679273822735e-11,0.999999999997692,0.0,0.0,0.0,0.0,0.0,0.0,0.0,0.0,0.0,0.0,0.0,0.0,1.0,0.0,0.0,0.0,0.0,0.0,0.09460020554804915,0.7878164141413762,-0.2271109713304833,-0.40760782424561015,0.2792088131643678,0.5357723819554743,-0.10606740456727652,0.6698316419953395,-0.2659989722902857,-0.46250207334043286,-1.0822499658225562,1.2792878778038843,True,0.02524620786289147,False,True,0.04082746771308721,0.04082746771308721,0.01952821324743671,0.015581259850195737,0.044878325771219245,-0.012565764055113733,0.044878325771219245,2.2981275962260344,False,False,False,False,surprise-1_5-f97a68780c78721124f44534,AAOI|2025-10-28|24,24,2025-10-28 15:30:00+00:00,2025-10-28 15:30:00+00:00,1,"[""AAOI|2025-10-28|24""]",False,2.2981275962260344,True,2025-10-28 15:45:00+00:00,raw_checkpoint_rows,1.5,excursion_sigma_ratio_15m >= 1.5,,,,,,,,,,
APLD|2025-09-09|34,APLD,2025-09-09,stress,34,2025-09-09 16:15:00+00:00,2025-09-09 16:20:00+00:00,2025-09-09 16:20:00+00:00,0.06666666666666667,15,2025-09-08,2025-09-08,2025-09-19,10,0.77335,0.14271024055745815,0.13576631430095265,False,True,True,False,True,True,1,late,2025-09,2,low,0.004470884276405311,high,0.0004903091796201775,low,False,none,-0.0014668052761206039,False,none,down,quiet,7-10 DTE,-0.1729092429091281,-0.11615446534033963,0.11128842120225602,-0.4243706187138071,-0.6403588134403011,-0.36665781386821866,-0.35242426382929565,0.9996164073816859,0.0,0.0003835926183141274,0.0,0.003400831513649987,0.9992328147633718,0.0,0.0,0.0,0.0,0.0,0.0,0.0,0.0,0.0,0.0,0.0,0.0,0.0,0.0,0.0,0.0,0.0,1.0,0.17470704975807064,-0.3076665321683871,-0.22065509107930587,-0.1888044285126343,0.47386084723887584,-0.34902901991518687,-0.6414864347255569,-0.5156730324016615,-0.6346917110973925,-0.20175217077801333,-0.5132548367213002,0.756129308718904,True,0.00930600440123315,False,True,0.016929062100447975,0.016929062100447975,0.00955408598399771,0.007623057699214825,0.020690324998058097,-0.0020928505055352177,0.020690324998058097,2.1655996220409834,False,False,False,False,surprise-1_5-f1d13741523f01e01c193cce,APLD|2025-09-09|34,34,2025-09-09 16:20:00+00:00,2025-09-09 16:20:00+00:00,1,"[""APLD|2025-09-09|34""]",False,2.1655996220409834,True,2025-09-09 16:35:00+00:00,raw_checkpoint_rows,1.5,excursion_sigma_ratio_15m >= 1.5,,,,,,,,,,
IONQ|2025-12-10|34,IONQ,2025-12-10,stress,34,2025-12-10 17:15:00+00:00,2025-12-10 17:20:00+00:00,2025-12-10 17:20:00+00:00,0.06666666666666667,15,2025-12-09,2025-12-09,2025-12-19,9,0.942,0.14258089350822703,0.12946711928909424,False,True,True,False,True,True,1,late,2025-12,3,high,0.002629066418664017,low,0.0001568418651580452,low,False,none,0.0010600888809461518,False,none,up,quiet,7-10 DTE,-0.11988870436013155,-0.1997044485046125,-0.004285901265353331,-0.2572839291156884,-0.09322673620663904,-0.5090084186820316,-0.12389719438794082,0.9998632526642622,0.0,0.0001367473357377406,0.0,0.0013534303936943758,0.9997265053285245,0.0,0.0,0.0,0.0,0.0,0.0,0.0,0.0,0.0,0.0,0.0,0.0,0.0,0.0,0.0,0.0,0.0,1.0,-0.3286377410188625,0.005458995039672908,0.3966504900652288,-0.11388243054608248,-0.6833320658031161,-0.12174381551935733,0.394507357790447,-0.016584154556301856,-0.2766508162290089,-0.3115195116010508,-0.7136939431282364,0.8277478989853163,True,0.006622329412369362,False,True,0.01590780216424156,-0.01590780216424156,0.011637614271579288,0.009285472751872198,0.0,-0.019802646425782687,0.019802646425782687,1.701607044361486,False,False,False,False,surprise-1_5-08dfb0e63fff668108f26537,IONQ|2025-12-10|34,34,2025-12-10 17:20:00+00:00,2025-12-10 17:20:00+00:00,1,"[""IONQ|2025-12-10|34""]",False,1.701607044361486,False,2025-12-10 17:35:00+00:00,raw_checkpoint_rows,1.5,excursion_sigma_ratio_15m >= 1.5,,,,,,,,,,
MRNA|2025-12-31|24,MRNA,2025-12-31,stress,24,2025-12-31 16:25:00+00:00,2025-12-31 16:30:00+00:00,2025-12-31 16:30:00+00:00,0.06666666666666667,15,2025-12-30,2025-12-30,2026-01-09,9,0.45399999999999996,0.22306107883497803,0.13064868551774622,False,True,True,False,False,False,1,middle,2025-12,1,low,0.0027371021717143623,low,0.00016211229227385161,low,False,none,-0.0034968861007649873,False,none,down,quiet,7-10 DTE,-0.7992027570918343,-0.746790404554253,0.09605645435585813,-0.08468593278102662,0.3861588527265837,-0.07467035276350029,-0.21841521479069714,0.9999606925037812,0.0,3.930749621895663e-05,0.0,0.0004380457118607494,0.9999213850075622,0.0,0.0,0.0,0.0,0.0,0.0,0.0,0.0,0.0,0.0,0.0,0.0,1.0,0.0,0.0,0.0,0.0,0.0,-1.2959870663958386,0.9611031513746534,-0.7474749963559004,-0.19879789414477983,0.31642016811627793,-0.37779632744229413,-1.327587470735655,-0.5477429704667176,-0.6552429838981408,-0.9997778931400308,-0.3233848820221036,0.5043544237944181,True,0.0031063733023445235,False,True,0.007581537452397579,-0.007581537452397579,0.0056087864960689985,0.004475164150053055,0.00033559322912036756,-0.008681448745654111,0.008681448745654111,1.5478301322738532,False,False,False,False,surprise-1_5-eca27d0c0bda375078d2ad64,MRNA|2025-12-31|24,24,2025-12-31 16:30:00+00:00,2025-12-31 16:30:00+00:00,1,"[""MRNA|2025-12-31|24""]",False,1.5478301322738532,False,2025-12-31 16:45:00+00:00,raw_checkpoint_rows,1.5,excursion_sigma_ratio_15m >= 1.5,,,,,,,,,,
MSTR|2025-09-16|26,MSTR,2025-09-16,stress,26,2025-09-16 15:35:00+00:00,2025-09-16 15:40:00+00:00,2025-09-16 15:40:00+00:00,0.06666666666666667,15,2025-09-15,2025-09-15,2025-09-26,10,0.49445,0.1958148543249267,0.12532943541966501,False,True,True,False,False,False,1,late,2025-09,1,low,0.0006223349083035023,low,0.0001633123407156612,low,False,none,-0.003684300115374251,False,none,down,quiet,7-10 DTE,-0.5547734235202687,-0.4192606526134786,0.28051530579700296,-0.34668225597145397,-0.5687165689793791,-1.2548138290293973,-0.3040399087063452,0.9996866680745542,0.0,0.0003133319254457081,0.0,0.002841322344937359,0.9993733361491085,0.0,0.0,0.0,0.0,0.0,0.0,0.0,0.0,0.0,0.0,0.0,0.0,0.0,1.0,0.0,0.0,0.0,0.0,-1.12997385074494,-0.7096853260104421,-1.711689355276785,-1.3920603734085186,-0.3614918890560863,-0.36513987913021817,-0.6250404742440724,0.6720217328687179,-0.03999549915651198,0.8675179518790268,-0.5385014352670019,0.2005718089893835,True,0.004423055009770721,False,True,0.009296942485527843,0.009296942485527843,0.0061085120770513575,0.0048738874757571216,0.011838115461186254,-0.0008564232846264833,0.011838115461186254,1.9379703780437911,False,False,False,False,surprise-1_5-574b525f74633d2a5e1256d1,MSTR|2025-09-16|26,26,2025-09-16 15:40:00+00:00,2025-09-16 15:40:00+00:00,1,"[""MSTR|2025-09-16|26""]",False,1.9379703780437911,False,2025-09-16 15:55:00+00:00,raw_checkpoint_rows,1.5,excursion_sigma_ratio_15m >= 1.5,,,,,,,,,,
MSTR|2025-09-24|26,MSTR,2025-09-24,stress,26,2025-09-24 15:35:00+00:00,2025-09-24 15:40:00+00:00,2025-09-24 15:40:00+00:00,0.06666666666666667,15,2025-09-23,2025-09-23,2025-10-03,9,0.51515,0.18334779873871868,0.12560639387876946,False,True,True,False,False,True,1,late,2025-09,1,low,0.0012235200723388262,low,0.0004555641743966631,low,False,none,-0.003716233914920805,False,none,down,quiet,7-10 DTE,-0.40448712242773,-0.21384763959576036,0.20840233528425922,-0.12721543206312752,-0.3405562486183686,-1.3748039090726927,-0.21771870023959203,0.9995971321819007,0.0,0.0004028678180992153,0.0,0.0035519649269675152,0.9991942643638015,0.0,0.0,0.0,0.0,0.0,0.0,0.0,0.0,0.0,0.0,0.0,0.0,0.0,1.0,0.0,0.0,0.0,0.0,-0.940531202363673,0.5542398257153486,-1.3179795783513892,-1.1979551901809036,-0.4742906318279766,-0.33263779660363774,-0.8252370542473212,-0.184517902342959,-0.35375256256176724,0.07856015721597993,-0.2541915308730672,0.460541352628917,True,0.002075110236676908,False,True,0.007153041540421031,-0.007153041540421031,0.006364243091299438,0.005077931303744123,0.0004760577433631774,-0.01116254357121365,0.01116254357121365,1.7539467630832684,False,False,False,False,surprise-1_5-08bd24eb5d679d0d8b7043a5,MSTR|2025-09-24|26,26,2025-09-24 15:40:00+00:00,2025-09-24 15:40:00+00:00,1,"[""MSTR|2025-09-24|26""]",False,1.7539467630832684,False,2025-09-24 15:55:00+00:00,raw_checkpoint_rows,1.5,excursion_sigma_ratio_15m >= 1.5,,,,,,,,,,
MSTR|2025-09-24|32,MSTR,2025-09-24,stress,32,2025-09-24 16:05:00+00:00,2025-09-24 16:10:00+00:00,2025-09-24 16:10:00+00:00,0.06666666666666667,15,2025-09-23,2025-09-23,2025-10-03,9,0.51515,0.1529801170205456,0.11771660880035047,False,True,True,False,True,True,1,late,2025-09,1,low,0.0012763228141587245,low,0.0005397917938450009,high,False,none,-0.007476618763960784,False,none,down,active,7-10 DTE,-0.40448712242773,-0.21384763959576036,0.20840233528425922,-0.12721543206312752,-0.3405562486183686,-1.3748039090726927,-0.21771870023959203,0.9995971321819007,0.0,0.0004028678180992153,0.0,0.0035519649269675152,0.9991942643638015,0.0,0.0,0.0,0.0,0.0,0.0,0.0,0.0,0.0,0.0,0.0,0.0,0.0,0.0,0.0,0.0,1.0,0.0,-0.8785989455495882,-0.48947105569727095,-0.9033888306274898,-0.6671028204208741,0.6716659778121777,-0.3507558369293139,0.12276950036149302,0.11962901730639142,0.367893821146639,0.6364117304472833,0.0166748892443865,0.009421569895977736,True,0.004108003397646793,False,True,0.009185934701390916,0.009185934701390916,0.006364243091299438,0.005077931303744123,0.00993270497051322,-0.002037684936655406,0.00993270497051322,1.5607048358243143,False,False,False,False,surprise-1_5-4ca694070ef8d85216143912,MSTR|2025-09-24|32,32,2025-09-24 16:10:00+00:00,2025-09-24 16:10:00+00:00,1,"[""MSTR|2025-09-24|32""]",False,1.5607048358243143,False,2025-09-24 16:25:00+00:00,raw_checkpoint_rows,1.5,excursion_sigma_ratio_15m >= 1.5,,,,,,,,,,
RGTI|2025-09-30|34,RGTI,2025-09-30,stress,34,2025-09-30 16:15:00+00:00,2025-09-30 16:20:00+00:00,2025-09-30 16:20:00+00:00,0.06666666666666667,15,2025-09-29,2025-09-29,2025-10-10,10,1.2527,0.10688236292876287,0.09550115589838047,True,True,True,True,True,True,1,late,2025-09,4,high,0.005010472401680397,high,0.0003179038853542786,low,False,none,-0.0008875396820250076,False,none,down,quiet,7-10 DTE,0.7679643317507546,0.8316351308031376,-0.4401010093652841,-0.2679541386642888,0.29571025756424024,-0.6278455300328741,0.0823539700418589,0.9098515449076746,0.0,0.09014845509232539,0.0,0.3028811595034164,0.8197030898153492,0.0,0.0,0.0,0.0,0.0,0.0,0.0,0.0,0.0,0.0,0.0,0.0,0.0,0.0,0.0,0.0,0.0,1.0,0.1510056627968341,-0.618901042442325,0.07484431123254086,0.02683971411503859,-0.01095391557586919,0.1560547672201911,-0.30599607272755774,-0.30496860513517493,-0.2417930268815602,-0.33164303048046917,-0.4741622879157162,0.4676636379158664,True,0.002316878625855943,False,True,0.014664980235484714,0.014664980235484714,0.015476050316356023,0.012348101609628771,0.023840422265705888,-0.0023648659670083083,0.023840422265705888,1.5404720052486143,False,False,False,False,surprise-1_5-39e30f27e6c5811c12f8a76f,RGTI|2025-09-30|34,34,2025-09-30 16:20:00+00:00,2025-09-30 16:20:00+00:00,1,"[""RGTI|2025-09-30|34""]",False,1.5404720052486143,False,2025-09-30 16:35:00+00:00,raw_checkpoint_rows,1.5,excursion_sigma_ratio_15m >= 1.5,,,,,,,,,,
RGTI|2025-10-28|34,RGTI,2025-10-28,stress,34,2025-10-28 16:15:00+00:00,2025-10-28 16:20:00+00:00,2025-10-28 16:20:00+00:00,0.06666666666666667,15,2025-10-27,2025-10-27,2025-11-07,10,1.39835,0.12453494290100715,0.10876439340795757,True,True,True,True,True,True,1,late,2025-10,4,high,0.004952152513431949,high,0.00020778591088399555,low,False,none,-0.002159956518489714,False,none,down,quiet,7-10 DTE,0.5361929502527006,0.34313775492505494,0.07324481218998673,0.29130796808868276,-0.41707176171311644,-0.07439252958764896,-0.0600721998163272,0.9728174676294884,0.0,0.027182532370511645,0.0,0.12480763479573381,0.9456349352589768,0.0,0.0,0.0,0.0,0.0,0.0,0.0,0.0,0.0,0.0,0.0,0.0,0.0,0.0,0.0,0.0,0.0,1.0,0.26080611346675203,-0.20053193069405228,-0.297495830249493,0.013950503063669724,0.11369098957022643,0.1556871127025891,-0.15688205597408206,0.3182160427856873,0.8846135681837235,0.3254719321108674,-0.6178103109877986,0.9417300671453323,True,0.020361450107964987,False,True,0.034145251405821135,0.034145251405821135,0.017275433032550847,0.013783801297856146,0.04095361193675193,-0.0030515738529016175,0.04095361193675193,2.3706272286903243,False,False,False,False,surprise-1_5-076e624683dde7f58c28e5fe,RGTI|2025-10-28|34,34,2025-10-28 16:20:00+00:00,2025-10-28 16:20:00+00:00,1,"[""RGTI|2025-10-28|34""]",False,2.3706272286903243,True,2025-10-28 16:35:00+00:00,raw_checkpoint_rows,1.5,excursion_sigma_ratio_15m >= 1.5,,,,,,,,,,
RIOT|2025-10-30|26,RIOT,2025-10-30,stress,26,2025-10-30 15:35:00+00:00,2025-10-30 15:40:00+00:00,2025-10-30 15:40:00+00:00,0.06666666666666667,15,2025-10-29,2025-10-29,2025-11-07,8,1.1804999999999999,0.16850151280418388,0.1229612945929411,False,True,True,False,False,True,1,late,2025-10,4,high,0.004029998562998151,low,0.00044579060465777204,low,False,none,0.00044603741528218585,False,none,up,quiet,7-10 DTE,0.5473909105845806,0.5705907897998995,-0.4055458476441318,0.05424661156053642,0.3965039079249756,0.4560240283798825,0.232239852919544,0.9301605906200486,0.0,0.06983940937995134,0.0,0.2532233506609538,0.8603211812400973,0.0,0.0,0.0,0.0,0.0,0.0,0.0,0.0,0.0,0.0,0.0,0.0,0.0,1.0,0.0,0.0,0.0,0.0,-0.2497873044685005,-0.2869526078520579,-0.47023390647047775,-0.22572531024164155,-0.31299262712678727,-1.0171147588484486,0.9081211125673685,0.12786466025718504,1.6953658228109592,-0.14208419771439756,0.6227931035932378,-0.7813124251904467,True,0.008821214249018328,False,True,0.020457626758132053,-0.020457626758132053,0.014584080305307164,0.011636412509113726,0.0002496167453987428,-0.023346410803107648,0.023346410803107648,1.600814745446173,False,False,False,False,surprise-1_5-c72f86104880e5d12592f455,RIOT|2025-10-30|26,26,2025-10-30 15:40:00+00:00,2025-10-30 15:40:00+00:00,1,"[""RIOT|2025-10-30|26""]",False,1.600814745446173,False,2025-10-30 15:55:00+00:00,raw_checkpoint_rows,1.5,excursion_sigma_ratio_15m >= 1.5,,,,,,,,,,
RIVN|2025-09-11|34,RIVN,2025-09-11,stress,34,2025-09-11 16:15:00+00:00,2025-09-11 16:20:00+00:00,2025-09-11 16:20:00+00:00,0.06666666666666667,15,2025-09-10,2025-09-10,2025-09-19,8,0.58235,0.12597859111606574,0.1312521738596084,False,True,True,True,True,True,1,late,2025-09,1,low,0.0022005407456945876,low,0.00040888929483097957,low,False,none,0.005420250216249423,False,none,up,quiet,7-10 DTE,-0.3253379320481791,-0.16010475621663867,-0.1427707475430219,-0.27735328147054394,-0.0648218839777858,-0.32854186369572785,-0.10781760387010701,0.9998973513465343,0.0,0.00010264865346559659,0.0,0.0010453889974146513,0.9997947026930688,0.0,0.0,0.0,0.0,0.0,0.0,0.0,0.0,0.0,0.0,0.0,0.0,0.0,0.0,0.0,0.0,0.0,1.0,-0.12656687902132885,0.563220777624454,-0.45369162972946037,-0.13180982756720708,-0.5201139299638774,0.3474063356147406,-0.27554410662208645,0.860288117338222,-0.41583327076079885,0.18905868828239228,0.9748648931575106,-0.8880360006533957,True,0.0035978686425193656,False,True,0.009338203097989403,-0.009338203097989403,0.007194442325959872,0.005740334455470037,0.0010315284061142714,-0.01141683470987852,0.01141683470987852,1.58689641128903,False,False,False,False,surprise-1_5-392a0fe7717489111079cea1,RIVN|2025-09-11|34,34,2025-09-11 16:20:00+00:00,2025-09-11 16:20:00+00:00,1,"[""RIVN|2025-09-11|34""]",False,1.58689641128903,False,2025-09-11 16:35:00+00:00,raw_checkpoint_rows,1.5,excursion_sigma_ratio_15m >= 1.5,,,,,,,,,,
RIVN|2025-10-07|34,RIVN,2025-10-07,stress,34,2025-10-07 16:15:00+00:00,2025-10-07 16:20:00+00:00,2025-10-07 16:20:00+00:00,0.06666666666666667,15,2025-10-06,2025-10-06,2025-10-17,10,0.5883,0.12648532253495834,0.11471571369094946,True,True,True,True,True,True,1,late,2025-10,1,low,0.0021871204094222867,low,0.0005486134670159356,high,False,none,-0.008567851675612536,False,none,down,active,7-10 DTE,-0.3411534722677809,-0.18958158392746566,-0.07797965377740032,-0.3049701745983375,0.5623733042307137,-0.08523441592553582,-0.1805168290037837,0.9999239453328367,0.0,7.605466716325281e-05,0.0,0.0007973586625221774,0.9998478906656735,0.0,0.0,0.0,0.0,0.0,0.0,0.0,0.0,0.0,0.0,0.0,0.0,0.0,0.0,0.0,0.0,0.0,1.0,-0.4137246121694726,-0.08083811131634157,-0.20483291943471293,-0.17595448315668427,-0.483912076361793,0.12090957028237992,-0.15573167830483264,-0.7235119857464414,-0.06792673065382464,-0.42240068558104404,-1.1228054087806603,0.9401669637552899,True,0.006110423310283161,False,True,0.011909408044812265,0.011909408044812265,0.007267949549862098,0.005798984734529103,0.011909408044812265,-0.0007489888271111573,0.011909408044812265,1.6386200759194336,False,False,False,False,surprise-1_5-8649d49e4db579e3923c5cfb,RIVN|2025-10-07|34,34,2025-10-07 16:20:00+00:00,2025-10-07 16:20:00+00:00,1,"[""RIVN|2025-10-07|34""]",False,1.6386200759194336,False,2025-10-07 16:35:00+00:00,raw_checkpoint_rows,1.5,excursion_sigma_ratio_15m >= 1.5,,,,,,,,,,
RIVN|2025-12-02|32,RIVN,2025-12-02,stress,32,2025-12-02 17:05:00+00:00,2025-12-02 17:10:00+00:00,2025-12-02 17:10:00+00:00,0.06666666666666667,15,2025-12-01,2025-12-01,2025-12-12,10,0.76745,0.1544100680720345,0.11154039283410401,True,True,True,False,True,True,1,late,2025-12,2,low,0.002865367256943906,low,0.0006593820548614069,high,False,none,-0.0025057317424904647,False,none,down,active,7-10 DTE,-0.48989508434201373,-0.585928058993802,0.02680884434506331,-0.22551375023625142,0.13670398826390467,0.1066425682079798,-0.1898981870816527,0.9999514832367513,0.0,4.851676324869429e-05,0.0,0.0005304617632272224,0.9999029664735026,0.0,0.0,0.0,0.0,0.0,0.0,0.0,0.0,0.0,0.0,0.0,0.0,0.0,0.0,0.0,0.0,1.0,0.0,-0.6523545078138947,-0.7479419805938918,-0.30605272689276125,0.06697322306533667,-0.00542440675731698,-0.6327318390865421,-0.629025126919869,-0.37722788355774484,-0.8925474179587224,0.07011903046472966,-0.5787171096629543,0.4867000142643874,True,0.01004529940667307,False,True,0.017610199686316722,0.017610199686316722,0.009481196467859368,0.0075649002796436505,0.0246430808422798,-0.00029020746729741697,0.0246430808422798,2.5991530629303026,False,False,False,False,surprise-1_5-41031e7d708d913878929d45,RIVN|2025-12-02|32,32,2025-12-02 17:10:00+00:00,2025-12-02 17:10:00+00:00,1,"[""RIVN|2025-12-02|32""]",False,2.5991530629303026,True,2025-12-02 17:25:00+00:00,raw_checkpoint_rows,1.5,excursion_sigma_ratio_15m >= 1.5,,,,,,,,,,
SMCI|2025-09-30|34,SMCI,2025-09-30,stress,34,2025-09-30 16:15:00+00:00,2025-09-30 16:20:00+00:00,2025-09-30 16:20:00+00:00,0.06666666666666667,15,2025-09-29,2025-09-29,2025-10-10,10,0.60605,0.15839277352802134,0.13251724835747783,False,True,True,False,False,True,1,late,2025-09,1,low,0.0010827699674532322,low,0.0003179038853542786,low,False,none,-0.0008875396820250076,False,none,down,quiet,7-10 DTE,-0.12484591682403534,0.11771589486499609,0.12900015428185063,-0.43996255274302776,0.4401865355919006,0.2737719375301323,-0.35842128254632605,0.9995729002022615,0.0,0.0004270997977383828,0.0,0.003740659306196499,0.9991458004045232,0.0,0.0,0.0,0.0,0.0,0.0,0.0,0.0,0.0,0.0,0.0,0.0,0.0,0.0,0.0,0.0,0.0,1.0,-0.2094123044290356,-0.10481865259069678,-0.35744076267834723,-0.9847286074677685,-0.07962314169566179,1.2288898131000743,0.15072377388996627,-1.7780091924558987,-0.6896243794434865,-1.9926314563332974,-0.472297831400611,0.614492459400866,True,0.003685911370950026,False,True,0.009659861223680542,0.009659861223680542,0.007487235806041006,0.005973949852730516,0.013622782333784311,-0.00031655147540814675,0.013622782333784311,1.8194675157650877,False,False,False,False,surprise-1_5-19c4bec9c73340598225e8c5,SMCI|2025-09-30|34,34,2025-09-30 16:20:00+00:00,2025-09-30 16:20:00+00:00,1,"[""SMCI|2025-09-30|34""]",False,1.8194675157650877,False,2025-09-30 16:35:00+00:00,raw_checkpoint_rows,1.5,excursion_sigma_ratio_15m >= 1.5,,,,,,,,,,
SOFI|2025-09-11|30,SOFI,2025-09-11,stress,30,2025-09-11 15:55:00+00:00,2025-09-11 16:00:00+00:00,2025-09-11 16:00:00+00:00,0.06666666666666667,15,2025-09-10,2025-09-10,2025-09-19,8,0.61005,0.15576180885187613,0.13462578448678247,False,True,True,False,True,True,1,late,2025-09,1,low,0.001723637778563525,low,0.0005043683478643114,low,False,none,0.004865607971602581,False,none,up,quiet,7-10 DTE,-0.35208870205869697,-0.22701619383165145,0.19931979140387418,-0.47052541223743444,-0.37608387286274036,-0.7703345124830067,-0.40734671042959697,0.9996559051244166,0.0,0.0003440948755833962,0.0,0.003088052301627442,0.9993118102488332,0.0,0.0,0.0,0.0,0.0,0.0,0.0,0.0,0.0,0.0,0.0,0.0,0.0,0.0,0.0,1.0,0.0,0.0,-0.39585806199360113,0.4344453574100939,-0.3850787685622622,-0.2958549562700262,-0.6011280781209131,2.71705893361061,0.05065580559491729,-1.303893949736959,-0.37437354435049086,-1.3878959830426079,-0.9028785521044298,0.8307825663202321,True,0.002702099395253698,False,True,0.008715478007015519,0.008715478007015519,0.007536652427151746,0.006013378611761821,0.012293337083630644,-0.00018650645638555602,0.012293337083630644,1.6311402444023022,False,False,False,False,surprise-1_5-d2b237ffb58c67c93cc33fb9,SOFI|2025-09-11|30,30,2025-09-11 16:00:00+00:00,2025-09-11 16:00:00+00:00,1,"[""SOFI|2025-09-11|30""]",False,1.6311402444023022,False,2025-09-11 16:15:00+00:00,raw_checkpoint_rows,1.5,excursion_sigma_ratio_15m >= 1.5,,,,,,,,,,
SOFI|2025-09-24|24,SOFI,2025-09-24,stress,24,2025-09-24 15:25:00+00:00,2025-09-24 15:30:00+00:00,2025-09-24 15:30:00+00:00,0.06666666666666667,15,2025-09-23,2025-09-23,2025-10-03,9,0.6279,0.16593847474870452,0.12881577728921306,False,True,True,False,False,True,1,middle,2025-09,1,low,0.0017437540269248384,low,0.00036021501701046676,low,False,none,-0.0032280596224305153,False,none,down,quiet,7-10 DTE,-0.18548246359899054,0.005632611713635105,0.11962030331502879,-0.448953063090522,0.28723159845330476,-0.1234425674506501,-0.36114940736554907,0.9997449895728817,0.0,0.0002550104271181868,0.0,0.0023649867466806924,0.9994899791457635,0.0,0.0,0.0,0.0,0.0,0.0,0.0,0.0,0.0,0.0,0.0,0.0,1.0,0.0,0.0,0.0,0.0,0.0,-0.7056528618990571,-0.1617326315917255,-0.8246680667530063,-0.2721151334719763,0.4397629935905019,-0.6687809732668459,0.29307410841003856,0.863300792195136,-0.37476088936028984,0.31316147414706696,-1.0735090414361486,0.5557153632699027,True,0.0063062240384163335,False,True,0.01249555348735535,-0.01249555348735535,0.0077571740988584235,0.0061893294489390165,0.0,-0.014140604650151515,0.014140604650151515,1.8229067013475428,False,False,False,False,surprise-1_5-e760ce98fb440040791d1590,SOFI|2025-09-24|24,24,2025-09-24 15:30:00+00:00,2025-09-24 15:30:00+00:00,1,"[""SOFI|2025-09-24|24""]",False,1.8229067013475428,False,2025-09-24 15:45:00+00:00,raw_checkpoint_rows,1.5,excursion_sigma_ratio_15m >= 1.5,,,,,,,,,,
SOFI|2025-10-14|32,SOFI,2025-10-14,stress,32,2025-10-14 16:05:00+00:00,2025-10-14 16:10:00+00:00,2025-10-14 16:10:00+00:00,0.06666666666666667,15,2025-10-13,2025-10-13,2025-10-24,10,0.70885,0.11532226186829236,0.12274249718247585,False,True,True,True,True,True,1,late,2025-10,2,low,0.004088694962243576,low,0.00101375431649073,high,False,none,0.007627554392766696,False,none,up,active,7-10 DTE,-0.06467776777716244,0.10856280972767118,-0.19459686858607322,-0.4663541192223531,0.5404272500757473,-0.4137005001875404,-0.1637306586602927,0.9996797075935234,0.0,0.0003202924064765515,0.0,0.002897402277595086,0.9993594151870469,0.0,0.0,0.0,0.0,0.0,0.0,0.0,0.0,0.0,0.0,0.0,0.0,0.0,0.0,0.0,0.0,1.0,0.0,-0.28730366589820383,0.5333555963633968,0.952952399889535,1.6258723445813983,2.021399791386028,0.4358850586848115,-1.101759644449232,-0.6600661319063613,-0.6903981042325513,-0.3791827641403991,0.5507276617668282,-0.5338678118631557,True,0.004191717481172444,False,True,0.011178986441007484,0.011178986441007484,0.008757242968587025,0.00698726895983504,0.014447556747714987,-0.00015822825881192662,0.014447556747714987,1.6497837045163435,False,False,False,False,surprise-1_5-e71284905e468c00cd43aa1b,SOFI|2025-10-14|32,32,2025-10-14 16:10:00+00:00,2025-10-14 16:10:00+00:00,1,"[""SOFI|2025-10-14|32""]",False,1.6497837045163435,False,2025-10-14 16:25:00+00:00,raw_checkpoint_rows,1.5,excursion_sigma_ratio_15m >= 1.5,,,,,,,,,,
AAOI|2025-10-28|24,AAOI,2025-10-28,stress,24,2025-10-28 15:25:00+00:00,2025-10-28 15:30:00+00:00,2025-10-28 15:30:00+00:00,0.06666666666666667,15,2025-10-27,2025-10-27,2025-11-07,10,1.5807,0.1672437175697626,0.13501420748739262,False,True,True,False,False,True,1,middle,2025-10,4,high,0.003370261645702247,low,0.0002918015673230793,low,False,none,-0.002545016295907973,False,none,down,quiet,7-10 DTE,1.1968916353960186,1.1578573970093209,0.6459421334906618,0.8708698987903182,-0.9413577587235515,-0.43523205322266373,1.318821433955754,1.1540725160959793e-12,0.0,0.999999999998846,0.0,3.287679273822735e-11,0.999999999997692,0.0,0.0,0.0,0.0,0.0,0.0,0.0,0.0,0.0,0.0,0.0,0.0,1.0,0.0,0.0,0.0,0.0,0.0,0.09460020554804915,0.7878164141413762,-0.2271109713304833,-0.40760782424561015,0.2792088131643678,0.5357723819554743,-0.10606740456727652,0.6698316419953395,-0.2659989722902857,-0.46250207334043286,-1.0822499658225562,1.2792878778038843,True,0.02524620786289147,False,True,0.04082746771308721,0.04082746771308721,0.01952821324743671,0.015581259850195737,0.044878325771219245,-0.012565764055113733,0.044878325771219245,2.2981275962260344,False,False,False,False,surprise-2_0-055fd9caa7fb4df509d8c600,AAOI|2025-10-28|24,24,2025-10-28 15:30:00+00:00,2025-10-28 15:30:00+00:00,1,"[""AAOI|2025-10-28|24""]",False,2.2981275962260344,True,2025-10-28 15:45:00+00:00,raw_checkpoint_rows,2.0,excursion_sigma_ratio_15m >= 2.0,,,,,,,,,,
APLD|2025-09-09|34,APLD,2025-09-09,stress,34,2025-09-09 16:15:00+00:00,2025-09-09 16:20:00+00:00,2025-09-09 16:20:00+00:00,0.06666666666666667,15,2025-09-08,2025-09-08,2025-09-19,10,0.77335,0.14271024055745815,0.13576631430095265,False,True,True,False,True,True,1,late,2025-09,2,low,0.004470884276405311,high,0.0004903091796201775,low,False,none,-0.0014668052761206039,False,none,down,quiet,7-10 DTE,-0.1729092429091281,-0.11615446534033963,0.11128842120225602,-0.4243706187138071,-0.6403588134403011,-0.36665781386821866,-0.35242426382929565,0.9996164073816859,0.0,0.0003835926183141274,0.0,0.003400831513649987,0.9992328147633718,0.0,0.0,0.0,0.0,0.0,0.0,0.0,0.0,0.0,0.0,0.0,0.0,0.0,0.0,0.0,0.0,0.0,1.0,0.17470704975807064,-0.3076665321683871,-0.22065509107930587,-0.1888044285126343,0.47386084723887584,-0.34902901991518687,-0.6414864347255569,-0.5156730324016615,-0.6346917110973925,-0.20175217077801333,-0.5132548367213002,0.756129308718904,True,0.00930600440123315,False,True,0.016929062100447975,0.016929062100447975,0.00955408598399771,0.007623057699214825,0.020690324998058097,-0.0020928505055352177,0.020690324998058097,2.1655996220409834,False,False,False,False,surprise-2_0-d65d469749214fb565641891,APLD|2025-09-09|34,34,2025-09-09 16:20:00+00:00,2025-09-09 16:20:00+00:00,1,"[""APLD|2025-09-09|34""]",False,2.1655996220409834,True,2025-09-09 16:35:00+00:00,raw_checkpoint_rows,2.0,excursion_sigma_ratio_15m >= 2.0,,,,,,,,,,
RGTI|2025-10-28|34,RGTI,2025-10-28,stress,34,2025-10-28 16:15:00+00:00,2025-10-28 16:20:00+00:00,2025-10-28 16:20:00+00:00,0.06666666666666667,15,2025-10-27,2025-10-27,2025-11-07,10,1.39835,0.12453494290100715,0.10876439340795757,True,True,True,True,True,True,1,late,2025-10,4,high,0.004952152513431949,high,0.00020778591088399555,low,False,none,-0.002159956518489714,False,none,down,quiet,7-10 DTE,0.5361929502527006,0.34313775492505494,0.07324481218998673,0.29130796808868276,-0.41707176171311644,-0.07439252958764896,-0.0600721998163272,0.9728174676294884,0.0,0.027182532370511645,0.0,0.12480763479573381,0.9456349352589768,0.0,0.0,0.0,0.0,0.0,0.0,0.0,0.0,0.0,0.0,0.0,0.0,0.0,0.0,0.0,0.0,0.0,1.0,0.26080611346675203,-0.20053193069405228,-0.297495830249493,0.013950503063669724,0.11369098957022643,0.1556871127025891,-0.15688205597408206,0.3182160427856873,0.8846135681837235,0.3254719321108674,-0.6178103109877986,0.9417300671453323,True,0.020361450107964987,False,True,0.034145251405821135,0.034145251405821135,0.017275433032550847,0.013783801297856146,0.04095361193675193,-0.0030515738529016175,0.04095361193675193,2.3706272286903243,False,False,False,False,surprise-2_0-9e3aecdf5b173cd47e84bd07,RGTI|2025-10-28|34,34,2025-10-28 16:20:00+00:00,2025-10-28 16:20:00+00:00,1,"[""RGTI|2025-10-28|34""]",False,2.3706272286903243,True,2025-10-28 16:35:00+00:00,raw_checkpoint_rows,2.0,excursion_sigma_ratio_15m >= 2.0,,,,,,,,,,
RIVN|2025-12-02|32,RIVN,2025-12-02,stress,32,2025-12-02 17:05:00+00:00,2025-12-02 17:10:00+00:00,2025-12-02 17:10:00+00:00,0.06666666666666667,15,2025-12-01,2025-12-01,2025-12-12,10,0.76745,0.1544100680720345,0.11154039283410401,True,True,True,False,True,True,1,late,2025-12,2,low,0.002865367256943906,low,0.0006593820548614069,high,False,none,-0.0025057317424904647,False,none,down,active,7-10 DTE,-0.48989508434201373,-0.585928058993802,0.02680884434506331,-0.22551375023625142,0.13670398826390467,0.1066425682079798,-0.1898981870816527,0.9999514832367513,0.0,4.851676324869429e-05,0.0,0.0005304617632272224,0.9999029664735026,0.0,0.0,0.0,0.0,0.0,0.0,0.0,0.0,0.0,0.0,0.0,0.0,0.0,0.0,0.0,0.0,1.0,0.0,-0.6523545078138947,-0.7479419805938918,-0.30605272689276125,0.06697322306533667,-0.00542440675731698,-0.6327318390865421,-0.629025126919869,-0.37722788355774484,-0.8925474179587224,0.07011903046472966,-0.5787171096629543,0.4867000142643874,True,0.01004529940667307,False,True,0.017610199686316722,0.017610199686316722,0.009481196467859368,0.0075649002796436505,0.0246430808422798,-0.00029020746729741697,0.0246430808422798,2.5991530629303026,False,False,False,False,surprise-2_0-083d21882e41de67389046d1,RIVN|2025-12-02|32,32,2025-12-02 17:10:00+00:00,2025-12-02 17:10:00+00:00,1,"[""RIVN|2025-12-02|32""]",False,2.5991530629303026,True,2025-12-02 17:25:00+00:00,raw_checkpoint_rows,2.0,excursion_sigma_ratio_15m >= 2.0,,,,,,,,,,
AAOI|2025-10-28|24,AAOI,2025-10-28,stress,24,2025-10-28 15:25:00+00:00,2025-10-28 15:30:00+00:00,2025-10-28 15:30:00+00:00,0.06666666666666667,15,2025-10-27,2025-10-27,2025-11-07,10,1.5807,0.1672437175697626,0.13501420748739262,False,True,True,False,False,True,1,middle,2025-10,4,high,0.003370261645702247,low,0.0002918015673230793,low,False,none,-0.002545016295907973,False,none,down,quiet,7-10 DTE,1.1968916353960186,1.1578573970093209,0.6459421334906618,0.8708698987903182,-0.9413577587235515,-0.43523205322266373,1.318821433955754,1.1540725160959793e-12,0.0,0.999999999998846,0.0,3.287679273822735e-11,0.999999999997692,0.0,0.0,0.0,0.0,0.0,0.0,0.0,0.0,0.0,0.0,0.0,0.0,1.0,0.0,0.0,0.0,0.0,0.0,0.09460020554804915,0.7878164141413762,-0.2271109713304833,-0.40760782424561015,0.2792088131643678,0.5357723819554743,-0.10606740456727652,0.6698316419953395,-0.2659989722902857,-0.46250207334043286,-1.0822499658225562,1.2792878778038843,True,0.02524620786289147,False,True,0.04082746771308721,0.04082746771308721,0.01952821324743671,0.015581259850195737,0.044878325771219245,-0.012565764055113733,0.044878325771219245,2.2981275962260344,False,False,False,False,surprise-1_5-f97a68780c78721124f44534,AAOI|2025-10-28|24,24,2025-10-28 15:30:00+00:00,2025-10-28 15:30:00+00:00,1,"[""AAOI|2025-10-28|24""]",False,2.2981275962260344,True,2025-10-28 15:45:00+00:00,quiet_state_runs,1.5,excursion_sigma_ratio_15m >= 1.5,quiet-run-1e8788972a6720097b93f6e1,2025-10-28 15:30:00+00:00,2025-10-28 15:30:00+00:00,24.0,,,,,,
APLD|2025-09-09|34,APLD,2025-09-09,stress,34,2025-09-09 16:15:00+00:00,2025-09-09 16:20:00+00:00,2025-09-09 16:20:00+00:00,0.06666666666666667,15,2025-09-08,2025-09-08,2025-09-19,10,0.77335,0.14271024055745815,0.13576631430095265,False,True,True,False,True,True,1,late,2025-09,2,low,0.004470884276405311,high,0.0004903091796201775,low,False,none,-0.0014668052761206039,False,none,down,quiet,7-10 DTE,-0.1729092429091281,-0.11615446534033963,0.11128842120225602,-0.4243706187138071,-0.6403588134403011,-0.36665781386821866,-0.35242426382929565,0.9996164073816859,0.0,0.0003835926183141274,0.0,0.003400831513649987,0.9992328147633718,0.0,0.0,0.0,0.0,0.0,0.0,0.0,0.0,0.0,0.0,0.0,0.0,0.0,0.0,0.0,0.0,0.0,1.0,0.17470704975807064,-0.3076665321683871,-0.22065509107930587,-0.1888044285126343,0.47386084723887584,-0.34902901991518687,-0.6414864347255569,-0.5156730324016615,-0.6346917110973925,-0.20175217077801333,-0.5132548367213002,0.756129308718904,True,0.00930600440123315,False,True,0.016929062100447975,0.016929062100447975,0.00955408598399771,0.007623057699214825,0.020690324998058097,-0.0020928505055352177,0.020690324998058097,2.1655996220409834,False,False,False,False,surprise-1_5-f1d13741523f01e01c193cce,APLD|2025-09-09|34,34,2025-09-09 16:20:00+00:00,2025-09-09 16:20:00+00:00,1,"[""APLD|2025-09-09|34""]",False,2.1655996220409834,True,2025-09-09 16:35:00+00:00,quiet_state_runs,1.5,excursion_sigma_ratio_15m >= 1.5,quiet-run-fea72bc51e863bfc73a43b56,2025-09-09 16:20:00+00:00,2025-09-09 16:20:00+00:00,34.0,,,,,,
IONQ|2025-12-10|34,IONQ,2025-12-10,stress,34,2025-12-10 17:15:00+00:00,2025-12-10 17:20:00+00:00,2025-12-10 17:20:00+00:00,0.06666666666666667,15,2025-12-09,2025-12-09,2025-12-19,9,0.942,0.14258089350822703,0.12946711928909424,False,True,True,False,True,True,1,late,2025-12,3,high,0.002629066418664017,low,0.0001568418651580452,low,False,none,0.0010600888809461518,False,none,up,quiet,7-10 DTE,-0.11988870436013155,-0.1997044485046125,-0.004285901265353331,-0.2572839291156884,-0.09322673620663904,-0.5090084186820316,-0.12389719438794082,0.9998632526642622,0.0,0.0001367473357377406,0.0,0.0013534303936943758,0.9997265053285245,0.0,0.0,0.0,0.0,0.0,0.0,0.0,0.0,0.0,0.0,0.0,0.0,0.0,0.0,0.0,0.0,0.0,1.0,-0.3286377410188625,0.005458995039672908,0.3966504900652288,-0.11388243054608248,-0.6833320658031161,-0.12174381551935733,0.394507357790447,-0.016584154556301856,-0.2766508162290089,-0.3115195116010508,-0.7136939431282364,0.8277478989853163,True,0.006622329412369362,False,True,0.01590780216424156,-0.01590780216424156,0.011637614271579288,0.009285472751872198,0.0,-0.019802646425782687,0.019802646425782687,1.701607044361486,False,False,False,False,surprise-1_5-08dfb0e63fff668108f26537,IONQ|2025-12-10|34,34,2025-12-10 17:20:00+00:00,2025-12-10 17:20:00+00:00,1,"[""IONQ|2025-12-10|34""]",False,1.701607044361486,False,2025-12-10 17:35:00+00:00,quiet_state_runs,1.5,excursion_sigma_ratio_15m >= 1.5,quiet-run-4a8a51a03ba119690925c020,2025-12-10 17:20:00+00:00,2025-12-10 17:20:00+00:00,34.0,,,,,,
MRNA|2025-12-31|24,MRNA,2025-12-31,stress,24,2025-12-31 16:25:00+00:00,2025-12-31 16:30:00+00:00,2025-12-31 16:30:00+00:00,0.06666666666666667,15,2025-12-30,2025-12-30,2026-01-09,9,0.45399999999999996,0.22306107883497803,0.13064868551774622,False,True,True,False,False,False,1,middle,2025-12,1,low,0.0027371021717143623,low,0.00016211229227385161,low,False,none,-0.0034968861007649873,False,none,down,quiet,7-10 DTE,-0.7992027570918343,-0.746790404554253,0.09605645435585813,-0.08468593278102662,0.3861588527265837,-0.07467035276350029,-0.21841521479069714,0.9999606925037812,0.0,3.930749621895663e-05,0.0,0.0004380457118607494,0.9999213850075622,0.0,0.0,0.0,0.0,0.0,0.0,0.0,0.0,0.0,0.0,0.0,0.0,1.0,0.0,0.0,0.0,0.0,0.0,-1.2959870663958386,0.9611031513746534,-0.7474749963559004,-0.19879789414477983,0.31642016811627793,-0.37779632744229413,-1.327587470735655,-0.5477429704667176,-0.6552429838981408,-0.9997778931400308,-0.3233848820221036,0.5043544237944181,True,0.0031063733023445235,False,True,0.007581537452397579,-0.007581537452397579,0.0056087864960689985,0.004475164150053055,0.00033559322912036756,-0.008681448745654111,0.008681448745654111,1.5478301322738532,False,False,False,False,surprise-1_5-eca27d0c0bda375078d2ad64,MRNA|2025-12-31|24,24,2025-12-31 16:30:00+00:00,2025-12-31 16:30:00+00:00,1,"[""MRNA|2025-12-31|24""]",False,1.5478301322738532,False,2025-12-31 16:45:00+00:00,quiet_state_runs,1.5,excursion_sigma_ratio_15m >= 1.5,quiet-run-2b87bf5b6c253792927b8cc5,2025-12-31 16:30:00+00:00,2025-12-31 16:50:00+00:00,28.0,,,,,,
MSTR|2025-09-16|26,MSTR,2025-09-16,stress,26,2025-09-16 15:35:00+00:00,2025-09-16 15:40:00+00:00,2025-09-16 15:40:00+00:00,0.06666666666666667,15,2025-09-15,2025-09-15,2025-09-26,10,0.49445,0.1958148543249267,0.12532943541966501,False,True,True,False,False,False,1,late,2025-09,1,low,0.0006223349083035023,low,0.0001633123407156612,low,False,none,-0.003684300115374251,False,none,down,quiet,7-10 DTE,-0.5547734235202687,-0.4192606526134786,0.28051530579700296,-0.34668225597145397,-0.5687165689793791,-1.2548138290293973,-0.3040399087063452,0.9996866680745542,0.0,0.0003133319254457081,0.0,0.002841322344937359,0.9993733361491085,0.0,0.0,0.0,0.0,0.0,0.0,0.0,0.0,0.0,0.0,0.0,0.0,0.0,1.0,0.0,0.0,0.0,0.0,-1.12997385074494,-0.7096853260104421,-1.711689355276785,-1.3920603734085186,-0.3614918890560863,-0.36513987913021817,-0.6250404742440724,0.6720217328687179,-0.03999549915651198,0.8675179518790268,-0.5385014352670019,0.2005718089893835,True,0.004423055009770721,False,True,0.009296942485527843,0.009296942485527843,0.0061085120770513575,0.0048738874757571216,0.011838115461186254,-0.0008564232846264833,0.011838115461186254,1.9379703780437911,False,False,False,False,surprise-1_5-574b525f74633d2a5e1256d1,MSTR|2025-09-16|26,26,2025-09-16 15:40:00+00:00,2025-09-16 15:40:00+00:00,1,"[""MSTR|2025-09-16|26""]",False,1.9379703780437911,False,2025-09-16 15:55:00+00:00,quiet_state_runs,1.5,excursion_sigma_ratio_15m >= 1.5,quiet-run-ddfe18e2d99ba38dde3454a3,2025-09-16 15:40:00+00:00,2025-09-16 15:40:00+00:00,26.0,,,,,,
MSTR|2025-09-24|26,MSTR,2025-09-24,stress,26,2025-09-24 15:35:00+00:00,2025-09-24 15:40:00+00:00,2025-09-24 15:40:00+00:00,0.06666666666666667,15,2025-09-23,2025-09-23,2025-10-03,9,0.51515,0.18334779873871868,0.12560639387876946,False,True,True,False,False,True,1,late,2025-09,1,low,0.0012235200723388262,low,0.0004555641743966631,low,False,none,-0.003716233914920805,False,none,down,quiet,7-10 DTE,-0.40448712242773,-0.21384763959576036,0.20840233528425922,-0.12721543206312752,-0.3405562486183686,-1.3748039090726927,-0.21771870023959203,0.9995971321819007,0.0,0.0004028678180992153,0.0,0.0035519649269675152,0.9991942643638015,0.0,0.0,0.0,0.0,0.0,0.0,0.0,0.0,0.0,0.0,0.0,0.0,0.0,1.0,0.0,0.0,0.0,0.0,-0.940531202363673,0.5542398257153486,-1.3179795783513892,-1.1979551901809036,-0.4742906318279766,-0.33263779660363774,-0.8252370542473212,-0.184517902342959,-0.35375256256176724,0.07856015721597993,-0.2541915308730672,0.460541352628917,True,0.002075110236676908,False,True,0.007153041540421031,-0.007153041540421031,0.006364243091299438,0.005077931303744123,0.0004760577433631774,-0.01116254357121365,0.01116254357121365,1.7539467630832684,False,False,False,False,surprise-1_5-08bd24eb5d679d0d8b7043a5,MSTR|2025-09-24|26,26,2025-09-24 15:40:00+00:00,2025-09-24 15:40:00+00:00,1,"[""MSTR|2025-09-24|26""]",False,1.7539467630832684,False,2025-09-24 15:55:00+00:00,quiet_state_runs,1.5,excursion_sigma_ratio_15m >= 1.5,quiet-run-a24f6bdf22ab8c0e6c700b08,2025-09-24 15:40:00+00:00,2025-09-24 15:50:00+00:00,28.0,,,,,,
MSTR|2025-09-24|32,MSTR,2025-09-24,stress,32,2025-09-24 16:05:00+00:00,2025-09-24 16:10:00+00:00,2025-09-24 16:10:00+00:00,0.06666666666666667,15,2025-09-23,2025-09-23,2025-10-03,9,0.51515,0.1529801170205456,0.11771660880035047,False,True,True,False,True,True,1,late,2025-09,1,low,0.0012763228141587245,low,0.0005397917938450009,high,False,none,-0.007476618763960784,False,none,down,active,7-10 DTE,-0.40448712242773,-0.21384763959576036,0.20840233528425922,-0.12721543206312752,-0.3405562486183686,-1.3748039090726927,-0.21771870023959203,0.9995971321819007,0.0,0.0004028678180992153,0.0,0.0035519649269675152,0.9991942643638015,0.0,0.0,0.0,0.0,0.0,0.0,0.0,0.0,0.0,0.0,0.0,0.0,0.0,0.0,0.0,0.0,1.0,0.0,-0.8785989455495882,-0.48947105569727095,-0.9033888306274898,-0.6671028204208741,0.6716659778121777,-0.3507558369293139,0.12276950036149302,0.11962901730639142,0.367893821146639,0.6364117304472833,0.0166748892443865,0.009421569895977736,True,0.004108003397646793,False,True,0.009185934701390916,0.009185934701390916,0.006364243091299438,0.005077931303744123,0.00993270497051322,-0.002037684936655406,0.00993270497051322,1.5607048358243143,False,False,False,False,surprise-1_5-4ca694070ef8d85216143912,MSTR|2025-09-24|32,32,2025-09-24 16:10:00+00:00,2025-09-24 16:10:00+00:00,1,"[""MSTR|2025-09-24|32""]",False,1.5607048358243143,False,2025-09-24 16:25:00+00:00,quiet_state_runs,1.5,excursion_sigma_ratio_15m >= 1.5,quiet-run-da22d19357a257e20234fd1b,2025-09-24 16:10:00+00:00,2025-09-24 16:20:00+00:00,34.0,,,,,,
RIVN|2025-09-11|34,RIVN,2025-09-11,stress,34,2025-09-11 16:15:00+00:00,2025-09-11 16:20:00+00:00,2025-09-11 16:20:00+00:00,0.06666666666666667,15,2025-09-10,2025-09-10,2025-09-19,8,0.58235,0.12597859111606574,0.1312521738596084,False,True,True,True,True,True,1,late,2025-09,1,low,0.0022005407456945876,low,0.00040888929483097957,low,False,none,0.005420250216249423,False,none,up,quiet,7-10 DTE,-0.3253379320481791,-0.16010475621663867,-0.1427707475430219,-0.27735328147054394,-0.0648218839777858,-0.32854186369572785,-0.10781760387010701,0.9998973513465343,0.0,0.00010264865346559659,0.0,0.0010453889974146513,0.9997947026930688,0.0,0.0,0.0,0.0,0.0,0.0,0.0,0.0,0.0,0.0,0.0,0.0,0.0,0.0,0.0,0.0,0.0,1.0,-0.12656687902132885,0.563220777624454,-0.45369162972946037,-0.13180982756720708,-0.5201139299638774,0.3474063356147406,-0.27554410662208645,0.860288117338222,-0.41583327076079885,0.18905868828239228,0.9748648931575106,-0.8880360006533957,True,0.0035978686425193656,False,True,0.009338203097989403,-0.009338203097989403,0.007194442325959872,0.005740334455470037,0.0010315284061142714,-0.01141683470987852,0.01141683470987852,1.58689641128903,False,False,False,False,surprise-1_5-392a0fe7717489111079cea1,RIVN|2025-09-11|34,34,2025-09-11 16:20:00+00:00,2025-09-11 16:20:00+00:00,1,"[""RIVN|2025-09-11|34""]",False,1.58689641128903,False,2025-09-11 16:35:00+00:00,quiet_state_runs,1.5,excursion_sigma_ratio_15m >= 1.5,quiet-run-0ad20801862c6b2236c20d32,2025-09-11 16:20:00+00:00,2025-09-11 16:20:00+00:00,34.0,,,,,,
RIVN|2025-12-02|32,RIVN,2025-12-02,stress,32,2025-12-02 17:05:00+00:00,2025-12-02 17:10:00+00:00,2025-12-02 17:10:00+00:00,0.06666666666666667,15,2025-12-01,2025-12-01,2025-12-12,10,0.76745,0.1544100680720345,0.11154039283410401,True,True,True,False,True,True,1,late,2025-12,2,low,0.002865367256943906,low,0.0006593820548614069,high,False,none,-0.0025057317424904647,False,none,down,active,7-10 DTE,-0.48989508434201373,-0.585928058993802,0.02680884434506331,-0.22551375023625142,0.13670398826390467,0.1066425682079798,-0.1898981870816527,0.9999514832367513,0.0,4.851676324869429e-05,0.0,0.0005304617632272224,0.9999029664735026,0.0,0.0,0.0,0.0,0.0,0.0,0.0,0.0,0.0,0.0,0.0,0.0,0.0,0.0,0.0,0.0,1.0,0.0,-0.6523545078138947,-0.7479419805938918,-0.30605272689276125,0.06697322306533667,-0.00542440675731698,-0.6327318390865421,-0.629025126919869,-0.37722788355774484,-0.8925474179587224,0.07011903046472966,-0.5787171096629543,0.4867000142643874,True,0.01004529940667307,False,True,0.017610199686316722,0.017610199686316722,0.009481196467859368,0.0075649002796436505,0.0246430808422798,-0.00029020746729741697,0.0246430808422798,2.5991530629303026,False,False,False,False,surprise-1_5-41031e7d708d913878929d45,RIVN|2025-12-02|32,32,2025-12-02 17:10:00+00:00,2025-12-02 17:10:00+00:00,1,"[""RIVN|2025-12-02|32""]",False,2.5991530629303026,True,2025-12-02 17:25:00+00:00,quiet_state_runs,1.5,excursion_sigma_ratio_15m >= 1.5,quiet-run-f3975f9ca12f6c2186bdff44,2025-12-02 17:10:00+00:00,2025-12-02 17:10:00+00:00,32.0,,,,,,
SMCI|2025-09-30|34,SMCI,2025-09-30,stress,34,2025-09-30 16:15:00+00:00,2025-09-30 16:20:00+00:00,2025-09-30 16:20:00+00:00,0.06666666666666667,15,2025-09-29,2025-09-29,2025-10-10,10,0.60605,0.15839277352802134,0.13251724835747783,False,True,True,False,False,True,1,late,2025-09,1,low,0.0010827699674532322,low,0.0003179038853542786,low,False,none,-0.0008875396820250076,False,none,down,quiet,7-10 DTE,-0.12484591682403534,0.11771589486499609,0.12900015428185063,-0.43996255274302776,0.4401865355919006,0.2737719375301323,-0.35842128254632605,0.9995729002022615,0.0,0.0004270997977383828,0.0,0.003740659306196499,0.9991458004045232,0.0,0.0,0.0,0.0,0.0,0.0,0.0,0.0,0.0,0.0,0.0,0.0,0.0,0.0,0.0,0.0,0.0,1.0,-0.2094123044290356,-0.10481865259069678,-0.35744076267834723,-0.9847286074677685,-0.07962314169566179,1.2288898131000743,0.15072377388996627,-1.7780091924558987,-0.6896243794434865,-1.9926314563332974,-0.472297831400611,0.614492459400866,True,0.003685911370950026,False,True,0.009659861223680542,0.009659861223680542,0.007487235806041006,0.005973949852730516,0.013622782333784311,-0.00031655147540814675,0.013622782333784311,1.8194675157650877,False,False,False,False,surprise-1_5-19c4bec9c73340598225e8c5,SMCI|2025-09-30|34,34,2025-09-30 16:20:00+00:00,2025-09-30 16:20:00+00:00,1,"[""SMCI|2025-09-30|34""]",False,1.8194675157650877,False,2025-09-30 16:35:00+00:00,quiet_state_runs,1.5,excursion_sigma_ratio_15m >= 1.5,quiet-run-dbae2ca9f5d016a433c38be3,2025-09-30 16:20:00+00:00,2025-09-30 16:20:00+00:00,34.0,,,,,,
SOFI|2025-09-24|24,SOFI,2025-09-24,stress,24,2025-09-24 15:25:00+00:00,2025-09-24 15:30:00+00:00,2025-09-24 15:30:00+00:00,0.06666666666666667,15,2025-09-23,2025-09-23,2025-10-03,9,0.6279,0.16593847474870452,0.12881577728921306,False,True,True,False,False,True,1,middle,2025-09,1,low,0.0017437540269248384,low,0.00036021501701046676,low,False,none,-0.0032280596224305153,False,none,down,quiet,7-10 DTE,-0.18548246359899054,0.005632611713635105,0.11962030331502879,-0.448953063090522,0.28723159845330476,-0.1234425674506501,-0.36114940736554907,0.9997449895728817,0.0,0.0002550104271181868,0.0,0.0023649867466806924,0.9994899791457635,0.0,0.0,0.0,0.0,0.0,0.0,0.0,0.0,0.0,0.0,0.0,0.0,1.0,0.0,0.0,0.0,0.0,0.0,-0.7056528618990571,-0.1617326315917255,-0.8246680667530063,-0.2721151334719763,0.4397629935905019,-0.6687809732668459,0.29307410841003856,0.863300792195136,-0.37476088936028984,0.31316147414706696,-1.0735090414361486,0.5557153632699027,True,0.0063062240384163335,False,True,0.01249555348735535,-0.01249555348735535,0.0077571740988584235,0.0061893294489390165,0.0,-0.014140604650151515,0.014140604650151515,1.8229067013475428,False,False,False,False,surprise-1_5-e760ce98fb440040791d1590,SOFI|2025-09-24|24,24,2025-09-24 15:30:00+00:00,2025-09-24 15:30:00+00:00,1,"[""SOFI|2025-09-24|24""]",False,1.8229067013475428,False,2025-09-24 15:45:00+00:00,quiet_state_runs,1.5,excursion_sigma_ratio_15m >= 1.5,quiet-run-692de424a381afa4e82cc9d0,2025-09-24 15:30:00+00:00,2025-09-24 15:50:00+00:00,28.0,,,,,,
SOFI|2025-10-14|32,SOFI,2025-10-14,stress,32,2025-10-14 16:05:00+00:00,2025-10-14 16:10:00+00:00,2025-10-14 16:10:00+00:00,0.06666666666666667,15,2025-10-13,2025-10-13,2025-10-24,10,0.70885,0.11532226186829236,0.12274249718247585,False,True,True,True,True,True,1,late,2025-10,2,low,0.004088694962243576,low,0.00101375431649073,high,False,none,0.007627554392766696,False,none,up,active,7-10 DTE,-0.06467776777716244,0.10856280972767118,-0.19459686858607322,-0.4663541192223531,0.5404272500757473,-0.4137005001875404,-0.1637306586602927,0.9996797075935234,0.0,0.0003202924064765515,0.0,0.002897402277595086,0.9993594151870469,0.0,0.0,0.0,0.0,0.0,0.0,0.0,0.0,0.0,0.0,0.0,0.0,0.0,0.0,0.0,0.0,1.0,0.0,-0.28730366589820383,0.5333555963633968,0.952952399889535,1.6258723445813983,2.021399791386028,0.4358850586848115,-1.101759644449232,-0.6600661319063613,-0.6903981042325513,-0.3791827641403991,0.5507276617668282,-0.5338678118631557,True,0.004191717481172444,False,True,0.011178986441007484,0.011178986441007484,0.008757242968587025,0.00698726895983504,0.014447556747714987,-0.00015822825881192662,0.014447556747714987,1.6497837045163435,False,False,False,False,surprise-1_5-e71284905e468c00cd43aa1b,SOFI|2025-10-14|32,32,2025-10-14 16:10:00+00:00,2025-10-14 16:10:00+00:00,1,"[""SOFI|2025-10-14|32""]",False,1.6497837045163435,False,2025-10-14 16:25:00+00:00,quiet_state_runs,1.5,excursion_sigma_ratio_15m >= 1.5,quiet-run-dde70452caee03c11806306d,2025-10-14 16:10:00+00:00,2025-10-14 16:20:00+00:00,34.0,,,,,,
AAOI|2025-10-28|24,AAOI,2025-10-28,stress,24,2025-10-28 15:25:00+00:00,2025-10-28 15:30:00+00:00,2025-10-28 15:30:00+00:00,0.06666666666666667,15,2025-10-27,2025-10-27,2025-11-07,10,1.5807,0.1672437175697626,0.13501420748739262,False,True,True,False,False,True,1,middle,2025-10,4,high,0.003370261645702247,low,0.0002918015673230793,low,False,none,-0.002545016295907973,False,none,down,quiet,7-10 DTE,1.1968916353960186,1.1578573970093209,0.6459421334906618,0.8708698987903182,-0.9413577587235515,-0.43523205322266373,1.318821433955754,1.1540725160959793e-12,0.0,0.999999999998846,0.0,3.287679273822735e-11,0.999999999997692,0.0,0.0,0.0,0.0,0.0,0.0,0.0,0.0,0.0,0.0,0.0,0.0,1.0,0.0,0.0,0.0,0.0,0.0,0.09460020554804915,0.7878164141413762,-0.2271109713304833,-0.40760782424561015,0.2792088131643678,0.5357723819554743,-0.10606740456727652,0.6698316419953395,-0.2659989722902857,-0.46250207334043286,-1.0822499658225562,1.2792878778038843,True,0.02524620786289147,False,True,0.04082746771308721,0.04082746771308721,0.01952821324743671,0.015581259850195737,0.044878325771219245,-0.012565764055113733,0.044878325771219245,2.2981275962260344,False,False,False,False,surprise-2_0-055fd9caa7fb4df509d8c600,AAOI|2025-10-28|24,24,2025-10-28 15:30:00+00:00,2025-10-28 15:30:00+00:00,1,"[""AAOI|2025-10-28|24""]",False,2.2981275962260344,True,2025-10-28 15:45:00+00:00,quiet_state_runs,2.0,excursion_sigma_ratio_15m >= 2.0,quiet-run-1e8788972a6720097b93f6e1,2025-10-28 15:30:00+00:00,2025-10-28 15:30:00+00:00,24.0,,,,,,
APLD|2025-09-09|34,APLD,2025-09-09,stress,34,2025-09-09 16:15:00+00:00,2025-09-09 16:20:00+00:00,2025-09-09 16:20:00+00:00,0.06666666666666667,15,2025-09-08,2025-09-08,2025-09-19,10,0.77335,0.14271024055745815,0.13576631430095265,False,True,True,False,True,True,1,late,2025-09,2,low,0.004470884276405311,high,0.0004903091796201775,low,False,none,-0.0014668052761206039,False,none,down,quiet,7-10 DTE,-0.1729092429091281,-0.11615446534033963,0.11128842120225602,-0.4243706187138071,-0.6403588134403011,-0.36665781386821866,-0.35242426382929565,0.9996164073816859,0.0,0.0003835926183141274,0.0,0.003400831513649987,0.9992328147633718,0.0,0.0,0.0,0.0,0.0,0.0,0.0,0.0,0.0,0.0,0.0,0.0,0.0,0.0,0.0,0.0,0.0,1.0,0.17470704975807064,-0.3076665321683871,-0.22065509107930587,-0.1888044285126343,0.47386084723887584,-0.34902901991518687,-0.6414864347255569,-0.5156730324016615,-0.6346917110973925,-0.20175217077801333,-0.5132548367213002,0.756129308718904,True,0.00930600440123315,False,True,0.016929062100447975,0.016929062100447975,0.00955408598399771,0.007623057699214825,0.020690324998058097,-0.0020928505055352177,0.020690324998058097,2.1655996220409834,False,False,False,False,surprise-2_0-d65d469749214fb565641891,APLD|2025-09-09|34,34,2025-09-09 16:20:00+00:00,2025-09-09 16:20:00+00:00,1,"[""APLD|2025-09-09|34""]",False,2.1655996220409834,True,2025-09-09 16:35:00+00:00,quiet_state_runs,2.0,excursion_sigma_ratio_15m >= 2.0,quiet-run-fea72bc51e863bfc73a43b56,2025-09-09 16:20:00+00:00,2025-09-09 16:20:00+00:00,34.0,,,,,,
RIVN|2025-12-02|32,RIVN,2025-12-02,stress,32,2025-12-02 17:05:00+00:00,2025-12-02 17:10:00+00:00,2025-12-02 17:10:00+00:00,0.06666666666666667,15,2025-12-01,2025-12-01,2025-12-12,10,0.76745,0.1544100680720345,0.11154039283410401,True,True,True,False,True,True,1,late,2025-12,2,low,0.002865367256943906,low,0.0006593820548614069,high,False,none,-0.0025057317424904647,False,none,down,active,7-10 DTE,-0.48989508434201373,-0.585928058993802,0.02680884434506331,-0.22551375023625142,0.13670398826390467,0.1066425682079798,-0.1898981870816527,0.9999514832367513,0.0,4.851676324869429e-05,0.0,0.0005304617632272224,0.9999029664735026,0.0,0.0,0.0,0.0,0.0,0.0,0.0,0.0,0.0,0.0,0.0,0.0,0.0,0.0,0.0,0.0,1.0,0.0,-0.6523545078138947,-0.7479419805938918,-0.30605272689276125,0.06697322306533667,-0.00542440675731698,-0.6327318390865421,-0.629025126919869,-0.37722788355774484,-0.8925474179587224,0.07011903046472966,-0.5787171096629543,0.4867000142643874,True,0.01004529940667307,False,True,0.017610199686316722,0.017610199686316722,0.009481196467859368,0.0075649002796436505,0.0246430808422798,-0.00029020746729741697,0.0246430808422798,2.5991530629303026,False,False,False,False,surprise-2_0-083d21882e41de67389046d1,RIVN|2025-12-02|32,32,2025-12-02 17:10:00+00:00,2025-12-02 17:10:00+00:00,1,"[""RIVN|2025-12-02|32""]",False,2.5991530629303026,True,2025-12-02 17:25:00+00:00,quiet_state_runs,2.0,excursion_sigma_ratio_15m >= 2.0,quiet-run-f3975f9ca12f6c2186bdff44,2025-12-02 17:10:00+00:00,2025-12-02 17:10:00+00:00,32.0,,,,,,
AAOI|2025-10-28|24,AAOI,2025-10-28,stress,24,2025-10-28 15:25:00+00:00,2025-10-28 15:30:00+00:00,2025-10-28 15:30:00+00:00,0.06666666666666667,15,2025-10-27,2025-10-27,2025-11-07,10,1.5807,0.1672437175697626,0.13501420748739262,False,True,True,False,False,True,1,middle,2025-10,4,high,0.003370261645702247,low,0.0002918015673230793,low,False,none,-0.002545016295907973,False,none,down,quiet,7-10 DTE,1.1968916353960186,1.1578573970093209,0.6459421334906618,0.8708698987903182,-0.9413577587235515,-0.43523205322266373,1.318821433955754,1.1540725160959793e-12,0.0,0.999999999998846,0.0,3.287679273822735e-11,0.999999999997692,0.0,0.0,0.0,0.0,0.0,0.0,0.0,0.0,0.0,0.0,0.0,0.0,1.0,0.0,0.0,0.0,0.0,0.0,0.09460020554804915,0.7878164141413762,-0.2271109713304833,-0.40760782424561015,0.2792088131643678,0.5357723819554743,-0.10606740456727652,0.6698316419953395,-0.2659989722902857,-0.46250207334043286,-1.0822499658225562,1.2792878778038843,True,0.02524620786289147,False,True,0.04082746771308721,0.04082746771308721,0.01952821324743671,0.015581259850195737,0.044878325771219245,-0.012565764055113733,0.044878325771219245,2.2981275962260344,False,False,False,False,surprise-1_5-f97a68780c78721124f44534,AAOI|2025-10-28|24,24,2025-10-28 15:30:00+00:00,2025-10-28 15:30:00+00:00,1,"[""AAOI|2025-10-28|24""]",False,2.2981275962260344,True,2025-10-28 15:45:00+00:00,frozen_fresh_quiet_episodes,1.5,excursion_sigma_ratio_15m >= 1.5,,,,,quiet-40906c5bb9551e77a84d2298,2025-10-28 15:30:00+00:00,0.17067633398226217,0.13501420748739262,1.0,
APLD|2025-09-09|34,APLD,2025-09-09,stress,34,2025-09-09 16:15:00+00:00,2025-09-09 16:20:00+00:00,2025-09-09 16:20:00+00:00,0.06666666666666667,15,2025-09-08,2025-09-08,2025-09-19,10,0.77335,0.14271024055745815,0.13576631430095265,False,True,True,False,True,True,1,late,2025-09,2,low,0.004470884276405311,high,0.0004903091796201775,low,False,none,-0.0014668052761206039,False,none,down,quiet,7-10 DTE,-0.1729092429091281,-0.11615446534033963,0.11128842120225602,-0.4243706187138071,-0.6403588134403011,-0.36665781386821866,-0.35242426382929565,0.9996164073816859,0.0,0.0003835926183141274,0.0,0.003400831513649987,0.9992328147633718,0.0,0.0,0.0,0.0,0.0,0.0,0.0,0.0,0.0,0.0,0.0,0.0,0.0,0.0,0.0,0.0,0.0,1.0,0.17470704975807064,-0.3076665321683871,-0.22065509107930587,-0.1888044285126343,0.47386084723887584,-0.34902901991518687,-0.6414864347255569,-0.5156730324016615,-0.6346917110973925,-0.20175217077801333,-0.5132548367213002,0.756129308718904,True,0.00930600440123315,False,True,0.016929062100447975,0.016929062100447975,0.00955408598399771,0.007623057699214825,0.020690324998058097,-0.0020928505055352177,0.020690324998058097,2.1655996220409834,False,False,False,False,surprise-1_5-f1d13741523f01e01c193cce,APLD|2025-09-09|34,34,2025-09-09 16:20:00+00:00,2025-09-09 16:20:00+00:00,1,"[""APLD|2025-09-09|34""]",False,2.1655996220409834,True,2025-09-09 16:35:00+00:00,frozen_fresh_quiet_episodes,1.5,excursion_sigma_ratio_15m >= 1.5,,,,,quiet-1734b5d17142c49f6fab75db,2025-09-09 16:20:00+00:00,0.15732128629736278,0.13576631430095265,1.0,
IONQ|2025-12-10|34,IONQ,2025-12-10,stress,34,2025-12-10 17:15:00+00:00,2025-12-10 17:20:00+00:00,2025-12-10 17:20:00+00:00,0.06666666666666667,15,2025-12-09,2025-12-09,2025-12-19,9,0.942,0.14258089350822703,0.12946711928909424,False,True,True,False,True,True,1,late,2025-12,3,high,0.002629066418664017,low,0.0001568418651580452,low,False,none,0.0010600888809461518,False,none,up,quiet,7-10 DTE,-0.11988870436013155,-0.1997044485046125,-0.004285901265353331,-0.2572839291156884,-0.09322673620663904,-0.5090084186820316,-0.12389719438794082,0.9998632526642622,0.0,0.0001367473357377406,0.0,0.0013534303936943758,0.9997265053285245,0.0,0.0,0.0,0.0,0.0,0.0,0.0,0.0,0.0,0.0,0.0,0.0,0.0,0.0,0.0,0.0,0.0,1.0,-0.3286377410188625,0.005458995039672908,0.3966504900652288,-0.11388243054608248,-0.6833320658031161,-0.12174381551935733,0.394507357790447,-0.016584154556301856,-0.2766508162290089,-0.3115195116010508,-0.7136939431282364,0.8277478989853163,True,0.006622329412369362,False,True,0.01590780216424156,-0.01590780216424156,0.011637614271579288,0.009285472751872198,0.0,-0.019802646425782687,0.019802646425782687,1.701607044361486,False,False,False,False,surprise-1_5-08dfb0e63fff668108f26537,IONQ|2025-12-10|34,34,2025-12-10 17:20:00+00:00,2025-12-10 17:20:00+00:00,1,"[""IONQ|2025-12-10|34""]",False,1.701607044361486,False,2025-12-10 17:35:00+00:00,frozen_fresh_quiet_episodes,1.5,excursion_sigma_ratio_15m >= 1.5,,,,,quiet-364651efe039c0bdc03e1d6e,2025-12-10 17:20:00+00:00,0.14944132793746956,0.12946711928909424,1.0,
MRNA|2025-12-31|24,MRNA,2025-12-31,stress,24,2025-12-31 16:25:00+00:00,2025-12-31 16:30:00+00:00,2025-12-31 16:30:00+00:00,0.06666666666666667,15,2025-12-30,2025-12-30,2026-01-09,9,0.45399999999999996,0.22306107883497803,0.13064868551774622,False,True,True,False,False,False,1,middle,2025-12,1,low,0.0027371021717143623,low,0.00016211229227385161,low,False,none,-0.0034968861007649873,False,none,down,quiet,7-10 DTE,-0.7992027570918343,-0.746790404554253,0.09605645435585813,-0.08468593278102662,0.3861588527265837,-0.07467035276350029,-0.21841521479069714,0.9999606925037812,0.0,3.930749621895663e-05,0.0,0.0004380457118607494,0.9999213850075622,0.0,0.0,0.0,0.0,0.0,0.0,0.0,0.0,0.0,0.0,0.0,0.0,1.0,0.0,0.0,0.0,0.0,0.0,-1.2959870663958386,0.9611031513746534,-0.7474749963559004,-0.19879789414477983,0.31642016811627793,-0.37779632744229413,-1.327587470735655,-0.5477429704667176,-0.6552429838981408,-0.9997778931400308,-0.3233848820221036,0.5043544237944181,True,0.0031063733023445235,False,True,0.007581537452397579,-0.007581537452397579,0.0056087864960689985,0.004475164150053055,0.00033559322912036756,-0.008681448745654111,0.008681448745654111,1.5478301322738532,False,False,False,False,surprise-1_5-eca27d0c0bda375078d2ad64,MRNA|2025-12-31|24,24,2025-12-31 16:30:00+00:00,2025-12-31 16:30:00+00:00,1,"[""MRNA|2025-12-31|24""]",False,1.5478301322738532,False,2025-12-31 16:45:00+00:00,frozen_fresh_quiet_episodes,1.5,excursion_sigma_ratio_15m >= 1.5,,,,,quiet-bf4fa9089cb80c2cff1d0bb4,2025-12-31 16:30:00+00:00,0.16957312692164336,0.13064868551774622,1.0,
MSTR|2025-09-16|26,MSTR,2025-09-16,stress,26,2025-09-16 15:35:00+00:00,2025-09-16 15:40:00+00:00,2025-09-16 15:40:00+00:00,0.06666666666666667,15,2025-09-15,2025-09-15,2025-09-26,10,0.49445,0.1958148543249267,0.12532943541966501,False,True,True,False,False,False,1,late,2025-09,1,low,0.0006223349083035023,low,0.0001633123407156612,low,False,none,-0.003684300115374251,False,none,down,quiet,7-10 DTE,-0.5547734235202687,-0.4192606526134786,0.28051530579700296,-0.34668225597145397,-0.5687165689793791,-1.2548138290293973,-0.3040399087063452,0.9996866680745542,0.0,0.0003133319254457081,0.0,0.002841322344937359,0.9993733361491085,0.0,0.0,0.0,0.0,0.0,0.0,0.0,0.0,0.0,0.0,0.0,0.0,0.0,1.0,0.0,0.0,0.0,0.0,-1.12997385074494,-0.7096853260104421,-1.711689355276785,-1.3920603734085186,-0.3614918890560863,-0.36513987913021817,-0.6250404742440724,0.6720217328687179,-0.03999549915651198,0.8675179518790268,-0.5385014352670019,0.2005718089893835,True,0.004423055009770721,False,True,0.009296942485527843,0.009296942485527843,0.0061085120770513575,0.0048738874757571216,0.011838115461186254,-0.0008564232846264833,0.011838115461186254,1.9379703780437911,False,False,False,False,surprise-1_5-574b525f74633d2a5e1256d1,MSTR|2025-09-16|26,26,2025-09-16 15:40:00+00:00,2025-09-16 15:40:00+00:00,1,"[""MSTR|2025-09-16|26""]",False,1.9379703780437911,False,2025-09-16 15:55:00+00:00,frozen_fresh_quiet_episodes,1.5,excursion_sigma_ratio_15m >= 1.5,,,,,quiet-93f77c7a854cc4ab80fe9068,2025-09-16 15:40:00+00:00,0.13796924676083236,0.12532943541966501,1.0,
MSTR|2025-09-24|26,MSTR,2025-09-24,stress,26,2025-09-24 15:35:00+00:00,2025-09-24 15:40:00+00:00,2025-09-24 15:40:00+00:00,0.06666666666666667,15,2025-09-23,2025-09-23,2025-10-03,9,0.51515,0.18334779873871868,0.12560639387876946,False,True,True,False,False,True,1,late,2025-09,1,low,0.0012235200723388262,low,0.0004555641743966631,low,False,none,-0.003716233914920805,False,none,down,quiet,7-10 DTE,-0.40448712242773,-0.21384763959576036,0.20840233528425922,-0.12721543206312752,-0.3405562486183686,-1.3748039090726927,-0.21771870023959203,0.9995971321819007,0.0,0.0004028678180992153,0.0,0.0035519649269675152,0.9991942643638015,0.0,0.0,0.0,0.0,0.0,0.0,0.0,0.0,0.0,0.0,0.0,0.0,0.0,1.0,0.0,0.0,0.0,0.0,-0.940531202363673,0.5542398257153486,-1.3179795783513892,-1.1979551901809036,-0.4742906318279766,-0.33263779660363774,-0.8252370542473212,-0.184517902342959,-0.35375256256176724,0.07856015721597993,-0.2541915308730672,0.460541352628917,True,0.002075110236676908,False,True,0.007153041540421031,-0.007153041540421031,0.006364243091299438,0.005077931303744123,0.0004760577433631774,-0.01116254357121365,0.01116254357121365,1.7539467630832684,False,False,False,False,surprise-1_5-08bd24eb5d679d0d8b7043a5,MSTR|2025-09-24|26,26,2025-09-24 15:40:00+00:00,2025-09-24 15:40:00+00:00,1,"[""MSTR|2025-09-24|26""]",False,1.7539467630832684,False,2025-09-24 15:55:00+00:00,frozen_fresh_quiet_episodes,1.5,excursion_sigma_ratio_15m >= 1.5,,,,,quiet-193f093519a3483c0e50d0c9,2025-09-24 15:40:00+00:00,0.13641409752026284,0.12560639387876946,1.0,
MSTR|2025-09-24|32,MSTR,2025-09-24,stress,32,2025-09-24 16:05:00+00:00,2025-09-24 16:10:00+00:00,2025-09-24 16:10:00+00:00,0.06666666666666667,15,2025-09-23,2025-09-23,2025-10-03,9,0.51515,0.1529801170205456,0.11771660880035047,False,True,True,False,True,True,1,late,2025-09,1,low,0.0012763228141587245,low,0.0005397917938450009,high,False,none,-0.007476618763960784,False,none,down,active,7-10 DTE,-0.40448712242773,-0.21384763959576036,0.20840233528425922,-0.12721543206312752,-0.3405562486183686,-1.3748039090726927,-0.21771870023959203,0.9995971321819007,0.0,0.0004028678180992153,0.0,0.0035519649269675152,0.9991942643638015,0.0,0.0,0.0,0.0,0.0,0.0,0.0,0.0,0.0,0.0,0.0,0.0,0.0,0.0,0.0,0.0,1.0,0.0,-0.8785989455495882,-0.48947105569727095,-0.9033888306274898,-0.6671028204208741,0.6716659778121777,-0.3507558369293139,0.12276950036149302,0.11962901730639142,0.367893821146639,0.6364117304472833,0.0166748892443865,0.009421569895977736,True,0.004108003397646793,False,True,0.009185934701390916,0.009185934701390916,0.006364243091299438,0.005077931303744123,0.00993270497051322,-0.002037684936655406,0.00993270497051322,1.5607048358243143,False,False,False,False,surprise-1_5-4ca694070ef8d85216143912,MSTR|2025-09-24|32,32,2025-09-24 16:10:00+00:00,2025-09-24 16:10:00+00:00,1,"[""MSTR|2025-09-24|32""]",False,1.5607048358243143,False,2025-09-24 16:25:00+00:00,frozen_fresh_quiet_episodes,1.5,excursion_sigma_ratio_15m >= 1.5,,,,,quiet-11ffb921ea20c3b4926fd405,2025-09-24 16:10:00+00:00,0.13975477582488927,0.11771660880035047,2.0,30.0
RIVN|2025-09-11|34,RIVN,2025-09-11,stress,34,2025-09-11 16:15:00+00:00,2025-09-11 16:20:00+00:00,2025-09-11 16:20:00+00:00,0.06666666666666667,15,2025-09-10,2025-09-10,2025-09-19,8,0.58235,0.12597859111606574,0.1312521738596084,False,True,True,True,True,True,1,late,2025-09,1,low,0.0022005407456945876,low,0.00040888929483097957,low,False,none,0.005420250216249423,False,none,up,quiet,7-10 DTE,-0.3253379320481791,-0.16010475621663867,-0.1427707475430219,-0.27735328147054394,-0.0648218839777858,-0.32854186369572785,-0.10781760387010701,0.9998973513465343,0.0,0.00010264865346559659,0.0,0.0010453889974146513,0.9997947026930688,0.0,0.0,0.0,0.0,0.0,0.0,0.0,0.0,0.0,0.0,0.0,0.0,0.0,0.0,0.0,0.0,0.0,1.0,-0.12656687902132885,0.563220777624454,-0.45369162972946037,-0.13180982756720708,-0.5201139299638774,0.3474063356147406,-0.27554410662208645,0.860288117338222,-0.41583327076079885,0.18905868828239228,0.9748648931575106,-0.8880360006533957,True,0.0035978686425193656,False,True,0.009338203097989403,-0.009338203097989403,0.007194442325959872,0.005740334455470037,0.0010315284061142714,-0.01141683470987852,0.01141683470987852,1.58689641128903,False,False,False,False,surprise-1_5-392a0fe7717489111079cea1,RIVN|2025-09-11|34,34,2025-09-11 16:20:00+00:00,2025-09-11 16:20:00+00:00,1,"[""RIVN|2025-09-11|34""]",False,1.58689641128903,False,2025-09-11 16:35:00+00:00,frozen_fresh_quiet_episodes,1.5,excursion_sigma_ratio_15m >= 1.5,,,,,quiet-10c55c6c0948ccecd7ffae49,2025-09-11 16:20:00+00:00,0.14872350323766917,0.1312521738596084,1.0,
SMCI|2025-09-30|34,SMCI,2025-09-30,stress,34,2025-09-30 16:15:00+00:00,2025-09-30 16:20:00+00:00,2025-09-30 16:20:00+00:00,0.06666666666666667,15,2025-09-29,2025-09-29,2025-10-10,10,0.60605,0.15839277352802134,0.13251724835747783,False,True,True,False,False,True,1,late,2025-09,1,low,0.0010827699674532322,low,0.0003179038853542786,low,False,none,-0.0008875396820250076,False,none,down,quiet,7-10 DTE,-0.12484591682403534,0.11771589486499609,0.12900015428185063,-0.43996255274302776,0.4401865355919006,0.2737719375301323,-0.35842128254632605,0.9995729002022615,0.0,0.0004270997977383828,0.0,0.003740659306196499,0.9991458004045232,0.0,0.0,0.0,0.0,0.0,0.0,0.0,0.0,0.0,0.0,0.0,0.0,0.0,0.0,0.0,0.0,0.0,1.0,-0.2094123044290356,-0.10481865259069678,-0.35744076267834723,-0.9847286074677685,-0.07962314169566179,1.2288898131000743,0.15072377388996627,-1.7780091924558987,-0.6896243794434865,-1.9926314563332974,-0.472297831400611,0.614492459400866,True,0.003685911370950026,False,True,0.009659861223680542,0.009659861223680542,0.007487235806041006,0.005973949852730516,0.013622782333784311,-0.00031655147540814675,0.013622782333784311,1.8194675157650877,False,False,False,False,surprise-1_5-19c4bec9c73340598225e8c5,SMCI|2025-09-30|34,34,2025-09-30 16:20:00+00:00,2025-09-30 16:20:00+00:00,1,"[""SMCI|2025-09-30|34""]",False,1.8194675157650877,False,2025-09-30 16:35:00+00:00,frozen_fresh_quiet_episodes,1.5,excursion_sigma_ratio_15m >= 1.5,,,,,quiet-c65e492f64841571311502b7,2025-09-30 16:20:00+00:00,0.16263976929943363,0.13251724835747783,1.0,
SOFI|2025-09-24|24,SOFI,2025-09-24,stress,24,2025-09-24 15:25:00+00:00,2025-09-24 15:30:00+00:00,2025-09-24 15:30:00+00:00,0.06666666666666667,15,2025-09-23,2025-09-23,2025-10-03,9,0.6279,0.16593847474870452,0.12881577728921306,False,True,True,False,False,True,1,middle,2025-09,1,low,0.0017437540269248384,low,0.00036021501701046676,low,False,none,-0.0032280596224305153,False,none,down,quiet,7-10 DTE,-0.18548246359899054,0.005632611713635105,0.11962030331502879,-0.448953063090522,0.28723159845330476,-0.1234425674506501,-0.36114940736554907,0.9997449895728817,0.0,0.0002550104271181868,0.0,0.0023649867466806924,0.9994899791457635,0.0,0.0,0.0,0.0,0.0,0.0,0.0,0.0,0.0,0.0,0.0,0.0,1.0,0.0,0.0,0.0,0.0,0.0,-0.7056528618990571,-0.1617326315917255,-0.8246680667530063,-0.2721151334719763,0.4397629935905019,-0.6687809732668459,0.29307410841003856,0.863300792195136,-0.37476088936028984,0.31316147414706696,-1.0735090414361486,0.5557153632699027,True,0.0063062240384163335,False,True,0.01249555348735535,-0.01249555348735535,0.0077571740988584235,0.0061893294489390165,0.0,-0.014140604650151515,0.014140604650151515,1.8229067013475428,False,False,False,False,surprise-1_5-e760ce98fb440040791d1590,SOFI|2025-09-24|24,24,2025-09-24 15:30:00+00:00,2025-09-24 15:30:00+00:00,1,"[""SOFI|2025-09-24|24""]",False,1.8229067013475428,False,2025-09-24 15:45:00+00:00,frozen_fresh_quiet_episodes,1.5,excursion_sigma_ratio_15m >= 1.5,,,,,quiet-00a3bc21dba5859f8e318c16,2025-09-24 15:30:00+00:00,0.1399747092841563,0.12881577728921306,1.0,
SOFI|2025-10-14|32,SOFI,2025-10-14,stress,32,2025-10-14 16:05:00+00:00,2025-10-14 16:10:00+00:00,2025-10-14 16:10:00+00:00,0.06666666666666667,15,2025-10-13,2025-10-13,2025-10-24,10,0.70885,0.11532226186829236,0.12274249718247585,False,True,True,True,True,True,1,late,2025-10,2,low,0.004088694962243576,low,0.00101375431649073,high,False,none,0.007627554392766696,False,none,up,active,7-10 DTE,-0.06467776777716244,0.10856280972767118,-0.19459686858607322,-0.4663541192223531,0.5404272500757473,-0.4137005001875404,-0.1637306586602927,0.9996797075935234,0.0,0.0003202924064765515,0.0,0.002897402277595086,0.9993594151870469,0.0,0.0,0.0,0.0,0.0,0.0,0.0,0.0,0.0,0.0,0.0,0.0,0.0,0.0,0.0,0.0,1.0,0.0,-0.28730366589820383,0.5333555963633968,0.952952399889535,1.6258723445813983,2.021399791386028,0.4358850586848115,-1.101759644449232,-0.6600661319063613,-0.6903981042325513,-0.3791827641403991,0.5507276617668282,-0.5338678118631557,True,0.004191717481172444,False,True,0.011178986441007484,0.011178986441007484,0.008757242968587025,0.00698726895983504,0.014447556747714987,-0.00015822825881192662,0.014447556747714987,1.6497837045163435,False,False,False,False,surprise-1_5-e71284905e468c00cd43aa1b,SOFI|2025-10-14|32,32,2025-10-14 16:10:00+00:00,2025-10-14 16:10:00+00:00,1,"[""SOFI|2025-10-14|32""]",False,1.6497837045163435,False,2025-10-14 16:25:00+00:00,frozen_fresh_quiet_episodes,1.5,excursion_sigma_ratio_15m >= 1.5,,,,,quiet-83ecc0140b02f0f457a9562a,2025-10-14 16:10:00+00:00,0.15888999013806848,0.12274249718247585,1.0,
AAOI|2025-10-28|24,AAOI,2025-10-28,stress,24,2025-10-28 15:25:00+00:00,2025-10-28 15:30:00+00:00,2025-10-28 15:30:00+00:00,0.06666666666666667,15,2025-10-27,2025-10-27,2025-11-07,10,1.5807,0.1672437175697626,0.13501420748739262,False,True,True,False,False,True,1,middle,2025-10,4,high,0.003370261645702247,low,0.0002918015673230793,low,False,none,-0.002545016295907973,False,none,down,quiet,7-10 DTE,1.1968916353960186,1.1578573970093209,0.6459421334906618,0.8708698987903182,-0.9413577587235515,-0.43523205322266373,1.318821433955754,1.1540725160959793e-12,0.0,0.999999999998846,0.0,3.287679273822735e-11,0.999999999997692,0.0,0.0,0.0,0.0,0.0,0.0,0.0,0.0,0.0,0.0,0.0,0.0,1.0,0.0,0.0,0.0,0.0,0.0,0.09460020554804915,0.7878164141413762,-0.2271109713304833,-0.40760782424561015,0.2792088131643678,0.5357723819554743,-0.10606740456727652,0.6698316419953395,-0.2659989722902857,-0.46250207334043286,-1.0822499658225562,1.2792878778038843,True,0.02524620786289147,False,True,0.04082746771308721,0.04082746771308721,0.01952821324743671,0.015581259850195737,0.044878325771219245,-0.012565764055113733,0.044878325771219245,2.2981275962260344,False,False,False,False,surprise-2_0-055fd9caa7fb4df509d8c600,AAOI|2025-10-28|24,24,2025-10-28 15:30:00+00:00,2025-10-28 15:30:00+00:00,1,"[""AAOI|2025-10-28|24""]",False,2.2981275962260344,True,2025-10-28 15:45:00+00:00,frozen_fresh_quiet_episodes,2.0,excursion_sigma_ratio_15m >= 2.0,,,,,quiet-40906c5bb9551e77a84d2298,2025-10-28 15:30:00+00:00,0.17067633398226217,0.13501420748739262,1.0,
APLD|2025-09-09|34,APLD,2025-09-09,stress,34,2025-09-09 16:15:00+00:00,2025-09-09 16:20:00+00:00,2025-09-09 16:20:00+00:00,0.06666666666666667,15,2025-09-08,2025-09-08,2025-09-19,10,0.77335,0.14271024055745815,0.13576631430095265,False,True,True,False,True,True,1,late,2025-09,2,low,0.004470884276405311,high,0.0004903091796201775,low,False,none,-0.0014668052761206039,False,none,down,quiet,7-10 DTE,-0.1729092429091281,-0.11615446534033963,0.11128842120225602,-0.4243706187138071,-0.6403588134403011,-0.36665781386821866,-0.35242426382929565,0.9996164073816859,0.0,0.0003835926183141274,0.0,0.003400831513649987,0.9992328147633718,0.0,0.0,0.0,0.0,0.0,0.0,0.0,0.0,0.0,0.0,0.0,0.0,0.0,0.0,0.0,0.0,0.0,1.0,0.17470704975807064,-0.3076665321683871,-0.22065509107930587,-0.1888044285126343,0.47386084723887584,-0.34902901991518687,-0.6414864347255569,-0.5156730324016615,-0.6346917110973925,-0.20175217077801333,-0.5132548367213002,0.756129308718904,True,0.00930600440123315,False,True,0.016929062100447975,0.016929062100447975,0.00955408598399771,0.007623057699214825,0.020690324998058097,-0.0020928505055352177,0.020690324998058097,2.1655996220409834,False,False,False,False,surprise-2_0-d65d469749214fb565641891,APLD|2025-09-09|34,34,2025-09-09 16:20:00+00:00,2025-09-09 16:20:00+00:00,1,"[""APLD|2025-09-09|34""]",False,2.1655996220409834,True,2025-09-09 16:35:00+00:00,frozen_fresh_quiet_episodes,2.0,excursion_sigma_ratio_15m >= 2.0,,,,,quiet-1734b5d17142c49f6fab75db,2025-09-09 16:20:00+00:00,0.15732128629736278,0.13576631430095265,1.0,
AAOI|2025-10-28|24,AAOI,2025-10-28,stress,24,2025-10-28 15:25:00+00:00,2025-10-28 15:30:00+00:00,2025-10-28 15:30:00+00:00,0.06666666666666667,15,2025-10-27,2025-10-27,2025-11-07,10,1.5807,0.1672437175697626,0.13501420748739262,False,True,True,False,False,True,1,middle,2025-10,4,high,0.003370261645702247,low,0.0002918015673230793,low,False,none,-0.002545016295907973,False,none,down,quiet,7-10 DTE,1.1968916353960186,1.1578573970093209,0.6459421334906618,0.8708698987903182,-0.9413577587235515,-0.43523205322266373,1.318821433955754,1.1540725160959793e-12,0.0,0.999999999998846,0.0,3.287679273822735e-11,0.999999999997692,0.0,0.0,0.0,0.0,0.0,0.0,0.0,0.0,0.0,0.0,0.0,0.0,1.0,0.0,0.0,0.0,0.0,0.0,0.09460020554804915,0.7878164141413762,-0.2271109713304833,-0.40760782424561015,0.2792088131643678,0.5357723819554743,-0.10606740456727652,0.6698316419953395,-0.2659989722902857,-0.46250207334043286,-1.0822499658225562,1.2792878778038843,True,0.02524620786289147,False,True,0.04082746771308721,0.04082746771308721,0.01952821324743671,0.015581259850195737,0.044878325771219245,-0.012565764055113733,0.044878325771219245,2.2981275962260344,False,False,False,False,surprise-1_5-f97a68780c78721124f44534,AAOI|2025-10-28|24,24,2025-10-28 15:30:00+00:00,2025-10-28 15:30:00+00:00,1,"[""AAOI|2025-10-28|24""]",False,2.2981275962260344,True,2025-10-28 15:45:00+00:00,one_per_stock_session,1.5,excursion_sigma_ratio_15m >= 1.5,,,,,,,,,,
APLD|2025-09-09|34,APLD,2025-09-09,stress,34,2025-09-09 16:15:00+00:00,2025-09-09 16:20:00+00:00,2025-09-09 16:20:00+00:00,0.06666666666666667,15,2025-09-08,2025-09-08,2025-09-19,10,0.77335,0.14271024055745815,0.13576631430095265,False,True,True,False,True,True,1,late,2025-09,2,low,0.004470884276405311,high,0.0004903091796201775,low,False,none,-0.0014668052761206039,False,none,down,quiet,7-10 DTE,-0.1729092429091281,-0.11615446534033963,0.11128842120225602,-0.4243706187138071,-0.6403588134403011,-0.36665781386821866,-0.35242426382929565,0.9996164073816859,0.0,0.0003835926183141274,0.0,0.003400831513649987,0.9992328147633718,0.0,0.0,0.0,0.0,0.0,0.0,0.0,0.0,0.0,0.0,0.0,0.0,0.0,0.0,0.0,0.0,0.0,1.0,0.17470704975807064,-0.3076665321683871,-0.22065509107930587,-0.1888044285126343,0.47386084723887584,-0.34902901991518687,-0.6414864347255569,-0.5156730324016615,-0.6346917110973925,-0.20175217077801333,-0.5132548367213002,0.756129308718904,True,0.00930600440123315,False,True,0.016929062100447975,0.016929062100447975,0.00955408598399771,0.007623057699214825,0.020690324998058097,-0.0020928505055352177,0.020690324998058097,2.1655996220409834,False,False,False,False,surprise-1_5-f1d13741523f01e01c193cce,APLD|2025-09-09|34,34,2025-09-09 16:20:00+00:00,2025-09-09 16:20:00+00:00,1,"[""APLD|2025-09-09|34""]",False,2.1655996220409834,True,2025-09-09 16:35:00+00:00,one_per_stock_session,1.5,excursion_sigma_ratio_15m >= 1.5,,,,,,,,,,
IONQ|2025-12-10|34,IONQ,2025-12-10,stress,34,2025-12-10 17:15:00+00:00,2025-12-10 17:20:00+00:00,2025-12-10 17:20:00+00:00,0.06666666666666667,15,2025-12-09,2025-12-09,2025-12-19,9,0.942,0.14258089350822703,0.12946711928909424,False,True,True,False,True,True,1,late,2025-12,3,high,0.002629066418664017,low,0.0001568418651580452,low,False,none,0.0010600888809461518,False,none,up,quiet,7-10 DTE,-0.11988870436013155,-0.1997044485046125,-0.004285901265353331,-0.2572839291156884,-0.09322673620663904,-0.5090084186820316,-0.12389719438794082,0.9998632526642622,0.0,0.0001367473357377406,0.0,0.0013534303936943758,0.9997265053285245,0.0,0.0,0.0,0.0,0.0,0.0,0.0,0.0,0.0,0.0,0.0,0.0,0.0,0.0,0.0,0.0,0.0,1.0,-0.3286377410188625,0.005458995039672908,0.3966504900652288,-0.11388243054608248,-0.6833320658031161,-0.12174381551935733,0.394507357790447,-0.016584154556301856,-0.2766508162290089,-0.3115195116010508,-0.7136939431282364,0.8277478989853163,True,0.006622329412369362,False,True,0.01590780216424156,-0.01590780216424156,0.011637614271579288,0.009285472751872198,0.0,-0.019802646425782687,0.019802646425782687,1.701607044361486,False,False,False,False,surprise-1_5-08dfb0e63fff668108f26537,IONQ|2025-12-10|34,34,2025-12-10 17:20:00+00:00,2025-12-10 17:20:00+00:00,1,"[""IONQ|2025-12-10|34""]",False,1.701607044361486,False,2025-12-10 17:35:00+00:00,one_per_stock_session,1.5,excursion_sigma_ratio_15m >= 1.5,,,,,,,,,,
MRNA|2025-12-31|24,MRNA,2025-12-31,stress,24,2025-12-31 16:25:00+00:00,2025-12-31 16:30:00+00:00,2025-12-31 16:30:00+00:00,0.06666666666666667,15,2025-12-30,2025-12-30,2026-01-09,9,0.45399999999999996,0.22306107883497803,0.13064868551774622,False,True,True,False,False,False,1,middle,2025-12,1,low,0.0027371021717143623,low,0.00016211229227385161,low,False,none,-0.0034968861007649873,False,none,down,quiet,7-10 DTE,-0.7992027570918343,-0.746790404554253,0.09605645435585813,-0.08468593278102662,0.3861588527265837,-0.07467035276350029,-0.21841521479069714,0.9999606925037812,0.0,3.930749621895663e-05,0.0,0.0004380457118607494,0.9999213850075622,0.0,0.0,0.0,0.0,0.0,0.0,0.0,0.0,0.0,0.0,0.0,0.0,1.0,0.0,0.0,0.0,0.0,0.0,-1.2959870663958386,0.9611031513746534,-0.7474749963559004,-0.19879789414477983,0.31642016811627793,-0.37779632744229413,-1.327587470735655,-0.5477429704667176,-0.6552429838981408,-0.9997778931400308,-0.3233848820221036,0.5043544237944181,True,0.0031063733023445235,False,True,0.007581537452397579,-0.007581537452397579,0.0056087864960689985,0.004475164150053055,0.00033559322912036756,-0.008681448745654111,0.008681448745654111,1.5478301322738532,False,False,False,False,surprise-1_5-eca27d0c0bda375078d2ad64,MRNA|2025-12-31|24,24,2025-12-31 16:30:00+00:00,2025-12-31 16:30:00+00:00,1,"[""MRNA|2025-12-31|24""]",False,1.5478301322738532,False,2025-12-31 16:45:00+00:00,one_per_stock_session,1.5,excursion_sigma_ratio_15m >= 1.5,,,,,,,,,,
MSTR|2025-09-16|26,MSTR,2025-09-16,stress,26,2025-09-16 15:35:00+00:00,2025-09-16 15:40:00+00:00,2025-09-16 15:40:00+00:00,0.06666666666666667,15,2025-09-15,2025-09-15,2025-09-26,10,0.49445,0.1958148543249267,0.12532943541966501,False,True,True,False,False,False,1,late,2025-09,1,low,0.0006223349083035023,low,0.0001633123407156612,low,False,none,-0.003684300115374251,False,none,down,quiet,7-10 DTE,-0.5547734235202687,-0.4192606526134786,0.28051530579700296,-0.34668225597145397,-0.5687165689793791,-1.2548138290293973,-0.3040399087063452,0.9996866680745542,0.0,0.0003133319254457081,0.0,0.002841322344937359,0.9993733361491085,0.0,0.0,0.0,0.0,0.0,0.0,0.0,0.0,0.0,0.0,0.0,0.0,0.0,1.0,0.0,0.0,0.0,0.0,-1.12997385074494,-0.7096853260104421,-1.711689355276785,-1.3920603734085186,-0.3614918890560863,-0.36513987913021817,-0.6250404742440724,0.6720217328687179,-0.03999549915651198,0.8675179518790268,-0.5385014352670019,0.2005718089893835,True,0.004423055009770721,False,True,0.009296942485527843,0.009296942485527843,0.0061085120770513575,0.0048738874757571216,0.011838115461186254,-0.0008564232846264833,0.011838115461186254,1.9379703780437911,False,False,False,False,surprise-1_5-574b525f74633d2a5e1256d1,MSTR|2025-09-16|26,26,2025-09-16 15:40:00+00:00,2025-09-16 15:40:00+00:00,1,"[""MSTR|2025-09-16|26""]",False,1.9379703780437911,False,2025-09-16 15:55:00+00:00,one_per_stock_session,1.5,excursion_sigma_ratio_15m >= 1.5,,,,,,,,,,
MSTR|2025-09-24|26,MSTR,2025-09-24,stress,26,2025-09-24 15:35:00+00:00,2025-09-24 15:40:00+00:00,2025-09-24 15:40:00+00:00,0.06666666666666667,15,2025-09-23,2025-09-23,2025-10-03,9,0.51515,0.18334779873871868,0.12560639387876946,False,True,True,False,False,True,1,late,2025-09,1,low,0.0012235200723388262,low,0.0004555641743966631,low,False,none,-0.003716233914920805,False,none,down,quiet,7-10 DTE,-0.40448712242773,-0.21384763959576036,0.20840233528425922,-0.12721543206312752,-0.3405562486183686,-1.3748039090726927,-0.21771870023959203,0.9995971321819007,0.0,0.0004028678180992153,0.0,0.0035519649269675152,0.9991942643638015,0.0,0.0,0.0,0.0,0.0,0.0,0.0,0.0,0.0,0.0,0.0,0.0,0.0,1.0,0.0,0.0,0.0,0.0,-0.940531202363673,0.5542398257153486,-1.3179795783513892,-1.1979551901809036,-0.4742906318279766,-0.33263779660363774,-0.8252370542473212,-0.184517902342959,-0.35375256256176724,0.07856015721597993,-0.2541915308730672,0.460541352628917,True,0.002075110236676908,False,True,0.007153041540421031,-0.007153041540421031,0.006364243091299438,0.005077931303744123,0.0004760577433631774,-0.01116254357121365,0.01116254357121365,1.7539467630832684,False,False,False,False,surprise-1_5-08bd24eb5d679d0d8b7043a5,MSTR|2025-09-24|26,26,2025-09-24 15:40:00+00:00,2025-09-24 15:40:00+00:00,1,"[""MSTR|2025-09-24|26""]",False,1.7539467630832684,False,2025-09-24 15:55:00+00:00,one_per_stock_session,1.5,excursion_sigma_ratio_15m >= 1.5,,,,,,,,,,
RIVN|2025-09-11|34,RIVN,2025-09-11,stress,34,2025-09-11 16:15:00+00:00,2025-09-11 16:20:00+00:00,2025-09-11 16:20:00+00:00,0.06666666666666667,15,2025-09-10,2025-09-10,2025-09-19,8,0.58235,0.12597859111606574,0.1312521738596084,False,True,True,True,True,True,1,late,2025-09,1,low,0.0022005407456945876,low,0.00040888929483097957,low,False,none,0.005420250216249423,False,none,up,quiet,7-10 DTE,-0.3253379320481791,-0.16010475621663867,-0.1427707475430219,-0.27735328147054394,-0.0648218839777858,-0.32854186369572785,-0.10781760387010701,0.9998973513465343,0.0,0.00010264865346559659,0.0,0.0010453889974146513,0.9997947026930688,0.0,0.0,0.0,0.0,0.0,0.0,0.0,0.0,0.0,0.0,0.0,0.0,0.0,0.0,0.0,0.0,0.0,1.0,-0.12656687902132885,0.563220777624454,-0.45369162972946037,-0.13180982756720708,-0.5201139299638774,0.3474063356147406,-0.27554410662208645,0.860288117338222,-0.41583327076079885,0.18905868828239228,0.9748648931575106,-0.8880360006533957,True,0.0035978686425193656,False,True,0.009338203097989403,-0.009338203097989403,0.007194442325959872,0.005740334455470037,0.0010315284061142714,-0.01141683470987852,0.01141683470987852,1.58689641128903,False,False,False,False,surprise-1_5-392a0fe7717489111079cea1,RIVN|2025-09-11|34,34,2025-09-11 16:20:00+00:00,2025-09-11 16:20:00+00:00,1,"[""RIVN|2025-09-11|34""]",False,1.58689641128903,False,2025-09-11 16:35:00+00:00,one_per_stock_session,1.5,excursion_sigma_ratio_15m >= 1.5,,,,,,,,,,
SMCI|2025-09-30|34,SMCI,2025-09-30,stress,34,2025-09-30 16:15:00+00:00,2025-09-30 16:20:00+00:00,2025-09-30 16:20:00+00:00,0.06666666666666667,15,2025-09-29,2025-09-29,2025-10-10,10,0.60605,0.15839277352802134,0.13251724835747783,False,True,True,False,False,True,1,late,2025-09,1,low,0.0010827699674532322,low,0.0003179038853542786,low,False,none,-0.0008875396820250076,False,none,down,quiet,7-10 DTE,-0.12484591682403534,0.11771589486499609,0.12900015428185063,-0.43996255274302776,0.4401865355919006,0.2737719375301323,-0.35842128254632605,0.9995729002022615,0.0,0.0004270997977383828,0.0,0.003740659306196499,0.9991458004045232,0.0,0.0,0.0,0.0,0.0,0.0,0.0,0.0,0.0,0.0,0.0,0.0,0.0,0.0,0.0,0.0,0.0,1.0,-0.2094123044290356,-0.10481865259069678,-0.35744076267834723,-0.9847286074677685,-0.07962314169566179,1.2288898131000743,0.15072377388996627,-1.7780091924558987,-0.6896243794434865,-1.9926314563332974,-0.472297831400611,0.614492459400866,True,0.003685911370950026,False,True,0.009659861223680542,0.009659861223680542,0.007487235806041006,0.005973949852730516,0.013622782333784311,-0.00031655147540814675,0.013622782333784311,1.8194675157650877,False,False,False,False,surprise-1_5-19c4bec9c73340598225e8c5,SMCI|2025-09-30|34,34,2025-09-30 16:20:00+00:00,2025-09-30 16:20:00+00:00,1,"[""SMCI|2025-09-30|34""]",False,1.8194675157650877,False,2025-09-30 16:35:00+00:00,one_per_stock_session,1.5,excursion_sigma_ratio_15m >= 1.5,,,,,,,,,,
SOFI|2025-09-24|24,SOFI,2025-09-24,stress,24,2025-09-24 15:25:00+00:00,2025-09-24 15:30:00+00:00,2025-09-24 15:30:00+00:00,0.06666666666666667,15,2025-09-23,2025-09-23,2025-10-03,9,0.6279,0.16593847474870452,0.12881577728921306,False,True,True,False,False,True,1,middle,2025-09,1,low,0.0017437540269248384,low,0.00036021501701046676,low,False,none,-0.0032280596224305153,False,none,down,quiet,7-10 DTE,-0.18548246359899054,0.005632611713635105,0.11962030331502879,-0.448953063090522,0.28723159845330476,-0.1234425674506501,-0.36114940736554907,0.9997449895728817,0.0,0.0002550104271181868,0.0,0.0023649867466806924,0.9994899791457635,0.0,0.0,0.0,0.0,0.0,0.0,0.0,0.0,0.0,0.0,0.0,0.0,1.0,0.0,0.0,0.0,0.0,0.0,-0.7056528618990571,-0.1617326315917255,-0.8246680667530063,-0.2721151334719763,0.4397629935905019,-0.6687809732668459,0.29307410841003856,0.863300792195136,-0.37476088936028984,0.31316147414706696,-1.0735090414361486,0.5557153632699027,True,0.0063062240384163335,False,True,0.01249555348735535,-0.01249555348735535,0.0077571740988584235,0.0061893294489390165,0.0,-0.014140604650151515,0.014140604650151515,1.8229067013475428,False,False,False,False,surprise-1_5-e760ce98fb440040791d1590,SOFI|2025-09-24|24,24,2025-09-24 15:30:00+00:00,2025-09-24 15:30:00+00:00,1,"[""SOFI|2025-09-24|24""]",False,1.8229067013475428,False,2025-09-24 15:45:00+00:00,one_per_stock_session,1.5,excursion_sigma_ratio_15m >= 1.5,,,,,,,,,,
SOFI|2025-10-14|32,SOFI,2025-10-14,stress,32,2025-10-14 16:05:00+00:00,2025-10-14 16:10:00+00:00,2025-10-14 16:10:00+00:00,0.06666666666666667,15,2025-10-13,2025-10-13,2025-10-24,10,0.70885,0.11532226186829236,0.12274249718247585,False,True,True,True,True,True,1,late,2025-10,2,low,0.004088694962243576,low,0.00101375431649073,high,False,none,0.007627554392766696,False,none,up,active,7-10 DTE,-0.06467776777716244,0.10856280972767118,-0.19459686858607322,-0.4663541192223531,0.5404272500757473,-0.4137005001875404,-0.1637306586602927,0.9996797075935234,0.0,0.0003202924064765515,0.0,0.002897402277595086,0.9993594151870469,0.0,0.0,0.0,0.0,0.0,0.0,0.0,0.0,0.0,0.0,0.0,0.0,0.0,0.0,0.0,0.0,1.0,0.0,-0.28730366589820383,0.5333555963633968,0.952952399889535,1.6258723445813983,2.021399791386028,0.4358850586848115,-1.101759644449232,-0.6600661319063613,-0.6903981042325513,-0.3791827641403991,0.5507276617668282,-0.5338678118631557,True,0.004191717481172444,False,True,0.011178986441007484,0.011178986441007484,0.008757242968587025,0.00698726895983504,0.014447556747714987,-0.00015822825881192662,0.014447556747714987,1.6497837045163435,False,False,False,False,surprise-1_5-e71284905e468c00cd43aa1b,SOFI|2025-10-14|32,32,2025-10-14 16:10:00+00:00,2025-10-14 16:10:00+00:00,1,"[""SOFI|2025-10-14|32""]",False,1.6497837045163435,False,2025-10-14 16:25:00+00:00,one_per_stock_session,1.5,excursion_sigma_ratio_15m >= 1.5,,,,,,,,,,
AAOI|2025-10-28|24,AAOI,2025-10-28,stress,24,2025-10-28 15:25:00+00:00,2025-10-28 15:30:00+00:00,2025-10-28 15:30:00+00:00,0.06666666666666667,15,2025-10-27,2025-10-27,2025-11-07,10,1.5807,0.1672437175697626,0.13501420748739262,False,True,True,False,False,True,1,middle,2025-10,4,high,0.003370261645702247,low,0.0002918015673230793,low,False,none,-0.002545016295907973,False,none,down,quiet,7-10 DTE,1.1968916353960186,1.1578573970093209,0.6459421334906618,0.8708698987903182,-0.9413577587235515,-0.43523205322266373,1.318821433955754,1.1540725160959793e-12,0.0,0.999999999998846,0.0,3.287679273822735e-11,0.999999999997692,0.0,0.0,0.0,0.0,0.0,0.0,0.0,0.0,0.0,0.0,0.0,0.0,1.0,0.0,0.0,0.0,0.0,0.0,0.09460020554804915,0.7878164141413762,-0.2271109713304833,-0.40760782424561015,0.2792088131643678,0.5357723819554743,-0.10606740456727652,0.6698316419953395,-0.2659989722902857,-0.46250207334043286,-1.0822499658225562,1.2792878778038843,True,0.02524620786289147,False,True,0.04082746771308721,0.04082746771308721,0.01952821324743671,0.015581259850195737,0.044878325771219245,-0.012565764055113733,0.044878325771219245,2.2981275962260344,False,False,False,False,surprise-2_0-055fd9caa7fb4df509d8c600,AAOI|2025-10-28|24,24,2025-10-28 15:30:00+00:00,2025-10-28 15:30:00+00:00,1,"[""AAOI|2025-10-28|24""]",False,2.2981275962260344,True,2025-10-28 15:45:00+00:00,one_per_stock_session,2.0,excursion_sigma_ratio_15m >= 2.0,,,,,,,,,,
APLD|2025-09-09|34,APLD,2025-09-09,stress,34,2025-09-09 16:15:00+00:00,2025-09-09 16:20:00+00:00,2025-09-09 16:20:00+00:00,0.06666666666666667,15,2025-09-08,2025-09-08,2025-09-19,10,0.77335,0.14271024055745815,0.13576631430095265,False,True,True,False,True,True,1,late,2025-09,2,low,0.004470884276405311,high,0.0004903091796201775,low,False,none,-0.0014668052761206039,False,none,down,quiet,7-10 DTE,-0.1729092429091281,-0.11615446534033963,0.11128842120225602,-0.4243706187138071,-0.6403588134403011,-0.36665781386821866,-0.35242426382929565,0.9996164073816859,0.0,0.0003835926183141274,0.0,0.003400831513649987,0.9992328147633718,0.0,0.0,0.0,0.0,0.0,0.0,0.0,0.0,0.0,0.0,0.0,0.0,0.0,0.0,0.0,0.0,0.0,1.0,0.17470704975807064,-0.3076665321683871,-0.22065509107930587,-0.1888044285126343,0.47386084723887584,-0.34902901991518687,-0.6414864347255569,-0.5156730324016615,-0.6346917110973925,-0.20175217077801333,-0.5132548367213002,0.756129308718904,True,0.00930600440123315,False,True,0.016929062100447975,0.016929062100447975,0.00955408598399771,0.007623057699214825,0.020690324998058097,-0.0020928505055352177,0.020690324998058097,2.1655996220409834,False,False,False,False,surprise-2_0-d65d469749214fb565641891,APLD|2025-09-09|34,34,2025-09-09 16:20:00+00:00,2025-09-09 16:20:00+00:00,1,"[""APLD|2025-09-09|34""]",False,2.1655996220409834,True,2025-09-09 16:35:00+00:00,one_per_stock_session,2.0,excursion_sigma_ratio_15m >= 2.0,,,,,,,,,,
