symbol,option_date,roles,strategies,signal_sessions,cached_canonical_rows,complete_required_chain_cached,gap_reason
AAL,2024-01-31,contract_preselection,S1,1,0,False,exact_symbol_date_chain_absent
AAL,2024-01-31,contract_preselection,S3,1,0,False,exact_symbol_date_chain_absent
AAL,2024-02-01,entry_quote,S1,1,0,False,exact_symbol_date_chain_absent
AAL,2024-02-01,entry_quote,S3,1,0,False,exact_symbol_date_chain_absent
AAL,2024-02-02,exit_quote,S1,1,0,False,exact_symbol_date_chain_absent
AAL,2024-02-02,exit_quote,S3,1,0,False,exact_symbol_date_chain_absent
AAL,2024-02-05,contract_preselection,S1,1,0,False,exact_symbol_date_chain_absent
AAL,2024-02-05,contract_preselection,S3,1,0,False,exact_symbol_date_chain_absent
AAL,2024-02-06,entry_quote,S1,1,0,False,exact_symbol_date_chain_absent
AAL,2024-02-06,entry_quote,S3,1,0,False,exact_symbol_date_chain_absent
AAL,2024-02-07,exit_quote,S1,1,0,False,exact_symbol_date_chain_absent
AAL,2024-02-07,exit_quote,S3,1,0,False,exact_symbol_date_chain_absent
AAL,2024-02-13,contract_preselection,S1,1,0,False,exact_symbol_date_chain_absent
AAL,2024-02-13,contract_preselection,S3,1,0,False,exact_symbol_date_chain_absent
AAL,2024-02-14,entry_quote,S1,1,0,False,exact_symbol_date_chain_absent
AAL,2024-02-14,entry_quote,S3,1,0,False,exact_symbol_date_chain_absent
AAL,2024-02-15,exit_quote,S1,1,0,False,exact_symbol_date_chain_absent
AAL,2024-02-15,exit_quote,S3,1,0,False,exact_symbol_date_chain_absent
AAL,2024-02-26,contract_preselection,S1,1,0,False,exact_symbol_date_chain_absent
AAL,2024-02-26,contract_preselection,S3,1,0,False,exact_symbol_date_chain_absent
AAL,2024-02-27,entry_quote,S1,1,0,False,exact_symbol_date_chain_absent
AAL,2024-02-27,entry_quote,S3,1,0,False,exact_symbol_date_chain_absent
AAL,2024-02-28,exit_quote,S1,1,0,False,exact_symbol_date_chain_absent
AAL,2024-02-28,exit_quote,S3,1,0,False,exact_symbol_date_chain_absent
AAL,2024-03-06,contract_preselection,S1,1,0,False,exact_symbol_date_chain_absent
AAL,2024-03-06,contract_preselection,S3,1,0,False,exact_symbol_date_chain_absent
AAL,2024-03-07,entry_quote,S1,1,0,False,exact_symbol_date_chain_absent
AAL,2024-03-07,entry_quote,S3,1,0,False,exact_symbol_date_chain_absent
AAL,2024-03-08,exit_quote,S1,1,0,False,exact_symbol_date_chain_absent
AAL,2024-03-08,exit_quote,S3,1,0,False,exact_symbol_date_chain_absent
AAL,2024-03-21,contract_preselection,S1,1,0,False,exact_symbol_date_chain_absent
AAL,2024-03-21,contract_preselection,S3,1,0,False,exact_symbol_date_chain_absent
AAL,2024-03-22,entry_quote,S1,1,0,False,exact_symbol_date_chain_absent
AAL,2024-03-22,entry_quote,S3,1,0,False,exact_symbol_date_chain_absent
AAL,2024-03-25,exit_quote,S1,1,0,False,exact_symbol_date_chain_absent
AAL,2024-03-25,exit_quote,S3,1,0,False,exact_symbol_date_chain_absent
AAL,2024-04-04,contract_preselection,S1,1,0,False,exact_symbol_date_chain_absent
AAL,2024-04-04,contract_preselection,S3,1,0,False,exact_symbol_date_chain_absent
AAL,2024-04-05,entry_quote,S1,1,0,False,exact_symbol_date_chain_absent
AAL,2024-04-05,entry_quote,S3,1,0,False,exact_symbol_date_chain_absent
AAL,2024-04-08,exit_quote,S1,1,0,False,exact_symbol_date_chain_absent
AAL,2024-04-08,exit_quote,S3,1,0,False,exact_symbol_date_chain_absent
AAL,2024-04-11,contract_preselection,S1,1,0,False,exact_symbol_date_chain_absent
AAL,2024-04-11,contract_preselection,S3,1,0,False,exact_symbol_date_chain_absent
AAL,2024-04-12,entry_quote,S1,1,0,False,exact_symbol_date_chain_absent
AAL,2024-04-12,entry_quote,S3,1,0,False,exact_symbol_date_chain_absent
AAL,2024-04-15,exit_quote,S1,1,0,False,exact_symbol_date_chain_absent
AAL,2024-04-15,exit_quote,S3,1,0,False,exact_symbol_date_chain_absent
AAL,2024-04-18,contract_preselection,S1,1,0,False,exact_symbol_date_chain_absent
AAL,2024-04-18,contract_preselection,S3,1,0,False,exact_symbol_date_chain_absent
AAL,2024-04-19,contract_preselection;entry_quote,S1,2,0,False,exact_symbol_date_chain_absent
AAL,2024-04-19,contract_preselection;entry_quote,S3,2,0,False,exact_symbol_date_chain_absent
AAL,2024-04-22,entry_quote;exit_quote,S1,2,0,False,exact_symbol_date_chain_absent
AAL,2024-04-22,entry_quote;exit_quote,S3,2,0,False,exact_symbol_date_chain_absent
AAL,2024-04-23,exit_quote,S1,1,0,False,exact_symbol_date_chain_absent
AAL,2024-04-23,exit_quote,S3,1,0,False,exact_symbol_date_chain_absent
AAL,2024-04-26,contract_preselection,S1,1,0,False,exact_symbol_date_chain_absent
AAL,2024-04-26,contract_preselection,S3,1,0,False,exact_symbol_date_chain_absent
AAL,2024-04-29,entry_quote,S1,1,0,False,exact_symbol_date_chain_absent
AAL,2024-04-29,entry_quote,S3,1,0,False,exact_symbol_date_chain_absent
AAL,2024-04-30,exit_quote,S1,1,0,False,exact_symbol_date_chain_absent
AAL,2024-04-30,exit_quote,S3,1,0,False,exact_symbol_date_chain_absent
AAL,2024-05-01,contract_preselection,S1,1,0,False,exact_symbol_date_chain_absent
AAL,2024-05-01,contract_preselection,S3,1,0,False,exact_symbol_date_chain_absent
AAL,2024-05-02,entry_quote,S1,1,0,False,exact_symbol_date_chain_absent
AAL,2024-05-02,entry_quote,S3,1,0,False,exact_symbol_date_chain_absent
AAL,2024-05-03,exit_quote,S1,1,0,False,exact_symbol_date_chain_absent
AAL,2024-05-03,exit_quote,S3,1,0,False,exact_symbol_date_chain_absent
AAL,2024-05-10,contract_preselection,S1,1,0,False,exact_symbol_date_chain_absent
AAL,2024-05-10,contract_preselection,S3,1,0,False,exact_symbol_date_chain_absent
AAL,2024-05-13,entry_quote,S1,1,0,False,exact_symbol_date_chain_absent
AAL,2024-05-13,entry_quote,S3,1,0,False,exact_symbol_date_chain_absent
AAL,2024-05-14,exit_quote,S1,1,0,False,exact_symbol_date_chain_absent
AAL,2024-05-14,exit_quote,S3,1,0,False,exact_symbol_date_chain_absent
AAL,2024-05-22,contract_preselection,S1,1,0,False,exact_symbol_date_chain_absent
AAL,2024-05-22,contract_preselection,S3,1,0,False,exact_symbol_date_chain_absent
AAL,2024-05-23,contract_preselection;entry_quote,S1,2,0,False,exact_symbol_date_chain_absent
AAL,2024-05-23,contract_preselection;entry_quote,S3,2,0,False,exact_symbol_date_chain_absent
AAL,2024-05-24,contract_preselection;entry_quote;exit_quote,S1,3,0,False,exact_symbol_date_chain_absent
AAL,2024-05-24,contract_preselection;entry_quote;exit_quote,S3,3,0,False,exact_symbol_date_chain_absent
AAL,2024-05-28,entry_quote;exit_quote,S1,2,0,False,exact_symbol_date_chain_absent
AAL,2024-05-28,entry_quote;exit_quote,S3,2,0,False,exact_symbol_date_chain_absent
AAL,2024-05-29,contract_preselection;exit_quote,S1,2,0,False,exact_symbol_date_chain_absent
AAL,2024-05-29,contract_preselection;exit_quote,S3,2,0,False,exact_symbol_date_chain_absent
AAL,2024-05-30,entry_quote,S1,1,0,False,exact_symbol_date_chain_absent
AAL,2024-05-30,entry_quote,S3,1,0,False,exact_symbol_date_chain_absent
AAL,2024-05-31,exit_quote,S1,1,0,False,exact_symbol_date_chain_absent
AAL,2024-05-31,exit_quote,S3,1,0,False,exact_symbol_date_chain_absent
AAL,2024-06-18,contract_preselection,S1,1,0,False,exact_symbol_date_chain_absent
AAL,2024-06-18,contract_preselection,S3,1,0,False,exact_symbol_date_chain_absent
AAL,2024-06-20,entry_quote,S1,1,0,False,exact_symbol_date_chain_absent
AAL,2024-06-20,entry_quote,S3,1,0,False,exact_symbol_date_chain_absent
AAL,2024-06-21,exit_quote,S1,1,0,False,exact_symbol_date_chain_absent
AAL,2024-06-21,exit_quote,S3,1,0,False,exact_symbol_date_chain_absent
AAL,2024-06-24,contract_preselection,S1,1,0,False,exact_symbol_date_chain_absent
AAL,2024-06-24,contract_preselection,S3,1,0,False,exact_symbol_date_chain_absent
AAL,2024-06-25,entry_quote,S1,1,0,False,exact_symbol_date_chain_absent
AAL,2024-06-25,entry_quote,S3,1,0,False,exact_symbol_date_chain_absent
AAL,2024-06-26,exit_quote,S1,1,0,False,exact_symbol_date_chain_absent
AAL,2024-06-26,exit_quote,S3,1,0,False,exact_symbol_date_chain_absent
AAL,2024-06-27,contract_preselection,S1,1,0,False,exact_symbol_date_chain_absent
AAL,2024-06-27,contract_preselection,S3,1,0,False,exact_symbol_date_chain_absent
AAL,2024-06-28,contract_preselection;entry_quote,S1,2,0,False,exact_symbol_date_chain_absent
AAL,2024-06-28,contract_preselection;entry_quote,S3,2,0,False,exact_symbol_date_chain_absent
AAL,2024-07-01,entry_quote;exit_quote,S1,2,0,False,exact_symbol_date_chain_absent
AAL,2024-07-01,entry_quote;exit_quote,S3,2,0,False,exact_symbol_date_chain_absent
AAL,2024-07-02,exit_quote,S1,1,0,False,exact_symbol_date_chain_absent
AAL,2024-07-02,exit_quote,S3,1,0,False,exact_symbol_date_chain_absent
AAL,2024-07-05,contract_preselection,S1,1,0,False,exact_symbol_date_chain_absent
AAL,2024-07-05,contract_preselection,S3,1,0,False,exact_symbol_date_chain_absent
AAL,2024-07-08,entry_quote,S1,1,0,False,exact_symbol_date_chain_absent
AAL,2024-07-08,entry_quote,S3,1,0,False,exact_symbol_date_chain_absent
AAL,2024-07-09,exit_quote,S1,1,0,False,exact_symbol_date_chain_absent
AAL,2024-07-09,exit_quote,S3,1,0,False,exact_symbol_date_chain_absent
AAL,2024-07-26,contract_preselection,S1,1,0,False,exact_symbol_date_chain_absent
AAL,2024-07-26,contract_preselection,S3,1,0,False,exact_symbol_date_chain_absent
AAL,2024-07-29,entry_quote,S1,1,0,False,exact_symbol_date_chain_absent
AAL,2024-07-29,entry_quote,S3,1,0,False,exact_symbol_date_chain_absent
AAL,2024-07-30,exit_quote,S1,1,0,False,exact_symbol_date_chain_absent
AAL,2024-07-30,exit_quote,S3,1,0,False,exact_symbol_date_chain_absent
AAL,2024-07-31,contract_preselection,S1,1,0,False,exact_symbol_date_chain_absent
AAL,2024-07-31,contract_preselection,S3,1,0,False,exact_symbol_date_chain_absent
AAL,2024-08-01,entry_quote,S1,1,0,False,exact_symbol_date_chain_absent
AAL,2024-08-01,entry_quote,S3,1,0,False,exact_symbol_date_chain_absent
AAL,2024-08-02,exit_quote,S1,1,0,False,exact_symbol_date_chain_absent
AAL,2024-08-02,exit_quote,S3,1,0,False,exact_symbol_date_chain_absent
AAL,2024-08-21,contract_preselection,S1,1,0,False,exact_symbol_date_chain_absent
AAL,2024-08-21,contract_preselection,S3,1,0,False,exact_symbol_date_chain_absent
AAL,2024-08-22,contract_preselection;entry_quote,S1,2,0,False,exact_symbol_date_chain_absent
AAL,2024-08-22,contract_preselection;entry_quote,S3,2,0,False,exact_symbol_date_chain_absent
AAL,2024-08-23,entry_quote;exit_quote,S1,2,0,False,exact_symbol_date_chain_absent
AAL,2024-08-23,entry_quote;exit_quote,S3,2,0,False,exact_symbol_date_chain_absent
AAL,2024-08-26,exit_quote,S1,1,0,False,exact_symbol_date_chain_absent
AAL,2024-08-26,exit_quote,S3,1,0,False,exact_symbol_date_chain_absent
AAL,2024-09-10,contract_preselection,S1,1,0,False,exact_symbol_date_chain_absent
AAL,2024-09-10,contract_preselection,S3,1,0,False,exact_symbol_date_chain_absent
AAL,2024-09-11,entry_quote,S1,1,0,False,exact_symbol_date_chain_absent
AAL,2024-09-11,entry_quote,S3,1,0,False,exact_symbol_date_chain_absent
AAL,2024-09-12,exit_quote,S1,1,0,False,exact_symbol_date_chain_absent
AAL,2024-09-12,exit_quote,S3,1,0,False,exact_symbol_date_chain_absent
AAL,2024-10-07,contract_preselection,S1,1,1,False,S1_bounded_chain_coverage_absent
AAL,2024-10-07,contract_preselection,S3,1,1,False,S3_bounded_chain_coverage_absent
AAL,2024-10-08,contract_preselection;entry_quote,S1,2,1,False,S1_bounded_chain_coverage_absent
AAL,2024-10-08,contract_preselection;entry_quote,S3,2,1,False,S3_bounded_chain_coverage_absent
AAL,2024-10-09,entry_quote;exit_quote,S1,2,1,False,S1_bounded_chain_coverage_absent
AAL,2024-10-09,entry_quote;exit_quote,S3,2,1,False,S3_bounded_chain_coverage_absent
AAL,2024-10-10,exit_quote,S1,1,1,False,S1_bounded_chain_coverage_absent
AAL,2024-10-10,exit_quote,S3,1,1,False,S3_bounded_chain_coverage_absent
AAL,2024-10-16,contract_preselection,S1,1,0,False,exact_symbol_date_chain_absent
AAL,2024-10-16,contract_preselection,S3,1,0,False,exact_symbol_date_chain_absent
AAL,2024-10-17,entry_quote,S1,1,2,False,S1_bounded_chain_coverage_absent
AAL,2024-10-17,entry_quote,S3,1,2,False,S3_bounded_chain_coverage_absent
AAL,2024-10-18,exit_quote,S1,1,0,False,exact_symbol_date_chain_absent
AAL,2024-10-18,exit_quote,S3,1,0,False,exact_symbol_date_chain_absent
AAL,2024-10-23,contract_preselection,S1,1,2,False,S1_bounded_chain_coverage_absent
AAL,2024-10-23,contract_preselection,S3,1,2,False,S3_bounded_chain_coverage_absent
AAL,2024-10-24,entry_quote,S1,1,2,False,S1_bounded_chain_coverage_absent
AAL,2024-10-24,entry_quote,S3,1,2,False,S3_bounded_chain_coverage_absent
AAL,2024-10-25,contract_preselection;exit_quote,S1,2,0,False,exact_symbol_date_chain_absent
AAL,2024-10-25,contract_preselection;exit_quote,S3,2,0,False,exact_symbol_date_chain_absent
AAL,2024-10-28,entry_quote,S1,1,2,False,S1_bounded_chain_coverage_absent
AAL,2024-10-28,entry_quote,S3,1,2,False,S3_bounded_chain_coverage_absent
AAL,2024-10-29,contract_preselection;exit_quote,S1,2,2,False,S1_bounded_chain_coverage_absent
AAL,2024-10-29,contract_preselection;exit_quote,S3,2,2,False,S3_bounded_chain_coverage_absent
AAL,2024-10-30,contract_preselection;entry_quote,S1,2,2,False,S1_bounded_chain_coverage_absent
AAL,2024-10-30,contract_preselection;entry_quote,S3,2,2,False,S3_bounded_chain_coverage_absent
AAL,2024-10-31,contract_preselection;entry_quote;exit_quote,S1,3,2,False,S1_bounded_chain_coverage_absent
AAL,2024-10-31,contract_preselection;entry_quote;exit_quote,S3,3,2,False,S3_bounded_chain_coverage_absent
AAL,2024-11-01,contract_preselection;entry_quote;exit_quote,S1,3,0,False,exact_symbol_date_chain_absent
AAL,2024-11-01,contract_preselection;entry_quote;exit_quote,S3,3,0,False,exact_symbol_date_chain_absent
AAL,2024-11-04,entry_quote;exit_quote,S1,2,2,False,S1_bounded_chain_coverage_absent
AAL,2024-11-04,entry_quote;exit_quote,S3,2,2,False,S3_bounded_chain_coverage_absent
AAL,2024-11-05,exit_quote,S1,1,2,False,S1_bounded_chain_coverage_absent
AAL,2024-11-05,exit_quote,S3,1,2,False,S3_bounded_chain_coverage_absent
AAL,2024-11-07,contract_preselection,S1,1,2,False,S1_bounded_chain_coverage_absent
AAL,2024-11-07,contract_preselection,S3,1,2,False,S3_bounded_chain_coverage_absent
AAL,2024-11-08,entry_quote,S1,1,0,False,exact_symbol_date_chain_absent
AAL,2024-11-08,entry_quote,S3,1,0,False,exact_symbol_date_chain_absent
AAL,2024-11-11,exit_quote,S1,1,0,False,exact_symbol_date_chain_absent
AAL,2024-11-11,exit_quote,S3,1,0,False,exact_symbol_date_chain_absent
AAL,2024-11-21,contract_preselection,S1,1,0,False,exact_symbol_date_chain_absent
AAL,2024-11-21,contract_preselection,S3,1,0,False,exact_symbol_date_chain_absent
AAL,2024-11-22,entry_quote,S1,1,0,False,exact_symbol_date_chain_absent
AAL,2024-11-22,entry_quote,S3,1,0,False,exact_symbol_date_chain_absent
AAL,2024-11-25,exit_quote,S1,1,0,False,exact_symbol_date_chain_absent
AAL,2024-11-25,exit_quote,S3,1,0,False,exact_symbol_date_chain_absent
AAL,2024-11-29,contract_preselection,S1,1,0,False,exact_symbol_date_chain_absent
AAL,2024-11-29,contract_preselection,S3,1,0,False,exact_symbol_date_chain_absent
AAL,2024-12-02,entry_quote,S1,1,0,False,exact_symbol_date_chain_absent
AAL,2024-12-02,entry_quote,S3,1,0,False,exact_symbol_date_chain_absent
AAL,2024-12-03,contract_preselection;exit_quote,S1,2,0,False,exact_symbol_date_chain_absent
AAL,2024-12-03,contract_preselection;exit_quote,S3,2,0,False,exact_symbol_date_chain_absent
AAL,2024-12-04,entry_quote,S1,1,0,False,exact_symbol_date_chain_absent
AAL,2024-12-04,entry_quote,S3,1,0,False,exact_symbol_date_chain_absent
AAL,2024-12-05,exit_quote,S1,1,0,False,exact_symbol_date_chain_absent
AAL,2024-12-05,exit_quote,S3,1,0,False,exact_symbol_date_chain_absent
AAL,2024-12-19,contract_preselection,S1,1,0,False,exact_symbol_date_chain_absent
AAL,2024-12-19,contract_preselection,S3,1,0,False,exact_symbol_date_chain_absent
AAL,2024-12-20,entry_quote,S1,1,0,False,exact_symbol_date_chain_absent
AAL,2024-12-20,entry_quote,S3,1,0,False,exact_symbol_date_chain_absent
AAL,2024-12-23,exit_quote,S1,1,0,False,exact_symbol_date_chain_absent
AAL,2024-12-23,exit_quote,S3,1,0,False,exact_symbol_date_chain_absent
AAL,2024-12-27,contract_preselection,S1,1,0,False,exact_symbol_date_chain_absent
AAL,2024-12-27,contract_preselection,S3,1,0,False,exact_symbol_date_chain_absent
AAL,2024-12-30,entry_quote,S1,1,0,False,exact_symbol_date_chain_absent
AAL,2024-12-30,entry_quote,S3,1,0,False,exact_symbol_date_chain_absent
AAL,2024-12-31,exit_quote,S1,1,0,False,exact_symbol_date_chain_absent
AAL,2024-12-31,exit_quote,S3,1,0,False,exact_symbol_date_chain_absent
AAL,2025-01-17,contract_preselection,S1,1,0,False,exact_symbol_date_chain_absent
AAL,2025-01-17,contract_preselection,S3,1,0,False,exact_symbol_date_chain_absent
AAL,2025-01-21,entry_quote,S1,1,0,False,exact_symbol_date_chain_absent
AAL,2025-01-21,entry_quote,S3,1,0,False,exact_symbol_date_chain_absent
AAL,2025-01-22,exit_quote,S1,1,0,False,exact_symbol_date_chain_absent
AAL,2025-01-22,exit_quote,S3,1,0,False,exact_symbol_date_chain_absent
AAL,2025-01-31,contract_preselection,S1,1,0,False,exact_symbol_date_chain_absent
AAL,2025-01-31,contract_preselection,S3,1,0,False,exact_symbol_date_chain_absent
AAL,2025-02-03,contract_preselection;entry_quote,S1,2,0,False,exact_symbol_date_chain_absent
AAL,2025-02-03,contract_preselection;entry_quote,S3,2,0,False,exact_symbol_date_chain_absent
AAL,2025-02-04,entry_quote;exit_quote,S1,2,0,False,exact_symbol_date_chain_absent
AAL,2025-02-04,entry_quote;exit_quote,S3,2,0,False,exact_symbol_date_chain_absent
AAL,2025-02-05,exit_quote,S1,1,0,False,exact_symbol_date_chain_absent
AAL,2025-02-05,exit_quote,S3,1,0,False,exact_symbol_date_chain_absent
AAL,2025-02-14,contract_preselection,S1,1,0,False,exact_symbol_date_chain_absent
AAL,2025-02-14,contract_preselection,S3,1,0,False,exact_symbol_date_chain_absent
AAL,2025-02-18,entry_quote,S1,1,0,False,exact_symbol_date_chain_absent
AAL,2025-02-18,entry_quote,S3,1,0,False,exact_symbol_date_chain_absent
AAL,2025-02-19,exit_quote,S1,1,0,False,exact_symbol_date_chain_absent
AAL,2025-02-19,exit_quote,S3,1,0,False,exact_symbol_date_chain_absent
AAL,2025-02-27,contract_preselection,S1,1,0,False,exact_symbol_date_chain_absent
AAL,2025-02-27,contract_preselection,S3,1,0,False,exact_symbol_date_chain_absent
AAL,2025-02-28,entry_quote,S1,1,0,False,exact_symbol_date_chain_absent
AAL,2025-02-28,entry_quote,S3,1,0,False,exact_symbol_date_chain_absent
AAL,2025-03-03,exit_quote,S1,1,0,False,exact_symbol_date_chain_absent
AAL,2025-03-03,exit_quote,S3,1,0,False,exact_symbol_date_chain_absent
AAL,2025-03-13,contract_preselection,S1,1,0,False,exact_symbol_date_chain_absent
AAL,2025-03-13,contract_preselection,S3,1,0,False,exact_symbol_date_chain_absent
AAL,2025-03-14,entry_quote,S1,1,0,False,exact_symbol_date_chain_absent
AAL,2025-03-14,entry_quote,S3,1,0,False,exact_symbol_date_chain_absent
AAL,2025-03-17,exit_quote,S1,1,0,False,exact_symbol_date_chain_absent
AAL,2025-03-17,exit_quote,S3,1,0,False,exact_symbol_date_chain_absent
AAL,2025-03-19,contract_preselection,S1,1,0,False,exact_symbol_date_chain_absent
AAL,2025-03-19,contract_preselection,S3,1,0,False,exact_symbol_date_chain_absent
AAL,2025-03-20,entry_quote,S1,1,0,False,exact_symbol_date_chain_absent
AAL,2025-03-20,entry_quote,S3,1,0,False,exact_symbol_date_chain_absent
AAL,2025-03-21,exit_quote,S1,1,0,False,exact_symbol_date_chain_absent
AAL,2025-03-21,exit_quote,S3,1,0,False,exact_symbol_date_chain_absent
AAL,2025-03-24,contract_preselection,S1,1,0,False,exact_symbol_date_chain_absent
AAL,2025-03-24,contract_preselection,S3,1,0,False,exact_symbol_date_chain_absent
AAL,2025-03-25,entry_quote,S1,1,0,False,exact_symbol_date_chain_absent
AAL,2025-03-25,entry_quote,S3,1,0,False,exact_symbol_date_chain_absent
AAL,2025-03-26,exit_quote,S1,1,0,False,exact_symbol_date_chain_absent
AAL,2025-03-26,exit_quote,S3,1,0,False,exact_symbol_date_chain_absent
AAL,2025-04-01,contract_preselection,S1,1,0,False,exact_symbol_date_chain_absent
AAL,2025-04-01,contract_preselection,S3,1,0,False,exact_symbol_date_chain_absent
AAL,2025-04-02,entry_quote,S1,1,0,False,exact_symbol_date_chain_absent
AAL,2025-04-02,entry_quote,S3,1,0,False,exact_symbol_date_chain_absent
AAL,2025-04-03,exit_quote,S1,1,0,False,exact_symbol_date_chain_absent
AAL,2025-04-03,exit_quote,S3,1,0,False,exact_symbol_date_chain_absent
AAL,2025-04-10,contract_preselection,S1,1,0,False,exact_symbol_date_chain_absent
AAL,2025-04-10,contract_preselection,S3,1,0,False,exact_symbol_date_chain_absent
AAL,2025-04-11,entry_quote,S1,1,0,False,exact_symbol_date_chain_absent
AAL,2025-04-11,entry_quote,S3,1,0,False,exact_symbol_date_chain_absent
AAL,2025-04-14,exit_quote,S1,1,0,False,exact_symbol_date_chain_absent
AAL,2025-04-14,exit_quote,S3,1,0,False,exact_symbol_date_chain_absent
AAL,2025-04-17,contract_preselection,S1,1,0,False,exact_symbol_date_chain_absent
AAL,2025-04-17,contract_preselection,S3,1,0,False,exact_symbol_date_chain_absent
AAL,2025-04-21,entry_quote,S1,1,0,False,exact_symbol_date_chain_absent
AAL,2025-04-21,entry_quote,S3,1,0,False,exact_symbol_date_chain_absent
AAL,2025-04-22,exit_quote,S1,1,0,False,exact_symbol_date_chain_absent
AAL,2025-04-22,exit_quote,S3,1,0,False,exact_symbol_date_chain_absent
AAL,2025-05-05,contract_preselection,S1,1,0,False,exact_symbol_date_chain_absent
AAL,2025-05-05,contract_preselection,S3,1,0,False,exact_symbol_date_chain_absent
AAL,2025-05-06,entry_quote,S1,1,0,False,exact_symbol_date_chain_absent
AAL,2025-05-06,entry_quote,S3,1,0,False,exact_symbol_date_chain_absent
AAL,2025-05-07,contract_preselection;exit_quote,S1,2,0,False,exact_symbol_date_chain_absent
AAL,2025-05-07,contract_preselection;exit_quote,S3,2,0,False,exact_symbol_date_chain_absent
AAL,2025-05-08,entry_quote,S1,1,0,False,exact_symbol_date_chain_absent
AAL,2025-05-08,entry_quote,S3,1,0,False,exact_symbol_date_chain_absent
AAL,2025-05-09,exit_quote,S1,1,0,False,exact_symbol_date_chain_absent
AAL,2025-05-09,exit_quote,S3,1,0,False,exact_symbol_date_chain_absent
AAL,2025-05-22,contract_preselection,S1,1,0,False,exact_symbol_date_chain_absent
AAL,2025-05-22,contract_preselection,S3,1,0,False,exact_symbol_date_chain_absent
AAL,2025-05-23,entry_quote,S1,1,0,False,exact_symbol_date_chain_absent
AAL,2025-05-23,entry_quote,S3,1,0,False,exact_symbol_date_chain_absent
AAL,2025-05-27,contract_preselection;exit_quote,S1,2,0,False,exact_symbol_date_chain_absent
AAL,2025-05-27,contract_preselection;exit_quote,S3,2,0,False,exact_symbol_date_chain_absent
AAL,2025-05-28,contract_preselection;entry_quote,S1,2,0,False,exact_symbol_date_chain_absent
AAL,2025-05-28,contract_preselection;entry_quote,S3,2,0,False,exact_symbol_date_chain_absent
AAL,2025-05-29,entry_quote;exit_quote,S1,2,0,False,exact_symbol_date_chain_absent
AAL,2025-05-29,entry_quote;exit_quote,S3,2,0,False,exact_symbol_date_chain_absent
AAL,2025-05-30,exit_quote,S1,1,0,False,exact_symbol_date_chain_absent
AAL,2025-05-30,exit_quote,S3,1,0,False,exact_symbol_date_chain_absent
AAL,2025-06-24,contract_preselection,S1,1,0,False,exact_symbol_date_chain_absent
AAL,2025-06-24,contract_preselection,S3,1,0,False,exact_symbol_date_chain_absent
AAL,2025-06-25,contract_preselection;entry_quote,S1,2,0,False,exact_symbol_date_chain_absent
AAL,2025-06-25,contract_preselection;entry_quote,S3,2,0,False,exact_symbol_date_chain_absent
AAL,2025-06-26,entry_quote;exit_quote,S1,2,0,False,exact_symbol_date_chain_absent
AAL,2025-06-26,entry_quote;exit_quote,S3,2,0,False,exact_symbol_date_chain_absent
AAL,2025-06-27,contract_preselection;exit_quote,S1,2,0,False,exact_symbol_date_chain_absent
AAL,2025-06-27,contract_preselection;exit_quote,S3,2,0,False,exact_symbol_date_chain_absent
AAL,2025-06-30,entry_quote,S1,1,0,False,exact_symbol_date_chain_absent
AAL,2025-06-30,entry_quote,S3,1,0,False,exact_symbol_date_chain_absent
AAL,2025-07-01,exit_quote,S1,1,0,False,exact_symbol_date_chain_absent
AAL,2025-07-01,exit_quote,S3,1,0,False,exact_symbol_date_chain_absent
AAL,2025-07-25,contract_preselection,S1,1,0,False,exact_symbol_date_chain_absent
AAL,2025-07-25,contract_preselection,S3,1,0,False,exact_symbol_date_chain_absent
AAL,2025-07-28,entry_quote,S1,1,0,False,exact_symbol_date_chain_absent
AAL,2025-07-28,entry_quote,S3,1,0,False,exact_symbol_date_chain_absent
AAL,2025-07-29,exit_quote,S1,1,0,False,exact_symbol_date_chain_absent
AAL,2025-07-29,exit_quote,S3,1,0,False,exact_symbol_date_chain_absent
AAL,2025-07-31,contract_preselection,S1,1,0,False,exact_symbol_date_chain_absent
AAL,2025-07-31,contract_preselection,S3,1,0,False,exact_symbol_date_chain_absent
AAL,2025-08-01,entry_quote,S1,1,0,False,exact_symbol_date_chain_absent
AAL,2025-08-01,entry_quote,S3,1,0,False,exact_symbol_date_chain_absent
AAL,2025-08-04,exit_quote,S1,1,0,False,exact_symbol_date_chain_absent
AAL,2025-08-04,exit_quote,S3,1,0,False,exact_symbol_date_chain_absent
AAL,2025-08-06,contract_preselection,S1,1,0,False,exact_symbol_date_chain_absent
AAL,2025-08-06,contract_preselection,S3,1,0,False,exact_symbol_date_chain_absent
AAL,2025-08-07,entry_quote,S1,1,0,False,exact_symbol_date_chain_absent
AAL,2025-08-07,entry_quote,S3,1,0,False,exact_symbol_date_chain_absent
AAL,2025-08-08,exit_quote,S1,1,0,False,exact_symbol_date_chain_absent
AAL,2025-08-08,exit_quote,S3,1,0,False,exact_symbol_date_chain_absent
AAL,2025-08-19,contract_preselection,S1,1,0,False,exact_symbol_date_chain_absent
AAL,2025-08-19,contract_preselection,S3,1,0,False,exact_symbol_date_chain_absent
AAL,2025-08-20,entry_quote,S1,1,0,False,exact_symbol_date_chain_absent
AAL,2025-08-20,entry_quote,S3,1,0,False,exact_symbol_date_chain_absent
AAL,2025-08-21,exit_quote,S1,1,0,False,exact_symbol_date_chain_absent
AAL,2025-08-21,exit_quote,S3,1,0,False,exact_symbol_date_chain_absent
AAOI,2024-01-22,contract_preselection,S1,1,0,False,exact_symbol_date_chain_absent
AAOI,2024-01-22,contract_preselection,S3,1,0,False,exact_symbol_date_chain_absent
AAOI,2024-01-23,entry_quote,S1,1,0,False,exact_symbol_date_chain_absent
AAOI,2024-01-23,entry_quote,S3,1,0,False,exact_symbol_date_chain_absent
AAOI,2024-01-24,contract_preselection;exit_quote,S1,2,0,False,exact_symbol_date_chain_absent
AAOI,2024-01-24,contract_preselection;exit_quote,S3,2,0,False,exact_symbol_date_chain_absent
AAOI,2024-01-25,entry_quote,S1,1,0,False,exact_symbol_date_chain_absent
AAOI,2024-01-25,entry_quote,S3,1,0,False,exact_symbol_date_chain_absent
AAOI,2024-01-26,contract_preselection;exit_quote,S1,2,0,False,exact_symbol_date_chain_absent
AAOI,2024-01-26,contract_preselection;exit_quote,S3,2,0,False,exact_symbol_date_chain_absent
AAOI,2024-01-29,entry_quote,S1,1,0,False,exact_symbol_date_chain_absent
AAOI,2024-01-29,entry_quote,S3,1,0,False,exact_symbol_date_chain_absent
AAOI,2024-01-30,exit_quote,S1,1,0,False,exact_symbol_date_chain_absent
AAOI,2024-01-30,exit_quote,S3,1,0,False,exact_symbol_date_chain_absent
AAOI,2024-02-08,contract_preselection,S1,1,0,False,exact_symbol_date_chain_absent
AAOI,2024-02-08,contract_preselection,S3,1,0,False,exact_symbol_date_chain_absent
AAOI,2024-02-09,entry_quote,S1,1,0,False,exact_symbol_date_chain_absent
AAOI,2024-02-09,entry_quote,S3,1,0,False,exact_symbol_date_chain_absent
AAOI,2024-02-12,exit_quote,S1,1,0,False,exact_symbol_date_chain_absent
AAOI,2024-02-12,exit_quote,S3,1,0,False,exact_symbol_date_chain_absent
AAOI,2024-02-13,contract_preselection,S1,1,0,False,exact_symbol_date_chain_absent
AAOI,2024-02-13,contract_preselection,S3,1,0,False,exact_symbol_date_chain_absent
AAOI,2024-02-14,entry_quote,S1,1,0,False,exact_symbol_date_chain_absent
AAOI,2024-02-14,entry_quote,S3,1,0,False,exact_symbol_date_chain_absent
AAOI,2024-02-15,exit_quote,S1,1,0,False,exact_symbol_date_chain_absent
AAOI,2024-02-15,exit_quote,S3,1,0,False,exact_symbol_date_chain_absent
AAOI,2024-03-20,contract_preselection,S1,1,0,False,exact_symbol_date_chain_absent
AAOI,2024-03-20,contract_preselection,S3,1,0,False,exact_symbol_date_chain_absent
AAOI,2024-03-21,entry_quote,S1,1,0,False,exact_symbol_date_chain_absent
AAOI,2024-03-21,entry_quote,S3,1,0,False,exact_symbol_date_chain_absent
AAOI,2024-03-22,exit_quote,S1,1,0,False,exact_symbol_date_chain_absent
AAOI,2024-03-22,exit_quote,S3,1,0,False,exact_symbol_date_chain_absent
AAOI,2024-04-04,contract_preselection,S1,1,0,False,exact_symbol_date_chain_absent
AAOI,2024-04-04,contract_preselection,S3,1,0,False,exact_symbol_date_chain_absent
AAOI,2024-04-05,entry_quote,S1,1,0,False,exact_symbol_date_chain_absent
AAOI,2024-04-05,entry_quote,S3,1,0,False,exact_symbol_date_chain_absent
AAOI,2024-04-08,exit_quote,S1,1,0,False,exact_symbol_date_chain_absent
AAOI,2024-04-08,exit_quote,S3,1,0,False,exact_symbol_date_chain_absent
AAOI,2024-04-11,contract_preselection,S1,1,0,False,exact_symbol_date_chain_absent
AAOI,2024-04-11,contract_preselection,S3,1,0,False,exact_symbol_date_chain_absent
AAOI,2024-04-12,entry_quote,S1,1,0,False,exact_symbol_date_chain_absent
AAOI,2024-04-12,entry_quote,S3,1,0,False,exact_symbol_date_chain_absent
AAOI,2024-04-15,exit_quote,S1,1,0,False,exact_symbol_date_chain_absent
AAOI,2024-04-15,exit_quote,S3,1,0,False,exact_symbol_date_chain_absent
AAOI,2024-04-17,contract_preselection,S1,1,0,False,exact_symbol_date_chain_absent
AAOI,2024-04-17,contract_preselection,S3,1,0,False,exact_symbol_date_chain_absent
AAOI,2024-04-18,entry_quote,S1,1,0,False,exact_symbol_date_chain_absent
AAOI,2024-04-18,entry_quote,S3,1,0,False,exact_symbol_date_chain_absent
AAOI,2024-04-19,exit_quote,S1,1,0,False,exact_symbol_date_chain_absent
AAOI,2024-04-19,exit_quote,S3,1,0,False,exact_symbol_date_chain_absent
AAOI,2024-04-23,contract_preselection,S1,1,0,False,exact_symbol_date_chain_absent
AAOI,2024-04-23,contract_preselection,S3,1,0,False,exact_symbol_date_chain_absent
AAOI,2024-04-24,contract_preselection;entry_quote,S1,2,0,False,exact_symbol_date_chain_absent
AAOI,2024-04-24,contract_preselection;entry_quote,S3,2,0,False,exact_symbol_date_chain_absent
AAOI,2024-04-25,contract_preselection;entry_quote;exit_quote,S1,3,0,False,exact_symbol_date_chain_absent
AAOI,2024-04-25,contract_preselection;entry_quote;exit_quote,S3,3,0,False,exact_symbol_date_chain_absent
AAOI,2024-04-26,contract_preselection;entry_quote;exit_quote,S1,3,0,False,exact_symbol_date_chain_absent
AAOI,2024-04-26,contract_preselection;entry_quote;exit_quote,S3,3,0,False,exact_symbol_date_chain_absent
AAOI,2024-04-29,entry_quote;exit_quote,S1,2,0,False,exact_symbol_date_chain_absent
AAOI,2024-04-29,entry_quote;exit_quote,S3,2,0,False,exact_symbol_date_chain_absent
AAOI,2024-04-30,exit_quote,S1,1,0,False,exact_symbol_date_chain_absent
AAOI,2024-04-30,exit_quote,S3,1,0,False,exact_symbol_date_chain_absent
AAOI,2024-05-13,contract_preselection,S1,1,0,False,exact_symbol_date_chain_absent
AAOI,2024-05-13,contract_preselection,S3,1,0,False,exact_symbol_date_chain_absent
AAOI,2024-05-14,entry_quote,S1,1,0,False,exact_symbol_date_chain_absent
AAOI,2024-05-14,entry_quote,S3,1,0,False,exact_symbol_date_chain_absent
AAOI,2024-05-15,exit_quote,S1,1,0,False,exact_symbol_date_chain_absent
AAOI,2024-05-15,exit_quote,S3,1,0,False,exact_symbol_date_chain_absent
AAOI,2024-05-16,contract_preselection,S1,1,0,False,exact_symbol_date_chain_absent
AAOI,2024-05-16,contract_preselection,S3,1,0,False,exact_symbol_date_chain_absent
AAOI,2024-05-17,entry_quote,S1,1,0,False,exact_symbol_date_chain_absent
AAOI,2024-05-17,entry_quote,S3,1,0,False,exact_symbol_date_chain_absent
AAOI,2024-05-20,exit_quote,S1,1,0,False,exact_symbol_date_chain_absent
AAOI,2024-05-20,exit_quote,S3,1,0,False,exact_symbol_date_chain_absent
AAOI,2024-05-28,contract_preselection,S1,1,0,False,exact_symbol_date_chain_absent
AAOI,2024-05-28,contract_preselection,S3,1,0,False,exact_symbol_date_chain_absent
AAOI,2024-05-29,entry_quote,S1,1,0,False,exact_symbol_date_chain_absent
AAOI,2024-05-29,entry_quote,S3,1,0,False,exact_symbol_date_chain_absent
AAOI,2024-05-30,contract_preselection;exit_quote,S1,2,0,False,exact_symbol_date_chain_absent
AAOI,2024-05-30,contract_preselection;exit_quote,S3,2,0,False,exact_symbol_date_chain_absent
AAOI,2024-05-31,contract_preselection;entry_quote,S1,2,0,False,exact_symbol_date_chain_absent
AAOI,2024-05-31,contract_preselection;entry_quote,S3,2,0,False,exact_symbol_date_chain_absent
AAOI,2024-06-03,contract_preselection;entry_quote;exit_quote,S1,3,0,False,exact_symbol_date_chain_absent
AAOI,2024-06-03,contract_preselection;entry_quote;exit_quote,S3,3,0,False,exact_symbol_date_chain_absent
AAOI,2024-06-04,entry_quote;exit_quote,S1,2,0,False,exact_symbol_date_chain_absent
AAOI,2024-06-04,entry_quote;exit_quote,S3,2,0,False,exact_symbol_date_chain_absent
AAOI,2024-06-05,exit_quote,S1,1,0,False,exact_symbol_date_chain_absent
AAOI,2024-06-05,exit_quote,S3,1,0,False,exact_symbol_date_chain_absent
AAOI,2024-06-07,contract_preselection,S1,1,0,False,exact_symbol_date_chain_absent
AAOI,2024-06-07,contract_preselection,S3,1,0,False,exact_symbol_date_chain_absent
AAOI,2024-06-10,entry_quote,S1,1,0,False,exact_symbol_date_chain_absent
AAOI,2024-06-10,entry_quote,S3,1,0,False,exact_symbol_date_chain_absent
AAOI,2024-06-11,exit_quote,S1,1,0,False,exact_symbol_date_chain_absent
AAOI,2024-06-11,exit_quote,S3,1,0,False,exact_symbol_date_chain_absent
AAOI,2024-06-21,contract_preselection,S1,1,0,False,exact_symbol_date_chain_absent
AAOI,2024-06-21,contract_preselection,S3,1,0,False,exact_symbol_date_chain_absent
AAOI,2024-06-24,entry_quote,S1,1,0,False,exact_symbol_date_chain_absent
AAOI,2024-06-24,entry_quote,S3,1,0,False,exact_symbol_date_chain_absent
AAOI,2024-06-25,contract_preselection;exit_quote,S1,2,0,False,exact_symbol_date_chain_absent
AAOI,2024-06-25,contract_preselection;exit_quote,S3,2,0,False,exact_symbol_date_chain_absent
AAOI,2024-06-26,entry_quote,S1,1,0,False,exact_symbol_date_chain_absent
AAOI,2024-06-26,entry_quote,S3,1,0,False,exact_symbol_date_chain_absent
AAOI,2024-06-27,exit_quote,S1,1,0,False,exact_symbol_date_chain_absent
AAOI,2024-06-27,exit_quote,S3,1,0,False,exact_symbol_date_chain_absent
AAOI,2024-07-08,contract_preselection,S1,1,0,False,exact_symbol_date_chain_absent
AAOI,2024-07-08,contract_preselection,S3,1,0,False,exact_symbol_date_chain_absent
AAOI,2024-07-09,entry_quote,S1,1,0,False,exact_symbol_date_chain_absent
AAOI,2024-07-09,entry_quote,S3,1,0,False,exact_symbol_date_chain_absent
AAOI,2024-07-10,exit_quote,S1,1,0,False,exact_symbol_date_chain_absent
AAOI,2024-07-10,exit_quote,S3,1,0,False,exact_symbol_date_chain_absent
AAOI,2024-07-16,contract_preselection,S1,1,0,False,exact_symbol_date_chain_absent
AAOI,2024-07-16,contract_preselection,S3,1,0,False,exact_symbol_date_chain_absent
AAOI,2024-07-17,entry_quote,S1,1,0,False,exact_symbol_date_chain_absent
AAOI,2024-07-17,entry_quote,S3,1,0,False,exact_symbol_date_chain_absent
AAOI,2024-07-18,exit_quote,S1,1,0,False,exact_symbol_date_chain_absent
AAOI,2024-07-18,exit_quote,S3,1,0,False,exact_symbol_date_chain_absent
AAOI,2024-07-19,contract_preselection,S1,1,0,False,exact_symbol_date_chain_absent
AAOI,2024-07-19,contract_preselection,S3,1,0,False,exact_symbol_date_chain_absent
AAOI,2024-07-22,entry_quote,S1,1,0,False,exact_symbol_date_chain_absent
AAOI,2024-07-22,entry_quote,S3,1,0,False,exact_symbol_date_chain_absent
AAOI,2024-07-23,exit_quote,S1,1,0,False,exact_symbol_date_chain_absent
AAOI,2024-07-23,exit_quote,S3,1,0,False,exact_symbol_date_chain_absent
AAOI,2024-07-24,contract_preselection,S1,1,0,False,exact_symbol_date_chain_absent
AAOI,2024-07-24,contract_preselection,S3,1,0,False,exact_symbol_date_chain_absent
AAOI,2024-07-25,entry_quote,S1,1,0,False,exact_symbol_date_chain_absent
AAOI,2024-07-25,entry_quote,S3,1,0,False,exact_symbol_date_chain_absent
AAOI,2024-07-26,exit_quote,S1,1,0,False,exact_symbol_date_chain_absent
AAOI,2024-07-26,exit_quote,S3,1,0,False,exact_symbol_date_chain_absent
AAOI,2024-08-07,contract_preselection,S1,1,0,False,exact_symbol_date_chain_absent
AAOI,2024-08-07,contract_preselection,S3,1,0,False,exact_symbol_date_chain_absent
AAOI,2024-08-08,entry_quote,S1,1,0,False,exact_symbol_date_chain_absent
AAOI,2024-08-08,entry_quote,S3,1,0,False,exact_symbol_date_chain_absent
AAOI,2024-08-09,contract_preselection;exit_quote,S1,2,0,False,exact_symbol_date_chain_absent
AAOI,2024-08-09,contract_preselection;exit_quote,S3,2,0,False,exact_symbol_date_chain_absent
AAOI,2024-08-12,entry_quote,S1,1,0,False,exact_symbol_date_chain_absent
AAOI,2024-08-12,entry_quote,S3,1,0,False,exact_symbol_date_chain_absent
AAOI,2024-08-13,exit_quote,S1,1,0,False,exact_symbol_date_chain_absent
AAOI,2024-08-13,exit_quote,S3,1,0,False,exact_symbol_date_chain_absent
AAOI,2024-08-16,contract_preselection,S1,1,0,False,exact_symbol_date_chain_absent
AAOI,2024-08-16,contract_preselection,S3,1,0,False,exact_symbol_date_chain_absent
AAOI,2024-08-19,contract_preselection;entry_quote,S1,2,0,False,exact_symbol_date_chain_absent
AAOI,2024-08-19,contract_preselection;entry_quote,S3,2,0,False,exact_symbol_date_chain_absent
AAOI,2024-08-20,entry_quote;exit_quote,S1,2,0,False,exact_symbol_date_chain_absent
AAOI,2024-08-20,entry_quote;exit_quote,S3,2,0,False,exact_symbol_date_chain_absent
AAOI,2024-08-21,exit_quote,S1,1,0,False,exact_symbol_date_chain_absent
AAOI,2024-08-21,exit_quote,S3,1,0,False,exact_symbol_date_chain_absent
AAOI,2024-08-23,contract_preselection,S1,1,0,False,exact_symbol_date_chain_absent
AAOI,2024-08-23,contract_preselection,S3,1,0,False,exact_symbol_date_chain_absent
AAOI,2024-08-26,entry_quote,S1,1,0,False,exact_symbol_date_chain_absent
AAOI,2024-08-26,entry_quote,S3,1,0,False,exact_symbol_date_chain_absent
AAOI,2024-08-27,contract_preselection;exit_quote,S1,2,0,False,exact_symbol_date_chain_absent
AAOI,2024-08-27,contract_preselection;exit_quote,S3,2,0,False,exact_symbol_date_chain_absent
AAOI,2024-08-28,entry_quote,S1,1,0,False,exact_symbol_date_chain_absent
AAOI,2024-08-28,entry_quote,S3,1,0,False,exact_symbol_date_chain_absent
AAOI,2024-08-29,contract_preselection;exit_quote,S1,2,0,False,exact_symbol_date_chain_absent
AAOI,2024-08-29,contract_preselection;exit_quote,S3,2,0,False,exact_symbol_date_chain_absent
AAOI,2024-08-30,entry_quote,S1,1,0,False,exact_symbol_date_chain_absent
AAOI,2024-08-30,entry_quote,S3,1,0,False,exact_symbol_date_chain_absent
AAOI,2024-09-03,exit_quote,S1,1,0,False,exact_symbol_date_chain_absent
AAOI,2024-09-03,exit_quote,S3,1,0,False,exact_symbol_date_chain_absent
AAOI,2024-09-06,contract_preselection,S1,1,0,False,exact_symbol_date_chain_absent
AAOI,2024-09-06,contract_preselection,S3,1,0,False,exact_symbol_date_chain_absent
AAOI,2024-09-09,entry_quote,S1,1,0,False,exact_symbol_date_chain_absent
AAOI,2024-09-09,entry_quote,S3,1,0,False,exact_symbol_date_chain_absent
AAOI,2024-09-10,contract_preselection;exit_quote,S1,2,0,False,exact_symbol_date_chain_absent
AAOI,2024-09-10,contract_preselection;exit_quote,S3,2,0,False,exact_symbol_date_chain_absent
AAOI,2024-09-11,entry_quote,S1,1,0,False,exact_symbol_date_chain_absent
AAOI,2024-09-11,entry_quote,S3,1,0,False,exact_symbol_date_chain_absent
AAOI,2024-09-12,exit_quote,S1,1,0,False,exact_symbol_date_chain_absent
AAOI,2024-09-12,exit_quote,S3,1,0,False,exact_symbol_date_chain_absent
AAOI,2024-10-09,contract_preselection,S1,1,0,False,exact_symbol_date_chain_absent
AAOI,2024-10-09,contract_preselection,S3,1,0,False,exact_symbol_date_chain_absent
AAOI,2024-10-10,entry_quote,S1,1,0,False,exact_symbol_date_chain_absent
AAOI,2024-10-10,entry_quote,S3,1,0,False,exact_symbol_date_chain_absent
AAOI,2024-10-11,exit_quote,S1,1,0,False,exact_symbol_date_chain_absent
AAOI,2024-10-11,exit_quote,S3,1,0,False,exact_symbol_date_chain_absent
AAOI,2024-10-22,contract_preselection,S1,1,0,False,exact_symbol_date_chain_absent
AAOI,2024-10-22,contract_preselection,S3,1,0,False,exact_symbol_date_chain_absent
AAOI,2024-10-23,entry_quote,S1,1,0,False,exact_symbol_date_chain_absent
AAOI,2024-10-23,entry_quote,S3,1,0,False,exact_symbol_date_chain_absent
AAOI,2024-10-24,exit_quote,S1,1,0,False,exact_symbol_date_chain_absent
AAOI,2024-10-24,exit_quote,S3,1,0,False,exact_symbol_date_chain_absent
AAOI,2024-10-25,contract_preselection,S1,1,0,False,exact_symbol_date_chain_absent
AAOI,2024-10-25,contract_preselection,S3,1,0,False,exact_symbol_date_chain_absent
AAOI,2024-10-28,entry_quote,S1,1,0,False,exact_symbol_date_chain_absent
AAOI,2024-10-28,entry_quote,S3,1,0,False,exact_symbol_date_chain_absent
AAOI,2024-10-29,contract_preselection;exit_quote,S1,2,0,False,exact_symbol_date_chain_absent
AAOI,2024-10-29,contract_preselection;exit_quote,S3,2,0,False,exact_symbol_date_chain_absent
AAOI,2024-10-30,entry_quote,S1,1,0,False,exact_symbol_date_chain_absent
AAOI,2024-10-30,entry_quote,S3,1,0,False,exact_symbol_date_chain_absent
AAOI,2024-10-31,exit_quote,S1,1,0,False,exact_symbol_date_chain_absent
AAOI,2024-10-31,exit_quote,S3,1,0,False,exact_symbol_date_chain_absent
AAOI,2024-11-14,contract_preselection,S1,1,0,False,exact_symbol_date_chain_absent
AAOI,2024-11-14,contract_preselection,S3,1,0,False,exact_symbol_date_chain_absent
AAOI,2024-11-15,entry_quote,S1,1,0,False,exact_symbol_date_chain_absent
AAOI,2024-11-15,entry_quote,S3,1,0,False,exact_symbol_date_chain_absent
AAOI,2024-11-18,exit_quote,S1,1,0,False,exact_symbol_date_chain_absent
AAOI,2024-11-18,exit_quote,S3,1,0,False,exact_symbol_date_chain_absent
AAOI,2024-11-25,contract_preselection,S1,1,0,False,exact_symbol_date_chain_absent
AAOI,2024-11-25,contract_preselection,S3,1,0,False,exact_symbol_date_chain_absent
AAOI,2024-11-26,contract_preselection;entry_quote,S1,2,0,False,exact_symbol_date_chain_absent
AAOI,2024-11-26,contract_preselection;entry_quote,S3,2,0,False,exact_symbol_date_chain_absent
AAOI,2024-11-27,entry_quote;exit_quote,S1,2,0,False,exact_symbol_date_chain_absent
AAOI,2024-11-27,entry_quote;exit_quote,S3,2,0,False,exact_symbol_date_chain_absent
AAOI,2024-11-29,contract_preselection;exit_quote,S1,2,0,False,exact_symbol_date_chain_absent
AAOI,2024-11-29,contract_preselection;exit_quote,S3,2,0,False,exact_symbol_date_chain_absent
AAOI,2024-12-02,contract_preselection;entry_quote,S1,2,0,False,exact_symbol_date_chain_absent
AAOI,2024-12-02,contract_preselection;entry_quote,S3,2,0,False,exact_symbol_date_chain_absent
AAOI,2024-12-03,entry_quote;exit_quote,S1,2,0,False,exact_symbol_date_chain_absent
AAOI,2024-12-03,entry_quote;exit_quote,S3,2,0,False,exact_symbol_date_chain_absent
AAOI,2024-12-04,exit_quote,S1,1,0,False,exact_symbol_date_chain_absent
AAOI,2024-12-04,exit_quote,S3,1,0,False,exact_symbol_date_chain_absent
AAOI,2024-12-10,contract_preselection,S1,1,0,False,exact_symbol_date_chain_absent
AAOI,2024-12-10,contract_preselection,S3,1,0,False,exact_symbol_date_chain_absent
AAOI,2024-12-11,entry_quote,S1,1,0,False,exact_symbol_date_chain_absent
AAOI,2024-12-11,entry_quote,S3,1,0,False,exact_symbol_date_chain_absent
AAOI,2024-12-12,exit_quote,S1,1,0,False,exact_symbol_date_chain_absent
AAOI,2024-12-12,exit_quote,S3,1,0,False,exact_symbol_date_chain_absent
AAOI,2024-12-19,contract_preselection,S1,1,0,False,exact_symbol_date_chain_absent
AAOI,2024-12-19,contract_preselection,S3,1,0,False,exact_symbol_date_chain_absent
AAOI,2024-12-20,contract_preselection;entry_quote,S1,2,0,False,exact_symbol_date_chain_absent
AAOI,2024-12-20,contract_preselection;entry_quote,S3,2,0,False,exact_symbol_date_chain_absent
AAOI,2024-12-23,entry_quote;exit_quote,S1,2,0,False,exact_symbol_date_chain_absent
AAOI,2024-12-23,entry_quote;exit_quote,S3,2,0,False,exact_symbol_date_chain_absent
AAOI,2024-12-24,exit_quote,S1,1,0,False,exact_symbol_date_chain_absent
AAOI,2024-12-24,exit_quote,S3,1,0,False,exact_symbol_date_chain_absent
AAOI,2024-12-30,contract_preselection,S1,1,0,False,exact_symbol_date_chain_absent
AAOI,2024-12-30,contract_preselection,S3,1,0,False,exact_symbol_date_chain_absent
AAOI,2024-12-31,contract_preselection;entry_quote,S1,2,0,False,exact_symbol_date_chain_absent
AAOI,2024-12-31,contract_preselection;entry_quote,S3,2,0,False,exact_symbol_date_chain_absent
AAOI,2025-01-02,entry_quote;exit_quote,S1,2,0,False,exact_symbol_date_chain_absent
AAOI,2025-01-02,entry_quote;exit_quote,S3,2,0,False,exact_symbol_date_chain_absent
AAOI,2025-01-03,contract_preselection;exit_quote,S1,2,0,False,exact_symbol_date_chain_absent
AAOI,2025-01-03,contract_preselection;exit_quote,S3,2,0,False,exact_symbol_date_chain_absent
AAOI,2025-01-06,entry_quote,S1,1,0,False,exact_symbol_date_chain_absent
AAOI,2025-01-06,entry_quote,S3,1,0,False,exact_symbol_date_chain_absent
AAOI,2025-01-07,exit_quote,S1,1,0,False,exact_symbol_date_chain_absent
AAOI,2025-01-07,exit_quote,S3,1,0,False,exact_symbol_date_chain_absent
AAOI,2025-01-27,contract_preselection,S1,1,0,False,exact_symbol_date_chain_absent
AAOI,2025-01-27,contract_preselection,S3,1,0,False,exact_symbol_date_chain_absent
AAOI,2025-01-28,contract_preselection;entry_quote,S1,2,0,False,exact_symbol_date_chain_absent
AAOI,2025-01-28,contract_preselection;entry_quote,S3,2,0,False,exact_symbol_date_chain_absent
AAOI,2025-01-29,entry_quote;exit_quote,S1,2,0,False,exact_symbol_date_chain_absent
AAOI,2025-01-29,entry_quote;exit_quote,S3,2,0,False,exact_symbol_date_chain_absent
AAOI,2025-01-30,exit_quote,S1,1,0,False,exact_symbol_date_chain_absent
AAOI,2025-01-30,exit_quote,S3,1,0,False,exact_symbol_date_chain_absent
AAOI,2025-02-03,contract_preselection,S1,1,0,False,exact_symbol_date_chain_absent
AAOI,2025-02-03,contract_preselection,S3,1,0,False,exact_symbol_date_chain_absent
AAOI,2025-02-04,entry_quote,S1,1,0,False,exact_symbol_date_chain_absent
AAOI,2025-02-04,entry_quote,S3,1,0,False,exact_symbol_date_chain_absent
AAOI,2025-02-05,exit_quote,S1,1,0,False,exact_symbol_date_chain_absent
AAOI,2025-02-05,exit_quote,S3,1,0,False,exact_symbol_date_chain_absent
AAOI,2025-02-19,contract_preselection,S1,1,0,False,exact_symbol_date_chain_absent
AAOI,2025-02-19,contract_preselection,S3,1,0,False,exact_symbol_date_chain_absent
AAOI,2025-02-20,entry_quote,S1,1,0,False,exact_symbol_date_chain_absent
AAOI,2025-02-20,entry_quote,S3,1,0,False,exact_symbol_date_chain_absent
AAOI,2025-02-21,exit_quote,S1,1,0,False,exact_symbol_date_chain_absent
AAOI,2025-02-21,exit_quote,S3,1,0,False,exact_symbol_date_chain_absent
AAOI,2025-03-06,contract_preselection,S1,1,0,False,exact_symbol_date_chain_absent
AAOI,2025-03-06,contract_preselection,S3,1,0,False,exact_symbol_date_chain_absent
AAOI,2025-03-07,entry_quote,S1,1,0,False,exact_symbol_date_chain_absent
AAOI,2025-03-07,entry_quote,S3,1,0,False,exact_symbol_date_chain_absent
AAOI,2025-03-10,exit_quote,S1,1,0,False,exact_symbol_date_chain_absent
AAOI,2025-03-10,exit_quote,S3,1,0,False,exact_symbol_date_chain_absent
AAOI,2025-04-10,contract_preselection,S1,1,0,False,exact_symbol_date_chain_absent
AAOI,2025-04-10,contract_preselection,S3,1,0,False,exact_symbol_date_chain_absent
AAOI,2025-04-11,entry_quote,S1,1,0,False,exact_symbol_date_chain_absent
AAOI,2025-04-11,entry_quote,S3,1,0,False,exact_symbol_date_chain_absent
AAOI,2025-04-14,exit_quote,S1,1,0,False,exact_symbol_date_chain_absent
AAOI,2025-04-14,exit_quote,S3,1,0,False,exact_symbol_date_chain_absent
AAOI,2025-04-30,contract_preselection,S1,1,0,False,exact_symbol_date_chain_absent
AAOI,2025-04-30,contract_preselection,S3,1,0,False,exact_symbol_date_chain_absent
AAOI,2025-05-01,entry_quote,S1,1,0,False,exact_symbol_date_chain_absent
AAOI,2025-05-01,entry_quote,S3,1,0,False,exact_symbol_date_chain_absent
AAOI,2025-05-02,exit_quote,S1,1,0,False,exact_symbol_date_chain_absent
AAOI,2025-05-02,exit_quote,S3,1,0,False,exact_symbol_date_chain_absent
AAOI,2025-05-07,contract_preselection,S1,1,0,False,exact_symbol_date_chain_absent
AAOI,2025-05-07,contract_preselection,S3,1,0,False,exact_symbol_date_chain_absent
AAOI,2025-05-08,entry_quote,S1,1,0,False,exact_symbol_date_chain_absent
AAOI,2025-05-08,entry_quote,S3,1,0,False,exact_symbol_date_chain_absent
AAOI,2025-05-09,exit_quote,S1,1,0,False,exact_symbol_date_chain_absent
AAOI,2025-05-09,exit_quote,S3,1,0,False,exact_symbol_date_chain_absent
AAOI,2025-05-28,contract_preselection,S1,1,0,False,exact_symbol_date_chain_absent
AAOI,2025-05-28,contract_preselection,S3,1,0,False,exact_symbol_date_chain_absent
AAOI,2025-05-29,entry_quote,S1,1,0,False,exact_symbol_date_chain_absent
AAOI,2025-05-29,entry_quote,S3,1,0,False,exact_symbol_date_chain_absent
AAOI,2025-05-30,exit_quote,S1,1,0,False,exact_symbol_date_chain_absent
AAOI,2025-05-30,exit_quote,S3,1,0,False,exact_symbol_date_chain_absent
AAOI,2025-06-05,contract_preselection,S1,1,0,False,exact_symbol_date_chain_absent
AAOI,2025-06-05,contract_preselection,S3,1,0,False,exact_symbol_date_chain_absent
AAOI,2025-06-06,entry_quote,S1,1,0,False,exact_symbol_date_chain_absent
AAOI,2025-06-06,entry_quote,S3,1,0,False,exact_symbol_date_chain_absent
AAOI,2025-06-09,exit_quote,S1,1,0,False,exact_symbol_date_chain_absent
AAOI,2025-06-09,exit_quote,S3,1,0,False,exact_symbol_date_chain_absent
AAOI,2025-06-16,contract_preselection,S1,1,0,False,exact_symbol_date_chain_absent
AAOI,2025-06-16,contract_preselection,S3,1,0,False,exact_symbol_date_chain_absent
AAOI,2025-06-17,entry_quote,S1,1,0,False,exact_symbol_date_chain_absent
AAOI,2025-06-17,entry_quote,S3,1,0,False,exact_symbol_date_chain_absent
AAOI,2025-06-18,exit_quote,S1,1,0,False,exact_symbol_date_chain_absent
AAOI,2025-06-18,exit_quote,S3,1,0,False,exact_symbol_date_chain_absent
AAOI,2025-06-23,contract_preselection,S1,1,0,False,exact_symbol_date_chain_absent
AAOI,2025-06-23,contract_preselection,S3,1,0,False,exact_symbol_date_chain_absent
AAOI,2025-06-24,entry_quote,S1,1,0,False,exact_symbol_date_chain_absent
AAOI,2025-06-24,entry_quote,S3,1,0,False,exact_symbol_date_chain_absent
AAOI,2025-06-25,exit_quote,S1,1,0,False,exact_symbol_date_chain_absent
AAOI,2025-06-25,exit_quote,S3,1,0,False,exact_symbol_date_chain_absent
AAOI,2025-07-15,contract_preselection,S1,1,0,False,exact_symbol_date_chain_absent
AAOI,2025-07-15,contract_preselection,S3,1,0,False,exact_symbol_date_chain_absent
AAOI,2025-07-16,entry_quote,S1,1,0,False,exact_symbol_date_chain_absent
AAOI,2025-07-16,entry_quote,S3,1,0,False,exact_symbol_date_chain_absent
AAOI,2025-07-17,contract_preselection;exit_quote,S1,2,0,False,exact_symbol_date_chain_absent
AAOI,2025-07-17,contract_preselection;exit_quote,S3,2,0,False,exact_symbol_date_chain_absent
AAOI,2025-07-18,entry_quote,S1,1,0,False,exact_symbol_date_chain_absent
AAOI,2025-07-18,entry_quote,S3,1,0,False,exact_symbol_date_chain_absent
AAOI,2025-07-21,contract_preselection;exit_quote,S1,2,0,False,exact_symbol_date_chain_absent
AAOI,2025-07-21,contract_preselection;exit_quote,S3,2,0,False,exact_symbol_date_chain_absent
AAOI,2025-07-22,entry_quote,S1,1,0,False,exact_symbol_date_chain_absent
AAOI,2025-07-22,entry_quote,S3,1,0,False,exact_symbol_date_chain_absent
AAOI,2025-07-23,exit_quote,S1,1,0,False,exact_symbol_date_chain_absent
AAOI,2025-07-23,exit_quote,S3,1,0,False,exact_symbol_date_chain_absent
AAOI,2025-08-05,contract_preselection,S1,1,0,False,exact_symbol_date_chain_absent
AAOI,2025-08-05,contract_preselection,S3,1,0,False,exact_symbol_date_chain_absent
AAOI,2025-08-06,entry_quote,S1,1,0,False,exact_symbol_date_chain_absent
AAOI,2025-08-06,entry_quote,S3,1,0,False,exact_symbol_date_chain_absent
AAOI,2025-08-07,exit_quote,S1,1,0,False,exact_symbol_date_chain_absent
AAOI,2025-08-07,exit_quote,S3,1,0,False,exact_symbol_date_chain_absent
AAOI,2025-08-11,contract_preselection,S1,1,0,False,exact_symbol_date_chain_absent
AAOI,2025-08-11,contract_preselection,S3,1,0,False,exact_symbol_date_chain_absent
AAOI,2025-08-12,entry_quote,S1,1,0,False,exact_symbol_date_chain_absent
AAOI,2025-08-12,entry_quote,S3,1,0,False,exact_symbol_date_chain_absent
AAOI,2025-08-13,contract_preselection;exit_quote,S1,2,0,False,exact_symbol_date_chain_absent
AAOI,2025-08-13,contract_preselection;exit_quote,S3,2,0,False,exact_symbol_date_chain_absent
AAOI,2025-08-14,contract_preselection;entry_quote,S1,2,0,False,exact_symbol_date_chain_absent
AAOI,2025-08-14,contract_preselection;entry_quote,S3,2,0,False,exact_symbol_date_chain_absent
AAOI,2025-08-15,entry_quote;exit_quote,S1,2,0,False,exact_symbol_date_chain_absent
AAOI,2025-08-15,entry_quote;exit_quote,S3,2,0,False,exact_symbol_date_chain_absent
AAOI,2025-08-18,exit_quote,S1,1,0,False,exact_symbol_date_chain_absent
AAOI,2025-08-18,exit_quote,S3,1,0,False,exact_symbol_date_chain_absent
AAOI,2025-08-19,contract_preselection,S1,1,0,False,exact_symbol_date_chain_absent
AAOI,2025-08-19,contract_preselection,S3,1,0,False,exact_symbol_date_chain_absent
AAOI,2025-08-20,entry_quote,S1,1,0,False,exact_symbol_date_chain_absent
AAOI,2025-08-20,entry_quote,S3,1,0,False,exact_symbol_date_chain_absent
AAOI,2025-08-21,exit_quote,S1,1,0,False,exact_symbol_date_chain_absent
AAOI,2025-08-21,exit_quote,S3,1,0,False,exact_symbol_date_chain_absent
APLD,2024-01-18,contract_preselection,S1,1,0,False,exact_symbol_date_chain_absent
APLD,2024-01-18,contract_preselection,S3,1,0,False,exact_symbol_date_chain_absent
APLD,2024-01-19,entry_quote,S1,1,0,False,exact_symbol_date_chain_absent
APLD,2024-01-19,entry_quote,S3,1,0,False,exact_symbol_date_chain_absent
APLD,2024-01-22,exit_quote,S1,1,0,False,exact_symbol_date_chain_absent
APLD,2024-01-22,exit_quote,S3,1,0,False,exact_symbol_date_chain_absent
APLD,2024-02-01,contract_preselection,S1,1,0,False,exact_symbol_date_chain_absent
APLD,2024-02-01,contract_preselection,S3,1,0,False,exact_symbol_date_chain_absent
APLD,2024-02-02,entry_quote,S1,1,0,False,exact_symbol_date_chain_absent
APLD,2024-02-02,entry_quote,S3,1,0,False,exact_symbol_date_chain_absent
APLD,2024-02-05,exit_quote,S1,1,0,False,exact_symbol_date_chain_absent
APLD,2024-02-05,exit_quote,S3,1,0,False,exact_symbol_date_chain_absent
APLD,2024-02-06,contract_preselection,S1,1,0,False,exact_symbol_date_chain_absent
APLD,2024-02-06,contract_preselection,S3,1,0,False,exact_symbol_date_chain_absent
APLD,2024-02-07,contract_preselection;entry_quote,S1,2,0,False,exact_symbol_date_chain_absent
APLD,2024-02-07,contract_preselection;entry_quote,S3,2,0,False,exact_symbol_date_chain_absent
APLD,2024-02-08,contract_preselection;entry_quote;exit_quote,S1,3,0,False,exact_symbol_date_chain_absent
APLD,2024-02-08,contract_preselection;entry_quote;exit_quote,S3,3,0,False,exact_symbol_date_chain_absent
APLD,2024-02-09,entry_quote;exit_quote,S1,2,0,False,exact_symbol_date_chain_absent
APLD,2024-02-09,entry_quote;exit_quote,S3,2,0,False,exact_symbol_date_chain_absent
APLD,2024-02-12,exit_quote,S1,1,0,False,exact_symbol_date_chain_absent
APLD,2024-02-12,exit_quote,S3,1,0,False,exact_symbol_date_chain_absent
APLD,2024-02-21,contract_preselection,S1,1,0,False,exact_symbol_date_chain_absent
APLD,2024-02-21,contract_preselection,S3,1,0,False,exact_symbol_date_chain_absent
APLD,2024-02-22,entry_quote,S1,1,0,False,exact_symbol_date_chain_absent
APLD,2024-02-22,entry_quote,S3,1,0,False,exact_symbol_date_chain_absent
APLD,2024-02-23,exit_quote,S1,1,0,False,exact_symbol_date_chain_absent
APLD,2024-02-23,exit_quote,S3,1,0,False,exact_symbol_date_chain_absent
APLD,2024-02-28,contract_preselection,S1,1,0,False,exact_symbol_date_chain_absent
APLD,2024-02-28,contract_preselection,S3,1,0,False,exact_symbol_date_chain_absent
APLD,2024-02-29,entry_quote,S1,1,0,False,exact_symbol_date_chain_absent
APLD,2024-02-29,entry_quote,S3,1,0,False,exact_symbol_date_chain_absent
APLD,2024-03-01,exit_quote,S1,1,0,False,exact_symbol_date_chain_absent
APLD,2024-03-01,exit_quote,S3,1,0,False,exact_symbol_date_chain_absent
APLD,2024-03-11,contract_preselection,S1,1,0,False,exact_symbol_date_chain_absent
APLD,2024-03-11,contract_preselection,S3,1,0,False,exact_symbol_date_chain_absent
APLD,2024-03-12,entry_quote,S1,1,0,False,exact_symbol_date_chain_absent
APLD,2024-03-12,entry_quote,S3,1,0,False,exact_symbol_date_chain_absent
APLD,2024-03-13,exit_quote,S1,1,0,False,exact_symbol_date_chain_absent
APLD,2024-03-13,exit_quote,S3,1,0,False,exact_symbol_date_chain_absent
APLD,2024-03-28,contract_preselection,S1,1,0,False,exact_symbol_date_chain_absent
APLD,2024-03-28,contract_preselection,S3,1,0,False,exact_symbol_date_chain_absent
APLD,2024-04-01,entry_quote,S1,1,0,False,exact_symbol_date_chain_absent
APLD,2024-04-01,entry_quote,S3,1,0,False,exact_symbol_date_chain_absent
APLD,2024-04-02,exit_quote,S1,1,0,False,exact_symbol_date_chain_absent
APLD,2024-04-02,exit_quote,S3,1,0,False,exact_symbol_date_chain_absent
APLD,2024-04-09,contract_preselection,S1,1,0,False,exact_symbol_date_chain_absent
APLD,2024-04-09,contract_preselection,S3,1,0,False,exact_symbol_date_chain_absent
APLD,2024-04-10,entry_quote,S1,1,0,False,exact_symbol_date_chain_absent
APLD,2024-04-10,entry_quote,S3,1,0,False,exact_symbol_date_chain_absent
APLD,2024-04-11,exit_quote,S1,1,0,False,exact_symbol_date_chain_absent
APLD,2024-04-11,exit_quote,S3,1,0,False,exact_symbol_date_chain_absent
APLD,2024-04-19,contract_preselection,S1,1,0,False,exact_symbol_date_chain_absent
APLD,2024-04-19,contract_preselection,S3,1,0,False,exact_symbol_date_chain_absent
APLD,2024-04-22,entry_quote,S1,1,0,False,exact_symbol_date_chain_absent
APLD,2024-04-22,entry_quote,S3,1,0,False,exact_symbol_date_chain_absent
APLD,2024-04-23,contract_preselection;exit_quote,S1,2,0,False,exact_symbol_date_chain_absent
APLD,2024-04-23,contract_preselection;exit_quote,S3,2,0,False,exact_symbol_date_chain_absent
APLD,2024-04-24,entry_quote,S1,1,0,False,exact_symbol_date_chain_absent
APLD,2024-04-24,entry_quote,S3,1,0,False,exact_symbol_date_chain_absent
APLD,2024-04-25,exit_quote,S1,1,0,False,exact_symbol_date_chain_absent
APLD,2024-04-25,exit_quote,S3,1,0,False,exact_symbol_date_chain_absent
APLD,2024-05-10,contract_preselection,S1,1,0,False,exact_symbol_date_chain_absent
APLD,2024-05-10,contract_preselection,S3,1,0,False,exact_symbol_date_chain_absent
APLD,2024-05-13,entry_quote,S1,1,0,False,exact_symbol_date_chain_absent
APLD,2024-05-13,entry_quote,S3,1,0,False,exact_symbol_date_chain_absent
APLD,2024-05-14,exit_quote,S1,1,0,False,exact_symbol_date_chain_absent
APLD,2024-05-14,exit_quote,S3,1,0,False,exact_symbol_date_chain_absent
APLD,2024-05-16,contract_preselection,S1,1,0,False,exact_symbol_date_chain_absent
APLD,2024-05-16,contract_preselection,S3,1,0,False,exact_symbol_date_chain_absent
APLD,2024-05-17,contract_preselection;entry_quote,S1,2,0,False,exact_symbol_date_chain_absent
APLD,2024-05-17,contract_preselection;entry_quote,S3,2,0,False,exact_symbol_date_chain_absent
APLD,2024-05-20,entry_quote;exit_quote,S1,2,0,False,exact_symbol_date_chain_absent
APLD,2024-05-20,entry_quote;exit_quote,S3,2,0,False,exact_symbol_date_chain_absent
APLD,2024-05-21,contract_preselection;exit_quote,S1,2,0,False,exact_symbol_date_chain_absent
APLD,2024-05-21,contract_preselection;exit_quote,S3,2,0,False,exact_symbol_date_chain_absent
APLD,2024-05-22,entry_quote,S1,1,0,False,exact_symbol_date_chain_absent
APLD,2024-05-22,entry_quote,S3,1,0,False,exact_symbol_date_chain_absent
APLD,2024-05-23,exit_quote,S1,1,0,False,exact_symbol_date_chain_absent
APLD,2024-05-23,exit_quote,S3,1,0,False,exact_symbol_date_chain_absent
APLD,2024-06-04,contract_preselection,S1,1,0,False,exact_symbol_date_chain_absent
APLD,2024-06-04,contract_preselection,S3,1,0,False,exact_symbol_date_chain_absent
APLD,2024-06-05,contract_preselection;entry_quote,S1,2,0,False,exact_symbol_date_chain_absent
APLD,2024-06-05,contract_preselection;entry_quote,S3,2,0,False,exact_symbol_date_chain_absent
APLD,2024-06-06,entry_quote;exit_quote,S1,2,0,False,exact_symbol_date_chain_absent
APLD,2024-06-06,entry_quote;exit_quote,S3,2,0,False,exact_symbol_date_chain_absent
APLD,2024-06-07,exit_quote,S1,1,0,False,exact_symbol_date_chain_absent
APLD,2024-06-07,exit_quote,S3,1,0,False,exact_symbol_date_chain_absent
APLD,2024-06-28,contract_preselection,S1,1,0,False,exact_symbol_date_chain_absent
APLD,2024-06-28,contract_preselection,S3,1,0,False,exact_symbol_date_chain_absent
APLD,2024-07-01,contract_preselection;entry_quote,S1,2,0,False,exact_symbol_date_chain_absent
APLD,2024-07-01,contract_preselection;entry_quote,S3,2,0,False,exact_symbol_date_chain_absent
APLD,2024-07-02,entry_quote;exit_quote,S1,2,0,False,exact_symbol_date_chain_absent
APLD,2024-07-02,entry_quote;exit_quote,S3,2,0,False,exact_symbol_date_chain_absent
APLD,2024-07-03,contract_preselection;exit_quote,S1,2,0,False,exact_symbol_date_chain_absent
APLD,2024-07-03,contract_preselection;exit_quote,S3,2,0,False,exact_symbol_date_chain_absent
APLD,2024-07-05,contract_preselection;entry_quote,S1,2,0,False,exact_symbol_date_chain_absent
APLD,2024-07-05,contract_preselection;entry_quote,S3,2,0,False,exact_symbol_date_chain_absent
APLD,2024-07-08,entry_quote;exit_quote,S1,2,0,False,exact_symbol_date_chain_absent
APLD,2024-07-08,entry_quote;exit_quote,S3,2,0,False,exact_symbol_date_chain_absent
APLD,2024-07-09,exit_quote,S1,1,0,False,exact_symbol_date_chain_absent
APLD,2024-07-09,exit_quote,S3,1,0,False,exact_symbol_date_chain_absent
APLD,2024-07-12,contract_preselection,S1,1,0,False,exact_symbol_date_chain_absent
APLD,2024-07-12,contract_preselection,S3,1,0,False,exact_symbol_date_chain_absent
APLD,2024-07-15,contract_preselection;entry_quote,S1,2,0,False,exact_symbol_date_chain_absent
APLD,2024-07-15,contract_preselection;entry_quote,S3,2,0,False,exact_symbol_date_chain_absent
APLD,2024-07-16,contract_preselection;entry_quote;exit_quote,S1,3,0,False,exact_symbol_date_chain_absent
APLD,2024-07-16,contract_preselection;entry_quote;exit_quote,S3,3,0,False,exact_symbol_date_chain_absent
APLD,2024-07-17,entry_quote;exit_quote,S1,2,0,False,exact_symbol_date_chain_absent
APLD,2024-07-17,entry_quote;exit_quote,S3,2,0,False,exact_symbol_date_chain_absent
APLD,2024-07-18,contract_preselection;exit_quote,S1,2,0,False,exact_symbol_date_chain_absent
APLD,2024-07-18,contract_preselection;exit_quote,S3,2,0,False,exact_symbol_date_chain_absent
APLD,2024-07-19,contract_preselection;entry_quote,S1,2,0,False,exact_symbol_date_chain_absent
APLD,2024-07-19,contract_preselection;entry_quote,S3,2,0,False,exact_symbol_date_chain_absent
APLD,2024-07-22,entry_quote;exit_quote,S1,2,0,False,exact_symbol_date_chain_absent
APLD,2024-07-22,entry_quote;exit_quote,S3,2,0,False,exact_symbol_date_chain_absent
APLD,2024-07-23,exit_quote,S1,1,0,False,exact_symbol_date_chain_absent
APLD,2024-07-23,exit_quote,S3,1,0,False,exact_symbol_date_chain_absent
APLD,2024-07-24,contract_preselection,S1,1,0,False,exact_symbol_date_chain_absent
APLD,2024-07-24,contract_preselection,S3,1,0,False,exact_symbol_date_chain_absent
APLD,2024-07-25,entry_quote,S1,1,0,False,exact_symbol_date_chain_absent
APLD,2024-07-25,entry_quote,S3,1,0,False,exact_symbol_date_chain_absent
APLD,2024-07-26,exit_quote,S1,1,0,False,exact_symbol_date_chain_absent
APLD,2024-07-26,exit_quote,S3,1,0,False,exact_symbol_date_chain_absent
APLD,2024-08-01,contract_preselection,S1,1,0,False,exact_symbol_date_chain_absent
APLD,2024-08-01,contract_preselection,S3,1,0,False,exact_symbol_date_chain_absent
APLD,2024-08-02,entry_quote,S1,1,0,False,exact_symbol_date_chain_absent
APLD,2024-08-02,entry_quote,S3,1,0,False,exact_symbol_date_chain_absent
APLD,2024-08-05,exit_quote,S1,1,0,False,exact_symbol_date_chain_absent
APLD,2024-08-05,exit_quote,S3,1,0,False,exact_symbol_date_chain_absent
APLD,2024-08-20,contract_preselection,S1,1,0,False,exact_symbol_date_chain_absent
APLD,2024-08-20,contract_preselection,S3,1,0,False,exact_symbol_date_chain_absent
APLD,2024-08-21,entry_quote,S1,1,0,False,exact_symbol_date_chain_absent
APLD,2024-08-21,entry_quote,S3,1,0,False,exact_symbol_date_chain_absent
APLD,2024-08-22,exit_quote,S1,1,0,False,exact_symbol_date_chain_absent
APLD,2024-08-22,exit_quote,S3,1,0,False,exact_symbol_date_chain_absent
APLD,2024-08-27,contract_preselection,S1,1,0,False,exact_symbol_date_chain_absent
APLD,2024-08-27,contract_preselection,S3,1,0,False,exact_symbol_date_chain_absent
APLD,2024-08-28,entry_quote,S1,1,0,False,exact_symbol_date_chain_absent
APLD,2024-08-28,entry_quote,S3,1,0,False,exact_symbol_date_chain_absent
APLD,2024-08-29,exit_quote,S1,1,0,False,exact_symbol_date_chain_absent
APLD,2024-08-29,exit_quote,S3,1,0,False,exact_symbol_date_chain_absent
APLD,2024-09-03,contract_preselection,S1,1,0,False,exact_symbol_date_chain_absent
APLD,2024-09-03,contract_preselection,S3,1,0,False,exact_symbol_date_chain_absent
APLD,2024-09-04,entry_quote,S1,1,0,False,exact_symbol_date_chain_absent
APLD,2024-09-04,entry_quote,S3,1,0,False,exact_symbol_date_chain_absent
APLD,2024-09-05,exit_quote,S1,1,0,False,exact_symbol_date_chain_absent
APLD,2024-09-05,exit_quote,S3,1,0,False,exact_symbol_date_chain_absent
APLD,2024-09-13,contract_preselection,S1,1,0,False,exact_symbol_date_chain_absent
APLD,2024-09-13,contract_preselection,S3,1,0,False,exact_symbol_date_chain_absent
APLD,2024-09-16,entry_quote,S1,1,0,False,exact_symbol_date_chain_absent
APLD,2024-09-16,entry_quote,S3,1,0,False,exact_symbol_date_chain_absent
APLD,2024-09-17,exit_quote,S1,1,0,False,exact_symbol_date_chain_absent
APLD,2024-09-17,exit_quote,S3,1,0,False,exact_symbol_date_chain_absent
APLD,2024-10-03,contract_preselection,S1,1,0,False,exact_symbol_date_chain_absent
APLD,2024-10-03,contract_preselection,S3,1,0,False,exact_symbol_date_chain_absent
APLD,2024-10-04,entry_quote,S1,1,0,False,exact_symbol_date_chain_absent
APLD,2024-10-04,entry_quote,S3,1,0,False,exact_symbol_date_chain_absent
APLD,2024-10-07,exit_quote,S1,1,0,False,exact_symbol_date_chain_absent
APLD,2024-10-07,exit_quote,S3,1,0,False,exact_symbol_date_chain_absent
APLD,2024-11-04,contract_preselection,S1,1,0,False,exact_symbol_date_chain_absent
APLD,2024-11-04,contract_preselection,S3,1,0,False,exact_symbol_date_chain_absent
APLD,2024-11-05,entry_quote,S1,1,0,False,exact_symbol_date_chain_absent
APLD,2024-11-05,entry_quote,S3,1,0,False,exact_symbol_date_chain_absent
APLD,2024-11-06,exit_quote,S1,1,0,False,exact_symbol_date_chain_absent
APLD,2024-11-06,exit_quote,S3,1,0,False,exact_symbol_date_chain_absent
APLD,2024-11-13,contract_preselection,S1,1,0,False,exact_symbol_date_chain_absent
APLD,2024-11-13,contract_preselection,S3,1,0,False,exact_symbol_date_chain_absent
APLD,2024-11-14,entry_quote,S1,1,0,False,exact_symbol_date_chain_absent
APLD,2024-11-14,entry_quote,S3,1,0,False,exact_symbol_date_chain_absent
APLD,2024-11-15,exit_quote,S1,1,0,False,exact_symbol_date_chain_absent
APLD,2024-11-15,exit_quote,S3,1,0,False,exact_symbol_date_chain_absent
APLD,2024-11-26,contract_preselection,S1,1,0,False,exact_symbol_date_chain_absent
APLD,2024-11-26,contract_preselection,S3,1,0,False,exact_symbol_date_chain_absent
APLD,2024-11-27,entry_quote,S1,1,0,False,exact_symbol_date_chain_absent
APLD,2024-11-27,entry_quote,S3,1,0,False,exact_symbol_date_chain_absent
APLD,2024-11-29,exit_quote,S1,1,0,False,exact_symbol_date_chain_absent
APLD,2024-11-29,exit_quote,S3,1,0,False,exact_symbol_date_chain_absent
APLD,2024-12-10,contract_preselection,S1,1,0,False,exact_symbol_date_chain_absent
APLD,2024-12-10,contract_preselection,S3,1,0,False,exact_symbol_date_chain_absent
APLD,2024-12-11,entry_quote,S1,1,0,False,exact_symbol_date_chain_absent
APLD,2024-12-11,entry_quote,S3,1,0,False,exact_symbol_date_chain_absent
APLD,2024-12-12,exit_quote,S1,1,0,False,exact_symbol_date_chain_absent
APLD,2024-12-12,exit_quote,S3,1,0,False,exact_symbol_date_chain_absent
APLD,2024-12-27,contract_preselection,S1,1,0,False,exact_symbol_date_chain_absent
APLD,2024-12-27,contract_preselection,S3,1,0,False,exact_symbol_date_chain_absent
APLD,2024-12-30,entry_quote,S1,1,0,False,exact_symbol_date_chain_absent
APLD,2024-12-30,entry_quote,S3,1,0,False,exact_symbol_date_chain_absent
APLD,2024-12-31,contract_preselection;exit_quote,S1,2,0,False,exact_symbol_date_chain_absent
APLD,2024-12-31,contract_preselection;exit_quote,S3,2,0,False,exact_symbol_date_chain_absent
APLD,2025-01-02,entry_quote,S1,1,0,False,exact_symbol_date_chain_absent
APLD,2025-01-02,entry_quote,S3,1,0,False,exact_symbol_date_chain_absent
APLD,2025-01-03,exit_quote,S1,1,0,False,exact_symbol_date_chain_absent
APLD,2025-01-03,exit_quote,S3,1,0,False,exact_symbol_date_chain_absent
APLD,2025-03-13,contract_preselection,S1,1,0,False,exact_symbol_date_chain_absent
APLD,2025-03-13,contract_preselection,S3,1,0,False,exact_symbol_date_chain_absent
APLD,2025-03-14,entry_quote,S1,1,0,False,exact_symbol_date_chain_absent
APLD,2025-03-14,entry_quote,S3,1,0,False,exact_symbol_date_chain_absent
APLD,2025-03-17,exit_quote,S1,1,0,False,exact_symbol_date_chain_absent
APLD,2025-03-17,exit_quote,S3,1,0,False,exact_symbol_date_chain_absent
APLD,2025-03-28,contract_preselection,S1,1,0,False,exact_symbol_date_chain_absent
APLD,2025-03-28,contract_preselection,S3,1,0,False,exact_symbol_date_chain_absent
APLD,2025-03-31,entry_quote,S1,1,0,False,exact_symbol_date_chain_absent
APLD,2025-03-31,entry_quote,S3,1,0,False,exact_symbol_date_chain_absent
APLD,2025-04-01,exit_quote,S1,1,0,False,exact_symbol_date_chain_absent
APLD,2025-04-01,exit_quote,S3,1,0,False,exact_symbol_date_chain_absent
APLD,2025-05-29,contract_preselection,S1,1,0,False,exact_symbol_date_chain_absent
APLD,2025-05-29,contract_preselection,S3,1,0,False,exact_symbol_date_chain_absent
APLD,2025-05-30,entry_quote,S1,1,0,False,exact_symbol_date_chain_absent
APLD,2025-05-30,entry_quote,S3,1,0,False,exact_symbol_date_chain_absent
APLD,2025-06-02,exit_quote,S1,1,0,False,exact_symbol_date_chain_absent
APLD,2025-06-02,exit_quote,S3,1,0,False,exact_symbol_date_chain_absent
APLD,2025-07-10,contract_preselection,S1,1,0,False,exact_symbol_date_chain_absent
APLD,2025-07-10,contract_preselection,S3,1,0,False,exact_symbol_date_chain_absent
APLD,2025-07-11,entry_quote,S1,1,0,False,exact_symbol_date_chain_absent
APLD,2025-07-11,entry_quote,S3,1,0,False,exact_symbol_date_chain_absent
APLD,2025-07-14,exit_quote,S1,1,0,False,exact_symbol_date_chain_absent
APLD,2025-07-14,exit_quote,S3,1,0,False,exact_symbol_date_chain_absent
APLD,2025-07-15,contract_preselection,S1,1,0,False,exact_symbol_date_chain_absent
APLD,2025-07-15,contract_preselection,S3,1,0,False,exact_symbol_date_chain_absent
APLD,2025-07-16,entry_quote,S1,1,0,False,exact_symbol_date_chain_absent
APLD,2025-07-16,entry_quote,S3,1,0,False,exact_symbol_date_chain_absent
APLD,2025-07-17,exit_quote,S1,1,0,False,exact_symbol_date_chain_absent
APLD,2025-07-17,exit_quote,S3,1,0,False,exact_symbol_date_chain_absent
APLD,2025-07-23,contract_preselection,S1,1,0,False,exact_symbol_date_chain_absent
APLD,2025-07-23,contract_preselection,S3,1,0,False,exact_symbol_date_chain_absent
APLD,2025-07-24,contract_preselection;entry_quote,S1,2,0,False,exact_symbol_date_chain_absent
APLD,2025-07-24,contract_preselection;entry_quote,S3,2,0,False,exact_symbol_date_chain_absent
APLD,2025-07-25,contract_preselection;entry_quote;exit_quote,S1,3,0,False,exact_symbol_date_chain_absent
APLD,2025-07-25,contract_preselection;entry_quote;exit_quote,S3,3,0,False,exact_symbol_date_chain_absent
APLD,2025-07-28,entry_quote;exit_quote,S1,2,0,False,exact_symbol_date_chain_absent
APLD,2025-07-28,entry_quote;exit_quote,S3,2,0,False,exact_symbol_date_chain_absent
APLD,2025-07-29,exit_quote,S1,1,0,False,exact_symbol_date_chain_absent
APLD,2025-07-29,exit_quote,S3,1,0,False,exact_symbol_date_chain_absent
APLD,2025-08-05,contract_preselection,S1,1,0,False,exact_symbol_date_chain_absent
APLD,2025-08-05,contract_preselection,S3,1,0,False,exact_symbol_date_chain_absent
APLD,2025-08-06,contract_preselection;entry_quote,S1,2,0,False,exact_symbol_date_chain_absent
APLD,2025-08-06,contract_preselection;entry_quote,S3,2,0,False,exact_symbol_date_chain_absent
APLD,2025-08-07,entry_quote;exit_quote,S1,2,0,False,exact_symbol_date_chain_absent
APLD,2025-08-07,entry_quote;exit_quote,S3,2,0,False,exact_symbol_date_chain_absent
APLD,2025-08-08,exit_quote,S1,1,0,False,exact_symbol_date_chain_absent
APLD,2025-08-08,exit_quote,S3,1,0,False,exact_symbol_date_chain_absent
APLD,2025-08-13,contract_preselection,S1,1,0,False,exact_symbol_date_chain_absent
APLD,2025-08-13,contract_preselection,S3,1,0,False,exact_symbol_date_chain_absent
APLD,2025-08-14,entry_quote,S1,1,0,False,exact_symbol_date_chain_absent
APLD,2025-08-14,entry_quote,S3,1,0,False,exact_symbol_date_chain_absent
APLD,2025-08-15,exit_quote,S1,1,0,False,exact_symbol_date_chain_absent
APLD,2025-08-15,exit_quote,S3,1,0,False,exact_symbol_date_chain_absent
APLD,2025-08-18,contract_preselection,S1,1,0,False,exact_symbol_date_chain_absent
APLD,2025-08-18,contract_preselection,S3,1,0,False,exact_symbol_date_chain_absent
APLD,2025-08-19,entry_quote,S1,1,0,False,exact_symbol_date_chain_absent
APLD,2025-08-19,entry_quote,S3,1,0,False,exact_symbol_date_chain_absent
APLD,2025-08-20,contract_preselection;exit_quote,S1,2,0,False,exact_symbol_date_chain_absent
APLD,2025-08-20,contract_preselection;exit_quote,S3,2,0,False,exact_symbol_date_chain_absent
APLD,2025-08-21,entry_quote,S1,1,0,False,exact_symbol_date_chain_absent
APLD,2025-08-21,entry_quote,S3,1,0,False,exact_symbol_date_chain_absent
APLD,2025-08-22,exit_quote,S1,1,0,False,exact_symbol_date_chain_absent
APLD,2025-08-22,exit_quote,S3,1,0,False,exact_symbol_date_chain_absent
ASTS,2024-01-26,contract_preselection,S1,1,0,False,exact_symbol_date_chain_absent
ASTS,2024-01-26,contract_preselection,S3,1,0,False,exact_symbol_date_chain_absent
ASTS,2024-01-29,entry_quote,S1,1,0,False,exact_symbol_date_chain_absent
ASTS,2024-01-29,entry_quote,S3,1,0,False,exact_symbol_date_chain_absent
ASTS,2024-01-30,exit_quote,S1,1,0,False,exact_symbol_date_chain_absent
ASTS,2024-01-30,exit_quote,S3,1,0,False,exact_symbol_date_chain_absent
ASTS,2024-02-08,contract_preselection,S1,1,0,False,exact_symbol_date_chain_absent
ASTS,2024-02-08,contract_preselection,S3,1,0,False,exact_symbol_date_chain_absent
ASTS,2024-02-09,entry_quote,S1,1,0,False,exact_symbol_date_chain_absent
ASTS,2024-02-09,entry_quote,S3,1,0,False,exact_symbol_date_chain_absent
ASTS,2024-02-12,exit_quote,S1,1,0,False,exact_symbol_date_chain_absent
ASTS,2024-02-12,exit_quote,S3,1,0,False,exact_symbol_date_chain_absent
ASTS,2024-02-28,contract_preselection,S1,1,0,False,exact_symbol_date_chain_absent
ASTS,2024-02-28,contract_preselection,S3,1,0,False,exact_symbol_date_chain_absent
ASTS,2024-02-29,entry_quote,S1,1,0,False,exact_symbol_date_chain_absent
ASTS,2024-02-29,entry_quote,S3,1,0,False,exact_symbol_date_chain_absent
ASTS,2024-03-01,exit_quote,S1,1,0,False,exact_symbol_date_chain_absent
ASTS,2024-03-01,exit_quote,S3,1,0,False,exact_symbol_date_chain_absent
ASTS,2024-03-11,contract_preselection,S1,1,0,False,exact_symbol_date_chain_absent
ASTS,2024-03-11,contract_preselection,S3,1,0,False,exact_symbol_date_chain_absent
ASTS,2024-03-12,entry_quote,S1,1,0,False,exact_symbol_date_chain_absent
ASTS,2024-03-12,entry_quote,S3,1,0,False,exact_symbol_date_chain_absent
ASTS,2024-03-13,exit_quote,S1,1,0,False,exact_symbol_date_chain_absent
ASTS,2024-03-13,exit_quote,S3,1,0,False,exact_symbol_date_chain_absent
ASTS,2024-03-19,contract_preselection,S1,1,0,False,exact_symbol_date_chain_absent
ASTS,2024-03-19,contract_preselection,S3,1,0,False,exact_symbol_date_chain_absent
ASTS,2024-03-20,contract_preselection;entry_quote,S1,2,0,False,exact_symbol_date_chain_absent
ASTS,2024-03-20,contract_preselection;entry_quote,S3,2,0,False,exact_symbol_date_chain_absent
ASTS,2024-03-21,entry_quote;exit_quote,S1,2,0,False,exact_symbol_date_chain_absent
ASTS,2024-03-21,entry_quote;exit_quote,S3,2,0,False,exact_symbol_date_chain_absent
ASTS,2024-03-22,exit_quote,S1,1,0,False,exact_symbol_date_chain_absent
ASTS,2024-03-22,exit_quote,S3,1,0,False,exact_symbol_date_chain_absent
ASTS,2024-03-26,contract_preselection,S1,1,0,False,exact_symbol_date_chain_absent
ASTS,2024-03-26,contract_preselection,S3,1,0,False,exact_symbol_date_chain_absent
ASTS,2024-03-27,entry_quote,S1,1,0,False,exact_symbol_date_chain_absent
ASTS,2024-03-27,entry_quote,S3,1,0,False,exact_symbol_date_chain_absent
ASTS,2024-03-28,exit_quote,S1,1,0,False,exact_symbol_date_chain_absent
ASTS,2024-03-28,exit_quote,S3,1,0,False,exact_symbol_date_chain_absent
ASTS,2024-04-05,contract_preselection,S1,1,0,False,exact_symbol_date_chain_absent
ASTS,2024-04-05,contract_preselection,S3,1,0,False,exact_symbol_date_chain_absent
ASTS,2024-04-08,entry_quote,S1,1,0,False,exact_symbol_date_chain_absent
ASTS,2024-04-08,entry_quote,S3,1,0,False,exact_symbol_date_chain_absent
ASTS,2024-04-09,contract_preselection;exit_quote,S1,2,0,False,exact_symbol_date_chain_absent
ASTS,2024-04-09,contract_preselection;exit_quote,S3,2,0,False,exact_symbol_date_chain_absent
ASTS,2024-04-10,entry_quote,S1,1,0,False,exact_symbol_date_chain_absent
ASTS,2024-04-10,entry_quote,S3,1,0,False,exact_symbol_date_chain_absent
ASTS,2024-04-11,exit_quote,S1,1,0,False,exact_symbol_date_chain_absent
ASTS,2024-04-11,exit_quote,S3,1,0,False,exact_symbol_date_chain_absent
ASTS,2024-04-17,contract_preselection,S1,1,0,False,exact_symbol_date_chain_absent
ASTS,2024-04-17,contract_preselection,S3,1,0,False,exact_symbol_date_chain_absent
ASTS,2024-04-18,entry_quote,S1,1,0,False,exact_symbol_date_chain_absent
ASTS,2024-04-18,entry_quote,S3,1,0,False,exact_symbol_date_chain_absent
ASTS,2024-04-19,contract_preselection;exit_quote,S1,2,0,False,exact_symbol_date_chain_absent
ASTS,2024-04-19,contract_preselection;exit_quote,S3,2,0,False,exact_symbol_date_chain_absent
ASTS,2024-04-22,entry_quote,S1,1,0,False,exact_symbol_date_chain_absent
ASTS,2024-04-22,entry_quote,S3,1,0,False,exact_symbol_date_chain_absent
ASTS,2024-04-23,contract_preselection;exit_quote,S1,2,0,False,exact_symbol_date_chain_absent
ASTS,2024-04-23,contract_preselection;exit_quote,S3,2,0,False,exact_symbol_date_chain_absent
ASTS,2024-04-24,entry_quote,S1,1,0,False,exact_symbol_date_chain_absent
ASTS,2024-04-24,entry_quote,S3,1,0,False,exact_symbol_date_chain_absent
ASTS,2024-04-25,exit_quote,S1,1,0,False,exact_symbol_date_chain_absent
ASTS,2024-04-25,exit_quote,S3,1,0,False,exact_symbol_date_chain_absent
ASTS,2024-05-01,contract_preselection,S1,1,0,False,exact_symbol_date_chain_absent
ASTS,2024-05-01,contract_preselection,S3,1,0,False,exact_symbol_date_chain_absent
ASTS,2024-05-02,entry_quote,S1,1,0,False,exact_symbol_date_chain_absent
ASTS,2024-05-02,entry_quote,S3,1,0,False,exact_symbol_date_chain_absent
ASTS,2024-05-03,exit_quote,S1,1,0,False,exact_symbol_date_chain_absent
ASTS,2024-05-03,exit_quote,S3,1,0,False,exact_symbol_date_chain_absent
ASTS,2024-05-13,contract_preselection,S1,1,0,False,exact_symbol_date_chain_absent
ASTS,2024-05-13,contract_preselection,S3,1,0,False,exact_symbol_date_chain_absent
ASTS,2024-05-14,entry_quote,S1,1,0,False,exact_symbol_date_chain_absent
ASTS,2024-05-14,entry_quote,S3,1,0,False,exact_symbol_date_chain_absent
ASTS,2024-05-15,exit_quote,S1,1,0,False,exact_symbol_date_chain_absent
ASTS,2024-05-15,exit_quote,S3,1,0,False,exact_symbol_date_chain_absent
ASTS,2024-05-22,contract_preselection,S1,1,0,False,exact_symbol_date_chain_absent
ASTS,2024-05-22,contract_preselection,S3,1,0,False,exact_symbol_date_chain_absent
ASTS,2024-05-23,contract_preselection;entry_quote,S1,2,0,False,exact_symbol_date_chain_absent
ASTS,2024-05-23,contract_preselection;entry_quote,S3,2,0,False,exact_symbol_date_chain_absent
ASTS,2024-05-24,entry_quote;exit_quote,S1,2,0,False,exact_symbol_date_chain_absent
ASTS,2024-05-24,entry_quote;exit_quote,S3,2,0,False,exact_symbol_date_chain_absent
ASTS,2024-05-28,exit_quote,S1,1,0,False,exact_symbol_date_chain_absent
ASTS,2024-05-28,exit_quote,S3,1,0,False,exact_symbol_date_chain_absent
ASTS,2024-06-05,contract_preselection,S1,1,0,False,exact_symbol_date_chain_absent
ASTS,2024-06-05,contract_preselection,S3,1,0,False,exact_symbol_date_chain_absent
ASTS,2024-06-06,entry_quote,S1,1,0,False,exact_symbol_date_chain_absent
ASTS,2024-06-06,entry_quote,S3,1,0,False,exact_symbol_date_chain_absent
ASTS,2024-06-07,exit_quote,S1,1,0,False,exact_symbol_date_chain_absent
ASTS,2024-06-07,exit_quote,S3,1,0,False,exact_symbol_date_chain_absent
ASTS,2024-06-24,contract_preselection,S1,1,0,False,exact_symbol_date_chain_absent
ASTS,2024-06-24,contract_preselection,S3,1,0,False,exact_symbol_date_chain_absent
ASTS,2024-06-25,entry_quote,S1,1,0,False,exact_symbol_date_chain_absent
ASTS,2024-06-25,entry_quote,S3,1,0,False,exact_symbol_date_chain_absent
ASTS,2024-06-26,contract_preselection;exit_quote,S1,2,0,False,exact_symbol_date_chain_absent
ASTS,2024-06-26,contract_preselection;exit_quote,S3,2,0,False,exact_symbol_date_chain_absent
ASTS,2024-06-27,entry_quote,S1,1,0,False,exact_symbol_date_chain_absent
ASTS,2024-06-27,entry_quote,S3,1,0,False,exact_symbol_date_chain_absent
ASTS,2024-06-28,exit_quote,S1,1,0,False,exact_symbol_date_chain_absent
ASTS,2024-06-28,exit_quote,S3,1,0,False,exact_symbol_date_chain_absent
ASTS,2024-07-01,contract_preselection,S1,1,0,False,exact_symbol_date_chain_absent
ASTS,2024-07-01,contract_preselection,S3,1,0,False,exact_symbol_date_chain_absent
ASTS,2024-07-02,entry_quote,S1,1,0,False,exact_symbol_date_chain_absent
ASTS,2024-07-02,entry_quote,S3,1,0,False,exact_symbol_date_chain_absent
ASTS,2024-07-03,exit_quote,S1,1,0,False,exact_symbol_date_chain_absent
ASTS,2024-07-03,exit_quote,S3,1,0,False,exact_symbol_date_chain_absent
ASTS,2024-07-11,contract_preselection,S1,1,0,False,exact_symbol_date_chain_absent
ASTS,2024-07-11,contract_preselection,S3,1,0,False,exact_symbol_date_chain_absent
ASTS,2024-07-12,entry_quote,S1,1,0,False,exact_symbol_date_chain_absent
ASTS,2024-07-12,entry_quote,S3,1,0,False,exact_symbol_date_chain_absent
ASTS,2024-07-15,contract_preselection;exit_quote,S1,2,0,False,exact_symbol_date_chain_absent
ASTS,2024-07-15,contract_preselection;exit_quote,S3,2,0,False,exact_symbol_date_chain_absent
ASTS,2024-07-16,contract_preselection;entry_quote,S1,2,0,False,exact_symbol_date_chain_absent
ASTS,2024-07-16,contract_preselection;entry_quote,S3,2,0,False,exact_symbol_date_chain_absent
ASTS,2024-07-17,entry_quote;exit_quote,S1,2,0,False,exact_symbol_date_chain_absent
ASTS,2024-07-17,entry_quote;exit_quote,S3,2,0,False,exact_symbol_date_chain_absent
ASTS,2024-07-18,exit_quote,S1,1,0,False,exact_symbol_date_chain_absent
ASTS,2024-07-18,exit_quote,S3,1,0,False,exact_symbol_date_chain_absent
ASTS,2024-07-29,contract_preselection,S1,1,0,False,exact_symbol_date_chain_absent
ASTS,2024-07-29,contract_preselection,S3,1,0,False,exact_symbol_date_chain_absent
ASTS,2024-07-30,entry_quote,S1,1,0,False,exact_symbol_date_chain_absent
ASTS,2024-07-30,entry_quote,S3,1,0,False,exact_symbol_date_chain_absent
ASTS,2024-07-31,exit_quote,S1,1,0,False,exact_symbol_date_chain_absent
ASTS,2024-07-31,exit_quote,S3,1,0,False,exact_symbol_date_chain_absent
ASTS,2024-08-29,contract_preselection,S1,1,0,False,exact_symbol_date_chain_absent
ASTS,2024-08-29,contract_preselection,S3,1,0,False,exact_symbol_date_chain_absent
ASTS,2024-08-30,contract_preselection;entry_quote,S1,2,0,False,exact_symbol_date_chain_absent
ASTS,2024-08-30,contract_preselection;entry_quote,S3,2,0,False,exact_symbol_date_chain_absent
ASTS,2024-09-03,entry_quote;exit_quote,S1,2,0,False,exact_symbol_date_chain_absent
ASTS,2024-09-03,entry_quote;exit_quote,S3,2,0,False,exact_symbol_date_chain_absent
ASTS,2024-09-04,exit_quote,S1,1,0,False,exact_symbol_date_chain_absent
ASTS,2024-09-04,exit_quote,S3,1,0,False,exact_symbol_date_chain_absent
ASTS,2024-09-10,contract_preselection,S1,1,0,False,exact_symbol_date_chain_absent
ASTS,2024-09-10,contract_preselection,S3,1,0,False,exact_symbol_date_chain_absent
ASTS,2024-09-11,entry_quote,S1,1,0,False,exact_symbol_date_chain_absent
ASTS,2024-09-11,entry_quote,S3,1,0,False,exact_symbol_date_chain_absent
ASTS,2024-09-12,exit_quote,S1,1,0,False,exact_symbol_date_chain_absent
ASTS,2024-09-12,exit_quote,S3,1,0,False,exact_symbol_date_chain_absent
ASTS,2024-09-13,contract_preselection,S1,1,0,False,exact_symbol_date_chain_absent
ASTS,2024-09-13,contract_preselection,S3,1,0,False,exact_symbol_date_chain_absent
ASTS,2024-09-16,entry_quote,S1,1,0,False,exact_symbol_date_chain_absent
ASTS,2024-09-16,entry_quote,S3,1,0,False,exact_symbol_date_chain_absent
ASTS,2024-09-17,exit_quote,S1,1,0,False,exact_symbol_date_chain_absent
ASTS,2024-09-17,exit_quote,S3,1,0,False,exact_symbol_date_chain_absent
ASTS,2024-09-23,contract_preselection,S1,1,0,False,exact_symbol_date_chain_absent
ASTS,2024-09-23,contract_preselection,S3,1,0,False,exact_symbol_date_chain_absent
ASTS,2024-09-24,entry_quote,S1,1,0,False,exact_symbol_date_chain_absent
ASTS,2024-09-24,entry_quote,S3,1,0,False,exact_symbol_date_chain_absent
ASTS,2024-09-25,exit_quote,S1,1,0,False,exact_symbol_date_chain_absent
ASTS,2024-09-25,exit_quote,S3,1,0,False,exact_symbol_date_chain_absent
ASTS,2024-09-30,contract_preselection,S1,1,0,False,exact_symbol_date_chain_absent
ASTS,2024-09-30,contract_preselection,S3,1,0,False,exact_symbol_date_chain_absent
ASTS,2024-10-01,entry_quote,S1,1,0,False,exact_symbol_date_chain_absent
ASTS,2024-10-01,entry_quote,S3,1,0,False,exact_symbol_date_chain_absent
ASTS,2024-10-02,exit_quote,S1,1,0,False,exact_symbol_date_chain_absent
ASTS,2024-10-02,exit_quote,S3,1,0,False,exact_symbol_date_chain_absent
ASTS,2024-10-03,contract_preselection,S1,1,0,False,exact_symbol_date_chain_absent
ASTS,2024-10-03,contract_preselection,S3,1,0,False,exact_symbol_date_chain_absent
ASTS,2024-10-04,entry_quote,S1,1,0,False,exact_symbol_date_chain_absent
ASTS,2024-10-04,entry_quote,S3,1,0,False,exact_symbol_date_chain_absent
ASTS,2024-10-07,exit_quote,S1,1,0,False,exact_symbol_date_chain_absent
ASTS,2024-10-07,exit_quote,S3,1,0,False,exact_symbol_date_chain_absent
ASTS,2024-10-09,contract_preselection,S1,1,0,False,exact_symbol_date_chain_absent
ASTS,2024-10-09,contract_preselection,S3,1,0,False,exact_symbol_date_chain_absent
ASTS,2024-10-10,entry_quote,S1,1,0,False,exact_symbol_date_chain_absent
ASTS,2024-10-10,entry_quote,S3,1,0,False,exact_symbol_date_chain_absent
ASTS,2024-10-11,contract_preselection;exit_quote,S1,2,0,False,exact_symbol_date_chain_absent
ASTS,2024-10-11,contract_preselection;exit_quote,S3,2,0,False,exact_symbol_date_chain_absent
ASTS,2024-10-14,entry_quote,S1,1,0,False,exact_symbol_date_chain_absent
ASTS,2024-10-14,entry_quote,S3,1,0,False,exact_symbol_date_chain_absent
ASTS,2024-10-15,exit_quote,S1,1,0,False,exact_symbol_date_chain_absent
ASTS,2024-10-15,exit_quote,S3,1,0,False,exact_symbol_date_chain_absent
ASTS,2024-10-18,contract_preselection,S1,1,0,False,exact_symbol_date_chain_absent
ASTS,2024-10-18,contract_preselection,S3,1,0,False,exact_symbol_date_chain_absent
ASTS,2024-10-21,contract_preselection;entry_quote,S1,2,0,False,exact_symbol_date_chain_absent
ASTS,2024-10-21,contract_preselection;entry_quote,S3,2,0,False,exact_symbol_date_chain_absent
ASTS,2024-10-22,contract_preselection;entry_quote;exit_quote,S1,3,0,False,exact_symbol_date_chain_absent
ASTS,2024-10-22,contract_preselection;entry_quote;exit_quote,S3,3,0,False,exact_symbol_date_chain_absent
ASTS,2024-10-23,entry_quote;exit_quote,S1,2,0,False,exact_symbol_date_chain_absent
ASTS,2024-10-23,entry_quote;exit_quote,S3,2,0,False,exact_symbol_date_chain_absent
ASTS,2024-10-24,exit_quote,S1,1,0,False,exact_symbol_date_chain_absent
ASTS,2024-10-24,exit_quote,S3,1,0,False,exact_symbol_date_chain_absent
ASTS,2024-10-30,contract_preselection,S1,1,0,False,exact_symbol_date_chain_absent
ASTS,2024-10-30,contract_preselection,S3,1,0,False,exact_symbol_date_chain_absent
ASTS,2024-10-31,entry_quote,S1,1,0,False,exact_symbol_date_chain_absent
ASTS,2024-10-31,entry_quote,S3,1,0,False,exact_symbol_date_chain_absent
ASTS,2024-11-01,exit_quote,S1,1,0,False,exact_symbol_date_chain_absent
ASTS,2024-11-01,exit_quote,S3,1,0,False,exact_symbol_date_chain_absent
ASTS,2024-11-05,contract_preselection,S1,1,0,False,exact_symbol_date_chain_absent
ASTS,2024-11-05,contract_preselection,S3,1,0,False,exact_symbol_date_chain_absent
ASTS,2024-11-06,entry_quote,S1,1,0,False,exact_symbol_date_chain_absent
ASTS,2024-11-06,entry_quote,S3,1,0,False,exact_symbol_date_chain_absent
ASTS,2024-11-07,exit_quote,S1,1,0,False,exact_symbol_date_chain_absent
ASTS,2024-11-07,exit_quote,S3,1,0,False,exact_symbol_date_chain_absent
ASTS,2024-11-19,contract_preselection,S1,1,0,False,exact_symbol_date_chain_absent
ASTS,2024-11-19,contract_preselection,S3,1,0,False,exact_symbol_date_chain_absent
ASTS,2024-11-20,entry_quote,S1,1,0,False,exact_symbol_date_chain_absent
ASTS,2024-11-20,entry_quote,S3,1,0,False,exact_symbol_date_chain_absent
ASTS,2024-11-21,contract_preselection;exit_quote,S1,2,0,False,exact_symbol_date_chain_absent
ASTS,2024-11-21,contract_preselection;exit_quote,S3,2,0,False,exact_symbol_date_chain_absent
ASTS,2024-11-22,entry_quote,S1,1,0,False,exact_symbol_date_chain_absent
ASTS,2024-11-22,entry_quote,S3,1,0,False,exact_symbol_date_chain_absent
ASTS,2024-11-25,exit_quote,S1,1,0,False,exact_symbol_date_chain_absent
ASTS,2024-11-25,exit_quote,S3,1,0,False,exact_symbol_date_chain_absent
ASTS,2024-12-20,contract_preselection,S1,1,0,False,exact_symbol_date_chain_absent
ASTS,2024-12-20,contract_preselection,S3,1,0,False,exact_symbol_date_chain_absent
ASTS,2024-12-23,entry_quote,S1,1,0,False,exact_symbol_date_chain_absent
ASTS,2024-12-23,entry_quote,S3,1,0,False,exact_symbol_date_chain_absent
ASTS,2024-12-24,exit_quote,S1,1,0,False,exact_symbol_date_chain_absent
ASTS,2024-12-24,exit_quote,S3,1,0,False,exact_symbol_date_chain_absent
ASTS,2024-12-27,contract_preselection,S1,1,0,False,exact_symbol_date_chain_absent
ASTS,2024-12-27,contract_preselection,S3,1,0,False,exact_symbol_date_chain_absent
ASTS,2024-12-30,entry_quote,S1,1,0,False,exact_symbol_date_chain_absent
ASTS,2024-12-30,entry_quote,S3,1,0,False,exact_symbol_date_chain_absent
ASTS,2024-12-31,exit_quote,S1,1,0,False,exact_symbol_date_chain_absent
ASTS,2024-12-31,exit_quote,S3,1,0,False,exact_symbol_date_chain_absent
ASTS,2025-01-02,contract_preselection,S1,1,0,False,exact_symbol_date_chain_absent
ASTS,2025-01-02,contract_preselection,S3,1,0,False,exact_symbol_date_chain_absent
ASTS,2025-01-03,entry_quote,S1,1,0,False,exact_symbol_date_chain_absent
ASTS,2025-01-03,entry_quote,S3,1,0,False,exact_symbol_date_chain_absent
ASTS,2025-01-06,exit_quote,S1,1,0,False,exact_symbol_date_chain_absent
ASTS,2025-01-06,exit_quote,S3,1,0,False,exact_symbol_date_chain_absent
ASTS,2025-01-15,contract_preselection,S1,1,0,False,exact_symbol_date_chain_absent
ASTS,2025-01-15,contract_preselection,S3,1,0,False,exact_symbol_date_chain_absent
ASTS,2025-01-16,entry_quote,S1,1,0,False,exact_symbol_date_chain_absent
ASTS,2025-01-16,entry_quote,S3,1,0,False,exact_symbol_date_chain_absent
ASTS,2025-01-17,exit_quote,S1,1,0,False,exact_symbol_date_chain_absent
ASTS,2025-01-17,exit_quote,S3,1,0,False,exact_symbol_date_chain_absent
ASTS,2025-01-29,contract_preselection,S1,1,0,False,exact_symbol_date_chain_absent
ASTS,2025-01-29,contract_preselection,S3,1,0,False,exact_symbol_date_chain_absent
ASTS,2025-01-30,entry_quote,S1,1,0,False,exact_symbol_date_chain_absent
ASTS,2025-01-30,entry_quote,S3,1,0,False,exact_symbol_date_chain_absent
ASTS,2025-01-31,exit_quote,S1,1,0,False,exact_symbol_date_chain_absent
ASTS,2025-01-31,exit_quote,S3,1,0,False,exact_symbol_date_chain_absent
ASTS,2025-02-04,contract_preselection,S1,1,0,False,exact_symbol_date_chain_absent
ASTS,2025-02-04,contract_preselection,S3,1,0,False,exact_symbol_date_chain_absent
ASTS,2025-02-05,entry_quote,S1,1,0,False,exact_symbol_date_chain_absent
ASTS,2025-02-05,entry_quote,S3,1,0,False,exact_symbol_date_chain_absent
ASTS,2025-02-06,exit_quote,S1,1,0,False,exact_symbol_date_chain_absent
ASTS,2025-02-06,exit_quote,S3,1,0,False,exact_symbol_date_chain_absent
ASTS,2025-02-13,contract_preselection,S1,1,0,False,exact_symbol_date_chain_absent
ASTS,2025-02-13,contract_preselection,S3,1,0,False,exact_symbol_date_chain_absent
ASTS,2025-02-14,entry_quote,S1,1,0,False,exact_symbol_date_chain_absent
ASTS,2025-02-14,entry_quote,S3,1,0,False,exact_symbol_date_chain_absent
ASTS,2025-02-18,exit_quote,S1,1,0,False,exact_symbol_date_chain_absent
ASTS,2025-02-18,exit_quote,S3,1,0,False,exact_symbol_date_chain_absent
ASTS,2025-02-19,contract_preselection,S1,1,0,False,exact_symbol_date_chain_absent
ASTS,2025-02-19,contract_preselection,S3,1,0,False,exact_symbol_date_chain_absent
ASTS,2025-02-20,entry_quote,S1,1,0,False,exact_symbol_date_chain_absent
ASTS,2025-02-20,entry_quote,S3,1,0,False,exact_symbol_date_chain_absent
ASTS,2025-02-21,exit_quote,S1,1,0,False,exact_symbol_date_chain_absent
ASTS,2025-02-21,exit_quote,S3,1,0,False,exact_symbol_date_chain_absent
ASTS,2025-02-24,contract_preselection,S1,1,0,False,exact_symbol_date_chain_absent
ASTS,2025-02-24,contract_preselection,S3,1,0,False,exact_symbol_date_chain_absent
ASTS,2025-02-25,entry_quote,S1,1,0,False,exact_symbol_date_chain_absent
ASTS,2025-02-25,entry_quote,S3,1,0,False,exact_symbol_date_chain_absent
ASTS,2025-02-26,exit_quote,S1,1,0,False,exact_symbol_date_chain_absent
ASTS,2025-02-26,exit_quote,S3,1,0,False,exact_symbol_date_chain_absent
ASTS,2025-02-27,contract_preselection,S1,1,0,False,exact_symbol_date_chain_absent
ASTS,2025-02-27,contract_preselection,S3,1,0,False,exact_symbol_date_chain_absent
ASTS,2025-02-28,entry_quote,S1,1,0,False,exact_symbol_date_chain_absent
ASTS,2025-02-28,entry_quote,S3,1,0,False,exact_symbol_date_chain_absent
ASTS,2025-03-03,exit_quote,S1,1,0,False,exact_symbol_date_chain_absent
ASTS,2025-03-03,exit_quote,S3,1,0,False,exact_symbol_date_chain_absent
ASTS,2025-03-13,contract_preselection,S1,1,0,False,exact_symbol_date_chain_absent
ASTS,2025-03-13,contract_preselection,S3,1,0,False,exact_symbol_date_chain_absent
ASTS,2025-03-14,contract_preselection;entry_quote,S1,2,0,False,exact_symbol_date_chain_absent
ASTS,2025-03-14,contract_preselection;entry_quote,S3,2,0,False,exact_symbol_date_chain_absent
ASTS,2025-03-17,contract_preselection;entry_quote;exit_quote,S1,3,0,False,exact_symbol_date_chain_absent
ASTS,2025-03-17,contract_preselection;entry_quote;exit_quote,S3,3,0,False,exact_symbol_date_chain_absent
ASTS,2025-03-18,entry_quote;exit_quote,S1,2,0,False,exact_symbol_date_chain_absent
ASTS,2025-03-18,entry_quote;exit_quote,S3,2,0,False,exact_symbol_date_chain_absent
ASTS,2025-03-19,exit_quote,S1,1,0,False,exact_symbol_date_chain_absent
ASTS,2025-03-19,exit_quote,S3,1,0,False,exact_symbol_date_chain_absent
ASTS,2025-03-21,contract_preselection,S1,1,0,False,exact_symbol_date_chain_absent
ASTS,2025-03-21,contract_preselection,S3,1,0,False,exact_symbol_date_chain_absent
ASTS,2025-03-24,contract_preselection;entry_quote,S1,2,0,False,exact_symbol_date_chain_absent
ASTS,2025-03-24,contract_preselection;entry_quote,S3,2,0,False,exact_symbol_date_chain_absent
ASTS,2025-03-25,entry_quote;exit_quote,S1,2,0,False,exact_symbol_date_chain_absent
ASTS,2025-03-25,entry_quote;exit_quote,S3,2,0,False,exact_symbol_date_chain_absent
ASTS,2025-03-26,contract_preselection;exit_quote,S1,2,0,False,exact_symbol_date_chain_absent
ASTS,2025-03-26,contract_preselection;exit_quote,S3,2,0,False,exact_symbol_date_chain_absent
ASTS,2025-03-27,entry_quote,S1,1,0,False,exact_symbol_date_chain_absent
ASTS,2025-03-27,entry_quote,S3,1,0,False,exact_symbol_date_chain_absent
ASTS,2025-03-28,exit_quote,S1,1,0,False,exact_symbol_date_chain_absent
ASTS,2025-03-28,exit_quote,S3,1,0,False,exact_symbol_date_chain_absent
ASTS,2025-04-01,contract_preselection,S1,1,0,False,exact_symbol_date_chain_absent
ASTS,2025-04-01,contract_preselection,S3,1,0,False,exact_symbol_date_chain_absent
ASTS,2025-04-02,entry_quote,S1,1,0,False,exact_symbol_date_chain_absent
ASTS,2025-04-02,entry_quote,S3,1,0,False,exact_symbol_date_chain_absent
ASTS,2025-04-03,exit_quote,S1,1,0,False,exact_symbol_date_chain_absent
ASTS,2025-04-03,exit_quote,S3,1,0,False,exact_symbol_date_chain_absent
ASTS,2025-04-10,contract_preselection,S1,1,0,False,exact_symbol_date_chain_absent
ASTS,2025-04-10,contract_preselection,S3,1,0,False,exact_symbol_date_chain_absent
ASTS,2025-04-11,entry_quote,S1,1,0,False,exact_symbol_date_chain_absent
ASTS,2025-04-11,entry_quote,S3,1,0,False,exact_symbol_date_chain_absent
ASTS,2025-04-14,exit_quote,S1,1,0,False,exact_symbol_date_chain_absent
ASTS,2025-04-14,exit_quote,S3,1,0,False,exact_symbol_date_chain_absent
ASTS,2025-05-07,contract_preselection,S1,1,0,False,exact_symbol_date_chain_absent
ASTS,2025-05-07,contract_preselection,S3,1,0,False,exact_symbol_date_chain_absent
ASTS,2025-05-08,entry_quote,S1,1,0,False,exact_symbol_date_chain_absent
ASTS,2025-05-08,entry_quote,S3,1,0,False,exact_symbol_date_chain_absent
ASTS,2025-05-09,contract_preselection;exit_quote,S1,2,0,False,exact_symbol_date_chain_absent
ASTS,2025-05-09,contract_preselection;exit_quote,S3,2,0,False,exact_symbol_date_chain_absent
ASTS,2025-05-12,entry_quote,S1,1,0,False,exact_symbol_date_chain_absent
ASTS,2025-05-12,entry_quote,S3,1,0,False,exact_symbol_date_chain_absent
ASTS,2025-05-13,exit_quote,S1,1,0,False,exact_symbol_date_chain_absent
ASTS,2025-05-13,exit_quote,S3,1,0,False,exact_symbol_date_chain_absent
ASTS,2025-05-16,contract_preselection,S1,1,0,False,exact_symbol_date_chain_absent
ASTS,2025-05-16,contract_preselection,S3,1,0,False,exact_symbol_date_chain_absent
ASTS,2025-05-19,entry_quote,S1,1,0,False,exact_symbol_date_chain_absent
ASTS,2025-05-19,entry_quote,S3,1,0,False,exact_symbol_date_chain_absent
ASTS,2025-05-20,exit_quote,S1,1,0,False,exact_symbol_date_chain_absent
ASTS,2025-05-20,exit_quote,S3,1,0,False,exact_symbol_date_chain_absent
ASTS,2025-06-05,contract_preselection,S1,1,0,False,exact_symbol_date_chain_absent
ASTS,2025-06-05,contract_preselection,S3,1,0,False,exact_symbol_date_chain_absent
ASTS,2025-06-06,entry_quote,S1,1,0,False,exact_symbol_date_chain_absent
ASTS,2025-06-06,entry_quote,S3,1,0,False,exact_symbol_date_chain_absent
ASTS,2025-06-09,contract_preselection;exit_quote,S1,2,0,False,exact_symbol_date_chain_absent
ASTS,2025-06-09,contract_preselection;exit_quote,S3,2,0,False,exact_symbol_date_chain_absent
ASTS,2025-06-10,entry_quote,S1,1,0,False,exact_symbol_date_chain_absent
ASTS,2025-06-10,entry_quote,S3,1,0,False,exact_symbol_date_chain_absent
ASTS,2025-06-11,exit_quote,S1,1,0,False,exact_symbol_date_chain_absent
ASTS,2025-06-11,exit_quote,S3,1,0,False,exact_symbol_date_chain_absent
ASTS,2025-06-25,contract_preselection,S1,1,0,False,exact_symbol_date_chain_absent
ASTS,2025-06-25,contract_preselection,S3,1,0,False,exact_symbol_date_chain_absent
ASTS,2025-06-26,contract_preselection;entry_quote,S1,2,0,False,exact_symbol_date_chain_absent
ASTS,2025-06-26,contract_preselection;entry_quote,S3,2,0,False,exact_symbol_date_chain_absent
ASTS,2025-06-27,contract_preselection;entry_quote;exit_quote,S1,3,0,False,exact_symbol_date_chain_absent
ASTS,2025-06-27,contract_preselection;entry_quote;exit_quote,S3,3,0,False,exact_symbol_date_chain_absent
ASTS,2025-06-30,entry_quote;exit_quote,S1,2,0,False,exact_symbol_date_chain_absent
ASTS,2025-06-30,entry_quote;exit_quote,S3,2,0,False,exact_symbol_date_chain_absent
ASTS,2025-07-01,exit_quote,S1,1,0,False,exact_symbol_date_chain_absent
ASTS,2025-07-01,exit_quote,S3,1,0,False,exact_symbol_date_chain_absent
ASTS,2025-07-10,contract_preselection,S1,1,0,False,exact_symbol_date_chain_absent
ASTS,2025-07-10,contract_preselection,S3,1,0,False,exact_symbol_date_chain_absent
ASTS,2025-07-11,entry_quote,S1,1,0,False,exact_symbol_date_chain_absent
ASTS,2025-07-11,entry_quote,S3,1,0,False,exact_symbol_date_chain_absent
ASTS,2025-07-14,contract_preselection;exit_quote,S1,2,0,False,exact_symbol_date_chain_absent
ASTS,2025-07-14,contract_preselection;exit_quote,S3,2,0,False,exact_symbol_date_chain_absent
ASTS,2025-07-15,entry_quote,S1,1,0,False,exact_symbol_date_chain_absent
ASTS,2025-07-15,entry_quote,S3,1,0,False,exact_symbol_date_chain_absent
ASTS,2025-07-16,exit_quote,S1,1,0,False,exact_symbol_date_chain_absent
ASTS,2025-07-16,exit_quote,S3,1,0,False,exact_symbol_date_chain_absent
ASTS,2025-07-21,contract_preselection,S1,1,0,False,exact_symbol_date_chain_absent
ASTS,2025-07-21,contract_preselection,S3,1,0,False,exact_symbol_date_chain_absent
ASTS,2025-07-22,contract_preselection;entry_quote,S1,2,0,False,exact_symbol_date_chain_absent
ASTS,2025-07-22,contract_preselection;entry_quote,S3,2,0,False,exact_symbol_date_chain_absent
ASTS,2025-07-23,entry_quote;exit_quote,S1,2,0,False,exact_symbol_date_chain_absent
ASTS,2025-07-23,entry_quote;exit_quote,S3,2,0,False,exact_symbol_date_chain_absent
ASTS,2025-07-24,exit_quote,S1,1,0,False,exact_symbol_date_chain_absent
ASTS,2025-07-24,exit_quote,S3,1,0,False,exact_symbol_date_chain_absent
ASTS,2025-08-19,contract_preselection,S1,1,0,False,exact_symbol_date_chain_absent
ASTS,2025-08-19,contract_preselection,S3,1,0,False,exact_symbol_date_chain_absent
ASTS,2025-08-20,entry_quote,S1,1,0,False,exact_symbol_date_chain_absent
ASTS,2025-08-20,entry_quote,S3,1,0,False,exact_symbol_date_chain_absent
ASTS,2025-08-21,exit_quote,S1,1,0,False,exact_symbol_date_chain_absent
ASTS,2025-08-21,exit_quote,S3,1,0,False,exact_symbol_date_chain_absent
CIFR,2024-01-19,contract_preselection,S1,1,0,False,exact_symbol_date_chain_absent
CIFR,2024-01-19,contract_preselection,S3,1,0,False,exact_symbol_date_chain_absent
CIFR,2024-01-22,contract_preselection;entry_quote,S1,2,0,False,exact_symbol_date_chain_absent
CIFR,2024-01-22,contract_preselection;entry_quote,S3,2,0,False,exact_symbol_date_chain_absent
CIFR,2024-01-23,entry_quote;exit_quote,S1,2,0,False,exact_symbol_date_chain_absent
CIFR,2024-01-23,entry_quote;exit_quote,S3,2,0,False,exact_symbol_date_chain_absent
CIFR,2024-01-24,exit_quote,S1,1,0,False,exact_symbol_date_chain_absent
CIFR,2024-01-24,exit_quote,S3,1,0,False,exact_symbol_date_chain_absent
CIFR,2024-02-05,contract_preselection,S1,1,0,False,exact_symbol_date_chain_absent
CIFR,2024-02-05,contract_preselection,S3,1,0,False,exact_symbol_date_chain_absent
CIFR,2024-02-06,contract_preselection;entry_quote,S1,2,0,False,exact_symbol_date_chain_absent
CIFR,2024-02-06,contract_preselection;entry_quote,S3,2,0,False,exact_symbol_date_chain_absent
CIFR,2024-02-07,contract_preselection;entry_quote;exit_quote,S1,3,0,False,exact_symbol_date_chain_absent
CIFR,2024-02-07,contract_preselection;entry_quote;exit_quote,S3,3,0,False,exact_symbol_date_chain_absent
CIFR,2024-02-08,entry_quote;exit_quote,S1,2,0,False,exact_symbol_date_chain_absent
CIFR,2024-02-08,entry_quote;exit_quote,S3,2,0,False,exact_symbol_date_chain_absent
CIFR,2024-02-09,contract_preselection;exit_quote,S1,2,0,False,exact_symbol_date_chain_absent
CIFR,2024-02-09,contract_preselection;exit_quote,S3,2,0,False,exact_symbol_date_chain_absent
CIFR,2024-02-12,entry_quote,S1,1,0,False,exact_symbol_date_chain_absent
CIFR,2024-02-12,entry_quote,S3,1,0,False,exact_symbol_date_chain_absent
CIFR,2024-02-13,exit_quote,S1,1,0,False,exact_symbol_date_chain_absent
CIFR,2024-02-13,exit_quote,S3,1,0,False,exact_symbol_date_chain_absent
CIFR,2024-02-16,contract_preselection,S1,1,0,False,exact_symbol_date_chain_absent
CIFR,2024-02-16,contract_preselection,S3,1,0,False,exact_symbol_date_chain_absent
CIFR,2024-02-20,contract_preselection;entry_quote,S1,2,0,False,exact_symbol_date_chain_absent
CIFR,2024-02-20,contract_preselection;entry_quote,S3,2,0,False,exact_symbol_date_chain_absent
CIFR,2024-02-21,entry_quote;exit_quote,S1,2,0,False,exact_symbol_date_chain_absent
CIFR,2024-02-21,entry_quote;exit_quote,S3,2,0,False,exact_symbol_date_chain_absent
CIFR,2024-02-22,exit_quote,S1,1,0,False,exact_symbol_date_chain_absent
CIFR,2024-02-22,exit_quote,S3,1,0,False,exact_symbol_date_chain_absent
CIFR,2024-02-28,contract_preselection,S1,1,0,False,exact_symbol_date_chain_absent
CIFR,2024-02-28,contract_preselection,S3,1,0,False,exact_symbol_date_chain_absent
CIFR,2024-02-29,entry_quote,S1,1,0,False,exact_symbol_date_chain_absent
CIFR,2024-02-29,entry_quote,S3,1,0,False,exact_symbol_date_chain_absent
CIFR,2024-03-01,exit_quote,S1,1,0,False,exact_symbol_date_chain_absent
CIFR,2024-03-01,exit_quote,S3,1,0,False,exact_symbol_date_chain_absent
CIFR,2024-04-09,contract_preselection,S1,1,0,False,exact_symbol_date_chain_absent
CIFR,2024-04-09,contract_preselection,S3,1,0,False,exact_symbol_date_chain_absent
CIFR,2024-04-10,entry_quote,S1,1,0,False,exact_symbol_date_chain_absent
CIFR,2024-04-10,entry_quote,S3,1,0,False,exact_symbol_date_chain_absent
CIFR,2024-04-11,exit_quote,S1,1,0,False,exact_symbol_date_chain_absent
CIFR,2024-04-11,exit_quote,S3,1,0,False,exact_symbol_date_chain_absent
CIFR,2024-04-17,contract_preselection,S1,1,0,False,exact_symbol_date_chain_absent
CIFR,2024-04-17,contract_preselection,S3,1,0,False,exact_symbol_date_chain_absent
CIFR,2024-04-18,entry_quote,S1,1,0,False,exact_symbol_date_chain_absent
CIFR,2024-04-18,entry_quote,S3,1,0,False,exact_symbol_date_chain_absent
CIFR,2024-04-19,contract_preselection;exit_quote,S1,2,0,False,exact_symbol_date_chain_absent
CIFR,2024-04-19,contract_preselection;exit_quote,S3,2,0,False,exact_symbol_date_chain_absent
CIFR,2024-04-22,entry_quote,S1,1,0,False,exact_symbol_date_chain_absent
CIFR,2024-04-22,entry_quote,S3,1,0,False,exact_symbol_date_chain_absent
CIFR,2024-04-23,exit_quote,S1,1,0,False,exact_symbol_date_chain_absent
CIFR,2024-04-23,exit_quote,S3,1,0,False,exact_symbol_date_chain_absent
CIFR,2024-04-24,contract_preselection,S1,1,0,False,exact_symbol_date_chain_absent
CIFR,2024-04-24,contract_preselection,S3,1,0,False,exact_symbol_date_chain_absent
CIFR,2024-04-25,entry_quote,S1,1,0,False,exact_symbol_date_chain_absent
CIFR,2024-04-25,entry_quote,S3,1,0,False,exact_symbol_date_chain_absent
CIFR,2024-04-26,exit_quote,S1,1,0,False,exact_symbol_date_chain_absent
CIFR,2024-04-26,exit_quote,S3,1,0,False,exact_symbol_date_chain_absent
CIFR,2024-05-09,contract_preselection,S1,1,0,False,exact_symbol_date_chain_absent
CIFR,2024-05-09,contract_preselection,S3,1,0,False,exact_symbol_date_chain_absent
CIFR,2024-05-10,entry_quote,S1,1,0,False,exact_symbol_date_chain_absent
CIFR,2024-05-10,entry_quote,S3,1,0,False,exact_symbol_date_chain_absent
CIFR,2024-05-13,exit_quote,S1,1,0,False,exact_symbol_date_chain_absent
CIFR,2024-05-13,exit_quote,S3,1,0,False,exact_symbol_date_chain_absent
CIFR,2024-05-14,contract_preselection,S1,1,0,False,exact_symbol_date_chain_absent
CIFR,2024-05-14,contract_preselection,S3,1,0,False,exact_symbol_date_chain_absent
CIFR,2024-05-15,entry_quote,S1,1,0,False,exact_symbol_date_chain_absent
CIFR,2024-05-15,entry_quote,S3,1,0,False,exact_symbol_date_chain_absent
CIFR,2024-05-16,exit_quote,S1,1,0,False,exact_symbol_date_chain_absent
CIFR,2024-05-16,exit_quote,S3,1,0,False,exact_symbol_date_chain_absent
CIFR,2024-05-17,contract_preselection,S1,1,0,False,exact_symbol_date_chain_absent
CIFR,2024-05-17,contract_preselection,S3,1,0,False,exact_symbol_date_chain_absent
CIFR,2024-05-20,entry_quote,S1,1,0,False,exact_symbol_date_chain_absent
CIFR,2024-05-20,entry_quote,S3,1,0,False,exact_symbol_date_chain_absent
CIFR,2024-05-21,exit_quote,S1,1,0,False,exact_symbol_date_chain_absent
CIFR,2024-05-21,exit_quote,S3,1,0,False,exact_symbol_date_chain_absent
CIFR,2024-05-23,contract_preselection,S1,1,0,False,exact_symbol_date_chain_absent
CIFR,2024-05-23,contract_preselection,S3,1,0,False,exact_symbol_date_chain_absent
CIFR,2024-05-24,contract_preselection;entry_quote,S1,2,0,False,exact_symbol_date_chain_absent
CIFR,2024-05-24,contract_preselection;entry_quote,S3,2,0,False,exact_symbol_date_chain_absent
CIFR,2024-05-28,entry_quote;exit_quote,S1,2,0,False,exact_symbol_date_chain_absent
CIFR,2024-05-28,entry_quote;exit_quote,S3,2,0,False,exact_symbol_date_chain_absent
CIFR,2024-05-29,exit_quote,S1,1,0,False,exact_symbol_date_chain_absent
CIFR,2024-05-29,exit_quote,S3,1,0,False,exact_symbol_date_chain_absent
CIFR,2024-06-10,contract_preselection,S1,1,0,False,exact_symbol_date_chain_absent
CIFR,2024-06-10,contract_preselection,S3,1,0,False,exact_symbol_date_chain_absent
CIFR,2024-06-11,entry_quote,S1,1,0,False,exact_symbol_date_chain_absent
CIFR,2024-06-11,entry_quote,S3,1,0,False,exact_symbol_date_chain_absent
CIFR,2024-06-12,exit_quote,S1,1,0,False,exact_symbol_date_chain_absent
CIFR,2024-06-12,exit_quote,S3,1,0,False,exact_symbol_date_chain_absent
CIFR,2024-06-20,contract_preselection,S1,1,0,False,exact_symbol_date_chain_absent
CIFR,2024-06-20,contract_preselection,S3,1,0,False,exact_symbol_date_chain_absent
CIFR,2024-06-21,contract_preselection;entry_quote,S1,2,0,False,exact_symbol_date_chain_absent
CIFR,2024-06-21,contract_preselection;entry_quote,S3,2,0,False,exact_symbol_date_chain_absent
CIFR,2024-06-24,entry_quote;exit_quote,S1,2,0,False,exact_symbol_date_chain_absent
CIFR,2024-06-24,entry_quote;exit_quote,S3,2,0,False,exact_symbol_date_chain_absent
CIFR,2024-06-25,contract_preselection;exit_quote,S1,2,0,False,exact_symbol_date_chain_absent
CIFR,2024-06-25,contract_preselection;exit_quote,S3,2,0,False,exact_symbol_date_chain_absent
CIFR,2024-06-26,entry_quote,S1,1,0,False,exact_symbol_date_chain_absent
CIFR,2024-06-26,entry_quote,S3,1,0,False,exact_symbol_date_chain_absent
CIFR,2024-06-27,exit_quote,S1,1,0,False,exact_symbol_date_chain_absent
CIFR,2024-06-27,exit_quote,S3,1,0,False,exact_symbol_date_chain_absent
CIFR,2024-07-08,contract_preselection,S1,1,0,False,exact_symbol_date_chain_absent
CIFR,2024-07-08,contract_preselection,S3,1,0,False,exact_symbol_date_chain_absent
CIFR,2024-07-09,contract_preselection;entry_quote,S1,2,0,False,exact_symbol_date_chain_absent
CIFR,2024-07-09,contract_preselection;entry_quote,S3,2,0,False,exact_symbol_date_chain_absent
CIFR,2024-07-10,entry_quote;exit_quote,S1,2,0,False,exact_symbol_date_chain_absent
CIFR,2024-07-10,entry_quote;exit_quote,S3,2,0,False,exact_symbol_date_chain_absent
CIFR,2024-07-11,exit_quote,S1,1,0,False,exact_symbol_date_chain_absent
CIFR,2024-07-11,exit_quote,S3,1,0,False,exact_symbol_date_chain_absent
CIFR,2024-07-18,contract_preselection,S1,1,0,False,exact_symbol_date_chain_absent
CIFR,2024-07-18,contract_preselection,S3,1,0,False,exact_symbol_date_chain_absent
CIFR,2024-07-19,entry_quote,S1,1,0,False,exact_symbol_date_chain_absent
CIFR,2024-07-19,entry_quote,S3,1,0,False,exact_symbol_date_chain_absent
CIFR,2024-07-22,exit_quote,S1,1,0,False,exact_symbol_date_chain_absent
CIFR,2024-07-22,exit_quote,S3,1,0,False,exact_symbol_date_chain_absent
CIFR,2024-07-26,contract_preselection,S1,1,0,False,exact_symbol_date_chain_absent
CIFR,2024-07-26,contract_preselection,S3,1,0,False,exact_symbol_date_chain_absent
CIFR,2024-07-29,entry_quote,S1,1,0,False,exact_symbol_date_chain_absent
CIFR,2024-07-29,entry_quote,S3,1,0,False,exact_symbol_date_chain_absent
CIFR,2024-07-30,exit_quote,S1,1,0,False,exact_symbol_date_chain_absent
CIFR,2024-07-30,exit_quote,S3,1,0,False,exact_symbol_date_chain_absent
CIFR,2024-08-07,contract_preselection,S1,1,0,False,exact_symbol_date_chain_absent
CIFR,2024-08-07,contract_preselection,S3,1,0,False,exact_symbol_date_chain_absent
CIFR,2024-08-08,entry_quote,S1,1,0,False,exact_symbol_date_chain_absent
CIFR,2024-08-08,entry_quote,S3,1,0,False,exact_symbol_date_chain_absent
CIFR,2024-08-09,exit_quote,S1,1,0,False,exact_symbol_date_chain_absent
CIFR,2024-08-09,exit_quote,S3,1,0,False,exact_symbol_date_chain_absent
CIFR,2024-08-16,contract_preselection,S1,1,0,False,exact_symbol_date_chain_absent
CIFR,2024-08-16,contract_preselection,S3,1,0,False,exact_symbol_date_chain_absent
CIFR,2024-08-19,entry_quote,S1,1,0,False,exact_symbol_date_chain_absent
CIFR,2024-08-19,entry_quote,S3,1,0,False,exact_symbol_date_chain_absent
CIFR,2024-08-20,exit_quote,S1,1,0,False,exact_symbol_date_chain_absent
CIFR,2024-08-20,exit_quote,S3,1,0,False,exact_symbol_date_chain_absent
CIFR,2024-08-27,contract_preselection,S1,1,0,False,exact_symbol_date_chain_absent
CIFR,2024-08-27,contract_preselection,S3,1,0,False,exact_symbol_date_chain_absent
CIFR,2024-08-28,entry_quote,S1,1,0,False,exact_symbol_date_chain_absent
CIFR,2024-08-28,entry_quote,S3,1,0,False,exact_symbol_date_chain_absent
CIFR,2024-08-29,exit_quote,S1,1,0,False,exact_symbol_date_chain_absent
CIFR,2024-08-29,exit_quote,S3,1,0,False,exact_symbol_date_chain_absent
CIFR,2024-08-30,contract_preselection,S1,1,0,False,exact_symbol_date_chain_absent
CIFR,2024-08-30,contract_preselection,S3,1,0,False,exact_symbol_date_chain_absent
CIFR,2024-09-03,entry_quote,S1,1,0,False,exact_symbol_date_chain_absent
CIFR,2024-09-03,entry_quote,S3,1,0,False,exact_symbol_date_chain_absent
CIFR,2024-09-04,exit_quote,S1,1,0,False,exact_symbol_date_chain_absent
CIFR,2024-09-04,exit_quote,S3,1,0,False,exact_symbol_date_chain_absent
CIFR,2024-09-06,contract_preselection,S1,1,0,False,exact_symbol_date_chain_absent
CIFR,2024-09-06,contract_preselection,S3,1,0,False,exact_symbol_date_chain_absent
CIFR,2024-09-09,contract_preselection;entry_quote,S1,2,0,False,exact_symbol_date_chain_absent
CIFR,2024-09-09,contract_preselection;entry_quote,S3,2,0,False,exact_symbol_date_chain_absent
CIFR,2024-09-10,contract_preselection;entry_quote;exit_quote,S1,3,0,False,exact_symbol_date_chain_absent
CIFR,2024-09-10,contract_preselection;entry_quote;exit_quote,S3,3,0,False,exact_symbol_date_chain_absent
CIFR,2024-09-11,contract_preselection;entry_quote;exit_quote,S1,3,0,False,exact_symbol_date_chain_absent
CIFR,2024-09-11,contract_preselection;entry_quote;exit_quote,S3,3,0,False,exact_symbol_date_chain_absent
CIFR,2024-09-12,entry_quote;exit_quote,S1,2,0,False,exact_symbol_date_chain_absent
CIFR,2024-09-12,entry_quote;exit_quote,S3,2,0,False,exact_symbol_date_chain_absent
CIFR,2024-09-13,contract_preselection;exit_quote,S1,2,0,False,exact_symbol_date_chain_absent
CIFR,2024-09-13,contract_preselection;exit_quote,S3,2,0,False,exact_symbol_date_chain_absent
CIFR,2024-09-16,entry_quote,S1,1,0,False,exact_symbol_date_chain_absent
CIFR,2024-09-16,entry_quote,S3,1,0,False,exact_symbol_date_chain_absent
CIFR,2024-09-17,exit_quote,S1,1,0,False,exact_symbol_date_chain_absent
CIFR,2024-09-17,exit_quote,S3,1,0,False,exact_symbol_date_chain_absent
CIFR,2024-09-19,contract_preselection,S1,1,0,False,exact_symbol_date_chain_absent
CIFR,2024-09-19,contract_preselection,S3,1,0,False,exact_symbol_date_chain_absent
CIFR,2024-09-20,entry_quote,S1,1,0,False,exact_symbol_date_chain_absent
CIFR,2024-09-20,entry_quote,S3,1,0,False,exact_symbol_date_chain_absent
CIFR,2024-09-23,exit_quote,S1,1,0,False,exact_symbol_date_chain_absent
CIFR,2024-09-23,exit_quote,S3,1,0,False,exact_symbol_date_chain_absent
CIFR,2024-10-01,contract_preselection,S1,1,0,False,exact_symbol_date_chain_absent
CIFR,2024-10-01,contract_preselection,S3,1,0,False,exact_symbol_date_chain_absent
CIFR,2024-10-02,contract_preselection;entry_quote,S1,2,0,False,exact_symbol_date_chain_absent
CIFR,2024-10-02,contract_preselection;entry_quote,S3,2,0,False,exact_symbol_date_chain_absent
CIFR,2024-10-03,entry_quote;exit_quote,S1,2,0,False,exact_symbol_date_chain_absent
CIFR,2024-10-03,entry_quote;exit_quote,S3,2,0,False,exact_symbol_date_chain_absent
CIFR,2024-10-04,contract_preselection;exit_quote,S1,2,0,False,exact_symbol_date_chain_absent
CIFR,2024-10-04,contract_preselection;exit_quote,S3,2,0,False,exact_symbol_date_chain_absent
CIFR,2024-10-07,entry_quote,S1,1,0,False,exact_symbol_date_chain_absent
CIFR,2024-10-07,entry_quote,S3,1,0,False,exact_symbol_date_chain_absent
CIFR,2024-10-08,exit_quote,S1,1,0,False,exact_symbol_date_chain_absent
CIFR,2024-10-08,exit_quote,S3,1,0,False,exact_symbol_date_chain_absent
CIFR,2024-10-09,contract_preselection,S1,1,0,False,exact_symbol_date_chain_absent
CIFR,2024-10-09,contract_preselection,S3,1,0,False,exact_symbol_date_chain_absent
CIFR,2024-10-10,entry_quote,S1,1,0,False,exact_symbol_date_chain_absent
CIFR,2024-10-10,entry_quote,S3,1,0,False,exact_symbol_date_chain_absent
CIFR,2024-10-11,exit_quote,S1,1,0,False,exact_symbol_date_chain_absent
CIFR,2024-10-11,exit_quote,S3,1,0,False,exact_symbol_date_chain_absent
CIFR,2024-10-15,contract_preselection,S1,1,0,False,exact_symbol_date_chain_absent
CIFR,2024-10-15,contract_preselection,S3,1,0,False,exact_symbol_date_chain_absent
CIFR,2024-10-16,contract_preselection;entry_quote,S1,2,0,False,exact_symbol_date_chain_absent
CIFR,2024-10-16,contract_preselection;entry_quote,S3,2,0,False,exact_symbol_date_chain_absent
CIFR,2024-10-17,entry_quote;exit_quote,S1,2,0,False,exact_symbol_date_chain_absent
CIFR,2024-10-17,entry_quote;exit_quote,S3,2,0,False,exact_symbol_date_chain_absent
CIFR,2024-10-18,exit_quote,S1,1,0,False,exact_symbol_date_chain_absent
CIFR,2024-10-18,exit_quote,S3,1,0,False,exact_symbol_date_chain_absent
CIFR,2024-10-21,contract_preselection,S1,1,0,False,exact_symbol_date_chain_absent
CIFR,2024-10-21,contract_preselection,S3,1,0,False,exact_symbol_date_chain_absent
CIFR,2024-10-22,entry_quote,S1,1,0,False,exact_symbol_date_chain_absent
CIFR,2024-10-22,entry_quote,S3,1,0,False,exact_symbol_date_chain_absent
CIFR,2024-10-23,exit_quote,S1,1,0,False,exact_symbol_date_chain_absent
CIFR,2024-10-23,exit_quote,S3,1,0,False,exact_symbol_date_chain_absent
CIFR,2024-10-30,contract_preselection,S1,1,0,False,exact_symbol_date_chain_absent
CIFR,2024-10-30,contract_preselection,S3,1,0,False,exact_symbol_date_chain_absent
CIFR,2024-10-31,entry_quote,S1,1,0,False,exact_symbol_date_chain_absent
CIFR,2024-10-31,entry_quote,S3,1,0,False,exact_symbol_date_chain_absent
CIFR,2024-11-01,exit_quote,S1,1,0,False,exact_symbol_date_chain_absent
CIFR,2024-11-01,exit_quote,S3,1,0,False,exact_symbol_date_chain_absent
CIFR,2024-11-04,contract_preselection,S1,1,0,False,exact_symbol_date_chain_absent
CIFR,2024-11-04,contract_preselection,S3,1,0,False,exact_symbol_date_chain_absent
CIFR,2024-11-05,entry_quote,S1,1,0,False,exact_symbol_date_chain_absent
CIFR,2024-11-05,entry_quote,S3,1,0,False,exact_symbol_date_chain_absent
CIFR,2024-11-06,exit_quote,S1,1,0,False,exact_symbol_date_chain_absent
CIFR,2024-11-06,exit_quote,S3,1,0,False,exact_symbol_date_chain_absent
CIFR,2024-11-15,contract_preselection,S1,1,0,False,exact_symbol_date_chain_absent
CIFR,2024-11-15,contract_preselection,S3,1,0,False,exact_symbol_date_chain_absent
CIFR,2024-11-18,contract_preselection;entry_quote,S1,2,0,False,exact_symbol_date_chain_absent
CIFR,2024-11-18,contract_preselection;entry_quote,S3,2,0,False,exact_symbol_date_chain_absent
CIFR,2024-11-19,entry_quote;exit_quote,S1,2,0,False,exact_symbol_date_chain_absent
CIFR,2024-11-19,entry_quote;exit_quote,S3,2,0,False,exact_symbol_date_chain_absent
CIFR,2024-11-20,exit_quote,S1,1,0,False,exact_symbol_date_chain_absent
CIFR,2024-11-20,exit_quote,S3,1,0,False,exact_symbol_date_chain_absent
CIFR,2024-11-29,contract_preselection,S1,1,0,False,exact_symbol_date_chain_absent
CIFR,2024-11-29,contract_preselection,S3,1,0,False,exact_symbol_date_chain_absent
CIFR,2024-12-02,entry_quote,S1,1,0,False,exact_symbol_date_chain_absent
CIFR,2024-12-02,entry_quote,S3,1,0,False,exact_symbol_date_chain_absent
CIFR,2024-12-03,exit_quote,S1,1,0,False,exact_symbol_date_chain_absent
CIFR,2024-12-03,exit_quote,S3,1,0,False,exact_symbol_date_chain_absent
CIFR,2024-12-10,contract_preselection,S1,1,0,False,exact_symbol_date_chain_absent
CIFR,2024-12-10,contract_preselection,S3,1,0,False,exact_symbol_date_chain_absent
CIFR,2024-12-11,entry_quote,S1,1,0,False,exact_symbol_date_chain_absent
CIFR,2024-12-11,entry_quote,S3,1,0,False,exact_symbol_date_chain_absent
CIFR,2024-12-12,exit_quote,S1,1,0,False,exact_symbol_date_chain_absent
CIFR,2024-12-12,exit_quote,S3,1,0,False,exact_symbol_date_chain_absent
CIFR,2024-12-24,contract_preselection,S1,1,0,False,exact_symbol_date_chain_absent
CIFR,2024-12-24,contract_preselection,S3,1,0,False,exact_symbol_date_chain_absent
CIFR,2024-12-26,entry_quote,S1,1,0,False,exact_symbol_date_chain_absent
CIFR,2024-12-26,entry_quote,S3,1,0,False,exact_symbol_date_chain_absent
CIFR,2024-12-27,exit_quote,S1,1,0,False,exact_symbol_date_chain_absent
CIFR,2024-12-27,exit_quote,S3,1,0,False,exact_symbol_date_chain_absent
CIFR,2024-12-31,contract_preselection,S1,1,0,False,exact_symbol_date_chain_absent
CIFR,2024-12-31,contract_preselection,S3,1,0,False,exact_symbol_date_chain_absent
CIFR,2025-01-02,contract_preselection;entry_quote,S1,2,0,False,exact_symbol_date_chain_absent
CIFR,2025-01-02,contract_preselection;entry_quote,S3,2,0,False,exact_symbol_date_chain_absent
CIFR,2025-01-03,entry_quote;exit_quote,S1,2,0,False,exact_symbol_date_chain_absent
CIFR,2025-01-03,entry_quote;exit_quote,S3,2,0,False,exact_symbol_date_chain_absent
CIFR,2025-01-06,exit_quote,S1,1,0,False,exact_symbol_date_chain_absent
CIFR,2025-01-06,exit_quote,S3,1,0,False,exact_symbol_date_chain_absent
CIFR,2025-01-08,contract_preselection,S1,1,0,False,exact_symbol_date_chain_absent
CIFR,2025-01-08,contract_preselection,S3,1,0,False,exact_symbol_date_chain_absent
CIFR,2025-01-10,entry_quote,S1,1,0,False,exact_symbol_date_chain_absent
CIFR,2025-01-10,entry_quote,S3,1,0,False,exact_symbol_date_chain_absent
CIFR,2025-01-13,exit_quote,S1,1,0,False,exact_symbol_date_chain_absent
CIFR,2025-01-13,exit_quote,S3,1,0,False,exact_symbol_date_chain_absent
CIFR,2025-01-14,contract_preselection,S1,1,0,False,exact_symbol_date_chain_absent
CIFR,2025-01-14,contract_preselection,S3,1,0,False,exact_symbol_date_chain_absent
CIFR,2025-01-15,entry_quote,S1,1,0,False,exact_symbol_date_chain_absent
CIFR,2025-01-15,entry_quote,S3,1,0,False,exact_symbol_date_chain_absent
CIFR,2025-01-16,exit_quote,S1,1,0,False,exact_symbol_date_chain_absent
CIFR,2025-01-16,exit_quote,S3,1,0,False,exact_symbol_date_chain_absent
CIFR,2025-02-05,contract_preselection,S1,1,0,False,exact_symbol_date_chain_absent
CIFR,2025-02-05,contract_preselection,S3,1,0,False,exact_symbol_date_chain_absent
CIFR,2025-02-06,entry_quote,S1,1,0,False,exact_symbol_date_chain_absent
CIFR,2025-02-06,entry_quote,S3,1,0,False,exact_symbol_date_chain_absent
CIFR,2025-02-07,exit_quote,S1,1,0,False,exact_symbol_date_chain_absent
CIFR,2025-02-07,exit_quote,S3,1,0,False,exact_symbol_date_chain_absent
CIFR,2025-02-11,contract_preselection,S1,1,0,False,exact_symbol_date_chain_absent
CIFR,2025-02-11,contract_preselection,S3,1,0,False,exact_symbol_date_chain_absent
CIFR,2025-02-12,contract_preselection;entry_quote,S1,2,0,False,exact_symbol_date_chain_absent
CIFR,2025-02-12,contract_preselection;entry_quote,S3,2,0,False,exact_symbol_date_chain_absent
CIFR,2025-02-13,entry_quote;exit_quote,S1,2,0,False,exact_symbol_date_chain_absent
CIFR,2025-02-13,entry_quote;exit_quote,S3,2,0,False,exact_symbol_date_chain_absent
CIFR,2025-02-14,exit_quote,S1,1,0,False,exact_symbol_date_chain_absent
CIFR,2025-02-14,exit_quote,S3,1,0,False,exact_symbol_date_chain_absent
CIFR,2025-03-04,contract_preselection,S1,1,0,False,exact_symbol_date_chain_absent
CIFR,2025-03-04,contract_preselection,S3,1,0,False,exact_symbol_date_chain_absent
CIFR,2025-03-05,entry_quote,S1,1,0,False,exact_symbol_date_chain_absent
CIFR,2025-03-05,entry_quote,S3,1,0,False,exact_symbol_date_chain_absent
CIFR,2025-03-06,exit_quote,S1,1,0,False,exact_symbol_date_chain_absent
CIFR,2025-03-06,exit_quote,S3,1,0,False,exact_symbol_date_chain_absent
CIFR,2025-03-13,contract_preselection,S1,1,0,False,exact_symbol_date_chain_absent
CIFR,2025-03-13,contract_preselection,S3,1,0,False,exact_symbol_date_chain_absent
CIFR,2025-03-14,entry_quote,S1,1,0,False,exact_symbol_date_chain_absent
CIFR,2025-03-14,entry_quote,S3,1,0,False,exact_symbol_date_chain_absent
CIFR,2025-03-17,exit_quote,S1,1,0,False,exact_symbol_date_chain_absent
CIFR,2025-03-17,exit_quote,S3,1,0,False,exact_symbol_date_chain_absent
CIFR,2025-03-24,contract_preselection,S1,1,0,False,exact_symbol_date_chain_absent
CIFR,2025-03-24,contract_preselection,S3,1,0,False,exact_symbol_date_chain_absent
CIFR,2025-03-25,entry_quote,S1,1,0,False,exact_symbol_date_chain_absent
CIFR,2025-03-25,entry_quote,S3,1,0,False,exact_symbol_date_chain_absent
CIFR,2025-03-26,exit_quote,S1,1,0,False,exact_symbol_date_chain_absent
CIFR,2025-03-26,exit_quote,S3,1,0,False,exact_symbol_date_chain_absent
CIFR,2025-03-31,contract_preselection,S1,1,0,False,exact_symbol_date_chain_absent
CIFR,2025-03-31,contract_preselection,S3,1,0,False,exact_symbol_date_chain_absent
CIFR,2025-04-01,entry_quote,S1,1,0,False,exact_symbol_date_chain_absent
CIFR,2025-04-01,entry_quote,S3,1,0,False,exact_symbol_date_chain_absent
CIFR,2025-04-02,exit_quote,S1,1,0,False,exact_symbol_date_chain_absent
CIFR,2025-04-02,exit_quote,S3,1,0,False,exact_symbol_date_chain_absent
CIFR,2025-04-10,contract_preselection,S1,1,0,False,exact_symbol_date_chain_absent
CIFR,2025-04-10,contract_preselection,S3,1,0,False,exact_symbol_date_chain_absent
CIFR,2025-04-11,entry_quote,S1,1,0,False,exact_symbol_date_chain_absent
CIFR,2025-04-11,entry_quote,S3,1,0,False,exact_symbol_date_chain_absent
CIFR,2025-04-14,exit_quote,S1,1,0,False,exact_symbol_date_chain_absent
CIFR,2025-04-14,exit_quote,S3,1,0,False,exact_symbol_date_chain_absent
CIFR,2025-05-05,contract_preselection,S1,1,0,False,exact_symbol_date_chain_absent
CIFR,2025-05-05,contract_preselection,S3,1,0,False,exact_symbol_date_chain_absent
CIFR,2025-05-06,entry_quote,S1,1,0,False,exact_symbol_date_chain_absent
CIFR,2025-05-06,entry_quote,S3,1,0,False,exact_symbol_date_chain_absent
CIFR,2025-05-07,exit_quote,S1,1,0,False,exact_symbol_date_chain_absent
CIFR,2025-05-07,exit_quote,S3,1,0,False,exact_symbol_date_chain_absent
CIFR,2025-05-08,contract_preselection,S1,1,0,False,exact_symbol_date_chain_absent
CIFR,2025-05-08,contract_preselection,S3,1,0,False,exact_symbol_date_chain_absent
CIFR,2025-05-09,entry_quote,S1,1,0,False,exact_symbol_date_chain_absent
CIFR,2025-05-09,entry_quote,S3,1,0,False,exact_symbol_date_chain_absent
CIFR,2025-05-12,exit_quote,S1,1,0,False,exact_symbol_date_chain_absent
CIFR,2025-05-12,exit_quote,S3,1,0,False,exact_symbol_date_chain_absent
CIFR,2025-05-13,contract_preselection,S1,1,0,False,exact_symbol_date_chain_absent
CIFR,2025-05-13,contract_preselection,S3,1,0,False,exact_symbol_date_chain_absent
CIFR,2025-05-14,entry_quote,S1,1,0,False,exact_symbol_date_chain_absent
CIFR,2025-05-14,entry_quote,S3,1,0,False,exact_symbol_date_chain_absent
CIFR,2025-05-15,exit_quote,S1,1,0,False,exact_symbol_date_chain_absent
CIFR,2025-05-15,exit_quote,S3,1,0,False,exact_symbol_date_chain_absent
CIFR,2025-06-16,contract_preselection,S1,1,0,False,exact_symbol_date_chain_absent
CIFR,2025-06-16,contract_preselection,S3,1,0,False,exact_symbol_date_chain_absent
CIFR,2025-06-17,entry_quote,S1,1,0,False,exact_symbol_date_chain_absent
CIFR,2025-06-17,entry_quote,S3,1,0,False,exact_symbol_date_chain_absent
CIFR,2025-06-18,exit_quote,S1,1,0,False,exact_symbol_date_chain_absent
CIFR,2025-06-18,exit_quote,S3,1,0,False,exact_symbol_date_chain_absent
CIFR,2025-07-24,contract_preselection,S1,1,0,False,exact_symbol_date_chain_absent
CIFR,2025-07-24,contract_preselection,S3,1,0,False,exact_symbol_date_chain_absent
CIFR,2025-07-25,contract_preselection;entry_quote,S1,2,0,False,exact_symbol_date_chain_absent
CIFR,2025-07-25,contract_preselection;entry_quote,S3,2,0,False,exact_symbol_date_chain_absent
CIFR,2025-07-28,entry_quote;exit_quote,S1,2,0,False,exact_symbol_date_chain_absent
CIFR,2025-07-28,entry_quote;exit_quote,S3,2,0,False,exact_symbol_date_chain_absent
CIFR,2025-07-29,exit_quote,S1,1,0,False,exact_symbol_date_chain_absent
CIFR,2025-07-29,exit_quote,S3,1,0,False,exact_symbol_date_chain_absent
CIFR,2025-08-05,contract_preselection,S1,1,0,False,exact_symbol_date_chain_absent
CIFR,2025-08-05,contract_preselection,S3,1,0,False,exact_symbol_date_chain_absent
CIFR,2025-08-06,contract_preselection;entry_quote,S1,2,0,False,exact_symbol_date_chain_absent
CIFR,2025-08-06,contract_preselection;entry_quote,S3,2,0,False,exact_symbol_date_chain_absent
CIFR,2025-08-07,contract_preselection;entry_quote;exit_quote,S1,3,0,False,exact_symbol_date_chain_absent
CIFR,2025-08-07,contract_preselection;entry_quote;exit_quote,S3,3,0,False,exact_symbol_date_chain_absent
CIFR,2025-08-08,entry_quote;exit_quote,S1,2,0,False,exact_symbol_date_chain_absent
CIFR,2025-08-08,entry_quote;exit_quote,S3,2,0,False,exact_symbol_date_chain_absent
CIFR,2025-08-11,contract_preselection;exit_quote,S1,2,0,False,exact_symbol_date_chain_absent
CIFR,2025-08-11,contract_preselection;exit_quote,S3,2,0,False,exact_symbol_date_chain_absent
CIFR,2025-08-12,entry_quote,S1,1,0,False,exact_symbol_date_chain_absent
CIFR,2025-08-12,entry_quote,S3,1,0,False,exact_symbol_date_chain_absent
CIFR,2025-08-13,exit_quote,S1,1,0,False,exact_symbol_date_chain_absent
CIFR,2025-08-13,exit_quote,S3,1,0,False,exact_symbol_date_chain_absent
CIFR,2025-08-20,contract_preselection,S1,1,0,False,exact_symbol_date_chain_absent
CIFR,2025-08-20,contract_preselection,S3,1,0,False,exact_symbol_date_chain_absent
CIFR,2025-08-21,entry_quote,S1,1,0,False,exact_symbol_date_chain_absent
CIFR,2025-08-21,entry_quote,S3,1,0,False,exact_symbol_date_chain_absent
CIFR,2025-08-22,exit_quote,S1,1,0,False,exact_symbol_date_chain_absent
CIFR,2025-08-22,exit_quote,S3,1,0,False,exact_symbol_date_chain_absent
HIMS,2024-01-19,contract_preselection,S1,1,0,False,exact_symbol_date_chain_absent
HIMS,2024-01-19,contract_preselection,S3,1,0,False,exact_symbol_date_chain_absent
HIMS,2024-01-22,entry_quote,S1,1,0,False,exact_symbol_date_chain_absent
HIMS,2024-01-22,entry_quote,S3,1,0,False,exact_symbol_date_chain_absent
HIMS,2024-01-23,exit_quote,S1,1,0,False,exact_symbol_date_chain_absent
HIMS,2024-01-23,exit_quote,S3,1,0,False,exact_symbol_date_chain_absent
HIMS,2024-01-24,contract_preselection,S1,1,0,False,exact_symbol_date_chain_absent
HIMS,2024-01-24,contract_preselection,S3,1,0,False,exact_symbol_date_chain_absent
HIMS,2024-01-25,entry_quote,S1,1,0,False,exact_symbol_date_chain_absent
HIMS,2024-01-25,entry_quote,S3,1,0,False,exact_symbol_date_chain_absent
HIMS,2024-01-26,contract_preselection;exit_quote,S1,2,0,False,exact_symbol_date_chain_absent
HIMS,2024-01-26,contract_preselection;exit_quote,S3,2,0,False,exact_symbol_date_chain_absent
HIMS,2024-01-29,entry_quote,S1,1,0,False,exact_symbol_date_chain_absent
HIMS,2024-01-29,entry_quote,S3,1,0,False,exact_symbol_date_chain_absent
HIMS,2024-01-30,exit_quote,S1,1,0,False,exact_symbol_date_chain_absent
HIMS,2024-01-30,exit_quote,S3,1,0,False,exact_symbol_date_chain_absent
HIMS,2024-01-31,contract_preselection,S1,1,0,False,exact_symbol_date_chain_absent
HIMS,2024-01-31,contract_preselection,S3,1,0,False,exact_symbol_date_chain_absent
HIMS,2024-02-01,entry_quote,S1,1,0,False,exact_symbol_date_chain_absent
HIMS,2024-02-01,entry_quote,S3,1,0,False,exact_symbol_date_chain_absent
HIMS,2024-02-02,exit_quote,S1,1,0,False,exact_symbol_date_chain_absent
HIMS,2024-02-02,exit_quote,S3,1,0,False,exact_symbol_date_chain_absent
HIMS,2024-02-05,contract_preselection,S1,1,0,False,exact_symbol_date_chain_absent
HIMS,2024-02-05,contract_preselection,S3,1,0,False,exact_symbol_date_chain_absent
HIMS,2024-02-06,entry_quote,S1,1,0,False,exact_symbol_date_chain_absent
HIMS,2024-02-06,entry_quote,S3,1,0,False,exact_symbol_date_chain_absent
HIMS,2024-02-07,exit_quote,S1,1,0,False,exact_symbol_date_chain_absent
HIMS,2024-02-07,exit_quote,S3,1,0,False,exact_symbol_date_chain_absent
HIMS,2024-02-28,contract_preselection,S1,1,0,False,exact_symbol_date_chain_absent
HIMS,2024-02-28,contract_preselection,S3,1,0,False,exact_symbol_date_chain_absent
HIMS,2024-02-29,entry_quote,S1,1,0,False,exact_symbol_date_chain_absent
HIMS,2024-02-29,entry_quote,S3,1,0,False,exact_symbol_date_chain_absent
HIMS,2024-03-01,exit_quote,S1,1,0,False,exact_symbol_date_chain_absent
HIMS,2024-03-01,exit_quote,S3,1,0,False,exact_symbol_date_chain_absent
HIMS,2024-03-11,contract_preselection,S1,1,0,False,exact_symbol_date_chain_absent
HIMS,2024-03-11,contract_preselection,S3,1,0,False,exact_symbol_date_chain_absent
HIMS,2024-03-12,entry_quote,S1,1,0,False,exact_symbol_date_chain_absent
HIMS,2024-03-12,entry_quote,S3,1,0,False,exact_symbol_date_chain_absent
HIMS,2024-03-13,exit_quote,S1,1,0,False,exact_symbol_date_chain_absent
HIMS,2024-03-13,exit_quote,S3,1,0,False,exact_symbol_date_chain_absent
HIMS,2024-03-15,contract_preselection,S1,1,0,False,exact_symbol_date_chain_absent
HIMS,2024-03-15,contract_preselection,S3,1,0,False,exact_symbol_date_chain_absent
HIMS,2024-03-18,entry_quote,S1,1,0,False,exact_symbol_date_chain_absent
HIMS,2024-03-18,entry_quote,S3,1,0,False,exact_symbol_date_chain_absent
HIMS,2024-03-19,exit_quote,S1,1,0,False,exact_symbol_date_chain_absent
HIMS,2024-03-19,exit_quote,S3,1,0,False,exact_symbol_date_chain_absent
HIMS,2024-03-26,contract_preselection,S1,1,0,False,exact_symbol_date_chain_absent
HIMS,2024-03-26,contract_preselection,S3,1,0,False,exact_symbol_date_chain_absent
HIMS,2024-03-27,entry_quote,S1,1,0,False,exact_symbol_date_chain_absent
HIMS,2024-03-27,entry_quote,S3,1,0,False,exact_symbol_date_chain_absent
HIMS,2024-03-28,exit_quote,S1,1,0,False,exact_symbol_date_chain_absent
HIMS,2024-03-28,exit_quote,S3,1,0,False,exact_symbol_date_chain_absent
HIMS,2024-05-01,contract_preselection,S1,1,0,False,exact_symbol_date_chain_absent
HIMS,2024-05-01,contract_preselection,S3,1,0,False,exact_symbol_date_chain_absent
HIMS,2024-05-02,entry_quote,S1,1,0,False,exact_symbol_date_chain_absent
HIMS,2024-05-02,entry_quote,S3,1,0,False,exact_symbol_date_chain_absent
HIMS,2024-05-03,exit_quote,S1,1,0,False,exact_symbol_date_chain_absent
HIMS,2024-05-03,exit_quote,S3,1,0,False,exact_symbol_date_chain_absent
HIMS,2024-05-10,contract_preselection,S1,1,0,False,exact_symbol_date_chain_absent
HIMS,2024-05-10,contract_preselection,S3,1,0,False,exact_symbol_date_chain_absent
HIMS,2024-05-13,entry_quote,S1,1,0,False,exact_symbol_date_chain_absent
HIMS,2024-05-13,entry_quote,S3,1,0,False,exact_symbol_date_chain_absent
HIMS,2024-05-14,exit_quote,S1,1,0,False,exact_symbol_date_chain_absent
HIMS,2024-05-14,exit_quote,S3,1,0,False,exact_symbol_date_chain_absent
HIMS,2024-05-16,contract_preselection,S1,1,0,False,exact_symbol_date_chain_absent
HIMS,2024-05-16,contract_preselection,S3,1,0,False,exact_symbol_date_chain_absent
HIMS,2024-05-17,entry_quote,S1,1,0,False,exact_symbol_date_chain_absent
HIMS,2024-05-17,entry_quote,S3,1,0,False,exact_symbol_date_chain_absent
HIMS,2024-05-20,exit_quote,S1,1,0,False,exact_symbol_date_chain_absent
HIMS,2024-05-20,exit_quote,S3,1,0,False,exact_symbol_date_chain_absent
HIMS,2024-05-31,contract_preselection,S1,1,0,False,exact_symbol_date_chain_absent
HIMS,2024-05-31,contract_preselection,S3,1,0,False,exact_symbol_date_chain_absent
HIMS,2024-06-03,entry_quote,S1,1,0,False,exact_symbol_date_chain_absent
HIMS,2024-06-03,entry_quote,S3,1,0,False,exact_symbol_date_chain_absent
HIMS,2024-06-04,exit_quote,S1,1,0,False,exact_symbol_date_chain_absent
HIMS,2024-06-04,exit_quote,S3,1,0,False,exact_symbol_date_chain_absent
HIMS,2024-06-05,contract_preselection,S1,1,0,False,exact_symbol_date_chain_absent
HIMS,2024-06-05,contract_preselection,S3,1,0,False,exact_symbol_date_chain_absent
HIMS,2024-06-06,entry_quote,S1,1,0,False,exact_symbol_date_chain_absent
HIMS,2024-06-06,entry_quote,S3,1,0,False,exact_symbol_date_chain_absent
HIMS,2024-06-07,exit_quote,S1,1,0,False,exact_symbol_date_chain_absent
HIMS,2024-06-07,exit_quote,S3,1,0,False,exact_symbol_date_chain_absent
HIMS,2024-06-12,contract_preselection,S1,1,0,False,exact_symbol_date_chain_absent
HIMS,2024-06-12,contract_preselection,S3,1,0,False,exact_symbol_date_chain_absent
HIMS,2024-06-13,entry_quote,S1,1,0,False,exact_symbol_date_chain_absent
HIMS,2024-06-13,entry_quote,S3,1,0,False,exact_symbol_date_chain_absent
HIMS,2024-06-14,exit_quote,S1,1,0,False,exact_symbol_date_chain_absent
HIMS,2024-06-14,exit_quote,S3,1,0,False,exact_symbol_date_chain_absent
HIMS,2024-06-21,contract_preselection,S1,1,0,False,exact_symbol_date_chain_absent
HIMS,2024-06-21,contract_preselection,S3,1,0,False,exact_symbol_date_chain_absent
HIMS,2024-06-24,entry_quote,S1,1,0,False,exact_symbol_date_chain_absent
HIMS,2024-06-24,entry_quote,S3,1,0,False,exact_symbol_date_chain_absent
HIMS,2024-06-25,exit_quote,S1,1,0,False,exact_symbol_date_chain_absent
HIMS,2024-06-25,exit_quote,S3,1,0,False,exact_symbol_date_chain_absent
HIMS,2024-07-19,contract_preselection,S1,1,0,False,exact_symbol_date_chain_absent
HIMS,2024-07-19,contract_preselection,S3,1,0,False,exact_symbol_date_chain_absent
HIMS,2024-07-22,entry_quote,S1,1,0,False,exact_symbol_date_chain_absent
HIMS,2024-07-22,entry_quote,S3,1,0,False,exact_symbol_date_chain_absent
HIMS,2024-07-23,exit_quote,S1,1,0,False,exact_symbol_date_chain_absent
HIMS,2024-07-23,exit_quote,S3,1,0,False,exact_symbol_date_chain_absent
HIMS,2024-07-24,contract_preselection,S1,1,0,False,exact_symbol_date_chain_absent
HIMS,2024-07-24,contract_preselection,S3,1,0,False,exact_symbol_date_chain_absent
HIMS,2024-07-25,entry_quote,S1,1,0,False,exact_symbol_date_chain_absent
HIMS,2024-07-25,entry_quote,S3,1,0,False,exact_symbol_date_chain_absent
HIMS,2024-07-26,exit_quote,S1,1,0,False,exact_symbol_date_chain_absent
HIMS,2024-07-26,exit_quote,S3,1,0,False,exact_symbol_date_chain_absent
HIMS,2024-08-06,contract_preselection,S1,1,0,False,exact_symbol_date_chain_absent
HIMS,2024-08-06,contract_preselection,S3,1,0,False,exact_symbol_date_chain_absent
HIMS,2024-08-07,entry_quote,S1,1,0,False,exact_symbol_date_chain_absent
HIMS,2024-08-07,entry_quote,S3,1,0,False,exact_symbol_date_chain_absent
HIMS,2024-08-08,contract_preselection;exit_quote,S1,2,0,False,exact_symbol_date_chain_absent
HIMS,2024-08-08,contract_preselection;exit_quote,S3,2,0,False,exact_symbol_date_chain_absent
HIMS,2024-08-09,contract_preselection;entry_quote,S1,2,0,False,exact_symbol_date_chain_absent
HIMS,2024-08-09,contract_preselection;entry_quote,S3,2,0,False,exact_symbol_date_chain_absent
HIMS,2024-08-12,contract_preselection;entry_quote;exit_quote,S1,3,0,False,exact_symbol_date_chain_absent
HIMS,2024-08-12,contract_preselection;entry_quote;exit_quote,S3,3,0,False,exact_symbol_date_chain_absent
HIMS,2024-08-13,entry_quote;exit_quote,S1,2,0,False,exact_symbol_date_chain_absent
HIMS,2024-08-13,entry_quote;exit_quote,S3,2,0,False,exact_symbol_date_chain_absent
HIMS,2024-08-14,contract_preselection;exit_quote,S1,2,0,False,exact_symbol_date_chain_absent
HIMS,2024-08-14,contract_preselection;exit_quote,S3,2,0,False,exact_symbol_date_chain_absent
HIMS,2024-08-15,entry_quote,S1,1,0,False,exact_symbol_date_chain_absent
HIMS,2024-08-15,entry_quote,S3,1,0,False,exact_symbol_date_chain_absent
HIMS,2024-08-16,exit_quote,S1,1,0,False,exact_symbol_date_chain_absent
HIMS,2024-08-16,exit_quote,S3,1,0,False,exact_symbol_date_chain_absent
HIMS,2024-08-27,contract_preselection,S1,1,0,False,exact_symbol_date_chain_absent
HIMS,2024-08-27,contract_preselection,S3,1,0,False,exact_symbol_date_chain_absent
HIMS,2024-08-28,entry_quote,S1,1,0,False,exact_symbol_date_chain_absent
HIMS,2024-08-28,entry_quote,S3,1,0,False,exact_symbol_date_chain_absent
HIMS,2024-08-29,exit_quote,S1,1,0,False,exact_symbol_date_chain_absent
HIMS,2024-08-29,exit_quote,S3,1,0,False,exact_symbol_date_chain_absent
HIMS,2024-08-30,contract_preselection,S1,1,0,False,exact_symbol_date_chain_absent
HIMS,2024-08-30,contract_preselection,S3,1,0,False,exact_symbol_date_chain_absent
HIMS,2024-09-03,entry_quote,S1,1,0,False,exact_symbol_date_chain_absent
HIMS,2024-09-03,entry_quote,S3,1,0,False,exact_symbol_date_chain_absent
HIMS,2024-09-04,exit_quote,S1,1,0,False,exact_symbol_date_chain_absent
HIMS,2024-09-04,exit_quote,S3,1,0,False,exact_symbol_date_chain_absent
HIMS,2024-09-05,contract_preselection,S1,1,0,False,exact_symbol_date_chain_absent
HIMS,2024-09-05,contract_preselection,S3,1,0,False,exact_symbol_date_chain_absent
HIMS,2024-09-06,entry_quote,S1,1,0,False,exact_symbol_date_chain_absent
HIMS,2024-09-06,entry_quote,S3,1,0,False,exact_symbol_date_chain_absent
HIMS,2024-09-09,exit_quote,S1,1,0,False,exact_symbol_date_chain_absent
HIMS,2024-09-09,exit_quote,S3,1,0,False,exact_symbol_date_chain_absent
HIMS,2024-09-19,contract_preselection,S1,1,0,False,exact_symbol_date_chain_absent
HIMS,2024-09-19,contract_preselection,S3,1,0,False,exact_symbol_date_chain_absent
HIMS,2024-09-20,entry_quote,S1,1,0,False,exact_symbol_date_chain_absent
HIMS,2024-09-20,entry_quote,S3,1,0,False,exact_symbol_date_chain_absent
HIMS,2024-09-23,exit_quote,S1,1,0,False,exact_symbol_date_chain_absent
HIMS,2024-09-23,exit_quote,S3,1,0,False,exact_symbol_date_chain_absent
HIMS,2024-09-24,contract_preselection,S1,1,0,False,exact_symbol_date_chain_absent
HIMS,2024-09-24,contract_preselection,S3,1,0,False,exact_symbol_date_chain_absent
HIMS,2024-09-25,entry_quote,S1,1,0,False,exact_symbol_date_chain_absent
HIMS,2024-09-25,entry_quote,S3,1,0,False,exact_symbol_date_chain_absent
HIMS,2024-09-26,exit_quote,S1,1,0,False,exact_symbol_date_chain_absent
HIMS,2024-09-26,exit_quote,S3,1,0,False,exact_symbol_date_chain_absent
HIMS,2024-09-30,contract_preselection,S1,1,0,False,exact_symbol_date_chain_absent
HIMS,2024-09-30,contract_preselection,S3,1,0,False,exact_symbol_date_chain_absent
HIMS,2024-10-01,contract_preselection;entry_quote,S1,2,0,False,exact_symbol_date_chain_absent
HIMS,2024-10-01,contract_preselection;entry_quote,S3,2,0,False,exact_symbol_date_chain_absent
HIMS,2024-10-02,entry_quote;exit_quote,S1,2,0,False,exact_symbol_date_chain_absent
HIMS,2024-10-02,entry_quote;exit_quote,S3,2,0,False,exact_symbol_date_chain_absent
HIMS,2024-10-03,exit_quote,S1,1,0,False,exact_symbol_date_chain_absent
HIMS,2024-10-03,exit_quote,S3,1,0,False,exact_symbol_date_chain_absent
HIMS,2024-10-09,contract_preselection,S1,1,0,False,exact_symbol_date_chain_absent
HIMS,2024-10-09,contract_preselection,S3,1,0,False,exact_symbol_date_chain_absent
HIMS,2024-10-10,entry_quote,S1,1,0,False,exact_symbol_date_chain_absent
HIMS,2024-10-10,entry_quote,S3,1,0,False,exact_symbol_date_chain_absent
HIMS,2024-10-11,exit_quote,S1,1,0,False,exact_symbol_date_chain_absent
HIMS,2024-10-11,exit_quote,S3,1,0,False,exact_symbol_date_chain_absent
HIMS,2024-10-18,contract_preselection,S1,1,0,False,exact_symbol_date_chain_absent
HIMS,2024-10-18,contract_preselection,S3,1,0,False,exact_symbol_date_chain_absent
HIMS,2024-10-21,entry_quote,S1,1,0,False,exact_symbol_date_chain_absent
HIMS,2024-10-21,entry_quote,S3,1,0,False,exact_symbol_date_chain_absent
HIMS,2024-10-22,exit_quote,S1,1,0,False,exact_symbol_date_chain_absent
HIMS,2024-10-22,exit_quote,S3,1,0,False,exact_symbol_date_chain_absent
HIMS,2024-12-05,contract_preselection,S1,1,0,False,exact_symbol_date_chain_absent
HIMS,2024-12-05,contract_preselection,S3,1,0,False,exact_symbol_date_chain_absent
HIMS,2024-12-06,entry_quote,S1,1,0,False,exact_symbol_date_chain_absent
HIMS,2024-12-06,entry_quote,S3,1,0,False,exact_symbol_date_chain_absent
HIMS,2024-12-09,exit_quote,S1,1,0,False,exact_symbol_date_chain_absent
HIMS,2024-12-09,exit_quote,S3,1,0,False,exact_symbol_date_chain_absent
HIMS,2024-12-10,contract_preselection,S1,1,0,False,exact_symbol_date_chain_absent
HIMS,2024-12-10,contract_preselection,S3,1,0,False,exact_symbol_date_chain_absent
HIMS,2024-12-11,entry_quote,S1,1,0,False,exact_symbol_date_chain_absent
HIMS,2024-12-11,entry_quote,S3,1,0,False,exact_symbol_date_chain_absent
HIMS,2024-12-12,contract_preselection;exit_quote,S1,2,0,False,exact_symbol_date_chain_absent
HIMS,2024-12-12,contract_preselection;exit_quote,S3,2,0,False,exact_symbol_date_chain_absent
HIMS,2024-12-13,contract_preselection;entry_quote,S1,2,0,False,exact_symbol_date_chain_absent
HIMS,2024-12-13,contract_preselection;entry_quote,S3,2,0,False,exact_symbol_date_chain_absent
HIMS,2024-12-16,entry_quote;exit_quote,S1,2,0,False,exact_symbol_date_chain_absent
HIMS,2024-12-16,entry_quote;exit_quote,S3,2,0,False,exact_symbol_date_chain_absent
HIMS,2024-12-17,exit_quote,S1,1,0,False,exact_symbol_date_chain_absent
HIMS,2024-12-17,exit_quote,S3,1,0,False,exact_symbol_date_chain_absent
HIMS,2024-12-30,contract_preselection,S1,1,0,False,exact_symbol_date_chain_absent
HIMS,2024-12-30,contract_preselection,S3,1,0,False,exact_symbol_date_chain_absent
HIMS,2024-12-31,entry_quote,S1,1,0,False,exact_symbol_date_chain_absent
HIMS,2024-12-31,entry_quote,S3,1,0,False,exact_symbol_date_chain_absent
HIMS,2025-01-02,exit_quote,S1,1,0,False,exact_symbol_date_chain_absent
HIMS,2025-01-02,exit_quote,S3,1,0,False,exact_symbol_date_chain_absent
HIMS,2025-01-14,contract_preselection,S1,1,0,False,exact_symbol_date_chain_absent
HIMS,2025-01-14,contract_preselection,S3,1,0,False,exact_symbol_date_chain_absent
HIMS,2025-01-15,entry_quote,S1,1,0,False,exact_symbol_date_chain_absent
HIMS,2025-01-15,entry_quote,S3,1,0,False,exact_symbol_date_chain_absent
HIMS,2025-01-16,exit_quote,S1,1,0,False,exact_symbol_date_chain_absent
HIMS,2025-01-16,exit_quote,S3,1,0,False,exact_symbol_date_chain_absent
HIMS,2025-01-21,contract_preselection,S1,1,0,False,exact_symbol_date_chain_absent
HIMS,2025-01-21,contract_preselection,S3,1,0,False,exact_symbol_date_chain_absent
HIMS,2025-01-22,entry_quote,S1,1,0,False,exact_symbol_date_chain_absent
HIMS,2025-01-22,entry_quote,S3,1,0,False,exact_symbol_date_chain_absent
HIMS,2025-01-23,exit_quote,S1,1,0,False,exact_symbol_date_chain_absent
HIMS,2025-01-23,exit_quote,S3,1,0,False,exact_symbol_date_chain_absent
HIMS,2025-02-11,contract_preselection,S1,1,0,False,exact_symbol_date_chain_absent
HIMS,2025-02-11,contract_preselection,S3,1,0,False,exact_symbol_date_chain_absent
HIMS,2025-02-12,entry_quote,S1,1,0,False,exact_symbol_date_chain_absent
HIMS,2025-02-12,entry_quote,S3,1,0,False,exact_symbol_date_chain_absent
HIMS,2025-02-13,exit_quote,S1,1,0,False,exact_symbol_date_chain_absent
HIMS,2025-02-13,exit_quote,S3,1,0,False,exact_symbol_date_chain_absent
HIMS,2025-03-13,contract_preselection,S1,1,0,False,exact_symbol_date_chain_absent
HIMS,2025-03-13,contract_preselection,S3,1,0,False,exact_symbol_date_chain_absent
HIMS,2025-03-14,entry_quote,S1,1,0,False,exact_symbol_date_chain_absent
HIMS,2025-03-14,entry_quote,S3,1,0,False,exact_symbol_date_chain_absent
HIMS,2025-03-17,exit_quote,S1,1,0,False,exact_symbol_date_chain_absent
HIMS,2025-03-17,exit_quote,S3,1,0,False,exact_symbol_date_chain_absent
HIMS,2025-03-24,contract_preselection,S1,1,0,False,exact_symbol_date_chain_absent
HIMS,2025-03-24,contract_preselection,S3,1,0,False,exact_symbol_date_chain_absent
HIMS,2025-03-25,entry_quote,S1,1,0,False,exact_symbol_date_chain_absent
HIMS,2025-03-25,entry_quote,S3,1,0,False,exact_symbol_date_chain_absent
HIMS,2025-03-26,exit_quote,S1,1,0,False,exact_symbol_date_chain_absent
HIMS,2025-03-26,exit_quote,S3,1,0,False,exact_symbol_date_chain_absent
HIMS,2025-04-10,contract_preselection,S1,1,0,False,exact_symbol_date_chain_absent
HIMS,2025-04-10,contract_preselection,S3,1,0,False,exact_symbol_date_chain_absent
HIMS,2025-04-11,entry_quote,S1,1,0,False,exact_symbol_date_chain_absent
HIMS,2025-04-11,entry_quote,S3,1,0,False,exact_symbol_date_chain_absent
HIMS,2025-04-14,exit_quote,S1,1,0,False,exact_symbol_date_chain_absent
HIMS,2025-04-14,exit_quote,S3,1,0,False,exact_symbol_date_chain_absent
HIMS,2025-04-17,contract_preselection,S1,1,0,False,exact_symbol_date_chain_absent
HIMS,2025-04-17,contract_preselection,S3,1,0,False,exact_symbol_date_chain_absent
HIMS,2025-04-21,entry_quote,S1,1,0,False,exact_symbol_date_chain_absent
HIMS,2025-04-21,entry_quote,S3,1,0,False,exact_symbol_date_chain_absent
HIMS,2025-04-22,exit_quote,S1,1,0,False,exact_symbol_date_chain_absent
HIMS,2025-04-22,exit_quote,S3,1,0,False,exact_symbol_date_chain_absent
HIMS,2025-06-06,contract_preselection,S1,1,0,False,exact_symbol_date_chain_absent
HIMS,2025-06-06,contract_preselection,S3,1,0,False,exact_symbol_date_chain_absent
HIMS,2025-06-09,entry_quote,S1,1,0,False,exact_symbol_date_chain_absent
HIMS,2025-06-09,entry_quote,S3,1,0,False,exact_symbol_date_chain_absent
HIMS,2025-06-10,exit_quote,S1,1,0,False,exact_symbol_date_chain_absent
HIMS,2025-06-10,exit_quote,S3,1,0,False,exact_symbol_date_chain_absent
HIMS,2025-07-16,contract_preselection,S1,1,0,False,exact_symbol_date_chain_absent
HIMS,2025-07-16,contract_preselection,S3,1,0,False,exact_symbol_date_chain_absent
HIMS,2025-07-17,entry_quote,S1,1,0,False,exact_symbol_date_chain_absent
HIMS,2025-07-17,entry_quote,S3,1,0,False,exact_symbol_date_chain_absent
HIMS,2025-07-18,exit_quote,S1,1,0,False,exact_symbol_date_chain_absent
HIMS,2025-07-18,exit_quote,S3,1,0,False,exact_symbol_date_chain_absent
HIMS,2025-08-12,contract_preselection,S1,1,0,False,exact_symbol_date_chain_absent
HIMS,2025-08-12,contract_preselection,S3,1,0,False,exact_symbol_date_chain_absent
HIMS,2025-08-13,contract_preselection;entry_quote,S1,2,0,False,exact_symbol_date_chain_absent
HIMS,2025-08-13,contract_preselection;entry_quote,S3,2,0,False,exact_symbol_date_chain_absent
HIMS,2025-08-14,entry_quote;exit_quote,S1,2,0,False,exact_symbol_date_chain_absent
HIMS,2025-08-14,entry_quote;exit_quote,S3,2,0,False,exact_symbol_date_chain_absent
HIMS,2025-08-15,exit_quote,S1,1,0,False,exact_symbol_date_chain_absent
HIMS,2025-08-15,exit_quote,S3,1,0,False,exact_symbol_date_chain_absent
IONQ,2024-01-22,contract_preselection,S1,1,0,False,exact_symbol_date_chain_absent
IONQ,2024-01-22,contract_preselection,S3,1,0,False,exact_symbol_date_chain_absent
IONQ,2024-01-23,entry_quote,S1,1,0,False,exact_symbol_date_chain_absent
IONQ,2024-01-23,entry_quote,S3,1,0,False,exact_symbol_date_chain_absent
IONQ,2024-01-24,exit_quote,S1,1,0,False,exact_symbol_date_chain_absent
IONQ,2024-01-24,exit_quote,S3,1,0,False,exact_symbol_date_chain_absent
IONQ,2024-01-26,contract_preselection,S1,1,0,False,exact_symbol_date_chain_absent
IONQ,2024-01-26,contract_preselection,S3,1,0,False,exact_symbol_date_chain_absent
IONQ,2024-01-29,entry_quote,S1,1,0,False,exact_symbol_date_chain_absent
IONQ,2024-01-29,entry_quote,S3,1,0,False,exact_symbol_date_chain_absent
IONQ,2024-01-30,exit_quote,S1,1,0,False,exact_symbol_date_chain_absent
IONQ,2024-01-30,exit_quote,S3,1,0,False,exact_symbol_date_chain_absent
IONQ,2024-02-01,contract_preselection,S1,1,0,False,exact_symbol_date_chain_absent
IONQ,2024-02-01,contract_preselection,S3,1,0,False,exact_symbol_date_chain_absent
IONQ,2024-02-02,entry_quote,S1,1,0,False,exact_symbol_date_chain_absent
IONQ,2024-02-02,entry_quote,S3,1,0,False,exact_symbol_date_chain_absent
IONQ,2024-02-05,contract_preselection;exit_quote,S1,2,0,False,exact_symbol_date_chain_absent
IONQ,2024-02-05,contract_preselection;exit_quote,S3,2,0,False,exact_symbol_date_chain_absent
IONQ,2024-02-06,entry_quote,S1,1,0,False,exact_symbol_date_chain_absent
IONQ,2024-02-06,entry_quote,S3,1,0,False,exact_symbol_date_chain_absent
IONQ,2024-02-07,contract_preselection;exit_quote,S1,2,0,False,exact_symbol_date_chain_absent
IONQ,2024-02-07,contract_preselection;exit_quote,S3,2,0,False,exact_symbol_date_chain_absent
IONQ,2024-02-08,entry_quote,S1,1,0,False,exact_symbol_date_chain_absent
IONQ,2024-02-08,entry_quote,S3,1,0,False,exact_symbol_date_chain_absent
IONQ,2024-02-09,exit_quote,S1,1,0,False,exact_symbol_date_chain_absent
IONQ,2024-02-09,exit_quote,S3,1,0,False,exact_symbol_date_chain_absent
IONQ,2024-03-01,contract_preselection,S1,1,0,False,exact_symbol_date_chain_absent
IONQ,2024-03-01,contract_preselection,S3,1,0,False,exact_symbol_date_chain_absent
IONQ,2024-03-04,entry_quote,S1,1,0,False,exact_symbol_date_chain_absent
IONQ,2024-03-04,entry_quote,S3,1,0,False,exact_symbol_date_chain_absent
IONQ,2024-03-05,exit_quote,S1,1,0,False,exact_symbol_date_chain_absent
IONQ,2024-03-05,exit_quote,S3,1,0,False,exact_symbol_date_chain_absent
IONQ,2024-04-09,contract_preselection,S1,1,0,False,exact_symbol_date_chain_absent
IONQ,2024-04-09,contract_preselection,S3,1,0,False,exact_symbol_date_chain_absent
IONQ,2024-04-10,entry_quote,S1,1,0,False,exact_symbol_date_chain_absent
IONQ,2024-04-10,entry_quote,S3,1,0,False,exact_symbol_date_chain_absent
IONQ,2024-04-11,exit_quote,S1,1,0,False,exact_symbol_date_chain_absent
IONQ,2024-04-11,exit_quote,S3,1,0,False,exact_symbol_date_chain_absent
IONQ,2024-05-13,contract_preselection,S1,1,0,False,exact_symbol_date_chain_absent
IONQ,2024-05-13,contract_preselection,S3,1,0,False,exact_symbol_date_chain_absent
IONQ,2024-05-14,entry_quote,S1,1,0,False,exact_symbol_date_chain_absent
IONQ,2024-05-14,entry_quote,S3,1,0,False,exact_symbol_date_chain_absent
IONQ,2024-05-15,contract_preselection;exit_quote,S1,2,0,False,exact_symbol_date_chain_absent
IONQ,2024-05-15,contract_preselection;exit_quote,S3,2,0,False,exact_symbol_date_chain_absent
IONQ,2024-05-16,entry_quote,S1,1,0,False,exact_symbol_date_chain_absent
IONQ,2024-05-16,entry_quote,S3,1,0,False,exact_symbol_date_chain_absent
IONQ,2024-05-17,exit_quote,S1,1,0,False,exact_symbol_date_chain_absent
IONQ,2024-05-17,exit_quote,S3,1,0,False,exact_symbol_date_chain_absent
IONQ,2024-05-21,contract_preselection,S1,1,0,False,exact_symbol_date_chain_absent
IONQ,2024-05-21,contract_preselection,S3,1,0,False,exact_symbol_date_chain_absent
IONQ,2024-05-22,entry_quote,S1,1,0,False,exact_symbol_date_chain_absent
IONQ,2024-05-22,entry_quote,S3,1,0,False,exact_symbol_date_chain_absent
IONQ,2024-05-23,exit_quote,S1,1,0,False,exact_symbol_date_chain_absent
IONQ,2024-05-23,exit_quote,S3,1,0,False,exact_symbol_date_chain_absent
IONQ,2024-05-31,contract_preselection,S1,1,0,False,exact_symbol_date_chain_absent
IONQ,2024-05-31,contract_preselection,S3,1,0,False,exact_symbol_date_chain_absent
IONQ,2024-06-03,entry_quote,S1,1,0,False,exact_symbol_date_chain_absent
IONQ,2024-06-03,entry_quote,S3,1,0,False,exact_symbol_date_chain_absent
IONQ,2024-06-04,contract_preselection;exit_quote,S1,2,0,False,exact_symbol_date_chain_absent
IONQ,2024-06-04,contract_preselection;exit_quote,S3,2,0,False,exact_symbol_date_chain_absent
IONQ,2024-06-05,entry_quote,S1,1,0,False,exact_symbol_date_chain_absent
IONQ,2024-06-05,entry_quote,S3,1,0,False,exact_symbol_date_chain_absent
IONQ,2024-06-06,exit_quote,S1,1,0,False,exact_symbol_date_chain_absent
IONQ,2024-06-06,exit_quote,S3,1,0,False,exact_symbol_date_chain_absent
IONQ,2024-06-12,contract_preselection,S1,1,0,False,exact_symbol_date_chain_absent
IONQ,2024-06-12,contract_preselection,S3,1,0,False,exact_symbol_date_chain_absent
IONQ,2024-06-13,entry_quote,S1,1,0,False,exact_symbol_date_chain_absent
IONQ,2024-06-13,entry_quote,S3,1,0,False,exact_symbol_date_chain_absent
IONQ,2024-06-14,exit_quote,S1,1,0,False,exact_symbol_date_chain_absent
IONQ,2024-06-14,exit_quote,S3,1,0,False,exact_symbol_date_chain_absent
IONQ,2024-06-24,contract_preselection,S1,1,0,False,exact_symbol_date_chain_absent
IONQ,2024-06-24,contract_preselection,S3,1,0,False,exact_symbol_date_chain_absent
IONQ,2024-06-25,entry_quote,S1,1,0,False,exact_symbol_date_chain_absent
IONQ,2024-06-25,entry_quote,S3,1,0,False,exact_symbol_date_chain_absent
IONQ,2024-06-26,exit_quote,S1,1,0,False,exact_symbol_date_chain_absent
IONQ,2024-06-26,exit_quote,S3,1,0,False,exact_symbol_date_chain_absent
IONQ,2024-07-03,contract_preselection,S1,1,0,False,exact_symbol_date_chain_absent
IONQ,2024-07-03,contract_preselection,S3,1,0,False,exact_symbol_date_chain_absent
IONQ,2024-07-05,entry_quote,S1,1,0,False,exact_symbol_date_chain_absent
IONQ,2024-07-05,entry_quote,S3,1,0,False,exact_symbol_date_chain_absent
IONQ,2024-07-08,exit_quote,S1,1,0,False,exact_symbol_date_chain_absent
IONQ,2024-07-08,exit_quote,S3,1,0,False,exact_symbol_date_chain_absent
IONQ,2024-07-09,contract_preselection,S1,1,0,False,exact_symbol_date_chain_absent
IONQ,2024-07-09,contract_preselection,S3,1,0,False,exact_symbol_date_chain_absent
IONQ,2024-07-10,entry_quote,S1,1,0,False,exact_symbol_date_chain_absent
IONQ,2024-07-10,entry_quote,S3,1,0,False,exact_symbol_date_chain_absent
IONQ,2024-07-11,contract_preselection;exit_quote,S1,2,0,False,exact_symbol_date_chain_absent
IONQ,2024-07-11,contract_preselection;exit_quote,S3,2,0,False,exact_symbol_date_chain_absent
IONQ,2024-07-12,entry_quote,S1,1,0,False,exact_symbol_date_chain_absent
IONQ,2024-07-12,entry_quote,S3,1,0,False,exact_symbol_date_chain_absent
IONQ,2024-07-15,exit_quote,S1,1,0,False,exact_symbol_date_chain_absent
IONQ,2024-07-15,exit_quote,S3,1,0,False,exact_symbol_date_chain_absent
IONQ,2024-07-16,contract_preselection,S1,1,0,False,exact_symbol_date_chain_absent
IONQ,2024-07-16,contract_preselection,S3,1,0,False,exact_symbol_date_chain_absent
IONQ,2024-07-17,entry_quote,S1,1,0,False,exact_symbol_date_chain_absent
IONQ,2024-07-17,entry_quote,S3,1,0,False,exact_symbol_date_chain_absent
IONQ,2024-07-18,exit_quote,S1,1,0,False,exact_symbol_date_chain_absent
IONQ,2024-07-18,exit_quote,S3,1,0,False,exact_symbol_date_chain_absent
IONQ,2024-08-07,contract_preselection,S1,1,0,False,exact_symbol_date_chain_absent
IONQ,2024-08-07,contract_preselection,S3,1,0,False,exact_symbol_date_chain_absent
IONQ,2024-08-08,entry_quote,S1,1,0,False,exact_symbol_date_chain_absent
IONQ,2024-08-08,entry_quote,S3,1,0,False,exact_symbol_date_chain_absent
IONQ,2024-08-09,exit_quote,S1,1,0,False,exact_symbol_date_chain_absent
IONQ,2024-08-09,exit_quote,S3,1,0,False,exact_symbol_date_chain_absent
IONQ,2024-08-16,contract_preselection,S1,1,0,False,exact_symbol_date_chain_absent
IONQ,2024-08-16,contract_preselection,S3,1,0,False,exact_symbol_date_chain_absent
IONQ,2024-08-19,entry_quote,S1,1,0,False,exact_symbol_date_chain_absent
IONQ,2024-08-19,entry_quote,S3,1,0,False,exact_symbol_date_chain_absent
IONQ,2024-08-20,contract_preselection;exit_quote,S1,2,0,False,exact_symbol_date_chain_absent
IONQ,2024-08-20,contract_preselection;exit_quote,S3,2,0,False,exact_symbol_date_chain_absent
IONQ,2024-08-21,entry_quote,S1,1,0,False,exact_symbol_date_chain_absent
IONQ,2024-08-21,entry_quote,S3,1,0,False,exact_symbol_date_chain_absent
IONQ,2024-08-22,contract_preselection;exit_quote,S1,2,0,False,exact_symbol_date_chain_absent
IONQ,2024-08-22,contract_preselection;exit_quote,S3,2,0,False,exact_symbol_date_chain_absent
IONQ,2024-08-23,contract_preselection;entry_quote,S1,2,0,False,exact_symbol_date_chain_absent
IONQ,2024-08-23,contract_preselection;entry_quote,S3,2,0,False,exact_symbol_date_chain_absent
IONQ,2024-08-26,entry_quote;exit_quote,S1,2,0,False,exact_symbol_date_chain_absent
IONQ,2024-08-26,entry_quote;exit_quote,S3,2,0,False,exact_symbol_date_chain_absent
IONQ,2024-08-27,exit_quote,S1,1,0,False,exact_symbol_date_chain_absent
IONQ,2024-08-27,exit_quote,S3,1,0,False,exact_symbol_date_chain_absent
IONQ,2024-09-10,contract_preselection,S1,1,0,False,exact_symbol_date_chain_absent
IONQ,2024-09-10,contract_preselection,S3,1,0,False,exact_symbol_date_chain_absent
IONQ,2024-09-11,entry_quote,S1,1,0,False,exact_symbol_date_chain_absent
IONQ,2024-09-11,entry_quote,S3,1,0,False,exact_symbol_date_chain_absent
IONQ,2024-09-12,exit_quote,S1,1,0,False,exact_symbol_date_chain_absent
IONQ,2024-09-12,exit_quote,S3,1,0,False,exact_symbol_date_chain_absent
IONQ,2024-09-13,contract_preselection,S1,1,0,False,exact_symbol_date_chain_absent
IONQ,2024-09-13,contract_preselection,S3,1,0,False,exact_symbol_date_chain_absent
IONQ,2024-09-16,entry_quote,S1,1,0,False,exact_symbol_date_chain_absent
IONQ,2024-09-16,entry_quote,S3,1,0,False,exact_symbol_date_chain_absent
IONQ,2024-09-17,exit_quote,S1,1,0,False,exact_symbol_date_chain_absent
IONQ,2024-09-17,exit_quote,S3,1,0,False,exact_symbol_date_chain_absent
IONQ,2024-10-02,contract_preselection,S1,1,0,False,exact_symbol_date_chain_absent
IONQ,2024-10-02,contract_preselection,S3,1,0,False,exact_symbol_date_chain_absent
IONQ,2024-10-03,entry_quote,S1,1,0,False,exact_symbol_date_chain_absent
IONQ,2024-10-03,entry_quote,S3,1,0,False,exact_symbol_date_chain_absent
IONQ,2024-10-04,exit_quote,S1,1,0,False,exact_symbol_date_chain_absent
IONQ,2024-10-04,exit_quote,S3,1,0,False,exact_symbol_date_chain_absent
IONQ,2024-10-07,contract_preselection,S1,1,0,False,exact_symbol_date_chain_absent
IONQ,2024-10-07,contract_preselection,S3,1,0,False,exact_symbol_date_chain_absent
IONQ,2024-10-08,entry_quote,S1,1,0,False,exact_symbol_date_chain_absent
IONQ,2024-10-08,entry_quote,S3,1,0,False,exact_symbol_date_chain_absent
IONQ,2024-10-09,exit_quote,S1,1,0,False,exact_symbol_date_chain_absent
IONQ,2024-10-09,exit_quote,S3,1,0,False,exact_symbol_date_chain_absent
IONQ,2024-11-04,contract_preselection,S1,1,0,False,exact_symbol_date_chain_absent
IONQ,2024-11-04,contract_preselection,S3,1,0,False,exact_symbol_date_chain_absent
IONQ,2024-11-05,entry_quote,S1,1,0,False,exact_symbol_date_chain_absent
IONQ,2024-11-05,entry_quote,S3,1,0,False,exact_symbol_date_chain_absent
IONQ,2024-11-06,exit_quote,S1,1,0,False,exact_symbol_date_chain_absent
IONQ,2024-11-06,exit_quote,S3,1,0,False,exact_symbol_date_chain_absent
IONQ,2024-12-27,contract_preselection,S1,1,0,False,exact_symbol_date_chain_absent
IONQ,2024-12-27,contract_preselection,S3,1,0,False,exact_symbol_date_chain_absent
IONQ,2024-12-30,contract_preselection;entry_quote,S1,2,0,False,exact_symbol_date_chain_absent
IONQ,2024-12-30,contract_preselection;entry_quote,S3,2,0,False,exact_symbol_date_chain_absent
IONQ,2024-12-31,entry_quote;exit_quote,S1,2,0,False,exact_symbol_date_chain_absent
IONQ,2024-12-31,entry_quote;exit_quote,S3,2,0,False,exact_symbol_date_chain_absent
IONQ,2025-01-02,exit_quote,S1,1,0,False,exact_symbol_date_chain_absent
IONQ,2025-01-02,exit_quote,S3,1,0,False,exact_symbol_date_chain_absent
IONQ,2025-01-29,contract_preselection,S1,1,0,False,exact_symbol_date_chain_absent
IONQ,2025-01-29,contract_preselection,S3,1,0,False,exact_symbol_date_chain_absent
IONQ,2025-01-30,entry_quote,S1,1,0,False,exact_symbol_date_chain_absent
IONQ,2025-01-30,entry_quote,S3,1,0,False,exact_symbol_date_chain_absent
IONQ,2025-01-31,exit_quote,S1,1,0,False,exact_symbol_date_chain_absent
IONQ,2025-01-31,exit_quote,S3,1,0,False,exact_symbol_date_chain_absent
IONQ,2025-02-04,contract_preselection,S1,1,0,False,exact_symbol_date_chain_absent
IONQ,2025-02-04,contract_preselection,S3,1,0,False,exact_symbol_date_chain_absent
IONQ,2025-02-05,contract_preselection;entry_quote,S1,2,0,False,exact_symbol_date_chain_absent
IONQ,2025-02-05,contract_preselection;entry_quote,S3,2,0,False,exact_symbol_date_chain_absent
IONQ,2025-02-06,entry_quote;exit_quote,S1,2,0,False,exact_symbol_date_chain_absent
IONQ,2025-02-06,entry_quote;exit_quote,S3,2,0,False,exact_symbol_date_chain_absent
IONQ,2025-02-07,exit_quote,S1,1,0,False,exact_symbol_date_chain_absent
IONQ,2025-02-07,exit_quote,S3,1,0,False,exact_symbol_date_chain_absent
IONQ,2025-02-11,contract_preselection,S1,1,0,False,exact_symbol_date_chain_absent
IONQ,2025-02-11,contract_preselection,S3,1,0,False,exact_symbol_date_chain_absent
IONQ,2025-02-12,contract_preselection;entry_quote,S1,2,0,False,exact_symbol_date_chain_absent
IONQ,2025-02-12,contract_preselection;entry_quote,S3,2,0,False,exact_symbol_date_chain_absent
IONQ,2025-02-13,entry_quote;exit_quote,S1,2,0,False,exact_symbol_date_chain_absent
IONQ,2025-02-13,entry_quote;exit_quote,S3,2,0,False,exact_symbol_date_chain_absent
IONQ,2025-02-14,exit_quote,S1,1,0,False,exact_symbol_date_chain_absent
IONQ,2025-02-14,exit_quote,S3,1,0,False,exact_symbol_date_chain_absent
IONQ,2025-02-27,contract_preselection,S1,1,0,False,exact_symbol_date_chain_absent
IONQ,2025-02-27,contract_preselection,S3,1,0,False,exact_symbol_date_chain_absent
IONQ,2025-02-28,entry_quote,S1,1,0,False,exact_symbol_date_chain_absent
IONQ,2025-02-28,entry_quote,S3,1,0,False,exact_symbol_date_chain_absent
IONQ,2025-03-03,exit_quote,S1,1,0,False,exact_symbol_date_chain_absent
IONQ,2025-03-03,exit_quote,S3,1,0,False,exact_symbol_date_chain_absent
IONQ,2025-03-06,contract_preselection,S1,1,0,False,exact_symbol_date_chain_absent
IONQ,2025-03-06,contract_preselection,S3,1,0,False,exact_symbol_date_chain_absent
IONQ,2025-03-07,entry_quote,S1,1,0,False,exact_symbol_date_chain_absent
IONQ,2025-03-07,entry_quote,S3,1,0,False,exact_symbol_date_chain_absent
IONQ,2025-03-10,exit_quote,S1,1,0,False,exact_symbol_date_chain_absent
IONQ,2025-03-10,exit_quote,S3,1,0,False,exact_symbol_date_chain_absent
IONQ,2025-03-26,contract_preselection,S1,1,0,False,exact_symbol_date_chain_absent
IONQ,2025-03-26,contract_preselection,S3,1,0,False,exact_symbol_date_chain_absent
IONQ,2025-03-27,entry_quote,S1,1,0,False,exact_symbol_date_chain_absent
IONQ,2025-03-27,entry_quote,S3,1,0,False,exact_symbol_date_chain_absent
IONQ,2025-03-28,exit_quote,S1,1,0,False,exact_symbol_date_chain_absent
IONQ,2025-03-28,exit_quote,S3,1,0,False,exact_symbol_date_chain_absent
IONQ,2025-03-31,contract_preselection,S1,1,0,False,exact_symbol_date_chain_absent
IONQ,2025-03-31,contract_preselection,S3,1,0,False,exact_symbol_date_chain_absent
IONQ,2025-04-01,entry_quote,S1,1,0,False,exact_symbol_date_chain_absent
IONQ,2025-04-01,entry_quote,S3,1,0,False,exact_symbol_date_chain_absent
IONQ,2025-04-02,exit_quote,S1,1,0,False,exact_symbol_date_chain_absent
IONQ,2025-04-02,exit_quote,S3,1,0,False,exact_symbol_date_chain_absent
IONQ,2025-04-10,contract_preselection,S1,1,0,False,exact_symbol_date_chain_absent
IONQ,2025-04-10,contract_preselection,S3,1,0,False,exact_symbol_date_chain_absent
IONQ,2025-04-11,contract_preselection;entry_quote,S1,2,0,False,exact_symbol_date_chain_absent
IONQ,2025-04-11,contract_preselection;entry_quote,S3,2,0,False,exact_symbol_date_chain_absent
IONQ,2025-04-14,contract_preselection;entry_quote;exit_quote,S1,3,0,False,exact_symbol_date_chain_absent
IONQ,2025-04-14,contract_preselection;entry_quote;exit_quote,S3,3,0,False,exact_symbol_date_chain_absent
IONQ,2025-04-15,entry_quote;exit_quote,S1,2,0,False,exact_symbol_date_chain_absent
IONQ,2025-04-15,entry_quote;exit_quote,S3,2,0,False,exact_symbol_date_chain_absent
IONQ,2025-04-16,exit_quote,S1,1,0,False,exact_symbol_date_chain_absent
IONQ,2025-04-16,exit_quote,S3,1,0,False,exact_symbol_date_chain_absent
IONQ,2025-05-08,contract_preselection,S1,1,0,False,exact_symbol_date_chain_absent
IONQ,2025-05-08,contract_preselection,S3,1,0,False,exact_symbol_date_chain_absent
IONQ,2025-05-09,contract_preselection;entry_quote,S1,2,0,False,exact_symbol_date_chain_absent
IONQ,2025-05-09,contract_preselection;entry_quote,S3,2,0,False,exact_symbol_date_chain_absent
IONQ,2025-05-12,entry_quote;exit_quote,S1,2,0,False,exact_symbol_date_chain_absent
IONQ,2025-05-12,entry_quote;exit_quote,S3,2,0,False,exact_symbol_date_chain_absent
IONQ,2025-05-13,contract_preselection;exit_quote,S1,2,0,False,exact_symbol_date_chain_absent
IONQ,2025-05-13,contract_preselection;exit_quote,S3,2,0,False,exact_symbol_date_chain_absent
IONQ,2025-05-14,entry_quote,S1,1,0,False,exact_symbol_date_chain_absent
IONQ,2025-05-14,entry_quote,S3,1,0,False,exact_symbol_date_chain_absent
IONQ,2025-05-15,contract_preselection;exit_quote,S1,2,0,False,exact_symbol_date_chain_absent
IONQ,2025-05-15,contract_preselection;exit_quote,S3,2,0,False,exact_symbol_date_chain_absent
IONQ,2025-05-16,contract_preselection;entry_quote,S1,2,0,False,exact_symbol_date_chain_absent
IONQ,2025-05-16,contract_preselection;entry_quote,S3,2,0,False,exact_symbol_date_chain_absent
IONQ,2025-05-19,contract_preselection;entry_quote;exit_quote,S1,3,0,False,exact_symbol_date_chain_absent
IONQ,2025-05-19,contract_preselection;entry_quote;exit_quote,S3,3,0,False,exact_symbol_date_chain_absent
IONQ,2025-05-20,entry_quote;exit_quote,S1,2,0,False,exact_symbol_date_chain_absent
IONQ,2025-05-20,entry_quote;exit_quote,S3,2,0,False,exact_symbol_date_chain_absent
IONQ,2025-05-21,exit_quote,S1,1,0,False,exact_symbol_date_chain_absent
IONQ,2025-05-21,exit_quote,S3,1,0,False,exact_symbol_date_chain_absent
IONQ,2025-05-30,contract_preselection,S1,1,0,False,exact_symbol_date_chain_absent
IONQ,2025-05-30,contract_preselection,S3,1,0,False,exact_symbol_date_chain_absent
IONQ,2025-06-02,entry_quote,S1,1,0,False,exact_symbol_date_chain_absent
IONQ,2025-06-02,entry_quote,S3,1,0,False,exact_symbol_date_chain_absent
IONQ,2025-06-03,exit_quote,S1,1,0,False,exact_symbol_date_chain_absent
IONQ,2025-06-03,exit_quote,S3,1,0,False,exact_symbol_date_chain_absent
IONQ,2025-06-18,contract_preselection,S1,1,0,False,exact_symbol_date_chain_absent
IONQ,2025-06-18,contract_preselection,S3,1,0,False,exact_symbol_date_chain_absent
IONQ,2025-06-20,contract_preselection;entry_quote,S1,2,0,False,exact_symbol_date_chain_absent
IONQ,2025-06-20,contract_preselection;entry_quote,S3,2,0,False,exact_symbol_date_chain_absent
IONQ,2025-06-23,entry_quote;exit_quote,S1,2,0,False,exact_symbol_date_chain_absent
IONQ,2025-06-23,entry_quote;exit_quote,S3,2,0,False,exact_symbol_date_chain_absent
IONQ,2025-06-24,exit_quote,S1,1,0,False,exact_symbol_date_chain_absent
IONQ,2025-06-24,exit_quote,S3,1,0,False,exact_symbol_date_chain_absent
IONQ,2025-06-25,contract_preselection,S1,1,0,False,exact_symbol_date_chain_absent
IONQ,2025-06-25,contract_preselection,S3,1,0,False,exact_symbol_date_chain_absent
IONQ,2025-06-26,contract_preselection;entry_quote,S1,2,0,False,exact_symbol_date_chain_absent
IONQ,2025-06-26,contract_preselection;entry_quote,S3,2,0,False,exact_symbol_date_chain_absent
IONQ,2025-06-27,entry_quote;exit_quote,S1,2,0,False,exact_symbol_date_chain_absent
IONQ,2025-06-27,entry_quote;exit_quote,S3,2,0,False,exact_symbol_date_chain_absent
IONQ,2025-06-30,exit_quote,S1,1,0,False,exact_symbol_date_chain_absent
IONQ,2025-06-30,exit_quote,S3,1,0,False,exact_symbol_date_chain_absent
IONQ,2025-07-09,contract_preselection,S1,1,0,False,exact_symbol_date_chain_absent
IONQ,2025-07-09,contract_preselection,S3,1,0,False,exact_symbol_date_chain_absent
IONQ,2025-07-10,entry_quote,S1,1,0,False,exact_symbol_date_chain_absent
IONQ,2025-07-10,entry_quote,S3,1,0,False,exact_symbol_date_chain_absent
IONQ,2025-07-11,exit_quote,S1,1,0,False,exact_symbol_date_chain_absent
IONQ,2025-07-11,exit_quote,S3,1,0,False,exact_symbol_date_chain_absent
IONQ,2025-07-16,contract_preselection,S1,1,0,False,exact_symbol_date_chain_absent
IONQ,2025-07-16,contract_preselection,S3,1,0,False,exact_symbol_date_chain_absent
IONQ,2025-07-17,entry_quote,S1,1,0,False,exact_symbol_date_chain_absent
IONQ,2025-07-17,entry_quote,S3,1,0,False,exact_symbol_date_chain_absent
IONQ,2025-07-18,exit_quote,S1,1,0,False,exact_symbol_date_chain_absent
IONQ,2025-07-18,exit_quote,S3,1,0,False,exact_symbol_date_chain_absent
IONQ,2025-07-24,contract_preselection,S1,1,0,False,exact_symbol_date_chain_absent
IONQ,2025-07-24,contract_preselection,S3,1,0,False,exact_symbol_date_chain_absent
IONQ,2025-07-25,contract_preselection;entry_quote,S1,2,0,False,exact_symbol_date_chain_absent
IONQ,2025-07-25,contract_preselection;entry_quote,S3,2,0,False,exact_symbol_date_chain_absent
IONQ,2025-07-28,entry_quote;exit_quote,S1,2,0,False,exact_symbol_date_chain_absent
IONQ,2025-07-28,entry_quote;exit_quote,S3,2,0,False,exact_symbol_date_chain_absent
IONQ,2025-07-29,exit_quote,S1,1,0,False,exact_symbol_date_chain_absent
IONQ,2025-07-29,exit_quote,S3,1,0,False,exact_symbol_date_chain_absent
IONQ,2025-07-31,contract_preselection,S1,1,0,False,exact_symbol_date_chain_absent
IONQ,2025-07-31,contract_preselection,S3,1,0,False,exact_symbol_date_chain_absent
IONQ,2025-08-01,entry_quote,S1,1,0,False,exact_symbol_date_chain_absent
IONQ,2025-08-01,entry_quote,S3,1,0,False,exact_symbol_date_chain_absent
IONQ,2025-08-04,contract_preselection;exit_quote,S1,2,0,False,exact_symbol_date_chain_absent
IONQ,2025-08-04,contract_preselection;exit_quote,S3,2,0,False,exact_symbol_date_chain_absent
IONQ,2025-08-05,entry_quote,S1,1,0,False,exact_symbol_date_chain_absent
IONQ,2025-08-05,entry_quote,S3,1,0,False,exact_symbol_date_chain_absent
IONQ,2025-08-06,contract_preselection;exit_quote,S1,2,0,False,exact_symbol_date_chain_absent
IONQ,2025-08-06,contract_preselection;exit_quote,S3,2,0,False,exact_symbol_date_chain_absent
IONQ,2025-08-07,entry_quote,S1,1,0,False,exact_symbol_date_chain_absent
IONQ,2025-08-07,entry_quote,S3,1,0,False,exact_symbol_date_chain_absent
IONQ,2025-08-08,exit_quote,S1,1,0,False,exact_symbol_date_chain_absent
IONQ,2025-08-08,exit_quote,S3,1,0,False,exact_symbol_date_chain_absent
IONQ,2025-08-11,contract_preselection,S1,1,0,False,exact_symbol_date_chain_absent
IONQ,2025-08-11,contract_preselection,S3,1,0,False,exact_symbol_date_chain_absent
IONQ,2025-08-12,entry_quote,S1,1,0,False,exact_symbol_date_chain_absent
IONQ,2025-08-12,entry_quote,S3,1,0,False,exact_symbol_date_chain_absent
IONQ,2025-08-13,exit_quote,S1,1,0,False,exact_symbol_date_chain_absent
IONQ,2025-08-13,exit_quote,S3,1,0,False,exact_symbol_date_chain_absent
IREN,2024-01-17,contract_preselection,S1,1,0,False,exact_symbol_date_chain_absent
IREN,2024-01-17,contract_preselection,S3,1,0,False,exact_symbol_date_chain_absent
IREN,2024-01-18,entry_quote,S1,1,0,False,exact_symbol_date_chain_absent
IREN,2024-01-18,entry_quote,S3,1,0,False,exact_symbol_date_chain_absent
IREN,2024-01-19,exit_quote,S1,1,0,False,exact_symbol_date_chain_absent
IREN,2024-01-19,exit_quote,S3,1,0,False,exact_symbol_date_chain_absent
IREN,2024-01-29,contract_preselection,S1,1,0,False,exact_symbol_date_chain_absent
IREN,2024-01-29,contract_preselection,S3,1,0,False,exact_symbol_date_chain_absent
IREN,2024-01-30,entry_quote,S1,1,0,False,exact_symbol_date_chain_absent
IREN,2024-01-30,entry_quote,S3,1,0,False,exact_symbol_date_chain_absent
IREN,2024-01-31,exit_quote,S1,1,0,False,exact_symbol_date_chain_absent
IREN,2024-01-31,exit_quote,S3,1,0,False,exact_symbol_date_chain_absent
IREN,2024-02-05,contract_preselection,S1,1,0,False,exact_symbol_date_chain_absent
IREN,2024-02-05,contract_preselection,S3,1,0,False,exact_symbol_date_chain_absent
IREN,2024-02-06,contract_preselection;entry_quote,S1,2,0,False,exact_symbol_date_chain_absent
IREN,2024-02-06,contract_preselection;entry_quote,S3,2,0,False,exact_symbol_date_chain_absent
IREN,2024-02-07,entry_quote;exit_quote,S1,2,0,False,exact_symbol_date_chain_absent
IREN,2024-02-07,entry_quote;exit_quote,S3,2,0,False,exact_symbol_date_chain_absent
IREN,2024-02-08,exit_quote,S1,1,0,False,exact_symbol_date_chain_absent
IREN,2024-02-08,exit_quote,S3,1,0,False,exact_symbol_date_chain_absent
IREN,2024-02-21,contract_preselection,S1,1,0,False,exact_symbol_date_chain_absent
IREN,2024-02-21,contract_preselection,S3,1,0,False,exact_symbol_date_chain_absent
IREN,2024-02-22,entry_quote,S1,1,0,False,exact_symbol_date_chain_absent
IREN,2024-02-22,entry_quote,S3,1,0,False,exact_symbol_date_chain_absent
IREN,2024-02-23,exit_quote,S1,1,0,False,exact_symbol_date_chain_absent
IREN,2024-02-23,exit_quote,S3,1,0,False,exact_symbol_date_chain_absent
IREN,2024-04-23,contract_preselection,S1,1,0,False,exact_symbol_date_chain_absent
IREN,2024-04-23,contract_preselection,S3,1,0,False,exact_symbol_date_chain_absent
IREN,2024-04-24,entry_quote,S1,1,0,False,exact_symbol_date_chain_absent
IREN,2024-04-24,entry_quote,S3,1,0,False,exact_symbol_date_chain_absent
IREN,2024-04-25,exit_quote,S1,1,0,False,exact_symbol_date_chain_absent
IREN,2024-04-25,exit_quote,S3,1,0,False,exact_symbol_date_chain_absent
IREN,2024-05-01,contract_preselection,S1,1,0,False,exact_symbol_date_chain_absent
IREN,2024-05-01,contract_preselection,S3,1,0,False,exact_symbol_date_chain_absent
IREN,2024-05-02,entry_quote,S1,1,0,False,exact_symbol_date_chain_absent
IREN,2024-05-02,entry_quote,S3,1,0,False,exact_symbol_date_chain_absent
IREN,2024-05-03,exit_quote,S1,1,0,False,exact_symbol_date_chain_absent
IREN,2024-05-03,exit_quote,S3,1,0,False,exact_symbol_date_chain_absent
IREN,2024-05-09,contract_preselection,S1,1,0,False,exact_symbol_date_chain_absent
IREN,2024-05-09,contract_preselection,S3,1,0,False,exact_symbol_date_chain_absent
IREN,2024-05-10,entry_quote,S1,1,0,False,exact_symbol_date_chain_absent
IREN,2024-05-10,entry_quote,S3,1,0,False,exact_symbol_date_chain_absent
IREN,2024-05-13,exit_quote,S1,1,0,False,exact_symbol_date_chain_absent
IREN,2024-05-13,exit_quote,S3,1,0,False,exact_symbol_date_chain_absent
IREN,2024-06-07,contract_preselection,S1,1,0,False,exact_symbol_date_chain_absent
IREN,2024-06-07,contract_preselection,S3,1,0,False,exact_symbol_date_chain_absent
IREN,2024-06-10,entry_quote,S1,1,0,False,exact_symbol_date_chain_absent
IREN,2024-06-10,entry_quote,S3,1,0,False,exact_symbol_date_chain_absent
IREN,2024-06-11,exit_quote,S1,1,0,False,exact_symbol_date_chain_absent
IREN,2024-06-11,exit_quote,S3,1,0,False,exact_symbol_date_chain_absent
IREN,2024-06-20,contract_preselection,S1,1,0,False,exact_symbol_date_chain_absent
IREN,2024-06-20,contract_preselection,S3,1,0,False,exact_symbol_date_chain_absent
IREN,2024-06-21,contract_preselection;entry_quote,S1,2,0,False,exact_symbol_date_chain_absent
IREN,2024-06-21,contract_preselection;entry_quote,S3,2,0,False,exact_symbol_date_chain_absent
IREN,2024-06-24,entry_quote;exit_quote,S1,2,0,False,exact_symbol_date_chain_absent
IREN,2024-06-24,entry_quote;exit_quote,S3,2,0,False,exact_symbol_date_chain_absent
IREN,2024-06-25,contract_preselection;exit_quote,S1,2,0,False,exact_symbol_date_chain_absent
IREN,2024-06-25,contract_preselection;exit_quote,S3,2,0,False,exact_symbol_date_chain_absent
IREN,2024-06-26,entry_quote,S1,1,0,False,exact_symbol_date_chain_absent
IREN,2024-06-26,entry_quote,S3,1,0,False,exact_symbol_date_chain_absent
IREN,2024-06-27,exit_quote,S1,1,0,False,exact_symbol_date_chain_absent
IREN,2024-06-27,exit_quote,S3,1,0,False,exact_symbol_date_chain_absent
IREN,2024-07-18,contract_preselection,S1,1,0,False,exact_symbol_date_chain_absent
IREN,2024-07-18,contract_preselection,S3,1,0,False,exact_symbol_date_chain_absent
IREN,2024-07-19,entry_quote,S1,1,0,False,exact_symbol_date_chain_absent
IREN,2024-07-19,entry_quote,S3,1,0,False,exact_symbol_date_chain_absent
IREN,2024-07-22,exit_quote,S1,1,0,False,exact_symbol_date_chain_absent
IREN,2024-07-22,exit_quote,S3,1,0,False,exact_symbol_date_chain_absent
IREN,2024-07-29,contract_preselection,S1,1,0,False,exact_symbol_date_chain_absent
IREN,2024-07-29,contract_preselection,S3,1,0,False,exact_symbol_date_chain_absent
IREN,2024-07-30,entry_quote,S1,1,0,False,exact_symbol_date_chain_absent
IREN,2024-07-30,entry_quote,S3,1,0,False,exact_symbol_date_chain_absent
IREN,2024-07-31,exit_quote,S1,1,0,False,exact_symbol_date_chain_absent
IREN,2024-07-31,exit_quote,S3,1,0,False,exact_symbol_date_chain_absent
IREN,2024-08-15,contract_preselection,S1,1,0,False,exact_symbol_date_chain_absent
IREN,2024-08-15,contract_preselection,S3,1,0,False,exact_symbol_date_chain_absent
IREN,2024-08-16,contract_preselection;entry_quote,S1,2,0,False,exact_symbol_date_chain_absent
IREN,2024-08-16,contract_preselection;entry_quote,S3,2,0,False,exact_symbol_date_chain_absent
IREN,2024-08-19,entry_quote;exit_quote,S1,2,0,False,exact_symbol_date_chain_absent
IREN,2024-08-19,entry_quote;exit_quote,S3,2,0,False,exact_symbol_date_chain_absent
IREN,2024-08-20,exit_quote,S1,1,0,False,exact_symbol_date_chain_absent
IREN,2024-08-20,exit_quote,S3,1,0,False,exact_symbol_date_chain_absent
IREN,2024-08-22,contract_preselection,S1,1,0,False,exact_symbol_date_chain_absent
IREN,2024-08-22,contract_preselection,S3,1,0,False,exact_symbol_date_chain_absent
IREN,2024-08-23,entry_quote,S1,1,0,False,exact_symbol_date_chain_absent
IREN,2024-08-23,entry_quote,S3,1,0,False,exact_symbol_date_chain_absent
IREN,2024-08-26,contract_preselection;exit_quote,S1,2,0,False,exact_symbol_date_chain_absent
IREN,2024-08-26,contract_preselection;exit_quote,S3,2,0,False,exact_symbol_date_chain_absent
IREN,2024-08-27,contract_preselection;entry_quote,S1,2,0,False,exact_symbol_date_chain_absent
IREN,2024-08-27,contract_preselection;entry_quote,S3,2,0,False,exact_symbol_date_chain_absent
IREN,2024-08-28,entry_quote;exit_quote,S1,2,0,False,exact_symbol_date_chain_absent
IREN,2024-08-28,entry_quote;exit_quote,S3,2,0,False,exact_symbol_date_chain_absent
IREN,2024-08-29,exit_quote,S1,1,0,False,exact_symbol_date_chain_absent
IREN,2024-08-29,exit_quote,S3,1,0,False,exact_symbol_date_chain_absent
IREN,2024-09-16,contract_preselection,S1,1,0,False,exact_symbol_date_chain_absent
IREN,2024-09-16,contract_preselection,S3,1,0,False,exact_symbol_date_chain_absent
IREN,2024-09-17,entry_quote,S1,1,0,False,exact_symbol_date_chain_absent
IREN,2024-09-17,entry_quote,S3,1,0,False,exact_symbol_date_chain_absent
IREN,2024-09-18,exit_quote,S1,1,0,False,exact_symbol_date_chain_absent
IREN,2024-09-18,exit_quote,S3,1,0,False,exact_symbol_date_chain_absent
IREN,2024-09-19,contract_preselection,S1,1,0,False,exact_symbol_date_chain_absent
IREN,2024-09-19,contract_preselection,S3,1,0,False,exact_symbol_date_chain_absent
IREN,2024-09-20,contract_preselection;entry_quote,S1,2,0,False,exact_symbol_date_chain_absent
IREN,2024-09-20,contract_preselection;entry_quote,S3,2,0,False,exact_symbol_date_chain_absent
IREN,2024-09-23,entry_quote;exit_quote,S1,2,0,False,exact_symbol_date_chain_absent
IREN,2024-09-23,entry_quote;exit_quote,S3,2,0,False,exact_symbol_date_chain_absent
IREN,2024-09-24,exit_quote,S1,1,0,False,exact_symbol_date_chain_absent
IREN,2024-09-24,exit_quote,S3,1,0,False,exact_symbol_date_chain_absent
IREN,2024-10-03,contract_preselection,S1,1,0,False,exact_symbol_date_chain_absent
IREN,2024-10-03,contract_preselection,S3,1,0,False,exact_symbol_date_chain_absent
IREN,2024-10-04,entry_quote,S1,1,0,False,exact_symbol_date_chain_absent
IREN,2024-10-04,entry_quote,S3,1,0,False,exact_symbol_date_chain_absent
IREN,2024-10-07,exit_quote,S1,1,0,False,exact_symbol_date_chain_absent
IREN,2024-10-07,exit_quote,S3,1,0,False,exact_symbol_date_chain_absent
IREN,2024-10-10,contract_preselection,S1,1,0,False,exact_symbol_date_chain_absent
IREN,2024-10-10,contract_preselection,S3,1,0,False,exact_symbol_date_chain_absent
IREN,2024-10-11,entry_quote,S1,1,0,False,exact_symbol_date_chain_absent
IREN,2024-10-11,entry_quote,S3,1,0,False,exact_symbol_date_chain_absent
IREN,2024-10-14,exit_quote,S1,1,0,False,exact_symbol_date_chain_absent
IREN,2024-10-14,exit_quote,S3,1,0,False,exact_symbol_date_chain_absent
IREN,2024-10-15,contract_preselection,S1,1,0,False,exact_symbol_date_chain_absent
IREN,2024-10-15,contract_preselection,S3,1,0,False,exact_symbol_date_chain_absent
IREN,2024-10-16,entry_quote,S1,1,0,False,exact_symbol_date_chain_absent
IREN,2024-10-16,entry_quote,S3,1,0,False,exact_symbol_date_chain_absent
IREN,2024-10-17,exit_quote,S1,1,0,False,exact_symbol_date_chain_absent
IREN,2024-10-17,exit_quote,S3,1,0,False,exact_symbol_date_chain_absent
IREN,2024-10-21,contract_preselection,S1,1,0,False,exact_symbol_date_chain_absent
IREN,2024-10-21,contract_preselection,S3,1,0,False,exact_symbol_date_chain_absent
IREN,2024-10-22,entry_quote,S1,1,0,False,exact_symbol_date_chain_absent
IREN,2024-10-22,entry_quote,S3,1,0,False,exact_symbol_date_chain_absent
IREN,2024-10-23,exit_quote,S1,1,0,False,exact_symbol_date_chain_absent
IREN,2024-10-23,exit_quote,S3,1,0,False,exact_symbol_date_chain_absent
IREN,2024-11-07,contract_preselection,S1,1,0,False,exact_symbol_date_chain_absent
IREN,2024-11-07,contract_preselection,S3,1,0,False,exact_symbol_date_chain_absent
IREN,2024-11-08,entry_quote,S1,1,0,False,exact_symbol_date_chain_absent
IREN,2024-11-08,entry_quote,S3,1,0,False,exact_symbol_date_chain_absent
IREN,2024-11-11,exit_quote,S1,1,0,False,exact_symbol_date_chain_absent
IREN,2024-11-11,exit_quote,S3,1,0,False,exact_symbol_date_chain_absent
IREN,2024-11-15,contract_preselection,S1,1,0,False,exact_symbol_date_chain_absent
IREN,2024-11-15,contract_preselection,S3,1,0,False,exact_symbol_date_chain_absent
IREN,2024-11-18,contract_preselection;entry_quote,S1,2,0,False,exact_symbol_date_chain_absent
IREN,2024-11-18,contract_preselection;entry_quote,S3,2,0,False,exact_symbol_date_chain_absent
IREN,2024-11-19,contract_preselection;entry_quote;exit_quote,S1,3,0,False,exact_symbol_date_chain_absent
IREN,2024-11-19,contract_preselection;entry_quote;exit_quote,S3,3,0,False,exact_symbol_date_chain_absent
IREN,2024-11-20,entry_quote;exit_quote,S1,2,0,False,exact_symbol_date_chain_absent
IREN,2024-11-20,entry_quote;exit_quote,S3,2,0,False,exact_symbol_date_chain_absent
IREN,2024-11-21,exit_quote,S1,1,0,False,exact_symbol_date_chain_absent
IREN,2024-11-21,exit_quote,S3,1,0,False,exact_symbol_date_chain_absent
IREN,2024-12-10,contract_preselection,S1,1,0,False,exact_symbol_date_chain_absent
IREN,2024-12-10,contract_preselection,S3,1,0,False,exact_symbol_date_chain_absent
IREN,2024-12-11,entry_quote,S1,1,0,False,exact_symbol_date_chain_absent
IREN,2024-12-11,entry_quote,S3,1,0,False,exact_symbol_date_chain_absent
IREN,2024-12-12,exit_quote,S1,1,0,False,exact_symbol_date_chain_absent
IREN,2024-12-12,exit_quote,S3,1,0,False,exact_symbol_date_chain_absent
IREN,2025-02-04,contract_preselection,S1,1,0,False,exact_symbol_date_chain_absent
IREN,2025-02-04,contract_preselection,S3,1,0,False,exact_symbol_date_chain_absent
IREN,2025-02-05,entry_quote,S1,1,0,False,exact_symbol_date_chain_absent
IREN,2025-02-05,entry_quote,S3,1,0,False,exact_symbol_date_chain_absent
IREN,2025-02-06,exit_quote,S1,1,0,False,exact_symbol_date_chain_absent
IREN,2025-02-06,exit_quote,S3,1,0,False,exact_symbol_date_chain_absent
IREN,2025-02-11,contract_preselection,S1,1,0,False,exact_symbol_date_chain_absent
IREN,2025-02-11,contract_preselection,S3,1,0,False,exact_symbol_date_chain_absent
IREN,2025-02-12,entry_quote,S1,1,0,False,exact_symbol_date_chain_absent
IREN,2025-02-12,entry_quote,S3,1,0,False,exact_symbol_date_chain_absent
IREN,2025-02-13,exit_quote,S1,1,0,False,exact_symbol_date_chain_absent
IREN,2025-02-13,exit_quote,S3,1,0,False,exact_symbol_date_chain_absent
IREN,2025-03-20,contract_preselection,S1,1,0,False,exact_symbol_date_chain_absent
IREN,2025-03-20,contract_preselection,S3,1,0,False,exact_symbol_date_chain_absent
IREN,2025-03-21,contract_preselection;entry_quote,S1,2,0,False,exact_symbol_date_chain_absent
IREN,2025-03-21,contract_preselection;entry_quote,S3,2,0,False,exact_symbol_date_chain_absent
IREN,2025-03-24,contract_preselection;entry_quote;exit_quote,S1,3,0,False,exact_symbol_date_chain_absent
IREN,2025-03-24,contract_preselection;entry_quote;exit_quote,S3,3,0,False,exact_symbol_date_chain_absent
IREN,2025-03-25,entry_quote;exit_quote,S1,2,0,False,exact_symbol_date_chain_absent
IREN,2025-03-25,entry_quote;exit_quote,S3,2,0,False,exact_symbol_date_chain_absent
IREN,2025-03-26,exit_quote,S1,1,0,False,exact_symbol_date_chain_absent
IREN,2025-03-26,exit_quote,S3,1,0,False,exact_symbol_date_chain_absent
IREN,2025-04-01,contract_preselection,S1,1,0,False,exact_symbol_date_chain_absent
IREN,2025-04-01,contract_preselection,S3,1,0,False,exact_symbol_date_chain_absent
IREN,2025-04-02,entry_quote,S1,1,0,False,exact_symbol_date_chain_absent
IREN,2025-04-02,entry_quote,S3,1,0,False,exact_symbol_date_chain_absent
IREN,2025-04-03,exit_quote,S1,1,0,False,exact_symbol_date_chain_absent
IREN,2025-04-03,exit_quote,S3,1,0,False,exact_symbol_date_chain_absent
IREN,2025-04-10,contract_preselection,S1,1,0,False,exact_symbol_date_chain_absent
IREN,2025-04-10,contract_preselection,S3,1,0,False,exact_symbol_date_chain_absent
IREN,2025-04-11,entry_quote,S1,1,0,False,exact_symbol_date_chain_absent
IREN,2025-04-11,entry_quote,S3,1,0,False,exact_symbol_date_chain_absent
IREN,2025-04-14,contract_preselection;exit_quote,S1,2,0,False,exact_symbol_date_chain_absent
IREN,2025-04-14,contract_preselection;exit_quote,S3,2,0,False,exact_symbol_date_chain_absent
IREN,2025-04-15,entry_quote,S1,1,0,False,exact_symbol_date_chain_absent
IREN,2025-04-15,entry_quote,S3,1,0,False,exact_symbol_date_chain_absent
IREN,2025-04-16,exit_quote,S1,1,0,False,exact_symbol_date_chain_absent
IREN,2025-04-16,exit_quote,S3,1,0,False,exact_symbol_date_chain_absent
IREN,2025-04-17,contract_preselection,S1,1,0,False,exact_symbol_date_chain_absent
IREN,2025-04-17,contract_preselection,S3,1,0,False,exact_symbol_date_chain_absent
IREN,2025-04-21,entry_quote,S1,1,0,False,exact_symbol_date_chain_absent
IREN,2025-04-21,entry_quote,S3,1,0,False,exact_symbol_date_chain_absent
IREN,2025-04-22,exit_quote,S1,1,0,False,exact_symbol_date_chain_absent
IREN,2025-04-22,exit_quote,S3,1,0,False,exact_symbol_date_chain_absent
IREN,2025-04-23,contract_preselection,S1,1,0,False,exact_symbol_date_chain_absent
IREN,2025-04-23,contract_preselection,S3,1,0,False,exact_symbol_date_chain_absent
IREN,2025-04-24,entry_quote,S1,1,0,False,exact_symbol_date_chain_absent
IREN,2025-04-24,entry_quote,S3,1,0,False,exact_symbol_date_chain_absent
IREN,2025-04-25,exit_quote,S1,1,0,False,exact_symbol_date_chain_absent
IREN,2025-04-25,exit_quote,S3,1,0,False,exact_symbol_date_chain_absent
IREN,2025-05-01,contract_preselection,S1,1,0,False,exact_symbol_date_chain_absent
IREN,2025-05-01,contract_preselection,S3,1,0,False,exact_symbol_date_chain_absent
IREN,2025-05-02,entry_quote,S1,1,0,False,exact_symbol_date_chain_absent
IREN,2025-05-02,entry_quote,S3,1,0,False,exact_symbol_date_chain_absent
IREN,2025-05-05,exit_quote,S1,1,0,False,exact_symbol_date_chain_absent
IREN,2025-05-05,exit_quote,S3,1,0,False,exact_symbol_date_chain_absent
IREN,2025-05-07,contract_preselection,S1,1,0,False,exact_symbol_date_chain_absent
IREN,2025-05-07,contract_preselection,S3,1,0,False,exact_symbol_date_chain_absent
IREN,2025-05-08,entry_quote,S1,1,0,False,exact_symbol_date_chain_absent
IREN,2025-05-08,entry_quote,S3,1,0,False,exact_symbol_date_chain_absent
IREN,2025-05-09,contract_preselection;exit_quote,S1,2,0,False,exact_symbol_date_chain_absent
IREN,2025-05-09,contract_preselection;exit_quote,S3,2,0,False,exact_symbol_date_chain_absent
IREN,2025-05-12,entry_quote,S1,1,0,False,exact_symbol_date_chain_absent
IREN,2025-05-12,entry_quote,S3,1,0,False,exact_symbol_date_chain_absent
IREN,2025-05-13,exit_quote,S1,1,0,False,exact_symbol_date_chain_absent
IREN,2025-05-13,exit_quote,S3,1,0,False,exact_symbol_date_chain_absent
IREN,2025-05-14,contract_preselection,S1,1,0,False,exact_symbol_date_chain_absent
IREN,2025-05-14,contract_preselection,S3,1,0,False,exact_symbol_date_chain_absent
IREN,2025-05-15,entry_quote,S1,1,0,False,exact_symbol_date_chain_absent
IREN,2025-05-15,entry_quote,S3,1,0,False,exact_symbol_date_chain_absent
IREN,2025-05-16,exit_quote,S1,1,0,False,exact_symbol_date_chain_absent
IREN,2025-05-16,exit_quote,S3,1,0,False,exact_symbol_date_chain_absent
IREN,2025-05-22,contract_preselection,S1,1,0,False,exact_symbol_date_chain_absent
IREN,2025-05-22,contract_preselection,S3,1,0,False,exact_symbol_date_chain_absent
IREN,2025-05-23,entry_quote,S1,1,0,False,exact_symbol_date_chain_absent
IREN,2025-05-23,entry_quote,S3,1,0,False,exact_symbol_date_chain_absent
IREN,2025-05-27,exit_quote,S1,1,0,False,exact_symbol_date_chain_absent
IREN,2025-05-27,exit_quote,S3,1,0,False,exact_symbol_date_chain_absent
IREN,2025-05-29,contract_preselection,S1,1,0,False,exact_symbol_date_chain_absent
IREN,2025-05-29,contract_preselection,S3,1,0,False,exact_symbol_date_chain_absent
IREN,2025-05-30,entry_quote,S1,1,0,False,exact_symbol_date_chain_absent
IREN,2025-05-30,entry_quote,S3,1,0,False,exact_symbol_date_chain_absent
IREN,2025-06-02,exit_quote,S1,1,0,False,exact_symbol_date_chain_absent
IREN,2025-06-02,exit_quote,S3,1,0,False,exact_symbol_date_chain_absent
IREN,2025-06-06,contract_preselection,S1,1,0,False,exact_symbol_date_chain_absent
IREN,2025-06-06,contract_preselection,S3,1,0,False,exact_symbol_date_chain_absent
IREN,2025-06-09,entry_quote,S1,1,0,False,exact_symbol_date_chain_absent
IREN,2025-06-09,entry_quote,S3,1,0,False,exact_symbol_date_chain_absent
IREN,2025-06-10,exit_quote,S1,1,0,False,exact_symbol_date_chain_absent
IREN,2025-06-10,exit_quote,S3,1,0,False,exact_symbol_date_chain_absent
IREN,2025-06-13,contract_preselection,S1,1,0,False,exact_symbol_date_chain_absent
IREN,2025-06-13,contract_preselection,S3,1,0,False,exact_symbol_date_chain_absent
IREN,2025-06-16,entry_quote,S1,1,0,False,exact_symbol_date_chain_absent
IREN,2025-06-16,entry_quote,S3,1,0,False,exact_symbol_date_chain_absent
IREN,2025-06-17,contract_preselection;exit_quote,S1,2,0,False,exact_symbol_date_chain_absent
IREN,2025-06-17,contract_preselection;exit_quote,S3,2,0,False,exact_symbol_date_chain_absent
IREN,2025-06-18,entry_quote,S1,1,0,False,exact_symbol_date_chain_absent
IREN,2025-06-18,entry_quote,S3,1,0,False,exact_symbol_date_chain_absent
IREN,2025-06-20,exit_quote,S1,1,0,False,exact_symbol_date_chain_absent
IREN,2025-06-20,exit_quote,S3,1,0,False,exact_symbol_date_chain_absent
IREN,2025-07-08,contract_preselection,S1,1,0,False,exact_symbol_date_chain_absent
IREN,2025-07-08,contract_preselection,S3,1,0,False,exact_symbol_date_chain_absent
IREN,2025-07-09,entry_quote,S1,1,0,False,exact_symbol_date_chain_absent
IREN,2025-07-09,entry_quote,S3,1,0,False,exact_symbol_date_chain_absent
IREN,2025-07-10,exit_quote,S1,1,0,False,exact_symbol_date_chain_absent
IREN,2025-07-10,exit_quote,S3,1,0,False,exact_symbol_date_chain_absent
IREN,2025-07-14,contract_preselection,S1,1,0,False,exact_symbol_date_chain_absent
IREN,2025-07-14,contract_preselection,S3,1,0,False,exact_symbol_date_chain_absent
IREN,2025-07-15,entry_quote,S1,1,0,False,exact_symbol_date_chain_absent
IREN,2025-07-15,entry_quote,S3,1,0,False,exact_symbol_date_chain_absent
IREN,2025-07-16,exit_quote,S1,1,0,False,exact_symbol_date_chain_absent
IREN,2025-07-16,exit_quote,S3,1,0,False,exact_symbol_date_chain_absent
IREN,2025-07-17,contract_preselection,S1,1,0,False,exact_symbol_date_chain_absent
IREN,2025-07-17,contract_preselection,S3,1,0,False,exact_symbol_date_chain_absent
IREN,2025-07-18,entry_quote,S1,1,0,False,exact_symbol_date_chain_absent
IREN,2025-07-18,entry_quote,S3,1,0,False,exact_symbol_date_chain_absent
IREN,2025-07-21,exit_quote,S1,1,0,False,exact_symbol_date_chain_absent
IREN,2025-07-21,exit_quote,S3,1,0,False,exact_symbol_date_chain_absent
IREN,2025-08-06,contract_preselection,S1,1,0,False,exact_symbol_date_chain_absent
IREN,2025-08-06,contract_preselection,S3,1,0,False,exact_symbol_date_chain_absent
IREN,2025-08-07,contract_preselection;entry_quote,S1,2,0,False,exact_symbol_date_chain_absent
IREN,2025-08-07,contract_preselection;entry_quote,S3,2,0,False,exact_symbol_date_chain_absent
IREN,2025-08-08,entry_quote;exit_quote,S1,2,0,False,exact_symbol_date_chain_absent
IREN,2025-08-08,entry_quote;exit_quote,S3,2,0,False,exact_symbol_date_chain_absent
IREN,2025-08-11,exit_quote,S1,1,0,False,exact_symbol_date_chain_absent
IREN,2025-08-11,exit_quote,S3,1,0,False,exact_symbol_date_chain_absent
MARA,2024-01-17,contract_preselection,S1,1,0,False,exact_symbol_date_chain_absent
MARA,2024-01-17,contract_preselection,S3,1,0,False,exact_symbol_date_chain_absent
MARA,2024-01-18,entry_quote,S1,1,0,False,exact_symbol_date_chain_absent
MARA,2024-01-18,entry_quote,S3,1,0,False,exact_symbol_date_chain_absent
MARA,2024-01-19,exit_quote,S1,1,0,False,exact_symbol_date_chain_absent
MARA,2024-01-19,exit_quote,S3,1,0,False,exact_symbol_date_chain_absent
MARA,2024-01-22,contract_preselection,S1,1,0,False,exact_symbol_date_chain_absent
MARA,2024-01-22,contract_preselection,S3,1,0,False,exact_symbol_date_chain_absent
MARA,2024-01-23,entry_quote,S1,1,0,False,exact_symbol_date_chain_absent
MARA,2024-01-23,entry_quote,S3,1,0,False,exact_symbol_date_chain_absent
MARA,2024-01-24,exit_quote,S1,1,0,False,exact_symbol_date_chain_absent
MARA,2024-01-24,exit_quote,S3,1,0,False,exact_symbol_date_chain_absent
MARA,2024-01-26,contract_preselection,S1,1,0,False,exact_symbol_date_chain_absent
MARA,2024-01-26,contract_preselection,S3,1,0,False,exact_symbol_date_chain_absent
MARA,2024-01-29,contract_preselection;entry_quote,S1,2,0,False,exact_symbol_date_chain_absent
MARA,2024-01-29,contract_preselection;entry_quote,S3,2,0,False,exact_symbol_date_chain_absent
MARA,2024-01-30,entry_quote;exit_quote,S1,2,0,False,exact_symbol_date_chain_absent
MARA,2024-01-30,entry_quote;exit_quote,S3,2,0,False,exact_symbol_date_chain_absent
MARA,2024-01-31,exit_quote,S1,1,0,False,exact_symbol_date_chain_absent
MARA,2024-01-31,exit_quote,S3,1,0,False,exact_symbol_date_chain_absent
MARA,2024-02-05,contract_preselection,S1,1,0,False,exact_symbol_date_chain_absent
MARA,2024-02-05,contract_preselection,S3,1,0,False,exact_symbol_date_chain_absent
MARA,2024-02-06,contract_preselection;entry_quote,S1,2,0,False,exact_symbol_date_chain_absent
MARA,2024-02-06,contract_preselection;entry_quote,S3,2,0,False,exact_symbol_date_chain_absent
MARA,2024-02-07,contract_preselection;entry_quote;exit_quote,S1,3,0,False,exact_symbol_date_chain_absent
MARA,2024-02-07,contract_preselection;entry_quote;exit_quote,S3,3,0,False,exact_symbol_date_chain_absent
MARA,2024-02-08,contract_preselection;entry_quote;exit_quote,S1,3,0,False,exact_symbol_date_chain_absent
MARA,2024-02-08,contract_preselection;entry_quote;exit_quote,S3,3,0,False,exact_symbol_date_chain_absent
MARA,2024-02-09,contract_preselection;entry_quote;exit_quote,S1,3,0,False,exact_symbol_date_chain_absent
MARA,2024-02-09,contract_preselection;entry_quote;exit_quote,S3,3,0,False,exact_symbol_date_chain_absent
MARA,2024-02-12,entry_quote;exit_quote,S1,2,0,False,exact_symbol_date_chain_absent
MARA,2024-02-12,entry_quote;exit_quote,S3,2,0,False,exact_symbol_date_chain_absent
MARA,2024-02-13,contract_preselection;exit_quote,S1,2,0,False,exact_symbol_date_chain_absent
MARA,2024-02-13,contract_preselection;exit_quote,S3,2,0,False,exact_symbol_date_chain_absent
MARA,2024-02-14,entry_quote,S1,1,0,False,exact_symbol_date_chain_absent
MARA,2024-02-14,entry_quote,S3,1,0,False,exact_symbol_date_chain_absent
MARA,2024-02-15,exit_quote,S1,1,0,False,exact_symbol_date_chain_absent
MARA,2024-02-15,exit_quote,S3,1,0,False,exact_symbol_date_chain_absent
MARA,2024-02-26,contract_preselection,S1,1,0,False,exact_symbol_date_chain_absent
MARA,2024-02-26,contract_preselection,S3,1,0,False,exact_symbol_date_chain_absent
MARA,2024-02-27,entry_quote,S1,1,0,False,exact_symbol_date_chain_absent
MARA,2024-02-27,entry_quote,S3,1,0,False,exact_symbol_date_chain_absent
MARA,2024-02-28,exit_quote,S1,1,0,False,exact_symbol_date_chain_absent
MARA,2024-02-28,exit_quote,S3,1,0,False,exact_symbol_date_chain_absent
MARA,2024-03-18,contract_preselection,S1,1,0,False,exact_symbol_date_chain_absent
MARA,2024-03-18,contract_preselection,S3,1,0,False,exact_symbol_date_chain_absent
MARA,2024-03-19,entry_quote,S1,1,0,False,exact_symbol_date_chain_absent
MARA,2024-03-19,entry_quote,S3,1,0,False,exact_symbol_date_chain_absent
MARA,2024-03-20,contract_preselection;exit_quote,S1,2,0,False,exact_symbol_date_chain_absent
MARA,2024-03-20,contract_preselection;exit_quote,S3,2,0,False,exact_symbol_date_chain_absent
MARA,2024-03-21,entry_quote,S1,1,0,False,exact_symbol_date_chain_absent
MARA,2024-03-21,entry_quote,S3,1,0,False,exact_symbol_date_chain_absent
MARA,2024-03-22,exit_quote,S1,1,0,False,exact_symbol_date_chain_absent
MARA,2024-03-22,exit_quote,S3,1,0,False,exact_symbol_date_chain_absent
MARA,2024-03-28,contract_preselection,S1,1,0,False,exact_symbol_date_chain_absent
MARA,2024-03-28,contract_preselection,S3,1,0,False,exact_symbol_date_chain_absent
MARA,2024-04-01,contract_preselection;entry_quote,S1,2,0,False,exact_symbol_date_chain_absent
MARA,2024-04-01,contract_preselection;entry_quote,S3,2,0,False,exact_symbol_date_chain_absent
MARA,2024-04-02,entry_quote;exit_quote,S1,2,0,False,exact_symbol_date_chain_absent
MARA,2024-04-02,entry_quote;exit_quote,S3,2,0,False,exact_symbol_date_chain_absent
MARA,2024-04-03,exit_quote,S1,1,0,False,exact_symbol_date_chain_absent
MARA,2024-04-03,exit_quote,S3,1,0,False,exact_symbol_date_chain_absent
MARA,2024-04-09,contract_preselection,S1,1,0,False,exact_symbol_date_chain_absent
MARA,2024-04-09,contract_preselection,S3,1,0,False,exact_symbol_date_chain_absent
MARA,2024-04-10,entry_quote,S1,1,0,False,exact_symbol_date_chain_absent
MARA,2024-04-10,entry_quote,S3,1,0,False,exact_symbol_date_chain_absent
MARA,2024-04-11,exit_quote,S1,1,0,False,exact_symbol_date_chain_absent
MARA,2024-04-11,exit_quote,S3,1,0,False,exact_symbol_date_chain_absent
MARA,2024-04-15,contract_preselection,S1,1,0,False,exact_symbol_date_chain_absent
MARA,2024-04-15,contract_preselection,S3,1,0,False,exact_symbol_date_chain_absent
MARA,2024-04-16,entry_quote,S1,1,0,False,exact_symbol_date_chain_absent
MARA,2024-04-16,entry_quote,S3,1,0,False,exact_symbol_date_chain_absent
MARA,2024-04-17,contract_preselection;exit_quote,S1,2,0,False,exact_symbol_date_chain_absent
MARA,2024-04-17,contract_preselection;exit_quote,S3,2,0,False,exact_symbol_date_chain_absent
MARA,2024-04-18,entry_quote,S1,1,0,False,exact_symbol_date_chain_absent
MARA,2024-04-18,entry_quote,S3,1,0,False,exact_symbol_date_chain_absent
MARA,2024-04-19,exit_quote,S1,1,0,False,exact_symbol_date_chain_absent
MARA,2024-04-19,exit_quote,S3,1,0,False,exact_symbol_date_chain_absent
MARA,2024-05-01,contract_preselection,S1,1,0,False,exact_symbol_date_chain_absent
MARA,2024-05-01,contract_preselection,S3,1,0,False,exact_symbol_date_chain_absent
MARA,2024-05-02,entry_quote,S1,1,0,False,exact_symbol_date_chain_absent
MARA,2024-05-02,entry_quote,S3,1,0,False,exact_symbol_date_chain_absent
MARA,2024-05-03,exit_quote,S1,1,0,False,exact_symbol_date_chain_absent
MARA,2024-05-03,exit_quote,S3,1,0,False,exact_symbol_date_chain_absent
MARA,2024-05-07,contract_preselection,S1,1,0,False,exact_symbol_date_chain_absent
MARA,2024-05-07,contract_preselection,S3,1,0,False,exact_symbol_date_chain_absent
MARA,2024-05-08,entry_quote,S1,1,0,False,exact_symbol_date_chain_absent
MARA,2024-05-08,entry_quote,S3,1,0,False,exact_symbol_date_chain_absent
MARA,2024-05-09,exit_quote,S1,1,0,False,exact_symbol_date_chain_absent
MARA,2024-05-09,exit_quote,S3,1,0,False,exact_symbol_date_chain_absent
MARA,2024-05-14,contract_preselection,S1,1,0,False,exact_symbol_date_chain_absent
MARA,2024-05-14,contract_preselection,S3,1,0,False,exact_symbol_date_chain_absent
MARA,2024-05-15,entry_quote,S1,1,0,False,exact_symbol_date_chain_absent
MARA,2024-05-15,entry_quote,S3,1,0,False,exact_symbol_date_chain_absent
MARA,2024-05-16,exit_quote,S1,1,0,False,exact_symbol_date_chain_absent
MARA,2024-05-16,exit_quote,S3,1,0,False,exact_symbol_date_chain_absent
MARA,2024-05-21,contract_preselection,S1,1,0,False,exact_symbol_date_chain_absent
MARA,2024-05-21,contract_preselection,S3,1,0,False,exact_symbol_date_chain_absent
MARA,2024-05-22,entry_quote,S1,1,0,False,exact_symbol_date_chain_absent
MARA,2024-05-22,entry_quote,S3,1,0,False,exact_symbol_date_chain_absent
MARA,2024-05-23,contract_preselection;exit_quote,S1,2,0,False,exact_symbol_date_chain_absent
MARA,2024-05-23,contract_preselection;exit_quote,S3,2,0,False,exact_symbol_date_chain_absent
MARA,2024-05-24,contract_preselection;entry_quote,S1,2,0,False,exact_symbol_date_chain_absent
MARA,2024-05-24,contract_preselection;entry_quote,S3,2,0,False,exact_symbol_date_chain_absent
MARA,2024-05-28,entry_quote;exit_quote,S1,2,0,False,exact_symbol_date_chain_absent
MARA,2024-05-28,entry_quote;exit_quote,S3,2,0,False,exact_symbol_date_chain_absent
MARA,2024-05-29,exit_quote,S1,1,0,False,exact_symbol_date_chain_absent
MARA,2024-05-29,exit_quote,S3,1,0,False,exact_symbol_date_chain_absent
MARA,2024-06-10,contract_preselection,S1,1,0,False,exact_symbol_date_chain_absent
MARA,2024-06-10,contract_preselection,S3,1,0,False,exact_symbol_date_chain_absent
MARA,2024-06-11,entry_quote,S1,1,0,False,exact_symbol_date_chain_absent
MARA,2024-06-11,entry_quote,S3,1,0,False,exact_symbol_date_chain_absent
MARA,2024-06-12,exit_quote,S1,1,0,False,exact_symbol_date_chain_absent
MARA,2024-06-12,exit_quote,S3,1,0,False,exact_symbol_date_chain_absent
MARA,2024-06-20,contract_preselection,S1,1,0,False,exact_symbol_date_chain_absent
MARA,2024-06-20,contract_preselection,S3,1,0,False,exact_symbol_date_chain_absent
MARA,2024-06-21,contract_preselection;entry_quote,S1,2,0,False,exact_symbol_date_chain_absent
MARA,2024-06-21,contract_preselection;entry_quote,S3,2,0,False,exact_symbol_date_chain_absent
MARA,2024-06-24,entry_quote;exit_quote,S1,2,0,False,exact_symbol_date_chain_absent
MARA,2024-06-24,entry_quote;exit_quote,S3,2,0,False,exact_symbol_date_chain_absent
MARA,2024-06-25,exit_quote,S1,1,0,False,exact_symbol_date_chain_absent
MARA,2024-06-25,exit_quote,S3,1,0,False,exact_symbol_date_chain_absent
MARA,2024-06-28,contract_preselection,S1,1,0,False,exact_symbol_date_chain_absent
MARA,2024-06-28,contract_preselection,S3,1,0,False,exact_symbol_date_chain_absent
MARA,2024-07-01,entry_quote,S1,1,0,False,exact_symbol_date_chain_absent
MARA,2024-07-01,entry_quote,S3,1,0,False,exact_symbol_date_chain_absent
MARA,2024-07-02,exit_quote,S1,1,0,False,exact_symbol_date_chain_absent
MARA,2024-07-02,exit_quote,S3,1,0,False,exact_symbol_date_chain_absent
MARA,2024-07-16,contract_preselection,S1,1,0,False,exact_symbol_date_chain_absent
MARA,2024-07-16,contract_preselection,S3,1,0,False,exact_symbol_date_chain_absent
MARA,2024-07-17,entry_quote,S1,1,0,False,exact_symbol_date_chain_absent
MARA,2024-07-17,entry_quote,S3,1,0,False,exact_symbol_date_chain_absent
MARA,2024-07-18,contract_preselection;exit_quote,S1,2,0,False,exact_symbol_date_chain_absent
MARA,2024-07-18,contract_preselection;exit_quote,S3,2,0,False,exact_symbol_date_chain_absent
MARA,2024-07-19,contract_preselection;entry_quote,S1,2,0,False,exact_symbol_date_chain_absent
MARA,2024-07-19,contract_preselection;entry_quote,S3,2,0,False,exact_symbol_date_chain_absent
MARA,2024-07-22,entry_quote;exit_quote,S1,2,0,False,exact_symbol_date_chain_absent
MARA,2024-07-22,entry_quote;exit_quote,S3,2,0,False,exact_symbol_date_chain_absent
MARA,2024-07-23,exit_quote,S1,1,0,False,exact_symbol_date_chain_absent
MARA,2024-07-23,exit_quote,S3,1,0,False,exact_symbol_date_chain_absent
MARA,2024-07-25,contract_preselection,S1,1,0,False,exact_symbol_date_chain_absent
MARA,2024-07-25,contract_preselection,S3,1,0,False,exact_symbol_date_chain_absent
MARA,2024-07-26,entry_quote,S1,1,0,False,exact_symbol_date_chain_absent
MARA,2024-07-26,entry_quote,S3,1,0,False,exact_symbol_date_chain_absent
MARA,2024-07-29,exit_quote,S1,1,0,False,exact_symbol_date_chain_absent
MARA,2024-07-29,exit_quote,S3,1,0,False,exact_symbol_date_chain_absent
MARA,2024-08-01,contract_preselection,S1,1,0,False,exact_symbol_date_chain_absent
MARA,2024-08-01,contract_preselection,S3,1,0,False,exact_symbol_date_chain_absent
MARA,2024-08-02,entry_quote,S1,1,0,False,exact_symbol_date_chain_absent
MARA,2024-08-02,entry_quote,S3,1,0,False,exact_symbol_date_chain_absent
MARA,2024-08-05,exit_quote,S1,1,0,False,exact_symbol_date_chain_absent
MARA,2024-08-05,exit_quote,S3,1,0,False,exact_symbol_date_chain_absent
MARA,2024-08-06,contract_preselection,S1,1,0,False,exact_symbol_date_chain_absent
MARA,2024-08-06,contract_preselection,S3,1,0,False,exact_symbol_date_chain_absent
MARA,2024-08-07,entry_quote,S1,1,0,False,exact_symbol_date_chain_absent
MARA,2024-08-07,entry_quote,S3,1,0,False,exact_symbol_date_chain_absent
MARA,2024-08-08,exit_quote,S1,1,0,False,exact_symbol_date_chain_absent
MARA,2024-08-08,exit_quote,S3,1,0,False,exact_symbol_date_chain_absent
MARA,2024-08-15,contract_preselection,S1,1,0,False,exact_symbol_date_chain_absent
MARA,2024-08-15,contract_preselection,S3,1,0,False,exact_symbol_date_chain_absent
MARA,2024-08-16,entry_quote,S1,1,0,False,exact_symbol_date_chain_absent
MARA,2024-08-16,entry_quote,S3,1,0,False,exact_symbol_date_chain_absent
MARA,2024-08-19,contract_preselection;exit_quote,S1,2,0,False,exact_symbol_date_chain_absent
MARA,2024-08-19,contract_preselection;exit_quote,S3,2,0,False,exact_symbol_date_chain_absent
MARA,2024-08-20,entry_quote,S1,1,0,False,exact_symbol_date_chain_absent
MARA,2024-08-20,entry_quote,S3,1,0,False,exact_symbol_date_chain_absent
MARA,2024-08-21,exit_quote,S1,1,0,False,exact_symbol_date_chain_absent
MARA,2024-08-21,exit_quote,S3,1,0,False,exact_symbol_date_chain_absent
MARA,2024-08-28,contract_preselection,S1,1,0,False,exact_symbol_date_chain_absent
MARA,2024-08-28,contract_preselection,S3,1,0,False,exact_symbol_date_chain_absent
MARA,2024-08-29,contract_preselection;entry_quote,S1,2,0,False,exact_symbol_date_chain_absent
MARA,2024-08-29,contract_preselection;entry_quote,S3,2,0,False,exact_symbol_date_chain_absent
MARA,2024-08-30,entry_quote;exit_quote,S1,2,0,False,exact_symbol_date_chain_absent
MARA,2024-08-30,entry_quote;exit_quote,S3,2,0,False,exact_symbol_date_chain_absent
MARA,2024-09-03,exit_quote,S1,1,0,False,exact_symbol_date_chain_absent
MARA,2024-09-03,exit_quote,S3,1,0,False,exact_symbol_date_chain_absent
MARA,2024-09-13,contract_preselection,S1,1,0,False,exact_symbol_date_chain_absent
MARA,2024-09-13,contract_preselection,S3,1,0,False,exact_symbol_date_chain_absent
MARA,2024-09-16,entry_quote,S1,1,0,False,exact_symbol_date_chain_absent
MARA,2024-09-16,entry_quote,S3,1,0,False,exact_symbol_date_chain_absent
MARA,2024-09-17,exit_quote,S1,1,0,False,exact_symbol_date_chain_absent
MARA,2024-09-17,exit_quote,S3,1,0,False,exact_symbol_date_chain_absent
MARA,2024-09-19,contract_preselection,S1,1,0,False,exact_symbol_date_chain_absent
MARA,2024-09-19,contract_preselection,S3,1,0,False,exact_symbol_date_chain_absent
MARA,2024-09-20,entry_quote,S1,1,0,False,exact_symbol_date_chain_absent
MARA,2024-09-20,entry_quote,S3,1,0,False,exact_symbol_date_chain_absent
MARA,2024-09-23,exit_quote,S1,1,0,False,exact_symbol_date_chain_absent
MARA,2024-09-23,exit_quote,S3,1,0,False,exact_symbol_date_chain_absent
MARA,2024-10-07,contract_preselection,S1,1,0,False,exact_symbol_date_chain_absent
MARA,2024-10-07,contract_preselection,S3,1,0,False,exact_symbol_date_chain_absent
MARA,2024-10-08,entry_quote,S1,1,0,False,exact_symbol_date_chain_absent
MARA,2024-10-08,entry_quote,S3,1,0,False,exact_symbol_date_chain_absent
MARA,2024-10-09,exit_quote,S1,1,0,False,exact_symbol_date_chain_absent
MARA,2024-10-09,exit_quote,S3,1,0,False,exact_symbol_date_chain_absent
MARA,2024-10-11,contract_preselection,S1,1,0,False,exact_symbol_date_chain_absent
MARA,2024-10-11,contract_preselection,S3,1,0,False,exact_symbol_date_chain_absent
MARA,2024-10-14,entry_quote,S1,1,0,False,exact_symbol_date_chain_absent
MARA,2024-10-14,entry_quote,S3,1,0,False,exact_symbol_date_chain_absent
MARA,2024-10-15,contract_preselection;exit_quote,S1,2,0,False,exact_symbol_date_chain_absent
MARA,2024-10-15,contract_preselection;exit_quote,S3,2,0,False,exact_symbol_date_chain_absent
MARA,2024-10-16,entry_quote,S1,1,0,False,exact_symbol_date_chain_absent
MARA,2024-10-16,entry_quote,S3,1,0,False,exact_symbol_date_chain_absent
MARA,2024-10-17,exit_quote,S1,1,0,False,exact_symbol_date_chain_absent
MARA,2024-10-17,exit_quote,S3,1,0,False,exact_symbol_date_chain_absent
MARA,2024-10-22,contract_preselection,S1,1,0,False,exact_symbol_date_chain_absent
MARA,2024-10-22,contract_preselection,S3,1,0,False,exact_symbol_date_chain_absent
MARA,2024-10-23,contract_preselection;entry_quote,S1,2,0,False,exact_symbol_date_chain_absent
MARA,2024-10-23,contract_preselection;entry_quote,S3,2,0,False,exact_symbol_date_chain_absent
MARA,2024-10-24,entry_quote;exit_quote,S1,2,0,False,exact_symbol_date_chain_absent
MARA,2024-10-24,entry_quote;exit_quote,S3,2,0,False,exact_symbol_date_chain_absent
MARA,2024-10-25,contract_preselection;exit_quote,S1,2,0,False,exact_symbol_date_chain_absent
MARA,2024-10-25,contract_preselection;exit_quote,S3,2,0,False,exact_symbol_date_chain_absent
MARA,2024-10-28,entry_quote,S1,1,0,False,exact_symbol_date_chain_absent
MARA,2024-10-28,entry_quote,S3,1,0,False,exact_symbol_date_chain_absent
MARA,2024-10-29,exit_quote,S1,1,0,False,exact_symbol_date_chain_absent
MARA,2024-10-29,exit_quote,S3,1,0,False,exact_symbol_date_chain_absent
MARA,2024-12-31,contract_preselection,S1,1,0,False,exact_symbol_date_chain_absent
MARA,2024-12-31,contract_preselection,S3,1,0,False,exact_symbol_date_chain_absent
MARA,2025-01-02,entry_quote,S1,1,0,False,exact_symbol_date_chain_absent
MARA,2025-01-02,entry_quote,S3,1,0,False,exact_symbol_date_chain_absent
MARA,2025-01-03,exit_quote,S1,1,0,False,exact_symbol_date_chain_absent
MARA,2025-01-03,exit_quote,S3,1,0,False,exact_symbol_date_chain_absent
MARA,2025-01-08,contract_preselection,S1,1,0,False,exact_symbol_date_chain_absent
MARA,2025-01-08,contract_preselection,S3,1,0,False,exact_symbol_date_chain_absent
MARA,2025-01-10,entry_quote,S1,1,0,False,exact_symbol_date_chain_absent
MARA,2025-01-10,entry_quote,S3,1,0,False,exact_symbol_date_chain_absent
MARA,2025-01-13,exit_quote,S1,1,0,False,exact_symbol_date_chain_absent
MARA,2025-01-13,exit_quote,S3,1,0,False,exact_symbol_date_chain_absent
MARA,2025-01-24,contract_preselection,S1,1,0,False,exact_symbol_date_chain_absent
MARA,2025-01-24,contract_preselection,S3,1,0,False,exact_symbol_date_chain_absent
MARA,2025-01-27,entry_quote,S1,1,0,False,exact_symbol_date_chain_absent
MARA,2025-01-27,entry_quote,S3,1,0,False,exact_symbol_date_chain_absent
MARA,2025-01-28,exit_quote,S1,1,0,False,exact_symbol_date_chain_absent
MARA,2025-01-28,exit_quote,S3,1,0,False,exact_symbol_date_chain_absent
MARA,2025-02-13,contract_preselection,S1,1,0,False,exact_symbol_date_chain_absent
MARA,2025-02-13,contract_preselection,S3,1,0,False,exact_symbol_date_chain_absent
MARA,2025-02-14,entry_quote,S1,1,0,False,exact_symbol_date_chain_absent
MARA,2025-02-14,entry_quote,S3,1,0,False,exact_symbol_date_chain_absent
MARA,2025-02-18,exit_quote,S1,1,0,False,exact_symbol_date_chain_absent
MARA,2025-02-18,exit_quote,S3,1,0,False,exact_symbol_date_chain_absent
MARA,2025-02-27,contract_preselection,S1,1,0,False,exact_symbol_date_chain_absent
MARA,2025-02-27,contract_preselection,S3,1,0,False,exact_symbol_date_chain_absent
MARA,2025-02-28,entry_quote,S1,1,0,False,exact_symbol_date_chain_absent
MARA,2025-02-28,entry_quote,S3,1,0,False,exact_symbol_date_chain_absent
MARA,2025-03-03,exit_quote,S1,1,0,False,exact_symbol_date_chain_absent
MARA,2025-03-03,exit_quote,S3,1,0,False,exact_symbol_date_chain_absent
MARA,2025-03-06,contract_preselection,S1,1,0,False,exact_symbol_date_chain_absent
MARA,2025-03-06,contract_preselection,S3,1,0,False,exact_symbol_date_chain_absent
MARA,2025-03-07,entry_quote,S1,1,0,False,exact_symbol_date_chain_absent
MARA,2025-03-07,entry_quote,S3,1,0,False,exact_symbol_date_chain_absent
MARA,2025-03-10,exit_quote,S1,1,0,False,exact_symbol_date_chain_absent
MARA,2025-03-10,exit_quote,S3,1,0,False,exact_symbol_date_chain_absent
MARA,2025-03-31,contract_preselection,S1,1,0,False,exact_symbol_date_chain_absent
MARA,2025-03-31,contract_preselection,S3,1,0,False,exact_symbol_date_chain_absent
MARA,2025-04-01,contract_preselection;entry_quote,S1,2,0,False,exact_symbol_date_chain_absent
MARA,2025-04-01,contract_preselection;entry_quote,S3,2,0,False,exact_symbol_date_chain_absent
MARA,2025-04-02,entry_quote;exit_quote,S1,2,0,False,exact_symbol_date_chain_absent
MARA,2025-04-02,entry_quote;exit_quote,S3,2,0,False,exact_symbol_date_chain_absent
MARA,2025-04-03,exit_quote,S1,1,0,False,exact_symbol_date_chain_absent
MARA,2025-04-03,exit_quote,S3,1,0,False,exact_symbol_date_chain_absent
MARA,2025-04-08,contract_preselection,S1,1,0,False,exact_symbol_date_chain_absent
MARA,2025-04-08,contract_preselection,S3,1,0,False,exact_symbol_date_chain_absent
MARA,2025-04-09,entry_quote,S1,1,0,False,exact_symbol_date_chain_absent
MARA,2025-04-09,entry_quote,S3,1,0,False,exact_symbol_date_chain_absent
MARA,2025-04-10,contract_preselection;exit_quote,S1,2,0,False,exact_symbol_date_chain_absent
MARA,2025-04-10,contract_preselection;exit_quote,S3,2,0,False,exact_symbol_date_chain_absent
MARA,2025-04-11,entry_quote,S1,1,0,False,exact_symbol_date_chain_absent
MARA,2025-04-11,entry_quote,S3,1,0,False,exact_symbol_date_chain_absent
MARA,2025-04-14,exit_quote,S1,1,0,False,exact_symbol_date_chain_absent
MARA,2025-04-14,exit_quote,S3,1,0,False,exact_symbol_date_chain_absent
MARA,2025-04-17,contract_preselection,S1,1,0,False,exact_symbol_date_chain_absent
MARA,2025-04-17,contract_preselection,S3,1,0,False,exact_symbol_date_chain_absent
MARA,2025-04-21,entry_quote,S1,1,0,False,exact_symbol_date_chain_absent
MARA,2025-04-21,entry_quote,S3,1,0,False,exact_symbol_date_chain_absent
MARA,2025-04-22,exit_quote,S1,1,0,False,exact_symbol_date_chain_absent
MARA,2025-04-22,exit_quote,S3,1,0,False,exact_symbol_date_chain_absent
MARA,2025-05-09,contract_preselection,S1,1,0,False,exact_symbol_date_chain_absent
MARA,2025-05-09,contract_preselection,S3,1,0,False,exact_symbol_date_chain_absent
MARA,2025-05-12,entry_quote,S1,1,0,False,exact_symbol_date_chain_absent
MARA,2025-05-12,entry_quote,S3,1,0,False,exact_symbol_date_chain_absent
MARA,2025-05-13,exit_quote,S1,1,0,False,exact_symbol_date_chain_absent
MARA,2025-05-13,exit_quote,S3,1,0,False,exact_symbol_date_chain_absent
MARA,2025-05-19,contract_preselection,S1,1,0,False,exact_symbol_date_chain_absent
MARA,2025-05-19,contract_preselection,S3,1,0,False,exact_symbol_date_chain_absent
MARA,2025-05-20,entry_quote,S1,1,0,False,exact_symbol_date_chain_absent
MARA,2025-05-20,entry_quote,S3,1,0,False,exact_symbol_date_chain_absent
MARA,2025-05-21,exit_quote,S1,1,0,False,exact_symbol_date_chain_absent
MARA,2025-05-21,exit_quote,S3,1,0,False,exact_symbol_date_chain_absent
MARA,2025-06-12,contract_preselection,S1,1,0,False,exact_symbol_date_chain_absent
MARA,2025-06-12,contract_preselection,S3,1,0,False,exact_symbol_date_chain_absent
MARA,2025-06-13,entry_quote,S1,1,0,False,exact_symbol_date_chain_absent
MARA,2025-06-13,entry_quote,S3,1,0,False,exact_symbol_date_chain_absent
MARA,2025-06-16,contract_preselection;exit_quote,S1,2,0,False,exact_symbol_date_chain_absent
MARA,2025-06-16,contract_preselection;exit_quote,S3,2,0,False,exact_symbol_date_chain_absent
MARA,2025-06-17,entry_quote,S1,1,0,False,exact_symbol_date_chain_absent
MARA,2025-06-17,entry_quote,S3,1,0,False,exact_symbol_date_chain_absent
MARA,2025-06-18,exit_quote,S1,1,0,False,exact_symbol_date_chain_absent
MARA,2025-06-18,exit_quote,S3,1,0,False,exact_symbol_date_chain_absent
MARA,2025-06-25,contract_preselection,S1,1,0,False,exact_symbol_date_chain_absent
MARA,2025-06-25,contract_preselection,S3,1,0,False,exact_symbol_date_chain_absent
MARA,2025-06-26,entry_quote,S1,1,0,False,exact_symbol_date_chain_absent
MARA,2025-06-26,entry_quote,S3,1,0,False,exact_symbol_date_chain_absent
MARA,2025-06-27,exit_quote,S1,1,0,False,exact_symbol_date_chain_absent
MARA,2025-06-27,exit_quote,S3,1,0,False,exact_symbol_date_chain_absent
MARA,2025-07-01,contract_preselection,S1,1,0,False,exact_symbol_date_chain_absent
MARA,2025-07-01,contract_preselection,S3,1,0,False,exact_symbol_date_chain_absent
MARA,2025-07-02,entry_quote,S1,1,0,False,exact_symbol_date_chain_absent
MARA,2025-07-02,entry_quote,S3,1,0,False,exact_symbol_date_chain_absent
MARA,2025-07-03,exit_quote,S1,1,0,False,exact_symbol_date_chain_absent
MARA,2025-07-03,exit_quote,S3,1,0,False,exact_symbol_date_chain_absent
MARA,2025-07-16,contract_preselection,S1,1,0,False,exact_symbol_date_chain_absent
MARA,2025-07-16,contract_preselection,S3,1,0,False,exact_symbol_date_chain_absent
MARA,2025-07-17,entry_quote,S1,1,0,False,exact_symbol_date_chain_absent
MARA,2025-07-17,entry_quote,S3,1,0,False,exact_symbol_date_chain_absent
MARA,2025-07-18,exit_quote,S1,1,0,False,exact_symbol_date_chain_absent
MARA,2025-07-18,exit_quote,S3,1,0,False,exact_symbol_date_chain_absent
MARA,2025-07-31,contract_preselection,S1,1,0,False,exact_symbol_date_chain_absent
MARA,2025-07-31,contract_preselection,S3,1,0,False,exact_symbol_date_chain_absent
MARA,2025-08-01,entry_quote,S1,1,0,False,exact_symbol_date_chain_absent
MARA,2025-08-01,entry_quote,S3,1,0,False,exact_symbol_date_chain_absent
MARA,2025-08-04,exit_quote,S1,1,0,False,exact_symbol_date_chain_absent
MARA,2025-08-04,exit_quote,S3,1,0,False,exact_symbol_date_chain_absent
MARA,2025-08-05,contract_preselection,S1,1,0,False,exact_symbol_date_chain_absent
MARA,2025-08-05,contract_preselection,S3,1,0,False,exact_symbol_date_chain_absent
MARA,2025-08-06,entry_quote,S1,1,0,False,exact_symbol_date_chain_absent
MARA,2025-08-06,entry_quote,S3,1,0,False,exact_symbol_date_chain_absent
MARA,2025-08-07,contract_preselection;exit_quote,S1,2,0,False,exact_symbol_date_chain_absent
MARA,2025-08-07,contract_preselection;exit_quote,S3,2,0,False,exact_symbol_date_chain_absent
MARA,2025-08-08,entry_quote,S1,1,0,False,exact_symbol_date_chain_absent
MARA,2025-08-08,entry_quote,S3,1,0,False,exact_symbol_date_chain_absent
MARA,2025-08-11,exit_quote,S1,1,0,False,exact_symbol_date_chain_absent
MARA,2025-08-11,exit_quote,S3,1,0,False,exact_symbol_date_chain_absent
MARA,2025-08-13,contract_preselection,S1,1,0,False,exact_symbol_date_chain_absent
MARA,2025-08-13,contract_preselection,S3,1,0,False,exact_symbol_date_chain_absent
MARA,2025-08-14,entry_quote,S1,1,0,False,exact_symbol_date_chain_absent
MARA,2025-08-14,entry_quote,S3,1,0,False,exact_symbol_date_chain_absent
MARA,2025-08-15,exit_quote,S1,1,0,False,exact_symbol_date_chain_absent
MARA,2025-08-15,exit_quote,S3,1,0,False,exact_symbol_date_chain_absent
MARA,2025-08-20,contract_preselection,S1,1,0,False,exact_symbol_date_chain_absent
MARA,2025-08-20,contract_preselection,S3,1,0,False,exact_symbol_date_chain_absent
MARA,2025-08-21,entry_quote,S1,1,0,False,exact_symbol_date_chain_absent
MARA,2025-08-21,entry_quote,S3,1,0,False,exact_symbol_date_chain_absent
MARA,2025-08-22,exit_quote,S1,1,0,False,exact_symbol_date_chain_absent
MARA,2025-08-22,exit_quote,S3,1,0,False,exact_symbol_date_chain_absent
MP,2024-01-22,contract_preselection,S1,1,0,False,exact_symbol_date_chain_absent
MP,2024-01-22,contract_preselection,S3,1,0,False,exact_symbol_date_chain_absent
MP,2024-01-23,entry_quote,S1,1,0,False,exact_symbol_date_chain_absent
MP,2024-01-23,entry_quote,S3,1,0,False,exact_symbol_date_chain_absent
MP,2024-01-24,exit_quote,S1,1,0,False,exact_symbol_date_chain_absent
MP,2024-01-24,exit_quote,S3,1,0,False,exact_symbol_date_chain_absent
MP,2024-01-29,contract_preselection,S1,1,0,False,exact_symbol_date_chain_absent
MP,2024-01-29,contract_preselection,S3,1,0,False,exact_symbol_date_chain_absent
MP,2024-01-30,entry_quote,S1,1,0,False,exact_symbol_date_chain_absent
MP,2024-01-30,entry_quote,S3,1,0,False,exact_symbol_date_chain_absent
MP,2024-01-31,exit_quote,S1,1,0,False,exact_symbol_date_chain_absent
MP,2024-01-31,exit_quote,S3,1,0,False,exact_symbol_date_chain_absent
MP,2024-02-23,contract_preselection,S1,1,0,False,exact_symbol_date_chain_absent
MP,2024-02-23,contract_preselection,S3,1,0,False,exact_symbol_date_chain_absent
MP,2024-02-26,contract_preselection;entry_quote,S1,2,0,False,exact_symbol_date_chain_absent
MP,2024-02-26,contract_preselection;entry_quote,S3,2,0,False,exact_symbol_date_chain_absent
MP,2024-02-27,entry_quote;exit_quote,S1,2,0,False,exact_symbol_date_chain_absent
MP,2024-02-27,entry_quote;exit_quote,S3,2,0,False,exact_symbol_date_chain_absent
MP,2024-02-28,exit_quote,S1,1,0,False,exact_symbol_date_chain_absent
MP,2024-02-28,exit_quote,S3,1,0,False,exact_symbol_date_chain_absent
MP,2024-03-20,contract_preselection,S1,1,0,False,exact_symbol_date_chain_absent
MP,2024-03-20,contract_preselection,S3,1,0,False,exact_symbol_date_chain_absent
MP,2024-03-21,entry_quote,S1,1,0,False,exact_symbol_date_chain_absent
MP,2024-03-21,entry_quote,S3,1,0,False,exact_symbol_date_chain_absent
MP,2024-03-22,exit_quote,S1,1,0,False,exact_symbol_date_chain_absent
MP,2024-03-22,exit_quote,S3,1,0,False,exact_symbol_date_chain_absent
MP,2024-03-27,contract_preselection,S1,1,0,False,exact_symbol_date_chain_absent
MP,2024-03-27,contract_preselection,S3,1,0,False,exact_symbol_date_chain_absent
MP,2024-03-28,entry_quote,S1,1,0,False,exact_symbol_date_chain_absent
MP,2024-03-28,entry_quote,S3,1,0,False,exact_symbol_date_chain_absent
MP,2024-04-01,exit_quote,S1,1,0,False,exact_symbol_date_chain_absent
MP,2024-04-01,exit_quote,S3,1,0,False,exact_symbol_date_chain_absent
MP,2024-04-10,contract_preselection,S1,1,0,False,exact_symbol_date_chain_absent
MP,2024-04-10,contract_preselection,S3,1,0,False,exact_symbol_date_chain_absent
MP,2024-04-11,entry_quote,S1,1,0,False,exact_symbol_date_chain_absent
MP,2024-04-11,entry_quote,S3,1,0,False,exact_symbol_date_chain_absent
MP,2024-04-12,exit_quote,S1,1,0,False,exact_symbol_date_chain_absent
MP,2024-04-12,exit_quote,S3,1,0,False,exact_symbol_date_chain_absent
MP,2024-04-25,contract_preselection,S1,1,0,False,exact_symbol_date_chain_absent
MP,2024-04-25,contract_preselection,S3,1,0,False,exact_symbol_date_chain_absent
MP,2024-04-26,entry_quote,S1,1,0,False,exact_symbol_date_chain_absent
MP,2024-04-26,entry_quote,S3,1,0,False,exact_symbol_date_chain_absent
MP,2024-04-29,exit_quote,S1,1,0,False,exact_symbol_date_chain_absent
MP,2024-04-29,exit_quote,S3,1,0,False,exact_symbol_date_chain_absent
MP,2024-05-03,contract_preselection,S1,1,0,False,exact_symbol_date_chain_absent
MP,2024-05-03,contract_preselection,S3,1,0,False,exact_symbol_date_chain_absent
MP,2024-05-06,entry_quote,S1,1,0,False,exact_symbol_date_chain_absent
MP,2024-05-06,entry_quote,S3,1,0,False,exact_symbol_date_chain_absent
MP,2024-05-07,exit_quote,S1,1,0,False,exact_symbol_date_chain_absent
MP,2024-05-07,exit_quote,S3,1,0,False,exact_symbol_date_chain_absent
MP,2024-05-14,contract_preselection,S1,1,0,False,exact_symbol_date_chain_absent
MP,2024-05-14,contract_preselection,S3,1,0,False,exact_symbol_date_chain_absent
MP,2024-05-15,entry_quote,S1,1,0,False,exact_symbol_date_chain_absent
MP,2024-05-15,entry_quote,S3,1,0,False,exact_symbol_date_chain_absent
MP,2024-05-16,exit_quote,S1,1,0,False,exact_symbol_date_chain_absent
MP,2024-05-16,exit_quote,S3,1,0,False,exact_symbol_date_chain_absent
MP,2024-05-17,contract_preselection,S1,1,0,False,exact_symbol_date_chain_absent
MP,2024-05-17,contract_preselection,S3,1,0,False,exact_symbol_date_chain_absent
MP,2024-05-20,entry_quote,S1,1,0,False,exact_symbol_date_chain_absent
MP,2024-05-20,entry_quote,S3,1,0,False,exact_symbol_date_chain_absent
MP,2024-05-21,exit_quote,S1,1,0,False,exact_symbol_date_chain_absent
MP,2024-05-21,exit_quote,S3,1,0,False,exact_symbol_date_chain_absent
MP,2024-05-31,contract_preselection,S1,1,0,False,exact_symbol_date_chain_absent
MP,2024-05-31,contract_preselection,S3,1,0,False,exact_symbol_date_chain_absent
MP,2024-06-03,entry_quote,S1,1,0,False,exact_symbol_date_chain_absent
MP,2024-06-03,entry_quote,S3,1,0,False,exact_symbol_date_chain_absent
MP,2024-06-04,exit_quote,S1,1,0,False,exact_symbol_date_chain_absent
MP,2024-06-04,exit_quote,S3,1,0,False,exact_symbol_date_chain_absent
MP,2024-06-10,contract_preselection,S1,1,0,False,exact_symbol_date_chain_absent
MP,2024-06-10,contract_preselection,S3,1,0,False,exact_symbol_date_chain_absent
MP,2024-06-11,entry_quote,S1,1,0,False,exact_symbol_date_chain_absent
MP,2024-06-11,entry_quote,S3,1,0,False,exact_symbol_date_chain_absent
MP,2024-06-12,contract_preselection;exit_quote,S1,2,0,False,exact_symbol_date_chain_absent
MP,2024-06-12,contract_preselection;exit_quote,S3,2,0,False,exact_symbol_date_chain_absent
MP,2024-06-13,contract_preselection;entry_quote,S1,2,0,False,exact_symbol_date_chain_absent
MP,2024-06-13,contract_preselection;entry_quote,S3,2,0,False,exact_symbol_date_chain_absent
MP,2024-06-14,contract_preselection;entry_quote;exit_quote,S1,3,0,False,exact_symbol_date_chain_absent
MP,2024-06-14,contract_preselection;entry_quote;exit_quote,S3,3,0,False,exact_symbol_date_chain_absent
MP,2024-06-17,entry_quote;exit_quote,S1,2,0,False,exact_symbol_date_chain_absent
MP,2024-06-17,entry_quote;exit_quote,S3,2,0,False,exact_symbol_date_chain_absent
MP,2024-06-18,exit_quote,S1,1,0,False,exact_symbol_date_chain_absent
MP,2024-06-18,exit_quote,S3,1,0,False,exact_symbol_date_chain_absent
MP,2024-07-09,contract_preselection,S1,1,0,False,exact_symbol_date_chain_absent
MP,2024-07-09,contract_preselection,S3,1,0,False,exact_symbol_date_chain_absent
MP,2024-07-10,entry_quote,S1,1,0,False,exact_symbol_date_chain_absent
MP,2024-07-10,entry_quote,S3,1,0,False,exact_symbol_date_chain_absent
MP,2024-07-11,exit_quote,S1,1,0,False,exact_symbol_date_chain_absent
MP,2024-07-11,exit_quote,S3,1,0,False,exact_symbol_date_chain_absent
MP,2024-08-06,contract_preselection,S1,1,0,False,exact_symbol_date_chain_absent
MP,2024-08-06,contract_preselection,S3,1,0,False,exact_symbol_date_chain_absent
MP,2024-08-07,entry_quote,S1,1,0,False,exact_symbol_date_chain_absent
MP,2024-08-07,entry_quote,S3,1,0,False,exact_symbol_date_chain_absent
MP,2024-08-08,contract_preselection;exit_quote,S1,2,0,False,exact_symbol_date_chain_absent
MP,2024-08-08,contract_preselection;exit_quote,S3,2,0,False,exact_symbol_date_chain_absent
MP,2024-08-09,entry_quote,S1,1,0,False,exact_symbol_date_chain_absent
MP,2024-08-09,entry_quote,S3,1,0,False,exact_symbol_date_chain_absent
MP,2024-08-12,exit_quote,S1,1,0,False,exact_symbol_date_chain_absent
MP,2024-08-12,exit_quote,S3,1,0,False,exact_symbol_date_chain_absent
MP,2024-08-14,contract_preselection,S1,1,0,False,exact_symbol_date_chain_absent
MP,2024-08-14,contract_preselection,S3,1,0,False,exact_symbol_date_chain_absent
MP,2024-08-15,entry_quote,S1,1,0,False,exact_symbol_date_chain_absent
MP,2024-08-15,entry_quote,S3,1,0,False,exact_symbol_date_chain_absent
MP,2024-08-16,exit_quote,S1,1,0,False,exact_symbol_date_chain_absent
MP,2024-08-16,exit_quote,S3,1,0,False,exact_symbol_date_chain_absent
MP,2024-08-27,contract_preselection,S1,1,0,False,exact_symbol_date_chain_absent
MP,2024-08-27,contract_preselection,S3,1,0,False,exact_symbol_date_chain_absent
MP,2024-08-28,entry_quote,S1,1,0,False,exact_symbol_date_chain_absent
MP,2024-08-28,entry_quote,S3,1,0,False,exact_symbol_date_chain_absent
MP,2024-08-29,exit_quote,S1,1,0,False,exact_symbol_date_chain_absent
MP,2024-08-29,exit_quote,S3,1,0,False,exact_symbol_date_chain_absent
MP,2024-09-19,contract_preselection,S1,1,0,False,exact_symbol_date_chain_absent
MP,2024-09-19,contract_preselection,S3,1,0,False,exact_symbol_date_chain_absent
MP,2024-09-20,entry_quote,S1,1,0,False,exact_symbol_date_chain_absent
MP,2024-09-20,entry_quote,S3,1,0,False,exact_symbol_date_chain_absent
MP,2024-09-23,exit_quote,S1,1,0,False,exact_symbol_date_chain_absent
MP,2024-09-23,exit_quote,S3,1,0,False,exact_symbol_date_chain_absent
MP,2024-09-25,contract_preselection,S1,1,0,False,exact_symbol_date_chain_absent
MP,2024-09-25,contract_preselection,S3,1,0,False,exact_symbol_date_chain_absent
MP,2024-09-26,entry_quote,S1,1,0,False,exact_symbol_date_chain_absent
MP,2024-09-26,entry_quote,S3,1,0,False,exact_symbol_date_chain_absent
MP,2024-09-27,exit_quote,S1,1,0,False,exact_symbol_date_chain_absent
MP,2024-09-27,exit_quote,S3,1,0,False,exact_symbol_date_chain_absent
MP,2024-09-30,contract_preselection,S1,1,0,False,exact_symbol_date_chain_absent
MP,2024-09-30,contract_preselection,S3,1,0,False,exact_symbol_date_chain_absent
MP,2024-10-01,entry_quote,S1,1,0,False,exact_symbol_date_chain_absent
MP,2024-10-01,entry_quote,S3,1,0,False,exact_symbol_date_chain_absent
MP,2024-10-02,exit_quote,S1,1,0,False,exact_symbol_date_chain_absent
MP,2024-10-02,exit_quote,S3,1,0,False,exact_symbol_date_chain_absent
MP,2024-10-07,contract_preselection,S1,1,0,False,exact_symbol_date_chain_absent
MP,2024-10-07,contract_preselection,S3,1,0,False,exact_symbol_date_chain_absent
MP,2024-10-08,entry_quote,S1,1,0,False,exact_symbol_date_chain_absent
MP,2024-10-08,entry_quote,S3,1,0,False,exact_symbol_date_chain_absent
MP,2024-10-09,exit_quote,S1,1,0,False,exact_symbol_date_chain_absent
MP,2024-10-09,exit_quote,S3,1,0,False,exact_symbol_date_chain_absent
MP,2024-10-10,contract_preselection,S1,1,0,False,exact_symbol_date_chain_absent
MP,2024-10-10,contract_preselection,S3,1,0,False,exact_symbol_date_chain_absent
MP,2024-10-11,entry_quote,S1,1,0,False,exact_symbol_date_chain_absent
MP,2024-10-11,entry_quote,S3,1,0,False,exact_symbol_date_chain_absent
MP,2024-10-14,exit_quote,S1,1,0,False,exact_symbol_date_chain_absent
MP,2024-10-14,exit_quote,S3,1,0,False,exact_symbol_date_chain_absent
MP,2024-10-15,contract_preselection,S1,1,0,False,exact_symbol_date_chain_absent
MP,2024-10-15,contract_preselection,S3,1,0,False,exact_symbol_date_chain_absent
MP,2024-10-16,entry_quote,S1,1,0,False,exact_symbol_date_chain_absent
MP,2024-10-16,entry_quote,S3,1,0,False,exact_symbol_date_chain_absent
MP,2024-10-17,exit_quote,S1,1,0,False,exact_symbol_date_chain_absent
MP,2024-10-17,exit_quote,S3,1,0,False,exact_symbol_date_chain_absent
MP,2024-12-05,contract_preselection,S1,1,0,False,exact_symbol_date_chain_absent
MP,2024-12-05,contract_preselection,S3,1,0,False,exact_symbol_date_chain_absent
MP,2024-12-06,entry_quote,S1,1,0,False,exact_symbol_date_chain_absent
MP,2024-12-06,entry_quote,S3,1,0,False,exact_symbol_date_chain_absent
MP,2024-12-09,exit_quote,S1,1,0,False,exact_symbol_date_chain_absent
MP,2024-12-09,exit_quote,S3,1,0,False,exact_symbol_date_chain_absent
MP,2024-12-27,contract_preselection,S1,1,0,False,exact_symbol_date_chain_absent
MP,2024-12-27,contract_preselection,S3,1,0,False,exact_symbol_date_chain_absent
MP,2024-12-30,entry_quote,S1,1,0,False,exact_symbol_date_chain_absent
MP,2024-12-30,entry_quote,S3,1,0,False,exact_symbol_date_chain_absent
MP,2024-12-31,exit_quote,S1,1,0,False,exact_symbol_date_chain_absent
MP,2024-12-31,exit_quote,S3,1,0,False,exact_symbol_date_chain_absent
MP,2025-01-07,contract_preselection,S1,1,0,False,exact_symbol_date_chain_absent
MP,2025-01-07,contract_preselection,S3,1,0,False,exact_symbol_date_chain_absent
MP,2025-01-08,entry_quote,S1,1,0,False,exact_symbol_date_chain_absent
MP,2025-01-08,entry_quote,S3,1,0,False,exact_symbol_date_chain_absent
MP,2025-01-10,exit_quote,S1,1,0,False,exact_symbol_date_chain_absent
MP,2025-01-10,exit_quote,S3,1,0,False,exact_symbol_date_chain_absent
MP,2025-01-22,contract_preselection,S1,1,0,False,exact_symbol_date_chain_absent
MP,2025-01-22,contract_preselection,S3,1,0,False,exact_symbol_date_chain_absent
MP,2025-01-23,entry_quote,S1,1,0,False,exact_symbol_date_chain_absent
MP,2025-01-23,entry_quote,S3,1,0,False,exact_symbol_date_chain_absent
MP,2025-01-24,exit_quote,S1,1,0,False,exact_symbol_date_chain_absent
MP,2025-01-24,exit_quote,S3,1,0,False,exact_symbol_date_chain_absent
MP,2025-01-29,contract_preselection,S1,1,0,False,exact_symbol_date_chain_absent
MP,2025-01-29,contract_preselection,S3,1,0,False,exact_symbol_date_chain_absent
MP,2025-01-30,entry_quote,S1,1,0,False,exact_symbol_date_chain_absent
MP,2025-01-30,entry_quote,S3,1,0,False,exact_symbol_date_chain_absent
MP,2025-01-31,exit_quote,S1,1,0,False,exact_symbol_date_chain_absent
MP,2025-01-31,exit_quote,S3,1,0,False,exact_symbol_date_chain_absent
MP,2025-02-12,contract_preselection,S1,1,0,False,exact_symbol_date_chain_absent
MP,2025-02-12,contract_preselection,S3,1,0,False,exact_symbol_date_chain_absent
MP,2025-02-13,entry_quote,S1,1,0,False,exact_symbol_date_chain_absent
MP,2025-02-13,entry_quote,S3,1,0,False,exact_symbol_date_chain_absent
MP,2025-02-14,contract_preselection;exit_quote,S1,2,0,False,exact_symbol_date_chain_absent
MP,2025-02-14,contract_preselection;exit_quote,S3,2,0,False,exact_symbol_date_chain_absent
MP,2025-02-18,entry_quote,S1,1,0,False,exact_symbol_date_chain_absent
MP,2025-02-18,entry_quote,S3,1,0,False,exact_symbol_date_chain_absent
MP,2025-02-19,exit_quote,S1,1,0,False,exact_symbol_date_chain_absent
MP,2025-02-19,exit_quote,S3,1,0,False,exact_symbol_date_chain_absent
MP,2025-03-05,contract_preselection,S1,1,0,False,exact_symbol_date_chain_absent
MP,2025-03-05,contract_preselection,S3,1,0,False,exact_symbol_date_chain_absent
MP,2025-03-06,entry_quote,S1,1,0,False,exact_symbol_date_chain_absent
MP,2025-03-06,entry_quote,S3,1,0,False,exact_symbol_date_chain_absent
MP,2025-03-07,exit_quote,S1,1,0,False,exact_symbol_date_chain_absent
MP,2025-03-07,exit_quote,S3,1,0,False,exact_symbol_date_chain_absent
MP,2025-03-13,contract_preselection,S1,1,0,False,exact_symbol_date_chain_absent
MP,2025-03-13,contract_preselection,S3,1,0,False,exact_symbol_date_chain_absent
MP,2025-03-14,entry_quote,S1,1,0,False,exact_symbol_date_chain_absent
MP,2025-03-14,entry_quote,S3,1,0,False,exact_symbol_date_chain_absent
MP,2025-03-17,exit_quote,S1,1,0,False,exact_symbol_date_chain_absent
MP,2025-03-17,exit_quote,S3,1,0,False,exact_symbol_date_chain_absent
MP,2025-04-10,contract_preselection,S1,1,0,False,exact_symbol_date_chain_absent
MP,2025-04-10,contract_preselection,S3,1,0,False,exact_symbol_date_chain_absent
MP,2025-04-11,entry_quote,S1,1,0,False,exact_symbol_date_chain_absent
MP,2025-04-11,entry_quote,S3,1,0,False,exact_symbol_date_chain_absent
MP,2025-04-14,exit_quote,S1,1,0,False,exact_symbol_date_chain_absent
MP,2025-04-14,exit_quote,S3,1,0,False,exact_symbol_date_chain_absent
MP,2025-05-12,contract_preselection,S1,1,0,False,exact_symbol_date_chain_absent
MP,2025-05-12,contract_preselection,S3,1,0,False,exact_symbol_date_chain_absent
MP,2025-05-13,entry_quote,S1,1,0,False,exact_symbol_date_chain_absent
MP,2025-05-13,entry_quote,S3,1,0,False,exact_symbol_date_chain_absent
MP,2025-05-14,exit_quote,S1,1,0,False,exact_symbol_date_chain_absent
MP,2025-05-14,exit_quote,S3,1,0,False,exact_symbol_date_chain_absent
MP,2025-05-27,contract_preselection,S1,1,0,False,exact_symbol_date_chain_absent
MP,2025-05-27,contract_preselection,S3,1,0,False,exact_symbol_date_chain_absent
MP,2025-05-28,entry_quote,S1,1,0,False,exact_symbol_date_chain_absent
MP,2025-05-28,entry_quote,S3,1,0,False,exact_symbol_date_chain_absent
MP,2025-05-29,exit_quote,S1,1,0,False,exact_symbol_date_chain_absent
MP,2025-05-29,exit_quote,S3,1,0,False,exact_symbol_date_chain_absent
MP,2025-06-02,contract_preselection,S1,1,0,False,exact_symbol_date_chain_absent
MP,2025-06-02,contract_preselection,S3,1,0,False,exact_symbol_date_chain_absent
MP,2025-06-03,entry_quote,S1,1,0,False,exact_symbol_date_chain_absent
MP,2025-06-03,entry_quote,S3,1,0,False,exact_symbol_date_chain_absent
MP,2025-06-04,exit_quote,S1,1,0,False,exact_symbol_date_chain_absent
MP,2025-06-04,exit_quote,S3,1,0,False,exact_symbol_date_chain_absent
MP,2025-07-08,contract_preselection,S1,1,0,False,exact_symbol_date_chain_absent
MP,2025-07-08,contract_preselection,S3,1,0,False,exact_symbol_date_chain_absent
MP,2025-07-09,entry_quote,S1,1,0,False,exact_symbol_date_chain_absent
MP,2025-07-09,entry_quote,S3,1,0,False,exact_symbol_date_chain_absent
MP,2025-07-10,exit_quote,S1,1,0,False,exact_symbol_date_chain_absent
MP,2025-07-10,exit_quote,S3,1,0,False,exact_symbol_date_chain_absent
MP,2025-07-25,contract_preselection,S1,1,0,False,exact_symbol_date_chain_absent
MP,2025-07-25,contract_preselection,S3,1,0,False,exact_symbol_date_chain_absent
MP,2025-07-28,entry_quote,S1,1,0,False,exact_symbol_date_chain_absent
MP,2025-07-28,entry_quote,S3,1,0,False,exact_symbol_date_chain_absent
MP,2025-07-29,exit_quote,S1,1,0,False,exact_symbol_date_chain_absent
MP,2025-07-29,exit_quote,S3,1,0,False,exact_symbol_date_chain_absent
MP,2025-07-30,contract_preselection,S1,1,0,False,exact_symbol_date_chain_absent
MP,2025-07-30,contract_preselection,S3,1,0,False,exact_symbol_date_chain_absent
MP,2025-07-31,entry_quote,S1,1,0,False,exact_symbol_date_chain_absent
MP,2025-07-31,entry_quote,S3,1,0,False,exact_symbol_date_chain_absent
MP,2025-08-01,exit_quote,S1,1,0,False,exact_symbol_date_chain_absent
MP,2025-08-01,exit_quote,S3,1,0,False,exact_symbol_date_chain_absent
MRNA,2024-01-25,contract_preselection,S1,1,0,False,exact_symbol_date_chain_absent
MRNA,2024-01-25,contract_preselection,S3,1,0,False,exact_symbol_date_chain_absent
MRNA,2024-01-26,entry_quote,S1,1,0,False,exact_symbol_date_chain_absent
MRNA,2024-01-26,entry_quote,S3,1,0,False,exact_symbol_date_chain_absent
MRNA,2024-01-29,exit_quote,S1,1,0,False,exact_symbol_date_chain_absent
MRNA,2024-01-29,exit_quote,S3,1,0,False,exact_symbol_date_chain_absent
MRNA,2024-02-13,contract_preselection,S1,1,0,False,exact_symbol_date_chain_absent
MRNA,2024-02-13,contract_preselection,S3,1,0,False,exact_symbol_date_chain_absent
MRNA,2024-02-14,entry_quote,S1,1,0,False,exact_symbol_date_chain_absent
MRNA,2024-02-14,entry_quote,S3,1,0,False,exact_symbol_date_chain_absent
MRNA,2024-02-15,exit_quote,S1,1,0,False,exact_symbol_date_chain_absent
MRNA,2024-02-15,exit_quote,S3,1,0,False,exact_symbol_date_chain_absent
MRNA,2024-02-26,contract_preselection,S1,1,0,False,exact_symbol_date_chain_absent
MRNA,2024-02-26,contract_preselection,S3,1,0,False,exact_symbol_date_chain_absent
MRNA,2024-02-27,entry_quote,S1,1,0,False,exact_symbol_date_chain_absent
MRNA,2024-02-27,entry_quote,S3,1,0,False,exact_symbol_date_chain_absent
MRNA,2024-02-28,exit_quote,S1,1,0,False,exact_symbol_date_chain_absent
MRNA,2024-02-28,exit_quote,S3,1,0,False,exact_symbol_date_chain_absent
MRNA,2024-02-29,contract_preselection,S1,1,0,False,exact_symbol_date_chain_absent
MRNA,2024-02-29,contract_preselection,S3,1,0,False,exact_symbol_date_chain_absent
MRNA,2024-03-01,entry_quote,S1,1,0,False,exact_symbol_date_chain_absent
MRNA,2024-03-01,entry_quote,S3,1,0,False,exact_symbol_date_chain_absent
MRNA,2024-03-04,exit_quote,S1,1,0,False,exact_symbol_date_chain_absent
MRNA,2024-03-04,exit_quote,S3,1,0,False,exact_symbol_date_chain_absent
MRNA,2024-03-11,contract_preselection,S1,1,0,False,exact_symbol_date_chain_absent
MRNA,2024-03-11,contract_preselection,S3,1,0,False,exact_symbol_date_chain_absent
MRNA,2024-03-12,entry_quote,S1,1,0,False,exact_symbol_date_chain_absent
MRNA,2024-03-12,entry_quote,S3,1,0,False,exact_symbol_date_chain_absent
MRNA,2024-03-13,exit_quote,S1,1,0,False,exact_symbol_date_chain_absent
MRNA,2024-03-13,exit_quote,S3,1,0,False,exact_symbol_date_chain_absent
MRNA,2024-03-14,contract_preselection,S1,1,0,False,exact_symbol_date_chain_absent
MRNA,2024-03-14,contract_preselection,S3,1,0,False,exact_symbol_date_chain_absent
MRNA,2024-03-15,entry_quote,S1,1,0,False,exact_symbol_date_chain_absent
MRNA,2024-03-15,entry_quote,S3,1,0,False,exact_symbol_date_chain_absent
MRNA,2024-03-18,exit_quote,S1,1,0,False,exact_symbol_date_chain_absent
MRNA,2024-03-18,exit_quote,S3,1,0,False,exact_symbol_date_chain_absent
MRNA,2024-03-19,contract_preselection,S1,1,0,False,exact_symbol_date_chain_absent
MRNA,2024-03-19,contract_preselection,S3,1,0,False,exact_symbol_date_chain_absent
MRNA,2024-03-20,entry_quote,S1,1,0,False,exact_symbol_date_chain_absent
MRNA,2024-03-20,entry_quote,S3,1,0,False,exact_symbol_date_chain_absent
MRNA,2024-03-21,exit_quote,S1,1,0,False,exact_symbol_date_chain_absent
MRNA,2024-03-21,exit_quote,S3,1,0,False,exact_symbol_date_chain_absent
MRNA,2024-03-22,contract_preselection,S1,1,0,False,exact_symbol_date_chain_absent
MRNA,2024-03-22,contract_preselection,S3,1,0,False,exact_symbol_date_chain_absent
MRNA,2024-03-25,entry_quote,S1,1,0,False,exact_symbol_date_chain_absent
MRNA,2024-03-25,entry_quote,S3,1,0,False,exact_symbol_date_chain_absent
MRNA,2024-03-26,exit_quote,S1,1,0,False,exact_symbol_date_chain_absent
MRNA,2024-03-26,exit_quote,S3,1,0,False,exact_symbol_date_chain_absent
MRNA,2024-04-01,contract_preselection,S1,1,0,False,exact_symbol_date_chain_absent
MRNA,2024-04-01,contract_preselection,S3,1,0,False,exact_symbol_date_chain_absent
MRNA,2024-04-02,entry_quote,S1,1,0,False,exact_symbol_date_chain_absent
MRNA,2024-04-02,entry_quote,S3,1,0,False,exact_symbol_date_chain_absent
MRNA,2024-04-03,exit_quote,S1,1,0,False,exact_symbol_date_chain_absent
MRNA,2024-04-03,exit_quote,S3,1,0,False,exact_symbol_date_chain_absent
MRNA,2024-04-17,contract_preselection,S1,1,0,False,exact_symbol_date_chain_absent
MRNA,2024-04-17,contract_preselection,S3,1,0,False,exact_symbol_date_chain_absent
MRNA,2024-04-18,entry_quote,S1,1,0,False,exact_symbol_date_chain_absent
MRNA,2024-04-18,entry_quote,S3,1,0,False,exact_symbol_date_chain_absent
MRNA,2024-04-19,exit_quote,S1,1,0,False,exact_symbol_date_chain_absent
MRNA,2024-04-19,exit_quote,S3,1,0,False,exact_symbol_date_chain_absent
MRNA,2024-05-07,contract_preselection,S1,1,0,False,exact_symbol_date_chain_absent
MRNA,2024-05-07,contract_preselection,S3,1,0,False,exact_symbol_date_chain_absent
MRNA,2024-05-08,entry_quote,S1,1,0,False,exact_symbol_date_chain_absent
MRNA,2024-05-08,entry_quote,S3,1,0,False,exact_symbol_date_chain_absent
MRNA,2024-05-09,exit_quote,S1,1,0,False,exact_symbol_date_chain_absent
MRNA,2024-05-09,exit_quote,S3,1,0,False,exact_symbol_date_chain_absent
MRNA,2024-05-17,contract_preselection,S1,1,0,False,exact_symbol_date_chain_absent
MRNA,2024-05-17,contract_preselection,S3,1,0,False,exact_symbol_date_chain_absent
MRNA,2024-05-20,entry_quote,S1,1,0,False,exact_symbol_date_chain_absent
MRNA,2024-05-20,entry_quote,S3,1,0,False,exact_symbol_date_chain_absent
MRNA,2024-05-21,exit_quote,S1,1,0,False,exact_symbol_date_chain_absent
MRNA,2024-05-21,exit_quote,S3,1,0,False,exact_symbol_date_chain_absent
MRNA,2024-05-22,contract_preselection,S1,1,0,False,exact_symbol_date_chain_absent
MRNA,2024-05-22,contract_preselection,S3,1,0,False,exact_symbol_date_chain_absent
MRNA,2024-05-23,entry_quote,S1,1,0,False,exact_symbol_date_chain_absent
MRNA,2024-05-23,entry_quote,S3,1,0,False,exact_symbol_date_chain_absent
MRNA,2024-05-24,contract_preselection;exit_quote,S1,2,0,False,exact_symbol_date_chain_absent
MRNA,2024-05-24,contract_preselection;exit_quote,S3,2,0,False,exact_symbol_date_chain_absent
MRNA,2024-05-28,entry_quote,S1,1,0,False,exact_symbol_date_chain_absent
MRNA,2024-05-28,entry_quote,S3,1,0,False,exact_symbol_date_chain_absent
MRNA,2024-05-29,contract_preselection;exit_quote,S1,2,0,False,exact_symbol_date_chain_absent
MRNA,2024-05-29,contract_preselection;exit_quote,S3,2,0,False,exact_symbol_date_chain_absent
MRNA,2024-05-30,contract_preselection;entry_quote,S1,2,0,False,exact_symbol_date_chain_absent
MRNA,2024-05-30,contract_preselection;entry_quote,S3,2,0,False,exact_symbol_date_chain_absent
MRNA,2024-05-31,entry_quote;exit_quote,S1,2,0,False,exact_symbol_date_chain_absent
MRNA,2024-05-31,entry_quote;exit_quote,S3,2,0,False,exact_symbol_date_chain_absent
MRNA,2024-06-03,exit_quote,S1,1,0,False,exact_symbol_date_chain_absent
MRNA,2024-06-03,exit_quote,S3,1,0,False,exact_symbol_date_chain_absent
MRNA,2024-07-15,contract_preselection,S1,1,0,False,exact_symbol_date_chain_absent
MRNA,2024-07-15,contract_preselection,S3,1,0,False,exact_symbol_date_chain_absent
MRNA,2024-07-16,entry_quote,S1,1,0,False,exact_symbol_date_chain_absent
MRNA,2024-07-16,entry_quote,S3,1,0,False,exact_symbol_date_chain_absent
MRNA,2024-07-17,exit_quote,S1,1,0,False,exact_symbol_date_chain_absent
MRNA,2024-07-17,exit_quote,S3,1,0,False,exact_symbol_date_chain_absent
MRNA,2024-08-02,contract_preselection,S1,1,0,False,exact_symbol_date_chain_absent
MRNA,2024-08-02,contract_preselection,S3,1,0,False,exact_symbol_date_chain_absent
MRNA,2024-08-05,entry_quote,S1,1,0,False,exact_symbol_date_chain_absent
MRNA,2024-08-05,entry_quote,S3,1,0,False,exact_symbol_date_chain_absent
MRNA,2024-08-06,exit_quote,S1,1,0,False,exact_symbol_date_chain_absent
MRNA,2024-08-06,exit_quote,S3,1,0,False,exact_symbol_date_chain_absent
MRNA,2024-08-09,contract_preselection,S1,1,0,False,exact_symbol_date_chain_absent
MRNA,2024-08-09,contract_preselection,S3,1,0,False,exact_symbol_date_chain_absent
MRNA,2024-08-12,entry_quote,S1,1,0,False,exact_symbol_date_chain_absent
MRNA,2024-08-12,entry_quote,S3,1,0,False,exact_symbol_date_chain_absent
MRNA,2024-08-13,exit_quote,S1,1,0,False,exact_symbol_date_chain_absent
MRNA,2024-08-13,exit_quote,S3,1,0,False,exact_symbol_date_chain_absent
MRNA,2024-08-15,contract_preselection,S1,1,0,False,exact_symbol_date_chain_absent
MRNA,2024-08-15,contract_preselection,S3,1,0,False,exact_symbol_date_chain_absent
MRNA,2024-08-16,contract_preselection;entry_quote,S1,2,0,False,exact_symbol_date_chain_absent
MRNA,2024-08-16,contract_preselection;entry_quote,S3,2,0,False,exact_symbol_date_chain_absent
MRNA,2024-08-19,contract_preselection;entry_quote;exit_quote,S1,3,0,False,exact_symbol_date_chain_absent
MRNA,2024-08-19,contract_preselection;entry_quote;exit_quote,S3,3,0,False,exact_symbol_date_chain_absent
MRNA,2024-08-20,entry_quote;exit_quote,S1,2,0,False,exact_symbol_date_chain_absent
MRNA,2024-08-20,entry_quote;exit_quote,S3,2,0,False,exact_symbol_date_chain_absent
MRNA,2024-08-21,exit_quote,S1,1,0,False,exact_symbol_date_chain_absent
MRNA,2024-08-21,exit_quote,S3,1,0,False,exact_symbol_date_chain_absent
MRNA,2024-08-23,contract_preselection,S1,1,0,False,exact_symbol_date_chain_absent
MRNA,2024-08-23,contract_preselection,S3,1,0,False,exact_symbol_date_chain_absent
MRNA,2024-08-26,entry_quote,S1,1,0,False,exact_symbol_date_chain_absent
MRNA,2024-08-26,entry_quote,S3,1,0,False,exact_symbol_date_chain_absent
MRNA,2024-08-27,contract_preselection;exit_quote,S1,2,0,False,exact_symbol_date_chain_absent
MRNA,2024-08-27,contract_preselection;exit_quote,S3,2,0,False,exact_symbol_date_chain_absent
MRNA,2024-08-28,entry_quote,S1,1,0,False,exact_symbol_date_chain_absent
MRNA,2024-08-28,entry_quote,S3,1,0,False,exact_symbol_date_chain_absent
MRNA,2024-08-29,exit_quote,S1,1,0,False,exact_symbol_date_chain_absent
MRNA,2024-08-29,exit_quote,S3,1,0,False,exact_symbol_date_chain_absent
MRNA,2024-09-05,contract_preselection,S1,1,0,False,exact_symbol_date_chain_absent
MRNA,2024-09-05,contract_preselection,S3,1,0,False,exact_symbol_date_chain_absent
MRNA,2024-09-06,entry_quote,S1,1,0,False,exact_symbol_date_chain_absent
MRNA,2024-09-06,entry_quote,S3,1,0,False,exact_symbol_date_chain_absent
MRNA,2024-09-09,exit_quote,S1,1,0,False,exact_symbol_date_chain_absent
MRNA,2024-09-09,exit_quote,S3,1,0,False,exact_symbol_date_chain_absent
MRNA,2024-09-19,contract_preselection,S1,1,0,False,exact_symbol_date_chain_absent
MRNA,2024-09-19,contract_preselection,S3,1,0,False,exact_symbol_date_chain_absent
MRNA,2024-09-20,entry_quote,S1,1,0,False,exact_symbol_date_chain_absent
MRNA,2024-09-20,entry_quote,S3,1,0,False,exact_symbol_date_chain_absent
MRNA,2024-09-23,exit_quote,S1,1,0,False,exact_symbol_date_chain_absent
MRNA,2024-09-23,exit_quote,S3,1,0,False,exact_symbol_date_chain_absent
MRNA,2024-09-27,contract_preselection,S1,1,0,False,exact_symbol_date_chain_absent
MRNA,2024-09-27,contract_preselection,S3,1,0,False,exact_symbol_date_chain_absent
MRNA,2024-09-30,contract_preselection;entry_quote,S1,2,0,False,exact_symbol_date_chain_absent
MRNA,2024-09-30,contract_preselection;entry_quote,S3,2,0,False,exact_symbol_date_chain_absent
MRNA,2024-10-01,entry_quote;exit_quote,S1,2,0,False,exact_symbol_date_chain_absent
MRNA,2024-10-01,entry_quote;exit_quote,S3,2,0,False,exact_symbol_date_chain_absent
MRNA,2024-10-02,exit_quote,S1,1,0,False,exact_symbol_date_chain_absent
MRNA,2024-10-02,exit_quote,S3,1,0,False,exact_symbol_date_chain_absent
MRNA,2024-10-09,contract_preselection,S1,1,0,False,exact_symbol_date_chain_absent
MRNA,2024-10-09,contract_preselection,S3,1,0,False,exact_symbol_date_chain_absent
MRNA,2024-10-10,contract_preselection;entry_quote,S1,2,0,False,exact_symbol_date_chain_absent
MRNA,2024-10-10,contract_preselection;entry_quote,S3,2,0,False,exact_symbol_date_chain_absent
MRNA,2024-10-11,entry_quote;exit_quote,S1,2,0,False,exact_symbol_date_chain_absent
MRNA,2024-10-11,entry_quote;exit_quote,S3,2,0,False,exact_symbol_date_chain_absent
MRNA,2024-10-14,exit_quote,S1,1,0,False,exact_symbol_date_chain_absent
MRNA,2024-10-14,exit_quote,S3,1,0,False,exact_symbol_date_chain_absent
MRNA,2024-10-16,contract_preselection,S1,1,0,False,exact_symbol_date_chain_absent
MRNA,2024-10-16,contract_preselection,S3,1,0,False,exact_symbol_date_chain_absent
MRNA,2024-10-17,contract_preselection;entry_quote,S1,2,0,False,exact_symbol_date_chain_absent
MRNA,2024-10-17,contract_preselection;entry_quote,S3,2,0,False,exact_symbol_date_chain_absent
MRNA,2024-10-18,contract_preselection;entry_quote;exit_quote,S1,3,0,False,exact_symbol_date_chain_absent
MRNA,2024-10-18,contract_preselection;entry_quote;exit_quote,S3,3,0,False,exact_symbol_date_chain_absent
MRNA,2024-10-21,entry_quote;exit_quote,S1,2,0,False,exact_symbol_date_chain_absent
MRNA,2024-10-21,entry_quote;exit_quote,S3,2,0,False,exact_symbol_date_chain_absent
MRNA,2024-10-22,contract_preselection;exit_quote,S1,2,0,False,exact_symbol_date_chain_absent
MRNA,2024-10-22,contract_preselection;exit_quote,S3,2,0,False,exact_symbol_date_chain_absent
MRNA,2024-10-23,entry_quote,S1,1,0,False,exact_symbol_date_chain_absent
MRNA,2024-10-23,entry_quote,S3,1,0,False,exact_symbol_date_chain_absent
MRNA,2024-10-24,exit_quote,S1,1,0,False,exact_symbol_date_chain_absent
MRNA,2024-10-24,exit_quote,S3,1,0,False,exact_symbol_date_chain_absent
MRNA,2024-11-12,contract_preselection,S1,1,0,False,exact_symbol_date_chain_absent
MRNA,2024-11-12,contract_preselection,S3,1,0,False,exact_symbol_date_chain_absent
MRNA,2024-11-13,entry_quote,S1,1,0,False,exact_symbol_date_chain_absent
MRNA,2024-11-13,entry_quote,S3,1,0,False,exact_symbol_date_chain_absent
MRNA,2024-11-14,exit_quote,S1,1,0,False,exact_symbol_date_chain_absent
MRNA,2024-11-14,exit_quote,S3,1,0,False,exact_symbol_date_chain_absent
MRNA,2024-11-19,contract_preselection,S1,1,0,False,exact_symbol_date_chain_absent
MRNA,2024-11-19,contract_preselection,S3,1,0,False,exact_symbol_date_chain_absent
MRNA,2024-11-20,entry_quote,S1,1,0,False,exact_symbol_date_chain_absent
MRNA,2024-11-20,entry_quote,S3,1,0,False,exact_symbol_date_chain_absent
MRNA,2024-11-21,exit_quote,S1,1,0,False,exact_symbol_date_chain_absent
MRNA,2024-11-21,exit_quote,S3,1,0,False,exact_symbol_date_chain_absent
MRNA,2024-11-29,contract_preselection,S1,1,0,False,exact_symbol_date_chain_absent
MRNA,2024-11-29,contract_preselection,S3,1,0,False,exact_symbol_date_chain_absent
MRNA,2024-12-02,contract_preselection;entry_quote,S1,2,0,False,exact_symbol_date_chain_absent
MRNA,2024-12-02,contract_preselection;entry_quote,S3,2,0,False,exact_symbol_date_chain_absent
MRNA,2024-12-03,contract_preselection;entry_quote;exit_quote,S1,3,0,False,exact_symbol_date_chain_absent
MRNA,2024-12-03,contract_preselection;entry_quote;exit_quote,S3,3,0,False,exact_symbol_date_chain_absent
MRNA,2024-12-04,entry_quote;exit_quote,S1,2,0,False,exact_symbol_date_chain_absent
MRNA,2024-12-04,entry_quote;exit_quote,S3,2,0,False,exact_symbol_date_chain_absent
MRNA,2024-12-05,exit_quote,S1,1,0,False,exact_symbol_date_chain_absent
MRNA,2024-12-05,exit_quote,S3,1,0,False,exact_symbol_date_chain_absent
MRNA,2024-12-12,contract_preselection,S1,1,0,False,exact_symbol_date_chain_absent
MRNA,2024-12-12,contract_preselection,S3,1,0,False,exact_symbol_date_chain_absent
MRNA,2024-12-13,entry_quote,S1,1,0,False,exact_symbol_date_chain_absent
MRNA,2024-12-13,entry_quote,S3,1,0,False,exact_symbol_date_chain_absent
MRNA,2024-12-16,exit_quote,S1,1,0,False,exact_symbol_date_chain_absent
MRNA,2024-12-16,exit_quote,S3,1,0,False,exact_symbol_date_chain_absent
MRNA,2025-02-24,contract_preselection,S1,1,0,False,exact_symbol_date_chain_absent
MRNA,2025-02-24,contract_preselection,S3,1,0,False,exact_symbol_date_chain_absent
MRNA,2025-02-25,entry_quote,S1,1,0,False,exact_symbol_date_chain_absent
MRNA,2025-02-25,entry_quote,S3,1,0,False,exact_symbol_date_chain_absent
MRNA,2025-02-26,exit_quote,S1,1,0,False,exact_symbol_date_chain_absent
MRNA,2025-02-26,exit_quote,S3,1,0,False,exact_symbol_date_chain_absent
MRNA,2025-02-27,contract_preselection,S1,1,0,False,exact_symbol_date_chain_absent
MRNA,2025-02-27,contract_preselection,S3,1,0,False,exact_symbol_date_chain_absent
MRNA,2025-02-28,entry_quote,S1,1,0,False,exact_symbol_date_chain_absent
MRNA,2025-02-28,entry_quote,S3,1,0,False,exact_symbol_date_chain_absent
MRNA,2025-03-03,contract_preselection;exit_quote,S1,2,0,False,exact_symbol_date_chain_absent
MRNA,2025-03-03,contract_preselection;exit_quote,S3,2,0,False,exact_symbol_date_chain_absent
MRNA,2025-03-04,entry_quote,S1,1,0,False,exact_symbol_date_chain_absent
MRNA,2025-03-04,entry_quote,S3,1,0,False,exact_symbol_date_chain_absent
MRNA,2025-03-05,exit_quote,S1,1,0,False,exact_symbol_date_chain_absent
MRNA,2025-03-05,exit_quote,S3,1,0,False,exact_symbol_date_chain_absent
MRNA,2025-03-21,contract_preselection,S1,1,0,False,exact_symbol_date_chain_absent
MRNA,2025-03-21,contract_preselection,S3,1,0,False,exact_symbol_date_chain_absent
MRNA,2025-03-24,entry_quote,S1,1,0,False,exact_symbol_date_chain_absent
MRNA,2025-03-24,entry_quote,S3,1,0,False,exact_symbol_date_chain_absent
MRNA,2025-03-25,exit_quote,S1,1,0,False,exact_symbol_date_chain_absent
MRNA,2025-03-25,exit_quote,S3,1,0,False,exact_symbol_date_chain_absent
MRNA,2025-03-31,contract_preselection,S1,1,0,False,exact_symbol_date_chain_absent
MRNA,2025-03-31,contract_preselection,S3,1,0,False,exact_symbol_date_chain_absent
MRNA,2025-04-01,entry_quote,S1,1,0,False,exact_symbol_date_chain_absent
MRNA,2025-04-01,entry_quote,S3,1,0,False,exact_symbol_date_chain_absent
MRNA,2025-04-02,exit_quote,S1,1,0,False,exact_symbol_date_chain_absent
MRNA,2025-04-02,exit_quote,S3,1,0,False,exact_symbol_date_chain_absent
MRNA,2025-04-14,contract_preselection,S1,1,0,False,exact_symbol_date_chain_absent
MRNA,2025-04-14,contract_preselection,S3,1,0,False,exact_symbol_date_chain_absent
MRNA,2025-04-15,entry_quote,S1,1,0,False,exact_symbol_date_chain_absent
MRNA,2025-04-15,entry_quote,S3,1,0,False,exact_symbol_date_chain_absent
MRNA,2025-04-16,exit_quote,S1,1,0,False,exact_symbol_date_chain_absent
MRNA,2025-04-16,exit_quote,S3,1,0,False,exact_symbol_date_chain_absent
MRNA,2025-05-28,contract_preselection,S1,1,0,False,exact_symbol_date_chain_absent
MRNA,2025-05-28,contract_preselection,S3,1,0,False,exact_symbol_date_chain_absent
MRNA,2025-05-29,entry_quote,S1,1,0,False,exact_symbol_date_chain_absent
MRNA,2025-05-29,entry_quote,S3,1,0,False,exact_symbol_date_chain_absent
MRNA,2025-05-30,contract_preselection;exit_quote,S1,2,0,False,exact_symbol_date_chain_absent
MRNA,2025-05-30,contract_preselection;exit_quote,S3,2,0,False,exact_symbol_date_chain_absent
MRNA,2025-06-02,entry_quote,S1,1,0,False,exact_symbol_date_chain_absent
MRNA,2025-06-02,entry_quote,S3,1,0,False,exact_symbol_date_chain_absent
MRNA,2025-06-03,exit_quote,S1,1,0,False,exact_symbol_date_chain_absent
MRNA,2025-06-03,exit_quote,S3,1,0,False,exact_symbol_date_chain_absent
MRNA,2025-07-15,contract_preselection,S1,1,0,False,exact_symbol_date_chain_absent
MRNA,2025-07-15,contract_preselection,S3,1,0,False,exact_symbol_date_chain_absent
MRNA,2025-07-16,entry_quote,S1,1,0,False,exact_symbol_date_chain_absent
MRNA,2025-07-16,entry_quote,S3,1,0,False,exact_symbol_date_chain_absent
MRNA,2025-07-17,exit_quote,S1,1,0,False,exact_symbol_date_chain_absent
MRNA,2025-07-17,exit_quote,S3,1,0,False,exact_symbol_date_chain_absent
MRNA,2025-07-25,contract_preselection,S1,1,0,False,exact_symbol_date_chain_absent
MRNA,2025-07-25,contract_preselection,S3,1,0,False,exact_symbol_date_chain_absent
MRNA,2025-07-28,entry_quote,S1,1,0,False,exact_symbol_date_chain_absent
MRNA,2025-07-28,entry_quote,S3,1,0,False,exact_symbol_date_chain_absent
MRNA,2025-07-29,exit_quote,S1,1,0,False,exact_symbol_date_chain_absent
MRNA,2025-07-29,exit_quote,S3,1,0,False,exact_symbol_date_chain_absent
MRNA,2025-08-06,contract_preselection,S1,1,0,False,exact_symbol_date_chain_absent
MRNA,2025-08-06,contract_preselection,S3,1,0,False,exact_symbol_date_chain_absent
MRNA,2025-08-07,entry_quote,S1,1,0,False,exact_symbol_date_chain_absent
MRNA,2025-08-07,entry_quote,S3,1,0,False,exact_symbol_date_chain_absent
MRNA,2025-08-08,exit_quote,S1,1,0,False,exact_symbol_date_chain_absent
MRNA,2025-08-08,exit_quote,S3,1,0,False,exact_symbol_date_chain_absent
MSTR,2024-01-22,contract_preselection,S1,1,2,False,S1_bounded_chain_coverage_absent
MSTR,2024-01-22,contract_preselection,S3,1,2,False,S3_bounded_chain_coverage_absent
MSTR,2024-01-23,entry_quote,S1,1,2,False,S1_bounded_chain_coverage_absent
MSTR,2024-01-23,entry_quote,S3,1,2,False,S3_bounded_chain_coverage_absent
MSTR,2024-01-24,exit_quote,S1,1,2,False,S1_bounded_chain_coverage_absent
MSTR,2024-01-24,exit_quote,S3,1,2,False,S3_bounded_chain_coverage_absent
MSTR,2024-01-26,contract_preselection,S1,1,2,False,S1_bounded_chain_coverage_absent
MSTR,2024-01-26,contract_preselection,S3,1,2,False,S3_bounded_chain_coverage_absent
MSTR,2024-01-29,entry_quote,S1,1,0,False,exact_symbol_date_chain_absent
MSTR,2024-01-29,entry_quote,S3,1,0,False,exact_symbol_date_chain_absent
MSTR,2024-01-30,exit_quote,S1,1,0,False,exact_symbol_date_chain_absent
MSTR,2024-01-30,exit_quote,S3,1,0,False,exact_symbol_date_chain_absent
MSTR,2024-02-08,contract_preselection,S1,1,0,False,exact_symbol_date_chain_absent
MSTR,2024-02-08,contract_preselection,S3,1,0,False,exact_symbol_date_chain_absent
MSTR,2024-02-09,contract_preselection;entry_quote,S1,2,0,False,exact_symbol_date_chain_absent
MSTR,2024-02-09,contract_preselection;entry_quote,S3,2,0,False,exact_symbol_date_chain_absent
MSTR,2024-02-12,entry_quote;exit_quote,S1,2,0,False,exact_symbol_date_chain_absent
MSTR,2024-02-12,entry_quote;exit_quote,S3,2,0,False,exact_symbol_date_chain_absent
MSTR,2024-02-13,exit_quote,S1,1,0,False,exact_symbol_date_chain_absent
MSTR,2024-02-13,exit_quote,S3,1,0,False,exact_symbol_date_chain_absent
MSTR,2024-02-26,contract_preselection,S1,1,0,False,exact_symbol_date_chain_absent
MSTR,2024-02-26,contract_preselection,S3,1,0,False,exact_symbol_date_chain_absent
MSTR,2024-02-27,entry_quote,S1,1,0,False,exact_symbol_date_chain_absent
MSTR,2024-02-27,entry_quote,S3,1,0,False,exact_symbol_date_chain_absent
MSTR,2024-02-28,exit_quote,S1,1,0,False,exact_symbol_date_chain_absent
MSTR,2024-02-28,exit_quote,S3,1,0,False,exact_symbol_date_chain_absent
MSTR,2024-04-01,contract_preselection,S1,1,0,False,exact_symbol_date_chain_absent
MSTR,2024-04-01,contract_preselection,S3,1,0,False,exact_symbol_date_chain_absent
MSTR,2024-04-02,entry_quote,S1,1,0,False,exact_symbol_date_chain_absent
MSTR,2024-04-02,entry_quote,S3,1,0,False,exact_symbol_date_chain_absent
MSTR,2024-04-03,exit_quote,S1,1,0,False,exact_symbol_date_chain_absent
MSTR,2024-04-03,exit_quote,S3,1,0,False,exact_symbol_date_chain_absent
MSTR,2024-04-09,contract_preselection,S1,1,0,False,exact_symbol_date_chain_absent
MSTR,2024-04-09,contract_preselection,S3,1,0,False,exact_symbol_date_chain_absent
MSTR,2024-04-10,entry_quote,S1,1,0,False,exact_symbol_date_chain_absent
MSTR,2024-04-10,entry_quote,S3,1,0,False,exact_symbol_date_chain_absent
MSTR,2024-04-11,exit_quote,S1,1,0,False,exact_symbol_date_chain_absent
MSTR,2024-04-11,exit_quote,S3,1,0,False,exact_symbol_date_chain_absent
MSTR,2024-04-17,contract_preselection,S1,1,0,False,exact_symbol_date_chain_absent
MSTR,2024-04-17,contract_preselection,S3,1,0,False,exact_symbol_date_chain_absent
MSTR,2024-04-18,entry_quote,S1,1,0,False,exact_symbol_date_chain_absent
MSTR,2024-04-18,entry_quote,S3,1,0,False,exact_symbol_date_chain_absent
MSTR,2024-04-19,exit_quote,S1,1,0,False,exact_symbol_date_chain_absent
MSTR,2024-04-19,exit_quote,S3,1,0,False,exact_symbol_date_chain_absent
MSTR,2024-05-10,contract_preselection,S1,1,0,False,exact_symbol_date_chain_absent
MSTR,2024-05-10,contract_preselection,S3,1,0,False,exact_symbol_date_chain_absent
MSTR,2024-05-13,entry_quote,S1,1,0,False,exact_symbol_date_chain_absent
MSTR,2024-05-13,entry_quote,S3,1,0,False,exact_symbol_date_chain_absent
MSTR,2024-05-14,contract_preselection;exit_quote,S1,2,0,False,exact_symbol_date_chain_absent
MSTR,2024-05-14,contract_preselection;exit_quote,S3,2,0,False,exact_symbol_date_chain_absent
MSTR,2024-05-15,entry_quote,S1,1,0,False,exact_symbol_date_chain_absent
MSTR,2024-05-15,entry_quote,S3,1,0,False,exact_symbol_date_chain_absent
MSTR,2024-05-16,exit_quote,S1,1,0,False,exact_symbol_date_chain_absent
MSTR,2024-05-16,exit_quote,S3,1,0,False,exact_symbol_date_chain_absent
MSTR,2024-05-21,contract_preselection,S1,1,0,False,exact_symbol_date_chain_absent
MSTR,2024-05-21,contract_preselection,S3,1,0,False,exact_symbol_date_chain_absent
MSTR,2024-05-22,entry_quote,S1,1,0,False,exact_symbol_date_chain_absent
MSTR,2024-05-22,entry_quote,S3,1,0,False,exact_symbol_date_chain_absent
MSTR,2024-05-23,contract_preselection;exit_quote,S1,2,0,False,exact_symbol_date_chain_absent
MSTR,2024-05-23,contract_preselection;exit_quote,S3,2,0,False,exact_symbol_date_chain_absent
MSTR,2024-05-24,entry_quote,S1,1,0,False,exact_symbol_date_chain_absent
MSTR,2024-05-24,entry_quote,S3,1,0,False,exact_symbol_date_chain_absent
MSTR,2024-05-28,exit_quote,S1,1,0,False,exact_symbol_date_chain_absent
MSTR,2024-05-28,exit_quote,S3,1,0,False,exact_symbol_date_chain_absent
MSTR,2024-05-30,contract_preselection,S1,1,0,False,exact_symbol_date_chain_absent
MSTR,2024-05-30,contract_preselection,S3,1,0,False,exact_symbol_date_chain_absent
MSTR,2024-05-31,entry_quote,S1,1,0,False,exact_symbol_date_chain_absent
MSTR,2024-05-31,entry_quote,S3,1,0,False,exact_symbol_date_chain_absent
MSTR,2024-06-03,exit_quote,S1,1,0,False,exact_symbol_date_chain_absent
MSTR,2024-06-03,exit_quote,S3,1,0,False,exact_symbol_date_chain_absent
MSTR,2024-06-18,contract_preselection,S1,1,0,False,exact_symbol_date_chain_absent
MSTR,2024-06-18,contract_preselection,S3,1,0,False,exact_symbol_date_chain_absent
MSTR,2024-06-20,entry_quote,S1,1,0,False,exact_symbol_date_chain_absent
MSTR,2024-06-20,entry_quote,S3,1,0,False,exact_symbol_date_chain_absent
MSTR,2024-06-21,exit_quote,S1,1,0,False,exact_symbol_date_chain_absent
MSTR,2024-06-21,exit_quote,S3,1,0,False,exact_symbol_date_chain_absent
MSTR,2024-07-10,contract_preselection,S1,1,0,False,exact_symbol_date_chain_absent
MSTR,2024-07-10,contract_preselection,S3,1,0,False,exact_symbol_date_chain_absent
MSTR,2024-07-11,entry_quote,S1,1,0,False,exact_symbol_date_chain_absent
MSTR,2024-07-11,entry_quote,S3,1,0,False,exact_symbol_date_chain_absent
MSTR,2024-07-12,contract_preselection;exit_quote,S1,2,0,False,exact_symbol_date_chain_absent
MSTR,2024-07-12,contract_preselection;exit_quote,S3,2,0,False,exact_symbol_date_chain_absent
MSTR,2024-07-15,entry_quote,S1,1,0,False,exact_symbol_date_chain_absent
MSTR,2024-07-15,entry_quote,S3,1,0,False,exact_symbol_date_chain_absent
MSTR,2024-07-16,contract_preselection;exit_quote,S1,2,0,False,exact_symbol_date_chain_absent
MSTR,2024-07-16,contract_preselection;exit_quote,S3,2,0,False,exact_symbol_date_chain_absent
MSTR,2024-07-17,entry_quote,S1,1,0,False,exact_symbol_date_chain_absent
MSTR,2024-07-17,entry_quote,S3,1,0,False,exact_symbol_date_chain_absent
MSTR,2024-07-18,exit_quote,S1,1,0,False,exact_symbol_date_chain_absent
MSTR,2024-07-18,exit_quote,S3,1,0,False,exact_symbol_date_chain_absent
MSTR,2024-07-22,contract_preselection,S1,1,0,False,exact_symbol_date_chain_absent
MSTR,2024-07-22,contract_preselection,S3,1,0,False,exact_symbol_date_chain_absent
MSTR,2024-07-23,entry_quote,S1,1,0,False,exact_symbol_date_chain_absent
MSTR,2024-07-23,entry_quote,S3,1,0,False,exact_symbol_date_chain_absent
MSTR,2024-07-24,exit_quote,S1,1,0,False,exact_symbol_date_chain_absent
MSTR,2024-07-24,exit_quote,S3,1,0,False,exact_symbol_date_chain_absent
MSTR,2024-07-26,contract_preselection,S1,1,0,False,exact_symbol_date_chain_absent
MSTR,2024-07-26,contract_preselection,S3,1,0,False,exact_symbol_date_chain_absent
MSTR,2024-07-29,entry_quote,S1,1,0,False,exact_symbol_date_chain_absent
MSTR,2024-07-29,entry_quote,S3,1,0,False,exact_symbol_date_chain_absent
MSTR,2024-07-30,exit_quote,S1,1,0,False,exact_symbol_date_chain_absent
MSTR,2024-07-30,exit_quote,S3,1,0,False,exact_symbol_date_chain_absent
MSTR,2024-08-01,contract_preselection,S1,1,0,False,exact_symbol_date_chain_absent
MSTR,2024-08-01,contract_preselection,S3,1,0,False,exact_symbol_date_chain_absent
MSTR,2024-08-02,entry_quote,S1,1,0,False,exact_symbol_date_chain_absent
MSTR,2024-08-02,entry_quote,S3,1,0,False,exact_symbol_date_chain_absent
MSTR,2024-08-05,exit_quote,S1,1,0,False,exact_symbol_date_chain_absent
MSTR,2024-08-05,exit_quote,S3,1,0,False,exact_symbol_date_chain_absent
MSTR,2025-01-21,contract_preselection,S1,1,0,False,exact_symbol_date_chain_absent
MSTR,2025-01-21,contract_preselection,S3,1,0,False,exact_symbol_date_chain_absent
MSTR,2025-01-22,entry_quote,S1,1,0,False,exact_symbol_date_chain_absent
MSTR,2025-01-22,entry_quote,S3,1,0,False,exact_symbol_date_chain_absent
MSTR,2025-01-23,exit_quote,S1,1,0,False,exact_symbol_date_chain_absent
MSTR,2025-01-23,exit_quote,S3,1,0,False,exact_symbol_date_chain_absent
MSTR,2025-02-10,contract_preselection,S1,1,0,False,exact_symbol_date_chain_absent
MSTR,2025-02-10,contract_preselection,S3,1,0,False,exact_symbol_date_chain_absent
MSTR,2025-02-11,entry_quote,S1,1,0,False,exact_symbol_date_chain_absent
MSTR,2025-02-11,entry_quote,S3,1,0,False,exact_symbol_date_chain_absent
MSTR,2025-02-12,exit_quote,S1,1,0,False,exact_symbol_date_chain_absent
MSTR,2025-02-12,exit_quote,S3,1,0,False,exact_symbol_date_chain_absent
MSTR,2025-02-13,contract_preselection,S1,1,0,False,exact_symbol_date_chain_absent
MSTR,2025-02-13,contract_preselection,S3,1,0,False,exact_symbol_date_chain_absent
MSTR,2025-02-14,entry_quote,S1,1,0,False,exact_symbol_date_chain_absent
MSTR,2025-02-14,entry_quote,S3,1,0,False,exact_symbol_date_chain_absent
MSTR,2025-02-18,exit_quote,S1,1,0,False,exact_symbol_date_chain_absent
MSTR,2025-02-18,exit_quote,S3,1,0,False,exact_symbol_date_chain_absent
MSTR,2025-03-17,contract_preselection,S1,1,0,False,exact_symbol_date_chain_absent
MSTR,2025-03-17,contract_preselection,S3,1,0,False,exact_symbol_date_chain_absent
MSTR,2025-03-18,entry_quote,S1,1,0,False,exact_symbol_date_chain_absent
MSTR,2025-03-18,entry_quote,S3,1,0,False,exact_symbol_date_chain_absent
MSTR,2025-03-19,exit_quote,S1,1,0,False,exact_symbol_date_chain_absent
MSTR,2025-03-19,exit_quote,S3,1,0,False,exact_symbol_date_chain_absent
MSTR,2025-03-20,contract_preselection,S1,1,0,False,exact_symbol_date_chain_absent
MSTR,2025-03-20,contract_preselection,S3,1,0,False,exact_symbol_date_chain_absent
MSTR,2025-03-21,entry_quote,S1,1,0,False,exact_symbol_date_chain_absent
MSTR,2025-03-21,entry_quote,S3,1,0,False,exact_symbol_date_chain_absent
MSTR,2025-03-24,contract_preselection;exit_quote,S1,2,0,False,exact_symbol_date_chain_absent
MSTR,2025-03-24,contract_preselection;exit_quote,S3,2,0,False,exact_symbol_date_chain_absent
MSTR,2025-03-25,entry_quote,S1,1,0,False,exact_symbol_date_chain_absent
MSTR,2025-03-25,entry_quote,S3,1,0,False,exact_symbol_date_chain_absent
MSTR,2025-03-26,contract_preselection;exit_quote,S1,2,0,False,exact_symbol_date_chain_absent
MSTR,2025-03-26,contract_preselection;exit_quote,S3,2,0,False,exact_symbol_date_chain_absent
MSTR,2025-03-27,entry_quote,S1,1,0,False,exact_symbol_date_chain_absent
MSTR,2025-03-27,entry_quote,S3,1,0,False,exact_symbol_date_chain_absent
MSTR,2025-03-28,exit_quote,S1,1,0,False,exact_symbol_date_chain_absent
MSTR,2025-03-28,exit_quote,S3,1,0,False,exact_symbol_date_chain_absent
MSTR,2025-03-31,contract_preselection,S1,1,0,False,exact_symbol_date_chain_absent
MSTR,2025-03-31,contract_preselection,S3,1,0,False,exact_symbol_date_chain_absent
MSTR,2025-04-01,contract_preselection;entry_quote,S1,2,0,False,exact_symbol_date_chain_absent
MSTR,2025-04-01,contract_preselection;entry_quote,S3,2,0,False,exact_symbol_date_chain_absent
MSTR,2025-04-02,entry_quote;exit_quote,S1,2,0,False,exact_symbol_date_chain_absent
MSTR,2025-04-02,entry_quote;exit_quote,S3,2,0,False,exact_symbol_date_chain_absent
MSTR,2025-04-03,exit_quote,S1,1,0,False,exact_symbol_date_chain_absent
MSTR,2025-04-03,exit_quote,S3,1,0,False,exact_symbol_date_chain_absent
MSTR,2025-05-13,contract_preselection,S1,1,0,False,exact_symbol_date_chain_absent
MSTR,2025-05-13,contract_preselection,S3,1,0,False,exact_symbol_date_chain_absent
MSTR,2025-05-14,entry_quote,S1,1,0,False,exact_symbol_date_chain_absent
MSTR,2025-05-14,entry_quote,S3,1,0,False,exact_symbol_date_chain_absent
MSTR,2025-05-15,contract_preselection;exit_quote,S1,2,0,False,exact_symbol_date_chain_absent
MSTR,2025-05-15,contract_preselection;exit_quote,S3,2,0,False,exact_symbol_date_chain_absent
MSTR,2025-05-16,entry_quote,S1,1,0,False,exact_symbol_date_chain_absent
MSTR,2025-05-16,entry_quote,S3,1,0,False,exact_symbol_date_chain_absent
MSTR,2025-05-19,exit_quote,S1,1,0,False,exact_symbol_date_chain_absent
MSTR,2025-05-19,exit_quote,S3,1,0,False,exact_symbol_date_chain_absent
MSTR,2025-05-29,contract_preselection,S1,1,0,False,exact_symbol_date_chain_absent
MSTR,2025-05-29,contract_preselection,S3,1,0,False,exact_symbol_date_chain_absent
MSTR,2025-05-30,entry_quote,S1,1,0,False,exact_symbol_date_chain_absent
MSTR,2025-05-30,entry_quote,S3,1,0,False,exact_symbol_date_chain_absent
MSTR,2025-06-02,contract_preselection;exit_quote,S1,2,0,False,exact_symbol_date_chain_absent
MSTR,2025-06-02,contract_preselection;exit_quote,S3,2,0,False,exact_symbol_date_chain_absent
MSTR,2025-06-03,contract_preselection;entry_quote,S1,2,0,False,exact_symbol_date_chain_absent
MSTR,2025-06-03,contract_preselection;entry_quote,S3,2,0,False,exact_symbol_date_chain_absent
MSTR,2025-06-04,entry_quote;exit_quote,S1,2,0,False,exact_symbol_date_chain_absent
MSTR,2025-06-04,entry_quote;exit_quote,S3,2,0,False,exact_symbol_date_chain_absent
MSTR,2025-06-05,contract_preselection;exit_quote,S1,2,0,False,exact_symbol_date_chain_absent
MSTR,2025-06-05,contract_preselection;exit_quote,S3,2,0,False,exact_symbol_date_chain_absent
MSTR,2025-06-06,entry_quote,S1,1,0,False,exact_symbol_date_chain_absent
MSTR,2025-06-06,entry_quote,S3,1,0,False,exact_symbol_date_chain_absent
MSTR,2025-06-09,exit_quote,S1,1,0,False,exact_symbol_date_chain_absent
MSTR,2025-06-09,exit_quote,S3,1,0,False,exact_symbol_date_chain_absent
MSTR,2025-07-03,contract_preselection,S1,1,0,False,exact_symbol_date_chain_absent
MSTR,2025-07-03,contract_preselection,S3,1,0,False,exact_symbol_date_chain_absent
MSTR,2025-07-07,entry_quote,S1,1,0,False,exact_symbol_date_chain_absent
MSTR,2025-07-07,entry_quote,S3,1,0,False,exact_symbol_date_chain_absent
MSTR,2025-07-08,exit_quote,S1,1,0,False,exact_symbol_date_chain_absent
MSTR,2025-07-08,exit_quote,S3,1,0,False,exact_symbol_date_chain_absent
MSTR,2025-07-11,contract_preselection,S1,1,0,False,exact_symbol_date_chain_absent
MSTR,2025-07-11,contract_preselection,S3,1,0,False,exact_symbol_date_chain_absent
MSTR,2025-07-14,entry_quote,S1,1,0,False,exact_symbol_date_chain_absent
MSTR,2025-07-14,entry_quote,S3,1,0,False,exact_symbol_date_chain_absent
MSTR,2025-07-15,exit_quote,S1,1,0,False,exact_symbol_date_chain_absent
MSTR,2025-07-15,exit_quote,S3,1,0,False,exact_symbol_date_chain_absent
MSTR,2025-07-17,contract_preselection,S1,1,0,False,exact_symbol_date_chain_absent
MSTR,2025-07-17,contract_preselection,S3,1,0,False,exact_symbol_date_chain_absent
MSTR,2025-07-18,entry_quote,S1,1,0,False,exact_symbol_date_chain_absent
MSTR,2025-07-18,entry_quote,S3,1,0,False,exact_symbol_date_chain_absent
MSTR,2025-07-21,contract_preselection;exit_quote,S1,2,0,False,exact_symbol_date_chain_absent
MSTR,2025-07-21,contract_preselection;exit_quote,S3,2,0,False,exact_symbol_date_chain_absent
MSTR,2025-07-22,entry_quote,S1,1,0,False,exact_symbol_date_chain_absent
MSTR,2025-07-22,entry_quote,S3,1,0,False,exact_symbol_date_chain_absent
MSTR,2025-07-23,exit_quote,S1,1,0,False,exact_symbol_date_chain_absent
MSTR,2025-07-23,exit_quote,S3,1,0,False,exact_symbol_date_chain_absent
MSTR,2025-08-05,contract_preselection,S1,1,0,False,exact_symbol_date_chain_absent
MSTR,2025-08-05,contract_preselection,S3,1,0,False,exact_symbol_date_chain_absent
MSTR,2025-08-06,entry_quote,S1,1,0,False,exact_symbol_date_chain_absent
MSTR,2025-08-06,entry_quote,S3,1,0,False,exact_symbol_date_chain_absent
MSTR,2025-08-07,contract_preselection;exit_quote,S1,2,0,False,exact_symbol_date_chain_absent
MSTR,2025-08-07,contract_preselection;exit_quote,S3,2,0,False,exact_symbol_date_chain_absent
MSTR,2025-08-08,entry_quote,S1,1,0,False,exact_symbol_date_chain_absent
MSTR,2025-08-08,entry_quote,S3,1,0,False,exact_symbol_date_chain_absent
MSTR,2025-08-11,exit_quote,S1,1,0,False,exact_symbol_date_chain_absent
MSTR,2025-08-11,exit_quote,S3,1,0,False,exact_symbol_date_chain_absent
NVTS,2024-02-01,contract_preselection,S1,1,0,False,exact_symbol_date_chain_absent
NVTS,2024-02-01,contract_preselection,S3,1,0,False,exact_symbol_date_chain_absent
NVTS,2024-02-02,entry_quote,S1,1,0,False,exact_symbol_date_chain_absent
NVTS,2024-02-02,entry_quote,S3,1,0,False,exact_symbol_date_chain_absent
NVTS,2024-02-05,exit_quote,S1,1,0,False,exact_symbol_date_chain_absent
NVTS,2024-02-05,exit_quote,S3,1,0,False,exact_symbol_date_chain_absent
NVTS,2024-02-09,contract_preselection,S1,1,0,False,exact_symbol_date_chain_absent
NVTS,2024-02-09,contract_preselection,S3,1,0,False,exact_symbol_date_chain_absent
NVTS,2024-02-12,entry_quote,S1,1,0,False,exact_symbol_date_chain_absent
NVTS,2024-02-12,entry_quote,S3,1,0,False,exact_symbol_date_chain_absent
NVTS,2024-02-13,exit_quote,S1,1,0,False,exact_symbol_date_chain_absent
NVTS,2024-02-13,exit_quote,S3,1,0,False,exact_symbol_date_chain_absent
NVTS,2024-02-16,contract_preselection,S1,1,0,False,exact_symbol_date_chain_absent
NVTS,2024-02-16,contract_preselection,S3,1,0,False,exact_symbol_date_chain_absent
NVTS,2024-02-20,entry_quote,S1,1,0,False,exact_symbol_date_chain_absent
NVTS,2024-02-20,entry_quote,S3,1,0,False,exact_symbol_date_chain_absent
NVTS,2024-02-21,contract_preselection;exit_quote,S1,2,0,False,exact_symbol_date_chain_absent
NVTS,2024-02-21,contract_preselection;exit_quote,S3,2,0,False,exact_symbol_date_chain_absent
NVTS,2024-02-22,entry_quote,S1,1,0,False,exact_symbol_date_chain_absent
NVTS,2024-02-22,entry_quote,S3,1,0,False,exact_symbol_date_chain_absent
NVTS,2024-02-23,exit_quote,S1,1,0,False,exact_symbol_date_chain_absent
NVTS,2024-02-23,exit_quote,S3,1,0,False,exact_symbol_date_chain_absent
NVTS,2024-03-20,contract_preselection,S1,1,0,False,exact_symbol_date_chain_absent
NVTS,2024-03-20,contract_preselection,S3,1,0,False,exact_symbol_date_chain_absent
NVTS,2024-03-21,entry_quote,S1,1,0,False,exact_symbol_date_chain_absent
NVTS,2024-03-21,entry_quote,S3,1,0,False,exact_symbol_date_chain_absent
NVTS,2024-03-22,exit_quote,S1,1,0,False,exact_symbol_date_chain_absent
NVTS,2024-03-22,exit_quote,S3,1,0,False,exact_symbol_date_chain_absent
NVTS,2024-04-05,contract_preselection,S1,1,0,False,exact_symbol_date_chain_absent
NVTS,2024-04-05,contract_preselection,S3,1,0,False,exact_symbol_date_chain_absent
NVTS,2024-04-08,entry_quote,S1,1,0,False,exact_symbol_date_chain_absent
NVTS,2024-04-08,entry_quote,S3,1,0,False,exact_symbol_date_chain_absent
NVTS,2024-04-09,exit_quote,S1,1,0,False,exact_symbol_date_chain_absent
NVTS,2024-04-09,exit_quote,S3,1,0,False,exact_symbol_date_chain_absent
NVTS,2024-05-01,contract_preselection,S1,1,0,False,exact_symbol_date_chain_absent
NVTS,2024-05-01,contract_preselection,S3,1,0,False,exact_symbol_date_chain_absent
NVTS,2024-05-02,entry_quote,S1,1,0,False,exact_symbol_date_chain_absent
NVTS,2024-05-02,entry_quote,S3,1,0,False,exact_symbol_date_chain_absent
NVTS,2024-05-03,exit_quote,S1,1,0,False,exact_symbol_date_chain_absent
NVTS,2024-05-03,exit_quote,S3,1,0,False,exact_symbol_date_chain_absent
NVTS,2024-05-06,contract_preselection,S1,1,0,False,exact_symbol_date_chain_absent
NVTS,2024-05-06,contract_preselection,S3,1,0,False,exact_symbol_date_chain_absent
NVTS,2024-05-07,entry_quote,S1,1,0,False,exact_symbol_date_chain_absent
NVTS,2024-05-07,entry_quote,S3,1,0,False,exact_symbol_date_chain_absent
NVTS,2024-05-08,exit_quote,S1,1,0,False,exact_symbol_date_chain_absent
NVTS,2024-05-08,exit_quote,S3,1,0,False,exact_symbol_date_chain_absent
NVTS,2024-05-15,contract_preselection,S1,1,0,False,exact_symbol_date_chain_absent
NVTS,2024-05-15,contract_preselection,S3,1,0,False,exact_symbol_date_chain_absent
NVTS,2024-05-16,entry_quote,S1,1,0,False,exact_symbol_date_chain_absent
NVTS,2024-05-16,entry_quote,S3,1,0,False,exact_symbol_date_chain_absent
NVTS,2024-05-17,exit_quote,S1,1,0,False,exact_symbol_date_chain_absent
NVTS,2024-05-17,exit_quote,S3,1,0,False,exact_symbol_date_chain_absent
NVTS,2024-05-24,contract_preselection,S1,1,0,False,exact_symbol_date_chain_absent
NVTS,2024-05-24,contract_preselection,S3,1,0,False,exact_symbol_date_chain_absent
NVTS,2024-05-28,contract_preselection;entry_quote,S1,2,0,False,exact_symbol_date_chain_absent
NVTS,2024-05-28,contract_preselection;entry_quote,S3,2,0,False,exact_symbol_date_chain_absent
NVTS,2024-05-29,entry_quote;exit_quote,S1,2,0,False,exact_symbol_date_chain_absent
NVTS,2024-05-29,entry_quote;exit_quote,S3,2,0,False,exact_symbol_date_chain_absent
NVTS,2024-05-30,exit_quote,S1,1,0,False,exact_symbol_date_chain_absent
NVTS,2024-05-30,exit_quote,S3,1,0,False,exact_symbol_date_chain_absent
NVTS,2024-05-31,contract_preselection,S1,1,0,False,exact_symbol_date_chain_absent
NVTS,2024-05-31,contract_preselection,S3,1,0,False,exact_symbol_date_chain_absent
NVTS,2024-06-03,entry_quote,S1,1,0,False,exact_symbol_date_chain_absent
NVTS,2024-06-03,entry_quote,S3,1,0,False,exact_symbol_date_chain_absent
NVTS,2024-06-04,exit_quote,S1,1,0,False,exact_symbol_date_chain_absent
NVTS,2024-06-04,exit_quote,S3,1,0,False,exact_symbol_date_chain_absent
NVTS,2024-06-05,contract_preselection,S1,1,0,False,exact_symbol_date_chain_absent
NVTS,2024-06-05,contract_preselection,S3,1,0,False,exact_symbol_date_chain_absent
NVTS,2024-06-06,contract_preselection;entry_quote,S1,2,0,False,exact_symbol_date_chain_absent
NVTS,2024-06-06,contract_preselection;entry_quote,S3,2,0,False,exact_symbol_date_chain_absent
NVTS,2024-06-07,contract_preselection;entry_quote;exit_quote,S1,3,0,False,exact_symbol_date_chain_absent
NVTS,2024-06-07,contract_preselection;entry_quote;exit_quote,S3,3,0,False,exact_symbol_date_chain_absent
NVTS,2024-06-10,entry_quote;exit_quote,S1,2,0,False,exact_symbol_date_chain_absent
NVTS,2024-06-10,entry_quote;exit_quote,S3,2,0,False,exact_symbol_date_chain_absent
NVTS,2024-06-11,exit_quote,S1,1,0,False,exact_symbol_date_chain_absent
NVTS,2024-06-11,exit_quote,S3,1,0,False,exact_symbol_date_chain_absent
NVTS,2024-06-21,contract_preselection,S1,1,0,False,exact_symbol_date_chain_absent
NVTS,2024-06-21,contract_preselection,S3,1,0,False,exact_symbol_date_chain_absent
NVTS,2024-06-24,entry_quote,S1,1,0,False,exact_symbol_date_chain_absent
NVTS,2024-06-24,entry_quote,S3,1,0,False,exact_symbol_date_chain_absent
NVTS,2024-06-25,exit_quote,S1,1,0,False,exact_symbol_date_chain_absent
NVTS,2024-06-25,exit_quote,S3,1,0,False,exact_symbol_date_chain_absent
NVTS,2024-07-03,contract_preselection,S1,1,0,False,exact_symbol_date_chain_absent
NVTS,2024-07-03,contract_preselection,S3,1,0,False,exact_symbol_date_chain_absent
NVTS,2024-07-05,contract_preselection;entry_quote,S1,2,0,False,exact_symbol_date_chain_absent
NVTS,2024-07-05,contract_preselection;entry_quote,S3,2,0,False,exact_symbol_date_chain_absent
NVTS,2024-07-08,entry_quote;exit_quote,S1,2,0,False,exact_symbol_date_chain_absent
NVTS,2024-07-08,entry_quote;exit_quote,S3,2,0,False,exact_symbol_date_chain_absent
NVTS,2024-07-09,exit_quote,S1,1,0,False,exact_symbol_date_chain_absent
NVTS,2024-07-09,exit_quote,S3,1,0,False,exact_symbol_date_chain_absent
NVTS,2024-07-10,contract_preselection,S1,1,0,False,exact_symbol_date_chain_absent
NVTS,2024-07-10,contract_preselection,S3,1,0,False,exact_symbol_date_chain_absent
NVTS,2024-07-11,entry_quote,S1,1,0,False,exact_symbol_date_chain_absent
NVTS,2024-07-11,entry_quote,S3,1,0,False,exact_symbol_date_chain_absent
NVTS,2024-07-12,exit_quote,S1,1,0,False,exact_symbol_date_chain_absent
NVTS,2024-07-12,exit_quote,S3,1,0,False,exact_symbol_date_chain_absent
NVTS,2024-07-22,contract_preselection,S1,1,0,False,exact_symbol_date_chain_absent
NVTS,2024-07-22,contract_preselection,S3,1,0,False,exact_symbol_date_chain_absent
NVTS,2024-07-23,entry_quote,S1,1,0,False,exact_symbol_date_chain_absent
NVTS,2024-07-23,entry_quote,S3,1,0,False,exact_symbol_date_chain_absent
NVTS,2024-07-24,exit_quote,S1,1,0,False,exact_symbol_date_chain_absent
NVTS,2024-07-24,exit_quote,S3,1,0,False,exact_symbol_date_chain_absent
NVTS,2024-08-06,contract_preselection,S1,1,0,False,exact_symbol_date_chain_absent
NVTS,2024-08-06,contract_preselection,S3,1,0,False,exact_symbol_date_chain_absent
NVTS,2024-08-07,entry_quote,S1,1,0,False,exact_symbol_date_chain_absent
NVTS,2024-08-07,entry_quote,S3,1,0,False,exact_symbol_date_chain_absent
NVTS,2024-08-08,exit_quote,S1,1,0,False,exact_symbol_date_chain_absent
NVTS,2024-08-08,exit_quote,S3,1,0,False,exact_symbol_date_chain_absent
NVTS,2024-08-09,contract_preselection,S1,1,0,False,exact_symbol_date_chain_absent
NVTS,2024-08-09,contract_preselection,S3,1,0,False,exact_symbol_date_chain_absent
NVTS,2024-08-12,entry_quote,S1,1,0,False,exact_symbol_date_chain_absent
NVTS,2024-08-12,entry_quote,S3,1,0,False,exact_symbol_date_chain_absent
NVTS,2024-08-13,exit_quote,S1,1,0,False,exact_symbol_date_chain_absent
NVTS,2024-08-13,exit_quote,S3,1,0,False,exact_symbol_date_chain_absent
NVTS,2024-08-16,contract_preselection,S1,1,0,False,exact_symbol_date_chain_absent
NVTS,2024-08-16,contract_preselection,S3,1,0,False,exact_symbol_date_chain_absent
NVTS,2024-08-19,contract_preselection;entry_quote,S1,2,0,False,exact_symbol_date_chain_absent
NVTS,2024-08-19,contract_preselection;entry_quote,S3,2,0,False,exact_symbol_date_chain_absent
NVTS,2024-08-20,entry_quote;exit_quote,S1,2,0,False,exact_symbol_date_chain_absent
NVTS,2024-08-20,entry_quote;exit_quote,S3,2,0,False,exact_symbol_date_chain_absent
NVTS,2024-08-21,exit_quote,S1,1,0,False,exact_symbol_date_chain_absent
NVTS,2024-08-21,exit_quote,S3,1,0,False,exact_symbol_date_chain_absent
NVTS,2024-08-22,contract_preselection,S1,1,0,False,exact_symbol_date_chain_absent
NVTS,2024-08-22,contract_preselection,S3,1,0,False,exact_symbol_date_chain_absent
NVTS,2024-08-23,entry_quote,S1,1,0,False,exact_symbol_date_chain_absent
NVTS,2024-08-23,entry_quote,S3,1,0,False,exact_symbol_date_chain_absent
NVTS,2024-08-26,exit_quote,S1,1,0,False,exact_symbol_date_chain_absent
NVTS,2024-08-26,exit_quote,S3,1,0,False,exact_symbol_date_chain_absent
NVTS,2024-08-27,contract_preselection,S1,1,0,False,exact_symbol_date_chain_absent
NVTS,2024-08-27,contract_preselection,S3,1,0,False,exact_symbol_date_chain_absent
NVTS,2024-08-28,entry_quote,S1,1,0,False,exact_symbol_date_chain_absent
NVTS,2024-08-28,entry_quote,S3,1,0,False,exact_symbol_date_chain_absent
NVTS,2024-08-29,contract_preselection;exit_quote,S1,2,0,False,exact_symbol_date_chain_absent
NVTS,2024-08-29,contract_preselection;exit_quote,S3,2,0,False,exact_symbol_date_chain_absent
NVTS,2024-08-30,entry_quote,S1,1,0,False,exact_symbol_date_chain_absent
NVTS,2024-08-30,entry_quote,S3,1,0,False,exact_symbol_date_chain_absent
NVTS,2024-09-03,exit_quote,S1,1,0,False,exact_symbol_date_chain_absent
NVTS,2024-09-03,exit_quote,S3,1,0,False,exact_symbol_date_chain_absent
NVTS,2024-09-05,contract_preselection,S1,1,0,False,exact_symbol_date_chain_absent
NVTS,2024-09-05,contract_preselection,S3,1,0,False,exact_symbol_date_chain_absent
NVTS,2024-09-06,entry_quote,S1,1,0,False,exact_symbol_date_chain_absent
NVTS,2024-09-06,entry_quote,S3,1,0,False,exact_symbol_date_chain_absent
NVTS,2024-09-09,exit_quote,S1,1,0,False,exact_symbol_date_chain_absent
NVTS,2024-09-09,exit_quote,S3,1,0,False,exact_symbol_date_chain_absent
NVTS,2024-09-10,contract_preselection,S1,1,0,False,exact_symbol_date_chain_absent
NVTS,2024-09-10,contract_preselection,S3,1,0,False,exact_symbol_date_chain_absent
NVTS,2024-09-11,entry_quote,S1,1,0,False,exact_symbol_date_chain_absent
NVTS,2024-09-11,entry_quote,S3,1,0,False,exact_symbol_date_chain_absent
NVTS,2024-09-12,exit_quote,S1,1,0,False,exact_symbol_date_chain_absent
NVTS,2024-09-12,exit_quote,S3,1,0,False,exact_symbol_date_chain_absent
NVTS,2024-09-19,contract_preselection,S1,1,0,False,exact_symbol_date_chain_absent
NVTS,2024-09-19,contract_preselection,S3,1,0,False,exact_symbol_date_chain_absent
NVTS,2024-09-20,entry_quote,S1,1,0,False,exact_symbol_date_chain_absent
NVTS,2024-09-20,entry_quote,S3,1,0,False,exact_symbol_date_chain_absent
NVTS,2024-09-23,exit_quote,S1,1,0,False,exact_symbol_date_chain_absent
NVTS,2024-09-23,exit_quote,S3,1,0,False,exact_symbol_date_chain_absent
NVTS,2024-10-10,contract_preselection,S1,1,0,False,exact_symbol_date_chain_absent
NVTS,2024-10-10,contract_preselection,S3,1,0,False,exact_symbol_date_chain_absent
NVTS,2024-10-11,entry_quote,S1,1,0,False,exact_symbol_date_chain_absent
NVTS,2024-10-11,entry_quote,S3,1,0,False,exact_symbol_date_chain_absent
NVTS,2024-10-14,exit_quote,S1,1,0,False,exact_symbol_date_chain_absent
NVTS,2024-10-14,exit_quote,S3,1,0,False,exact_symbol_date_chain_absent
NVTS,2024-10-22,contract_preselection,S1,1,0,False,exact_symbol_date_chain_absent
NVTS,2024-10-22,contract_preselection,S3,1,0,False,exact_symbol_date_chain_absent
NVTS,2024-10-23,contract_preselection;entry_quote,S1,2,0,False,exact_symbol_date_chain_absent
NVTS,2024-10-23,contract_preselection;entry_quote,S3,2,0,False,exact_symbol_date_chain_absent
NVTS,2024-10-24,entry_quote;exit_quote,S1,2,0,False,exact_symbol_date_chain_absent
NVTS,2024-10-24,entry_quote;exit_quote,S3,2,0,False,exact_symbol_date_chain_absent
NVTS,2024-10-25,exit_quote,S1,1,0,False,exact_symbol_date_chain_absent
NVTS,2024-10-25,exit_quote,S3,1,0,False,exact_symbol_date_chain_absent
NVTS,2024-11-18,contract_preselection,S1,1,0,False,exact_symbol_date_chain_absent
NVTS,2024-11-18,contract_preselection,S3,1,0,False,exact_symbol_date_chain_absent
NVTS,2024-11-19,contract_preselection;entry_quote,S1,2,0,False,exact_symbol_date_chain_absent
NVTS,2024-11-19,contract_preselection;entry_quote,S3,2,0,False,exact_symbol_date_chain_absent
NVTS,2024-11-20,entry_quote;exit_quote,S1,2,0,False,exact_symbol_date_chain_absent
NVTS,2024-11-20,entry_quote;exit_quote,S3,2,0,False,exact_symbol_date_chain_absent
NVTS,2024-11-21,exit_quote,S1,1,0,False,exact_symbol_date_chain_absent
NVTS,2024-11-21,exit_quote,S3,1,0,False,exact_symbol_date_chain_absent
NVTS,2024-12-24,contract_preselection,S1,1,0,False,exact_symbol_date_chain_absent
NVTS,2024-12-24,contract_preselection,S3,1,0,False,exact_symbol_date_chain_absent
NVTS,2024-12-26,entry_quote,S1,1,0,False,exact_symbol_date_chain_absent
NVTS,2024-12-26,entry_quote,S3,1,0,False,exact_symbol_date_chain_absent
NVTS,2024-12-27,exit_quote,S1,1,0,False,exact_symbol_date_chain_absent
NVTS,2024-12-27,exit_quote,S3,1,0,False,exact_symbol_date_chain_absent
NVTS,2024-12-30,contract_preselection,S1,1,0,False,exact_symbol_date_chain_absent
NVTS,2024-12-30,contract_preselection,S3,1,0,False,exact_symbol_date_chain_absent
NVTS,2024-12-31,contract_preselection;entry_quote,S1,2,0,False,exact_symbol_date_chain_absent
NVTS,2024-12-31,contract_preselection;entry_quote,S3,2,0,False,exact_symbol_date_chain_absent
NVTS,2025-01-02,entry_quote;exit_quote,S1,2,0,False,exact_symbol_date_chain_absent
NVTS,2025-01-02,entry_quote;exit_quote,S3,2,0,False,exact_symbol_date_chain_absent
NVTS,2025-01-03,exit_quote,S1,1,0,False,exact_symbol_date_chain_absent
NVTS,2025-01-03,exit_quote,S3,1,0,False,exact_symbol_date_chain_absent
NVTS,2025-01-14,contract_preselection,S1,1,0,False,exact_symbol_date_chain_absent
NVTS,2025-01-14,contract_preselection,S3,1,0,False,exact_symbol_date_chain_absent
NVTS,2025-01-15,entry_quote,S1,1,0,False,exact_symbol_date_chain_absent
NVTS,2025-01-15,entry_quote,S3,1,0,False,exact_symbol_date_chain_absent
NVTS,2025-01-16,exit_quote,S1,1,0,False,exact_symbol_date_chain_absent
NVTS,2025-01-16,exit_quote,S3,1,0,False,exact_symbol_date_chain_absent
NVTS,2025-01-22,contract_preselection,S1,1,0,False,exact_symbol_date_chain_absent
NVTS,2025-01-22,contract_preselection,S3,1,0,False,exact_symbol_date_chain_absent
NVTS,2025-01-23,entry_quote,S1,1,0,False,exact_symbol_date_chain_absent
NVTS,2025-01-23,entry_quote,S3,1,0,False,exact_symbol_date_chain_absent
NVTS,2025-01-24,exit_quote,S1,1,0,False,exact_symbol_date_chain_absent
NVTS,2025-01-24,exit_quote,S3,1,0,False,exact_symbol_date_chain_absent
NVTS,2025-01-29,contract_preselection,S1,1,0,False,exact_symbol_date_chain_absent
NVTS,2025-01-29,contract_preselection,S3,1,0,False,exact_symbol_date_chain_absent
NVTS,2025-01-30,entry_quote,S1,1,0,False,exact_symbol_date_chain_absent
NVTS,2025-01-30,entry_quote,S3,1,0,False,exact_symbol_date_chain_absent
NVTS,2025-01-31,exit_quote,S1,1,0,False,exact_symbol_date_chain_absent
NVTS,2025-01-31,exit_quote,S3,1,0,False,exact_symbol_date_chain_absent
NVTS,2025-02-04,contract_preselection,S1,1,0,False,exact_symbol_date_chain_absent
NVTS,2025-02-04,contract_preselection,S3,1,0,False,exact_symbol_date_chain_absent
NVTS,2025-02-05,entry_quote,S1,1,0,False,exact_symbol_date_chain_absent
NVTS,2025-02-05,entry_quote,S3,1,0,False,exact_symbol_date_chain_absent
NVTS,2025-02-06,exit_quote,S1,1,0,False,exact_symbol_date_chain_absent
NVTS,2025-02-06,exit_quote,S3,1,0,False,exact_symbol_date_chain_absent
NVTS,2025-03-06,contract_preselection,S1,1,0,False,exact_symbol_date_chain_absent
NVTS,2025-03-06,contract_preselection,S3,1,0,False,exact_symbol_date_chain_absent
NVTS,2025-03-07,entry_quote,S1,1,0,False,exact_symbol_date_chain_absent
NVTS,2025-03-07,entry_quote,S3,1,0,False,exact_symbol_date_chain_absent
NVTS,2025-03-10,exit_quote,S1,1,0,False,exact_symbol_date_chain_absent
NVTS,2025-03-10,exit_quote,S3,1,0,False,exact_symbol_date_chain_absent
NVTS,2025-03-14,contract_preselection,S1,1,0,False,exact_symbol_date_chain_absent
NVTS,2025-03-14,contract_preselection,S3,1,0,False,exact_symbol_date_chain_absent
NVTS,2025-03-17,entry_quote,S1,1,0,False,exact_symbol_date_chain_absent
NVTS,2025-03-17,entry_quote,S3,1,0,False,exact_symbol_date_chain_absent
NVTS,2025-03-18,exit_quote,S1,1,0,False,exact_symbol_date_chain_absent
NVTS,2025-03-18,exit_quote,S3,1,0,False,exact_symbol_date_chain_absent
NVTS,2025-03-19,contract_preselection,S1,1,0,False,exact_symbol_date_chain_absent
NVTS,2025-03-19,contract_preselection,S3,1,0,False,exact_symbol_date_chain_absent
NVTS,2025-03-20,entry_quote,S1,1,0,False,exact_symbol_date_chain_absent
NVTS,2025-03-20,entry_quote,S3,1,0,False,exact_symbol_date_chain_absent
NVTS,2025-03-21,exit_quote,S1,1,0,False,exact_symbol_date_chain_absent
NVTS,2025-03-21,exit_quote,S3,1,0,False,exact_symbol_date_chain_absent
NVTS,2025-03-24,contract_preselection,S1,1,0,False,exact_symbol_date_chain_absent
NVTS,2025-03-24,contract_preselection,S3,1,0,False,exact_symbol_date_chain_absent
NVTS,2025-03-25,entry_quote,S1,1,0,False,exact_symbol_date_chain_absent
NVTS,2025-03-25,entry_quote,S3,1,0,False,exact_symbol_date_chain_absent
NVTS,2025-03-26,exit_quote,S1,1,0,False,exact_symbol_date_chain_absent
NVTS,2025-03-26,exit_quote,S3,1,0,False,exact_symbol_date_chain_absent
NVTS,2025-03-31,contract_preselection,S1,1,0,False,exact_symbol_date_chain_absent
NVTS,2025-03-31,contract_preselection,S3,1,0,False,exact_symbol_date_chain_absent
NVTS,2025-04-01,entry_quote,S1,1,0,False,exact_symbol_date_chain_absent
NVTS,2025-04-01,entry_quote,S3,1,0,False,exact_symbol_date_chain_absent
NVTS,2025-04-02,exit_quote,S1,1,0,False,exact_symbol_date_chain_absent
NVTS,2025-04-02,exit_quote,S3,1,0,False,exact_symbol_date_chain_absent
NVTS,2025-04-25,contract_preselection,S1,1,0,False,exact_symbol_date_chain_absent
NVTS,2025-04-25,contract_preselection,S3,1,0,False,exact_symbol_date_chain_absent
NVTS,2025-04-28,entry_quote,S1,1,0,False,exact_symbol_date_chain_absent
NVTS,2025-04-28,entry_quote,S3,1,0,False,exact_symbol_date_chain_absent
NVTS,2025-04-29,contract_preselection;exit_quote,S1,2,0,False,exact_symbol_date_chain_absent
NVTS,2025-04-29,contract_preselection;exit_quote,S3,2,0,False,exact_symbol_date_chain_absent
NVTS,2025-04-30,entry_quote,S1,1,0,False,exact_symbol_date_chain_absent
NVTS,2025-04-30,entry_quote,S3,1,0,False,exact_symbol_date_chain_absent
NVTS,2025-05-01,exit_quote,S1,1,0,False,exact_symbol_date_chain_absent
NVTS,2025-05-01,exit_quote,S3,1,0,False,exact_symbol_date_chain_absent
NVTS,2025-05-05,contract_preselection,S1,1,0,False,exact_symbol_date_chain_absent
NVTS,2025-05-05,contract_preselection,S3,1,0,False,exact_symbol_date_chain_absent
NVTS,2025-05-06,entry_quote,S1,1,0,False,exact_symbol_date_chain_absent
NVTS,2025-05-06,entry_quote,S3,1,0,False,exact_symbol_date_chain_absent
NVTS,2025-05-07,exit_quote,S1,1,0,False,exact_symbol_date_chain_absent
NVTS,2025-05-07,exit_quote,S3,1,0,False,exact_symbol_date_chain_absent
NVTS,2025-05-08,contract_preselection,S1,1,0,False,exact_symbol_date_chain_absent
NVTS,2025-05-08,contract_preselection,S3,1,0,False,exact_symbol_date_chain_absent
NVTS,2025-05-09,entry_quote,S1,1,0,False,exact_symbol_date_chain_absent
NVTS,2025-05-09,entry_quote,S3,1,0,False,exact_symbol_date_chain_absent
NVTS,2025-05-12,exit_quote,S1,1,0,False,exact_symbol_date_chain_absent
NVTS,2025-05-12,exit_quote,S3,1,0,False,exact_symbol_date_chain_absent
NVTS,2025-07-01,contract_preselection,S1,1,0,False,exact_symbol_date_chain_absent
NVTS,2025-07-01,contract_preselection,S3,1,0,False,exact_symbol_date_chain_absent
NVTS,2025-07-02,entry_quote,S1,1,0,False,exact_symbol_date_chain_absent
NVTS,2025-07-02,entry_quote,S3,1,0,False,exact_symbol_date_chain_absent
NVTS,2025-07-03,exit_quote,S1,1,0,False,exact_symbol_date_chain_absent
NVTS,2025-07-03,exit_quote,S3,1,0,False,exact_symbol_date_chain_absent
NVTS,2025-07-08,contract_preselection,S1,1,0,False,exact_symbol_date_chain_absent
NVTS,2025-07-08,contract_preselection,S3,1,0,False,exact_symbol_date_chain_absent
NVTS,2025-07-09,entry_quote,S1,1,0,False,exact_symbol_date_chain_absent
NVTS,2025-07-09,entry_quote,S3,1,0,False,exact_symbol_date_chain_absent
NVTS,2025-07-10,exit_quote,S1,1,0,False,exact_symbol_date_chain_absent
NVTS,2025-07-10,exit_quote,S3,1,0,False,exact_symbol_date_chain_absent
NVTS,2025-07-24,contract_preselection,S1,1,0,False,exact_symbol_date_chain_absent
NVTS,2025-07-24,contract_preselection,S3,1,0,False,exact_symbol_date_chain_absent
NVTS,2025-07-25,entry_quote,S1,1,0,False,exact_symbol_date_chain_absent
NVTS,2025-07-25,entry_quote,S3,1,0,False,exact_symbol_date_chain_absent
NVTS,2025-07-28,exit_quote,S1,1,0,False,exact_symbol_date_chain_absent
NVTS,2025-07-28,exit_quote,S3,1,0,False,exact_symbol_date_chain_absent
NVTS,2025-08-11,contract_preselection,S1,1,0,False,exact_symbol_date_chain_absent
NVTS,2025-08-11,contract_preselection,S3,1,0,False,exact_symbol_date_chain_absent
NVTS,2025-08-12,entry_quote,S1,1,0,False,exact_symbol_date_chain_absent
NVTS,2025-08-12,entry_quote,S3,1,0,False,exact_symbol_date_chain_absent
NVTS,2025-08-13,exit_quote,S1,1,0,False,exact_symbol_date_chain_absent
NVTS,2025-08-13,exit_quote,S3,1,0,False,exact_symbol_date_chain_absent
QBTS,2024-02-05,contract_preselection,S1,1,0,False,exact_symbol_date_chain_absent
QBTS,2024-02-05,contract_preselection,S3,1,0,False,exact_symbol_date_chain_absent
QBTS,2024-02-06,entry_quote,S1,1,0,False,exact_symbol_date_chain_absent
QBTS,2024-02-06,entry_quote,S3,1,0,False,exact_symbol_date_chain_absent
QBTS,2024-02-07,contract_preselection;exit_quote,S1,2,0,False,exact_symbol_date_chain_absent
QBTS,2024-02-07,contract_preselection;exit_quote,S3,2,0,False,exact_symbol_date_chain_absent
QBTS,2024-02-08,entry_quote,S1,1,0,False,exact_symbol_date_chain_absent
QBTS,2024-02-08,entry_quote,S3,1,0,False,exact_symbol_date_chain_absent
QBTS,2024-02-09,exit_quote,S1,1,0,False,exact_symbol_date_chain_absent
QBTS,2024-02-09,exit_quote,S3,1,0,False,exact_symbol_date_chain_absent
QBTS,2024-02-20,contract_preselection,S1,1,0,False,exact_symbol_date_chain_absent
QBTS,2024-02-20,contract_preselection,S3,1,0,False,exact_symbol_date_chain_absent
QBTS,2024-02-21,entry_quote,S1,1,0,False,exact_symbol_date_chain_absent
QBTS,2024-02-21,entry_quote,S3,1,0,False,exact_symbol_date_chain_absent
QBTS,2024-02-22,exit_quote,S1,1,0,False,exact_symbol_date_chain_absent
QBTS,2024-02-22,exit_quote,S3,1,0,False,exact_symbol_date_chain_absent
QBTS,2024-04-09,contract_preselection,S1,1,0,False,exact_symbol_date_chain_absent
QBTS,2024-04-09,contract_preselection,S3,1,0,False,exact_symbol_date_chain_absent
QBTS,2024-04-10,entry_quote,S1,1,0,False,exact_symbol_date_chain_absent
QBTS,2024-04-10,entry_quote,S3,1,0,False,exact_symbol_date_chain_absent
QBTS,2024-04-11,exit_quote,S1,1,0,False,exact_symbol_date_chain_absent
QBTS,2024-04-11,exit_quote,S3,1,0,False,exact_symbol_date_chain_absent
QBTS,2024-04-23,contract_preselection,S1,1,0,False,exact_symbol_date_chain_absent
QBTS,2024-04-23,contract_preselection,S3,1,0,False,exact_symbol_date_chain_absent
QBTS,2024-04-24,entry_quote,S1,1,0,False,exact_symbol_date_chain_absent
QBTS,2024-04-24,entry_quote,S3,1,0,False,exact_symbol_date_chain_absent
QBTS,2024-04-25,exit_quote,S1,1,0,False,exact_symbol_date_chain_absent
QBTS,2024-04-25,exit_quote,S3,1,0,False,exact_symbol_date_chain_absent
QBTS,2024-05-14,contract_preselection,S1,1,0,False,exact_symbol_date_chain_absent
QBTS,2024-05-14,contract_preselection,S3,1,0,False,exact_symbol_date_chain_absent
QBTS,2024-05-15,contract_preselection;entry_quote,S1,2,0,False,exact_symbol_date_chain_absent
QBTS,2024-05-15,contract_preselection;entry_quote,S3,2,0,False,exact_symbol_date_chain_absent
QBTS,2024-05-16,contract_preselection;entry_quote;exit_quote,S1,3,0,False,exact_symbol_date_chain_absent
QBTS,2024-05-16,contract_preselection;entry_quote;exit_quote,S3,3,0,False,exact_symbol_date_chain_absent
QBTS,2024-05-17,entry_quote;exit_quote,S1,2,0,False,exact_symbol_date_chain_absent
QBTS,2024-05-17,entry_quote;exit_quote,S3,2,0,False,exact_symbol_date_chain_absent
QBTS,2024-05-20,exit_quote,S1,1,0,False,exact_symbol_date_chain_absent
QBTS,2024-05-20,exit_quote,S3,1,0,False,exact_symbol_date_chain_absent
QBTS,2024-05-30,contract_preselection,S1,1,0,False,exact_symbol_date_chain_absent
QBTS,2024-05-30,contract_preselection,S3,1,0,False,exact_symbol_date_chain_absent
QBTS,2024-05-31,entry_quote,S1,1,0,False,exact_symbol_date_chain_absent
QBTS,2024-05-31,entry_quote,S3,1,0,False,exact_symbol_date_chain_absent
QBTS,2024-06-03,exit_quote,S1,1,0,False,exact_symbol_date_chain_absent
QBTS,2024-06-03,exit_quote,S3,1,0,False,exact_symbol_date_chain_absent
QBTS,2024-06-10,contract_preselection,S1,1,0,False,exact_symbol_date_chain_absent
QBTS,2024-06-10,contract_preselection,S3,1,0,False,exact_symbol_date_chain_absent
QBTS,2024-06-11,entry_quote,S1,1,0,False,exact_symbol_date_chain_absent
QBTS,2024-06-11,entry_quote,S3,1,0,False,exact_symbol_date_chain_absent
QBTS,2024-06-12,exit_quote,S1,1,0,False,exact_symbol_date_chain_absent
QBTS,2024-06-12,exit_quote,S3,1,0,False,exact_symbol_date_chain_absent
QBTS,2024-06-26,contract_preselection,S1,1,0,False,exact_symbol_date_chain_absent
QBTS,2024-06-26,contract_preselection,S3,1,0,False,exact_symbol_date_chain_absent
QBTS,2024-06-27,entry_quote,S1,1,0,False,exact_symbol_date_chain_absent
QBTS,2024-06-27,entry_quote,S3,1,0,False,exact_symbol_date_chain_absent
QBTS,2024-06-28,exit_quote,S1,1,0,False,exact_symbol_date_chain_absent
QBTS,2024-06-28,exit_quote,S3,1,0,False,exact_symbol_date_chain_absent
QBTS,2024-07-19,contract_preselection,S1,1,0,False,exact_symbol_date_chain_absent
QBTS,2024-07-19,contract_preselection,S3,1,0,False,exact_symbol_date_chain_absent
QBTS,2024-07-22,entry_quote,S1,1,0,False,exact_symbol_date_chain_absent
QBTS,2024-07-22,entry_quote,S3,1,0,False,exact_symbol_date_chain_absent
QBTS,2024-07-23,exit_quote,S1,1,0,False,exact_symbol_date_chain_absent
QBTS,2024-07-23,exit_quote,S3,1,0,False,exact_symbol_date_chain_absent
QBTS,2024-07-31,contract_preselection,S1,1,0,False,exact_symbol_date_chain_absent
QBTS,2024-07-31,contract_preselection,S3,1,0,False,exact_symbol_date_chain_absent
QBTS,2024-08-01,entry_quote,S1,1,0,False,exact_symbol_date_chain_absent
QBTS,2024-08-01,entry_quote,S3,1,0,False,exact_symbol_date_chain_absent
QBTS,2024-08-02,exit_quote,S1,1,0,False,exact_symbol_date_chain_absent
QBTS,2024-08-02,exit_quote,S3,1,0,False,exact_symbol_date_chain_absent
QBTS,2024-08-05,contract_preselection,S1,1,0,False,exact_symbol_date_chain_absent
QBTS,2024-08-05,contract_preselection,S3,1,0,False,exact_symbol_date_chain_absent
QBTS,2024-08-06,contract_preselection;entry_quote,S1,2,0,False,exact_symbol_date_chain_absent
QBTS,2024-08-06,contract_preselection;entry_quote,S3,2,0,False,exact_symbol_date_chain_absent
QBTS,2024-08-07,entry_quote;exit_quote,S1,2,0,False,exact_symbol_date_chain_absent
QBTS,2024-08-07,entry_quote;exit_quote,S3,2,0,False,exact_symbol_date_chain_absent
QBTS,2024-08-08,exit_quote,S1,1,0,False,exact_symbol_date_chain_absent
QBTS,2024-08-08,exit_quote,S3,1,0,False,exact_symbol_date_chain_absent
QBTS,2024-08-09,contract_preselection,S1,1,0,False,exact_symbol_date_chain_absent
QBTS,2024-08-09,contract_preselection,S3,1,0,False,exact_symbol_date_chain_absent
QBTS,2024-08-12,entry_quote,S1,1,0,False,exact_symbol_date_chain_absent
QBTS,2024-08-12,entry_quote,S3,1,0,False,exact_symbol_date_chain_absent
QBTS,2024-08-13,exit_quote,S1,1,0,False,exact_symbol_date_chain_absent
QBTS,2024-08-13,exit_quote,S3,1,0,False,exact_symbol_date_chain_absent
QBTS,2024-08-14,contract_preselection,S1,1,0,False,exact_symbol_date_chain_absent
QBTS,2024-08-14,contract_preselection,S3,1,0,False,exact_symbol_date_chain_absent
QBTS,2024-08-15,entry_quote,S1,1,0,False,exact_symbol_date_chain_absent
QBTS,2024-08-15,entry_quote,S3,1,0,False,exact_symbol_date_chain_absent
QBTS,2024-08-16,contract_preselection;exit_quote,S1,2,0,False,exact_symbol_date_chain_absent
QBTS,2024-08-16,contract_preselection;exit_quote,S3,2,0,False,exact_symbol_date_chain_absent
QBTS,2024-08-19,entry_quote,S1,1,0,False,exact_symbol_date_chain_absent
QBTS,2024-08-19,entry_quote,S3,1,0,False,exact_symbol_date_chain_absent
QBTS,2024-08-20,exit_quote,S1,1,0,False,exact_symbol_date_chain_absent
QBTS,2024-08-20,exit_quote,S3,1,0,False,exact_symbol_date_chain_absent
QBTS,2024-09-10,contract_preselection,S1,1,0,False,exact_symbol_date_chain_absent
QBTS,2024-09-10,contract_preselection,S3,1,0,False,exact_symbol_date_chain_absent
QBTS,2024-09-11,entry_quote,S1,1,0,False,exact_symbol_date_chain_absent
QBTS,2024-09-11,entry_quote,S3,1,0,False,exact_symbol_date_chain_absent
QBTS,2024-09-12,exit_quote,S1,1,0,False,exact_symbol_date_chain_absent
QBTS,2024-09-12,exit_quote,S3,1,0,False,exact_symbol_date_chain_absent
QBTS,2024-09-19,contract_preselection,S1,1,0,False,exact_symbol_date_chain_absent
QBTS,2024-09-19,contract_preselection,S3,1,0,False,exact_symbol_date_chain_absent
QBTS,2024-09-20,entry_quote,S1,1,0,False,exact_symbol_date_chain_absent
QBTS,2024-09-20,entry_quote,S3,1,0,False,exact_symbol_date_chain_absent
QBTS,2024-09-23,exit_quote,S1,1,0,False,exact_symbol_date_chain_absent
QBTS,2024-09-23,exit_quote,S3,1,0,False,exact_symbol_date_chain_absent
QBTS,2024-10-11,contract_preselection,S1,1,0,False,exact_symbol_date_chain_absent
QBTS,2024-10-11,contract_preselection,S3,1,0,False,exact_symbol_date_chain_absent
QBTS,2024-10-14,entry_quote,S1,1,0,False,exact_symbol_date_chain_absent
QBTS,2024-10-14,entry_quote,S3,1,0,False,exact_symbol_date_chain_absent
QBTS,2024-10-15,exit_quote,S1,1,0,False,exact_symbol_date_chain_absent
QBTS,2024-10-15,exit_quote,S3,1,0,False,exact_symbol_date_chain_absent
QBTS,2024-10-16,contract_preselection,S1,1,0,False,exact_symbol_date_chain_absent
QBTS,2024-10-16,contract_preselection,S3,1,0,False,exact_symbol_date_chain_absent
QBTS,2024-10-17,entry_quote,S1,1,0,False,exact_symbol_date_chain_absent
QBTS,2024-10-17,entry_quote,S3,1,0,False,exact_symbol_date_chain_absent
QBTS,2024-10-18,exit_quote,S1,1,0,False,exact_symbol_date_chain_absent
QBTS,2024-10-18,exit_quote,S3,1,0,False,exact_symbol_date_chain_absent
QBTS,2024-11-01,contract_preselection,S1,1,0,False,exact_symbol_date_chain_absent
QBTS,2024-11-01,contract_preselection,S3,1,0,False,exact_symbol_date_chain_absent
QBTS,2024-11-04,contract_preselection;entry_quote,S1,2,0,False,exact_symbol_date_chain_absent
QBTS,2024-11-04,contract_preselection;entry_quote,S3,2,0,False,exact_symbol_date_chain_absent
QBTS,2024-11-05,entry_quote;exit_quote,S1,2,0,False,exact_symbol_date_chain_absent
QBTS,2024-11-05,entry_quote;exit_quote,S3,2,0,False,exact_symbol_date_chain_absent
QBTS,2024-11-06,exit_quote,S1,1,0,False,exact_symbol_date_chain_absent
QBTS,2024-11-06,exit_quote,S3,1,0,False,exact_symbol_date_chain_absent
QBTS,2025-04-10,contract_preselection,S1,1,0,False,exact_symbol_date_chain_absent
QBTS,2025-04-10,contract_preselection,S3,1,0,False,exact_symbol_date_chain_absent
QBTS,2025-04-11,entry_quote,S1,1,0,False,exact_symbol_date_chain_absent
QBTS,2025-04-11,entry_quote,S3,1,0,False,exact_symbol_date_chain_absent
QBTS,2025-04-14,exit_quote,S1,1,0,False,exact_symbol_date_chain_absent
QBTS,2025-04-14,exit_quote,S3,1,0,False,exact_symbol_date_chain_absent
QBTS,2025-06-06,contract_preselection,S1,1,0,False,exact_symbol_date_chain_absent
QBTS,2025-06-06,contract_preselection,S3,1,0,False,exact_symbol_date_chain_absent
QBTS,2025-06-09,entry_quote,S1,1,0,False,exact_symbol_date_chain_absent
QBTS,2025-06-09,entry_quote,S3,1,0,False,exact_symbol_date_chain_absent
QBTS,2025-06-10,exit_quote,S1,1,0,False,exact_symbol_date_chain_absent
QBTS,2025-06-10,exit_quote,S3,1,0,False,exact_symbol_date_chain_absent
QBTS,2025-06-16,contract_preselection,S1,1,0,False,exact_symbol_date_chain_absent
QBTS,2025-06-16,contract_preselection,S3,1,0,False,exact_symbol_date_chain_absent
QBTS,2025-06-17,entry_quote,S1,1,0,False,exact_symbol_date_chain_absent
QBTS,2025-06-17,entry_quote,S3,1,0,False,exact_symbol_date_chain_absent
QBTS,2025-06-18,exit_quote,S1,1,0,False,exact_symbol_date_chain_absent
QBTS,2025-06-18,exit_quote,S3,1,0,False,exact_symbol_date_chain_absent
QBTS,2025-06-25,contract_preselection,S1,1,0,False,exact_symbol_date_chain_absent
QBTS,2025-06-25,contract_preselection,S3,1,0,False,exact_symbol_date_chain_absent
QBTS,2025-06-26,contract_preselection;entry_quote,S1,2,0,False,exact_symbol_date_chain_absent
QBTS,2025-06-26,contract_preselection;entry_quote,S3,2,0,False,exact_symbol_date_chain_absent
QBTS,2025-06-27,contract_preselection;entry_quote;exit_quote,S1,3,0,False,exact_symbol_date_chain_absent
QBTS,2025-06-27,contract_preselection;entry_quote;exit_quote,S3,3,0,False,exact_symbol_date_chain_absent
QBTS,2025-06-30,entry_quote;exit_quote,S1,2,0,False,exact_symbol_date_chain_absent
QBTS,2025-06-30,entry_quote;exit_quote,S3,2,0,False,exact_symbol_date_chain_absent
QBTS,2025-07-01,exit_quote,S1,1,0,False,exact_symbol_date_chain_absent
QBTS,2025-07-01,exit_quote,S3,1,0,False,exact_symbol_date_chain_absent
QBTS,2025-07-03,contract_preselection,S1,1,0,False,exact_symbol_date_chain_absent
QBTS,2025-07-03,contract_preselection,S3,1,0,False,exact_symbol_date_chain_absent
QBTS,2025-07-07,entry_quote,S1,1,0,False,exact_symbol_date_chain_absent
QBTS,2025-07-07,entry_quote,S3,1,0,False,exact_symbol_date_chain_absent
QBTS,2025-07-08,exit_quote,S1,1,0,False,exact_symbol_date_chain_absent
QBTS,2025-07-08,exit_quote,S3,1,0,False,exact_symbol_date_chain_absent
QBTS,2025-07-15,contract_preselection,S1,1,0,False,exact_symbol_date_chain_absent
QBTS,2025-07-15,contract_preselection,S3,1,0,False,exact_symbol_date_chain_absent
QBTS,2025-07-16,entry_quote,S1,1,0,False,exact_symbol_date_chain_absent
QBTS,2025-07-16,entry_quote,S3,1,0,False,exact_symbol_date_chain_absent
QBTS,2025-07-17,contract_preselection;exit_quote,S1,2,0,False,exact_symbol_date_chain_absent
QBTS,2025-07-17,contract_preselection;exit_quote,S3,2,0,False,exact_symbol_date_chain_absent
QBTS,2025-07-18,entry_quote,S1,1,0,False,exact_symbol_date_chain_absent
QBTS,2025-07-18,entry_quote,S3,1,0,False,exact_symbol_date_chain_absent
QBTS,2025-07-21,contract_preselection;exit_quote,S1,2,0,False,exact_symbol_date_chain_absent
QBTS,2025-07-21,contract_preselection;exit_quote,S3,2,0,False,exact_symbol_date_chain_absent
QBTS,2025-07-22,entry_quote,S1,1,0,False,exact_symbol_date_chain_absent
QBTS,2025-07-22,entry_quote,S3,1,0,False,exact_symbol_date_chain_absent
QBTS,2025-07-23,exit_quote,S1,1,0,False,exact_symbol_date_chain_absent
QBTS,2025-07-23,exit_quote,S3,1,0,False,exact_symbol_date_chain_absent
QBTS,2025-07-24,contract_preselection,S1,1,0,False,exact_symbol_date_chain_absent
QBTS,2025-07-24,contract_preselection,S3,1,0,False,exact_symbol_date_chain_absent
QBTS,2025-07-25,entry_quote,S1,1,0,False,exact_symbol_date_chain_absent
QBTS,2025-07-25,entry_quote,S3,1,0,False,exact_symbol_date_chain_absent
QBTS,2025-07-28,exit_quote,S1,1,0,False,exact_symbol_date_chain_absent
QBTS,2025-07-28,exit_quote,S3,1,0,False,exact_symbol_date_chain_absent
QBTS,2025-08-04,contract_preselection,S1,1,0,False,exact_symbol_date_chain_absent
QBTS,2025-08-04,contract_preselection,S3,1,0,False,exact_symbol_date_chain_absent
QBTS,2025-08-05,entry_quote,S1,1,0,False,exact_symbol_date_chain_absent
QBTS,2025-08-05,entry_quote,S3,1,0,False,exact_symbol_date_chain_absent
QBTS,2025-08-06,exit_quote,S1,1,0,False,exact_symbol_date_chain_absent
QBTS,2025-08-06,exit_quote,S3,1,0,False,exact_symbol_date_chain_absent
QBTS,2025-08-13,contract_preselection,S1,1,0,False,exact_symbol_date_chain_absent
QBTS,2025-08-13,contract_preselection,S3,1,0,False,exact_symbol_date_chain_absent
QBTS,2025-08-14,entry_quote,S1,1,0,False,exact_symbol_date_chain_absent
QBTS,2025-08-14,entry_quote,S3,1,0,False,exact_symbol_date_chain_absent
QBTS,2025-08-15,exit_quote,S1,1,0,False,exact_symbol_date_chain_absent
QBTS,2025-08-15,exit_quote,S3,1,0,False,exact_symbol_date_chain_absent
QBTS,2025-08-20,contract_preselection,S1,1,0,False,exact_symbol_date_chain_absent
QBTS,2025-08-20,contract_preselection,S3,1,0,False,exact_symbol_date_chain_absent
QBTS,2025-08-21,entry_quote,S1,1,0,False,exact_symbol_date_chain_absent
QBTS,2025-08-21,entry_quote,S3,1,0,False,exact_symbol_date_chain_absent
QBTS,2025-08-22,exit_quote,S1,1,0,False,exact_symbol_date_chain_absent
QBTS,2025-08-22,exit_quote,S3,1,0,False,exact_symbol_date_chain_absent
RGTI,2024-02-05,contract_preselection,S1,1,0,False,exact_symbol_date_chain_absent
RGTI,2024-02-05,contract_preselection,S3,1,0,False,exact_symbol_date_chain_absent
RGTI,2024-02-06,entry_quote,S1,1,0,False,exact_symbol_date_chain_absent
RGTI,2024-02-06,entry_quote,S3,1,0,False,exact_symbol_date_chain_absent
RGTI,2024-02-07,exit_quote,S1,1,0,False,exact_symbol_date_chain_absent
RGTI,2024-02-07,exit_quote,S3,1,0,False,exact_symbol_date_chain_absent
RGTI,2024-03-20,contract_preselection,S1,1,0,False,exact_symbol_date_chain_absent
RGTI,2024-03-20,contract_preselection,S3,1,0,False,exact_symbol_date_chain_absent
RGTI,2024-03-21,entry_quote,S1,1,0,False,exact_symbol_date_chain_absent
RGTI,2024-03-21,entry_quote,S3,1,0,False,exact_symbol_date_chain_absent
RGTI,2024-03-22,exit_quote,S1,1,0,False,exact_symbol_date_chain_absent
RGTI,2024-03-22,exit_quote,S3,1,0,False,exact_symbol_date_chain_absent
RGTI,2024-04-01,contract_preselection,S1,1,0,False,exact_symbol_date_chain_absent
RGTI,2024-04-01,contract_preselection,S3,1,0,False,exact_symbol_date_chain_absent
RGTI,2024-04-02,entry_quote,S1,1,0,False,exact_symbol_date_chain_absent
RGTI,2024-04-02,entry_quote,S3,1,0,False,exact_symbol_date_chain_absent
RGTI,2024-04-03,exit_quote,S1,1,0,False,exact_symbol_date_chain_absent
RGTI,2024-04-03,exit_quote,S3,1,0,False,exact_symbol_date_chain_absent
RGTI,2024-04-15,contract_preselection,S1,1,0,False,exact_symbol_date_chain_absent
RGTI,2024-04-15,contract_preselection,S3,1,0,False,exact_symbol_date_chain_absent
RGTI,2024-04-16,entry_quote,S1,1,0,False,exact_symbol_date_chain_absent
RGTI,2024-04-16,entry_quote,S3,1,0,False,exact_symbol_date_chain_absent
RGTI,2024-04-17,contract_preselection;exit_quote,S1,2,0,False,exact_symbol_date_chain_absent
RGTI,2024-04-17,contract_preselection;exit_quote,S3,2,0,False,exact_symbol_date_chain_absent
RGTI,2024-04-18,entry_quote,S1,1,0,False,exact_symbol_date_chain_absent
RGTI,2024-04-18,entry_quote,S3,1,0,False,exact_symbol_date_chain_absent
RGTI,2024-04-19,contract_preselection;exit_quote,S1,2,0,False,exact_symbol_date_chain_absent
RGTI,2024-04-19,contract_preselection;exit_quote,S3,2,0,False,exact_symbol_date_chain_absent
RGTI,2024-04-22,entry_quote,S1,1,0,False,exact_symbol_date_chain_absent
RGTI,2024-04-22,entry_quote,S3,1,0,False,exact_symbol_date_chain_absent
RGTI,2024-04-23,exit_quote,S1,1,0,False,exact_symbol_date_chain_absent
RGTI,2024-04-23,exit_quote,S3,1,0,False,exact_symbol_date_chain_absent
RGTI,2024-05-02,contract_preselection,S1,1,0,False,exact_symbol_date_chain_absent
RGTI,2024-05-02,contract_preselection,S3,1,0,False,exact_symbol_date_chain_absent
RGTI,2024-05-03,entry_quote,S1,1,0,False,exact_symbol_date_chain_absent
RGTI,2024-05-03,entry_quote,S3,1,0,False,exact_symbol_date_chain_absent
RGTI,2024-05-06,contract_preselection;exit_quote,S1,2,0,False,exact_symbol_date_chain_absent
RGTI,2024-05-06,contract_preselection;exit_quote,S3,2,0,False,exact_symbol_date_chain_absent
RGTI,2024-05-07,entry_quote,S1,1,0,False,exact_symbol_date_chain_absent
RGTI,2024-05-07,entry_quote,S3,1,0,False,exact_symbol_date_chain_absent
RGTI,2024-05-08,exit_quote,S1,1,0,False,exact_symbol_date_chain_absent
RGTI,2024-05-08,exit_quote,S3,1,0,False,exact_symbol_date_chain_absent
RGTI,2024-05-09,contract_preselection,S1,1,0,False,exact_symbol_date_chain_absent
RGTI,2024-05-09,contract_preselection,S3,1,0,False,exact_symbol_date_chain_absent
RGTI,2024-05-10,entry_quote,S1,1,0,False,exact_symbol_date_chain_absent
RGTI,2024-05-10,entry_quote,S3,1,0,False,exact_symbol_date_chain_absent
RGTI,2024-05-13,contract_preselection;exit_quote,S1,2,0,False,exact_symbol_date_chain_absent
RGTI,2024-05-13,contract_preselection;exit_quote,S3,2,0,False,exact_symbol_date_chain_absent
RGTI,2024-05-14,contract_preselection;entry_quote,S1,2,0,False,exact_symbol_date_chain_absent
RGTI,2024-05-14,contract_preselection;entry_quote,S3,2,0,False,exact_symbol_date_chain_absent
RGTI,2024-05-15,entry_quote;exit_quote,S1,2,0,False,exact_symbol_date_chain_absent
RGTI,2024-05-15,entry_quote;exit_quote,S3,2,0,False,exact_symbol_date_chain_absent
RGTI,2024-05-16,exit_quote,S1,1,0,False,exact_symbol_date_chain_absent
RGTI,2024-05-16,exit_quote,S3,1,0,False,exact_symbol_date_chain_absent
RGTI,2024-05-24,contract_preselection,S1,1,0,False,exact_symbol_date_chain_absent
RGTI,2024-05-24,contract_preselection,S3,1,0,False,exact_symbol_date_chain_absent
RGTI,2024-05-28,entry_quote,S1,1,0,False,exact_symbol_date_chain_absent
RGTI,2024-05-28,entry_quote,S3,1,0,False,exact_symbol_date_chain_absent
RGTI,2024-05-29,exit_quote,S1,1,0,False,exact_symbol_date_chain_absent
RGTI,2024-05-29,exit_quote,S3,1,0,False,exact_symbol_date_chain_absent
RGTI,2024-06-05,contract_preselection,S1,1,0,False,exact_symbol_date_chain_absent
RGTI,2024-06-05,contract_preselection,S3,1,0,False,exact_symbol_date_chain_absent
RGTI,2024-06-06,entry_quote,S1,1,0,False,exact_symbol_date_chain_absent
RGTI,2024-06-06,entry_quote,S3,1,0,False,exact_symbol_date_chain_absent
RGTI,2024-06-07,exit_quote,S1,1,0,False,exact_symbol_date_chain_absent
RGTI,2024-06-07,exit_quote,S3,1,0,False,exact_symbol_date_chain_absent
RGTI,2024-06-13,contract_preselection,S1,1,0,False,exact_symbol_date_chain_absent
RGTI,2024-06-13,contract_preselection,S3,1,0,False,exact_symbol_date_chain_absent
RGTI,2024-06-14,entry_quote,S1,1,0,False,exact_symbol_date_chain_absent
RGTI,2024-06-14,entry_quote,S3,1,0,False,exact_symbol_date_chain_absent
RGTI,2024-06-17,exit_quote,S1,1,0,False,exact_symbol_date_chain_absent
RGTI,2024-06-17,exit_quote,S3,1,0,False,exact_symbol_date_chain_absent
RGTI,2024-07-15,contract_preselection,S1,1,0,False,exact_symbol_date_chain_absent
RGTI,2024-07-15,contract_preselection,S3,1,0,False,exact_symbol_date_chain_absent
RGTI,2024-07-16,contract_preselection;entry_quote,S1,2,0,False,exact_symbol_date_chain_absent
RGTI,2024-07-16,contract_preselection;entry_quote,S3,2,0,False,exact_symbol_date_chain_absent
RGTI,2024-07-17,entry_quote;exit_quote,S1,2,0,False,exact_symbol_date_chain_absent
RGTI,2024-07-17,entry_quote;exit_quote,S3,2,0,False,exact_symbol_date_chain_absent
RGTI,2024-07-18,exit_quote,S1,1,0,False,exact_symbol_date_chain_absent
RGTI,2024-07-18,exit_quote,S3,1,0,False,exact_symbol_date_chain_absent
RGTI,2024-07-24,contract_preselection,S1,1,0,False,exact_symbol_date_chain_absent
RGTI,2024-07-24,contract_preselection,S3,1,0,False,exact_symbol_date_chain_absent
RGTI,2024-07-25,entry_quote,S1,1,0,False,exact_symbol_date_chain_absent
RGTI,2024-07-25,entry_quote,S3,1,0,False,exact_symbol_date_chain_absent
RGTI,2024-07-26,exit_quote,S1,1,0,False,exact_symbol_date_chain_absent
RGTI,2024-07-26,exit_quote,S3,1,0,False,exact_symbol_date_chain_absent
RGTI,2024-08-02,contract_preselection,S1,1,0,False,exact_symbol_date_chain_absent
RGTI,2024-08-02,contract_preselection,S3,1,0,False,exact_symbol_date_chain_absent
RGTI,2024-08-05,entry_quote,S1,1,0,False,exact_symbol_date_chain_absent
RGTI,2024-08-05,entry_quote,S3,1,0,False,exact_symbol_date_chain_absent
RGTI,2024-08-06,exit_quote,S1,1,0,False,exact_symbol_date_chain_absent
RGTI,2024-08-06,exit_quote,S3,1,0,False,exact_symbol_date_chain_absent
RGTI,2024-08-08,contract_preselection,S1,1,0,False,exact_symbol_date_chain_absent
RGTI,2024-08-08,contract_preselection,S3,1,0,False,exact_symbol_date_chain_absent
RGTI,2024-08-09,contract_preselection;entry_quote,S1,2,0,False,exact_symbol_date_chain_absent
RGTI,2024-08-09,contract_preselection;entry_quote,S3,2,0,False,exact_symbol_date_chain_absent
RGTI,2024-08-12,entry_quote;exit_quote,S1,2,0,False,exact_symbol_date_chain_absent
RGTI,2024-08-12,entry_quote;exit_quote,S3,2,0,False,exact_symbol_date_chain_absent
RGTI,2024-08-13,exit_quote,S1,1,0,False,exact_symbol_date_chain_absent
RGTI,2024-08-13,exit_quote,S3,1,0,False,exact_symbol_date_chain_absent
RGTI,2024-08-14,contract_preselection,S1,1,0,False,exact_symbol_date_chain_absent
RGTI,2024-08-14,contract_preselection,S3,1,0,False,exact_symbol_date_chain_absent
RGTI,2024-08-15,entry_quote,S1,1,0,False,exact_symbol_date_chain_absent
RGTI,2024-08-15,entry_quote,S3,1,0,False,exact_symbol_date_chain_absent
RGTI,2024-08-16,exit_quote,S1,1,0,False,exact_symbol_date_chain_absent
RGTI,2024-08-16,exit_quote,S3,1,0,False,exact_symbol_date_chain_absent
RGTI,2024-08-22,contract_preselection,S1,1,0,False,exact_symbol_date_chain_absent
RGTI,2024-08-22,contract_preselection,S3,1,0,False,exact_symbol_date_chain_absent
RGTI,2024-08-23,contract_preselection;entry_quote,S1,2,0,False,exact_symbol_date_chain_absent
RGTI,2024-08-23,contract_preselection;entry_quote,S3,2,0,False,exact_symbol_date_chain_absent
RGTI,2024-08-26,entry_quote;exit_quote,S1,2,0,False,exact_symbol_date_chain_absent
RGTI,2024-08-26,entry_quote;exit_quote,S3,2,0,False,exact_symbol_date_chain_absent
RGTI,2024-08-27,exit_quote,S1,1,0,False,exact_symbol_date_chain_absent
RGTI,2024-08-27,exit_quote,S3,1,0,False,exact_symbol_date_chain_absent
RGTI,2024-08-30,contract_preselection,S1,1,0,False,exact_symbol_date_chain_absent
RGTI,2024-08-30,contract_preselection,S3,1,0,False,exact_symbol_date_chain_absent
RGTI,2024-09-03,contract_preselection;entry_quote,S1,2,0,False,exact_symbol_date_chain_absent
RGTI,2024-09-03,contract_preselection;entry_quote,S3,2,0,False,exact_symbol_date_chain_absent
RGTI,2024-09-04,entry_quote;exit_quote,S1,2,0,False,exact_symbol_date_chain_absent
RGTI,2024-09-04,entry_quote;exit_quote,S3,2,0,False,exact_symbol_date_chain_absent
RGTI,2024-09-05,exit_quote,S1,1,0,False,exact_symbol_date_chain_absent
RGTI,2024-09-05,exit_quote,S3,1,0,False,exact_symbol_date_chain_absent
RGTI,2024-09-19,contract_preselection,S1,1,0,False,exact_symbol_date_chain_absent
RGTI,2024-09-19,contract_preselection,S3,1,0,False,exact_symbol_date_chain_absent
RGTI,2024-09-20,contract_preselection;entry_quote,S1,2,0,False,exact_symbol_date_chain_absent
RGTI,2024-09-20,contract_preselection;entry_quote,S3,2,0,False,exact_symbol_date_chain_absent
RGTI,2024-09-23,contract_preselection;entry_quote;exit_quote,S1,3,0,False,exact_symbol_date_chain_absent
RGTI,2024-09-23,contract_preselection;entry_quote;exit_quote,S3,3,0,False,exact_symbol_date_chain_absent
RGTI,2024-09-24,entry_quote;exit_quote,S1,2,0,False,exact_symbol_date_chain_absent
RGTI,2024-09-24,entry_quote;exit_quote,S3,2,0,False,exact_symbol_date_chain_absent
RGTI,2024-09-25,contract_preselection;exit_quote,S1,2,0,False,exact_symbol_date_chain_absent
RGTI,2024-09-25,contract_preselection;exit_quote,S3,2,0,False,exact_symbol_date_chain_absent
RGTI,2024-09-26,entry_quote,S1,1,0,False,exact_symbol_date_chain_absent
RGTI,2024-09-26,entry_quote,S3,1,0,False,exact_symbol_date_chain_absent
RGTI,2024-09-27,contract_preselection;exit_quote,S1,2,0,False,exact_symbol_date_chain_absent
RGTI,2024-09-27,contract_preselection;exit_quote,S3,2,0,False,exact_symbol_date_chain_absent
RGTI,2024-09-30,entry_quote,S1,1,0,False,exact_symbol_date_chain_absent
RGTI,2024-09-30,entry_quote,S3,1,0,False,exact_symbol_date_chain_absent
RGTI,2024-10-01,exit_quote,S1,1,0,False,exact_symbol_date_chain_absent
RGTI,2024-10-01,exit_quote,S3,1,0,False,exact_symbol_date_chain_absent
RGTI,2024-10-02,contract_preselection,S1,1,0,False,exact_symbol_date_chain_absent
RGTI,2024-10-02,contract_preselection,S3,1,0,False,exact_symbol_date_chain_absent
RGTI,2024-10-03,entry_quote,S1,1,0,False,exact_symbol_date_chain_absent
RGTI,2024-10-03,entry_quote,S3,1,0,False,exact_symbol_date_chain_absent
RGTI,2024-10-04,exit_quote,S1,1,0,False,exact_symbol_date_chain_absent
RGTI,2024-10-04,exit_quote,S3,1,0,False,exact_symbol_date_chain_absent
RGTI,2024-10-14,contract_preselection,S1,1,0,False,exact_symbol_date_chain_absent
RGTI,2024-10-14,contract_preselection,S3,1,0,False,exact_symbol_date_chain_absent
RGTI,2024-10-15,contract_preselection;entry_quote,S1,2,0,False,exact_symbol_date_chain_absent
RGTI,2024-10-15,contract_preselection;entry_quote,S3,2,0,False,exact_symbol_date_chain_absent
RGTI,2024-10-16,entry_quote;exit_quote,S1,2,0,False,exact_symbol_date_chain_absent
RGTI,2024-10-16,entry_quote;exit_quote,S3,2,0,False,exact_symbol_date_chain_absent
RGTI,2024-10-17,exit_quote,S1,1,0,False,exact_symbol_date_chain_absent
RGTI,2024-10-17,exit_quote,S3,1,0,False,exact_symbol_date_chain_absent
RGTI,2025-02-24,contract_preselection,S1,1,0,False,exact_symbol_date_chain_absent
RGTI,2025-02-24,contract_preselection,S3,1,0,False,exact_symbol_date_chain_absent
RGTI,2025-02-25,contract_preselection;entry_quote,S1,2,0,False,exact_symbol_date_chain_absent
RGTI,2025-02-25,contract_preselection;entry_quote,S3,2,0,False,exact_symbol_date_chain_absent
RGTI,2025-02-26,entry_quote;exit_quote,S1,2,0,False,exact_symbol_date_chain_absent
RGTI,2025-02-26,entry_quote;exit_quote,S3,2,0,False,exact_symbol_date_chain_absent
RGTI,2025-02-27,exit_quote,S1,1,0,False,exact_symbol_date_chain_absent
RGTI,2025-02-27,exit_quote,S3,1,0,False,exact_symbol_date_chain_absent
RGTI,2025-03-19,contract_preselection,S1,1,0,False,exact_symbol_date_chain_absent
RGTI,2025-03-19,contract_preselection,S3,1,0,False,exact_symbol_date_chain_absent
RGTI,2025-03-20,entry_quote,S1,1,0,False,exact_symbol_date_chain_absent
RGTI,2025-03-20,entry_quote,S3,1,0,False,exact_symbol_date_chain_absent
RGTI,2025-03-21,exit_quote,S1,1,0,False,exact_symbol_date_chain_absent
RGTI,2025-03-21,exit_quote,S3,1,0,False,exact_symbol_date_chain_absent
RGTI,2025-03-26,contract_preselection,S1,1,0,False,exact_symbol_date_chain_absent
RGTI,2025-03-26,contract_preselection,S3,1,0,False,exact_symbol_date_chain_absent
RGTI,2025-03-27,entry_quote,S1,1,0,False,exact_symbol_date_chain_absent
RGTI,2025-03-27,entry_quote,S3,1,0,False,exact_symbol_date_chain_absent
RGTI,2025-03-28,exit_quote,S1,1,0,False,exact_symbol_date_chain_absent
RGTI,2025-03-28,exit_quote,S3,1,0,False,exact_symbol_date_chain_absent
RGTI,2025-03-31,contract_preselection,S1,1,0,False,exact_symbol_date_chain_absent
RGTI,2025-03-31,contract_preselection,S3,1,0,False,exact_symbol_date_chain_absent
RGTI,2025-04-01,entry_quote,S1,1,0,False,exact_symbol_date_chain_absent
RGTI,2025-04-01,entry_quote,S3,1,0,False,exact_symbol_date_chain_absent
RGTI,2025-04-02,exit_quote,S1,1,0,False,exact_symbol_date_chain_absent
RGTI,2025-04-02,exit_quote,S3,1,0,False,exact_symbol_date_chain_absent
RGTI,2025-04-10,contract_preselection,S1,1,0,False,exact_symbol_date_chain_absent
RGTI,2025-04-10,contract_preselection,S3,1,0,False,exact_symbol_date_chain_absent
RGTI,2025-04-11,contract_preselection;entry_quote,S1,2,0,False,exact_symbol_date_chain_absent
RGTI,2025-04-11,contract_preselection;entry_quote,S3,2,0,False,exact_symbol_date_chain_absent
RGTI,2025-04-14,entry_quote;exit_quote,S1,2,0,False,exact_symbol_date_chain_absent
RGTI,2025-04-14,entry_quote;exit_quote,S3,2,0,False,exact_symbol_date_chain_absent
RGTI,2025-04-15,exit_quote,S1,1,0,False,exact_symbol_date_chain_absent
RGTI,2025-04-15,exit_quote,S3,1,0,False,exact_symbol_date_chain_absent
RGTI,2025-04-24,contract_preselection,S1,1,0,False,exact_symbol_date_chain_absent
RGTI,2025-04-24,contract_preselection,S3,1,0,False,exact_symbol_date_chain_absent
RGTI,2025-04-25,entry_quote,S1,1,0,False,exact_symbol_date_chain_absent
RGTI,2025-04-25,entry_quote,S3,1,0,False,exact_symbol_date_chain_absent
RGTI,2025-04-28,exit_quote,S1,1,0,False,exact_symbol_date_chain_absent
RGTI,2025-04-28,exit_quote,S3,1,0,False,exact_symbol_date_chain_absent
RGTI,2025-05-12,contract_preselection,S1,1,0,False,exact_symbol_date_chain_absent
RGTI,2025-05-12,contract_preselection,S3,1,0,False,exact_symbol_date_chain_absent
RGTI,2025-05-13,entry_quote,S1,1,0,False,exact_symbol_date_chain_absent
RGTI,2025-05-13,entry_quote,S3,1,0,False,exact_symbol_date_chain_absent
RGTI,2025-05-14,exit_quote,S1,1,0,False,exact_symbol_date_chain_absent
RGTI,2025-05-14,exit_quote,S3,1,0,False,exact_symbol_date_chain_absent
RGTI,2025-05-16,contract_preselection,S1,1,0,False,exact_symbol_date_chain_absent
RGTI,2025-05-16,contract_preselection,S3,1,0,False,exact_symbol_date_chain_absent
RGTI,2025-05-19,entry_quote,S1,1,0,False,exact_symbol_date_chain_absent
RGTI,2025-05-19,entry_quote,S3,1,0,False,exact_symbol_date_chain_absent
RGTI,2025-05-20,exit_quote,S1,1,0,False,exact_symbol_date_chain_absent
RGTI,2025-05-20,exit_quote,S3,1,0,False,exact_symbol_date_chain_absent
RGTI,2025-05-23,contract_preselection,S1,1,0,False,exact_symbol_date_chain_absent
RGTI,2025-05-23,contract_preselection,S3,1,0,False,exact_symbol_date_chain_absent
RGTI,2025-05-27,entry_quote,S1,1,0,False,exact_symbol_date_chain_absent
RGTI,2025-05-27,entry_quote,S3,1,0,False,exact_symbol_date_chain_absent
RGTI,2025-05-28,exit_quote,S1,1,0,False,exact_symbol_date_chain_absent
RGTI,2025-05-28,exit_quote,S3,1,0,False,exact_symbol_date_chain_absent
RGTI,2025-05-30,contract_preselection,S1,1,0,False,exact_symbol_date_chain_absent
RGTI,2025-05-30,contract_preselection,S3,1,0,False,exact_symbol_date_chain_absent
RGTI,2025-06-02,entry_quote,S1,1,0,False,exact_symbol_date_chain_absent
RGTI,2025-06-02,entry_quote,S3,1,0,False,exact_symbol_date_chain_absent
RGTI,2025-06-03,exit_quote,S1,1,0,False,exact_symbol_date_chain_absent
RGTI,2025-06-03,exit_quote,S3,1,0,False,exact_symbol_date_chain_absent
RGTI,2025-06-16,contract_preselection,S1,1,0,False,exact_symbol_date_chain_absent
RGTI,2025-06-16,contract_preselection,S3,1,0,False,exact_symbol_date_chain_absent
RGTI,2025-06-17,entry_quote,S1,1,0,False,exact_symbol_date_chain_absent
RGTI,2025-06-17,entry_quote,S3,1,0,False,exact_symbol_date_chain_absent
RGTI,2025-06-18,exit_quote,S1,1,0,False,exact_symbol_date_chain_absent
RGTI,2025-06-18,exit_quote,S3,1,0,False,exact_symbol_date_chain_absent
RGTI,2025-06-26,contract_preselection,S1,1,0,False,exact_symbol_date_chain_absent
RGTI,2025-06-26,contract_preselection,S3,1,0,False,exact_symbol_date_chain_absent
RGTI,2025-06-27,entry_quote,S1,1,0,False,exact_symbol_date_chain_absent
RGTI,2025-06-27,entry_quote,S3,1,0,False,exact_symbol_date_chain_absent
RGTI,2025-06-30,exit_quote,S1,1,0,False,exact_symbol_date_chain_absent
RGTI,2025-06-30,exit_quote,S3,1,0,False,exact_symbol_date_chain_absent
RGTI,2025-07-03,contract_preselection,S1,1,0,False,exact_symbol_date_chain_absent
RGTI,2025-07-03,contract_preselection,S3,1,0,False,exact_symbol_date_chain_absent
RGTI,2025-07-07,entry_quote,S1,1,0,False,exact_symbol_date_chain_absent
RGTI,2025-07-07,entry_quote,S3,1,0,False,exact_symbol_date_chain_absent
RGTI,2025-07-08,contract_preselection;exit_quote,S1,2,0,False,exact_symbol_date_chain_absent
RGTI,2025-07-08,contract_preselection;exit_quote,S3,2,0,False,exact_symbol_date_chain_absent
RGTI,2025-07-09,entry_quote,S1,1,0,False,exact_symbol_date_chain_absent
RGTI,2025-07-09,entry_quote,S3,1,0,False,exact_symbol_date_chain_absent
RGTI,2025-07-10,contract_preselection;exit_quote,S1,2,0,False,exact_symbol_date_chain_absent
RGTI,2025-07-10,contract_preselection;exit_quote,S3,2,0,False,exact_symbol_date_chain_absent
RGTI,2025-07-11,entry_quote,S1,1,0,False,exact_symbol_date_chain_absent
RGTI,2025-07-11,entry_quote,S3,1,0,False,exact_symbol_date_chain_absent
RGTI,2025-07-14,exit_quote,S1,1,0,False,exact_symbol_date_chain_absent
RGTI,2025-07-14,exit_quote,S3,1,0,False,exact_symbol_date_chain_absent
RGTI,2025-07-23,contract_preselection,S1,1,0,False,exact_symbol_date_chain_absent
RGTI,2025-07-23,contract_preselection,S3,1,0,False,exact_symbol_date_chain_absent
RGTI,2025-07-24,entry_quote,S1,1,0,False,exact_symbol_date_chain_absent
RGTI,2025-07-24,entry_quote,S3,1,0,False,exact_symbol_date_chain_absent
RGTI,2025-07-25,exit_quote,S1,1,0,False,exact_symbol_date_chain_absent
RGTI,2025-07-25,exit_quote,S3,1,0,False,exact_symbol_date_chain_absent
RGTI,2025-08-04,contract_preselection,S1,1,0,False,exact_symbol_date_chain_absent
RGTI,2025-08-04,contract_preselection,S3,1,0,False,exact_symbol_date_chain_absent
RGTI,2025-08-05,entry_quote,S1,1,0,False,exact_symbol_date_chain_absent
RGTI,2025-08-05,entry_quote,S3,1,0,False,exact_symbol_date_chain_absent
RGTI,2025-08-06,exit_quote,S1,1,0,False,exact_symbol_date_chain_absent
RGTI,2025-08-06,exit_quote,S3,1,0,False,exact_symbol_date_chain_absent
RGTI,2025-08-11,contract_preselection,S1,1,0,False,exact_symbol_date_chain_absent
RGTI,2025-08-11,contract_preselection,S3,1,0,False,exact_symbol_date_chain_absent
RGTI,2025-08-12,entry_quote,S1,1,0,False,exact_symbol_date_chain_absent
RGTI,2025-08-12,entry_quote,S3,1,0,False,exact_symbol_date_chain_absent
RGTI,2025-08-13,exit_quote,S1,1,0,False,exact_symbol_date_chain_absent
RGTI,2025-08-13,exit_quote,S3,1,0,False,exact_symbol_date_chain_absent
RGTI,2025-08-20,contract_preselection,S1,1,0,False,exact_symbol_date_chain_absent
RGTI,2025-08-20,contract_preselection,S3,1,0,False,exact_symbol_date_chain_absent
RGTI,2025-08-21,entry_quote,S1,1,0,False,exact_symbol_date_chain_absent
RGTI,2025-08-21,entry_quote,S3,1,0,False,exact_symbol_date_chain_absent
RGTI,2025-08-22,exit_quote,S1,1,0,False,exact_symbol_date_chain_absent
RGTI,2025-08-22,exit_quote,S3,1,0,False,exact_symbol_date_chain_absent
RIOT,2024-01-17,contract_preselection,S1,1,0,False,exact_symbol_date_chain_absent
RIOT,2024-01-17,contract_preselection,S3,1,0,False,exact_symbol_date_chain_absent
RIOT,2024-01-18,entry_quote,S1,1,0,False,exact_symbol_date_chain_absent
RIOT,2024-01-18,entry_quote,S3,1,0,False,exact_symbol_date_chain_absent
RIOT,2024-01-19,contract_preselection;exit_quote,S1,2,0,False,exact_symbol_date_chain_absent
RIOT,2024-01-19,contract_preselection;exit_quote,S3,2,0,False,exact_symbol_date_chain_absent
RIOT,2024-01-22,entry_quote,S1,1,0,False,exact_symbol_date_chain_absent
RIOT,2024-01-22,entry_quote,S3,1,0,False,exact_symbol_date_chain_absent
RIOT,2024-01-23,exit_quote,S1,1,0,False,exact_symbol_date_chain_absent
RIOT,2024-01-23,exit_quote,S3,1,0,False,exact_symbol_date_chain_absent
RIOT,2024-01-26,contract_preselection,S1,1,0,False,exact_symbol_date_chain_absent
RIOT,2024-01-26,contract_preselection,S3,1,0,False,exact_symbol_date_chain_absent
RIOT,2024-01-29,entry_quote,S1,1,0,False,exact_symbol_date_chain_absent
RIOT,2024-01-29,entry_quote,S3,1,0,False,exact_symbol_date_chain_absent
RIOT,2024-01-30,exit_quote,S1,1,0,False,exact_symbol_date_chain_absent
RIOT,2024-01-30,exit_quote,S3,1,0,False,exact_symbol_date_chain_absent
RIOT,2024-02-08,contract_preselection,S1,1,0,False,exact_symbol_date_chain_absent
RIOT,2024-02-08,contract_preselection,S3,1,0,False,exact_symbol_date_chain_absent
RIOT,2024-02-09,contract_preselection;entry_quote,S1,2,0,False,exact_symbol_date_chain_absent
RIOT,2024-02-09,contract_preselection;entry_quote,S3,2,0,False,exact_symbol_date_chain_absent
RIOT,2024-02-12,entry_quote;exit_quote,S1,2,0,False,exact_symbol_date_chain_absent
RIOT,2024-02-12,entry_quote;exit_quote,S3,2,0,False,exact_symbol_date_chain_absent
RIOT,2024-02-13,exit_quote,S1,1,0,False,exact_symbol_date_chain_absent
RIOT,2024-02-13,exit_quote,S3,1,0,False,exact_symbol_date_chain_absent
RIOT,2024-02-16,contract_preselection,S1,1,0,False,exact_symbol_date_chain_absent
RIOT,2024-02-16,contract_preselection,S3,1,0,False,exact_symbol_date_chain_absent
RIOT,2024-02-20,entry_quote,S1,1,0,False,exact_symbol_date_chain_absent
RIOT,2024-02-20,entry_quote,S3,1,0,False,exact_symbol_date_chain_absent
RIOT,2024-02-21,exit_quote,S1,1,0,False,exact_symbol_date_chain_absent
RIOT,2024-02-21,exit_quote,S3,1,0,False,exact_symbol_date_chain_absent
RIOT,2024-02-26,contract_preselection,S1,1,0,False,exact_symbol_date_chain_absent
RIOT,2024-02-26,contract_preselection,S3,1,0,False,exact_symbol_date_chain_absent
RIOT,2024-02-27,entry_quote,S1,1,0,False,exact_symbol_date_chain_absent
RIOT,2024-02-27,entry_quote,S3,1,0,False,exact_symbol_date_chain_absent
RIOT,2024-02-28,exit_quote,S1,1,0,False,exact_symbol_date_chain_absent
RIOT,2024-02-28,exit_quote,S3,1,0,False,exact_symbol_date_chain_absent
RIOT,2024-03-20,contract_preselection,S1,1,0,False,exact_symbol_date_chain_absent
RIOT,2024-03-20,contract_preselection,S3,1,0,False,exact_symbol_date_chain_absent
RIOT,2024-03-21,entry_quote,S1,1,0,False,exact_symbol_date_chain_absent
RIOT,2024-03-21,entry_quote,S3,1,0,False,exact_symbol_date_chain_absent
RIOT,2024-03-22,exit_quote,S1,1,0,False,exact_symbol_date_chain_absent
RIOT,2024-03-22,exit_quote,S3,1,0,False,exact_symbol_date_chain_absent
RIOT,2024-04-04,contract_preselection,S1,1,0,False,exact_symbol_date_chain_absent
RIOT,2024-04-04,contract_preselection,S3,1,0,False,exact_symbol_date_chain_absent
RIOT,2024-04-05,entry_quote,S1,1,0,False,exact_symbol_date_chain_absent
RIOT,2024-04-05,entry_quote,S3,1,0,False,exact_symbol_date_chain_absent
RIOT,2024-04-08,exit_quote,S1,1,0,False,exact_symbol_date_chain_absent
RIOT,2024-04-08,exit_quote,S3,1,0,False,exact_symbol_date_chain_absent
RIOT,2024-04-09,contract_preselection,S1,1,0,False,exact_symbol_date_chain_absent
RIOT,2024-04-09,contract_preselection,S3,1,0,False,exact_symbol_date_chain_absent
RIOT,2024-04-10,entry_quote,S1,1,0,False,exact_symbol_date_chain_absent
RIOT,2024-04-10,entry_quote,S3,1,0,False,exact_symbol_date_chain_absent
RIOT,2024-04-11,exit_quote,S1,1,0,False,exact_symbol_date_chain_absent
RIOT,2024-04-11,exit_quote,S3,1,0,False,exact_symbol_date_chain_absent
RIOT,2024-04-15,contract_preselection,S1,1,0,False,exact_symbol_date_chain_absent
RIOT,2024-04-15,contract_preselection,S3,1,0,False,exact_symbol_date_chain_absent
RIOT,2024-04-16,entry_quote,S1,1,0,False,exact_symbol_date_chain_absent
RIOT,2024-04-16,entry_quote,S3,1,0,False,exact_symbol_date_chain_absent
RIOT,2024-04-17,exit_quote,S1,1,0,False,exact_symbol_date_chain_absent
RIOT,2024-04-17,exit_quote,S3,1,0,False,exact_symbol_date_chain_absent
RIOT,2024-04-24,contract_preselection,S1,1,0,False,exact_symbol_date_chain_absent
RIOT,2024-04-24,contract_preselection,S3,1,0,False,exact_symbol_date_chain_absent
RIOT,2024-04-25,entry_quote,S1,1,0,False,exact_symbol_date_chain_absent
RIOT,2024-04-25,entry_quote,S3,1,0,False,exact_symbol_date_chain_absent
RIOT,2024-04-26,exit_quote,S1,1,0,False,exact_symbol_date_chain_absent
RIOT,2024-04-26,exit_quote,S3,1,0,False,exact_symbol_date_chain_absent
RIOT,2024-05-14,contract_preselection,S1,1,0,False,exact_symbol_date_chain_absent
RIOT,2024-05-14,contract_preselection,S3,1,0,False,exact_symbol_date_chain_absent
RIOT,2024-05-15,entry_quote,S1,1,0,False,exact_symbol_date_chain_absent
RIOT,2024-05-15,entry_quote,S3,1,0,False,exact_symbol_date_chain_absent
RIOT,2024-05-16,exit_quote,S1,1,0,False,exact_symbol_date_chain_absent
RIOT,2024-05-16,exit_quote,S3,1,0,False,exact_symbol_date_chain_absent
RIOT,2024-05-17,contract_preselection,S1,1,0,False,exact_symbol_date_chain_absent
RIOT,2024-05-17,contract_preselection,S3,1,0,False,exact_symbol_date_chain_absent
RIOT,2024-05-20,entry_quote,S1,1,0,False,exact_symbol_date_chain_absent
RIOT,2024-05-20,entry_quote,S3,1,0,False,exact_symbol_date_chain_absent
RIOT,2024-05-21,contract_preselection;exit_quote,S1,2,0,False,exact_symbol_date_chain_absent
RIOT,2024-05-21,contract_preselection;exit_quote,S3,2,0,False,exact_symbol_date_chain_absent
RIOT,2024-05-22,entry_quote,S1,1,0,False,exact_symbol_date_chain_absent
RIOT,2024-05-22,entry_quote,S3,1,0,False,exact_symbol_date_chain_absent
RIOT,2024-05-23,exit_quote,S1,1,0,False,exact_symbol_date_chain_absent
RIOT,2024-05-23,exit_quote,S3,1,0,False,exact_symbol_date_chain_absent
RIOT,2024-05-24,contract_preselection,S1,1,0,False,exact_symbol_date_chain_absent
RIOT,2024-05-24,contract_preselection,S3,1,0,False,exact_symbol_date_chain_absent
RIOT,2024-05-28,entry_quote,S1,1,0,False,exact_symbol_date_chain_absent
RIOT,2024-05-28,entry_quote,S3,1,0,False,exact_symbol_date_chain_absent
RIOT,2024-05-29,exit_quote,S1,1,0,False,exact_symbol_date_chain_absent
RIOT,2024-05-29,exit_quote,S3,1,0,False,exact_symbol_date_chain_absent
RIOT,2024-06-04,contract_preselection,S1,1,0,False,exact_symbol_date_chain_absent
RIOT,2024-06-04,contract_preselection,S3,1,0,False,exact_symbol_date_chain_absent
RIOT,2024-06-05,entry_quote,S1,1,0,False,exact_symbol_date_chain_absent
RIOT,2024-06-05,entry_quote,S3,1,0,False,exact_symbol_date_chain_absent
RIOT,2024-06-06,exit_quote,S1,1,0,False,exact_symbol_date_chain_absent
RIOT,2024-06-06,exit_quote,S3,1,0,False,exact_symbol_date_chain_absent
RIOT,2024-06-10,contract_preselection,S1,1,0,False,exact_symbol_date_chain_absent
RIOT,2024-06-10,contract_preselection,S3,1,0,False,exact_symbol_date_chain_absent
RIOT,2024-06-11,entry_quote,S1,1,0,False,exact_symbol_date_chain_absent
RIOT,2024-06-11,entry_quote,S3,1,0,False,exact_symbol_date_chain_absent
RIOT,2024-06-12,exit_quote,S1,1,0,False,exact_symbol_date_chain_absent
RIOT,2024-06-12,exit_quote,S3,1,0,False,exact_symbol_date_chain_absent
RIOT,2024-06-28,contract_preselection,S1,1,0,False,exact_symbol_date_chain_absent
RIOT,2024-06-28,contract_preselection,S3,1,0,False,exact_symbol_date_chain_absent
RIOT,2024-07-01,contract_preselection;entry_quote,S1,2,0,False,exact_symbol_date_chain_absent
RIOT,2024-07-01,contract_preselection;entry_quote,S3,2,0,False,exact_symbol_date_chain_absent
RIOT,2024-07-02,entry_quote;exit_quote,S1,2,0,False,exact_symbol_date_chain_absent
RIOT,2024-07-02,entry_quote;exit_quote,S3,2,0,False,exact_symbol_date_chain_absent
RIOT,2024-07-03,exit_quote,S1,1,0,False,exact_symbol_date_chain_absent
RIOT,2024-07-03,exit_quote,S3,1,0,False,exact_symbol_date_chain_absent
RIOT,2024-07-16,contract_preselection,S1,1,0,False,exact_symbol_date_chain_absent
RIOT,2024-07-16,contract_preselection,S3,1,0,False,exact_symbol_date_chain_absent
RIOT,2024-07-17,entry_quote,S1,1,0,False,exact_symbol_date_chain_absent
RIOT,2024-07-17,entry_quote,S3,1,0,False,exact_symbol_date_chain_absent
RIOT,2024-07-18,exit_quote,S1,1,0,False,exact_symbol_date_chain_absent
RIOT,2024-07-18,exit_quote,S3,1,0,False,exact_symbol_date_chain_absent
RIOT,2024-07-19,contract_preselection,S1,1,0,False,exact_symbol_date_chain_absent
RIOT,2024-07-19,contract_preselection,S3,1,0,False,exact_symbol_date_chain_absent
RIOT,2024-07-22,entry_quote,S1,1,0,False,exact_symbol_date_chain_absent
RIOT,2024-07-22,entry_quote,S3,1,0,False,exact_symbol_date_chain_absent
RIOT,2024-07-23,exit_quote,S1,1,0,False,exact_symbol_date_chain_absent
RIOT,2024-07-23,exit_quote,S3,1,0,False,exact_symbol_date_chain_absent
RIOT,2024-07-25,contract_preselection,S1,1,0,False,exact_symbol_date_chain_absent
RIOT,2024-07-25,contract_preselection,S3,1,0,False,exact_symbol_date_chain_absent
RIOT,2024-07-26,contract_preselection;entry_quote,S1,2,0,False,exact_symbol_date_chain_absent
RIOT,2024-07-26,contract_preselection;entry_quote,S3,2,0,False,exact_symbol_date_chain_absent
RIOT,2024-07-29,entry_quote;exit_quote,S1,2,0,False,exact_symbol_date_chain_absent
RIOT,2024-07-29,entry_quote;exit_quote,S3,2,0,False,exact_symbol_date_chain_absent
RIOT,2024-07-30,exit_quote,S1,1,0,False,exact_symbol_date_chain_absent
RIOT,2024-07-30,exit_quote,S3,1,0,False,exact_symbol_date_chain_absent
RIOT,2024-08-01,contract_preselection,S1,1,0,False,exact_symbol_date_chain_absent
RIOT,2024-08-01,contract_preselection,S3,1,0,False,exact_symbol_date_chain_absent
RIOT,2024-08-02,entry_quote,S1,1,0,False,exact_symbol_date_chain_absent
RIOT,2024-08-02,entry_quote,S3,1,0,False,exact_symbol_date_chain_absent
RIOT,2024-08-05,exit_quote,S1,1,0,False,exact_symbol_date_chain_absent
RIOT,2024-08-05,exit_quote,S3,1,0,False,exact_symbol_date_chain_absent
RIOT,2024-08-06,contract_preselection,S1,1,0,False,exact_symbol_date_chain_absent
RIOT,2024-08-06,contract_preselection,S3,1,0,False,exact_symbol_date_chain_absent
RIOT,2024-08-07,contract_preselection;entry_quote,S1,2,0,False,exact_symbol_date_chain_absent
RIOT,2024-08-07,contract_preselection;entry_quote,S3,2,0,False,exact_symbol_date_chain_absent
RIOT,2024-08-08,entry_quote;exit_quote,S1,2,0,False,exact_symbol_date_chain_absent
RIOT,2024-08-08,entry_quote;exit_quote,S3,2,0,False,exact_symbol_date_chain_absent
RIOT,2024-08-09,exit_quote,S1,1,0,False,exact_symbol_date_chain_absent
RIOT,2024-08-09,exit_quote,S3,1,0,False,exact_symbol_date_chain_absent
RIOT,2024-08-19,contract_preselection,S1,1,0,False,exact_symbol_date_chain_absent
RIOT,2024-08-19,contract_preselection,S3,1,0,False,exact_symbol_date_chain_absent
RIOT,2024-08-20,entry_quote,S1,1,0,False,exact_symbol_date_chain_absent
RIOT,2024-08-20,entry_quote,S3,1,0,False,exact_symbol_date_chain_absent
RIOT,2024-08-21,exit_quote,S1,1,0,False,exact_symbol_date_chain_absent
RIOT,2024-08-21,exit_quote,S3,1,0,False,exact_symbol_date_chain_absent
RIOT,2024-08-22,contract_preselection,S1,1,0,False,exact_symbol_date_chain_absent
RIOT,2024-08-22,contract_preselection,S3,1,0,False,exact_symbol_date_chain_absent
RIOT,2024-08-23,entry_quote,S1,1,0,False,exact_symbol_date_chain_absent
RIOT,2024-08-23,entry_quote,S3,1,0,False,exact_symbol_date_chain_absent
RIOT,2024-08-26,exit_quote,S1,1,0,False,exact_symbol_date_chain_absent
RIOT,2024-08-26,exit_quote,S3,1,0,False,exact_symbol_date_chain_absent
RIOT,2024-08-28,contract_preselection,S1,1,0,False,exact_symbol_date_chain_absent
RIOT,2024-08-28,contract_preselection,S3,1,0,False,exact_symbol_date_chain_absent
RIOT,2024-08-29,contract_preselection;entry_quote,S1,2,0,False,exact_symbol_date_chain_absent
RIOT,2024-08-29,contract_preselection;entry_quote,S3,2,0,False,exact_symbol_date_chain_absent
RIOT,2024-08-30,entry_quote;exit_quote,S1,2,0,False,exact_symbol_date_chain_absent
RIOT,2024-08-30,entry_quote;exit_quote,S3,2,0,False,exact_symbol_date_chain_absent
RIOT,2024-09-03,exit_quote,S1,1,0,False,exact_symbol_date_chain_absent
RIOT,2024-09-03,exit_quote,S3,1,0,False,exact_symbol_date_chain_absent
RIOT,2024-09-05,contract_preselection,S1,1,0,False,exact_symbol_date_chain_absent
RIOT,2024-09-05,contract_preselection,S3,1,0,False,exact_symbol_date_chain_absent
RIOT,2024-09-06,entry_quote,S1,1,0,False,exact_symbol_date_chain_absent
RIOT,2024-09-06,entry_quote,S3,1,0,False,exact_symbol_date_chain_absent
RIOT,2024-09-09,exit_quote,S1,1,0,False,exact_symbol_date_chain_absent
RIOT,2024-09-09,exit_quote,S3,1,0,False,exact_symbol_date_chain_absent
RIOT,2024-09-13,contract_preselection,S1,1,0,False,exact_symbol_date_chain_absent
RIOT,2024-09-13,contract_preselection,S3,1,0,False,exact_symbol_date_chain_absent
RIOT,2024-09-16,entry_quote,S1,1,0,False,exact_symbol_date_chain_absent
RIOT,2024-09-16,entry_quote,S3,1,0,False,exact_symbol_date_chain_absent
RIOT,2024-09-17,exit_quote,S1,1,0,False,exact_symbol_date_chain_absent
RIOT,2024-09-17,exit_quote,S3,1,0,False,exact_symbol_date_chain_absent
RIOT,2024-10-10,contract_preselection,S1,1,0,False,exact_symbol_date_chain_absent
RIOT,2024-10-10,contract_preselection,S3,1,0,False,exact_symbol_date_chain_absent
RIOT,2024-10-11,entry_quote,S1,1,0,False,exact_symbol_date_chain_absent
RIOT,2024-10-11,entry_quote,S3,1,0,False,exact_symbol_date_chain_absent
RIOT,2024-10-14,exit_quote,S1,1,0,False,exact_symbol_date_chain_absent
RIOT,2024-10-14,exit_quote,S3,1,0,False,exact_symbol_date_chain_absent
RIOT,2024-10-15,contract_preselection,S1,1,0,False,exact_symbol_date_chain_absent
RIOT,2024-10-15,contract_preselection,S3,1,0,False,exact_symbol_date_chain_absent
RIOT,2024-10-16,entry_quote,S1,1,0,False,exact_symbol_date_chain_absent
RIOT,2024-10-16,entry_quote,S3,1,0,False,exact_symbol_date_chain_absent
RIOT,2024-10-17,exit_quote,S1,1,0,False,exact_symbol_date_chain_absent
RIOT,2024-10-17,exit_quote,S3,1,0,False,exact_symbol_date_chain_absent
RIOT,2024-10-21,contract_preselection,S1,1,0,False,exact_symbol_date_chain_absent
RIOT,2024-10-21,contract_preselection,S3,1,0,False,exact_symbol_date_chain_absent
RIOT,2024-10-22,contract_preselection;entry_quote,S1,2,0,False,exact_symbol_date_chain_absent
RIOT,2024-10-22,contract_preselection;entry_quote,S3,2,0,False,exact_symbol_date_chain_absent
RIOT,2024-10-23,entry_quote;exit_quote,S1,2,0,False,exact_symbol_date_chain_absent
RIOT,2024-10-23,entry_quote;exit_quote,S3,2,0,False,exact_symbol_date_chain_absent
RIOT,2024-10-24,exit_quote,S1,1,0,False,exact_symbol_date_chain_absent
RIOT,2024-10-24,exit_quote,S3,1,0,False,exact_symbol_date_chain_absent
RIOT,2024-10-25,contract_preselection,S1,1,0,False,exact_symbol_date_chain_absent
RIOT,2024-10-25,contract_preselection,S3,1,0,False,exact_symbol_date_chain_absent
RIOT,2024-10-28,entry_quote,S1,1,0,False,exact_symbol_date_chain_absent
RIOT,2024-10-28,entry_quote,S3,1,0,False,exact_symbol_date_chain_absent
RIOT,2024-10-29,exit_quote,S1,1,0,False,exact_symbol_date_chain_absent
RIOT,2024-10-29,exit_quote,S3,1,0,False,exact_symbol_date_chain_absent
RIOT,2024-11-04,contract_preselection,S1,1,0,False,exact_symbol_date_chain_absent
RIOT,2024-11-04,contract_preselection,S3,1,0,False,exact_symbol_date_chain_absent
RIOT,2024-11-05,entry_quote,S1,1,0,False,exact_symbol_date_chain_absent
RIOT,2024-11-05,entry_quote,S3,1,0,False,exact_symbol_date_chain_absent
RIOT,2024-11-06,exit_quote,S1,1,0,False,exact_symbol_date_chain_absent
RIOT,2024-11-06,exit_quote,S3,1,0,False,exact_symbol_date_chain_absent
RIOT,2024-11-26,contract_preselection,S1,1,0,False,exact_symbol_date_chain_absent
RIOT,2024-11-26,contract_preselection,S3,1,0,False,exact_symbol_date_chain_absent
RIOT,2024-11-27,entry_quote,S1,1,0,False,exact_symbol_date_chain_absent
RIOT,2024-11-27,entry_quote,S3,1,0,False,exact_symbol_date_chain_absent
RIOT,2024-11-29,exit_quote,S1,1,0,False,exact_symbol_date_chain_absent
RIOT,2024-11-29,exit_quote,S3,1,0,False,exact_symbol_date_chain_absent
RIOT,2024-12-31,contract_preselection,S1,1,0,False,exact_symbol_date_chain_absent
RIOT,2024-12-31,contract_preselection,S3,1,0,False,exact_symbol_date_chain_absent
RIOT,2025-01-02,contract_preselection;entry_quote,S1,2,0,False,exact_symbol_date_chain_absent
RIOT,2025-01-02,contract_preselection;entry_quote,S3,2,0,False,exact_symbol_date_chain_absent
RIOT,2025-01-03,entry_quote;exit_quote,S1,2,0,False,exact_symbol_date_chain_absent
RIOT,2025-01-03,entry_quote;exit_quote,S3,2,0,False,exact_symbol_date_chain_absent
RIOT,2025-01-06,exit_quote,S1,1,0,False,exact_symbol_date_chain_absent
RIOT,2025-01-06,exit_quote,S3,1,0,False,exact_symbol_date_chain_absent
RIOT,2025-02-13,contract_preselection,S1,1,0,False,exact_symbol_date_chain_absent
RIOT,2025-02-13,contract_preselection,S3,1,0,False,exact_symbol_date_chain_absent
RIOT,2025-02-14,contract_preselection;entry_quote,S1,2,0,False,exact_symbol_date_chain_absent
RIOT,2025-02-14,contract_preselection;entry_quote,S3,2,0,False,exact_symbol_date_chain_absent
RIOT,2025-02-18,entry_quote;exit_quote,S1,2,0,False,exact_symbol_date_chain_absent
RIOT,2025-02-18,entry_quote;exit_quote,S3,2,0,False,exact_symbol_date_chain_absent
RIOT,2025-02-19,exit_quote,S1,1,0,False,exact_symbol_date_chain_absent
RIOT,2025-02-19,exit_quote,S3,1,0,False,exact_symbol_date_chain_absent
RIOT,2025-02-27,contract_preselection,S1,1,0,False,exact_symbol_date_chain_absent
RIOT,2025-02-27,contract_preselection,S3,1,0,False,exact_symbol_date_chain_absent
RIOT,2025-02-28,entry_quote,S1,1,0,False,exact_symbol_date_chain_absent
RIOT,2025-02-28,entry_quote,S3,1,0,False,exact_symbol_date_chain_absent
RIOT,2025-03-03,exit_quote,S1,1,0,False,exact_symbol_date_chain_absent
RIOT,2025-03-03,exit_quote,S3,1,0,False,exact_symbol_date_chain_absent
RIOT,2025-03-04,contract_preselection,S1,1,0,False,exact_symbol_date_chain_absent
RIOT,2025-03-04,contract_preselection,S3,1,0,False,exact_symbol_date_chain_absent
RIOT,2025-03-05,entry_quote,S1,1,0,False,exact_symbol_date_chain_absent
RIOT,2025-03-05,entry_quote,S3,1,0,False,exact_symbol_date_chain_absent
RIOT,2025-03-06,contract_preselection;exit_quote,S1,2,0,False,exact_symbol_date_chain_absent
RIOT,2025-03-06,contract_preselection;exit_quote,S3,2,0,False,exact_symbol_date_chain_absent
RIOT,2025-03-07,contract_preselection;entry_quote,S1,2,0,False,exact_symbol_date_chain_absent
RIOT,2025-03-07,contract_preselection;entry_quote,S3,2,0,False,exact_symbol_date_chain_absent
RIOT,2025-03-10,entry_quote;exit_quote,S1,2,0,False,exact_symbol_date_chain_absent
RIOT,2025-03-10,entry_quote;exit_quote,S3,2,0,False,exact_symbol_date_chain_absent
RIOT,2025-03-11,exit_quote,S1,1,0,False,exact_symbol_date_chain_absent
RIOT,2025-03-11,exit_quote,S3,1,0,False,exact_symbol_date_chain_absent
RIOT,2025-03-20,contract_preselection,S1,1,0,False,exact_symbol_date_chain_absent
RIOT,2025-03-20,contract_preselection,S3,1,0,False,exact_symbol_date_chain_absent
RIOT,2025-03-21,entry_quote,S1,1,0,False,exact_symbol_date_chain_absent
RIOT,2025-03-21,entry_quote,S3,1,0,False,exact_symbol_date_chain_absent
RIOT,2025-03-24,exit_quote,S1,1,0,False,exact_symbol_date_chain_absent
RIOT,2025-03-24,exit_quote,S3,1,0,False,exact_symbol_date_chain_absent
RIOT,2025-03-31,contract_preselection,S1,1,0,False,exact_symbol_date_chain_absent
RIOT,2025-03-31,contract_preselection,S3,1,0,False,exact_symbol_date_chain_absent
RIOT,2025-04-01,contract_preselection;entry_quote,S1,2,0,False,exact_symbol_date_chain_absent
RIOT,2025-04-01,contract_preselection;entry_quote,S3,2,0,False,exact_symbol_date_chain_absent
RIOT,2025-04-02,entry_quote;exit_quote,S1,2,0,False,exact_symbol_date_chain_absent
RIOT,2025-04-02,entry_quote;exit_quote,S3,2,0,False,exact_symbol_date_chain_absent
RIOT,2025-04-03,exit_quote,S1,1,0,False,exact_symbol_date_chain_absent
RIOT,2025-04-03,exit_quote,S3,1,0,False,exact_symbol_date_chain_absent
RIOT,2025-04-10,contract_preselection,S1,1,0,False,exact_symbol_date_chain_absent
RIOT,2025-04-10,contract_preselection,S3,1,0,False,exact_symbol_date_chain_absent
RIOT,2025-04-11,contract_preselection;entry_quote,S1,2,0,False,exact_symbol_date_chain_absent
RIOT,2025-04-11,contract_preselection;entry_quote,S3,2,0,False,exact_symbol_date_chain_absent
RIOT,2025-04-14,entry_quote;exit_quote,S1,2,0,False,exact_symbol_date_chain_absent
RIOT,2025-04-14,entry_quote;exit_quote,S3,2,0,False,exact_symbol_date_chain_absent
RIOT,2025-04-15,exit_quote,S1,1,0,False,exact_symbol_date_chain_absent
RIOT,2025-04-15,exit_quote,S3,1,0,False,exact_symbol_date_chain_absent
RIOT,2025-05-09,contract_preselection,S1,1,0,False,exact_symbol_date_chain_absent
RIOT,2025-05-09,contract_preselection,S3,1,0,False,exact_symbol_date_chain_absent
RIOT,2025-05-12,entry_quote,S1,1,0,False,exact_symbol_date_chain_absent
RIOT,2025-05-12,entry_quote,S3,1,0,False,exact_symbol_date_chain_absent
RIOT,2025-05-13,contract_preselection;exit_quote,S1,2,0,False,exact_symbol_date_chain_absent
RIOT,2025-05-13,contract_preselection;exit_quote,S3,2,0,False,exact_symbol_date_chain_absent
RIOT,2025-05-14,entry_quote,S1,1,0,False,exact_symbol_date_chain_absent
RIOT,2025-05-14,entry_quote,S3,1,0,False,exact_symbol_date_chain_absent
RIOT,2025-05-15,exit_quote,S1,1,0,False,exact_symbol_date_chain_absent
RIOT,2025-05-15,exit_quote,S3,1,0,False,exact_symbol_date_chain_absent
RIOT,2025-05-19,contract_preselection,S1,1,0,False,exact_symbol_date_chain_absent
RIOT,2025-05-19,contract_preselection,S3,1,0,False,exact_symbol_date_chain_absent
RIOT,2025-05-20,entry_quote,S1,1,0,False,exact_symbol_date_chain_absent
RIOT,2025-05-20,entry_quote,S3,1,0,False,exact_symbol_date_chain_absent
RIOT,2025-05-21,exit_quote,S1,1,0,False,exact_symbol_date_chain_absent
RIOT,2025-05-21,exit_quote,S3,1,0,False,exact_symbol_date_chain_absent
RIOT,2025-05-23,contract_preselection,S1,1,0,False,exact_symbol_date_chain_absent
RIOT,2025-05-23,contract_preselection,S3,1,0,False,exact_symbol_date_chain_absent
RIOT,2025-05-27,contract_preselection;entry_quote,S1,2,0,False,exact_symbol_date_chain_absent
RIOT,2025-05-27,contract_preselection;entry_quote,S3,2,0,False,exact_symbol_date_chain_absent
RIOT,2025-05-28,entry_quote;exit_quote,S1,2,0,False,exact_symbol_date_chain_absent
RIOT,2025-05-28,entry_quote;exit_quote,S3,2,0,False,exact_symbol_date_chain_absent
RIOT,2025-05-29,exit_quote,S1,1,0,False,exact_symbol_date_chain_absent
RIOT,2025-05-29,exit_quote,S3,1,0,False,exact_symbol_date_chain_absent
RIOT,2025-06-02,contract_preselection,S1,1,0,False,exact_symbol_date_chain_absent
RIOT,2025-06-02,contract_preselection,S3,1,0,False,exact_symbol_date_chain_absent
RIOT,2025-06-03,entry_quote,S1,1,0,False,exact_symbol_date_chain_absent
RIOT,2025-06-03,entry_quote,S3,1,0,False,exact_symbol_date_chain_absent
RIOT,2025-06-04,exit_quote,S1,1,0,False,exact_symbol_date_chain_absent
RIOT,2025-06-04,exit_quote,S3,1,0,False,exact_symbol_date_chain_absent
RIOT,2025-06-09,contract_preselection,S1,1,0,False,exact_symbol_date_chain_absent
RIOT,2025-06-09,contract_preselection,S3,1,0,False,exact_symbol_date_chain_absent
RIOT,2025-06-10,contract_preselection;entry_quote,S1,2,0,False,exact_symbol_date_chain_absent
RIOT,2025-06-10,contract_preselection;entry_quote,S3,2,0,False,exact_symbol_date_chain_absent
RIOT,2025-06-11,entry_quote;exit_quote,S1,2,0,False,exact_symbol_date_chain_absent
RIOT,2025-06-11,entry_quote;exit_quote,S3,2,0,False,exact_symbol_date_chain_absent
RIOT,2025-06-12,contract_preselection;exit_quote,S1,2,0,False,exact_symbol_date_chain_absent
RIOT,2025-06-12,contract_preselection;exit_quote,S3,2,0,False,exact_symbol_date_chain_absent
RIOT,2025-06-13,entry_quote,S1,1,0,False,exact_symbol_date_chain_absent
RIOT,2025-06-13,entry_quote,S3,1,0,False,exact_symbol_date_chain_absent
RIOT,2025-06-16,contract_preselection;exit_quote,S1,2,0,False,exact_symbol_date_chain_absent
RIOT,2025-06-16,contract_preselection;exit_quote,S3,2,0,False,exact_symbol_date_chain_absent
RIOT,2025-06-17,entry_quote,S1,1,0,False,exact_symbol_date_chain_absent
RIOT,2025-06-17,entry_quote,S3,1,0,False,exact_symbol_date_chain_absent
RIOT,2025-06-18,exit_quote,S1,1,0,False,exact_symbol_date_chain_absent
RIOT,2025-06-18,exit_quote,S3,1,0,False,exact_symbol_date_chain_absent
RIOT,2025-06-23,contract_preselection,S1,1,0,False,exact_symbol_date_chain_absent
RIOT,2025-06-23,contract_preselection,S3,1,0,False,exact_symbol_date_chain_absent
RIOT,2025-06-24,entry_quote,S1,1,0,False,exact_symbol_date_chain_absent
RIOT,2025-06-24,entry_quote,S3,1,0,False,exact_symbol_date_chain_absent
RIOT,2025-06-25,exit_quote,S1,1,0,False,exact_symbol_date_chain_absent
RIOT,2025-06-25,exit_quote,S3,1,0,False,exact_symbol_date_chain_absent
RIOT,2025-06-26,contract_preselection,S1,1,0,False,exact_symbol_date_chain_absent
RIOT,2025-06-26,contract_preselection,S3,1,0,False,exact_symbol_date_chain_absent
RIOT,2025-06-27,entry_quote,S1,1,0,False,exact_symbol_date_chain_absent
RIOT,2025-06-27,entry_quote,S3,1,0,False,exact_symbol_date_chain_absent
RIOT,2025-06-30,exit_quote,S1,1,0,False,exact_symbol_date_chain_absent
RIOT,2025-06-30,exit_quote,S3,1,0,False,exact_symbol_date_chain_absent
RIOT,2025-07-01,contract_preselection,S1,1,0,False,exact_symbol_date_chain_absent
RIOT,2025-07-01,contract_preselection,S3,1,0,False,exact_symbol_date_chain_absent
RIOT,2025-07-02,entry_quote,S1,1,0,False,exact_symbol_date_chain_absent
RIOT,2025-07-02,entry_quote,S3,1,0,False,exact_symbol_date_chain_absent
RIOT,2025-07-03,contract_preselection;exit_quote,S1,2,0,False,exact_symbol_date_chain_absent
RIOT,2025-07-03,contract_preselection;exit_quote,S3,2,0,False,exact_symbol_date_chain_absent
RIOT,2025-07-07,entry_quote,S1,1,0,False,exact_symbol_date_chain_absent
RIOT,2025-07-07,entry_quote,S3,1,0,False,exact_symbol_date_chain_absent
RIOT,2025-07-08,contract_preselection;exit_quote,S1,2,0,False,exact_symbol_date_chain_absent
RIOT,2025-07-08,contract_preselection;exit_quote,S3,2,0,False,exact_symbol_date_chain_absent
RIOT,2025-07-09,entry_quote,S1,1,0,False,exact_symbol_date_chain_absent
RIOT,2025-07-09,entry_quote,S3,1,0,False,exact_symbol_date_chain_absent
RIOT,2025-07-10,contract_preselection;exit_quote,S1,2,0,False,exact_symbol_date_chain_absent
RIOT,2025-07-10,contract_preselection;exit_quote,S3,2,0,False,exact_symbol_date_chain_absent
RIOT,2025-07-11,entry_quote,S1,1,0,False,exact_symbol_date_chain_absent
RIOT,2025-07-11,entry_quote,S3,1,0,False,exact_symbol_date_chain_absent
RIOT,2025-07-14,exit_quote,S1,1,0,False,exact_symbol_date_chain_absent
RIOT,2025-07-14,exit_quote,S3,1,0,False,exact_symbol_date_chain_absent
RIOT,2025-08-05,contract_preselection,S1,1,0,False,exact_symbol_date_chain_absent
RIOT,2025-08-05,contract_preselection,S3,1,0,False,exact_symbol_date_chain_absent
RIOT,2025-08-06,contract_preselection;entry_quote,S1,2,0,False,exact_symbol_date_chain_absent
RIOT,2025-08-06,contract_preselection;entry_quote,S3,2,0,False,exact_symbol_date_chain_absent
RIOT,2025-08-07,entry_quote;exit_quote,S1,2,0,False,exact_symbol_date_chain_absent
RIOT,2025-08-07,entry_quote;exit_quote,S3,2,0,False,exact_symbol_date_chain_absent
RIOT,2025-08-08,exit_quote,S1,1,0,False,exact_symbol_date_chain_absent
RIOT,2025-08-08,exit_quote,S3,1,0,False,exact_symbol_date_chain_absent
RIOT,2025-08-12,contract_preselection,S1,1,0,False,exact_symbol_date_chain_absent
RIOT,2025-08-12,contract_preselection,S3,1,0,False,exact_symbol_date_chain_absent
RIOT,2025-08-13,entry_quote,S1,1,0,False,exact_symbol_date_chain_absent
RIOT,2025-08-13,entry_quote,S3,1,0,False,exact_symbol_date_chain_absent
RIOT,2025-08-14,exit_quote,S1,1,0,False,exact_symbol_date_chain_absent
RIOT,2025-08-14,exit_quote,S3,1,0,False,exact_symbol_date_chain_absent
RIOT,2025-08-19,contract_preselection,S1,1,0,False,exact_symbol_date_chain_absent
RIOT,2025-08-19,contract_preselection,S3,1,0,False,exact_symbol_date_chain_absent
RIOT,2025-08-20,entry_quote,S1,1,0,False,exact_symbol_date_chain_absent
RIOT,2025-08-20,entry_quote,S3,1,0,False,exact_symbol_date_chain_absent
RIOT,2025-08-21,exit_quote,S1,1,0,False,exact_symbol_date_chain_absent
RIOT,2025-08-21,exit_quote,S3,1,0,False,exact_symbol_date_chain_absent
RIVN,2024-01-18,contract_preselection,S1,1,0,False,exact_symbol_date_chain_absent
RIVN,2024-01-18,contract_preselection,S3,1,0,False,exact_symbol_date_chain_absent
RIVN,2024-01-19,contract_preselection;entry_quote,S1,2,0,False,exact_symbol_date_chain_absent
RIVN,2024-01-19,contract_preselection;entry_quote,S3,2,0,False,exact_symbol_date_chain_absent
RIVN,2024-01-22,entry_quote;exit_quote,S1,2,0,False,exact_symbol_date_chain_absent
RIVN,2024-01-22,entry_quote;exit_quote,S3,2,0,False,exact_symbol_date_chain_absent
RIVN,2024-01-23,exit_quote,S1,1,0,False,exact_symbol_date_chain_absent
RIVN,2024-01-23,exit_quote,S3,1,0,False,exact_symbol_date_chain_absent
RIVN,2024-01-24,contract_preselection,S1,1,0,False,exact_symbol_date_chain_absent
RIVN,2024-01-24,contract_preselection,S3,1,0,False,exact_symbol_date_chain_absent
RIVN,2024-01-25,entry_quote,S1,1,0,False,exact_symbol_date_chain_absent
RIVN,2024-01-25,entry_quote,S3,1,0,False,exact_symbol_date_chain_absent
RIVN,2024-01-26,exit_quote,S1,1,0,False,exact_symbol_date_chain_absent
RIVN,2024-01-26,exit_quote,S3,1,0,False,exact_symbol_date_chain_absent
RIVN,2024-02-02,contract_preselection,S1,1,0,False,exact_symbol_date_chain_absent
RIVN,2024-02-02,contract_preselection,S3,1,0,False,exact_symbol_date_chain_absent
RIVN,2024-02-05,contract_preselection;entry_quote,S1,2,0,False,exact_symbol_date_chain_absent
RIVN,2024-02-05,contract_preselection;entry_quote,S3,2,0,False,exact_symbol_date_chain_absent
RIVN,2024-02-06,entry_quote;exit_quote,S1,2,0,False,exact_symbol_date_chain_absent
RIVN,2024-02-06,entry_quote;exit_quote,S3,2,0,False,exact_symbol_date_chain_absent
RIVN,2024-02-07,contract_preselection;exit_quote,S1,2,0,False,exact_symbol_date_chain_absent
RIVN,2024-02-07,contract_preselection;exit_quote,S3,2,0,False,exact_symbol_date_chain_absent
RIVN,2024-02-08,entry_quote,S1,1,0,False,exact_symbol_date_chain_absent
RIVN,2024-02-08,entry_quote,S3,1,0,False,exact_symbol_date_chain_absent
RIVN,2024-02-09,exit_quote,S1,1,0,False,exact_symbol_date_chain_absent
RIVN,2024-02-09,exit_quote,S3,1,0,False,exact_symbol_date_chain_absent
RIVN,2024-02-15,contract_preselection,S1,1,0,False,exact_symbol_date_chain_absent
RIVN,2024-02-15,contract_preselection,S3,1,0,False,exact_symbol_date_chain_absent
RIVN,2024-02-16,entry_quote,S1,1,0,False,exact_symbol_date_chain_absent
RIVN,2024-02-16,entry_quote,S3,1,0,False,exact_symbol_date_chain_absent
RIVN,2024-02-20,exit_quote,S1,1,0,False,exact_symbol_date_chain_absent
RIVN,2024-02-20,exit_quote,S3,1,0,False,exact_symbol_date_chain_absent
RIVN,2024-02-28,contract_preselection,S1,1,0,False,exact_symbol_date_chain_absent
RIVN,2024-02-28,contract_preselection,S3,1,0,False,exact_symbol_date_chain_absent
RIVN,2024-02-29,entry_quote,S1,1,0,False,exact_symbol_date_chain_absent
RIVN,2024-02-29,entry_quote,S3,1,0,False,exact_symbol_date_chain_absent
RIVN,2024-03-01,exit_quote,S1,1,0,False,exact_symbol_date_chain_absent
RIVN,2024-03-01,exit_quote,S3,1,0,False,exact_symbol_date_chain_absent
RIVN,2024-03-19,contract_preselection,S1,1,0,False,exact_symbol_date_chain_absent
RIVN,2024-03-19,contract_preselection,S3,1,0,False,exact_symbol_date_chain_absent
RIVN,2024-03-20,entry_quote,S1,1,0,False,exact_symbol_date_chain_absent
RIVN,2024-03-20,entry_quote,S3,1,0,False,exact_symbol_date_chain_absent
RIVN,2024-03-21,exit_quote,S1,1,0,False,exact_symbol_date_chain_absent
RIVN,2024-03-21,exit_quote,S3,1,0,False,exact_symbol_date_chain_absent
RIVN,2024-04-08,contract_preselection,S1,1,0,False,exact_symbol_date_chain_absent
RIVN,2024-04-08,contract_preselection,S3,1,0,False,exact_symbol_date_chain_absent
RIVN,2024-04-09,entry_quote,S1,1,0,False,exact_symbol_date_chain_absent
RIVN,2024-04-09,entry_quote,S3,1,0,False,exact_symbol_date_chain_absent
RIVN,2024-04-10,exit_quote,S1,1,0,False,exact_symbol_date_chain_absent
RIVN,2024-04-10,exit_quote,S3,1,0,False,exact_symbol_date_chain_absent
RIVN,2024-05-28,contract_preselection,S1,1,0,False,exact_symbol_date_chain_absent
RIVN,2024-05-28,contract_preselection,S3,1,0,False,exact_symbol_date_chain_absent
RIVN,2024-05-29,entry_quote,S1,1,0,False,exact_symbol_date_chain_absent
RIVN,2024-05-29,entry_quote,S3,1,0,False,exact_symbol_date_chain_absent
RIVN,2024-05-30,exit_quote,S1,1,0,False,exact_symbol_date_chain_absent
RIVN,2024-05-30,exit_quote,S3,1,0,False,exact_symbol_date_chain_absent
RIVN,2024-06-04,contract_preselection,S1,1,0,False,exact_symbol_date_chain_absent
RIVN,2024-06-04,contract_preselection,S3,1,0,False,exact_symbol_date_chain_absent
RIVN,2024-06-05,entry_quote,S1,1,0,False,exact_symbol_date_chain_absent
RIVN,2024-06-05,entry_quote,S3,1,0,False,exact_symbol_date_chain_absent
RIVN,2024-06-06,exit_quote,S1,1,0,False,exact_symbol_date_chain_absent
RIVN,2024-06-06,exit_quote,S3,1,0,False,exact_symbol_date_chain_absent
RIVN,2024-06-13,contract_preselection,S1,1,0,False,exact_symbol_date_chain_absent
RIVN,2024-06-13,contract_preselection,S3,1,0,False,exact_symbol_date_chain_absent
RIVN,2024-06-14,entry_quote,S1,1,0,False,exact_symbol_date_chain_absent
RIVN,2024-06-14,entry_quote,S3,1,0,False,exact_symbol_date_chain_absent
RIVN,2024-06-17,exit_quote,S1,1,0,False,exact_symbol_date_chain_absent
RIVN,2024-06-17,exit_quote,S3,1,0,False,exact_symbol_date_chain_absent
RIVN,2024-06-21,contract_preselection,S1,1,0,False,exact_symbol_date_chain_absent
RIVN,2024-06-21,contract_preselection,S3,1,0,False,exact_symbol_date_chain_absent
RIVN,2024-06-24,contract_preselection;entry_quote,S1,2,0,False,exact_symbol_date_chain_absent
RIVN,2024-06-24,contract_preselection;entry_quote,S3,2,0,False,exact_symbol_date_chain_absent
RIVN,2024-06-25,entry_quote;exit_quote,S1,2,0,False,exact_symbol_date_chain_absent
RIVN,2024-06-25,entry_quote;exit_quote,S3,2,0,False,exact_symbol_date_chain_absent
RIVN,2024-06-26,exit_quote,S1,1,0,False,exact_symbol_date_chain_absent
RIVN,2024-06-26,exit_quote,S3,1,0,False,exact_symbol_date_chain_absent
RIVN,2024-07-16,contract_preselection,S1,1,0,False,exact_symbol_date_chain_absent
RIVN,2024-07-16,contract_preselection,S3,1,0,False,exact_symbol_date_chain_absent
RIVN,2024-07-17,entry_quote,S1,1,0,False,exact_symbol_date_chain_absent
RIVN,2024-07-17,entry_quote,S3,1,0,False,exact_symbol_date_chain_absent
RIVN,2024-07-18,exit_quote,S1,1,0,False,exact_symbol_date_chain_absent
RIVN,2024-07-18,exit_quote,S3,1,0,False,exact_symbol_date_chain_absent
RIVN,2024-07-29,contract_preselection,S1,1,0,False,exact_symbol_date_chain_absent
RIVN,2024-07-29,contract_preselection,S3,1,0,False,exact_symbol_date_chain_absent
RIVN,2024-07-30,entry_quote,S1,1,0,False,exact_symbol_date_chain_absent
RIVN,2024-07-30,entry_quote,S3,1,0,False,exact_symbol_date_chain_absent
RIVN,2024-07-31,exit_quote,S1,1,0,False,exact_symbol_date_chain_absent
RIVN,2024-07-31,exit_quote,S3,1,0,False,exact_symbol_date_chain_absent
RIVN,2024-08-15,contract_preselection,S1,1,0,False,exact_symbol_date_chain_absent
RIVN,2024-08-15,contract_preselection,S3,1,0,False,exact_symbol_date_chain_absent
RIVN,2024-08-16,contract_preselection;entry_quote,S1,2,0,False,exact_symbol_date_chain_absent
RIVN,2024-08-16,contract_preselection;entry_quote,S3,2,0,False,exact_symbol_date_chain_absent
RIVN,2024-08-19,entry_quote;exit_quote,S1,2,0,False,exact_symbol_date_chain_absent
RIVN,2024-08-19,entry_quote;exit_quote,S3,2,0,False,exact_symbol_date_chain_absent
RIVN,2024-08-20,exit_quote,S1,1,0,False,exact_symbol_date_chain_absent
RIVN,2024-08-20,exit_quote,S3,1,0,False,exact_symbol_date_chain_absent
RIVN,2024-08-27,contract_preselection,S1,1,0,False,exact_symbol_date_chain_absent
RIVN,2024-08-27,contract_preselection,S3,1,0,False,exact_symbol_date_chain_absent
RIVN,2024-08-28,entry_quote,S1,1,0,False,exact_symbol_date_chain_absent
RIVN,2024-08-28,entry_quote,S3,1,0,False,exact_symbol_date_chain_absent
RIVN,2024-08-29,exit_quote,S1,1,0,False,exact_symbol_date_chain_absent
RIVN,2024-08-29,exit_quote,S3,1,0,False,exact_symbol_date_chain_absent
RIVN,2024-09-26,contract_preselection,S1,1,0,False,exact_symbol_date_chain_absent
RIVN,2024-09-26,contract_preselection,S3,1,0,False,exact_symbol_date_chain_absent
RIVN,2024-09-27,entry_quote,S1,1,0,False,exact_symbol_date_chain_absent
RIVN,2024-09-27,entry_quote,S3,1,0,False,exact_symbol_date_chain_absent
RIVN,2024-09-30,exit_quote,S1,1,0,False,exact_symbol_date_chain_absent
RIVN,2024-09-30,exit_quote,S3,1,0,False,exact_symbol_date_chain_absent
RIVN,2024-10-03,contract_preselection,S1,1,0,False,exact_symbol_date_chain_absent
RIVN,2024-10-03,contract_preselection,S3,1,0,False,exact_symbol_date_chain_absent
RIVN,2024-10-04,entry_quote,S1,1,0,False,exact_symbol_date_chain_absent
RIVN,2024-10-04,entry_quote,S3,1,0,False,exact_symbol_date_chain_absent
RIVN,2024-10-07,contract_preselection;exit_quote,S1,2,0,False,exact_symbol_date_chain_absent
RIVN,2024-10-07,contract_preselection;exit_quote,S3,2,0,False,exact_symbol_date_chain_absent
RIVN,2024-10-08,entry_quote,S1,1,0,False,exact_symbol_date_chain_absent
RIVN,2024-10-08,entry_quote,S3,1,0,False,exact_symbol_date_chain_absent
RIVN,2024-10-09,exit_quote,S1,1,0,False,exact_symbol_date_chain_absent
RIVN,2024-10-09,exit_quote,S3,1,0,False,exact_symbol_date_chain_absent
RIVN,2024-10-18,contract_preselection,S1,1,0,False,exact_symbol_date_chain_absent
RIVN,2024-10-18,contract_preselection,S3,1,0,False,exact_symbol_date_chain_absent
RIVN,2024-10-21,entry_quote,S1,1,0,False,exact_symbol_date_chain_absent
RIVN,2024-10-21,entry_quote,S3,1,0,False,exact_symbol_date_chain_absent
RIVN,2024-10-22,exit_quote,S1,1,0,False,exact_symbol_date_chain_absent
RIVN,2024-10-22,exit_quote,S3,1,0,False,exact_symbol_date_chain_absent
RIVN,2024-10-31,contract_preselection,S1,1,0,False,exact_symbol_date_chain_absent
RIVN,2024-10-31,contract_preselection,S3,1,0,False,exact_symbol_date_chain_absent
RIVN,2024-11-01,entry_quote,S1,1,0,False,exact_symbol_date_chain_absent
RIVN,2024-11-01,entry_quote,S3,1,0,False,exact_symbol_date_chain_absent
RIVN,2024-11-04,contract_preselection;exit_quote,S1,2,0,False,exact_symbol_date_chain_absent
RIVN,2024-11-04,contract_preselection;exit_quote,S3,2,0,False,exact_symbol_date_chain_absent
RIVN,2024-11-05,entry_quote,S1,1,0,False,exact_symbol_date_chain_absent
RIVN,2024-11-05,entry_quote,S3,1,0,False,exact_symbol_date_chain_absent
RIVN,2024-11-06,exit_quote,S1,1,0,False,exact_symbol_date_chain_absent
RIVN,2024-11-06,exit_quote,S3,1,0,False,exact_symbol_date_chain_absent
RIVN,2024-11-15,contract_preselection,S1,1,0,False,exact_symbol_date_chain_absent
RIVN,2024-11-15,contract_preselection,S3,1,0,False,exact_symbol_date_chain_absent
RIVN,2024-11-18,entry_quote,S1,1,0,False,exact_symbol_date_chain_absent
RIVN,2024-11-18,entry_quote,S3,1,0,False,exact_symbol_date_chain_absent
RIVN,2024-11-19,contract_preselection;exit_quote,S1,2,0,False,exact_symbol_date_chain_absent
RIVN,2024-11-19,contract_preselection;exit_quote,S3,2,0,False,exact_symbol_date_chain_absent
RIVN,2024-11-20,entry_quote,S1,1,0,False,exact_symbol_date_chain_absent
RIVN,2024-11-20,entry_quote,S3,1,0,False,exact_symbol_date_chain_absent
RIVN,2024-11-21,exit_quote,S1,1,0,False,exact_symbol_date_chain_absent
RIVN,2024-11-21,exit_quote,S3,1,0,False,exact_symbol_date_chain_absent
RIVN,2024-11-26,contract_preselection,S1,1,0,False,exact_symbol_date_chain_absent
RIVN,2024-11-26,contract_preselection,S3,1,0,False,exact_symbol_date_chain_absent
RIVN,2024-11-27,entry_quote,S1,1,0,False,exact_symbol_date_chain_absent
RIVN,2024-11-27,entry_quote,S3,1,0,False,exact_symbol_date_chain_absent
RIVN,2024-11-29,exit_quote,S1,1,0,False,exact_symbol_date_chain_absent
RIVN,2024-11-29,exit_quote,S3,1,0,False,exact_symbol_date_chain_absent
RIVN,2024-12-31,contract_preselection,S1,1,0,False,exact_symbol_date_chain_absent
RIVN,2024-12-31,contract_preselection,S3,1,0,False,exact_symbol_date_chain_absent
RIVN,2025-01-02,entry_quote,S1,1,0,False,exact_symbol_date_chain_absent
RIVN,2025-01-02,entry_quote,S3,1,0,False,exact_symbol_date_chain_absent
RIVN,2025-01-03,contract_preselection;exit_quote,S1,2,0,False,exact_symbol_date_chain_absent
RIVN,2025-01-03,contract_preselection;exit_quote,S3,2,0,False,exact_symbol_date_chain_absent
RIVN,2025-01-06,entry_quote,S1,1,0,False,exact_symbol_date_chain_absent
RIVN,2025-01-06,entry_quote,S3,1,0,False,exact_symbol_date_chain_absent
RIVN,2025-01-07,exit_quote,S1,1,0,False,exact_symbol_date_chain_absent
RIVN,2025-01-07,exit_quote,S3,1,0,False,exact_symbol_date_chain_absent
RIVN,2025-01-16,contract_preselection,S1,1,0,False,exact_symbol_date_chain_absent
RIVN,2025-01-16,contract_preselection,S3,1,0,False,exact_symbol_date_chain_absent
RIVN,2025-01-17,entry_quote,S1,1,0,False,exact_symbol_date_chain_absent
RIVN,2025-01-17,entry_quote,S3,1,0,False,exact_symbol_date_chain_absent
RIVN,2025-01-21,exit_quote,S1,1,0,False,exact_symbol_date_chain_absent
RIVN,2025-01-21,exit_quote,S3,1,0,False,exact_symbol_date_chain_absent
RIVN,2025-03-31,contract_preselection,S1,1,0,False,exact_symbol_date_chain_absent
RIVN,2025-03-31,contract_preselection,S3,1,0,False,exact_symbol_date_chain_absent
RIVN,2025-04-01,entry_quote,S1,1,0,False,exact_symbol_date_chain_absent
RIVN,2025-04-01,entry_quote,S3,1,0,False,exact_symbol_date_chain_absent
RIVN,2025-04-02,exit_quote,S1,1,0,False,exact_symbol_date_chain_absent
RIVN,2025-04-02,exit_quote,S3,1,0,False,exact_symbol_date_chain_absent
RIVN,2025-04-11,contract_preselection,S1,1,0,False,exact_symbol_date_chain_absent
RIVN,2025-04-11,contract_preselection,S3,1,0,False,exact_symbol_date_chain_absent
RIVN,2025-04-14,entry_quote,S1,1,0,False,exact_symbol_date_chain_absent
RIVN,2025-04-14,entry_quote,S3,1,0,False,exact_symbol_date_chain_absent
RIVN,2025-04-15,exit_quote,S1,1,0,False,exact_symbol_date_chain_absent
RIVN,2025-04-15,exit_quote,S3,1,0,False,exact_symbol_date_chain_absent
RIVN,2025-04-29,contract_preselection,S1,1,0,False,exact_symbol_date_chain_absent
RIVN,2025-04-29,contract_preselection,S3,1,0,False,exact_symbol_date_chain_absent
RIVN,2025-04-30,entry_quote,S1,1,0,False,exact_symbol_date_chain_absent
RIVN,2025-04-30,entry_quote,S3,1,0,False,exact_symbol_date_chain_absent
RIVN,2025-05-01,exit_quote,S1,1,0,False,exact_symbol_date_chain_absent
RIVN,2025-05-01,exit_quote,S3,1,0,False,exact_symbol_date_chain_absent
RIVN,2025-05-09,contract_preselection,S1,1,0,False,exact_symbol_date_chain_absent
RIVN,2025-05-09,contract_preselection,S3,1,0,False,exact_symbol_date_chain_absent
RIVN,2025-05-12,entry_quote,S1,1,0,False,exact_symbol_date_chain_absent
RIVN,2025-05-12,entry_quote,S3,1,0,False,exact_symbol_date_chain_absent
RIVN,2025-05-13,exit_quote,S1,1,0,False,exact_symbol_date_chain_absent
RIVN,2025-05-13,exit_quote,S3,1,0,False,exact_symbol_date_chain_absent
RIVN,2025-05-29,contract_preselection,S1,1,0,False,exact_symbol_date_chain_absent
RIVN,2025-05-29,contract_preselection,S3,1,0,False,exact_symbol_date_chain_absent
RIVN,2025-05-30,entry_quote,S1,1,0,False,exact_symbol_date_chain_absent
RIVN,2025-05-30,entry_quote,S3,1,0,False,exact_symbol_date_chain_absent
RIVN,2025-06-02,exit_quote,S1,1,0,False,exact_symbol_date_chain_absent
RIVN,2025-06-02,exit_quote,S3,1,0,False,exact_symbol_date_chain_absent
RIVN,2025-06-06,contract_preselection,S1,1,0,False,exact_symbol_date_chain_absent
RIVN,2025-06-06,contract_preselection,S3,1,0,False,exact_symbol_date_chain_absent
RIVN,2025-06-09,entry_quote,S1,1,0,False,exact_symbol_date_chain_absent
RIVN,2025-06-09,entry_quote,S3,1,0,False,exact_symbol_date_chain_absent
RIVN,2025-06-10,exit_quote,S1,1,0,False,exact_symbol_date_chain_absent
RIVN,2025-06-10,exit_quote,S3,1,0,False,exact_symbol_date_chain_absent
RIVN,2025-06-13,contract_preselection,S1,1,0,False,exact_symbol_date_chain_absent
RIVN,2025-06-13,contract_preselection,S3,1,0,False,exact_symbol_date_chain_absent
RIVN,2025-06-16,entry_quote,S1,1,0,False,exact_symbol_date_chain_absent
RIVN,2025-06-16,entry_quote,S3,1,0,False,exact_symbol_date_chain_absent
RIVN,2025-06-17,exit_quote,S1,1,0,False,exact_symbol_date_chain_absent
RIVN,2025-06-17,exit_quote,S3,1,0,False,exact_symbol_date_chain_absent
RIVN,2025-07-14,contract_preselection,S1,1,0,False,exact_symbol_date_chain_absent
RIVN,2025-07-14,contract_preselection,S3,1,0,False,exact_symbol_date_chain_absent
RIVN,2025-07-15,entry_quote,S1,1,0,False,exact_symbol_date_chain_absent
RIVN,2025-07-15,entry_quote,S3,1,0,False,exact_symbol_date_chain_absent
RIVN,2025-07-16,exit_quote,S1,1,0,False,exact_symbol_date_chain_absent
RIVN,2025-07-16,exit_quote,S3,1,0,False,exact_symbol_date_chain_absent
RIVN,2025-07-24,contract_preselection,S1,1,0,False,exact_symbol_date_chain_absent
RIVN,2025-07-24,contract_preselection,S3,1,0,False,exact_symbol_date_chain_absent
RIVN,2025-07-25,entry_quote,S1,1,0,False,exact_symbol_date_chain_absent
RIVN,2025-07-25,entry_quote,S3,1,0,False,exact_symbol_date_chain_absent
RIVN,2025-07-28,exit_quote,S1,1,0,False,exact_symbol_date_chain_absent
RIVN,2025-07-28,exit_quote,S3,1,0,False,exact_symbol_date_chain_absent
RIVN,2025-08-14,contract_preselection,S1,1,0,False,exact_symbol_date_chain_absent
RIVN,2025-08-14,contract_preselection,S3,1,0,False,exact_symbol_date_chain_absent
RIVN,2025-08-15,entry_quote,S1,1,0,False,exact_symbol_date_chain_absent
RIVN,2025-08-15,entry_quote,S3,1,0,False,exact_symbol_date_chain_absent
RIVN,2025-08-18,exit_quote,S1,1,0,False,exact_symbol_date_chain_absent
RIVN,2025-08-18,exit_quote,S3,1,0,False,exact_symbol_date_chain_absent
RIVN,2025-08-20,contract_preselection,S1,1,0,False,exact_symbol_date_chain_absent
RIVN,2025-08-20,contract_preselection,S3,1,0,False,exact_symbol_date_chain_absent
RIVN,2025-08-21,entry_quote,S1,1,0,False,exact_symbol_date_chain_absent
RIVN,2025-08-21,entry_quote,S3,1,0,False,exact_symbol_date_chain_absent
RIVN,2025-08-22,exit_quote,S1,1,0,False,exact_symbol_date_chain_absent
RIVN,2025-08-22,exit_quote,S3,1,0,False,exact_symbol_date_chain_absent
SMCI,2024-01-16,contract_preselection,S1,1,0,False,exact_symbol_date_chain_absent
SMCI,2024-01-16,contract_preselection,S3,1,0,False,exact_symbol_date_chain_absent
SMCI,2024-01-17,entry_quote,S1,1,0,False,exact_symbol_date_chain_absent
SMCI,2024-01-17,entry_quote,S3,1,0,False,exact_symbol_date_chain_absent
SMCI,2024-01-18,exit_quote,S1,1,0,False,exact_symbol_date_chain_absent
SMCI,2024-01-18,exit_quote,S3,1,0,False,exact_symbol_date_chain_absent
SMCI,2024-01-26,contract_preselection,S1,1,0,False,exact_symbol_date_chain_absent
SMCI,2024-01-26,contract_preselection,S3,1,0,False,exact_symbol_date_chain_absent
SMCI,2024-01-29,entry_quote,S1,1,0,False,exact_symbol_date_chain_absent
SMCI,2024-01-29,entry_quote,S3,1,0,False,exact_symbol_date_chain_absent
SMCI,2024-01-30,exit_quote,S1,1,0,False,exact_symbol_date_chain_absent
SMCI,2024-01-30,exit_quote,S3,1,0,False,exact_symbol_date_chain_absent
SMCI,2024-01-31,contract_preselection,S1,1,0,False,exact_symbol_date_chain_absent
SMCI,2024-01-31,contract_preselection,S3,1,0,False,exact_symbol_date_chain_absent
SMCI,2024-02-01,entry_quote,S1,1,0,False,exact_symbol_date_chain_absent
SMCI,2024-02-01,entry_quote,S3,1,0,False,exact_symbol_date_chain_absent
SMCI,2024-02-02,exit_quote,S1,1,0,False,exact_symbol_date_chain_absent
SMCI,2024-02-02,exit_quote,S3,1,0,False,exact_symbol_date_chain_absent
SMCI,2024-02-06,contract_preselection,S1,1,0,False,exact_symbol_date_chain_absent
SMCI,2024-02-06,contract_preselection,S3,1,0,False,exact_symbol_date_chain_absent
SMCI,2024-02-07,contract_preselection;entry_quote,S1,2,0,False,exact_symbol_date_chain_absent
SMCI,2024-02-07,contract_preselection;entry_quote,S3,2,0,False,exact_symbol_date_chain_absent
SMCI,2024-02-08,entry_quote;exit_quote,S1,2,0,False,exact_symbol_date_chain_absent
SMCI,2024-02-08,entry_quote;exit_quote,S3,2,0,False,exact_symbol_date_chain_absent
SMCI,2024-02-09,exit_quote,S1,1,0,False,exact_symbol_date_chain_absent
SMCI,2024-02-09,exit_quote,S3,1,0,False,exact_symbol_date_chain_absent
SMCI,2024-02-23,contract_preselection,S1,1,0,False,exact_symbol_date_chain_absent
SMCI,2024-02-23,contract_preselection,S3,1,0,False,exact_symbol_date_chain_absent
SMCI,2024-02-26,entry_quote,S1,1,0,False,exact_symbol_date_chain_absent
SMCI,2024-02-26,entry_quote,S3,1,0,False,exact_symbol_date_chain_absent
SMCI,2024-02-27,exit_quote,S1,1,0,False,exact_symbol_date_chain_absent
SMCI,2024-02-27,exit_quote,S3,1,0,False,exact_symbol_date_chain_absent
SMCI,2024-03-15,contract_preselection,S1,1,0,False,exact_symbol_date_chain_absent
SMCI,2024-03-15,contract_preselection,S3,1,0,False,exact_symbol_date_chain_absent
SMCI,2024-03-18,entry_quote,S1,1,0,False,exact_symbol_date_chain_absent
SMCI,2024-03-18,entry_quote,S3,1,0,False,exact_symbol_date_chain_absent
SMCI,2024-03-19,exit_quote,S1,1,0,False,exact_symbol_date_chain_absent
SMCI,2024-03-19,exit_quote,S3,1,0,False,exact_symbol_date_chain_absent
SMCI,2024-03-20,contract_preselection,S1,1,0,False,exact_symbol_date_chain_absent
SMCI,2024-03-20,contract_preselection,S3,1,0,False,exact_symbol_date_chain_absent
SMCI,2024-03-21,entry_quote,S1,1,0,False,exact_symbol_date_chain_absent
SMCI,2024-03-21,entry_quote,S3,1,0,False,exact_symbol_date_chain_absent
SMCI,2024-03-22,exit_quote,S1,1,0,False,exact_symbol_date_chain_absent
SMCI,2024-03-22,exit_quote,S3,1,0,False,exact_symbol_date_chain_absent
SMCI,2024-04-25,contract_preselection,S1,1,0,False,exact_symbol_date_chain_absent
SMCI,2024-04-25,contract_preselection,S3,1,0,False,exact_symbol_date_chain_absent
SMCI,2024-04-26,entry_quote,S1,1,0,False,exact_symbol_date_chain_absent
SMCI,2024-04-26,entry_quote,S3,1,0,False,exact_symbol_date_chain_absent
SMCI,2024-04-29,exit_quote,S1,1,0,False,exact_symbol_date_chain_absent
SMCI,2024-04-29,exit_quote,S3,1,0,False,exact_symbol_date_chain_absent
SMCI,2024-05-01,contract_preselection,S1,1,0,False,exact_symbol_date_chain_absent
SMCI,2024-05-01,contract_preselection,S3,1,0,False,exact_symbol_date_chain_absent
SMCI,2024-05-02,entry_quote,S1,1,0,False,exact_symbol_date_chain_absent
SMCI,2024-05-02,entry_quote,S3,1,0,False,exact_symbol_date_chain_absent
SMCI,2024-05-03,exit_quote,S1,1,0,False,exact_symbol_date_chain_absent
SMCI,2024-05-03,exit_quote,S3,1,0,False,exact_symbol_date_chain_absent
SMCI,2024-05-06,contract_preselection,S1,1,0,False,exact_symbol_date_chain_absent
SMCI,2024-05-06,contract_preselection,S3,1,0,False,exact_symbol_date_chain_absent
SMCI,2024-05-07,contract_preselection;entry_quote,S1,2,0,False,exact_symbol_date_chain_absent
SMCI,2024-05-07,contract_preselection;entry_quote,S3,2,0,False,exact_symbol_date_chain_absent
SMCI,2024-05-08,contract_preselection;entry_quote;exit_quote,S1,3,0,False,exact_symbol_date_chain_absent
SMCI,2024-05-08,contract_preselection;entry_quote;exit_quote,S3,3,0,False,exact_symbol_date_chain_absent
SMCI,2024-05-09,entry_quote;exit_quote,S1,2,0,False,exact_symbol_date_chain_absent
SMCI,2024-05-09,entry_quote;exit_quote,S3,2,0,False,exact_symbol_date_chain_absent
SMCI,2024-05-10,exit_quote,S1,1,0,False,exact_symbol_date_chain_absent
SMCI,2024-05-10,exit_quote,S3,1,0,False,exact_symbol_date_chain_absent
SMCI,2024-05-14,contract_preselection,S1,1,0,False,exact_symbol_date_chain_absent
SMCI,2024-05-14,contract_preselection,S3,1,0,False,exact_symbol_date_chain_absent
SMCI,2024-05-15,entry_quote,S1,1,0,False,exact_symbol_date_chain_absent
SMCI,2024-05-15,entry_quote,S3,1,0,False,exact_symbol_date_chain_absent
SMCI,2024-05-16,exit_quote,S1,1,0,False,exact_symbol_date_chain_absent
SMCI,2024-05-16,exit_quote,S3,1,0,False,exact_symbol_date_chain_absent
SMCI,2024-05-21,contract_preselection,S1,1,0,False,exact_symbol_date_chain_absent
SMCI,2024-05-21,contract_preselection,S3,1,0,False,exact_symbol_date_chain_absent
SMCI,2024-05-22,entry_quote,S1,1,0,False,exact_symbol_date_chain_absent
SMCI,2024-05-22,entry_quote,S3,1,0,False,exact_symbol_date_chain_absent
SMCI,2024-05-23,exit_quote,S1,1,0,False,exact_symbol_date_chain_absent
SMCI,2024-05-23,exit_quote,S3,1,0,False,exact_symbol_date_chain_absent
SMCI,2024-05-24,contract_preselection,S1,1,0,False,exact_symbol_date_chain_absent
SMCI,2024-05-24,contract_preselection,S3,1,0,False,exact_symbol_date_chain_absent
SMCI,2024-05-28,entry_quote,S1,1,0,False,exact_symbol_date_chain_absent
SMCI,2024-05-28,entry_quote,S3,1,0,False,exact_symbol_date_chain_absent
SMCI,2024-05-29,exit_quote,S1,1,0,False,exact_symbol_date_chain_absent
SMCI,2024-05-29,exit_quote,S3,1,0,False,exact_symbol_date_chain_absent
SMCI,2024-06-13,contract_preselection,S1,1,0,False,exact_symbol_date_chain_absent
SMCI,2024-06-13,contract_preselection,S3,1,0,False,exact_symbol_date_chain_absent
SMCI,2024-06-14,contract_preselection;entry_quote,S1,2,0,False,exact_symbol_date_chain_absent
SMCI,2024-06-14,contract_preselection;entry_quote,S3,2,0,False,exact_symbol_date_chain_absent
SMCI,2024-06-17,entry_quote;exit_quote,S1,2,0,False,exact_symbol_date_chain_absent
SMCI,2024-06-17,entry_quote;exit_quote,S3,2,0,False,exact_symbol_date_chain_absent
SMCI,2024-06-18,exit_quote,S1,1,0,False,exact_symbol_date_chain_absent
SMCI,2024-06-18,exit_quote,S3,1,0,False,exact_symbol_date_chain_absent
SMCI,2024-07-11,contract_preselection,S1,1,0,False,exact_symbol_date_chain_absent
SMCI,2024-07-11,contract_preselection,S3,1,0,False,exact_symbol_date_chain_absent
SMCI,2024-07-12,contract_preselection;entry_quote,S1,2,0,False,exact_symbol_date_chain_absent
SMCI,2024-07-12,contract_preselection;entry_quote,S3,2,0,False,exact_symbol_date_chain_absent
SMCI,2024-07-15,entry_quote;exit_quote,S1,2,0,False,exact_symbol_date_chain_absent
SMCI,2024-07-15,entry_quote;exit_quote,S3,2,0,False,exact_symbol_date_chain_absent
SMCI,2024-07-16,exit_quote,S1,1,0,False,exact_symbol_date_chain_absent
SMCI,2024-07-16,exit_quote,S3,1,0,False,exact_symbol_date_chain_absent
SMCI,2024-07-25,contract_preselection,S1,1,0,False,exact_symbol_date_chain_absent
SMCI,2024-07-25,contract_preselection,S3,1,0,False,exact_symbol_date_chain_absent
SMCI,2024-07-26,entry_quote,S1,1,0,False,exact_symbol_date_chain_absent
SMCI,2024-07-26,entry_quote,S3,1,0,False,exact_symbol_date_chain_absent
SMCI,2024-07-29,exit_quote,S1,1,0,False,exact_symbol_date_chain_absent
SMCI,2024-07-29,exit_quote,S3,1,0,False,exact_symbol_date_chain_absent
SMCI,2024-08-09,contract_preselection,S1,1,0,False,exact_symbol_date_chain_absent
SMCI,2024-08-09,contract_preselection,S3,1,0,False,exact_symbol_date_chain_absent
SMCI,2024-08-12,entry_quote,S1,1,0,False,exact_symbol_date_chain_absent
SMCI,2024-08-12,entry_quote,S3,1,0,False,exact_symbol_date_chain_absent
SMCI,2024-08-13,contract_preselection;exit_quote,S1,2,0,False,exact_symbol_date_chain_absent
SMCI,2024-08-13,contract_preselection;exit_quote,S3,2,0,False,exact_symbol_date_chain_absent
SMCI,2024-08-14,entry_quote,S1,1,0,False,exact_symbol_date_chain_absent
SMCI,2024-08-14,entry_quote,S3,1,0,False,exact_symbol_date_chain_absent
SMCI,2024-08-15,exit_quote,S1,1,0,False,exact_symbol_date_chain_absent
SMCI,2024-08-15,exit_quote,S3,1,0,False,exact_symbol_date_chain_absent
SMCI,2024-08-16,contract_preselection,S1,1,0,False,exact_symbol_date_chain_absent
SMCI,2024-08-16,contract_preselection,S3,1,0,False,exact_symbol_date_chain_absent
SMCI,2024-08-19,entry_quote,S1,1,0,False,exact_symbol_date_chain_absent
SMCI,2024-08-19,entry_quote,S3,1,0,False,exact_symbol_date_chain_absent
SMCI,2024-08-20,exit_quote,S1,1,0,False,exact_symbol_date_chain_absent
SMCI,2024-08-20,exit_quote,S3,1,0,False,exact_symbol_date_chain_absent
SMCI,2024-08-22,contract_preselection,S1,1,0,False,exact_symbol_date_chain_absent
SMCI,2024-08-22,contract_preselection,S3,1,0,False,exact_symbol_date_chain_absent
SMCI,2024-08-23,contract_preselection;entry_quote,S1,2,0,False,exact_symbol_date_chain_absent
SMCI,2024-08-23,contract_preselection;entry_quote,S3,2,0,False,exact_symbol_date_chain_absent
SMCI,2024-08-26,contract_preselection;entry_quote;exit_quote,S1,3,0,False,exact_symbol_date_chain_absent
SMCI,2024-08-26,contract_preselection;entry_quote;exit_quote,S3,3,0,False,exact_symbol_date_chain_absent
SMCI,2024-08-27,entry_quote;exit_quote,S1,2,0,False,exact_symbol_date_chain_absent
SMCI,2024-08-27,entry_quote;exit_quote,S3,2,0,False,exact_symbol_date_chain_absent
SMCI,2024-08-28,exit_quote,S1,1,0,False,exact_symbol_date_chain_absent
SMCI,2024-08-28,exit_quote,S3,1,0,False,exact_symbol_date_chain_absent
SMCI,2024-09-05,contract_preselection,S1,1,0,False,exact_symbol_date_chain_absent
SMCI,2024-09-05,contract_preselection,S3,1,0,False,exact_symbol_date_chain_absent
SMCI,2024-09-06,entry_quote,S1,1,0,False,exact_symbol_date_chain_absent
SMCI,2024-09-06,entry_quote,S3,1,0,False,exact_symbol_date_chain_absent
SMCI,2024-09-09,exit_quote,S1,1,0,False,exact_symbol_date_chain_absent
SMCI,2024-09-09,exit_quote,S3,1,0,False,exact_symbol_date_chain_absent
SMCI,2024-09-13,contract_preselection,S1,1,0,False,exact_symbol_date_chain_absent
SMCI,2024-09-13,contract_preselection,S3,1,0,False,exact_symbol_date_chain_absent
SMCI,2024-09-16,entry_quote,S1,1,0,False,exact_symbol_date_chain_absent
SMCI,2024-09-16,entry_quote,S3,1,0,False,exact_symbol_date_chain_absent
SMCI,2024-09-17,exit_quote,S1,1,0,False,exact_symbol_date_chain_absent
SMCI,2024-09-17,exit_quote,S3,1,0,False,exact_symbol_date_chain_absent
SMCI,2024-09-23,contract_preselection,S1,1,0,False,exact_symbol_date_chain_absent
SMCI,2024-09-23,contract_preselection,S3,1,0,False,exact_symbol_date_chain_absent
SMCI,2024-09-24,entry_quote,S1,1,0,False,exact_symbol_date_chain_absent
SMCI,2024-09-24,entry_quote,S3,1,0,False,exact_symbol_date_chain_absent
SMCI,2024-09-25,exit_quote,S1,1,0,False,exact_symbol_date_chain_absent
SMCI,2024-09-25,exit_quote,S3,1,0,False,exact_symbol_date_chain_absent
SMCI,2024-10-01,contract_preselection,S1,1,0,False,exact_symbol_date_chain_absent
SMCI,2024-10-01,contract_preselection,S3,1,0,False,exact_symbol_date_chain_absent
SMCI,2024-10-02,entry_quote,S1,1,0,False,exact_symbol_date_chain_absent
SMCI,2024-10-02,entry_quote,S3,1,0,False,exact_symbol_date_chain_absent
SMCI,2024-10-03,exit_quote,S1,1,0,False,exact_symbol_date_chain_absent
SMCI,2024-10-03,exit_quote,S3,1,0,False,exact_symbol_date_chain_absent
SMCI,2024-10-25,contract_preselection,S1,1,0,False,exact_symbol_date_chain_absent
SMCI,2024-10-25,contract_preselection,S3,1,0,False,exact_symbol_date_chain_absent
SMCI,2024-10-28,entry_quote,S1,1,0,False,exact_symbol_date_chain_absent
SMCI,2024-10-28,entry_quote,S3,1,0,False,exact_symbol_date_chain_absent
SMCI,2024-10-29,exit_quote,S1,1,0,False,exact_symbol_date_chain_absent
SMCI,2024-10-29,exit_quote,S3,1,0,False,exact_symbol_date_chain_absent
SMCI,2024-12-31,contract_preselection,S1,1,0,False,exact_symbol_date_chain_absent
SMCI,2024-12-31,contract_preselection,S3,1,0,False,exact_symbol_date_chain_absent
SMCI,2025-01-02,entry_quote,S1,1,0,False,exact_symbol_date_chain_absent
SMCI,2025-01-02,entry_quote,S3,1,0,False,exact_symbol_date_chain_absent
SMCI,2025-01-03,exit_quote,S1,1,0,False,exact_symbol_date_chain_absent
SMCI,2025-01-03,exit_quote,S3,1,0,False,exact_symbol_date_chain_absent
SMCI,2025-01-07,contract_preselection,S1,1,0,False,exact_symbol_date_chain_absent
SMCI,2025-01-07,contract_preselection,S3,1,0,False,exact_symbol_date_chain_absent
SMCI,2025-01-08,entry_quote,S1,1,0,False,exact_symbol_date_chain_absent
SMCI,2025-01-08,entry_quote,S3,1,0,False,exact_symbol_date_chain_absent
SMCI,2025-01-10,exit_quote,S1,1,0,False,exact_symbol_date_chain_absent
SMCI,2025-01-10,exit_quote,S3,1,0,False,exact_symbol_date_chain_absent
SMCI,2025-01-28,contract_preselection,S1,1,0,False,exact_symbol_date_chain_absent
SMCI,2025-01-28,contract_preselection,S3,1,0,False,exact_symbol_date_chain_absent
SMCI,2025-01-29,entry_quote,S1,1,0,False,exact_symbol_date_chain_absent
SMCI,2025-01-29,entry_quote,S3,1,0,False,exact_symbol_date_chain_absent
SMCI,2025-01-30,exit_quote,S1,1,0,False,exact_symbol_date_chain_absent
SMCI,2025-01-30,exit_quote,S3,1,0,False,exact_symbol_date_chain_absent
SMCI,2025-03-13,contract_preselection,S1,1,0,False,exact_symbol_date_chain_absent
SMCI,2025-03-13,contract_preselection,S3,1,0,False,exact_symbol_date_chain_absent
SMCI,2025-03-14,entry_quote,S1,1,0,False,exact_symbol_date_chain_absent
SMCI,2025-03-14,entry_quote,S3,1,0,False,exact_symbol_date_chain_absent
SMCI,2025-03-17,exit_quote,S1,1,0,False,exact_symbol_date_chain_absent
SMCI,2025-03-17,exit_quote,S3,1,0,False,exact_symbol_date_chain_absent
SMCI,2025-03-19,contract_preselection,S1,1,0,False,exact_symbol_date_chain_absent
SMCI,2025-03-19,contract_preselection,S3,1,0,False,exact_symbol_date_chain_absent
SMCI,2025-03-20,entry_quote,S1,1,0,False,exact_symbol_date_chain_absent
SMCI,2025-03-20,entry_quote,S3,1,0,False,exact_symbol_date_chain_absent
SMCI,2025-03-21,exit_quote,S1,1,0,False,exact_symbol_date_chain_absent
SMCI,2025-03-21,exit_quote,S3,1,0,False,exact_symbol_date_chain_absent
SMCI,2025-03-26,contract_preselection,S1,1,0,False,exact_symbol_date_chain_absent
SMCI,2025-03-26,contract_preselection,S3,1,0,False,exact_symbol_date_chain_absent
SMCI,2025-03-27,entry_quote,S1,1,0,False,exact_symbol_date_chain_absent
SMCI,2025-03-27,entry_quote,S3,1,0,False,exact_symbol_date_chain_absent
SMCI,2025-03-28,exit_quote,S1,1,0,False,exact_symbol_date_chain_absent
SMCI,2025-03-28,exit_quote,S3,1,0,False,exact_symbol_date_chain_absent
SMCI,2025-04-10,contract_preselection,S1,1,0,False,exact_symbol_date_chain_absent
SMCI,2025-04-10,contract_preselection,S3,1,0,False,exact_symbol_date_chain_absent
SMCI,2025-04-11,entry_quote,S1,1,0,False,exact_symbol_date_chain_absent
SMCI,2025-04-11,entry_quote,S3,1,0,False,exact_symbol_date_chain_absent
SMCI,2025-04-14,contract_preselection;exit_quote,S1,2,0,False,exact_symbol_date_chain_absent
SMCI,2025-04-14,contract_preselection;exit_quote,S3,2,0,False,exact_symbol_date_chain_absent
SMCI,2025-04-15,entry_quote,S1,1,0,False,exact_symbol_date_chain_absent
SMCI,2025-04-15,entry_quote,S3,1,0,False,exact_symbol_date_chain_absent
SMCI,2025-04-16,exit_quote,S1,1,0,False,exact_symbol_date_chain_absent
SMCI,2025-04-16,exit_quote,S3,1,0,False,exact_symbol_date_chain_absent
SMCI,2025-04-17,contract_preselection,S1,1,0,False,exact_symbol_date_chain_absent
SMCI,2025-04-17,contract_preselection,S3,1,0,False,exact_symbol_date_chain_absent
SMCI,2025-04-21,entry_quote,S1,1,0,False,exact_symbol_date_chain_absent
SMCI,2025-04-21,entry_quote,S3,1,0,False,exact_symbol_date_chain_absent
SMCI,2025-04-22,exit_quote,S1,1,0,False,exact_symbol_date_chain_absent
SMCI,2025-04-22,exit_quote,S3,1,0,False,exact_symbol_date_chain_absent
SMCI,2025-05-28,contract_preselection,S1,1,0,False,exact_symbol_date_chain_absent
SMCI,2025-05-28,contract_preselection,S3,1,0,False,exact_symbol_date_chain_absent
SMCI,2025-05-29,contract_preselection;entry_quote,S1,2,0,False,exact_symbol_date_chain_absent
SMCI,2025-05-29,contract_preselection;entry_quote,S3,2,0,False,exact_symbol_date_chain_absent
SMCI,2025-05-30,entry_quote;exit_quote,S1,2,0,False,exact_symbol_date_chain_absent
SMCI,2025-05-30,entry_quote;exit_quote,S3,2,0,False,exact_symbol_date_chain_absent
SMCI,2025-06-02,exit_quote,S1,1,0,False,exact_symbol_date_chain_absent
SMCI,2025-06-02,exit_quote,S3,1,0,False,exact_symbol_date_chain_absent
SMCI,2025-06-05,contract_preselection,S1,1,0,False,exact_symbol_date_chain_absent
SMCI,2025-06-05,contract_preselection,S3,1,0,False,exact_symbol_date_chain_absent
SMCI,2025-06-06,contract_preselection;entry_quote,S1,2,0,False,exact_symbol_date_chain_absent
SMCI,2025-06-06,contract_preselection;entry_quote,S3,2,0,False,exact_symbol_date_chain_absent
SMCI,2025-06-09,entry_quote;exit_quote,S1,2,0,False,exact_symbol_date_chain_absent
SMCI,2025-06-09,entry_quote;exit_quote,S3,2,0,False,exact_symbol_date_chain_absent
SMCI,2025-06-10,exit_quote,S1,1,0,False,exact_symbol_date_chain_absent
SMCI,2025-06-10,exit_quote,S3,1,0,False,exact_symbol_date_chain_absent
SMCI,2025-06-12,contract_preselection,S1,1,0,False,exact_symbol_date_chain_absent
SMCI,2025-06-12,contract_preselection,S3,1,0,False,exact_symbol_date_chain_absent
SMCI,2025-06-13,entry_quote,S1,1,0,False,exact_symbol_date_chain_absent
SMCI,2025-06-13,entry_quote,S3,1,0,False,exact_symbol_date_chain_absent
SMCI,2025-06-16,exit_quote,S1,1,0,False,exact_symbol_date_chain_absent
SMCI,2025-06-16,exit_quote,S3,1,0,False,exact_symbol_date_chain_absent
SMCI,2025-06-23,contract_preselection,S1,1,0,False,exact_symbol_date_chain_absent
SMCI,2025-06-23,contract_preselection,S3,1,0,False,exact_symbol_date_chain_absent
SMCI,2025-06-24,entry_quote,S1,1,0,False,exact_symbol_date_chain_absent
SMCI,2025-06-24,entry_quote,S3,1,0,False,exact_symbol_date_chain_absent
SMCI,2025-06-25,exit_quote,S1,1,0,False,exact_symbol_date_chain_absent
SMCI,2025-06-25,exit_quote,S3,1,0,False,exact_symbol_date_chain_absent
SMCI,2025-06-26,contract_preselection,S1,1,0,False,exact_symbol_date_chain_absent
SMCI,2025-06-26,contract_preselection,S3,1,0,False,exact_symbol_date_chain_absent
SMCI,2025-06-27,entry_quote,S1,1,0,False,exact_symbol_date_chain_absent
SMCI,2025-06-27,entry_quote,S3,1,0,False,exact_symbol_date_chain_absent
SMCI,2025-06-30,exit_quote,S1,1,0,False,exact_symbol_date_chain_absent
SMCI,2025-06-30,exit_quote,S3,1,0,False,exact_symbol_date_chain_absent
SMCI,2025-07-16,contract_preselection,S1,1,0,False,exact_symbol_date_chain_absent
SMCI,2025-07-16,contract_preselection,S3,1,0,False,exact_symbol_date_chain_absent
SMCI,2025-07-17,entry_quote,S1,1,0,False,exact_symbol_date_chain_absent
SMCI,2025-07-17,entry_quote,S3,1,0,False,exact_symbol_date_chain_absent
SMCI,2025-07-18,exit_quote,S1,1,0,False,exact_symbol_date_chain_absent
SMCI,2025-07-18,exit_quote,S3,1,0,False,exact_symbol_date_chain_absent
SMCI,2025-08-04,contract_preselection,S1,1,0,False,exact_symbol_date_chain_absent
SMCI,2025-08-04,contract_preselection,S3,1,0,False,exact_symbol_date_chain_absent
SMCI,2025-08-05,entry_quote,S1,1,0,False,exact_symbol_date_chain_absent
SMCI,2025-08-05,entry_quote,S3,1,0,False,exact_symbol_date_chain_absent
SMCI,2025-08-06,exit_quote,S1,1,0,False,exact_symbol_date_chain_absent
SMCI,2025-08-06,exit_quote,S3,1,0,False,exact_symbol_date_chain_absent
SMCI,2025-08-12,contract_preselection,S1,1,0,False,exact_symbol_date_chain_absent
SMCI,2025-08-12,contract_preselection,S3,1,0,False,exact_symbol_date_chain_absent
SMCI,2025-08-13,entry_quote,S1,1,0,False,exact_symbol_date_chain_absent
SMCI,2025-08-13,entry_quote,S3,1,0,False,exact_symbol_date_chain_absent
SMCI,2025-08-14,exit_quote,S1,1,0,False,exact_symbol_date_chain_absent
SMCI,2025-08-14,exit_quote,S3,1,0,False,exact_symbol_date_chain_absent
SMCI,2025-08-20,contract_preselection,S1,1,0,False,exact_symbol_date_chain_absent
SMCI,2025-08-20,contract_preselection,S3,1,0,False,exact_symbol_date_chain_absent
SMCI,2025-08-21,entry_quote,S1,1,0,False,exact_symbol_date_chain_absent
SMCI,2025-08-21,entry_quote,S3,1,0,False,exact_symbol_date_chain_absent
SMCI,2025-08-22,exit_quote,S1,1,0,False,exact_symbol_date_chain_absent
SMCI,2025-08-22,exit_quote,S3,1,0,False,exact_symbol_date_chain_absent
SOFI,2024-02-07,contract_preselection,S1,1,0,False,exact_symbol_date_chain_absent
SOFI,2024-02-07,contract_preselection,S3,1,0,False,exact_symbol_date_chain_absent
SOFI,2024-02-08,contract_preselection;entry_quote,S1,2,0,False,exact_symbol_date_chain_absent
SOFI,2024-02-08,contract_preselection;entry_quote,S3,2,0,False,exact_symbol_date_chain_absent
SOFI,2024-02-09,entry_quote;exit_quote,S1,2,0,False,exact_symbol_date_chain_absent
SOFI,2024-02-09,entry_quote;exit_quote,S3,2,0,False,exact_symbol_date_chain_absent
SOFI,2024-02-12,exit_quote,S1,1,0,False,exact_symbol_date_chain_absent
SOFI,2024-02-12,exit_quote,S3,1,0,False,exact_symbol_date_chain_absent
SOFI,2024-02-14,contract_preselection,S1,1,0,False,exact_symbol_date_chain_absent
SOFI,2024-02-14,contract_preselection,S3,1,0,False,exact_symbol_date_chain_absent
SOFI,2024-02-15,entry_quote,S1,1,0,False,exact_symbol_date_chain_absent
SOFI,2024-02-15,entry_quote,S3,1,0,False,exact_symbol_date_chain_absent
SOFI,2024-02-16,exit_quote,S1,1,0,False,exact_symbol_date_chain_absent
SOFI,2024-02-16,exit_quote,S3,1,0,False,exact_symbol_date_chain_absent
SOFI,2024-02-22,contract_preselection,S1,1,0,False,exact_symbol_date_chain_absent
SOFI,2024-02-22,contract_preselection,S3,1,0,False,exact_symbol_date_chain_absent
SOFI,2024-02-23,entry_quote,S1,1,0,False,exact_symbol_date_chain_absent
SOFI,2024-02-23,entry_quote,S3,1,0,False,exact_symbol_date_chain_absent
SOFI,2024-02-26,exit_quote,S1,1,0,False,exact_symbol_date_chain_absent
SOFI,2024-02-26,exit_quote,S3,1,0,False,exact_symbol_date_chain_absent
SOFI,2024-03-06,contract_preselection,S1,1,0,False,exact_symbol_date_chain_absent
SOFI,2024-03-06,contract_preselection,S3,1,0,False,exact_symbol_date_chain_absent
SOFI,2024-03-07,entry_quote,S1,1,0,False,exact_symbol_date_chain_absent
SOFI,2024-03-07,entry_quote,S3,1,0,False,exact_symbol_date_chain_absent
SOFI,2024-03-08,exit_quote,S1,1,0,False,exact_symbol_date_chain_absent
SOFI,2024-03-08,exit_quote,S3,1,0,False,exact_symbol_date_chain_absent
SOFI,2024-03-14,contract_preselection,S1,1,0,False,exact_symbol_date_chain_absent
SOFI,2024-03-14,contract_preselection,S3,1,0,False,exact_symbol_date_chain_absent
SOFI,2024-03-15,entry_quote,S1,1,0,False,exact_symbol_date_chain_absent
SOFI,2024-03-15,entry_quote,S3,1,0,False,exact_symbol_date_chain_absent
SOFI,2024-03-18,exit_quote,S1,1,0,False,exact_symbol_date_chain_absent
SOFI,2024-03-18,exit_quote,S3,1,0,False,exact_symbol_date_chain_absent
SOFI,2024-04-04,contract_preselection,S1,1,0,False,exact_symbol_date_chain_absent
SOFI,2024-04-04,contract_preselection,S3,1,0,False,exact_symbol_date_chain_absent
SOFI,2024-04-05,entry_quote,S1,1,0,False,exact_symbol_date_chain_absent
SOFI,2024-04-05,entry_quote,S3,1,0,False,exact_symbol_date_chain_absent
SOFI,2024-04-08,exit_quote,S1,1,0,False,exact_symbol_date_chain_absent
SOFI,2024-04-08,exit_quote,S3,1,0,False,exact_symbol_date_chain_absent
SOFI,2024-04-09,contract_preselection,S1,1,0,False,exact_symbol_date_chain_absent
SOFI,2024-04-09,contract_preselection,S3,1,0,False,exact_symbol_date_chain_absent
SOFI,2024-04-10,entry_quote,S1,1,0,False,exact_symbol_date_chain_absent
SOFI,2024-04-10,entry_quote,S3,1,0,False,exact_symbol_date_chain_absent
SOFI,2024-04-11,exit_quote,S1,1,0,False,exact_symbol_date_chain_absent
SOFI,2024-04-11,exit_quote,S3,1,0,False,exact_symbol_date_chain_absent
SOFI,2024-04-15,contract_preselection,S1,1,0,False,exact_symbol_date_chain_absent
SOFI,2024-04-15,contract_preselection,S3,1,0,False,exact_symbol_date_chain_absent
SOFI,2024-04-16,entry_quote,S1,1,0,False,exact_symbol_date_chain_absent
SOFI,2024-04-16,entry_quote,S3,1,0,False,exact_symbol_date_chain_absent
SOFI,2024-04-17,contract_preselection;exit_quote,S1,2,0,False,exact_symbol_date_chain_absent
SOFI,2024-04-17,contract_preselection;exit_quote,S3,2,0,False,exact_symbol_date_chain_absent
SOFI,2024-04-18,entry_quote,S1,1,0,False,exact_symbol_date_chain_absent
SOFI,2024-04-18,entry_quote,S3,1,0,False,exact_symbol_date_chain_absent
SOFI,2024-04-19,exit_quote,S1,1,0,False,exact_symbol_date_chain_absent
SOFI,2024-04-19,exit_quote,S3,1,0,False,exact_symbol_date_chain_absent
SOFI,2024-04-25,contract_preselection,S1,1,0,False,exact_symbol_date_chain_absent
SOFI,2024-04-25,contract_preselection,S3,1,0,False,exact_symbol_date_chain_absent
SOFI,2024-04-26,entry_quote,S1,1,0,False,exact_symbol_date_chain_absent
SOFI,2024-04-26,entry_quote,S3,1,0,False,exact_symbol_date_chain_absent
SOFI,2024-04-29,exit_quote,S1,1,0,False,exact_symbol_date_chain_absent
SOFI,2024-04-29,exit_quote,S3,1,0,False,exact_symbol_date_chain_absent
SOFI,2024-05-13,contract_preselection,S1,1,0,False,exact_symbol_date_chain_absent
SOFI,2024-05-13,contract_preselection,S3,1,0,False,exact_symbol_date_chain_absent
SOFI,2024-05-14,entry_quote,S1,1,0,False,exact_symbol_date_chain_absent
SOFI,2024-05-14,entry_quote,S3,1,0,False,exact_symbol_date_chain_absent
SOFI,2024-05-15,contract_preselection;exit_quote,S1,2,0,False,exact_symbol_date_chain_absent
SOFI,2024-05-15,contract_preselection;exit_quote,S3,2,0,False,exact_symbol_date_chain_absent
SOFI,2024-05-16,contract_preselection;entry_quote,S1,2,0,False,exact_symbol_date_chain_absent
SOFI,2024-05-16,contract_preselection;entry_quote,S3,2,0,False,exact_symbol_date_chain_absent
SOFI,2024-05-17,entry_quote;exit_quote,S1,2,0,False,exact_symbol_date_chain_absent
SOFI,2024-05-17,entry_quote;exit_quote,S3,2,0,False,exact_symbol_date_chain_absent
SOFI,2024-05-20,exit_quote,S1,1,0,False,exact_symbol_date_chain_absent
SOFI,2024-05-20,exit_quote,S3,1,0,False,exact_symbol_date_chain_absent
SOFI,2024-05-22,contract_preselection,S1,1,0,False,exact_symbol_date_chain_absent
SOFI,2024-05-22,contract_preselection,S3,1,0,False,exact_symbol_date_chain_absent
SOFI,2024-05-23,entry_quote,S1,1,0,False,exact_symbol_date_chain_absent
SOFI,2024-05-23,entry_quote,S3,1,0,False,exact_symbol_date_chain_absent
SOFI,2024-05-24,exit_quote,S1,1,0,False,exact_symbol_date_chain_absent
SOFI,2024-05-24,exit_quote,S3,1,0,False,exact_symbol_date_chain_absent
SOFI,2024-05-30,contract_preselection,S1,1,0,False,exact_symbol_date_chain_absent
SOFI,2024-05-30,contract_preselection,S3,1,0,False,exact_symbol_date_chain_absent
SOFI,2024-05-31,contract_preselection;entry_quote,S1,2,0,False,exact_symbol_date_chain_absent
SOFI,2024-05-31,contract_preselection;entry_quote,S3,2,0,False,exact_symbol_date_chain_absent
SOFI,2024-06-03,entry_quote;exit_quote,S1,2,0,False,exact_symbol_date_chain_absent
SOFI,2024-06-03,entry_quote;exit_quote,S3,2,0,False,exact_symbol_date_chain_absent
SOFI,2024-06-04,exit_quote,S1,1,0,False,exact_symbol_date_chain_absent
SOFI,2024-06-04,exit_quote,S3,1,0,False,exact_symbol_date_chain_absent
SOFI,2024-06-13,contract_preselection,S1,1,0,False,exact_symbol_date_chain_absent
SOFI,2024-06-13,contract_preselection,S3,1,0,False,exact_symbol_date_chain_absent
SOFI,2024-06-14,contract_preselection;entry_quote,S1,2,0,False,exact_symbol_date_chain_absent
SOFI,2024-06-14,contract_preselection;entry_quote,S3,2,0,False,exact_symbol_date_chain_absent
SOFI,2024-06-17,entry_quote;exit_quote,S1,2,0,False,exact_symbol_date_chain_absent
SOFI,2024-06-17,entry_quote;exit_quote,S3,2,0,False,exact_symbol_date_chain_absent
SOFI,2024-06-18,exit_quote,S1,1,0,False,exact_symbol_date_chain_absent
SOFI,2024-06-18,exit_quote,S3,1,0,False,exact_symbol_date_chain_absent
SOFI,2024-07-03,contract_preselection,S1,1,0,False,exact_symbol_date_chain_absent
SOFI,2024-07-03,contract_preselection,S3,1,0,False,exact_symbol_date_chain_absent
SOFI,2024-07-05,entry_quote,S1,1,0,False,exact_symbol_date_chain_absent
SOFI,2024-07-05,entry_quote,S3,1,0,False,exact_symbol_date_chain_absent
SOFI,2024-07-08,exit_quote,S1,1,0,False,exact_symbol_date_chain_absent
SOFI,2024-07-08,exit_quote,S3,1,0,False,exact_symbol_date_chain_absent
SOFI,2024-07-16,contract_preselection,S1,1,0,False,exact_symbol_date_chain_absent
SOFI,2024-07-16,contract_preselection,S3,1,0,False,exact_symbol_date_chain_absent
SOFI,2024-07-17,entry_quote,S1,1,0,False,exact_symbol_date_chain_absent
SOFI,2024-07-17,entry_quote,S3,1,0,False,exact_symbol_date_chain_absent
SOFI,2024-07-18,exit_quote,S1,1,0,False,exact_symbol_date_chain_absent
SOFI,2024-07-18,exit_quote,S3,1,0,False,exact_symbol_date_chain_absent
SOFI,2024-07-26,contract_preselection,S1,1,0,False,exact_symbol_date_chain_absent
SOFI,2024-07-26,contract_preselection,S3,1,0,False,exact_symbol_date_chain_absent
SOFI,2024-07-29,contract_preselection;entry_quote,S1,2,0,False,exact_symbol_date_chain_absent
SOFI,2024-07-29,contract_preselection;entry_quote,S3,2,0,False,exact_symbol_date_chain_absent
SOFI,2024-07-30,entry_quote;exit_quote,S1,2,0,False,exact_symbol_date_chain_absent
SOFI,2024-07-30,entry_quote;exit_quote,S3,2,0,False,exact_symbol_date_chain_absent
SOFI,2024-07-31,contract_preselection;exit_quote,S1,2,0,False,exact_symbol_date_chain_absent
SOFI,2024-07-31,contract_preselection;exit_quote,S3,2,0,False,exact_symbol_date_chain_absent
SOFI,2024-08-01,entry_quote,S1,1,0,False,exact_symbol_date_chain_absent
SOFI,2024-08-01,entry_quote,S3,1,0,False,exact_symbol_date_chain_absent
SOFI,2024-08-02,exit_quote,S1,1,0,False,exact_symbol_date_chain_absent
SOFI,2024-08-02,exit_quote,S3,1,0,False,exact_symbol_date_chain_absent
SOFI,2024-08-06,contract_preselection,S1,1,0,False,exact_symbol_date_chain_absent
SOFI,2024-08-06,contract_preselection,S3,1,0,False,exact_symbol_date_chain_absent
SOFI,2024-08-07,entry_quote,S1,1,0,False,exact_symbol_date_chain_absent
SOFI,2024-08-07,entry_quote,S3,1,0,False,exact_symbol_date_chain_absent
SOFI,2024-08-08,exit_quote,S1,1,0,False,exact_symbol_date_chain_absent
SOFI,2024-08-08,exit_quote,S3,1,0,False,exact_symbol_date_chain_absent
SOFI,2024-08-22,contract_preselection,S1,1,0,False,exact_symbol_date_chain_absent
SOFI,2024-08-22,contract_preselection,S3,1,0,False,exact_symbol_date_chain_absent
SOFI,2024-08-23,contract_preselection;entry_quote,S1,2,0,False,exact_symbol_date_chain_absent
SOFI,2024-08-23,contract_preselection;entry_quote,S3,2,0,False,exact_symbol_date_chain_absent
SOFI,2024-08-26,entry_quote;exit_quote,S1,2,0,False,exact_symbol_date_chain_absent
SOFI,2024-08-26,entry_quote;exit_quote,S3,2,0,False,exact_symbol_date_chain_absent
SOFI,2024-08-27,contract_preselection;exit_quote,S1,2,0,False,exact_symbol_date_chain_absent
SOFI,2024-08-27,contract_preselection;exit_quote,S3,2,0,False,exact_symbol_date_chain_absent
SOFI,2024-08-28,entry_quote,S1,1,0,False,exact_symbol_date_chain_absent
SOFI,2024-08-28,entry_quote,S3,1,0,False,exact_symbol_date_chain_absent
SOFI,2024-08-29,exit_quote,S1,1,0,False,exact_symbol_date_chain_absent
SOFI,2024-08-29,exit_quote,S3,1,0,False,exact_symbol_date_chain_absent
SOFI,2024-09-12,contract_preselection,S1,1,0,False,exact_symbol_date_chain_absent
SOFI,2024-09-12,contract_preselection,S3,1,0,False,exact_symbol_date_chain_absent
SOFI,2024-09-13,entry_quote,S1,1,0,False,exact_symbol_date_chain_absent
SOFI,2024-09-13,entry_quote,S3,1,0,False,exact_symbol_date_chain_absent
SOFI,2024-09-16,exit_quote,S1,1,0,False,exact_symbol_date_chain_absent
SOFI,2024-09-16,exit_quote,S3,1,0,False,exact_symbol_date_chain_absent
SOFI,2024-10-21,contract_preselection,S1,1,0,False,exact_symbol_date_chain_absent
SOFI,2024-10-21,contract_preselection,S3,1,0,False,exact_symbol_date_chain_absent
SOFI,2024-10-22,entry_quote,S1,1,0,False,exact_symbol_date_chain_absent
SOFI,2024-10-22,entry_quote,S3,1,0,False,exact_symbol_date_chain_absent
SOFI,2024-10-23,exit_quote,S1,1,0,False,exact_symbol_date_chain_absent
SOFI,2024-10-23,exit_quote,S3,1,0,False,exact_symbol_date_chain_absent
SOFI,2024-11-12,contract_preselection,S1,1,0,False,exact_symbol_date_chain_absent
SOFI,2024-11-12,contract_preselection,S3,1,0,False,exact_symbol_date_chain_absent
SOFI,2024-11-13,entry_quote,S1,1,0,False,exact_symbol_date_chain_absent
SOFI,2024-11-13,entry_quote,S3,1,0,False,exact_symbol_date_chain_absent
SOFI,2024-11-14,exit_quote,S1,1,0,False,exact_symbol_date_chain_absent
SOFI,2024-11-14,exit_quote,S3,1,0,False,exact_symbol_date_chain_absent
SOFI,2024-12-03,contract_preselection,S1,1,0,False,exact_symbol_date_chain_absent
SOFI,2024-12-03,contract_preselection,S3,1,0,False,exact_symbol_date_chain_absent
SOFI,2024-12-04,entry_quote,S1,1,0,False,exact_symbol_date_chain_absent
SOFI,2024-12-04,entry_quote,S3,1,0,False,exact_symbol_date_chain_absent
SOFI,2024-12-05,exit_quote,S1,1,0,False,exact_symbol_date_chain_absent
SOFI,2024-12-05,exit_quote,S3,1,0,False,exact_symbol_date_chain_absent
SOFI,2024-12-12,contract_preselection,S1,1,0,False,exact_symbol_date_chain_absent
SOFI,2024-12-12,contract_preselection,S3,1,0,False,exact_symbol_date_chain_absent
SOFI,2024-12-13,entry_quote,S1,1,0,False,exact_symbol_date_chain_absent
SOFI,2024-12-13,entry_quote,S3,1,0,False,exact_symbol_date_chain_absent
SOFI,2024-12-16,exit_quote,S1,1,0,False,exact_symbol_date_chain_absent
SOFI,2024-12-16,exit_quote,S3,1,0,False,exact_symbol_date_chain_absent
SOFI,2024-12-24,contract_preselection,S1,1,0,False,exact_symbol_date_chain_absent
SOFI,2024-12-24,contract_preselection,S3,1,0,False,exact_symbol_date_chain_absent
SOFI,2024-12-26,entry_quote,S1,1,0,False,exact_symbol_date_chain_absent
SOFI,2024-12-26,entry_quote,S3,1,0,False,exact_symbol_date_chain_absent
SOFI,2024-12-27,exit_quote,S1,1,0,False,exact_symbol_date_chain_absent
SOFI,2024-12-27,exit_quote,S3,1,0,False,exact_symbol_date_chain_absent
SOFI,2024-12-30,contract_preselection,S1,1,0,False,exact_symbol_date_chain_absent
SOFI,2024-12-30,contract_preselection,S3,1,0,False,exact_symbol_date_chain_absent
SOFI,2024-12-31,entry_quote,S1,1,0,False,exact_symbol_date_chain_absent
SOFI,2024-12-31,entry_quote,S3,1,0,False,exact_symbol_date_chain_absent
SOFI,2025-01-02,contract_preselection;exit_quote,S1,2,0,False,exact_symbol_date_chain_absent
SOFI,2025-01-02,contract_preselection;exit_quote,S3,2,0,False,exact_symbol_date_chain_absent
SOFI,2025-01-03,entry_quote,S1,1,0,False,exact_symbol_date_chain_absent
SOFI,2025-01-03,entry_quote,S3,1,0,False,exact_symbol_date_chain_absent
SOFI,2025-01-06,exit_quote,S1,1,0,False,exact_symbol_date_chain_absent
SOFI,2025-01-06,exit_quote,S3,1,0,False,exact_symbol_date_chain_absent
SOFI,2025-01-22,contract_preselection,S1,1,0,False,exact_symbol_date_chain_absent
SOFI,2025-01-22,contract_preselection,S3,1,0,False,exact_symbol_date_chain_absent
SOFI,2025-01-23,entry_quote,S1,1,0,False,exact_symbol_date_chain_absent
SOFI,2025-01-23,entry_quote,S3,1,0,False,exact_symbol_date_chain_absent
SOFI,2025-01-24,exit_quote,S1,1,0,False,exact_symbol_date_chain_absent
SOFI,2025-01-24,exit_quote,S3,1,0,False,exact_symbol_date_chain_absent
SOFI,2025-02-07,contract_preselection,S1,1,0,False,exact_symbol_date_chain_absent
SOFI,2025-02-07,contract_preselection,S3,1,0,False,exact_symbol_date_chain_absent
SOFI,2025-02-10,entry_quote,S1,1,0,False,exact_symbol_date_chain_absent
SOFI,2025-02-10,entry_quote,S3,1,0,False,exact_symbol_date_chain_absent
SOFI,2025-02-11,contract_preselection;exit_quote,S1,2,0,False,exact_symbol_date_chain_absent
SOFI,2025-02-11,contract_preselection;exit_quote,S3,2,0,False,exact_symbol_date_chain_absent
SOFI,2025-02-12,entry_quote,S1,1,0,False,exact_symbol_date_chain_absent
SOFI,2025-02-12,entry_quote,S3,1,0,False,exact_symbol_date_chain_absent
SOFI,2025-02-13,exit_quote,S1,1,0,False,exact_symbol_date_chain_absent
SOFI,2025-02-13,exit_quote,S3,1,0,False,exact_symbol_date_chain_absent
SOFI,2025-02-14,contract_preselection,S1,1,0,False,exact_symbol_date_chain_absent
SOFI,2025-02-14,contract_preselection,S3,1,0,False,exact_symbol_date_chain_absent
SOFI,2025-02-18,entry_quote,S1,1,0,False,exact_symbol_date_chain_absent
SOFI,2025-02-18,entry_quote,S3,1,0,False,exact_symbol_date_chain_absent
SOFI,2025-02-19,exit_quote,S1,1,0,False,exact_symbol_date_chain_absent
SOFI,2025-02-19,exit_quote,S3,1,0,False,exact_symbol_date_chain_absent
SOFI,2025-03-03,contract_preselection,S1,1,0,False,exact_symbol_date_chain_absent
SOFI,2025-03-03,contract_preselection,S3,1,0,False,exact_symbol_date_chain_absent
SOFI,2025-03-04,entry_quote,S1,1,0,False,exact_symbol_date_chain_absent
SOFI,2025-03-04,entry_quote,S3,1,0,False,exact_symbol_date_chain_absent
SOFI,2025-03-05,exit_quote,S1,1,0,False,exact_symbol_date_chain_absent
SOFI,2025-03-05,exit_quote,S3,1,0,False,exact_symbol_date_chain_absent
SOFI,2025-03-06,contract_preselection,S1,1,0,False,exact_symbol_date_chain_absent
SOFI,2025-03-06,contract_preselection,S3,1,0,False,exact_symbol_date_chain_absent
SOFI,2025-03-07,entry_quote,S1,1,0,False,exact_symbol_date_chain_absent
SOFI,2025-03-07,entry_quote,S3,1,0,False,exact_symbol_date_chain_absent
SOFI,2025-03-10,exit_quote,S1,1,0,False,exact_symbol_date_chain_absent
SOFI,2025-03-10,exit_quote,S3,1,0,False,exact_symbol_date_chain_absent
SOFI,2025-03-14,contract_preselection,S1,1,0,False,exact_symbol_date_chain_absent
SOFI,2025-03-14,contract_preselection,S3,1,0,False,exact_symbol_date_chain_absent
SOFI,2025-03-17,entry_quote,S1,1,0,False,exact_symbol_date_chain_absent
SOFI,2025-03-17,entry_quote,S3,1,0,False,exact_symbol_date_chain_absent
SOFI,2025-03-18,exit_quote,S1,1,0,False,exact_symbol_date_chain_absent
SOFI,2025-03-18,exit_quote,S3,1,0,False,exact_symbol_date_chain_absent
SOFI,2025-03-24,contract_preselection,S1,1,0,False,exact_symbol_date_chain_absent
SOFI,2025-03-24,contract_preselection,S3,1,0,False,exact_symbol_date_chain_absent
SOFI,2025-03-25,entry_quote,S1,1,0,False,exact_symbol_date_chain_absent
SOFI,2025-03-25,entry_quote,S3,1,0,False,exact_symbol_date_chain_absent
SOFI,2025-03-26,contract_preselection;exit_quote,S1,2,0,False,exact_symbol_date_chain_absent
SOFI,2025-03-26,contract_preselection;exit_quote,S3,2,0,False,exact_symbol_date_chain_absent
SOFI,2025-03-27,entry_quote,S1,1,0,False,exact_symbol_date_chain_absent
SOFI,2025-03-27,entry_quote,S3,1,0,False,exact_symbol_date_chain_absent
SOFI,2025-03-28,exit_quote,S1,1,0,False,exact_symbol_date_chain_absent
SOFI,2025-03-28,exit_quote,S3,1,0,False,exact_symbol_date_chain_absent
SOFI,2025-03-31,contract_preselection,S1,1,0,False,exact_symbol_date_chain_absent
SOFI,2025-03-31,contract_preselection,S3,1,0,False,exact_symbol_date_chain_absent
SOFI,2025-04-01,contract_preselection;entry_quote,S1,2,0,False,exact_symbol_date_chain_absent
SOFI,2025-04-01,contract_preselection;entry_quote,S3,2,0,False,exact_symbol_date_chain_absent
SOFI,2025-04-02,entry_quote;exit_quote,S1,2,0,False,exact_symbol_date_chain_absent
SOFI,2025-04-02,entry_quote;exit_quote,S3,2,0,False,exact_symbol_date_chain_absent
SOFI,2025-04-03,exit_quote,S1,1,0,False,exact_symbol_date_chain_absent
SOFI,2025-04-03,exit_quote,S3,1,0,False,exact_symbol_date_chain_absent
SOFI,2025-04-10,contract_preselection,S1,1,0,False,exact_symbol_date_chain_absent
SOFI,2025-04-10,contract_preselection,S3,1,0,False,exact_symbol_date_chain_absent
SOFI,2025-04-11,entry_quote,S1,1,0,False,exact_symbol_date_chain_absent
SOFI,2025-04-11,entry_quote,S3,1,0,False,exact_symbol_date_chain_absent
SOFI,2025-04-14,exit_quote,S1,1,0,False,exact_symbol_date_chain_absent
SOFI,2025-04-14,exit_quote,S3,1,0,False,exact_symbol_date_chain_absent
SOFI,2025-05-07,contract_preselection,S1,1,0,False,exact_symbol_date_chain_absent
SOFI,2025-05-07,contract_preselection,S3,1,0,False,exact_symbol_date_chain_absent
SOFI,2025-05-08,entry_quote,S1,1,0,False,exact_symbol_date_chain_absent
SOFI,2025-05-08,entry_quote,S3,1,0,False,exact_symbol_date_chain_absent
SOFI,2025-05-09,exit_quote,S1,1,0,False,exact_symbol_date_chain_absent
SOFI,2025-05-09,exit_quote,S3,1,0,False,exact_symbol_date_chain_absent
SOFI,2025-05-13,contract_preselection,S1,1,0,False,exact_symbol_date_chain_absent
SOFI,2025-05-13,contract_preselection,S3,1,0,False,exact_symbol_date_chain_absent
SOFI,2025-05-14,entry_quote,S1,1,0,False,exact_symbol_date_chain_absent
SOFI,2025-05-14,entry_quote,S3,1,0,False,exact_symbol_date_chain_absent
SOFI,2025-05-15,exit_quote,S1,1,0,False,exact_symbol_date_chain_absent
SOFI,2025-05-15,exit_quote,S3,1,0,False,exact_symbol_date_chain_absent
SOFI,2025-05-29,contract_preselection,S1,1,0,False,exact_symbol_date_chain_absent
SOFI,2025-05-29,contract_preselection,S3,1,0,False,exact_symbol_date_chain_absent
SOFI,2025-05-30,entry_quote,S1,1,0,False,exact_symbol_date_chain_absent
SOFI,2025-05-30,entry_quote,S3,1,0,False,exact_symbol_date_chain_absent
SOFI,2025-06-02,exit_quote,S1,1,0,False,exact_symbol_date_chain_absent
SOFI,2025-06-02,exit_quote,S3,1,0,False,exact_symbol_date_chain_absent
SOFI,2025-06-09,contract_preselection,S1,1,0,False,exact_symbol_date_chain_absent
SOFI,2025-06-09,contract_preselection,S3,1,0,False,exact_symbol_date_chain_absent
SOFI,2025-06-10,contract_preselection;entry_quote,S1,2,0,False,exact_symbol_date_chain_absent
SOFI,2025-06-10,contract_preselection;entry_quote,S3,2,0,False,exact_symbol_date_chain_absent
SOFI,2025-06-11,entry_quote;exit_quote,S1,2,0,False,exact_symbol_date_chain_absent
SOFI,2025-06-11,entry_quote;exit_quote,S3,2,0,False,exact_symbol_date_chain_absent
SOFI,2025-06-12,exit_quote,S1,1,0,False,exact_symbol_date_chain_absent
SOFI,2025-06-12,exit_quote,S3,1,0,False,exact_symbol_date_chain_absent
SOFI,2025-06-20,contract_preselection,S1,1,0,False,exact_symbol_date_chain_absent
SOFI,2025-06-20,contract_preselection,S3,1,0,False,exact_symbol_date_chain_absent
SOFI,2025-06-23,contract_preselection;entry_quote,S1,2,0,False,exact_symbol_date_chain_absent
SOFI,2025-06-23,contract_preselection;entry_quote,S3,2,0,False,exact_symbol_date_chain_absent
SOFI,2025-06-24,entry_quote;exit_quote,S1,2,0,False,exact_symbol_date_chain_absent
SOFI,2025-06-24,entry_quote;exit_quote,S3,2,0,False,exact_symbol_date_chain_absent
SOFI,2025-06-25,exit_quote,S1,1,0,False,exact_symbol_date_chain_absent
SOFI,2025-06-25,exit_quote,S3,1,0,False,exact_symbol_date_chain_absent
SOFI,2025-07-11,contract_preselection,S1,1,0,False,exact_symbol_date_chain_absent
SOFI,2025-07-11,contract_preselection,S3,1,0,False,exact_symbol_date_chain_absent
SOFI,2025-07-14,entry_quote,S1,1,0,False,exact_symbol_date_chain_absent
SOFI,2025-07-14,entry_quote,S3,1,0,False,exact_symbol_date_chain_absent
SOFI,2025-07-15,contract_preselection;exit_quote,S1,2,0,False,exact_symbol_date_chain_absent
SOFI,2025-07-15,contract_preselection;exit_quote,S3,2,0,False,exact_symbol_date_chain_absent
SOFI,2025-07-16,entry_quote,S1,1,0,False,exact_symbol_date_chain_absent
SOFI,2025-07-16,entry_quote,S3,1,0,False,exact_symbol_date_chain_absent
SOFI,2025-07-17,exit_quote,S1,1,0,False,exact_symbol_date_chain_absent
SOFI,2025-07-17,exit_quote,S3,1,0,False,exact_symbol_date_chain_absent
SOFI,2025-07-24,contract_preselection,S1,1,0,False,exact_symbol_date_chain_absent
SOFI,2025-07-24,contract_preselection,S3,1,0,False,exact_symbol_date_chain_absent
SOFI,2025-07-25,contract_preselection;entry_quote,S1,2,0,False,exact_symbol_date_chain_absent
SOFI,2025-07-25,contract_preselection;entry_quote,S3,2,0,False,exact_symbol_date_chain_absent
SOFI,2025-07-28,entry_quote;exit_quote,S1,2,0,False,exact_symbol_date_chain_absent
SOFI,2025-07-28,entry_quote;exit_quote,S3,2,0,False,exact_symbol_date_chain_absent
SOFI,2025-07-29,exit_quote,S1,1,0,False,exact_symbol_date_chain_absent
SOFI,2025-07-29,exit_quote,S3,1,0,False,exact_symbol_date_chain_absent
SOFI,2025-07-31,contract_preselection,S1,1,0,False,exact_symbol_date_chain_absent
SOFI,2025-07-31,contract_preselection,S3,1,0,False,exact_symbol_date_chain_absent
SOFI,2025-08-01,entry_quote,S1,1,0,False,exact_symbol_date_chain_absent
SOFI,2025-08-01,entry_quote,S3,1,0,False,exact_symbol_date_chain_absent
SOFI,2025-08-04,exit_quote,S1,1,0,False,exact_symbol_date_chain_absent
SOFI,2025-08-04,exit_quote,S3,1,0,False,exact_symbol_date_chain_absent
WULF,2024-01-22,contract_preselection,S1,1,2,False,S1_bounded_chain_coverage_absent
WULF,2024-01-22,contract_preselection,S3,1,2,False,S3_bounded_chain_coverage_absent
WULF,2024-01-23,entry_quote,S1,1,2,False,S1_bounded_chain_coverage_absent
WULF,2024-01-23,entry_quote,S3,1,2,False,S3_bounded_chain_coverage_absent
WULF,2024-01-24,exit_quote,S1,1,2,False,S1_bounded_chain_coverage_absent
WULF,2024-01-24,exit_quote,S3,1,2,False,S3_bounded_chain_coverage_absent
WULF,2024-01-31,contract_preselection,S1,1,0,False,exact_symbol_date_chain_absent
WULF,2024-01-31,contract_preselection,S3,1,0,False,exact_symbol_date_chain_absent
WULF,2024-02-01,entry_quote,S1,1,0,False,exact_symbol_date_chain_absent
WULF,2024-02-01,entry_quote,S3,1,0,False,exact_symbol_date_chain_absent
WULF,2024-02-02,exit_quote,S1,1,0,False,exact_symbol_date_chain_absent
WULF,2024-02-02,exit_quote,S3,1,0,False,exact_symbol_date_chain_absent
WULF,2024-02-05,contract_preselection,S1,1,0,False,exact_symbol_date_chain_absent
WULF,2024-02-05,contract_preselection,S3,1,0,False,exact_symbol_date_chain_absent
WULF,2024-02-06,contract_preselection;entry_quote,S1,2,0,False,exact_symbol_date_chain_absent
WULF,2024-02-06,contract_preselection;entry_quote,S3,2,0,False,exact_symbol_date_chain_absent
WULF,2024-02-07,entry_quote;exit_quote,S1,2,0,False,exact_symbol_date_chain_absent
WULF,2024-02-07,entry_quote;exit_quote,S3,2,0,False,exact_symbol_date_chain_absent
WULF,2024-02-08,exit_quote,S1,1,0,False,exact_symbol_date_chain_absent
WULF,2024-02-08,exit_quote,S3,1,0,False,exact_symbol_date_chain_absent
WULF,2024-02-16,contract_preselection,S1,1,0,False,exact_symbol_date_chain_absent
WULF,2024-02-16,contract_preselection,S3,1,0,False,exact_symbol_date_chain_absent
WULF,2024-02-20,contract_preselection;entry_quote,S1,2,0,False,exact_symbol_date_chain_absent
WULF,2024-02-20,contract_preselection;entry_quote,S3,2,0,False,exact_symbol_date_chain_absent
WULF,2024-02-21,entry_quote;exit_quote,S1,2,0,False,exact_symbol_date_chain_absent
WULF,2024-02-21,entry_quote;exit_quote,S3,2,0,False,exact_symbol_date_chain_absent
WULF,2024-02-22,exit_quote,S1,1,0,False,exact_symbol_date_chain_absent
WULF,2024-02-22,exit_quote,S3,1,0,False,exact_symbol_date_chain_absent
WULF,2024-02-28,contract_preselection,S1,1,0,False,exact_symbol_date_chain_absent
WULF,2024-02-28,contract_preselection,S3,1,0,False,exact_symbol_date_chain_absent
WULF,2024-02-29,entry_quote,S1,1,0,False,exact_symbol_date_chain_absent
WULF,2024-02-29,entry_quote,S3,1,0,False,exact_symbol_date_chain_absent
WULF,2024-03-01,exit_quote,S1,1,0,False,exact_symbol_date_chain_absent
WULF,2024-03-01,exit_quote,S3,1,0,False,exact_symbol_date_chain_absent
WULF,2024-03-28,contract_preselection,S1,1,0,False,exact_symbol_date_chain_absent
WULF,2024-03-28,contract_preselection,S3,1,0,False,exact_symbol_date_chain_absent
WULF,2024-04-01,entry_quote,S1,1,0,False,exact_symbol_date_chain_absent
WULF,2024-04-01,entry_quote,S3,1,0,False,exact_symbol_date_chain_absent
WULF,2024-04-02,exit_quote,S1,1,0,False,exact_symbol_date_chain_absent
WULF,2024-04-02,exit_quote,S3,1,0,False,exact_symbol_date_chain_absent
WULF,2024-04-10,contract_preselection,S1,1,0,False,exact_symbol_date_chain_absent
WULF,2024-04-10,contract_preselection,S3,1,0,False,exact_symbol_date_chain_absent
WULF,2024-04-11,entry_quote,S1,1,0,False,exact_symbol_date_chain_absent
WULF,2024-04-11,entry_quote,S3,1,0,False,exact_symbol_date_chain_absent
WULF,2024-04-12,exit_quote,S1,1,0,False,exact_symbol_date_chain_absent
WULF,2024-04-12,exit_quote,S3,1,0,False,exact_symbol_date_chain_absent
WULF,2024-04-17,contract_preselection,S1,1,0,False,exact_symbol_date_chain_absent
WULF,2024-04-17,contract_preselection,S3,1,0,False,exact_symbol_date_chain_absent
WULF,2024-04-18,entry_quote,S1,1,0,False,exact_symbol_date_chain_absent
WULF,2024-04-18,entry_quote,S3,1,0,False,exact_symbol_date_chain_absent
WULF,2024-04-19,exit_quote,S1,1,0,False,exact_symbol_date_chain_absent
WULF,2024-04-19,exit_quote,S3,1,0,False,exact_symbol_date_chain_absent
WULF,2024-04-24,contract_preselection,S1,1,0,False,exact_symbol_date_chain_absent
WULF,2024-04-24,contract_preselection,S3,1,0,False,exact_symbol_date_chain_absent
WULF,2024-04-25,entry_quote,S1,1,0,False,exact_symbol_date_chain_absent
WULF,2024-04-25,entry_quote,S3,1,0,False,exact_symbol_date_chain_absent
WULF,2024-04-26,exit_quote,S1,1,0,False,exact_symbol_date_chain_absent
WULF,2024-04-26,exit_quote,S3,1,0,False,exact_symbol_date_chain_absent
WULF,2024-05-06,contract_preselection,S1,1,0,False,exact_symbol_date_chain_absent
WULF,2024-05-06,contract_preselection,S3,1,0,False,exact_symbol_date_chain_absent
WULF,2024-05-07,contract_preselection;entry_quote,S1,2,0,False,exact_symbol_date_chain_absent
WULF,2024-05-07,contract_preselection;entry_quote,S3,2,0,False,exact_symbol_date_chain_absent
WULF,2024-05-08,entry_quote;exit_quote,S1,2,0,False,exact_symbol_date_chain_absent
WULF,2024-05-08,entry_quote;exit_quote,S3,2,0,False,exact_symbol_date_chain_absent
WULF,2024-05-09,exit_quote,S1,1,0,False,exact_symbol_date_chain_absent
WULF,2024-05-09,exit_quote,S3,1,0,False,exact_symbol_date_chain_absent
WULF,2024-05-13,contract_preselection,S1,1,0,False,exact_symbol_date_chain_absent
WULF,2024-05-13,contract_preselection,S3,1,0,False,exact_symbol_date_chain_absent
WULF,2024-05-14,entry_quote,S1,1,0,False,exact_symbol_date_chain_absent
WULF,2024-05-14,entry_quote,S3,1,0,False,exact_symbol_date_chain_absent
WULF,2024-05-15,exit_quote,S1,1,0,False,exact_symbol_date_chain_absent
WULF,2024-05-15,exit_quote,S3,1,0,False,exact_symbol_date_chain_absent
WULF,2024-05-17,contract_preselection,S1,1,0,False,exact_symbol_date_chain_absent
WULF,2024-05-17,contract_preselection,S3,1,0,False,exact_symbol_date_chain_absent
WULF,2024-05-20,entry_quote,S1,1,0,False,exact_symbol_date_chain_absent
WULF,2024-05-20,entry_quote,S3,1,0,False,exact_symbol_date_chain_absent
WULF,2024-05-21,exit_quote,S1,1,0,False,exact_symbol_date_chain_absent
WULF,2024-05-21,exit_quote,S3,1,0,False,exact_symbol_date_chain_absent
WULF,2024-06-07,contract_preselection,S1,1,0,False,exact_symbol_date_chain_absent
WULF,2024-06-07,contract_preselection,S3,1,0,False,exact_symbol_date_chain_absent
WULF,2024-06-10,entry_quote,S1,1,0,False,exact_symbol_date_chain_absent
WULF,2024-06-10,entry_quote,S3,1,0,False,exact_symbol_date_chain_absent
WULF,2024-06-11,exit_quote,S1,1,0,False,exact_symbol_date_chain_absent
WULF,2024-06-11,exit_quote,S3,1,0,False,exact_symbol_date_chain_absent
WULF,2024-06-13,contract_preselection,S1,1,0,False,exact_symbol_date_chain_absent
WULF,2024-06-13,contract_preselection,S3,1,0,False,exact_symbol_date_chain_absent
WULF,2024-06-14,entry_quote,S1,1,0,False,exact_symbol_date_chain_absent
WULF,2024-06-14,entry_quote,S3,1,0,False,exact_symbol_date_chain_absent
WULF,2024-06-17,exit_quote,S1,1,0,False,exact_symbol_date_chain_absent
WULF,2024-06-17,exit_quote,S3,1,0,False,exact_symbol_date_chain_absent
WULF,2024-06-21,contract_preselection,S1,1,0,False,exact_symbol_date_chain_absent
WULF,2024-06-21,contract_preselection,S3,1,0,False,exact_symbol_date_chain_absent
WULF,2024-06-24,contract_preselection;entry_quote,S1,2,0,False,exact_symbol_date_chain_absent
WULF,2024-06-24,contract_preselection;entry_quote,S3,2,0,False,exact_symbol_date_chain_absent
WULF,2024-06-25,entry_quote;exit_quote,S1,2,0,False,exact_symbol_date_chain_absent
WULF,2024-06-25,entry_quote;exit_quote,S3,2,0,False,exact_symbol_date_chain_absent
WULF,2024-06-26,exit_quote,S1,1,0,False,exact_symbol_date_chain_absent
WULF,2024-06-26,exit_quote,S3,1,0,False,exact_symbol_date_chain_absent
WULF,2024-06-28,contract_preselection,S1,1,0,False,exact_symbol_date_chain_absent
WULF,2024-06-28,contract_preselection,S3,1,0,False,exact_symbol_date_chain_absent
WULF,2024-07-01,contract_preselection;entry_quote,S1,2,0,False,exact_symbol_date_chain_absent
WULF,2024-07-01,contract_preselection;entry_quote,S3,2,0,False,exact_symbol_date_chain_absent
WULF,2024-07-02,entry_quote;exit_quote,S1,2,0,False,exact_symbol_date_chain_absent
WULF,2024-07-02,entry_quote;exit_quote,S3,2,0,False,exact_symbol_date_chain_absent
WULF,2024-07-03,exit_quote,S1,1,0,False,exact_symbol_date_chain_absent
WULF,2024-07-03,exit_quote,S3,1,0,False,exact_symbol_date_chain_absent
WULF,2024-07-09,contract_preselection,S1,1,0,False,exact_symbol_date_chain_absent
WULF,2024-07-09,contract_preselection,S3,1,0,False,exact_symbol_date_chain_absent
WULF,2024-07-10,entry_quote,S1,1,0,False,exact_symbol_date_chain_absent
WULF,2024-07-10,entry_quote,S3,1,0,False,exact_symbol_date_chain_absent
WULF,2024-07-11,exit_quote,S1,1,0,False,exact_symbol_date_chain_absent
WULF,2024-07-11,exit_quote,S3,1,0,False,exact_symbol_date_chain_absent
WULF,2024-07-15,contract_preselection,S1,1,0,False,exact_symbol_date_chain_absent
WULF,2024-07-15,contract_preselection,S3,1,0,False,exact_symbol_date_chain_absent
WULF,2024-07-16,entry_quote,S1,1,0,False,exact_symbol_date_chain_absent
WULF,2024-07-16,entry_quote,S3,1,0,False,exact_symbol_date_chain_absent
WULF,2024-07-17,exit_quote,S1,1,0,False,exact_symbol_date_chain_absent
WULF,2024-07-17,exit_quote,S3,1,0,False,exact_symbol_date_chain_absent
WULF,2024-07-18,contract_preselection,S1,1,0,False,exact_symbol_date_chain_absent
WULF,2024-07-18,contract_preselection,S3,1,0,False,exact_symbol_date_chain_absent
WULF,2024-07-19,contract_preselection;entry_quote,S1,2,0,False,exact_symbol_date_chain_absent
WULF,2024-07-19,contract_preselection;entry_quote,S3,2,0,False,exact_symbol_date_chain_absent
WULF,2024-07-22,entry_quote;exit_quote,S1,2,0,False,exact_symbol_date_chain_absent
WULF,2024-07-22,entry_quote;exit_quote,S3,2,0,False,exact_symbol_date_chain_absent
WULF,2024-07-23,exit_quote,S1,1,0,False,exact_symbol_date_chain_absent
WULF,2024-07-23,exit_quote,S3,1,0,False,exact_symbol_date_chain_absent
WULF,2024-08-06,contract_preselection,S1,1,0,False,exact_symbol_date_chain_absent
WULF,2024-08-06,contract_preselection,S3,1,0,False,exact_symbol_date_chain_absent
WULF,2024-08-07,entry_quote,S1,1,0,False,exact_symbol_date_chain_absent
WULF,2024-08-07,entry_quote,S3,1,0,False,exact_symbol_date_chain_absent
WULF,2024-08-08,exit_quote,S1,1,0,False,exact_symbol_date_chain_absent
WULF,2024-08-08,exit_quote,S3,1,0,False,exact_symbol_date_chain_absent
WULF,2024-08-13,contract_preselection,S1,1,0,False,exact_symbol_date_chain_absent
WULF,2024-08-13,contract_preselection,S3,1,0,False,exact_symbol_date_chain_absent
WULF,2024-08-14,entry_quote,S1,1,0,False,exact_symbol_date_chain_absent
WULF,2024-08-14,entry_quote,S3,1,0,False,exact_symbol_date_chain_absent
WULF,2024-08-15,exit_quote,S1,1,0,False,exact_symbol_date_chain_absent
WULF,2024-08-15,exit_quote,S3,1,0,False,exact_symbol_date_chain_absent
WULF,2024-08-19,contract_preselection,S1,1,0,False,exact_symbol_date_chain_absent
WULF,2024-08-19,contract_preselection,S3,1,0,False,exact_symbol_date_chain_absent
WULF,2024-08-20,entry_quote,S1,1,0,False,exact_symbol_date_chain_absent
WULF,2024-08-20,entry_quote,S3,1,0,False,exact_symbol_date_chain_absent
WULF,2024-08-21,exit_quote,S1,1,0,False,exact_symbol_date_chain_absent
WULF,2024-08-21,exit_quote,S3,1,0,False,exact_symbol_date_chain_absent
WULF,2024-08-22,contract_preselection,S1,1,0,False,exact_symbol_date_chain_absent
WULF,2024-08-22,contract_preselection,S3,1,0,False,exact_symbol_date_chain_absent
WULF,2024-08-23,contract_preselection;entry_quote,S1,2,0,False,exact_symbol_date_chain_absent
WULF,2024-08-23,contract_preselection;entry_quote,S3,2,0,False,exact_symbol_date_chain_absent
WULF,2024-08-26,contract_preselection;entry_quote;exit_quote,S1,3,0,False,exact_symbol_date_chain_absent
WULF,2024-08-26,contract_preselection;entry_quote;exit_quote,S3,3,0,False,exact_symbol_date_chain_absent
WULF,2024-08-27,contract_preselection;entry_quote;exit_quote,S1,3,0,False,exact_symbol_date_chain_absent
WULF,2024-08-27,contract_preselection;entry_quote;exit_quote,S3,3,0,False,exact_symbol_date_chain_absent
WULF,2024-08-28,entry_quote;exit_quote,S1,2,0,False,exact_symbol_date_chain_absent
WULF,2024-08-28,entry_quote;exit_quote,S3,2,0,False,exact_symbol_date_chain_absent
WULF,2024-08-29,exit_quote,S1,1,0,False,exact_symbol_date_chain_absent
WULF,2024-08-29,exit_quote,S3,1,0,False,exact_symbol_date_chain_absent
WULF,2024-09-09,contract_preselection,S1,1,0,False,exact_symbol_date_chain_absent
WULF,2024-09-09,contract_preselection,S3,1,0,False,exact_symbol_date_chain_absent
WULF,2024-09-10,contract_preselection;entry_quote,S1,2,0,False,exact_symbol_date_chain_absent
WULF,2024-09-10,contract_preselection;entry_quote,S3,2,0,False,exact_symbol_date_chain_absent
WULF,2024-09-11,entry_quote;exit_quote,S1,2,0,False,exact_symbol_date_chain_absent
WULF,2024-09-11,entry_quote;exit_quote,S3,2,0,False,exact_symbol_date_chain_absent
WULF,2024-09-12,exit_quote,S1,1,0,False,exact_symbol_date_chain_absent
WULF,2024-09-12,exit_quote,S3,1,0,False,exact_symbol_date_chain_absent
WULF,2024-09-19,contract_preselection,S1,1,0,False,exact_symbol_date_chain_absent
WULF,2024-09-19,contract_preselection,S3,1,0,False,exact_symbol_date_chain_absent
WULF,2024-09-20,contract_preselection;entry_quote,S1,2,0,False,exact_symbol_date_chain_absent
WULF,2024-09-20,contract_preselection;entry_quote,S3,2,0,False,exact_symbol_date_chain_absent
WULF,2024-09-23,entry_quote;exit_quote,S1,2,0,False,exact_symbol_date_chain_absent
WULF,2024-09-23,entry_quote;exit_quote,S3,2,0,False,exact_symbol_date_chain_absent
WULF,2024-09-24,contract_preselection;exit_quote,S1,2,0,False,exact_symbol_date_chain_absent
WULF,2024-09-24,contract_preselection;exit_quote,S3,2,0,False,exact_symbol_date_chain_absent
WULF,2024-09-25,entry_quote,S1,1,0,False,exact_symbol_date_chain_absent
WULF,2024-09-25,entry_quote,S3,1,0,False,exact_symbol_date_chain_absent
WULF,2024-09-26,exit_quote,S1,1,2,False,S1_bounded_chain_coverage_absent
WULF,2024-09-26,exit_quote,S3,1,2,False,S3_bounded_chain_coverage_absent
WULF,2024-10-10,contract_preselection,S1,1,1,False,S1_bounded_chain_coverage_absent
WULF,2024-10-10,contract_preselection,S3,1,1,False,S3_bounded_chain_coverage_absent
WULF,2024-10-11,contract_preselection;entry_quote,S1,2,0,False,exact_symbol_date_chain_absent
WULF,2024-10-11,contract_preselection;entry_quote,S3,2,0,False,exact_symbol_date_chain_absent
WULF,2024-10-14,entry_quote;exit_quote,S1,2,1,False,S1_bounded_chain_coverage_absent
WULF,2024-10-14,entry_quote;exit_quote,S3,2,1,False,S3_bounded_chain_coverage_absent
WULF,2024-10-15,exit_quote,S1,1,1,False,S1_bounded_chain_coverage_absent
WULF,2024-10-15,exit_quote,S3,1,1,False,S3_bounded_chain_coverage_absent
WULF,2024-10-21,contract_preselection,S1,1,2,False,S1_bounded_chain_coverage_absent
WULF,2024-10-21,contract_preselection,S3,1,2,False,S3_bounded_chain_coverage_absent
WULF,2024-10-22,entry_quote,S1,1,2,False,S1_bounded_chain_coverage_absent
WULF,2024-10-22,entry_quote,S3,1,2,False,S3_bounded_chain_coverage_absent
WULF,2024-10-23,exit_quote,S1,1,2,False,S1_bounded_chain_coverage_absent
WULF,2024-10-23,exit_quote,S3,1,2,False,S3_bounded_chain_coverage_absent
WULF,2024-10-30,contract_preselection,S1,1,2,False,S1_bounded_chain_coverage_absent
WULF,2024-10-30,contract_preselection,S3,1,2,False,S3_bounded_chain_coverage_absent
WULF,2024-10-31,contract_preselection;entry_quote,S1,2,2,False,S1_bounded_chain_coverage_absent
WULF,2024-10-31,contract_preselection;entry_quote,S3,2,2,False,S3_bounded_chain_coverage_absent
WULF,2024-11-01,entry_quote;exit_quote,S1,2,0,False,exact_symbol_date_chain_absent
WULF,2024-11-01,entry_quote;exit_quote,S3,2,0,False,exact_symbol_date_chain_absent
WULF,2024-11-04,exit_quote,S1,1,2,False,S1_bounded_chain_coverage_absent
WULF,2024-11-04,exit_quote,S3,1,2,False,S3_bounded_chain_coverage_absent
WULF,2024-11-25,contract_preselection,S1,1,0,False,exact_symbol_date_chain_absent
WULF,2024-11-25,contract_preselection,S3,1,0,False,exact_symbol_date_chain_absent
WULF,2024-11-26,entry_quote,S1,1,0,False,exact_symbol_date_chain_absent
WULF,2024-11-26,entry_quote,S3,1,0,False,exact_symbol_date_chain_absent
WULF,2024-11-27,exit_quote,S1,1,0,False,exact_symbol_date_chain_absent
WULF,2024-11-27,exit_quote,S3,1,0,False,exact_symbol_date_chain_absent
WULF,2024-11-29,contract_preselection,S1,1,0,False,exact_symbol_date_chain_absent
WULF,2024-11-29,contract_preselection,S3,1,0,False,exact_symbol_date_chain_absent
WULF,2024-12-02,contract_preselection;entry_quote,S1,2,0,False,exact_symbol_date_chain_absent
WULF,2024-12-02,contract_preselection;entry_quote,S3,2,0,False,exact_symbol_date_chain_absent
WULF,2024-12-03,entry_quote;exit_quote,S1,2,0,False,exact_symbol_date_chain_absent
WULF,2024-12-03,entry_quote;exit_quote,S3,2,0,False,exact_symbol_date_chain_absent
WULF,2024-12-04,exit_quote,S1,1,0,False,exact_symbol_date_chain_absent
WULF,2024-12-04,exit_quote,S3,1,0,False,exact_symbol_date_chain_absent
WULF,2024-12-10,contract_preselection,S1,1,0,False,exact_symbol_date_chain_absent
WULF,2024-12-10,contract_preselection,S3,1,0,False,exact_symbol_date_chain_absent
WULF,2024-12-11,entry_quote,S1,1,0,False,exact_symbol_date_chain_absent
WULF,2024-12-11,entry_quote,S3,1,0,False,exact_symbol_date_chain_absent
WULF,2024-12-12,exit_quote,S1,1,0,False,exact_symbol_date_chain_absent
WULF,2024-12-12,exit_quote,S3,1,0,False,exact_symbol_date_chain_absent
WULF,2025-01-08,contract_preselection,S1,1,0,False,exact_symbol_date_chain_absent
WULF,2025-01-08,contract_preselection,S3,1,0,False,exact_symbol_date_chain_absent
WULF,2025-01-10,entry_quote,S1,1,0,False,exact_symbol_date_chain_absent
WULF,2025-01-10,entry_quote,S3,1,0,False,exact_symbol_date_chain_absent
WULF,2025-01-13,exit_quote,S1,1,0,False,exact_symbol_date_chain_absent
WULF,2025-01-13,exit_quote,S3,1,0,False,exact_symbol_date_chain_absent
WULF,2025-02-11,contract_preselection,S1,1,0,False,exact_symbol_date_chain_absent
WULF,2025-02-11,contract_preselection,S3,1,0,False,exact_symbol_date_chain_absent
WULF,2025-02-12,entry_quote,S1,1,0,False,exact_symbol_date_chain_absent
WULF,2025-02-12,entry_quote,S3,1,0,False,exact_symbol_date_chain_absent
WULF,2025-02-13,contract_preselection;exit_quote,S1,2,0,False,exact_symbol_date_chain_absent
WULF,2025-02-13,contract_preselection;exit_quote,S3,2,0,False,exact_symbol_date_chain_absent
WULF,2025-02-14,entry_quote,S1,1,0,False,exact_symbol_date_chain_absent
WULF,2025-02-14,entry_quote,S3,1,0,False,exact_symbol_date_chain_absent
WULF,2025-02-18,exit_quote,S1,1,0,False,exact_symbol_date_chain_absent
WULF,2025-02-18,exit_quote,S3,1,0,False,exact_symbol_date_chain_absent
WULF,2025-03-04,contract_preselection,S1,1,0,False,exact_symbol_date_chain_absent
WULF,2025-03-04,contract_preselection,S3,1,0,False,exact_symbol_date_chain_absent
WULF,2025-03-05,entry_quote,S1,1,0,False,exact_symbol_date_chain_absent
WULF,2025-03-05,entry_quote,S3,1,0,False,exact_symbol_date_chain_absent
WULF,2025-03-06,contract_preselection;exit_quote,S1,2,0,False,exact_symbol_date_chain_absent
WULF,2025-03-06,contract_preselection;exit_quote,S3,2,0,False,exact_symbol_date_chain_absent
WULF,2025-03-07,entry_quote,S1,1,0,False,exact_symbol_date_chain_absent
WULF,2025-03-07,entry_quote,S3,1,0,False,exact_symbol_date_chain_absent
WULF,2025-03-10,exit_quote,S1,1,0,False,exact_symbol_date_chain_absent
WULF,2025-03-10,exit_quote,S3,1,0,False,exact_symbol_date_chain_absent
WULF,2025-03-20,contract_preselection,S1,1,0,False,exact_symbol_date_chain_absent
WULF,2025-03-20,contract_preselection,S3,1,0,False,exact_symbol_date_chain_absent
WULF,2025-03-21,entry_quote,S1,1,0,False,exact_symbol_date_chain_absent
WULF,2025-03-21,entry_quote,S3,1,0,False,exact_symbol_date_chain_absent
WULF,2025-03-24,exit_quote,S1,1,0,False,exact_symbol_date_chain_absent
WULF,2025-03-24,exit_quote,S3,1,0,False,exact_symbol_date_chain_absent
WULF,2025-04-11,contract_preselection,S1,1,0,False,exact_symbol_date_chain_absent
WULF,2025-04-11,contract_preselection,S3,1,0,False,exact_symbol_date_chain_absent
WULF,2025-04-14,entry_quote,S1,1,0,False,exact_symbol_date_chain_absent
WULF,2025-04-14,entry_quote,S3,1,0,False,exact_symbol_date_chain_absent
WULF,2025-04-15,exit_quote,S1,1,0,False,exact_symbol_date_chain_absent
WULF,2025-04-15,exit_quote,S3,1,0,False,exact_symbol_date_chain_absent
WULF,2025-05-01,contract_preselection,S1,1,0,False,exact_symbol_date_chain_absent
WULF,2025-05-01,contract_preselection,S3,1,0,False,exact_symbol_date_chain_absent
WULF,2025-05-02,entry_quote,S1,1,0,False,exact_symbol_date_chain_absent
WULF,2025-05-02,entry_quote,S3,1,0,False,exact_symbol_date_chain_absent
WULF,2025-05-05,contract_preselection;exit_quote,S1,2,0,False,exact_symbol_date_chain_absent
WULF,2025-05-05,contract_preselection;exit_quote,S3,2,0,False,exact_symbol_date_chain_absent
WULF,2025-05-06,entry_quote,S1,1,0,False,exact_symbol_date_chain_absent
WULF,2025-05-06,entry_quote,S3,1,0,False,exact_symbol_date_chain_absent
WULF,2025-05-07,exit_quote,S1,1,0,False,exact_symbol_date_chain_absent
WULF,2025-05-07,exit_quote,S3,1,0,False,exact_symbol_date_chain_absent
WULF,2025-05-09,contract_preselection,S1,1,0,False,exact_symbol_date_chain_absent
WULF,2025-05-09,contract_preselection,S3,1,0,False,exact_symbol_date_chain_absent
WULF,2025-05-12,entry_quote,S1,1,0,False,exact_symbol_date_chain_absent
WULF,2025-05-12,entry_quote,S3,1,0,False,exact_symbol_date_chain_absent
WULF,2025-05-13,contract_preselection;exit_quote,S1,2,0,False,exact_symbol_date_chain_absent
WULF,2025-05-13,contract_preselection;exit_quote,S3,2,0,False,exact_symbol_date_chain_absent
WULF,2025-05-14,contract_preselection;entry_quote,S1,2,0,False,exact_symbol_date_chain_absent
WULF,2025-05-14,contract_preselection;entry_quote,S3,2,0,False,exact_symbol_date_chain_absent
WULF,2025-05-15,entry_quote;exit_quote,S1,2,0,False,exact_symbol_date_chain_absent
WULF,2025-05-15,entry_quote;exit_quote,S3,2,0,False,exact_symbol_date_chain_absent
WULF,2025-05-16,exit_quote,S1,1,0,False,exact_symbol_date_chain_absent
WULF,2025-05-16,exit_quote,S3,1,0,False,exact_symbol_date_chain_absent
WULF,2025-06-02,contract_preselection,S1,1,0,False,exact_symbol_date_chain_absent
WULF,2025-06-02,contract_preselection,S3,1,0,False,exact_symbol_date_chain_absent
WULF,2025-06-03,entry_quote,S1,1,0,False,exact_symbol_date_chain_absent
WULF,2025-06-03,entry_quote,S3,1,0,False,exact_symbol_date_chain_absent
WULF,2025-06-04,exit_quote,S1,1,0,False,exact_symbol_date_chain_absent
WULF,2025-06-04,exit_quote,S3,1,0,False,exact_symbol_date_chain_absent
WULF,2025-06-09,contract_preselection,S1,1,0,False,exact_symbol_date_chain_absent
WULF,2025-06-09,contract_preselection,S3,1,0,False,exact_symbol_date_chain_absent
WULF,2025-06-10,entry_quote,S1,1,0,False,exact_symbol_date_chain_absent
WULF,2025-06-10,entry_quote,S3,1,0,False,exact_symbol_date_chain_absent
WULF,2025-06-11,exit_quote,S1,1,0,False,exact_symbol_date_chain_absent
WULF,2025-06-11,exit_quote,S3,1,0,False,exact_symbol_date_chain_absent
WULF,2025-06-13,contract_preselection,S1,1,0,False,exact_symbol_date_chain_absent
WULF,2025-06-13,contract_preselection,S3,1,0,False,exact_symbol_date_chain_absent
WULF,2025-06-16,entry_quote,S1,1,0,False,exact_symbol_date_chain_absent
WULF,2025-06-16,entry_quote,S3,1,0,False,exact_symbol_date_chain_absent
WULF,2025-06-17,contract_preselection;exit_quote,S1,2,0,False,exact_symbol_date_chain_absent
WULF,2025-06-17,contract_preselection;exit_quote,S3,2,0,False,exact_symbol_date_chain_absent
WULF,2025-06-18,entry_quote,S1,1,0,False,exact_symbol_date_chain_absent
WULF,2025-06-18,entry_quote,S3,1,0,False,exact_symbol_date_chain_absent
WULF,2025-06-20,exit_quote,S1,1,0,False,exact_symbol_date_chain_absent
WULF,2025-06-20,exit_quote,S3,1,0,False,exact_symbol_date_chain_absent
WULF,2025-07-17,contract_preselection,S1,1,0,False,exact_symbol_date_chain_absent
WULF,2025-07-17,contract_preselection,S3,1,0,False,exact_symbol_date_chain_absent
WULF,2025-07-18,entry_quote,S1,1,0,False,exact_symbol_date_chain_absent
WULF,2025-07-18,entry_quote,S3,1,0,False,exact_symbol_date_chain_absent
WULF,2025-07-21,exit_quote,S1,1,0,False,exact_symbol_date_chain_absent
WULF,2025-07-21,exit_quote,S3,1,0,False,exact_symbol_date_chain_absent
WULF,2025-07-24,contract_preselection,S1,1,0,False,exact_symbol_date_chain_absent
WULF,2025-07-24,contract_preselection,S3,1,0,False,exact_symbol_date_chain_absent
WULF,2025-07-25,entry_quote,S1,1,0,False,exact_symbol_date_chain_absent
WULF,2025-07-25,entry_quote,S3,1,0,False,exact_symbol_date_chain_absent
WULF,2025-07-28,exit_quote,S1,1,0,False,exact_symbol_date_chain_absent
WULF,2025-07-28,exit_quote,S3,1,0,False,exact_symbol_date_chain_absent
WULF,2025-08-05,contract_preselection,S1,1,0,False,exact_symbol_date_chain_absent
WULF,2025-08-05,contract_preselection,S3,1,0,False,exact_symbol_date_chain_absent
WULF,2025-08-06,contract_preselection;entry_quote,S1,2,0,False,exact_symbol_date_chain_absent
WULF,2025-08-06,contract_preselection;entry_quote,S3,2,0,False,exact_symbol_date_chain_absent
WULF,2025-08-07,contract_preselection;entry_quote;exit_quote,S1,3,0,False,exact_symbol_date_chain_absent
WULF,2025-08-07,contract_preselection;entry_quote;exit_quote,S3,3,0,False,exact_symbol_date_chain_absent
WULF,2025-08-08,entry_quote;exit_quote,S1,2,0,False,exact_symbol_date_chain_absent
WULF,2025-08-08,entry_quote;exit_quote,S3,2,0,False,exact_symbol_date_chain_absent
WULF,2025-08-11,contract_preselection;exit_quote,S1,2,0,False,exact_symbol_date_chain_absent
WULF,2025-08-11,contract_preselection;exit_quote,S3,2,0,False,exact_symbol_date_chain_absent
WULF,2025-08-12,contract_preselection;entry_quote,S1,2,0,False,exact_symbol_date_chain_absent
WULF,2025-08-12,contract_preselection;entry_quote,S3,2,0,False,exact_symbol_date_chain_absent
WULF,2025-08-13,entry_quote;exit_quote,S1,2,0,False,exact_symbol_date_chain_absent
WULF,2025-08-13,entry_quote;exit_quote,S3,2,0,False,exact_symbol_date_chain_absent
WULF,2025-08-14,exit_quote,S1,1,0,False,exact_symbol_date_chain_absent
WULF,2025-08-14,exit_quote,S3,1,0,False,exact_symbol_date_chain_absent
