period,session,symbol,eligible_advance_rows,eligible_stocks_in_session,total_weight,expected_total_weight,absolute_weight_difference,record_type,minimum_stock_session_weight,maximum_stock_session_weight
assessment,2025-01-02,AAL,14,18,0.0555555555555556,0.0555555555555556,0,stock_session,,
assessment,2025-01-02,AAOI,15,18,0.0555555555555556,0.0555555555555556,6.93889390390723e-18,stock_session,,
assessment,2025-01-02,APLD,15,18,0.0555555555555556,0.0555555555555556,6.93889390390723e-18,stock_session,,
assessment,2025-01-02,ASTS,8,18,0.0555555555555556,0.0555555555555556,0,stock_session,,
assessment,2025-01-02,CIFR,14,18,0.0555555555555556,0.0555555555555556,0,stock_session,,
assessment,2025-01-02,HIMS,14,18,0.0555555555555556,0.0555555555555556,0,stock_session,,
assessment,2025-01-02,IONQ,8,18,0.0555555555555556,0.0555555555555556,0,stock_session,,
assessment,2025-01-02,IREN,15,18,0.0555555555555556,0.0555555555555556,6.93889390390723e-18,stock_session,,
assessment,2025-01-02,MARA,13,18,0.0555555555555556,0.0555555555555556,6.93889390390723e-18,stock_session,,
assessment,2025-01-02,MP,7,18,0.0555555555555556,0.0555555555555556,0,stock_session,,
assessment,2025-01-02,MRNA,13,18,0.0555555555555556,0.0555555555555556,6.93889390390723e-18,stock_session,,
assessment,2025-01-02,NVTS,11,18,0.0555555555555556,0.0555555555555556,6.93889390390723e-18,stock_session,,
assessment,2025-01-02,QBTS,15,18,0.0555555555555556,0.0555555555555556,6.93889390390723e-18,stock_session,,
assessment,2025-01-02,RIOT,11,18,0.0555555555555556,0.0555555555555556,6.93889390390723e-18,stock_session,,
assessment,2025-01-02,RIVN,14,18,0.0555555555555556,0.0555555555555556,0,stock_session,,
assessment,2025-01-02,SMCI,14,18,0.0555555555555556,0.0555555555555556,0,stock_session,,
assessment,2025-01-02,SOFI,6,18,0.0555555555555556,0.0555555555555556,0,stock_session,,
assessment,2025-01-02,WULF,11,18,0.0555555555555556,0.0555555555555556,6.93889390390723e-18,stock_session,,
assessment,2025-01-03,AAL,5,20,0.05,0.05,0,stock_session,,
assessment,2025-01-03,AAOI,15,20,0.05,0.05,0,stock_session,,
assessment,2025-01-03,APLD,9,20,0.05,0.05,0,stock_session,,
assessment,2025-01-03,ASTS,11,20,0.05,0.05,6.93889390390723e-18,stock_session,,
assessment,2025-01-03,CIFR,12,20,0.05,0.05,0,stock_session,,
assessment,2025-01-03,HIMS,15,20,0.05,0.05,0,stock_session,,
assessment,2025-01-03,IONQ,15,20,0.05,0.05,0,stock_session,,
assessment,2025-01-03,IREN,15,20,0.05,0.05,0,stock_session,,
assessment,2025-01-03,MARA,14,20,0.05,0.05,6.93889390390723e-18,stock_session,,
assessment,2025-01-03,MP,9,20,0.05,0.05,0,stock_session,,
assessment,2025-01-03,MRNA,14,20,0.05,0.05,6.93889390390723e-18,stock_session,,
assessment,2025-01-03,MSTR,7,20,0.05,0.05,6.93889390390723e-18,stock_session,,
assessment,2025-01-03,NVTS,6,20,0.05,0.05,0,stock_session,,
assessment,2025-01-03,QBTS,15,20,0.05,0.05,0,stock_session,,
assessment,2025-01-03,RGTI,15,20,0.05,0.05,0,stock_session,,
assessment,2025-01-03,RIOT,9,20,0.05,0.05,0,stock_session,,
assessment,2025-01-03,RIVN,15,20,0.05,0.05,0,stock_session,,
assessment,2025-01-03,SMCI,14,20,0.05,0.05,6.93889390390723e-18,stock_session,,
assessment,2025-01-03,SOFI,14,20,0.05,0.05,6.93889390390723e-18,stock_session,,
assessment,2025-01-03,WULF,15,20,0.05,0.05,0,stock_session,,
assessment,2025-01-06,AAL,7,20,0.05,0.05,6.93889390390723e-18,stock_session,,
assessment,2025-01-06,AAOI,13,20,0.05,0.05,0,stock_session,,
assessment,2025-01-06,APLD,15,20,0.05,0.05,0,stock_session,,
assessment,2025-01-06,ASTS,10,20,0.05,0.05,0,stock_session,,
assessment,2025-01-06,CIFR,7,20,0.05,0.05,6.93889390390723e-18,stock_session,,
assessment,2025-01-06,HIMS,12,20,0.05,0.05,0,stock_session,,
assessment,2025-01-06,IONQ,8,20,0.05,0.05,0,stock_session,,
assessment,2025-01-06,IREN,15,20,0.05,0.05,0,stock_session,,
assessment,2025-01-06,MARA,14,20,0.05,0.05,6.93889390390723e-18,stock_session,,
assessment,2025-01-06,MP,15,20,0.05,0.05,0,stock_session,,
assessment,2025-01-06,MRNA,11,20,0.05,0.05,6.93889390390723e-18,stock_session,,
assessment,2025-01-06,MSTR,14,20,0.05,0.05,6.93889390390723e-18,stock_session,,
assessment,2025-01-06,NVTS,15,20,0.05,0.05,0,stock_session,,
assessment,2025-01-06,QBTS,15,20,0.05,0.05,0,stock_session,,
assessment,2025-01-06,RGTI,15,20,0.05,0.05,0,stock_session,,
assessment,2025-01-06,RIOT,7,20,0.05,0.05,6.93889390390723e-18,stock_session,,
assessment,2025-01-06,RIVN,15,20,0.05,0.05,0,stock_session,,
assessment,2025-01-06,SMCI,6,20,0.05,0.05,0,stock_session,,
assessment,2025-01-06,SOFI,15,20,0.05,0.05,0,stock_session,,
assessment,2025-01-06,WULF,14,20,0.05,0.05,6.93889390390723e-18,stock_session,,
assessment,2025-01-07,AAL,9,20,0.05,0.05,0,stock_session,,
assessment,2025-01-07,AAOI,15,20,0.05,0.05,0,stock_session,,
assessment,2025-01-07,APLD,6,20,0.05,0.05,0,stock_session,,
assessment,2025-01-07,ASTS,5,20,0.05,0.05,0,stock_session,,
assessment,2025-01-07,CIFR,14,20,0.05,0.05,6.93889390390723e-18,stock_session,,
assessment,2025-01-07,HIMS,15,20,0.05,0.05,0,stock_session,,
assessment,2025-01-07,IONQ,2,20,0.05,0.05,0,stock_session,,
assessment,2025-01-07,IREN,14,20,0.05,0.05,6.93889390390723e-18,stock_session,,
assessment,2025-01-07,MARA,14,20,0.05,0.05,6.93889390390723e-18,stock_session,,
assessment,2025-01-07,MP,6,20,0.05,0.05,0,stock_session,,
assessment,2025-01-07,MRNA,15,20,0.05,0.05,0,stock_session,,
assessment,2025-01-07,MSTR,6,20,0.05,0.05,0,stock_session,,
assessment,2025-01-07,NVTS,8,20,0.05,0.05,0,stock_session,,
assessment,2025-01-07,QBTS,15,20,0.05,0.05,0,stock_session,,
assessment,2025-01-07,RGTI,9,20,0.05,0.05,0,stock_session,,
assessment,2025-01-07,RIOT,15,20,0.05,0.05,0,stock_session,,
assessment,2025-01-07,RIVN,13,20,0.05,0.05,0,stock_session,,
assessment,2025-01-07,SMCI,15,20,0.05,0.05,0,stock_session,,
assessment,2025-01-07,SOFI,15,20,0.05,0.05,0,stock_session,,
assessment,2025-01-07,WULF,14,20,0.05,0.05,6.93889390390723e-18,stock_session,,
assessment,2025-01-08,AAL,3,20,0.05,0.05,0,stock_session,,
assessment,2025-01-08,AAOI,6,20,0.05,0.05,0,stock_session,,
assessment,2025-01-08,APLD,5,20,0.05,0.05,0,stock_session,,
assessment,2025-01-08,ASTS,11,20,0.05,0.05,6.93889390390723e-18,stock_session,,
assessment,2025-01-08,CIFR,6,20,0.05,0.05,0,stock_session,,
assessment,2025-01-08,HIMS,11,20,0.05,0.05,6.93889390390723e-18,stock_session,,
assessment,2025-01-08,IONQ,15,20,0.05,0.05,0,stock_session,,
assessment,2025-01-08,IREN,14,20,0.05,0.05,6.93889390390723e-18,stock_session,,
assessment,2025-01-08,MARA,13,20,0.05,0.05,0,stock_session,,
assessment,2025-01-08,MP,10,20,0.05,0.05,0,stock_session,,
assessment,2025-01-08,MRNA,15,20,0.05,0.05,0,stock_session,,
assessment,2025-01-08,MSTR,7,20,0.05,0.05,6.93889390390723e-18,stock_session,,
assessment,2025-01-08,NVTS,7,20,0.05,0.05,6.93889390390723e-18,stock_session,,
assessment,2025-01-08,QBTS,15,20,0.05,0.05,0,stock_session,,
assessment,2025-01-08,RGTI,15,20,0.05,0.05,0,stock_session,,
assessment,2025-01-08,RIOT,4,20,0.05,0.05,0,stock_session,,
assessment,2025-01-08,RIVN,14,20,0.05,0.05,6.93889390390723e-18,stock_session,,
assessment,2025-01-08,SMCI,11,20,0.05,0.05,6.93889390390723e-18,stock_session,,
assessment,2025-01-08,SOFI,9,20,0.05,0.05,0,stock_session,,
assessment,2025-01-08,WULF,11,20,0.05,0.05,6.93889390390723e-18,stock_session,,
assessment,2025-01-10,AAL,1,20,0.05,0.05,0,stock_session,,
assessment,2025-01-10,AAOI,14,20,0.05,0.05,6.93889390390723e-18,stock_session,,
assessment,2025-01-10,APLD,11,20,0.05,0.05,6.93889390390723e-18,stock_session,,
assessment,2025-01-10,ASTS,7,20,0.05,0.05,6.93889390390723e-18,stock_session,,
assessment,2025-01-10,CIFR,15,20,0.05,0.05,0,stock_session,,
assessment,2025-01-10,HIMS,15,20,0.05,0.05,0,stock_session,,
assessment,2025-01-10,IONQ,15,20,0.05,0.05,0,stock_session,,
assessment,2025-01-10,IREN,12,20,0.05,0.05,0,stock_session,,
assessment,2025-01-10,MARA,12,20,0.05,0.05,0,stock_session,,
assessment,2025-01-10,MP,14,20,0.05,0.05,6.93889390390723e-18,stock_session,,
assessment,2025-01-10,MRNA,13,20,0.05,0.05,0,stock_session,,
assessment,2025-01-10,MSTR,15,20,0.05,0.05,0,stock_session,,
assessment,2025-01-10,NVTS,14,20,0.05,0.05,6.93889390390723e-18,stock_session,,
assessment,2025-01-10,QBTS,15,20,0.05,0.05,0,stock_session,,
assessment,2025-01-10,RGTI,15,20,0.05,0.05,0,stock_session,,
assessment,2025-01-10,RIOT,13,20,0.05,0.05,0,stock_session,,
assessment,2025-01-10,RIVN,7,20,0.05,0.05,6.93889390390723e-18,stock_session,,
assessment,2025-01-10,SMCI,13,20,0.05,0.05,0,stock_session,,
assessment,2025-01-10,SOFI,14,20,0.05,0.05,6.93889390390723e-18,stock_session,,
assessment,2025-01-10,WULF,7,20,0.05,0.05,6.93889390390723e-18,stock_session,,
assessment,2025-01-13,AAL,10,20,0.05,0.05,0,stock_session,,
assessment,2025-01-13,AAOI,14,20,0.05,0.05,6.93889390390723e-18,stock_session,,
assessment,2025-01-13,APLD,7,20,0.05,0.05,6.93889390390723e-18,stock_session,,
assessment,2025-01-13,ASTS,9,20,0.05,0.05,0,stock_session,,
assessment,2025-01-13,CIFR,14,20,0.05,0.05,6.93889390390723e-18,stock_session,,
assessment,2025-01-13,HIMS,13,20,0.05,0.05,0,stock_session,,
assessment,2025-01-13,IONQ,15,20,0.05,0.05,0,stock_session,,
assessment,2025-01-13,IREN,7,20,0.05,0.05,6.93889390390723e-18,stock_session,,
assessment,2025-01-13,MARA,15,20,0.05,0.05,0,stock_session,,
assessment,2025-01-13,MP,9,20,0.05,0.05,0,stock_session,,
assessment,2025-01-13,MRNA,15,20,0.05,0.05,0,stock_session,,
assessment,2025-01-13,MSTR,7,20,0.05,0.05,6.93889390390723e-18,stock_session,,
assessment,2025-01-13,NVTS,9,20,0.05,0.05,0,stock_session,,
assessment,2025-01-13,QBTS,15,20,0.05,0.05,0,stock_session,,
assessment,2025-01-13,RGTI,15,20,0.05,0.05,0,stock_session,,
assessment,2025-01-13,RIOT,14,20,0.05,0.05,6.93889390390723e-18,stock_session,,
assessment,2025-01-13,RIVN,15,20,0.05,0.05,0,stock_session,,
assessment,2025-01-13,SMCI,9,20,0.05,0.05,0,stock_session,,
assessment,2025-01-13,SOFI,13,20,0.05,0.05,0,stock_session,,
assessment,2025-01-13,WULF,12,20,0.05,0.05,0,stock_session,,
assessment,2025-01-14,AAL,5,20,0.05,0.05,0,stock_session,,
assessment,2025-01-14,AAOI,6,20,0.05,0.05,0,stock_session,,
assessment,2025-01-14,APLD,15,20,0.05,0.05,0,stock_session,,
assessment,2025-01-14,ASTS,15,20,0.05,0.05,0,stock_session,,
assessment,2025-01-14,CIFR,14,20,0.05,0.05,6.93889390390723e-18,stock_session,,
assessment,2025-01-14,HIMS,12,20,0.05,0.05,0,stock_session,,
assessment,2025-01-14,IONQ,8,20,0.05,0.05,0,stock_session,,
assessment,2025-01-14,IREN,12,20,0.05,0.05,0,stock_session,,
assessment,2025-01-14,MARA,13,20,0.05,0.05,0,stock_session,,
assessment,2025-01-14,MP,15,20,0.05,0.05,0,stock_session,,
assessment,2025-01-14,MRNA,2,20,0.05,0.05,0,stock_session,,
assessment,2025-01-14,MSTR,9,20,0.05,0.05,0,stock_session,,
assessment,2025-01-14,NVTS,4,20,0.05,0.05,0,stock_session,,
assessment,2025-01-14,QBTS,15,20,0.05,0.05,0,stock_session,,
assessment,2025-01-14,RGTI,15,20,0.05,0.05,0,stock_session,,
assessment,2025-01-14,RIOT,15,20,0.05,0.05,0,stock_session,,
assessment,2025-01-14,RIVN,13,20,0.05,0.05,0,stock_session,,
assessment,2025-01-14,SMCI,15,20,0.05,0.05,0,stock_session,,
assessment,2025-01-14,SOFI,15,20,0.05,0.05,0,stock_session,,
assessment,2025-01-14,WULF,15,20,0.05,0.05,0,stock_session,,
assessment,2025-01-15,AAL,10,19,0.0526315789473684,0.0526315789473684,0,stock_session,,
assessment,2025-01-15,AAOI,13,19,0.0526315789473684,0.0526315789473684,0,stock_session,,
assessment,2025-01-15,APLD,15,19,0.0526315789473684,0.0526315789473684,6.93889390390723e-18,stock_session,,
assessment,2025-01-15,ASTS,14,19,0.0526315789473684,0.0526315789473684,0,stock_session,,
assessment,2025-01-15,CIFR,11,19,0.0526315789473684,0.0526315789473684,0,stock_session,,
assessment,2025-01-15,HIMS,15,19,0.0526315789473684,0.0526315789473684,6.93889390390723e-18,stock_session,,
assessment,2025-01-15,IONQ,15,19,0.0526315789473684,0.0526315789473684,6.93889390390723e-18,stock_session,,
assessment,2025-01-15,IREN,9,19,0.0526315789473684,0.0526315789473684,0,stock_session,,
assessment,2025-01-15,MARA,12,19,0.0526315789473684,0.0526315789473684,0,stock_session,,
assessment,2025-01-15,MP,9,19,0.0526315789473684,0.0526315789473684,0,stock_session,,
assessment,2025-01-15,MRNA,15,19,0.0526315789473684,0.0526315789473684,6.93889390390723e-18,stock_session,,
assessment,2025-01-15,NVTS,10,19,0.0526315789473684,0.0526315789473684,0,stock_session,,
assessment,2025-01-15,QBTS,15,19,0.0526315789473684,0.0526315789473684,6.93889390390723e-18,stock_session,,
assessment,2025-01-15,RGTI,15,19,0.0526315789473684,0.0526315789473684,6.93889390390723e-18,stock_session,,
assessment,2025-01-15,RIOT,15,19,0.0526315789473684,0.0526315789473684,6.93889390390723e-18,stock_session,,
assessment,2025-01-15,RIVN,15,19,0.0526315789473684,0.0526315789473684,6.93889390390723e-18,stock_session,,
assessment,2025-01-15,SMCI,15,19,0.0526315789473684,0.0526315789473684,6.93889390390723e-18,stock_session,,
assessment,2025-01-15,SOFI,13,19,0.0526315789473684,0.0526315789473684,0,stock_session,,
assessment,2025-01-15,WULF,10,19,0.0526315789473684,0.0526315789473684,0,stock_session,,
assessment,2025-01-16,AAL,5,20,0.05,0.05,0,stock_session,,
assessment,2025-01-16,AAOI,13,20,0.05,0.05,0,stock_session,,
assessment,2025-01-16,APLD,15,20,0.05,0.05,0,stock_session,,
assessment,2025-01-16,ASTS,10,20,0.05,0.05,0,stock_session,,
assessment,2025-01-16,CIFR,15,20,0.05,0.05,0,stock_session,,
assessment,2025-01-16,HIMS,12,20,0.05,0.05,0,stock_session,,
assessment,2025-01-16,IONQ,15,20,0.05,0.05,0,stock_session,,
assessment,2025-01-16,IREN,12,20,0.05,0.05,0,stock_session,,
assessment,2025-01-16,MARA,15,20,0.05,0.05,0,stock_session,,
assessment,2025-01-16,MP,13,20,0.05,0.05,0,stock_session,,
assessment,2025-01-16,MRNA,13,20,0.05,0.05,0,stock_session,,
assessment,2025-01-16,MSTR,5,20,0.05,0.05,0,stock_session,,
assessment,2025-01-16,NVTS,15,20,0.05,0.05,0,stock_session,,
assessment,2025-01-16,QBTS,15,20,0.05,0.05,0,stock_session,,
assessment,2025-01-16,RGTI,15,20,0.05,0.05,0,stock_session,,
assessment,2025-01-16,RIOT,15,20,0.05,0.05,0,stock_session,,
assessment,2025-01-16,RIVN,12,20,0.05,0.05,0,stock_session,,
assessment,2025-01-16,SMCI,11,20,0.05,0.05,6.93889390390723e-18,stock_session,,
assessment,2025-01-16,SOFI,6,20,0.05,0.05,0,stock_session,,
assessment,2025-01-16,WULF,12,20,0.05,0.05,0,stock_session,,
assessment,2025-01-17,AAL,10,20,0.05,0.05,0,stock_session,,
assessment,2025-01-17,AAOI,13,20,0.05,0.05,0,stock_session,,
assessment,2025-01-17,APLD,4,20,0.05,0.05,0,stock_session,,
assessment,2025-01-17,ASTS,11,20,0.05,0.05,6.93889390390723e-18,stock_session,,
assessment,2025-01-17,CIFR,12,20,0.05,0.05,0,stock_session,,
assessment,2025-01-17,HIMS,1,20,0.05,0.05,0,stock_session,,
assessment,2025-01-17,IONQ,11,20,0.05,0.05,6.93889390390723e-18,stock_session,,
assessment,2025-01-17,IREN,11,20,0.05,0.05,6.93889390390723e-18,stock_session,,
assessment,2025-01-17,MARA,13,20,0.05,0.05,0,stock_session,,
assessment,2025-01-17,MP,9,20,0.05,0.05,0,stock_session,,
assessment,2025-01-17,MRNA,13,20,0.05,0.05,0,stock_session,,
assessment,2025-01-17,MSTR,15,20,0.05,0.05,0,stock_session,,
assessment,2025-01-17,NVTS,8,20,0.05,0.05,0,stock_session,,
assessment,2025-01-17,QBTS,15,20,0.05,0.05,0,stock_session,,
assessment,2025-01-17,RGTI,15,20,0.05,0.05,0,stock_session,,
assessment,2025-01-17,RIOT,8,20,0.05,0.05,0,stock_session,,
assessment,2025-01-17,RIVN,7,20,0.05,0.05,6.93889390390723e-18,stock_session,,
assessment,2025-01-17,SMCI,13,20,0.05,0.05,0,stock_session,,
assessment,2025-01-17,SOFI,9,20,0.05,0.05,0,stock_session,,
assessment,2025-01-17,WULF,2,20,0.05,0.05,0,stock_session,,
assessment,2025-01-21,AAL,3,20,0.05,0.05,0,stock_session,,
assessment,2025-01-21,AAOI,11,20,0.05,0.05,6.93889390390723e-18,stock_session,,
assessment,2025-01-21,APLD,13,20,0.05,0.05,0,stock_session,,
assessment,2025-01-21,ASTS,15,20,0.05,0.05,0,stock_session,,
assessment,2025-01-21,CIFR,11,20,0.05,0.05,6.93889390390723e-18,stock_session,,
assessment,2025-01-21,HIMS,15,20,0.05,0.05,0,stock_session,,
assessment,2025-01-21,IONQ,15,20,0.05,0.05,0,stock_session,,
assessment,2025-01-21,IREN,1,20,0.05,0.05,0,stock_session,,
assessment,2025-01-21,MARA,15,20,0.05,0.05,0,stock_session,,
assessment,2025-01-21,MP,9,20,0.05,0.05,0,stock_session,,
assessment,2025-01-21,MRNA,15,20,0.05,0.05,0,stock_session,,
assessment,2025-01-21,MSTR,4,20,0.05,0.05,0,stock_session,,
assessment,2025-01-21,NVTS,15,20,0.05,0.05,0,stock_session,,
assessment,2025-01-21,QBTS,15,20,0.05,0.05,0,stock_session,,
assessment,2025-01-21,RGTI,15,20,0.05,0.05,0,stock_session,,
assessment,2025-01-21,RIOT,6,20,0.05,0.05,0,stock_session,,
assessment,2025-01-21,RIVN,14,20,0.05,0.05,6.93889390390723e-18,stock_session,,
assessment,2025-01-21,SMCI,15,20,0.05,0.05,0,stock_session,,
assessment,2025-01-21,SOFI,12,20,0.05,0.05,0,stock_session,,
assessment,2025-01-21,WULF,12,20,0.05,0.05,0,stock_session,,
assessment,2025-01-22,AAL,9,20,0.05,0.05,0,stock_session,,
assessment,2025-01-22,AAOI,7,20,0.05,0.05,6.93889390390723e-18,stock_session,,
assessment,2025-01-22,APLD,1,20,0.05,0.05,0,stock_session,,
assessment,2025-01-22,ASTS,9,20,0.05,0.05,0,stock_session,,
assessment,2025-01-22,CIFR,15,20,0.05,0.05,0,stock_session,,
assessment,2025-01-22,HIMS,8,20,0.05,0.05,0,stock_session,,
assessment,2025-01-22,IONQ,10,20,0.05,0.05,0,stock_session,,
assessment,2025-01-22,IREN,13,20,0.05,0.05,0,stock_session,,
assessment,2025-01-22,MARA,13,20,0.05,0.05,0,stock_session,,
assessment,2025-01-22,MP,10,20,0.05,0.05,0,stock_session,,
assessment,2025-01-22,MRNA,15,20,0.05,0.05,0,stock_session,,
assessment,2025-01-22,MSTR,10,20,0.05,0.05,0,stock_session,,
assessment,2025-01-22,NVTS,8,20,0.05,0.05,0,stock_session,,
assessment,2025-01-22,QBTS,15,20,0.05,0.05,0,stock_session,,
assessment,2025-01-22,RGTI,15,20,0.05,0.05,0,stock_session,,
assessment,2025-01-22,RIOT,15,20,0.05,0.05,0,stock_session,,
assessment,2025-01-22,RIVN,8,20,0.05,0.05,0,stock_session,,
assessment,2025-01-22,SMCI,6,20,0.05,0.05,0,stock_session,,
assessment,2025-01-22,SOFI,14,20,0.05,0.05,6.93889390390723e-18,stock_session,,
assessment,2025-01-22,WULF,10,20,0.05,0.05,0,stock_session,,
assessment,2025-01-23,AAL,15,20,0.05,0.05,0,stock_session,,
assessment,2025-01-23,AAOI,15,20,0.05,0.05,0,stock_session,,
assessment,2025-01-23,APLD,3,20,0.05,0.05,0,stock_session,,
assessment,2025-01-23,ASTS,15,20,0.05,0.05,0,stock_session,,
assessment,2025-01-23,CIFR,15,20,0.05,0.05,0,stock_session,,
assessment,2025-01-23,HIMS,14,20,0.05,0.05,6.93889390390723e-18,stock_session,,
assessment,2025-01-23,IONQ,13,20,0.05,0.05,0,stock_session,,
assessment,2025-01-23,IREN,15,20,0.05,0.05,0,stock_session,,
assessment,2025-01-23,MARA,12,20,0.05,0.05,0,stock_session,,
assessment,2025-01-23,MP,14,20,0.05,0.05,6.93889390390723e-18,stock_session,,
assessment,2025-01-23,MRNA,8,20,0.05,0.05,0,stock_session,,
assessment,2025-01-23,MSTR,2,20,0.05,0.05,0,stock_session,,
assessment,2025-01-23,NVTS,12,20,0.05,0.05,0,stock_session,,
assessment,2025-01-23,QBTS,15,20,0.05,0.05,0,stock_session,,
assessment,2025-01-23,RGTI,15,20,0.05,0.05,0,stock_session,,
assessment,2025-01-23,RIOT,10,20,0.05,0.05,0,stock_session,,
assessment,2025-01-23,RIVN,10,20,0.05,0.05,0,stock_session,,
assessment,2025-01-23,SMCI,4,20,0.05,0.05,0,stock_session,,
assessment,2025-01-23,SOFI,9,20,0.05,0.05,0,stock_session,,
assessment,2025-01-23,WULF,11,20,0.05,0.05,6.93889390390723e-18,stock_session,,
assessment,2025-01-24,AAL,11,20,0.05,0.05,6.93889390390723e-18,stock_session,,
assessment,2025-01-24,AAOI,12,20,0.05,0.05,0,stock_session,,
assessment,2025-01-24,APLD,15,20,0.05,0.05,0,stock_session,,
assessment,2025-01-24,ASTS,15,20,0.05,0.05,0,stock_session,,
assessment,2025-01-24,CIFR,12,20,0.05,0.05,0,stock_session,,
assessment,2025-01-24,HIMS,15,20,0.05,0.05,0,stock_session,,
assessment,2025-01-24,IONQ,11,20,0.05,0.05,6.93889390390723e-18,stock_session,,
assessment,2025-01-24,IREN,15,20,0.05,0.05,0,stock_session,,
assessment,2025-01-24,MARA,12,20,0.05,0.05,0,stock_session,,
assessment,2025-01-24,MP,10,20,0.05,0.05,0,stock_session,,
assessment,2025-01-24,MRNA,15,20,0.05,0.05,0,stock_session,,
assessment,2025-01-24,MSTR,7,20,0.05,0.05,6.93889390390723e-18,stock_session,,
assessment,2025-01-24,NVTS,12,20,0.05,0.05,0,stock_session,,
assessment,2025-01-24,QBTS,15,20,0.05,0.05,0,stock_session,,
assessment,2025-01-24,RGTI,15,20,0.05,0.05,0,stock_session,,
assessment,2025-01-24,RIOT,11,20,0.05,0.05,6.93889390390723e-18,stock_session,,
assessment,2025-01-24,RIVN,15,20,0.05,0.05,0,stock_session,,
assessment,2025-01-24,SMCI,11,20,0.05,0.05,6.93889390390723e-18,stock_session,,
assessment,2025-01-24,SOFI,10,20,0.05,0.05,0,stock_session,,
assessment,2025-01-24,WULF,11,20,0.05,0.05,6.93889390390723e-18,stock_session,,
assessment,2025-01-27,AAL,9,20,0.05,0.05,0,stock_session,,
assessment,2025-01-27,AAOI,12,20,0.05,0.05,0,stock_session,,
assessment,2025-01-27,APLD,15,20,0.05,0.05,0,stock_session,,
assessment,2025-01-27,ASTS,10,20,0.05,0.05,0,stock_session,,
assessment,2025-01-27,CIFR,12,20,0.05,0.05,0,stock_session,,
assessment,2025-01-27,HIMS,10,20,0.05,0.05,0,stock_session,,
assessment,2025-01-27,IONQ,11,20,0.05,0.05,6.93889390390723e-18,stock_session,,
assessment,2025-01-27,IREN,6,20,0.05,0.05,0,stock_session,,
assessment,2025-01-27,MARA,9,20,0.05,0.05,0,stock_session,,
assessment,2025-01-27,MP,12,20,0.05,0.05,0,stock_session,,
assessment,2025-01-27,MRNA,10,20,0.05,0.05,0,stock_session,,
assessment,2025-01-27,MSTR,6,20,0.05,0.05,0,stock_session,,
assessment,2025-01-27,NVTS,15,20,0.05,0.05,0,stock_session,,
assessment,2025-01-27,QBTS,15,20,0.05,0.05,0,stock_session,,
assessment,2025-01-27,RGTI,15,20,0.05,0.05,0,stock_session,,
assessment,2025-01-27,RIOT,4,20,0.05,0.05,0,stock_session,,
assessment,2025-01-27,RIVN,13,20,0.05,0.05,0,stock_session,,
assessment,2025-01-27,SMCI,10,20,0.05,0.05,0,stock_session,,
assessment,2025-01-27,SOFI,11,20,0.05,0.05,6.93889390390723e-18,stock_session,,
assessment,2025-01-27,WULF,11,20,0.05,0.05,6.93889390390723e-18,stock_session,,
assessment,2025-01-28,AAL,8,20,0.05,0.05,0,stock_session,,
assessment,2025-01-28,AAOI,12,20,0.05,0.05,0,stock_session,,
assessment,2025-01-28,APLD,1,20,0.05,0.05,0,stock_session,,
assessment,2025-01-28,ASTS,13,20,0.05,0.05,0,stock_session,,
assessment,2025-01-28,CIFR,11,20,0.05,0.05,6.93889390390723e-18,stock_session,,
assessment,2025-01-28,HIMS,6,20,0.05,0.05,0,stock_session,,
assessment,2025-01-28,IONQ,12,20,0.05,0.05,0,stock_session,,
assessment,2025-01-28,IREN,12,20,0.05,0.05,0,stock_session,,
assessment,2025-01-28,MARA,13,20,0.05,0.05,0,stock_session,,
assessment,2025-01-28,MP,11,20,0.05,0.05,6.93889390390723e-18,stock_session,,
assessment,2025-01-28,MRNA,4,20,0.05,0.05,0,stock_session,,
assessment,2025-01-28,MSTR,7,20,0.05,0.05,6.93889390390723e-18,stock_session,,
assessment,2025-01-28,NVTS,12,20,0.05,0.05,0,stock_session,,
assessment,2025-01-28,QBTS,5,20,0.05,0.05,0,stock_session,,
assessment,2025-01-28,RGTI,5,20,0.05,0.05,0,stock_session,,
assessment,2025-01-28,RIOT,11,20,0.05,0.05,6.93889390390723e-18,stock_session,,
assessment,2025-01-28,RIVN,13,20,0.05,0.05,0,stock_session,,
assessment,2025-01-28,SMCI,15,20,0.05,0.05,0,stock_session,,
assessment,2025-01-28,SOFI,12,20,0.05,0.05,0,stock_session,,
assessment,2025-01-28,WULF,6,20,0.05,0.05,0,stock_session,,
assessment,2025-01-29,AAL,1,19,0.0526315789473684,0.0526315789473684,0,stock_session,,
assessment,2025-01-29,AAOI,11,19,0.0526315789473684,0.0526315789473684,0,stock_session,,
assessment,2025-01-29,APLD,9,19,0.0526315789473684,0.0526315789473684,0,stock_session,,
assessment,2025-01-29,ASTS,6,19,0.0526315789473684,0.0526315789473684,0,stock_session,,
assessment,2025-01-29,CIFR,4,19,0.0526315789473684,0.0526315789473684,0,stock_session,,
assessment,2025-01-29,HIMS,12,19,0.0526315789473684,0.0526315789473684,0,stock_session,,
assessment,2025-01-29,IONQ,15,19,0.0526315789473684,0.0526315789473684,6.93889390390723e-18,stock_session,,
assessment,2025-01-29,IREN,15,19,0.0526315789473684,0.0526315789473684,6.93889390390723e-18,stock_session,,
assessment,2025-01-29,MARA,11,19,0.0526315789473684,0.0526315789473684,0,stock_session,,
assessment,2025-01-29,MP,9,19,0.0526315789473684,0.0526315789473684,0,stock_session,,
assessment,2025-01-29,MSTR,10,19,0.0526315789473684,0.0526315789473684,0,stock_session,,
assessment,2025-01-29,NVTS,15,19,0.0526315789473684,0.0526315789473684,6.93889390390723e-18,stock_session,,
assessment,2025-01-29,QBTS,9,19,0.0526315789473684,0.0526315789473684,0,stock_session,,
assessment,2025-01-29,RGTI,6,19,0.0526315789473684,0.0526315789473684,0,stock_session,,
assessment,2025-01-29,RIOT,13,19,0.0526315789473684,0.0526315789473684,0,stock_session,,
assessment,2025-01-29,RIVN,10,19,0.0526315789473684,0.0526315789473684,0,stock_session,,
assessment,2025-01-29,SMCI,11,19,0.0526315789473684,0.0526315789473684,0,stock_session,,
assessment,2025-01-29,SOFI,12,19,0.0526315789473684,0.0526315789473684,0,stock_session,,
assessment,2025-01-29,WULF,6,19,0.0526315789473684,0.0526315789473684,0,stock_session,,
assessment,2025-01-30,AAL,14,20,0.05,0.05,6.93889390390723e-18,stock_session,,
assessment,2025-01-30,AAOI,15,20,0.05,0.05,0,stock_session,,
assessment,2025-01-30,APLD,8,20,0.05,0.05,0,stock_session,,
assessment,2025-01-30,ASTS,11,20,0.05,0.05,6.93889390390723e-18,stock_session,,
assessment,2025-01-30,CIFR,14,20,0.05,0.05,6.93889390390723e-18,stock_session,,
assessment,2025-01-30,HIMS,12,20,0.05,0.05,0,stock_session,,
assessment,2025-01-30,IONQ,13,20,0.05,0.05,0,stock_session,,
assessment,2025-01-30,IREN,14,20,0.05,0.05,6.93889390390723e-18,stock_session,,
assessment,2025-01-30,MARA,10,20,0.05,0.05,0,stock_session,,
assessment,2025-01-30,MP,13,20,0.05,0.05,0,stock_session,,
assessment,2025-01-30,MRNA,4,20,0.05,0.05,0,stock_session,,
assessment,2025-01-30,MSTR,14,20,0.05,0.05,6.93889390390723e-18,stock_session,,
assessment,2025-01-30,NVTS,12,20,0.05,0.05,0,stock_session,,
assessment,2025-01-30,QBTS,15,20,0.05,0.05,0,stock_session,,
assessment,2025-01-30,RGTI,3,20,0.05,0.05,0,stock_session,,
assessment,2025-01-30,RIOT,4,20,0.05,0.05,0,stock_session,,
assessment,2025-01-30,RIVN,11,20,0.05,0.05,6.93889390390723e-18,stock_session,,
assessment,2025-01-30,SMCI,10,20,0.05,0.05,0,stock_session,,
assessment,2025-01-30,SOFI,9,20,0.05,0.05,0,stock_session,,
assessment,2025-01-30,WULF,2,20,0.05,0.05,0,stock_session,,
assessment,2025-01-31,AAL,1,19,0.0526315789473684,0.0526315789473684,0,stock_session,,
assessment,2025-01-31,AAOI,15,19,0.0526315789473684,0.0526315789473684,6.93889390390723e-18,stock_session,,
assessment,2025-01-31,ASTS,11,19,0.0526315789473684,0.0526315789473684,0,stock_session,,
assessment,2025-01-31,CIFR,15,19,0.0526315789473684,0.0526315789473684,6.93889390390723e-18,stock_session,,
assessment,2025-01-31,HIMS,10,19,0.0526315789473684,0.0526315789473684,0,stock_session,,
assessment,2025-01-31,IONQ,11,19,0.0526315789473684,0.0526315789473684,0,stock_session,,
assessment,2025-01-31,IREN,15,19,0.0526315789473684,0.0526315789473684,6.93889390390723e-18,stock_session,,
assessment,2025-01-31,MARA,13,19,0.0526315789473684,0.0526315789473684,0,stock_session,,
assessment,2025-01-31,MP,14,19,0.0526315789473684,0.0526315789473684,0,stock_session,,
assessment,2025-01-31,MRNA,14,19,0.0526315789473684,0.0526315789473684,0,stock_session,,
assessment,2025-01-31,MSTR,15,19,0.0526315789473684,0.0526315789473684,6.93889390390723e-18,stock_session,,
assessment,2025-01-31,NVTS,15,19,0.0526315789473684,0.0526315789473684,6.93889390390723e-18,stock_session,,
assessment,2025-01-31,QBTS,15,19,0.0526315789473684,0.0526315789473684,6.93889390390723e-18,stock_session,,
assessment,2025-01-31,RGTI,15,19,0.0526315789473684,0.0526315789473684,6.93889390390723e-18,stock_session,,
assessment,2025-01-31,RIOT,14,19,0.0526315789473684,0.0526315789473684,0,stock_session,,
assessment,2025-01-31,RIVN,10,19,0.0526315789473684,0.0526315789473684,0,stock_session,,
assessment,2025-01-31,SMCI,13,19,0.0526315789473684,0.0526315789473684,0,stock_session,,
assessment,2025-01-31,SOFI,14,19,0.0526315789473684,0.0526315789473684,0,stock_session,,
assessment,2025-01-31,WULF,3,19,0.0526315789473684,0.0526315789473684,0,stock_session,,
assessment,2025-02-03,AAL,9,19,0.0526315789473684,0.0526315789473684,0,stock_session,,
assessment,2025-02-03,AAOI,14,19,0.0526315789473684,0.0526315789473684,0,stock_session,,
assessment,2025-02-03,APLD,15,19,0.0526315789473684,0.0526315789473684,6.93889390390723e-18,stock_session,,
assessment,2025-02-03,ASTS,13,19,0.0526315789473684,0.0526315789473684,0,stock_session,,
assessment,2025-02-03,CIFR,13,19,0.0526315789473684,0.0526315789473684,0,stock_session,,
assessment,2025-02-03,HIMS,7,19,0.0526315789473684,0.0526315789473684,0,stock_session,,
assessment,2025-02-03,IONQ,15,19,0.0526315789473684,0.0526315789473684,6.93889390390723e-18,stock_session,,
assessment,2025-02-03,IREN,14,19,0.0526315789473684,0.0526315789473684,0,stock_session,,
assessment,2025-02-03,MARA,15,19,0.0526315789473684,0.0526315789473684,6.93889390390723e-18,stock_session,,
assessment,2025-02-03,MP,15,19,0.0526315789473684,0.0526315789473684,6.93889390390723e-18,stock_session,,
assessment,2025-02-03,MRNA,6,19,0.0526315789473684,0.0526315789473684,0,stock_session,,
assessment,2025-02-03,MSTR,9,19,0.0526315789473684,0.0526315789473684,0,stock_session,,
assessment,2025-02-03,NVTS,15,19,0.0526315789473684,0.0526315789473684,6.93889390390723e-18,stock_session,,
assessment,2025-02-03,RGTI,13,19,0.0526315789473684,0.0526315789473684,0,stock_session,,
assessment,2025-02-03,RIOT,15,19,0.0526315789473684,0.0526315789473684,6.93889390390723e-18,stock_session,,
assessment,2025-02-03,RIVN,13,19,0.0526315789473684,0.0526315789473684,0,stock_session,,
assessment,2025-02-03,SMCI,5,19,0.0526315789473684,0.0526315789473684,0,stock_session,,
assessment,2025-02-03,SOFI,14,19,0.0526315789473684,0.0526315789473684,0,stock_session,,
assessment,2025-02-03,WULF,15,19,0.0526315789473684,0.0526315789473684,6.93889390390723e-18,stock_session,,
assessment,2025-02-04,AAL,11,20,0.05,0.05,6.93889390390723e-18,stock_session,,
assessment,2025-02-04,AAOI,15,20,0.05,0.05,0,stock_session,,
assessment,2025-02-04,APLD,10,20,0.05,0.05,0,stock_session,,
assessment,2025-02-04,ASTS,9,20,0.05,0.05,0,stock_session,,
assessment,2025-02-04,CIFR,12,20,0.05,0.05,0,stock_session,,
assessment,2025-02-04,HIMS,6,20,0.05,0.05,0,stock_session,,
assessment,2025-02-04,IONQ,11,20,0.05,0.05,6.93889390390723e-18,stock_session,,
assessment,2025-02-04,IREN,14,20,0.05,0.05,6.93889390390723e-18,stock_session,,
assessment,2025-02-04,MARA,13,20,0.05,0.05,0,stock_session,,
assessment,2025-02-04,MP,15,20,0.05,0.05,0,stock_session,,
assessment,2025-02-04,MRNA,15,20,0.05,0.05,0,stock_session,,
assessment,2025-02-04,MSTR,11,20,0.05,0.05,6.93889390390723e-18,stock_session,,
assessment,2025-02-04,NVTS,15,20,0.05,0.05,0,stock_session,,
assessment,2025-02-04,QBTS,15,20,0.05,0.05,0,stock_session,,
assessment,2025-02-04,RGTI,15,20,0.05,0.05,0,stock_session,,
assessment,2025-02-04,RIOT,11,20,0.05,0.05,6.93889390390723e-18,stock_session,,
assessment,2025-02-04,RIVN,10,20,0.05,0.05,0,stock_session,,
assessment,2025-02-04,SMCI,13,20,0.05,0.05,0,stock_session,,
assessment,2025-02-04,SOFI,10,20,0.05,0.05,0,stock_session,,
assessment,2025-02-04,WULF,14,20,0.05,0.05,6.93889390390723e-18,stock_session,,
assessment,2025-02-05,AAL,14,19,0.0526315789473684,0.0526315789473684,0,stock_session,,
assessment,2025-02-05,AAOI,15,19,0.0526315789473684,0.0526315789473684,6.93889390390723e-18,stock_session,,
assessment,2025-02-05,APLD,5,19,0.0526315789473684,0.0526315789473684,0,stock_session,,
assessment,2025-02-05,ASTS,15,19,0.0526315789473684,0.0526315789473684,6.93889390390723e-18,stock_session,,
assessment,2025-02-05,CIFR,15,19,0.0526315789473684,0.0526315789473684,6.93889390390723e-18,stock_session,,
assessment,2025-02-05,HIMS,3,19,0.0526315789473684,0.0526315789473684,0,stock_session,,
assessment,2025-02-05,IONQ,15,19,0.0526315789473684,0.0526315789473684,6.93889390390723e-18,stock_session,,
assessment,2025-02-05,IREN,13,19,0.0526315789473684,0.0526315789473684,0,stock_session,,
assessment,2025-02-05,MARA,15,19,0.0526315789473684,0.0526315789473684,6.93889390390723e-18,stock_session,,
assessment,2025-02-05,MP,6,19,0.0526315789473684,0.0526315789473684,0,stock_session,,
assessment,2025-02-05,MSTR,10,19,0.0526315789473684,0.0526315789473684,0,stock_session,,
assessment,2025-02-05,NVTS,10,19,0.0526315789473684,0.0526315789473684,0,stock_session,,
assessment,2025-02-05,QBTS,15,19,0.0526315789473684,0.0526315789473684,6.93889390390723e-18,stock_session,,
assessment,2025-02-05,RGTI,14,19,0.0526315789473684,0.0526315789473684,0,stock_session,,
assessment,2025-02-05,RIOT,15,19,0.0526315789473684,0.0526315789473684,6.93889390390723e-18,stock_session,,
assessment,2025-02-05,RIVN,2,19,0.0526315789473684,0.0526315789473684,0,stock_session,,
assessment,2025-02-05,SMCI,13,19,0.0526315789473684,0.0526315789473684,0,stock_session,,
assessment,2025-02-05,SOFI,4,19,0.0526315789473684,0.0526315789473684,0,stock_session,,
assessment,2025-02-05,WULF,14,19,0.0526315789473684,0.0526315789473684,0,stock_session,,
assessment,2025-02-06,AAL,10,19,0.0526315789473684,0.0526315789473684,0,stock_session,,
assessment,2025-02-06,AAOI,15,19,0.0526315789473684,0.0526315789473684,6.93889390390723e-18,stock_session,,
assessment,2025-02-06,APLD,13,19,0.0526315789473684,0.0526315789473684,0,stock_session,,
assessment,2025-02-06,ASTS,5,19,0.0526315789473684,0.0526315789473684,0,stock_session,,
assessment,2025-02-06,CIFR,5,19,0.0526315789473684,0.0526315789473684,0,stock_session,,
assessment,2025-02-06,HIMS,13,19,0.0526315789473684,0.0526315789473684,0,stock_session,,
assessment,2025-02-06,IONQ,12,19,0.0526315789473684,0.0526315789473684,0,stock_session,,
assessment,2025-02-06,IREN,11,19,0.0526315789473684,0.0526315789473684,0,stock_session,,
assessment,2025-02-06,MARA,14,19,0.0526315789473684,0.0526315789473684,0,stock_session,,
assessment,2025-02-06,MP,10,19,0.0526315789473684,0.0526315789473684,0,stock_session,,
assessment,2025-02-06,MRNA,13,19,0.0526315789473684,0.0526315789473684,0,stock_session,,
assessment,2025-02-06,MSTR,9,19,0.0526315789473684,0.0526315789473684,0,stock_session,,
assessment,2025-02-06,NVTS,14,19,0.0526315789473684,0.0526315789473684,0,stock_session,,
assessment,2025-02-06,QBTS,1,19,0.0526315789473684,0.0526315789473684,0,stock_session,,
assessment,2025-02-06,RIOT,14,19,0.0526315789473684,0.0526315789473684,0,stock_session,,
assessment,2025-02-06,RIVN,14,19,0.0526315789473684,0.0526315789473684,0,stock_session,,
assessment,2025-02-06,SMCI,15,19,0.0526315789473684,0.0526315789473684,6.93889390390723e-18,stock_session,,
assessment,2025-02-06,SOFI,9,19,0.0526315789473684,0.0526315789473684,0,stock_session,,
assessment,2025-02-06,WULF,4,19,0.0526315789473684,0.0526315789473684,0,stock_session,,
assessment,2025-02-07,AAL,10,19,0.0526315789473684,0.0526315789473684,0,stock_session,,
assessment,2025-02-07,AAOI,13,19,0.0526315789473684,0.0526315789473684,0,stock_session,,
assessment,2025-02-07,APLD,13,19,0.0526315789473684,0.0526315789473684,0,stock_session,,
assessment,2025-02-07,ASTS,10,19,0.0526315789473684,0.0526315789473684,0,stock_session,,
assessment,2025-02-07,CIFR,15,19,0.0526315789473684,0.0526315789473684,6.93889390390723e-18,stock_session,,
assessment,2025-02-07,HIMS,6,19,0.0526315789473684,0.0526315789473684,0,stock_session,,
assessment,2025-02-07,IONQ,15,19,0.0526315789473684,0.0526315789473684,6.93889390390723e-18,stock_session,,
assessment,2025-02-07,IREN,13,19,0.0526315789473684,0.0526315789473684,0,stock_session,,
assessment,2025-02-07,MARA,13,19,0.0526315789473684,0.0526315789473684,0,stock_session,,
assessment,2025-02-07,MP,9,19,0.0526315789473684,0.0526315789473684,0,stock_session,,
assessment,2025-02-07,MRNA,7,19,0.0526315789473684,0.0526315789473684,0,stock_session,,
assessment,2025-02-07,MSTR,5,19,0.0526315789473684,0.0526315789473684,0,stock_session,,
assessment,2025-02-07,NVTS,14,19,0.0526315789473684,0.0526315789473684,0,stock_session,,
assessment,2025-02-07,QBTS,4,19,0.0526315789473684,0.0526315789473684,0,stock_session,,
assessment,2025-02-07,RIOT,13,19,0.0526315789473684,0.0526315789473684,0,stock_session,,
assessment,2025-02-07,RIVN,12,19,0.0526315789473684,0.0526315789473684,0,stock_session,,
assessment,2025-02-07,SMCI,15,19,0.0526315789473684,0.0526315789473684,6.93889390390723e-18,stock_session,,
assessment,2025-02-07,SOFI,12,19,0.0526315789473684,0.0526315789473684,0,stock_session,,
assessment,2025-02-07,WULF,5,19,0.0526315789473684,0.0526315789473684,0,stock_session,,
assessment,2025-02-10,AAL,7,20,0.05,0.05,6.93889390390723e-18,stock_session,,
assessment,2025-02-10,AAOI,13,20,0.05,0.05,0,stock_session,,
assessment,2025-02-10,APLD,12,20,0.05,0.05,0,stock_session,,
assessment,2025-02-10,ASTS,15,20,0.05,0.05,0,stock_session,,
assessment,2025-02-10,CIFR,11,20,0.05,0.05,6.93889390390723e-18,stock_session,,
assessment,2025-02-10,HIMS,9,20,0.05,0.05,0,stock_session,,
assessment,2025-02-10,IONQ,5,20,0.05,0.05,0,stock_session,,
assessment,2025-02-10,IREN,13,20,0.05,0.05,0,stock_session,,
assessment,2025-02-10,MARA,10,20,0.05,0.05,0,stock_session,,
assessment,2025-02-10,MP,3,20,0.05,0.05,0,stock_session,,
assessment,2025-02-10,MRNA,10,20,0.05,0.05,0,stock_session,,
assessment,2025-02-10,MSTR,8,20,0.05,0.05,0,stock_session,,
assessment,2025-02-10,NVTS,12,20,0.05,0.05,0,stock_session,,
assessment,2025-02-10,QBTS,1,20,0.05,0.05,0,stock_session,,
assessment,2025-02-10,RGTI,6,20,0.05,0.05,0,stock_session,,
assessment,2025-02-10,RIOT,15,20,0.05,0.05,0,stock_session,,
assessment,2025-02-10,RIVN,7,20,0.05,0.05,6.93889390390723e-18,stock_session,,
assessment,2025-02-10,SMCI,12,20,0.05,0.05,0,stock_session,,
assessment,2025-02-10,SOFI,7,20,0.05,0.05,6.93889390390723e-18,stock_session,,
assessment,2025-02-10,WULF,13,20,0.05,0.05,0,stock_session,,
assessment,2025-02-11,AAL,7,20,0.05,0.05,6.93889390390723e-18,stock_session,,
assessment,2025-02-11,AAOI,15,20,0.05,0.05,0,stock_session,,
assessment,2025-02-11,APLD,15,20,0.05,0.05,0,stock_session,,
assessment,2025-02-11,ASTS,10,20,0.05,0.05,0,stock_session,,
assessment,2025-02-11,CIFR,14,20,0.05,0.05,6.93889390390723e-18,stock_session,,
assessment,2025-02-11,HIMS,14,20,0.05,0.05,6.93889390390723e-18,stock_session,,
assessment,2025-02-11,IONQ,11,20,0.05,0.05,6.93889390390723e-18,stock_session,,
assessment,2025-02-11,IREN,15,20,0.05,0.05,0,stock_session,,
assessment,2025-02-11,MARA,10,20,0.05,0.05,0,stock_session,,
assessment,2025-02-11,MP,9,20,0.05,0.05,0,stock_session,,
assessment,2025-02-11,MRNA,3,20,0.05,0.05,0,stock_session,,
assessment,2025-02-11,MSTR,12,20,0.05,0.05,0,stock_session,,
assessment,2025-02-11,NVTS,9,20,0.05,0.05,0,stock_session,,
assessment,2025-02-11,QBTS,14,20,0.05,0.05,6.93889390390723e-18,stock_session,,
assessment,2025-02-11,RGTI,15,20,0.05,0.05,0,stock_session,,
assessment,2025-02-11,RIOT,13,20,0.05,0.05,0,stock_session,,
assessment,2025-02-11,RIVN,11,20,0.05,0.05,6.93889390390723e-18,stock_session,,
assessment,2025-02-11,SMCI,15,20,0.05,0.05,0,stock_session,,
assessment,2025-02-11,SOFI,13,20,0.05,0.05,0,stock_session,,
assessment,2025-02-11,WULF,13,20,0.05,0.05,0,stock_session,,
assessment,2025-02-12,AAOI,5,19,0.0526315789473684,0.0526315789473684,0,stock_session,,
assessment,2025-02-12,APLD,10,19,0.0526315789473684,0.0526315789473684,0,stock_session,,
assessment,2025-02-12,ASTS,15,19,0.0526315789473684,0.0526315789473684,6.93889390390723e-18,stock_session,,
assessment,2025-02-12,CIFR,11,19,0.0526315789473684,0.0526315789473684,0,stock_session,,
assessment,2025-02-12,HIMS,11,19,0.0526315789473684,0.0526315789473684,0,stock_session,,
assessment,2025-02-12,IONQ,15,19,0.0526315789473684,0.0526315789473684,6.93889390390723e-18,stock_session,,
assessment,2025-02-12,IREN,14,19,0.0526315789473684,0.0526315789473684,0,stock_session,,
assessment,2025-02-12,MARA,10,19,0.0526315789473684,0.0526315789473684,0,stock_session,,
assessment,2025-02-12,MP,9,19,0.0526315789473684,0.0526315789473684,0,stock_session,,
assessment,2025-02-12,MRNA,13,19,0.0526315789473684,0.0526315789473684,0,stock_session,,
assessment,2025-02-12,MSTR,8,19,0.0526315789473684,0.0526315789473684,0,stock_session,,
assessment,2025-02-12,NVTS,9,19,0.0526315789473684,0.0526315789473684,0,stock_session,,
assessment,2025-02-12,QBTS,11,19,0.0526315789473684,0.0526315789473684,0,stock_session,,
assessment,2025-02-12,RGTI,8,19,0.0526315789473684,0.0526315789473684,0,stock_session,,
assessment,2025-02-12,RIOT,15,19,0.0526315789473684,0.0526315789473684,6.93889390390723e-18,stock_session,,
assessment,2025-02-12,RIVN,10,19,0.0526315789473684,0.0526315789473684,0,stock_session,,
assessment,2025-02-12,SMCI,15,19,0.0526315789473684,0.0526315789473684,6.93889390390723e-18,stock_session,,
assessment,2025-02-12,SOFI,13,19,0.0526315789473684,0.0526315789473684,0,stock_session,,
assessment,2025-02-12,WULF,14,19,0.0526315789473684,0.0526315789473684,0,stock_session,,
assessment,2025-02-13,AAL,9,20,0.05,0.05,0,stock_session,,
assessment,2025-02-13,AAOI,15,20,0.05,0.05,0,stock_session,,
assessment,2025-02-13,APLD,13,20,0.05,0.05,0,stock_session,,
assessment,2025-02-13,ASTS,15,20,0.05,0.05,0,stock_session,,
assessment,2025-02-13,CIFR,15,20,0.05,0.05,0,stock_session,,
assessment,2025-02-13,HIMS,15,20,0.05,0.05,0,stock_session,,
assessment,2025-02-13,IONQ,11,20,0.05,0.05,6.93889390390723e-18,stock_session,,
assessment,2025-02-13,IREN,13,20,0.05,0.05,0,stock_session,,
assessment,2025-02-13,MARA,14,20,0.05,0.05,6.93889390390723e-18,stock_session,,
assessment,2025-02-13,MP,15,20,0.05,0.05,0,stock_session,,
assessment,2025-02-13,MRNA,2,20,0.05,0.05,0,stock_session,,
assessment,2025-02-13,MSTR,10,20,0.05,0.05,0,stock_session,,
assessment,2025-02-13,NVTS,12,20,0.05,0.05,0,stock_session,,
assessment,2025-02-13,QBTS,8,20,0.05,0.05,0,stock_session,,
assessment,2025-02-13,RGTI,11,20,0.05,0.05,6.93889390390723e-18,stock_session,,
assessment,2025-02-13,RIOT,11,20,0.05,0.05,6.93889390390723e-18,stock_session,,
assessment,2025-02-13,RIVN,15,20,0.05,0.05,0,stock_session,,
assessment,2025-02-13,SMCI,13,20,0.05,0.05,0,stock_session,,
assessment,2025-02-13,SOFI,15,20,0.05,0.05,0,stock_session,,
assessment,2025-02-13,WULF,13,20,0.05,0.05,0,stock_session,,
assessment,2025-02-14,AAL,6,20,0.05,0.05,0,stock_session,,
assessment,2025-02-14,AAOI,14,20,0.05,0.05,6.93889390390723e-18,stock_session,,
assessment,2025-02-14,APLD,15,20,0.05,0.05,0,stock_session,,
assessment,2025-02-14,ASTS,15,20,0.05,0.05,0,stock_session,,
assessment,2025-02-14,CIFR,15,20,0.05,0.05,0,stock_session,,
assessment,2025-02-14,HIMS,15,20,0.05,0.05,0,stock_session,,
assessment,2025-02-14,IONQ,15,20,0.05,0.05,0,stock_session,,
assessment,2025-02-14,IREN,13,20,0.05,0.05,0,stock_session,,
assessment,2025-02-14,MARA,15,20,0.05,0.05,0,stock_session,,
assessment,2025-02-14,MP,10,20,0.05,0.05,0,stock_session,,
assessment,2025-02-14,MRNA,15,20,0.05,0.05,0,stock_session,,
assessment,2025-02-14,MSTR,7,20,0.05,0.05,6.93889390390723e-18,stock_session,,
assessment,2025-02-14,NVTS,15,20,0.05,0.05,0,stock_session,,
assessment,2025-02-14,QBTS,11,20,0.05,0.05,6.93889390390723e-18,stock_session,,
assessment,2025-02-14,RGTI,11,20,0.05,0.05,6.93889390390723e-18,stock_session,,
assessment,2025-02-14,RIOT,13,20,0.05,0.05,0,stock_session,,
assessment,2025-02-14,RIVN,15,20,0.05,0.05,0,stock_session,,
assessment,2025-02-14,SMCI,15,20,0.05,0.05,0,stock_session,,
assessment,2025-02-14,SOFI,10,20,0.05,0.05,0,stock_session,,
assessment,2025-02-14,WULF,13,20,0.05,0.05,0,stock_session,,
assessment,2025-02-18,AAL,6,20,0.05,0.05,0,stock_session,,
assessment,2025-02-18,AAOI,10,20,0.05,0.05,0,stock_session,,
assessment,2025-02-18,APLD,15,20,0.05,0.05,0,stock_session,,
assessment,2025-02-18,ASTS,15,20,0.05,0.05,0,stock_session,,
assessment,2025-02-18,CIFR,11,20,0.05,0.05,6.93889390390723e-18,stock_session,,
assessment,2025-02-18,HIMS,12,20,0.05,0.05,0,stock_session,,
assessment,2025-02-18,IONQ,7,20,0.05,0.05,6.93889390390723e-18,stock_session,,
assessment,2025-02-18,IREN,9,20,0.05,0.05,0,stock_session,,
assessment,2025-02-18,MARA,9,20,0.05,0.05,0,stock_session,,
assessment,2025-02-18,MP,1,20,0.05,0.05,0,stock_session,,
assessment,2025-02-18,MRNA,15,20,0.05,0.05,0,stock_session,,
assessment,2025-02-18,MSTR,11,20,0.05,0.05,6.93889390390723e-18,stock_session,,
assessment,2025-02-18,NVTS,15,20,0.05,0.05,0,stock_session,,
assessment,2025-02-18,QBTS,5,20,0.05,0.05,0,stock_session,,
assessment,2025-02-18,RGTI,12,20,0.05,0.05,0,stock_session,,
assessment,2025-02-18,RIOT,11,20,0.05,0.05,6.93889390390723e-18,stock_session,,
assessment,2025-02-18,RIVN,13,20,0.05,0.05,0,stock_session,,
assessment,2025-02-18,SMCI,15,20,0.05,0.05,0,stock_session,,
assessment,2025-02-18,SOFI,12,20,0.05,0.05,0,stock_session,,
assessment,2025-02-18,WULF,13,20,0.05,0.05,0,stock_session,,
assessment,2025-02-19,AAL,7,20,0.05,0.05,6.93889390390723e-18,stock_session,,
assessment,2025-02-19,AAOI,9,20,0.05,0.05,0,stock_session,,
assessment,2025-02-19,APLD,9,20,0.05,0.05,0,stock_session,,
assessment,2025-02-19,ASTS,14,20,0.05,0.05,6.93889390390723e-18,stock_session,,
assessment,2025-02-19,CIFR,14,20,0.05,0.05,6.93889390390723e-18,stock_session,,
assessment,2025-02-19,HIMS,15,20,0.05,0.05,0,stock_session,,
assessment,2025-02-19,IONQ,12,20,0.05,0.05,0,stock_session,,
assessment,2025-02-19,IREN,14,20,0.05,0.05,6.93889390390723e-18,stock_session,,
assessment,2025-02-19,MARA,9,20,0.05,0.05,0,stock_session,,
assessment,2025-02-19,MP,12,20,0.05,0.05,0,stock_session,,
assessment,2025-02-19,MRNA,10,20,0.05,0.05,0,stock_session,,
assessment,2025-02-19,MSTR,9,20,0.05,0.05,0,stock_session,,
assessment,2025-02-19,NVTS,12,20,0.05,0.05,0,stock_session,,
assessment,2025-02-19,QBTS,14,20,0.05,0.05,6.93889390390723e-18,stock_session,,
assessment,2025-02-19,RGTI,15,20,0.05,0.05,0,stock_session,,
assessment,2025-02-19,RIOT,14,20,0.05,0.05,6.93889390390723e-18,stock_session,,
assessment,2025-02-19,RIVN,10,20,0.05,0.05,0,stock_session,,
assessment,2025-02-19,SMCI,15,20,0.05,0.05,0,stock_session,,
assessment,2025-02-19,SOFI,7,20,0.05,0.05,6.93889390390723e-18,stock_session,,
assessment,2025-02-19,WULF,15,20,0.05,0.05,0,stock_session,,
assessment,2025-02-20,AAL,5,19,0.0526315789473684,0.0526315789473684,0,stock_session,,
assessment,2025-02-20,AAOI,14,19,0.0526315789473684,0.0526315789473684,0,stock_session,,
assessment,2025-02-20,APLD,12,19,0.0526315789473684,0.0526315789473684,0,stock_session,,
assessment,2025-02-20,ASTS,14,19,0.0526315789473684,0.0526315789473684,0,stock_session,,
assessment,2025-02-20,CIFR,6,19,0.0526315789473684,0.0526315789473684,0,stock_session,,
assessment,2025-02-20,HIMS,15,19,0.0526315789473684,0.0526315789473684,6.93889390390723e-18,stock_session,,
assessment,2025-02-20,IONQ,13,19,0.0526315789473684,0.0526315789473684,0,stock_session,,
assessment,2025-02-20,IREN,12,19,0.0526315789473684,0.0526315789473684,0,stock_session,,
assessment,2025-02-20,MARA,12,19,0.0526315789473684,0.0526315789473684,0,stock_session,,
assessment,2025-02-20,MP,7,19,0.0526315789473684,0.0526315789473684,0,stock_session,,
assessment,2025-02-20,MRNA,12,19,0.0526315789473684,0.0526315789473684,0,stock_session,,
assessment,2025-02-20,MSTR,7,19,0.0526315789473684,0.0526315789473684,0,stock_session,,
assessment,2025-02-20,NVTS,11,19,0.0526315789473684,0.0526315789473684,0,stock_session,,
assessment,2025-02-20,QBTS,15,19,0.0526315789473684,0.0526315789473684,6.93889390390723e-18,stock_session,,
assessment,2025-02-20,RIOT,14,19,0.0526315789473684,0.0526315789473684,0,stock_session,,
assessment,2025-02-20,RIVN,6,19,0.0526315789473684,0.0526315789473684,0,stock_session,,
assessment,2025-02-20,SMCI,15,19,0.0526315789473684,0.0526315789473684,6.93889390390723e-18,stock_session,,
assessment,2025-02-20,SOFI,11,19,0.0526315789473684,0.0526315789473684,0,stock_session,,
assessment,2025-02-20,WULF,15,19,0.0526315789473684,0.0526315789473684,6.93889390390723e-18,stock_session,,
assessment,2025-02-21,AAL,5,20,0.05,0.05,0,stock_session,,
assessment,2025-02-21,AAOI,4,20,0.05,0.05,0,stock_session,,
assessment,2025-02-21,APLD,15,20,0.05,0.05,0,stock_session,,
assessment,2025-02-21,ASTS,14,20,0.05,0.05,6.93889390390723e-18,stock_session,,
assessment,2025-02-21,CIFR,9,20,0.05,0.05,0,stock_session,,
assessment,2025-02-21,HIMS,15,20,0.05,0.05,0,stock_session,,
assessment,2025-02-21,IONQ,10,20,0.05,0.05,0,stock_session,,
assessment,2025-02-21,IREN,12,20,0.05,0.05,0,stock_session,,
assessment,2025-02-21,MARA,8,20,0.05,0.05,0,stock_session,,
assessment,2025-02-21,MP,11,20,0.05,0.05,6.93889390390723e-18,stock_session,,
assessment,2025-02-21,MRNA,14,20,0.05,0.05,6.93889390390723e-18,stock_session,,
assessment,2025-02-21,MSTR,5,20,0.05,0.05,0,stock_session,,
assessment,2025-02-21,NVTS,15,20,0.05,0.05,0,stock_session,,
assessment,2025-02-21,QBTS,15,20,0.05,0.05,0,stock_session,,
assessment,2025-02-21,RGTI,2,20,0.05,0.05,0,stock_session,,
assessment,2025-02-21,RIOT,13,20,0.05,0.05,0,stock_session,,
assessment,2025-02-21,RIVN,3,20,0.05,0.05,0,stock_session,,
assessment,2025-02-21,SMCI,9,20,0.05,0.05,0,stock_session,,
assessment,2025-02-21,SOFI,8,20,0.05,0.05,0,stock_session,,
assessment,2025-02-21,WULF,11,20,0.05,0.05,6.93889390390723e-18,stock_session,,
assessment,2025-02-24,AAL,8,20,0.05,0.05,0,stock_session,,
assessment,2025-02-24,AAOI,10,20,0.05,0.05,0,stock_session,,
assessment,2025-02-24,APLD,15,20,0.05,0.05,0,stock_session,,
assessment,2025-02-24,ASTS,15,20,0.05,0.05,0,stock_session,,
assessment,2025-02-24,CIFR,8,20,0.05,0.05,0,stock_session,,
assessment,2025-02-24,HIMS,15,20,0.05,0.05,0,stock_session,,
assessment,2025-02-24,IONQ,12,20,0.05,0.05,0,stock_session,,
assessment,2025-02-24,IREN,11,20,0.05,0.05,6.93889390390723e-18,stock_session,,
assessment,2025-02-24,MARA,8,20,0.05,0.05,0,stock_session,,
assessment,2025-02-24,MP,13,20,0.05,0.05,0,stock_session,,
assessment,2025-02-24,MRNA,1,20,0.05,0.05,0,stock_session,,
assessment,2025-02-24,MSTR,7,20,0.05,0.05,6.93889390390723e-18,stock_session,,
assessment,2025-02-24,NVTS,9,20,0.05,0.05,0,stock_session,,
assessment,2025-02-24,QBTS,7,20,0.05,0.05,6.93889390390723e-18,stock_session,,
assessment,2025-02-24,RGTI,14,20,0.05,0.05,6.93889390390723e-18,stock_session,,
assessment,2025-02-24,RIOT,12,20,0.05,0.05,0,stock_session,,
assessment,2025-02-24,RIVN,6,20,0.05,0.05,0,stock_session,,
assessment,2025-02-24,SMCI,14,20,0.05,0.05,6.93889390390723e-18,stock_session,,
assessment,2025-02-24,SOFI,12,20,0.05,0.05,0,stock_session,,
assessment,2025-02-24,WULF,7,20,0.05,0.05,6.93889390390723e-18,stock_session,,
assessment,2025-02-25,AAL,9,19,0.0526315789473684,0.0526315789473684,0,stock_session,,
assessment,2025-02-25,AAOI,4,19,0.0526315789473684,0.0526315789473684,0,stock_session,,
assessment,2025-02-25,APLD,15,19,0.0526315789473684,0.0526315789473684,6.93889390390723e-18,stock_session,,
assessment,2025-02-25,ASTS,10,19,0.0526315789473684,0.0526315789473684,0,stock_session,,
assessment,2025-02-25,CIFR,14,19,0.0526315789473684,0.0526315789473684,0,stock_session,,
assessment,2025-02-25,HIMS,15,19,0.0526315789473684,0.0526315789473684,6.93889390390723e-18,stock_session,,
assessment,2025-02-25,IONQ,15,19,0.0526315789473684,0.0526315789473684,6.93889390390723e-18,stock_session,,
assessment,2025-02-25,IREN,12,19,0.0526315789473684,0.0526315789473684,0,stock_session,,
assessment,2025-02-25,MARA,15,19,0.0526315789473684,0.0526315789473684,6.93889390390723e-18,stock_session,,
assessment,2025-02-25,MP,12,19,0.0526315789473684,0.0526315789473684,0,stock_session,,
assessment,2025-02-25,MRNA,9,19,0.0526315789473684,0.0526315789473684,0,stock_session,,
assessment,2025-02-25,NVTS,11,19,0.0526315789473684,0.0526315789473684,0,stock_session,,
assessment,2025-02-25,QBTS,11,19,0.0526315789473684,0.0526315789473684,0,stock_session,,
assessment,2025-02-25,RGTI,14,19,0.0526315789473684,0.0526315789473684,0,stock_session,,
assessment,2025-02-25,RIOT,12,19,0.0526315789473684,0.0526315789473684,0,stock_session,,
assessment,2025-02-25,RIVN,13,19,0.0526315789473684,0.0526315789473684,0,stock_session,,
assessment,2025-02-25,SMCI,9,19,0.0526315789473684,0.0526315789473684,0,stock_session,,
assessment,2025-02-25,SOFI,11,19,0.0526315789473684,0.0526315789473684,0,stock_session,,
assessment,2025-02-25,WULF,5,19,0.0526315789473684,0.0526315789473684,0,stock_session,,
assessment,2025-02-26,AAL,9,20,0.05,0.05,0,stock_session,,
assessment,2025-02-26,AAOI,3,20,0.05,0.05,0,stock_session,,
assessment,2025-02-26,APLD,1,20,0.05,0.05,0,stock_session,,
assessment,2025-02-26,ASTS,13,20,0.05,0.05,0,stock_session,,
assessment,2025-02-26,CIFR,3,20,0.05,0.05,0,stock_session,,
assessment,2025-02-26,HIMS,15,20,0.05,0.05,0,stock_session,,
assessment,2025-02-26,IONQ,10,20,0.05,0.05,0,stock_session,,
assessment,2025-02-26,IREN,15,20,0.05,0.05,0,stock_session,,
assessment,2025-02-26,MARA,15,20,0.05,0.05,0,stock_session,,
assessment,2025-02-26,MP,7,20,0.05,0.05,6.93889390390723e-18,stock_session,,
assessment,2025-02-26,MRNA,14,20,0.05,0.05,6.93889390390723e-18,stock_session,,
assessment,2025-02-26,MSTR,8,20,0.05,0.05,0,stock_session,,
assessment,2025-02-26,NVTS,8,20,0.05,0.05,0,stock_session,,
assessment,2025-02-26,QBTS,3,20,0.05,0.05,0,stock_session,,
assessment,2025-02-26,RGTI,12,20,0.05,0.05,0,stock_session,,
assessment,2025-02-26,RIOT,15,20,0.05,0.05,0,stock_session,,
assessment,2025-02-26,RIVN,13,20,0.05,0.05,0,stock_session,,
assessment,2025-02-26,SMCI,15,20,0.05,0.05,0,stock_session,,
assessment,2025-02-26,SOFI,15,20,0.05,0.05,0,stock_session,,
assessment,2025-02-26,WULF,2,20,0.05,0.05,0,stock_session,,
assessment,2025-02-27,AAL,7,20,0.05,0.05,6.93889390390723e-18,stock_session,,
assessment,2025-02-27,AAOI,15,20,0.05,0.05,0,stock_session,,
assessment,2025-02-27,APLD,11,20,0.05,0.05,6.93889390390723e-18,stock_session,,
assessment,2025-02-27,ASTS,15,20,0.05,0.05,0,stock_session,,
assessment,2025-02-27,CIFR,1,20,0.05,0.05,0,stock_session,,
assessment,2025-02-27,HIMS,15,20,0.05,0.05,0,stock_session,,
assessment,2025-02-27,IONQ,4,20,0.05,0.05,0,stock_session,,
assessment,2025-02-27,IREN,15,20,0.05,0.05,0,stock_session,,
assessment,2025-02-27,MARA,8,20,0.05,0.05,0,stock_session,,
assessment,2025-02-27,MP,1,20,0.05,0.05,0,stock_session,,
assessment,2025-02-27,MRNA,5,20,0.05,0.05,0,stock_session,,
assessment,2025-02-27,MSTR,15,20,0.05,0.05,0,stock_session,,
assessment,2025-02-27,NVTS,13,20,0.05,0.05,0,stock_session,,
assessment,2025-02-27,QBTS,10,20,0.05,0.05,0,stock_session,,
assessment,2025-02-27,RGTI,15,20,0.05,0.05,0,stock_session,,
assessment,2025-02-27,RIOT,14,20,0.05,0.05,6.93889390390723e-18,stock_session,,
assessment,2025-02-27,RIVN,15,20,0.05,0.05,0,stock_session,,
assessment,2025-02-27,SMCI,9,20,0.05,0.05,0,stock_session,,
assessment,2025-02-27,SOFI,11,20,0.05,0.05,6.93889390390723e-18,stock_session,,
assessment,2025-02-27,WULF,13,20,0.05,0.05,0,stock_session,,
assessment,2025-02-28,AAL,10,20,0.05,0.05,0,stock_session,,
assessment,2025-02-28,AAOI,7,20,0.05,0.05,6.93889390390723e-18,stock_session,,
assessment,2025-02-28,APLD,3,20,0.05,0.05,0,stock_session,,
assessment,2025-02-28,ASTS,14,20,0.05,0.05,6.93889390390723e-18,stock_session,,
assessment,2025-02-28,CIFR,12,20,0.05,0.05,0,stock_session,,
assessment,2025-02-28,HIMS,15,20,0.05,0.05,0,stock_session,,
assessment,2025-02-28,IONQ,8,20,0.05,0.05,0,stock_session,,
assessment,2025-02-28,IREN,15,20,0.05,0.05,0,stock_session,,
assessment,2025-02-28,MARA,15,20,0.05,0.05,0,stock_session,,
assessment,2025-02-28,MP,7,20,0.05,0.05,6.93889390390723e-18,stock_session,,
assessment,2025-02-28,MRNA,13,20,0.05,0.05,0,stock_session,,
assessment,2025-02-28,MSTR,6,20,0.05,0.05,0,stock_session,,
assessment,2025-02-28,NVTS,13,20,0.05,0.05,0,stock_session,,
assessment,2025-02-28,QBTS,7,20,0.05,0.05,6.93889390390723e-18,stock_session,,
assessment,2025-02-28,RGTI,12,20,0.05,0.05,0,stock_session,,
assessment,2025-02-28,RIOT,15,20,0.05,0.05,0,stock_session,,
assessment,2025-02-28,RIVN,14,20,0.05,0.05,6.93889390390723e-18,stock_session,,
assessment,2025-02-28,SMCI,15,20,0.05,0.05,0,stock_session,,
assessment,2025-02-28,SOFI,13,20,0.05,0.05,0,stock_session,,
assessment,2025-02-28,WULF,15,20,0.05,0.05,0,stock_session,,
assessment,2025-03-03,AAL,9,18,0.0555555555555556,0.0555555555555556,0,stock_session,,
assessment,2025-03-03,AAOI,12,18,0.0555555555555556,0.0555555555555556,0,stock_session,,
assessment,2025-03-03,APLD,5,18,0.0555555555555556,0.0555555555555556,6.93889390390723e-18,stock_session,,
assessment,2025-03-03,ASTS,11,18,0.0555555555555556,0.0555555555555556,6.93889390390723e-18,stock_session,,
assessment,2025-03-03,CIFR,8,18,0.0555555555555556,0.0555555555555556,0,stock_session,,
assessment,2025-03-03,IONQ,15,18,0.0555555555555556,0.0555555555555556,6.93889390390723e-18,stock_session,,
assessment,2025-03-03,IREN,13,18,0.0555555555555556,0.0555555555555556,6.93889390390723e-18,stock_session,,
assessment,2025-03-03,MARA,15,18,0.0555555555555556,0.0555555555555556,6.93889390390723e-18,stock_session,,
assessment,2025-03-03,MP,8,18,0.0555555555555556,0.0555555555555556,0,stock_session,,
assessment,2025-03-03,MRNA,13,18,0.0555555555555556,0.0555555555555556,6.93889390390723e-18,stock_session,,
assessment,2025-03-03,MSTR,6,18,0.0555555555555556,0.0555555555555556,0,stock_session,,
assessment,2025-03-03,NVTS,13,18,0.0555555555555556,0.0555555555555556,6.93889390390723e-18,stock_session,,
assessment,2025-03-03,QBTS,8,18,0.0555555555555556,0.0555555555555556,0,stock_session,,
assessment,2025-03-03,RGTI,15,18,0.0555555555555556,0.0555555555555556,6.93889390390723e-18,stock_session,,
assessment,2025-03-03,RIOT,10,18,0.0555555555555556,0.0555555555555556,6.93889390390723e-18,stock_session,,
assessment,2025-03-03,RIVN,13,18,0.0555555555555556,0.0555555555555556,6.93889390390723e-18,stock_session,,
assessment,2025-03-03,SMCI,4,18,0.0555555555555556,0.0555555555555556,0,stock_session,,
assessment,2025-03-03,SOFI,12,18,0.0555555555555556,0.0555555555555556,0,stock_session,,
assessment,2025-03-04,AAL,3,19,0.0526315789473684,0.0526315789473684,0,stock_session,,
assessment,2025-03-04,AAOI,4,19,0.0526315789473684,0.0526315789473684,0,stock_session,,
assessment,2025-03-04,APLD,1,19,0.0526315789473684,0.0526315789473684,0,stock_session,,
assessment,2025-03-04,ASTS,15,19,0.0526315789473684,0.0526315789473684,6.93889390390723e-18,stock_session,,
assessment,2025-03-04,CIFR,11,19,0.0526315789473684,0.0526315789473684,0,stock_session,,
assessment,2025-03-04,IONQ,15,19,0.0526315789473684,0.0526315789473684,6.93889390390723e-18,stock_session,,
assessment,2025-03-04,IREN,13,19,0.0526315789473684,0.0526315789473684,0,stock_session,,
assessment,2025-03-04,MARA,15,19,0.0526315789473684,0.0526315789473684,6.93889390390723e-18,stock_session,,
assessment,2025-03-04,MP,15,19,0.0526315789473684,0.0526315789473684,6.93889390390723e-18,stock_session,,
assessment,2025-03-04,MRNA,15,19,0.0526315789473684,0.0526315789473684,6.93889390390723e-18,stock_session,,
assessment,2025-03-04,MSTR,5,19,0.0526315789473684,0.0526315789473684,0,stock_session,,
assessment,2025-03-04,NVTS,14,19,0.0526315789473684,0.0526315789473684,0,stock_session,,
assessment,2025-03-04,QBTS,5,19,0.0526315789473684,0.0526315789473684,0,stock_session,,
assessment,2025-03-04,RGTI,15,19,0.0526315789473684,0.0526315789473684,6.93889390390723e-18,stock_session,,
assessment,2025-03-04,RIOT,14,19,0.0526315789473684,0.0526315789473684,0,stock_session,,
assessment,2025-03-04,RIVN,6,19,0.0526315789473684,0.0526315789473684,0,stock_session,,
assessment,2025-03-04,SMCI,15,19,0.0526315789473684,0.0526315789473684,6.93889390390723e-18,stock_session,,
assessment,2025-03-04,SOFI,4,19,0.0526315789473684,0.0526315789473684,0,stock_session,,
assessment,2025-03-04,WULF,11,19,0.0526315789473684,0.0526315789473684,0,stock_session,,
assessment,2025-03-05,AAL,15,20,0.05,0.05,0,stock_session,,
assessment,2025-03-05,AAOI,12,20,0.05,0.05,0,stock_session,,
assessment,2025-03-05,APLD,7,20,0.05,0.05,6.93889390390723e-18,stock_session,,
assessment,2025-03-05,ASTS,15,20,0.05,0.05,0,stock_session,,
assessment,2025-03-05,CIFR,13,20,0.05,0.05,0,stock_session,,
assessment,2025-03-05,HIMS,7,20,0.05,0.05,6.93889390390723e-18,stock_session,,
assessment,2025-03-05,IONQ,15,20,0.05,0.05,0,stock_session,,
assessment,2025-03-05,IREN,15,20,0.05,0.05,0,stock_session,,
assessment,2025-03-05,MARA,14,20,0.05,0.05,6.93889390390723e-18,stock_session,,
assessment,2025-03-05,MP,11,20,0.05,0.05,6.93889390390723e-18,stock_session,,
assessment,2025-03-05,MRNA,15,20,0.05,0.05,0,stock_session,,
assessment,2025-03-05,MSTR,5,20,0.05,0.05,0,stock_session,,
assessment,2025-03-05,NVTS,12,20,0.05,0.05,0,stock_session,,
assessment,2025-03-05,QBTS,15,20,0.05,0.05,0,stock_session,,
assessment,2025-03-05,RGTI,15,20,0.05,0.05,0,stock_session,,
assessment,2025-03-05,RIOT,12,20,0.05,0.05,0,stock_session,,
assessment,2025-03-05,RIVN,14,20,0.05,0.05,6.93889390390723e-18,stock_session,,
assessment,2025-03-05,SMCI,1,20,0.05,0.05,0,stock_session,,
assessment,2025-03-05,SOFI,12,20,0.05,0.05,0,stock_session,,
assessment,2025-03-05,WULF,15,20,0.05,0.05,0,stock_session,,
assessment,2025-03-06,AAL,13,20,0.05,0.05,0,stock_session,,
assessment,2025-03-06,AAOI,15,20,0.05,0.05,0,stock_session,,
assessment,2025-03-06,APLD,6,20,0.05,0.05,0,stock_session,,
assessment,2025-03-06,ASTS,9,20,0.05,0.05,0,stock_session,,
assessment,2025-03-06,CIFR,15,20,0.05,0.05,0,stock_session,,
assessment,2025-03-06,HIMS,8,20,0.05,0.05,0,stock_session,,
assessment,2025-03-06,IONQ,15,20,0.05,0.05,0,stock_session,,
assessment,2025-03-06,IREN,15,20,0.05,0.05,0,stock_session,,
assessment,2025-03-06,MARA,15,20,0.05,0.05,0,stock_session,,
assessment,2025-03-06,MP,5,20,0.05,0.05,0,stock_session,,
assessment,2025-03-06,MRNA,1,20,0.05,0.05,0,stock_session,,
assessment,2025-03-06,MSTR,10,20,0.05,0.05,0,stock_session,,
assessment,2025-03-06,NVTS,14,20,0.05,0.05,6.93889390390723e-18,stock_session,,
assessment,2025-03-06,QBTS,9,20,0.05,0.05,0,stock_session,,
assessment,2025-03-06,RGTI,11,20,0.05,0.05,6.93889390390723e-18,stock_session,,
assessment,2025-03-06,RIOT,15,20,0.05,0.05,0,stock_session,,
assessment,2025-03-06,RIVN,9,20,0.05,0.05,0,stock_session,,
assessment,2025-03-06,SMCI,6,20,0.05,0.05,0,stock_session,,
assessment,2025-03-06,SOFI,15,20,0.05,0.05,0,stock_session,,
assessment,2025-03-06,WULF,15,20,0.05,0.05,0,stock_session,,
assessment,2025-03-07,AAOI,14,19,0.0526315789473684,0.0526315789473684,0,stock_session,,
assessment,2025-03-07,APLD,11,19,0.0526315789473684,0.0526315789473684,0,stock_session,,
assessment,2025-03-07,ASTS,15,19,0.0526315789473684,0.0526315789473684,6.93889390390723e-18,stock_session,,
assessment,2025-03-07,CIFR,15,19,0.0526315789473684,0.0526315789473684,6.93889390390723e-18,stock_session,,
assessment,2025-03-07,HIMS,11,19,0.0526315789473684,0.0526315789473684,0,stock_session,,
assessment,2025-03-07,IONQ,15,19,0.0526315789473684,0.0526315789473684,6.93889390390723e-18,stock_session,,
assessment,2025-03-07,IREN,15,19,0.0526315789473684,0.0526315789473684,6.93889390390723e-18,stock_session,,
assessment,2025-03-07,MARA,14,19,0.0526315789473684,0.0526315789473684,0,stock_session,,
assessment,2025-03-07,MP,15,19,0.0526315789473684,0.0526315789473684,6.93889390390723e-18,stock_session,,
assessment,2025-03-07,MRNA,15,19,0.0526315789473684,0.0526315789473684,6.93889390390723e-18,stock_session,,
assessment,2025-03-07,MSTR,15,19,0.0526315789473684,0.0526315789473684,6.93889390390723e-18,stock_session,,
assessment,2025-03-07,NVTS,9,19,0.0526315789473684,0.0526315789473684,0,stock_session,,
assessment,2025-03-07,QBTS,3,19,0.0526315789473684,0.0526315789473684,0,stock_session,,
assessment,2025-03-07,RGTI,7,19,0.0526315789473684,0.0526315789473684,0,stock_session,,
assessment,2025-03-07,RIOT,10,19,0.0526315789473684,0.0526315789473684,0,stock_session,,
assessment,2025-03-07,RIVN,14,19,0.0526315789473684,0.0526315789473684,0,stock_session,,
assessment,2025-03-07,SMCI,12,19,0.0526315789473684,0.0526315789473684,0,stock_session,,
assessment,2025-03-07,SOFI,15,19,0.0526315789473684,0.0526315789473684,6.93889390390723e-18,stock_session,,
assessment,2025-03-07,WULF,15,19,0.0526315789473684,0.0526315789473684,6.93889390390723e-18,stock_session,,
assessment,2025-03-10,AAL,3,19,0.0526315789473684,0.0526315789473684,0,stock_session,,
assessment,2025-03-10,AAOI,15,19,0.0526315789473684,0.0526315789473684,6.93889390390723e-18,stock_session,,
assessment,2025-03-10,APLD,10,19,0.0526315789473684,0.0526315789473684,0,stock_session,,
assessment,2025-03-10,ASTS,15,19,0.0526315789473684,0.0526315789473684,6.93889390390723e-18,stock_session,,
assessment,2025-03-10,CIFR,14,19,0.0526315789473684,0.0526315789473684,0,stock_session,,
assessment,2025-03-10,HIMS,6,19,0.0526315789473684,0.0526315789473684,0,stock_session,,
assessment,2025-03-10,IONQ,14,19,0.0526315789473684,0.0526315789473684,0,stock_session,,
assessment,2025-03-10,IREN,15,19,0.0526315789473684,0.0526315789473684,6.93889390390723e-18,stock_session,,
assessment,2025-03-10,MARA,14,19,0.0526315789473684,0.0526315789473684,0,stock_session,,
assessment,2025-03-10,MP,13,19,0.0526315789473684,0.0526315789473684,0,stock_session,,
assessment,2025-03-10,MSTR,7,19,0.0526315789473684,0.0526315789473684,0,stock_session,,
assessment,2025-03-10,NVTS,15,19,0.0526315789473684,0.0526315789473684,6.93889390390723e-18,stock_session,,
assessment,2025-03-10,QBTS,15,19,0.0526315789473684,0.0526315789473684,6.93889390390723e-18,stock_session,,
assessment,2025-03-10,RGTI,10,19,0.0526315789473684,0.0526315789473684,0,stock_session,,
assessment,2025-03-10,RIOT,11,19,0.0526315789473684,0.0526315789473684,0,stock_session,,
assessment,2025-03-10,RIVN,11,19,0.0526315789473684,0.0526315789473684,0,stock_session,,
assessment,2025-03-10,SMCI,8,19,0.0526315789473684,0.0526315789473684,0,stock_session,,
assessment,2025-03-10,SOFI,14,19,0.0526315789473684,0.0526315789473684,0,stock_session,,
assessment,2025-03-10,WULF,15,19,0.0526315789473684,0.0526315789473684,6.93889390390723e-18,stock_session,,
assessment,2025-03-11,AAOI,15,19,0.0526315789473684,0.0526315789473684,6.93889390390723e-18,stock_session,,
assessment,2025-03-11,APLD,15,19,0.0526315789473684,0.0526315789473684,6.93889390390723e-18,stock_session,,
assessment,2025-03-11,ASTS,15,19,0.0526315789473684,0.0526315789473684,6.93889390390723e-18,stock_session,,
assessment,2025-03-11,CIFR,15,19,0.0526315789473684,0.0526315789473684,6.93889390390723e-18,stock_session,,
assessment,2025-03-11,HIMS,7,19,0.0526315789473684,0.0526315789473684,0,stock_session,,
assessment,2025-03-11,IONQ,15,19,0.0526315789473684,0.0526315789473684,6.93889390390723e-18,stock_session,,
assessment,2025-03-11,IREN,15,19,0.0526315789473684,0.0526315789473684,6.93889390390723e-18,stock_session,,
assessment,2025-03-11,MARA,15,19,0.0526315789473684,0.0526315789473684,6.93889390390723e-18,stock_session,,
assessment,2025-03-11,MP,14,19,0.0526315789473684,0.0526315789473684,0,stock_session,,
assessment,2025-03-11,MRNA,8,19,0.0526315789473684,0.0526315789473684,0,stock_session,,
assessment,2025-03-11,MSTR,12,19,0.0526315789473684,0.0526315789473684,0,stock_session,,
assessment,2025-03-11,NVTS,5,19,0.0526315789473684,0.0526315789473684,0,stock_session,,
assessment,2025-03-11,QBTS,15,19,0.0526315789473684,0.0526315789473684,6.93889390390723e-18,stock_session,,
assessment,2025-03-11,RGTI,15,19,0.0526315789473684,0.0526315789473684,6.93889390390723e-18,stock_session,,
assessment,2025-03-11,RIOT,15,19,0.0526315789473684,0.0526315789473684,6.93889390390723e-18,stock_session,,
assessment,2025-03-11,RIVN,15,19,0.0526315789473684,0.0526315789473684,6.93889390390723e-18,stock_session,,
assessment,2025-03-11,SMCI,3,19,0.0526315789473684,0.0526315789473684,0,stock_session,,
assessment,2025-03-11,SOFI,15,19,0.0526315789473684,0.0526315789473684,6.93889390390723e-18,stock_session,,
assessment,2025-03-11,WULF,14,19,0.0526315789473684,0.0526315789473684,0,stock_session,,
assessment,2025-03-12,AAL,4,19,0.0526315789473684,0.0526315789473684,0,stock_session,,
assessment,2025-03-12,AAOI,14,19,0.0526315789473684,0.0526315789473684,0,stock_session,,
assessment,2025-03-12,APLD,11,19,0.0526315789473684,0.0526315789473684,0,stock_session,,
assessment,2025-03-12,ASTS,15,19,0.0526315789473684,0.0526315789473684,6.93889390390723e-18,stock_session,,
assessment,2025-03-12,CIFR,10,19,0.0526315789473684,0.0526315789473684,0,stock_session,,
assessment,2025-03-12,HIMS,7,19,0.0526315789473684,0.0526315789473684,0,stock_session,,
assessment,2025-03-12,IONQ,13,19,0.0526315789473684,0.0526315789473684,0,stock_session,,
assessment,2025-03-12,IREN,12,19,0.0526315789473684,0.0526315789473684,0,stock_session,,
assessment,2025-03-12,MARA,11,19,0.0526315789473684,0.0526315789473684,0,stock_session,,
assessment,2025-03-12,MP,13,19,0.0526315789473684,0.0526315789473684,0,stock_session,,
assessment,2025-03-12,MRNA,10,19,0.0526315789473684,0.0526315789473684,0,stock_session,,
assessment,2025-03-12,MSTR,15,19,0.0526315789473684,0.0526315789473684,6.93889390390723e-18,stock_session,,
assessment,2025-03-12,NVTS,10,19,0.0526315789473684,0.0526315789473684,0,stock_session,,
assessment,2025-03-12,RGTI,15,19,0.0526315789473684,0.0526315789473684,6.93889390390723e-18,stock_session,,
assessment,2025-03-12,RIOT,10,19,0.0526315789473684,0.0526315789473684,0,stock_session,,
assessment,2025-03-12,RIVN,9,19,0.0526315789473684,0.0526315789473684,0,stock_session,,
assessment,2025-03-12,SMCI,2,19,0.0526315789473684,0.0526315789473684,0,stock_session,,
assessment,2025-03-12,SOFI,7,19,0.0526315789473684,0.0526315789473684,0,stock_session,,
assessment,2025-03-12,WULF,12,19,0.0526315789473684,0.0526315789473684,0,stock_session,,
assessment,2025-03-13,AAL,1,20,0.05,0.05,0,stock_session,,
assessment,2025-03-13,AAOI,9,20,0.05,0.05,0,stock_session,,
assessment,2025-03-13,APLD,12,20,0.05,0.05,0,stock_session,,
assessment,2025-03-13,ASTS,12,20,0.05,0.05,0,stock_session,,
assessment,2025-03-13,CIFR,14,20,0.05,0.05,6.93889390390723e-18,stock_session,,
assessment,2025-03-13,HIMS,2,20,0.05,0.05,0,stock_session,,
assessment,2025-03-13,IONQ,1,20,0.05,0.05,0,stock_session,,
assessment,2025-03-13,IREN,14,20,0.05,0.05,6.93889390390723e-18,stock_session,,
assessment,2025-03-13,MARA,14,20,0.05,0.05,6.93889390390723e-18,stock_session,,
assessment,2025-03-13,MP,12,20,0.05,0.05,0,stock_session,,
assessment,2025-03-13,MRNA,7,20,0.05,0.05,6.93889390390723e-18,stock_session,,
assessment,2025-03-13,MSTR,15,20,0.05,0.05,0,stock_session,,
assessment,2025-03-13,NVTS,15,20,0.05,0.05,0,stock_session,,
assessment,2025-03-13,QBTS,15,20,0.05,0.05,0,stock_session,,
assessment,2025-03-13,RGTI,9,20,0.05,0.05,0,stock_session,,
assessment,2025-03-13,RIOT,15,20,0.05,0.05,0,stock_session,,
assessment,2025-03-13,RIVN,10,20,0.05,0.05,0,stock_session,,
assessment,2025-03-13,SMCI,15,20,0.05,0.05,0,stock_session,,
assessment,2025-03-13,SOFI,11,20,0.05,0.05,6.93889390390723e-18,stock_session,,
assessment,2025-03-13,WULF,15,20,0.05,0.05,0,stock_session,,
assessment,2025-03-14,AAL,9,20,0.05,0.05,0,stock_session,,
assessment,2025-03-14,AAOI,15,20,0.05,0.05,0,stock_session,,
assessment,2025-03-14,APLD,14,20,0.05,0.05,6.93889390390723e-18,stock_session,,
assessment,2025-03-14,ASTS,13,20,0.05,0.05,0,stock_session,,
assessment,2025-03-14,CIFR,14,20,0.05,0.05,6.93889390390723e-18,stock_session,,
assessment,2025-03-14,HIMS,15,20,0.05,0.05,0,stock_session,,
assessment,2025-03-14,IONQ,12,20,0.05,0.05,0,stock_session,,
assessment,2025-03-14,IREN,15,20,0.05,0.05,0,stock_session,,
assessment,2025-03-14,MARA,4,20,0.05,0.05,0,stock_session,,
assessment,2025-03-14,MP,12,20,0.05,0.05,0,stock_session,,
assessment,2025-03-14,MRNA,14,20,0.05,0.05,6.93889390390723e-18,stock_session,,
assessment,2025-03-14,MSTR,8,20,0.05,0.05,0,stock_session,,
assessment,2025-03-14,NVTS,15,20,0.05,0.05,0,stock_session,,
assessment,2025-03-14,QBTS,15,20,0.05,0.05,0,stock_session,,
assessment,2025-03-14,RGTI,15,20,0.05,0.05,0,stock_session,,
assessment,2025-03-14,RIOT,14,20,0.05,0.05,6.93889390390723e-18,stock_session,,
assessment,2025-03-14,RIVN,5,20,0.05,0.05,0,stock_session,,
assessment,2025-03-14,SMCI,13,20,0.05,0.05,0,stock_session,,
assessment,2025-03-14,SOFI,13,20,0.05,0.05,0,stock_session,,
assessment,2025-03-14,WULF,12,20,0.05,0.05,0,stock_session,,
assessment,2025-03-17,AAL,15,19,0.0526315789473684,0.0526315789473684,6.93889390390723e-18,stock_session,,
assessment,2025-03-17,AAOI,3,19,0.0526315789473684,0.0526315789473684,0,stock_session,,
assessment,2025-03-17,APLD,2,19,0.0526315789473684,0.0526315789473684,0,stock_session,,
assessment,2025-03-17,ASTS,15,19,0.0526315789473684,0.0526315789473684,6.93889390390723e-18,stock_session,,
assessment,2025-03-17,CIFR,11,19,0.0526315789473684,0.0526315789473684,0,stock_session,,
assessment,2025-03-17,HIMS,13,19,0.0526315789473684,0.0526315789473684,0,stock_session,,
assessment,2025-03-17,IONQ,15,19,0.0526315789473684,0.0526315789473684,6.93889390390723e-18,stock_session,,
assessment,2025-03-17,IREN,11,19,0.0526315789473684,0.0526315789473684,0,stock_session,,
assessment,2025-03-17,MARA,5,19,0.0526315789473684,0.0526315789473684,0,stock_session,,
assessment,2025-03-17,MP,13,19,0.0526315789473684,0.0526315789473684,0,stock_session,,
assessment,2025-03-17,MRNA,6,19,0.0526315789473684,0.0526315789473684,0,stock_session,,
assessment,2025-03-17,MSTR,7,19,0.0526315789473684,0.0526315789473684,0,stock_session,,
assessment,2025-03-17,NVTS,12,19,0.0526315789473684,0.0526315789473684,0,stock_session,,
assessment,2025-03-17,QBTS,15,19,0.0526315789473684,0.0526315789473684,6.93889390390723e-18,stock_session,,
assessment,2025-03-17,RIOT,8,19,0.0526315789473684,0.0526315789473684,0,stock_session,,
assessment,2025-03-17,RIVN,9,19,0.0526315789473684,0.0526315789473684,0,stock_session,,
assessment,2025-03-17,SMCI,10,19,0.0526315789473684,0.0526315789473684,0,stock_session,,
assessment,2025-03-17,SOFI,7,19,0.0526315789473684,0.0526315789473684,0,stock_session,,
assessment,2025-03-17,WULF,11,19,0.0526315789473684,0.0526315789473684,0,stock_session,,
assessment,2025-03-18,AAL,11,20,0.05,0.05,6.93889390390723e-18,stock_session,,
assessment,2025-03-18,AAOI,14,20,0.05,0.05,6.93889390390723e-18,stock_session,,
assessment,2025-03-18,APLD,14,20,0.05,0.05,6.93889390390723e-18,stock_session,,
assessment,2025-03-18,ASTS,13,20,0.05,0.05,0,stock_session,,
assessment,2025-03-18,CIFR,12,20,0.05,0.05,0,stock_session,,
assessment,2025-03-18,HIMS,13,20,0.05,0.05,0,stock_session,,
assessment,2025-03-18,IONQ,7,20,0.05,0.05,6.93889390390723e-18,stock_session,,
assessment,2025-03-18,IREN,14,20,0.05,0.05,6.93889390390723e-18,stock_session,,
assessment,2025-03-18,MARA,14,20,0.05,0.05,6.93889390390723e-18,stock_session,,
assessment,2025-03-18,MP,9,20,0.05,0.05,0,stock_session,,
assessment,2025-03-18,MRNA,15,20,0.05,0.05,0,stock_session,,
assessment,2025-03-18,MSTR,7,20,0.05,0.05,6.93889390390723e-18,stock_session,,
assessment,2025-03-18,NVTS,12,20,0.05,0.05,0,stock_session,,
assessment,2025-03-18,QBTS,15,20,0.05,0.05,0,stock_session,,
assessment,2025-03-18,RGTI,13,20,0.05,0.05,0,stock_session,,
assessment,2025-03-18,RIOT,11,20,0.05,0.05,6.93889390390723e-18,stock_session,,
assessment,2025-03-18,RIVN,12,20,0.05,0.05,0,stock_session,,
assessment,2025-03-18,SMCI,15,20,0.05,0.05,0,stock_session,,
assessment,2025-03-18,SOFI,7,20,0.05,0.05,6.93889390390723e-18,stock_session,,
assessment,2025-03-18,WULF,15,20,0.05,0.05,0,stock_session,,
assessment,2025-03-19,AAL,8,20,0.05,0.05,0,stock_session,,
assessment,2025-03-19,AAOI,9,20,0.05,0.05,0,stock_session,,
assessment,2025-03-19,APLD,10,20,0.05,0.05,0,stock_session,,
assessment,2025-03-19,ASTS,7,20,0.05,0.05,6.93889390390723e-18,stock_session,,
assessment,2025-03-19,CIFR,15,20,0.05,0.05,0,stock_session,,
assessment,2025-03-19,HIMS,7,20,0.05,0.05,6.93889390390723e-18,stock_session,,
assessment,2025-03-19,IONQ,13,20,0.05,0.05,0,stock_session,,
assessment,2025-03-19,IREN,13,20,0.05,0.05,0,stock_session,,
assessment,2025-03-19,MARA,14,20,0.05,0.05,6.93889390390723e-18,stock_session,,
assessment,2025-03-19,MP,13,20,0.05,0.05,0,stock_session,,
assessment,2025-03-19,MRNA,15,20,0.05,0.05,0,stock_session,,
assessment,2025-03-19,MSTR,13,20,0.05,0.05,0,stock_session,,
assessment,2025-03-19,NVTS,15,20,0.05,0.05,0,stock_session,,
assessment,2025-03-19,QBTS,15,20,0.05,0.05,0,stock_session,,
assessment,2025-03-19,RGTI,14,20,0.05,0.05,6.93889390390723e-18,stock_session,,
assessment,2025-03-19,RIOT,15,20,0.05,0.05,0,stock_session,,
assessment,2025-03-19,RIVN,8,20,0.05,0.05,0,stock_session,,
assessment,2025-03-19,SMCI,8,20,0.05,0.05,0,stock_session,,
assessment,2025-03-19,SOFI,3,20,0.05,0.05,0,stock_session,,
assessment,2025-03-19,WULF,15,20,0.05,0.05,0,stock_session,,
assessment,2025-03-20,AAL,9,20,0.05,0.05,0,stock_session,,
assessment,2025-03-20,AAOI,15,20,0.05,0.05,0,stock_session,,
assessment,2025-03-20,APLD,7,20,0.05,0.05,6.93889390390723e-18,stock_session,,
assessment,2025-03-20,ASTS,13,20,0.05,0.05,0,stock_session,,
assessment,2025-03-20,CIFR,13,20,0.05,0.05,0,stock_session,,
assessment,2025-03-20,HIMS,15,20,0.05,0.05,0,stock_session,,
assessment,2025-03-20,IONQ,9,20,0.05,0.05,0,stock_session,,
assessment,2025-03-20,IREN,13,20,0.05,0.05,0,stock_session,,
assessment,2025-03-20,MARA,12,20,0.05,0.05,0,stock_session,,
assessment,2025-03-20,MP,15,20,0.05,0.05,0,stock_session,,
assessment,2025-03-20,MRNA,12,20,0.05,0.05,0,stock_session,,
assessment,2025-03-20,MSTR,15,20,0.05,0.05,0,stock_session,,
assessment,2025-03-20,NVTS,13,20,0.05,0.05,0,stock_session,,
assessment,2025-03-20,QBTS,15,20,0.05,0.05,0,stock_session,,
assessment,2025-03-20,RGTI,15,20,0.05,0.05,0,stock_session,,
assessment,2025-03-20,RIOT,15,20,0.05,0.05,0,stock_session,,
assessment,2025-03-20,RIVN,14,20,0.05,0.05,6.93889390390723e-18,stock_session,,
assessment,2025-03-20,SMCI,13,20,0.05,0.05,0,stock_session,,
assessment,2025-03-20,SOFI,15,20,0.05,0.05,0,stock_session,,
assessment,2025-03-20,WULF,14,20,0.05,0.05,6.93889390390723e-18,stock_session,,
assessment,2025-03-21,AAL,5,20,0.05,0.05,0,stock_session,,
assessment,2025-03-21,AAOI,14,20,0.05,0.05,6.93889390390723e-18,stock_session,,
assessment,2025-03-21,APLD,13,20,0.05,0.05,0,stock_session,,
assessment,2025-03-21,ASTS,5,20,0.05,0.05,0,stock_session,,
assessment,2025-03-21,CIFR,10,20,0.05,0.05,0,stock_session,,
assessment,2025-03-21,HIMS,12,20,0.05,0.05,0,stock_session,,
assessment,2025-03-21,IONQ,8,20,0.05,0.05,0,stock_session,,
assessment,2025-03-21,IREN,11,20,0.05,0.05,6.93889390390723e-18,stock_session,,
assessment,2025-03-21,MARA,6,20,0.05,0.05,0,stock_session,,
assessment,2025-03-21,MP,9,20,0.05,0.05,0,stock_session,,
assessment,2025-03-21,MRNA,1,20,0.05,0.05,0,stock_session,,
assessment,2025-03-21,MSTR,13,20,0.05,0.05,0,stock_session,,
assessment,2025-03-21,NVTS,2,20,0.05,0.05,0,stock_session,,
assessment,2025-03-21,QBTS,15,20,0.05,0.05,0,stock_session,,
assessment,2025-03-21,RGTI,13,20,0.05,0.05,0,stock_session,,
assessment,2025-03-21,RIOT,11,20,0.05,0.05,6.93889390390723e-18,stock_session,,
assessment,2025-03-21,RIVN,10,20,0.05,0.05,0,stock_session,,
assessment,2025-03-21,SMCI,11,20,0.05,0.05,6.93889390390723e-18,stock_session,,
assessment,2025-03-21,SOFI,12,20,0.05,0.05,0,stock_session,,
assessment,2025-03-21,WULF,14,20,0.05,0.05,6.93889390390723e-18,stock_session,,
assessment,2025-03-24,AAL,4,20,0.05,0.05,0,stock_session,,
assessment,2025-03-24,AAOI,15,20,0.05,0.05,0,stock_session,,
assessment,2025-03-24,APLD,6,20,0.05,0.05,0,stock_session,,
assessment,2025-03-24,ASTS,15,20,0.05,0.05,0,stock_session,,
assessment,2025-03-24,CIFR,5,20,0.05,0.05,0,stock_session,,
assessment,2025-03-24,HIMS,4,20,0.05,0.05,0,stock_session,,
assessment,2025-03-24,IONQ,15,20,0.05,0.05,0,stock_session,,
assessment,2025-03-24,IREN,7,20,0.05,0.05,6.93889390390723e-18,stock_session,,
assessment,2025-03-24,MARA,15,20,0.05,0.05,0,stock_session,,
assessment,2025-03-24,MP,6,20,0.05,0.05,0,stock_session,,
assessment,2025-03-24,MRNA,12,20,0.05,0.05,0,stock_session,,
assessment,2025-03-24,MSTR,3,20,0.05,0.05,0,stock_session,,
assessment,2025-03-24,NVTS,11,20,0.05,0.05,6.93889390390723e-18,stock_session,,
assessment,2025-03-24,QBTS,15,20,0.05,0.05,0,stock_session,,
assessment,2025-03-24,RGTI,15,20,0.05,0.05,0,stock_session,,
assessment,2025-03-24,RIOT,15,20,0.05,0.05,0,stock_session,,
assessment,2025-03-24,RIVN,12,20,0.05,0.05,0,stock_session,,
assessment,2025-03-24,SMCI,5,20,0.05,0.05,0,stock_session,,
assessment,2025-03-24,SOFI,5,20,0.05,0.05,0,stock_session,,
assessment,2025-03-24,WULF,5,20,0.05,0.05,0,stock_session,,
assessment,2025-03-25,AAL,14,20,0.05,0.05,6.93889390390723e-18,stock_session,,
assessment,2025-03-25,AAOI,7,20,0.05,0.05,6.93889390390723e-18,stock_session,,
assessment,2025-03-25,APLD,12,20,0.05,0.05,0,stock_session,,
assessment,2025-03-25,ASTS,9,20,0.05,0.05,0,stock_session,,
assessment,2025-03-25,CIFR,12,20,0.05,0.05,0,stock_session,,
assessment,2025-03-25,HIMS,15,20,0.05,0.05,0,stock_session,,
assessment,2025-03-25,IONQ,13,20,0.05,0.05,0,stock_session,,
assessment,2025-03-25,IREN,13,20,0.05,0.05,0,stock_session,,
assessment,2025-03-25,MARA,12,20,0.05,0.05,0,stock_session,,
assessment,2025-03-25,MP,6,20,0.05,0.05,0,stock_session,,
assessment,2025-03-25,MRNA,7,20,0.05,0.05,6.93889390390723e-18,stock_session,,
assessment,2025-03-25,MSTR,13,20,0.05,0.05,0,stock_session,,
assessment,2025-03-25,NVTS,13,20,0.05,0.05,0,stock_session,,
assessment,2025-03-25,QBTS,12,20,0.05,0.05,0,stock_session,,
assessment,2025-03-25,RGTI,12,20,0.05,0.05,0,stock_session,,
assessment,2025-03-25,RIOT,14,20,0.05,0.05,6.93889390390723e-18,stock_session,,
assessment,2025-03-25,RIVN,15,20,0.05,0.05,0,stock_session,,
assessment,2025-03-25,SMCI,13,20,0.05,0.05,0,stock_session,,
assessment,2025-03-25,SOFI,10,20,0.05,0.05,0,stock_session,,
assessment,2025-03-25,WULF,15,20,0.05,0.05,0,stock_session,,
assessment,2025-03-26,AAL,8,20,0.05,0.05,0,stock_session,,
assessment,2025-03-26,AAOI,13,20,0.05,0.05,0,stock_session,,
assessment,2025-03-26,APLD,6,20,0.05,0.05,0,stock_session,,
assessment,2025-03-26,ASTS,15,20,0.05,0.05,0,stock_session,,
assessment,2025-03-26,CIFR,15,20,0.05,0.05,0,stock_session,,
assessment,2025-03-26,HIMS,13,20,0.05,0.05,0,stock_session,,
assessment,2025-03-26,IONQ,1,20,0.05,0.05,0,stock_session,,
assessment,2025-03-26,IREN,13,20,0.05,0.05,0,stock_session,,
assessment,2025-03-26,MARA,15,20,0.05,0.05,0,stock_session,,
assessment,2025-03-26,MP,9,20,0.05,0.05,0,stock_session,,
assessment,2025-03-26,MRNA,12,20,0.05,0.05,0,stock_session,,
assessment,2025-03-26,MSTR,11,20,0.05,0.05,6.93889390390723e-18,stock_session,,
assessment,2025-03-26,NVTS,11,20,0.05,0.05,6.93889390390723e-18,stock_session,,
assessment,2025-03-26,QBTS,2,20,0.05,0.05,0,stock_session,,
assessment,2025-03-26,RGTI,11,20,0.05,0.05,6.93889390390723e-18,stock_session,,
assessment,2025-03-26,RIOT,15,20,0.05,0.05,0,stock_session,,
assessment,2025-03-26,RIVN,15,20,0.05,0.05,0,stock_session,,
assessment,2025-03-26,SMCI,12,20,0.05,0.05,0,stock_session,,
assessment,2025-03-26,SOFI,10,20,0.05,0.05,0,stock_session,,
assessment,2025-03-26,WULF,12,20,0.05,0.05,0,stock_session,,
assessment,2025-03-27,AAL,9,20,0.05,0.05,0,stock_session,,
assessment,2025-03-27,AAOI,14,20,0.05,0.05,6.93889390390723e-18,stock_session,,
assessment,2025-03-27,APLD,7,20,0.05,0.05,6.93889390390723e-18,stock_session,,
assessment,2025-03-27,ASTS,15,20,0.05,0.05,0,stock_session,,
assessment,2025-03-27,CIFR,15,20,0.05,0.05,0,stock_session,,
assessment,2025-03-27,HIMS,13,20,0.05,0.05,0,stock_session,,
assessment,2025-03-27,IONQ,15,20,0.05,0.05,0,stock_session,,
assessment,2025-03-27,IREN,15,20,0.05,0.05,0,stock_session,,
assessment,2025-03-27,MARA,14,20,0.05,0.05,6.93889390390723e-18,stock_session,,
assessment,2025-03-27,MP,5,20,0.05,0.05,0,stock_session,,
assessment,2025-03-27,MRNA,13,20,0.05,0.05,0,stock_session,,
assessment,2025-03-27,MSTR,14,20,0.05,0.05,6.93889390390723e-18,stock_session,,
assessment,2025-03-27,NVTS,12,20,0.05,0.05,0,stock_session,,
assessment,2025-03-27,QBTS,15,20,0.05,0.05,0,stock_session,,
assessment,2025-03-27,RGTI,14,20,0.05,0.05,6.93889390390723e-18,stock_session,,
assessment,2025-03-27,RIOT,14,20,0.05,0.05,6.93889390390723e-18,stock_session,,
assessment,2025-03-27,RIVN,10,20,0.05,0.05,0,stock_session,,
assessment,2025-03-27,SMCI,14,20,0.05,0.05,6.93889390390723e-18,stock_session,,
assessment,2025-03-27,SOFI,12,20,0.05,0.05,0,stock_session,,
assessment,2025-03-27,WULF,14,20,0.05,0.05,6.93889390390723e-18,stock_session,,
assessment,2025-03-28,AAL,11,20,0.05,0.05,6.93889390390723e-18,stock_session,,
assessment,2025-03-28,AAOI,11,20,0.05,0.05,6.93889390390723e-18,stock_session,,
assessment,2025-03-28,APLD,7,20,0.05,0.05,6.93889390390723e-18,stock_session,,
assessment,2025-03-28,ASTS,14,20,0.05,0.05,6.93889390390723e-18,stock_session,,
assessment,2025-03-28,CIFR,13,20,0.05,0.05,0,stock_session,,
assessment,2025-03-28,HIMS,12,20,0.05,0.05,0,stock_session,,
assessment,2025-03-28,IONQ,15,20,0.05,0.05,0,stock_session,,
assessment,2025-03-28,IREN,15,20,0.05,0.05,0,stock_session,,
assessment,2025-03-28,MARA,13,20,0.05,0.05,0,stock_session,,
assessment,2025-03-28,MP,12,20,0.05,0.05,0,stock_session,,
assessment,2025-03-28,MRNA,13,20,0.05,0.05,0,stock_session,,
assessment,2025-03-28,MSTR,14,20,0.05,0.05,6.93889390390723e-18,stock_session,,
assessment,2025-03-28,NVTS,9,20,0.05,0.05,0,stock_session,,
assessment,2025-03-28,QBTS,14,20,0.05,0.05,6.93889390390723e-18,stock_session,,
assessment,2025-03-28,RGTI,14,20,0.05,0.05,6.93889390390723e-18,stock_session,,
assessment,2025-03-28,RIOT,11,20,0.05,0.05,6.93889390390723e-18,stock_session,,
assessment,2025-03-28,RIVN,10,20,0.05,0.05,0,stock_session,,
assessment,2025-03-28,SMCI,12,20,0.05,0.05,0,stock_session,,
assessment,2025-03-28,SOFI,15,20,0.05,0.05,0,stock_session,,
assessment,2025-03-28,WULF,13,20,0.05,0.05,0,stock_session,,
assessment,2025-03-31,AAL,2,20,0.05,0.05,0,stock_session,,
assessment,2025-03-31,AAOI,13,20,0.05,0.05,0,stock_session,,
assessment,2025-03-31,APLD,14,20,0.05,0.05,6.93889390390723e-18,stock_session,,
assessment,2025-03-31,ASTS,8,20,0.05,0.05,0,stock_session,,
assessment,2025-03-31,CIFR,14,20,0.05,0.05,6.93889390390723e-18,stock_session,,
assessment,2025-03-31,HIMS,15,20,0.05,0.05,0,stock_session,,
assessment,2025-03-31,IONQ,15,20,0.05,0.05,0,stock_session,,
assessment,2025-03-31,IREN,15,20,0.05,0.05,0,stock_session,,
assessment,2025-03-31,MARA,11,20,0.05,0.05,6.93889390390723e-18,stock_session,,
assessment,2025-03-31,MP,14,20,0.05,0.05,6.93889390390723e-18,stock_session,,
assessment,2025-03-31,MRNA,15,20,0.05,0.05,0,stock_session,,
assessment,2025-03-31,MSTR,7,20,0.05,0.05,6.93889390390723e-18,stock_session,,
assessment,2025-03-31,NVTS,11,20,0.05,0.05,6.93889390390723e-18,stock_session,,
assessment,2025-03-31,QBTS,14,20,0.05,0.05,6.93889390390723e-18,stock_session,,
assessment,2025-03-31,RGTI,15,20,0.05,0.05,0,stock_session,,
assessment,2025-03-31,RIOT,9,20,0.05,0.05,0,stock_session,,
assessment,2025-03-31,RIVN,9,20,0.05,0.05,0,stock_session,,
assessment,2025-03-31,SMCI,14,20,0.05,0.05,6.93889390390723e-18,stock_session,,
assessment,2025-03-31,SOFI,15,20,0.05,0.05,0,stock_session,,
assessment,2025-03-31,WULF,15,20,0.05,0.05,0,stock_session,,
assessment,2025-04-01,AAL,4,20,0.05,0.05,0,stock_session,,
assessment,2025-04-01,AAOI,14,20,0.05,0.05,6.93889390390723e-18,stock_session,,
assessment,2025-04-01,APLD,12,20,0.05,0.05,0,stock_session,,
assessment,2025-04-01,ASTS,13,20,0.05,0.05,0,stock_session,,
assessment,2025-04-01,CIFR,15,20,0.05,0.05,0,stock_session,,
assessment,2025-04-01,HIMS,4,20,0.05,0.05,0,stock_session,,
assessment,2025-04-01,IONQ,8,20,0.05,0.05,0,stock_session,,
assessment,2025-04-01,IREN,15,20,0.05,0.05,0,stock_session,,
assessment,2025-04-01,MARA,15,20,0.05,0.05,0,stock_session,,
assessment,2025-04-01,MP,10,20,0.05,0.05,0,stock_session,,
assessment,2025-04-01,MRNA,14,20,0.05,0.05,6.93889390390723e-18,stock_session,,
assessment,2025-04-01,MSTR,12,20,0.05,0.05,0,stock_session,,
assessment,2025-04-01,NVTS,7,20,0.05,0.05,6.93889390390723e-18,stock_session,,
assessment,2025-04-01,QBTS,14,20,0.05,0.05,6.93889390390723e-18,stock_session,,
assessment,2025-04-01,RGTI,13,20,0.05,0.05,0,stock_session,,
assessment,2025-04-01,RIOT,5,20,0.05,0.05,0,stock_session,,
assessment,2025-04-01,RIVN,13,20,0.05,0.05,0,stock_session,,
assessment,2025-04-01,SMCI,15,20,0.05,0.05,0,stock_session,,
assessment,2025-04-01,SOFI,15,20,0.05,0.05,0,stock_session,,
assessment,2025-04-01,WULF,12,20,0.05,0.05,0,stock_session,,
assessment,2025-04-02,AAL,8,20,0.05,0.05,0,stock_session,,
assessment,2025-04-02,AAOI,14,20,0.05,0.05,6.93889390390723e-18,stock_session,,
assessment,2025-04-02,APLD,5,20,0.05,0.05,0,stock_session,,
assessment,2025-04-02,ASTS,15,20,0.05,0.05,0,stock_session,,
assessment,2025-04-02,CIFR,15,20,0.05,0.05,0,stock_session,,
assessment,2025-04-02,HIMS,5,20,0.05,0.05,0,stock_session,,
assessment,2025-04-02,IONQ,5,20,0.05,0.05,0,stock_session,,
assessment,2025-04-02,IREN,15,20,0.05,0.05,0,stock_session,,
assessment,2025-04-02,MARA,15,20,0.05,0.05,0,stock_session,,
assessment,2025-04-02,MP,3,20,0.05,0.05,0,stock_session,,
assessment,2025-04-02,MRNA,12,20,0.05,0.05,0,stock_session,,
assessment,2025-04-02,MSTR,7,20,0.05,0.05,6.93889390390723e-18,stock_session,,
assessment,2025-04-02,NVTS,13,20,0.05,0.05,0,stock_session,,
assessment,2025-04-02,QBTS,9,20,0.05,0.05,0,stock_session,,
assessment,2025-04-02,RGTI,15,20,0.05,0.05,0,stock_session,,
assessment,2025-04-02,RIOT,14,20,0.05,0.05,6.93889390390723e-18,stock_session,,
assessment,2025-04-02,RIVN,5,20,0.05,0.05,0,stock_session,,
assessment,2025-04-02,SMCI,14,20,0.05,0.05,6.93889390390723e-18,stock_session,,
assessment,2025-04-02,SOFI,9,20,0.05,0.05,0,stock_session,,
assessment,2025-04-02,WULF,12,20,0.05,0.05,0,stock_session,,
assessment,2025-04-03,AAL,5,20,0.05,0.05,0,stock_session,,
assessment,2025-04-03,AAOI,14,20,0.05,0.05,6.93889390390723e-18,stock_session,,
assessment,2025-04-03,APLD,15,20,0.05,0.05,0,stock_session,,
assessment,2025-04-03,ASTS,15,20,0.05,0.05,0,stock_session,,
assessment,2025-04-03,CIFR,15,20,0.05,0.05,0,stock_session,,
assessment,2025-04-03,HIMS,10,20,0.05,0.05,0,stock_session,,
assessment,2025-04-03,IONQ,3,20,0.05,0.05,0,stock_session,,
assessment,2025-04-03,IREN,15,20,0.05,0.05,0,stock_session,,
assessment,2025-04-03,MARA,9,20,0.05,0.05,0,stock_session,,
assessment,2025-04-03,MP,10,20,0.05,0.05,0,stock_session,,
assessment,2025-04-03,MRNA,14,20,0.05,0.05,6.93889390390723e-18,stock_session,,
assessment,2025-04-03,MSTR,9,20,0.05,0.05,0,stock_session,,
assessment,2025-04-03,NVTS,10,20,0.05,0.05,0,stock_session,,
assessment,2025-04-03,QBTS,13,20,0.05,0.05,0,stock_session,,
assessment,2025-04-03,RGTI,15,20,0.05,0.05,0,stock_session,,
assessment,2025-04-03,RIOT,15,20,0.05,0.05,0,stock_session,,
assessment,2025-04-03,RIVN,15,20,0.05,0.05,0,stock_session,,
assessment,2025-04-03,SMCI,13,20,0.05,0.05,0,stock_session,,
assessment,2025-04-03,SOFI,13,20,0.05,0.05,0,stock_session,,
assessment,2025-04-03,WULF,15,20,0.05,0.05,0,stock_session,,
assessment,2025-04-04,AAL,10,20,0.05,0.05,0,stock_session,,
assessment,2025-04-04,AAOI,14,20,0.05,0.05,6.93889390390723e-18,stock_session,,
assessment,2025-04-04,APLD,13,20,0.05,0.05,0,stock_session,,
assessment,2025-04-04,ASTS,15,20,0.05,0.05,0,stock_session,,
assessment,2025-04-04,CIFR,15,20,0.05,0.05,0,stock_session,,
assessment,2025-04-04,HIMS,11,20,0.05,0.05,6.93889390390723e-18,stock_session,,
assessment,2025-04-04,IONQ,8,20,0.05,0.05,0,stock_session,,
assessment,2025-04-04,IREN,15,20,0.05,0.05,0,stock_session,,
assessment,2025-04-04,MARA,15,20,0.05,0.05,0,stock_session,,
assessment,2025-04-04,MP,15,20,0.05,0.05,0,stock_session,,
assessment,2025-04-04,MRNA,15,20,0.05,0.05,0,stock_session,,
assessment,2025-04-04,MSTR,12,20,0.05,0.05,0,stock_session,,
assessment,2025-04-04,NVTS,12,20,0.05,0.05,0,stock_session,,
assessment,2025-04-04,QBTS,15,20,0.05,0.05,0,stock_session,,
assessment,2025-04-04,RGTI,15,20,0.05,0.05,0,stock_session,,
assessment,2025-04-04,RIOT,15,20,0.05,0.05,0,stock_session,,
assessment,2025-04-04,RIVN,4,20,0.05,0.05,0,stock_session,,
assessment,2025-04-04,SMCI,15,20,0.05,0.05,0,stock_session,,
assessment,2025-04-04,SOFI,12,20,0.05,0.05,0,stock_session,,
assessment,2025-04-04,WULF,12,20,0.05,0.05,0,stock_session,,
assessment,2025-04-07,AAL,8,20,0.05,0.05,0,stock_session,,
assessment,2025-04-07,AAOI,11,20,0.05,0.05,6.93889390390723e-18,stock_session,,
assessment,2025-04-07,APLD,12,20,0.05,0.05,0,stock_session,,
assessment,2025-04-07,ASTS,15,20,0.05,0.05,0,stock_session,,
assessment,2025-04-07,CIFR,15,20,0.05,0.05,0,stock_session,,
assessment,2025-04-07,HIMS,10,20,0.05,0.05,0,stock_session,,
assessment,2025-04-07,IONQ,9,20,0.05,0.05,0,stock_session,,
assessment,2025-04-07,IREN,15,20,0.05,0.05,0,stock_session,,
assessment,2025-04-07,MARA,14,20,0.05,0.05,6.93889390390723e-18,stock_session,,
assessment,2025-04-07,MP,13,20,0.05,0.05,0,stock_session,,
assessment,2025-04-07,MRNA,9,20,0.05,0.05,0,stock_session,,
assessment,2025-04-07,MSTR,9,20,0.05,0.05,0,stock_session,,
assessment,2025-04-07,NVTS,8,20,0.05,0.05,0,stock_session,,
assessment,2025-04-07,QBTS,15,20,0.05,0.05,0,stock_session,,
assessment,2025-04-07,RGTI,15,20,0.05,0.05,0,stock_session,,
assessment,2025-04-07,RIOT,14,20,0.05,0.05,6.93889390390723e-18,stock_session,,
assessment,2025-04-07,RIVN,15,20,0.05,0.05,0,stock_session,,
assessment,2025-04-07,SMCI,9,20,0.05,0.05,0,stock_session,,
assessment,2025-04-07,SOFI,11,20,0.05,0.05,6.93889390390723e-18,stock_session,,
assessment,2025-04-07,WULF,13,20,0.05,0.05,0,stock_session,,
assessment,2025-04-08,AAL,5,20,0.05,0.05,0,stock_session,,
assessment,2025-04-08,AAOI,5,20,0.05,0.05,0,stock_session,,
assessment,2025-04-08,APLD,15,20,0.05,0.05,0,stock_session,,
assessment,2025-04-08,ASTS,14,20,0.05,0.05,6.93889390390723e-18,stock_session,,
assessment,2025-04-08,CIFR,15,20,0.05,0.05,0,stock_session,,
assessment,2025-04-08,HIMS,9,20,0.05,0.05,0,stock_session,,
assessment,2025-04-08,IONQ,11,20,0.05,0.05,6.93889390390723e-18,stock_session,,
assessment,2025-04-08,IREN,13,20,0.05,0.05,0,stock_session,,
assessment,2025-04-08,MARA,7,20,0.05,0.05,6.93889390390723e-18,stock_session,,
assessment,2025-04-08,MP,15,20,0.05,0.05,0,stock_session,,
assessment,2025-04-08,MRNA,11,20,0.05,0.05,6.93889390390723e-18,stock_session,,
assessment,2025-04-08,MSTR,13,20,0.05,0.05,0,stock_session,,
assessment,2025-04-08,NVTS,15,20,0.05,0.05,0,stock_session,,
assessment,2025-04-08,QBTS,10,20,0.05,0.05,0,stock_session,,
assessment,2025-04-08,RGTI,15,20,0.05,0.05,0,stock_session,,
assessment,2025-04-08,RIOT,14,20,0.05,0.05,6.93889390390723e-18,stock_session,,
assessment,2025-04-08,RIVN,10,20,0.05,0.05,0,stock_session,,
assessment,2025-04-08,SMCI,11,20,0.05,0.05,6.93889390390723e-18,stock_session,,
assessment,2025-04-08,SOFI,14,20,0.05,0.05,6.93889390390723e-18,stock_session,,
assessment,2025-04-08,WULF,15,20,0.05,0.05,0,stock_session,,
assessment,2025-04-09,AAL,3,20,0.05,0.05,0,stock_session,,
assessment,2025-04-09,AAOI,14,20,0.05,0.05,6.93889390390723e-18,stock_session,,
assessment,2025-04-09,APLD,9,20,0.05,0.05,0,stock_session,,
assessment,2025-04-09,ASTS,13,20,0.05,0.05,0,stock_session,,
assessment,2025-04-09,CIFR,15,20,0.05,0.05,0,stock_session,,
assessment,2025-04-09,HIMS,12,20,0.05,0.05,0,stock_session,,
assessment,2025-04-09,IONQ,15,20,0.05,0.05,0,stock_session,,
assessment,2025-04-09,IREN,15,20,0.05,0.05,0,stock_session,,
assessment,2025-04-09,MARA,15,20,0.05,0.05,0,stock_session,,
assessment,2025-04-09,MP,9,20,0.05,0.05,0,stock_session,,
assessment,2025-04-09,MRNA,10,20,0.05,0.05,0,stock_session,,
assessment,2025-04-09,MSTR,1,20,0.05,0.05,0,stock_session,,
assessment,2025-04-09,NVTS,7,20,0.05,0.05,6.93889390390723e-18,stock_session,,
assessment,2025-04-09,QBTS,12,20,0.05,0.05,0,stock_session,,
assessment,2025-04-09,RGTI,15,20,0.05,0.05,0,stock_session,,
assessment,2025-04-09,RIOT,15,20,0.05,0.05,0,stock_session,,
assessment,2025-04-09,RIVN,15,20,0.05,0.05,0,stock_session,,
assessment,2025-04-09,SMCI,12,20,0.05,0.05,0,stock_session,,
assessment,2025-04-09,SOFI,15,20,0.05,0.05,0,stock_session,,
assessment,2025-04-09,WULF,13,20,0.05,0.05,0,stock_session,,
assessment,2025-04-10,AAL,4,18,0.0555555555555556,0.0555555555555556,0,stock_session,,
assessment,2025-04-10,AAOI,12,18,0.0555555555555556,0.0555555555555556,0,stock_session,,
assessment,2025-04-10,APLD,15,18,0.0555555555555556,0.0555555555555556,6.93889390390723e-18,stock_session,,
assessment,2025-04-10,ASTS,15,18,0.0555555555555556,0.0555555555555556,6.93889390390723e-18,stock_session,,
assessment,2025-04-10,CIFR,8,18,0.0555555555555556,0.0555555555555556,0,stock_session,,
assessment,2025-04-10,HIMS,15,18,0.0555555555555556,0.0555555555555556,6.93889390390723e-18,stock_session,,
assessment,2025-04-10,IREN,15,18,0.0555555555555556,0.0555555555555556,6.93889390390723e-18,stock_session,,
assessment,2025-04-10,MARA,15,18,0.0555555555555556,0.0555555555555556,6.93889390390723e-18,stock_session,,
assessment,2025-04-10,MP,8,18,0.0555555555555556,0.0555555555555556,0,stock_session,,
assessment,2025-04-10,MRNA,4,18,0.0555555555555556,0.0555555555555556,0,stock_session,,
assessment,2025-04-10,MSTR,15,18,0.0555555555555556,0.0555555555555556,6.93889390390723e-18,stock_session,,
assessment,2025-04-10,NVTS,9,18,0.0555555555555556,0.0555555555555556,0,stock_session,,
assessment,2025-04-10,QBTS,3,18,0.0555555555555556,0.0555555555555556,0,stock_session,,
assessment,2025-04-10,RGTI,11,18,0.0555555555555556,0.0555555555555556,6.93889390390723e-18,stock_session,,
assessment,2025-04-10,RIVN,12,18,0.0555555555555556,0.0555555555555556,0,stock_session,,
assessment,2025-04-10,SMCI,15,18,0.0555555555555556,0.0555555555555556,6.93889390390723e-18,stock_session,,
assessment,2025-04-10,SOFI,10,18,0.0555555555555556,0.0555555555555556,6.93889390390723e-18,stock_session,,
assessment,2025-04-10,WULF,15,18,0.0555555555555556,0.0555555555555556,6.93889390390723e-18,stock_session,,
assessment,2025-04-11,AAL,12,20,0.05,0.05,0,stock_session,,
assessment,2025-04-11,AAOI,15,20,0.05,0.05,0,stock_session,,
assessment,2025-04-11,APLD,12,20,0.05,0.05,0,stock_session,,
assessment,2025-04-11,ASTS,15,20,0.05,0.05,0,stock_session,,
assessment,2025-04-11,CIFR,14,20,0.05,0.05,6.93889390390723e-18,stock_session,,
assessment,2025-04-11,HIMS,10,20,0.05,0.05,0,stock_session,,
assessment,2025-04-11,IONQ,15,20,0.05,0.05,0,stock_session,,
assessment,2025-04-11,IREN,13,20,0.05,0.05,0,stock_session,,
assessment,2025-04-11,MARA,10,20,0.05,0.05,0,stock_session,,
assessment,2025-04-11,MP,13,20,0.05,0.05,0,stock_session,,
assessment,2025-04-11,MRNA,2,20,0.05,0.05,0,stock_session,,
assessment,2025-04-11,MSTR,7,20,0.05,0.05,6.93889390390723e-18,stock_session,,
assessment,2025-04-11,NVTS,9,20,0.05,0.05,0,stock_session,,
assessment,2025-04-11,QBTS,15,20,0.05,0.05,0,stock_session,,
assessment,2025-04-11,RGTI,10,20,0.05,0.05,0,stock_session,,
assessment,2025-04-11,RIOT,11,20,0.05,0.05,6.93889390390723e-18,stock_session,,
assessment,2025-04-11,RIVN,14,20,0.05,0.05,6.93889390390723e-18,stock_session,,
assessment,2025-04-11,SMCI,13,20,0.05,0.05,0,stock_session,,
assessment,2025-04-11,SOFI,14,20,0.05,0.05,6.93889390390723e-18,stock_session,,
assessment,2025-04-11,WULF,15,20,0.05,0.05,0,stock_session,,
assessment,2025-04-14,AAL,12,20,0.05,0.05,0,stock_session,,
assessment,2025-04-14,AAOI,11,20,0.05,0.05,6.93889390390723e-18,stock_session,,
assessment,2025-04-14,APLD,8,20,0.05,0.05,0,stock_session,,
assessment,2025-04-14,ASTS,15,20,0.05,0.05,0,stock_session,,
assessment,2025-04-14,CIFR,13,20,0.05,0.05,0,stock_session,,
assessment,2025-04-14,HIMS,14,20,0.05,0.05,6.93889390390723e-18,stock_session,,
assessment,2025-04-14,IONQ,13,20,0.05,0.05,0,stock_session,,
assessment,2025-04-14,IREN,12,20,0.05,0.05,0,stock_session,,
assessment,2025-04-14,MARA,14,20,0.05,0.05,6.93889390390723e-18,stock_session,,
assessment,2025-04-14,MP,15,20,0.05,0.05,0,stock_session,,
assessment,2025-04-14,MRNA,12,20,0.05,0.05,0,stock_session,,
assessment,2025-04-14,MSTR,10,20,0.05,0.05,0,stock_session,,
assessment,2025-04-14,NVTS,12,20,0.05,0.05,0,stock_session,,
assessment,2025-04-14,QBTS,13,20,0.05,0.05,0,stock_session,,
assessment,2025-04-14,RGTI,14,20,0.05,0.05,6.93889390390723e-18,stock_session,,
assessment,2025-04-14,RIOT,9,20,0.05,0.05,0,stock_session,,
assessment,2025-04-14,RIVN,4,20,0.05,0.05,0,stock_session,,
assessment,2025-04-14,SMCI,14,20,0.05,0.05,6.93889390390723e-18,stock_session,,
assessment,2025-04-14,SOFI,11,20,0.05,0.05,6.93889390390723e-18,stock_session,,
assessment,2025-04-14,WULF,3,20,0.05,0.05,0,stock_session,,
assessment,2025-04-15,AAL,10,20,0.05,0.05,0,stock_session,,
assessment,2025-04-15,AAOI,10,20,0.05,0.05,0,stock_session,,
assessment,2025-04-15,APLD,15,20,0.05,0.05,0,stock_session,,
assessment,2025-04-15,ASTS,13,20,0.05,0.05,0,stock_session,,
assessment,2025-04-15,CIFR,13,20,0.05,0.05,0,stock_session,,
assessment,2025-04-15,HIMS,13,20,0.05,0.05,0,stock_session,,
assessment,2025-04-15,IONQ,15,20,0.05,0.05,0,stock_session,,
assessment,2025-04-15,IREN,13,20,0.05,0.05,0,stock_session,,
assessment,2025-04-15,MARA,14,20,0.05,0.05,6.93889390390723e-18,stock_session,,
assessment,2025-04-15,MP,15,20,0.05,0.05,0,stock_session,,
assessment,2025-04-15,MRNA,13,20,0.05,0.05,0,stock_session,,
assessment,2025-04-15,MSTR,12,20,0.05,0.05,0,stock_session,,
assessment,2025-04-15,NVTS,14,20,0.05,0.05,6.93889390390723e-18,stock_session,,
assessment,2025-04-15,QBTS,13,20,0.05,0.05,0,stock_session,,
assessment,2025-04-15,RGTI,13,20,0.05,0.05,0,stock_session,,
assessment,2025-04-15,RIOT,10,20,0.05,0.05,0,stock_session,,
assessment,2025-04-15,RIVN,3,20,0.05,0.05,0,stock_session,,
assessment,2025-04-15,SMCI,12,20,0.05,0.05,0,stock_session,,
assessment,2025-04-15,SOFI,8,20,0.05,0.05,0,stock_session,,
assessment,2025-04-15,WULF,9,20,0.05,0.05,0,stock_session,,
assessment,2025-04-16,AAL,3,20,0.05,0.05,0,stock_session,,
assessment,2025-04-16,AAOI,10,20,0.05,0.05,0,stock_session,,
assessment,2025-04-16,APLD,15,20,0.05,0.05,0,stock_session,,
assessment,2025-04-16,ASTS,7,20,0.05,0.05,6.93889390390723e-18,stock_session,,
assessment,2025-04-16,CIFR,12,20,0.05,0.05,0,stock_session,,
assessment,2025-04-16,HIMS,12,20,0.05,0.05,0,stock_session,,
assessment,2025-04-16,IONQ,8,20,0.05,0.05,0,stock_session,,
assessment,2025-04-16,IREN,9,20,0.05,0.05,0,stock_session,,
assessment,2025-04-16,MARA,9,20,0.05,0.05,0,stock_session,,
assessment,2025-04-16,MP,15,20,0.05,0.05,0,stock_session,,
assessment,2025-04-16,MRNA,8,20,0.05,0.05,0,stock_session,,
assessment,2025-04-16,MSTR,14,20,0.05,0.05,6.93889390390723e-18,stock_session,,
assessment,2025-04-16,NVTS,15,20,0.05,0.05,0,stock_session,,
assessment,2025-04-16,QBTS,7,20,0.05,0.05,6.93889390390723e-18,stock_session,,
assessment,2025-04-16,RGTI,7,20,0.05,0.05,6.93889390390723e-18,stock_session,,
assessment,2025-04-16,RIOT,12,20,0.05,0.05,0,stock_session,,
assessment,2025-04-16,RIVN,9,20,0.05,0.05,0,stock_session,,
assessment,2025-04-16,SMCI,14,20,0.05,0.05,6.93889390390723e-18,stock_session,,
assessment,2025-04-16,SOFI,5,20,0.05,0.05,0,stock_session,,
assessment,2025-04-16,WULF,14,20,0.05,0.05,6.93889390390723e-18,stock_session,,
assessment,2025-04-17,AAL,14,20,0.05,0.05,6.93889390390723e-18,stock_session,,
assessment,2025-04-17,AAOI,14,20,0.05,0.05,6.93889390390723e-18,stock_session,,
assessment,2025-04-17,APLD,7,20,0.05,0.05,6.93889390390723e-18,stock_session,,
assessment,2025-04-17,ASTS,15,20,0.05,0.05,0,stock_session,,
assessment,2025-04-17,CIFR,9,20,0.05,0.05,0,stock_session,,
assessment,2025-04-17,HIMS,15,20,0.05,0.05,0,stock_session,,
assessment,2025-04-17,IONQ,14,20,0.05,0.05,6.93889390390723e-18,stock_session,,
assessment,2025-04-17,IREN,11,20,0.05,0.05,6.93889390390723e-18,stock_session,,
assessment,2025-04-17,MARA,11,20,0.05,0.05,6.93889390390723e-18,stock_session,,
assessment,2025-04-17,MP,2,20,0.05,0.05,0,stock_session,,
assessment,2025-04-17,MRNA,15,20,0.05,0.05,0,stock_session,,
assessment,2025-04-17,MSTR,10,20,0.05,0.05,0,stock_session,,
assessment,2025-04-17,NVTS,13,20,0.05,0.05,0,stock_session,,
assessment,2025-04-17,QBTS,14,20,0.05,0.05,6.93889390390723e-18,stock_session,,
assessment,2025-04-17,RGTI,13,20,0.05,0.05,0,stock_session,,
assessment,2025-04-17,RIOT,11,20,0.05,0.05,6.93889390390723e-18,stock_session,,
assessment,2025-04-17,RIVN,12,20,0.05,0.05,0,stock_session,,
assessment,2025-04-17,SMCI,15,20,0.05,0.05,0,stock_session,,
assessment,2025-04-17,SOFI,14,20,0.05,0.05,6.93889390390723e-18,stock_session,,
assessment,2025-04-17,WULF,9,20,0.05,0.05,0,stock_session,,
assessment,2025-04-21,AAL,10,20,0.05,0.05,0,stock_session,,
assessment,2025-04-21,AAOI,13,20,0.05,0.05,0,stock_session,,
assessment,2025-04-21,APLD,10,20,0.05,0.05,0,stock_session,,
assessment,2025-04-21,ASTS,14,20,0.05,0.05,6.93889390390723e-18,stock_session,,
assessment,2025-04-21,CIFR,13,20,0.05,0.05,0,stock_session,,
assessment,2025-04-21,HIMS,13,20,0.05,0.05,0,stock_session,,
assessment,2025-04-21,IONQ,12,20,0.05,0.05,0,stock_session,,
assessment,2025-04-21,IREN,15,20,0.05,0.05,0,stock_session,,
assessment,2025-04-21,MARA,13,20,0.05,0.05,0,stock_session,,
assessment,2025-04-21,MP,10,20,0.05,0.05,0,stock_session,,
assessment,2025-04-21,MRNA,2,20,0.05,0.05,0,stock_session,,
assessment,2025-04-21,MSTR,7,20,0.05,0.05,6.93889390390723e-18,stock_session,,
assessment,2025-04-21,NVTS,13,20,0.05,0.05,0,stock_session,,
assessment,2025-04-21,QBTS,9,20,0.05,0.05,0,stock_session,,
assessment,2025-04-21,RGTI,10,20,0.05,0.05,0,stock_session,,
assessment,2025-04-21,RIOT,15,20,0.05,0.05,0,stock_session,,
assessment,2025-04-21,RIVN,13,20,0.05,0.05,0,stock_session,,
assessment,2025-04-21,SMCI,8,20,0.05,0.05,0,stock_session,,
assessment,2025-04-21,SOFI,15,20,0.05,0.05,0,stock_session,,
assessment,2025-04-21,WULF,14,20,0.05,0.05,6.93889390390723e-18,stock_session,,
assessment,2025-04-22,AAL,11,19,0.0526315789473684,0.0526315789473684,0,stock_session,,
assessment,2025-04-22,AAOI,15,19,0.0526315789473684,0.0526315789473684,6.93889390390723e-18,stock_session,,
assessment,2025-04-22,APLD,3,19,0.0526315789473684,0.0526315789473684,0,stock_session,,
assessment,2025-04-22,ASTS,15,19,0.0526315789473684,0.0526315789473684,6.93889390390723e-18,stock_session,,
assessment,2025-04-22,CIFR,15,19,0.0526315789473684,0.0526315789473684,6.93889390390723e-18,stock_session,,
assessment,2025-04-22,HIMS,13,19,0.0526315789473684,0.0526315789473684,0,stock_session,,
assessment,2025-04-22,IONQ,6,19,0.0526315789473684,0.0526315789473684,0,stock_session,,
assessment,2025-04-22,IREN,15,19,0.0526315789473684,0.0526315789473684,6.93889390390723e-18,stock_session,,
assessment,2025-04-22,MARA,15,19,0.0526315789473684,0.0526315789473684,6.93889390390723e-18,stock_session,,
assessment,2025-04-22,MRNA,4,19,0.0526315789473684,0.0526315789473684,0,stock_session,,
assessment,2025-04-22,MSTR,1,19,0.0526315789473684,0.0526315789473684,0,stock_session,,
assessment,2025-04-22,NVTS,13,19,0.0526315789473684,0.0526315789473684,0,stock_session,,
assessment,2025-04-22,QBTS,10,19,0.0526315789473684,0.0526315789473684,0,stock_session,,
assessment,2025-04-22,RGTI,15,19,0.0526315789473684,0.0526315789473684,6.93889390390723e-18,stock_session,,
assessment,2025-04-22,RIOT,15,19,0.0526315789473684,0.0526315789473684,6.93889390390723e-18,stock_session,,
assessment,2025-04-22,RIVN,7,19,0.0526315789473684,0.0526315789473684,0,stock_session,,
assessment,2025-04-22,SMCI,12,19,0.0526315789473684,0.0526315789473684,0,stock_session,,
assessment,2025-04-22,SOFI,15,19,0.0526315789473684,0.0526315789473684,6.93889390390723e-18,stock_session,,
assessment,2025-04-22,WULF,15,19,0.0526315789473684,0.0526315789473684,6.93889390390723e-18,stock_session,,
assessment,2025-04-23,AAL,10,19,0.0526315789473684,0.0526315789473684,0,stock_session,,
assessment,2025-04-23,AAOI,4,19,0.0526315789473684,0.0526315789473684,0,stock_session,,
assessment,2025-04-23,APLD,7,19,0.0526315789473684,0.0526315789473684,0,stock_session,,
assessment,2025-04-23,ASTS,14,19,0.0526315789473684,0.0526315789473684,0,stock_session,,
assessment,2025-04-23,CIFR,13,19,0.0526315789473684,0.0526315789473684,0,stock_session,,
assessment,2025-04-23,HIMS,3,19,0.0526315789473684,0.0526315789473684,0,stock_session,,
assessment,2025-04-23,IONQ,15,19,0.0526315789473684,0.0526315789473684,6.93889390390723e-18,stock_session,,
assessment,2025-04-23,IREN,13,19,0.0526315789473684,0.0526315789473684,0,stock_session,,
assessment,2025-04-23,MARA,14,19,0.0526315789473684,0.0526315789473684,0,stock_session,,
assessment,2025-04-23,MRNA,9,19,0.0526315789473684,0.0526315789473684,0,stock_session,,
assessment,2025-04-23,MSTR,7,19,0.0526315789473684,0.0526315789473684,0,stock_session,,
assessment,2025-04-23,NVTS,12,19,0.0526315789473684,0.0526315789473684,0,stock_session,,
assessment,2025-04-23,QBTS,7,19,0.0526315789473684,0.0526315789473684,0,stock_session,,
assessment,2025-04-23,RGTI,15,19,0.0526315789473684,0.0526315789473684,6.93889390390723e-18,stock_session,,
assessment,2025-04-23,RIOT,7,19,0.0526315789473684,0.0526315789473684,0,stock_session,,
assessment,2025-04-23,RIVN,15,19,0.0526315789473684,0.0526315789473684,6.93889390390723e-18,stock_session,,
assessment,2025-04-23,SMCI,8,19,0.0526315789473684,0.0526315789473684,0,stock_session,,
assessment,2025-04-23,SOFI,14,19,0.0526315789473684,0.0526315789473684,0,stock_session,,
assessment,2025-04-23,WULF,8,19,0.0526315789473684,0.0526315789473684,0,stock_session,,
assessment,2025-04-24,AAL,15,20,0.05,0.05,0,stock_session,,
assessment,2025-04-24,AAOI,13,20,0.05,0.05,0,stock_session,,
assessment,2025-04-24,APLD,6,20,0.05,0.05,0,stock_session,,
assessment,2025-04-24,ASTS,15,20,0.05,0.05,0,stock_session,,
assessment,2025-04-24,CIFR,8,20,0.05,0.05,0,stock_session,,
assessment,2025-04-24,HIMS,15,20,0.05,0.05,0,stock_session,,
assessment,2025-04-24,IONQ,14,20,0.05,0.05,6.93889390390723e-18,stock_session,,
assessment,2025-04-24,IREN,9,20,0.05,0.05,0,stock_session,,
assessment,2025-04-24,MARA,9,20,0.05,0.05,0,stock_session,,
assessment,2025-04-24,MP,15,20,0.05,0.05,0,stock_session,,
assessment,2025-04-24,MRNA,7,20,0.05,0.05,6.93889390390723e-18,stock_session,,
assessment,2025-04-24,MSTR,15,20,0.05,0.05,0,stock_session,,
assessment,2025-04-24,NVTS,15,20,0.05,0.05,0,stock_session,,
assessment,2025-04-24,QBTS,15,20,0.05,0.05,0,stock_session,,
assessment,2025-04-24,RGTI,15,20,0.05,0.05,0,stock_session,,
assessment,2025-04-24,RIOT,15,20,0.05,0.05,0,stock_session,,
assessment,2025-04-24,RIVN,10,20,0.05,0.05,0,stock_session,,
assessment,2025-04-24,SMCI,8,20,0.05,0.05,0,stock_session,,
assessment,2025-04-24,SOFI,10,20,0.05,0.05,0,stock_session,,
assessment,2025-04-24,WULF,14,20,0.05,0.05,6.93889390390723e-18,stock_session,,
assessment,2025-04-25,AAL,6,19,0.0526315789473684,0.0526315789473684,0,stock_session,,
assessment,2025-04-25,AAOI,11,19,0.0526315789473684,0.0526315789473684,0,stock_session,,
assessment,2025-04-25,APLD,2,19,0.0526315789473684,0.0526315789473684,0,stock_session,,
assessment,2025-04-25,ASTS,7,19,0.0526315789473684,0.0526315789473684,0,stock_session,,
assessment,2025-04-25,CIFR,11,19,0.0526315789473684,0.0526315789473684,0,stock_session,,
assessment,2025-04-25,HIMS,12,19,0.0526315789473684,0.0526315789473684,0,stock_session,,
assessment,2025-04-25,IREN,10,19,0.0526315789473684,0.0526315789473684,0,stock_session,,
assessment,2025-04-25,MARA,13,19,0.0526315789473684,0.0526315789473684,0,stock_session,,
assessment,2025-04-25,MP,6,19,0.0526315789473684,0.0526315789473684,0,stock_session,,
assessment,2025-04-25,MRNA,12,19,0.0526315789473684,0.0526315789473684,0,stock_session,,
assessment,2025-04-25,MSTR,4,19,0.0526315789473684,0.0526315789473684,0,stock_session,,
assessment,2025-04-25,NVTS,11,19,0.0526315789473684,0.0526315789473684,0,stock_session,,
assessment,2025-04-25,QBTS,6,19,0.0526315789473684,0.0526315789473684,0,stock_session,,
assessment,2025-04-25,RGTI,14,19,0.0526315789473684,0.0526315789473684,0,stock_session,,
assessment,2025-04-25,RIOT,11,19,0.0526315789473684,0.0526315789473684,0,stock_session,,
assessment,2025-04-25,RIVN,15,19,0.0526315789473684,0.0526315789473684,6.93889390390723e-18,stock_session,,
assessment,2025-04-25,SMCI,7,19,0.0526315789473684,0.0526315789473684,0,stock_session,,
assessment,2025-04-25,SOFI,12,19,0.0526315789473684,0.0526315789473684,0,stock_session,,
assessment,2025-04-25,WULF,6,19,0.0526315789473684,0.0526315789473684,0,stock_session,,
assessment,2025-04-28,AAL,10,19,0.0526315789473684,0.0526315789473684,0,stock_session,,
assessment,2025-04-28,AAOI,6,19,0.0526315789473684,0.0526315789473684,0,stock_session,,
assessment,2025-04-28,ASTS,14,19,0.0526315789473684,0.0526315789473684,0,stock_session,,
assessment,2025-04-28,CIFR,7,19,0.0526315789473684,0.0526315789473684,0,stock_session,,
assessment,2025-04-28,HIMS,4,19,0.0526315789473684,0.0526315789473684,0,stock_session,,
assessment,2025-04-28,IONQ,15,19,0.0526315789473684,0.0526315789473684,6.93889390390723e-18,stock_session,,
assessment,2025-04-28,IREN,12,19,0.0526315789473684,0.0526315789473684,0,stock_session,,
assessment,2025-04-28,MARA,11,19,0.0526315789473684,0.0526315789473684,0,stock_session,,
assessment,2025-04-28,MP,15,19,0.0526315789473684,0.0526315789473684,6.93889390390723e-18,stock_session,,
assessment,2025-04-28,MRNA,6,19,0.0526315789473684,0.0526315789473684,0,stock_session,,
assessment,2025-04-28,MSTR,12,19,0.0526315789473684,0.0526315789473684,0,stock_session,,
assessment,2025-04-28,NVTS,15,19,0.0526315789473684,0.0526315789473684,6.93889390390723e-18,stock_session,,
assessment,2025-04-28,QBTS,11,19,0.0526315789473684,0.0526315789473684,0,stock_session,,
assessment,2025-04-28,RGTI,13,19,0.0526315789473684,0.0526315789473684,0,stock_session,,
assessment,2025-04-28,RIOT,11,19,0.0526315789473684,0.0526315789473684,0,stock_session,,
assessment,2025-04-28,RIVN,13,19,0.0526315789473684,0.0526315789473684,0,stock_session,,
assessment,2025-04-28,SMCI,15,19,0.0526315789473684,0.0526315789473684,6.93889390390723e-18,stock_session,,
assessment,2025-04-28,SOFI,11,19,0.0526315789473684,0.0526315789473684,0,stock_session,,
assessment,2025-04-28,WULF,3,19,0.0526315789473684,0.0526315789473684,0,stock_session,,
assessment,2025-04-29,AAL,11,20,0.05,0.05,6.93889390390723e-18,stock_session,,
assessment,2025-04-29,AAOI,13,20,0.05,0.05,0,stock_session,,
assessment,2025-04-29,APLD,10,20,0.05,0.05,0,stock_session,,
assessment,2025-04-29,ASTS,6,20,0.05,0.05,0,stock_session,,
assessment,2025-04-29,CIFR,14,20,0.05,0.05,6.93889390390723e-18,stock_session,,
assessment,2025-04-29,HIMS,15,20,0.05,0.05,0,stock_session,,
assessment,2025-04-29,IONQ,10,20,0.05,0.05,0,stock_session,,
assessment,2025-04-29,IREN,12,20,0.05,0.05,0,stock_session,,
assessment,2025-04-29,MARA,14,20,0.05,0.05,6.93889390390723e-18,stock_session,,
assessment,2025-04-29,MP,15,20,0.05,0.05,0,stock_session,,
assessment,2025-04-29,MRNA,7,20,0.05,0.05,6.93889390390723e-18,stock_session,,
assessment,2025-04-29,MSTR,15,20,0.05,0.05,0,stock_session,,
assessment,2025-04-29,NVTS,5,20,0.05,0.05,0,stock_session,,
assessment,2025-04-29,QBTS,14,20,0.05,0.05,6.93889390390723e-18,stock_session,,
assessment,2025-04-29,RGTI,11,20,0.05,0.05,6.93889390390723e-18,stock_session,,
assessment,2025-04-29,RIOT,14,20,0.05,0.05,6.93889390390723e-18,stock_session,,
assessment,2025-04-29,RIVN,12,20,0.05,0.05,0,stock_session,,
assessment,2025-04-29,SMCI,13,20,0.05,0.05,0,stock_session,,
assessment,2025-04-29,SOFI,15,20,0.05,0.05,0,stock_session,,
assessment,2025-04-29,WULF,14,20,0.05,0.05,6.93889390390723e-18,stock_session,,
assessment,2025-04-30,AAL,1,19,0.0526315789473684,0.0526315789473684,0,stock_session,,
assessment,2025-04-30,AAOI,15,19,0.0526315789473684,0.0526315789473684,6.93889390390723e-18,stock_session,,
assessment,2025-04-30,APLD,2,19,0.0526315789473684,0.0526315789473684,0,stock_session,,
assessment,2025-04-30,ASTS,9,19,0.0526315789473684,0.0526315789473684,0,stock_session,,
assessment,2025-04-30,CIFR,12,19,0.0526315789473684,0.0526315789473684,0,stock_session,,
assessment,2025-04-30,IONQ,14,19,0.0526315789473684,0.0526315789473684,0,stock_session,,
assessment,2025-04-30,IREN,11,19,0.0526315789473684,0.0526315789473684,0,stock_session,,
assessment,2025-04-30,MARA,14,19,0.0526315789473684,0.0526315789473684,0,stock_session,,
assessment,2025-04-30,MP,8,19,0.0526315789473684,0.0526315789473684,0,stock_session,,
assessment,2025-04-30,MRNA,1,19,0.0526315789473684,0.0526315789473684,0,stock_session,,
assessment,2025-04-30,MSTR,11,19,0.0526315789473684,0.0526315789473684,0,stock_session,,
assessment,2025-04-30,NVTS,7,19,0.0526315789473684,0.0526315789473684,0,stock_session,,
assessment,2025-04-30,QBTS,15,19,0.0526315789473684,0.0526315789473684,6.93889390390723e-18,stock_session,,
assessment,2025-04-30,RGTI,7,19,0.0526315789473684,0.0526315789473684,0,stock_session,,
assessment,2025-04-30,RIOT,10,19,0.0526315789473684,0.0526315789473684,0,stock_session,,
assessment,2025-04-30,RIVN,5,19,0.0526315789473684,0.0526315789473684,0,stock_session,,
assessment,2025-04-30,SMCI,15,19,0.0526315789473684,0.0526315789473684,6.93889390390723e-18,stock_session,,
assessment,2025-04-30,SOFI,7,19,0.0526315789473684,0.0526315789473684,0,stock_session,,
assessment,2025-04-30,WULF,15,19,0.0526315789473684,0.0526315789473684,6.93889390390723e-18,stock_session,,
assessment,2025-05-01,AAL,10,20,0.05,0.05,0,stock_session,,
assessment,2025-05-01,AAOI,9,20,0.05,0.05,0,stock_session,,
assessment,2025-05-01,APLD,15,20,0.05,0.05,0,stock_session,,
assessment,2025-05-01,ASTS,13,20,0.05,0.05,0,stock_session,,
assessment,2025-05-01,CIFR,11,20,0.05,0.05,6.93889390390723e-18,stock_session,,
assessment,2025-05-01,HIMS,14,20,0.05,0.05,6.93889390390723e-18,stock_session,,
assessment,2025-05-01,IONQ,15,20,0.05,0.05,0,stock_session,,
assessment,2025-05-01,IREN,11,20,0.05,0.05,6.93889390390723e-18,stock_session,,
assessment,2025-05-01,MARA,15,20,0.05,0.05,0,stock_session,,
assessment,2025-05-01,MP,14,20,0.05,0.05,6.93889390390723e-18,stock_session,,
assessment,2025-05-01,MRNA,10,20,0.05,0.05,0,stock_session,,
assessment,2025-05-01,MSTR,12,20,0.05,0.05,0,stock_session,,
assessment,2025-05-01,NVTS,14,20,0.05,0.05,6.93889390390723e-18,stock_session,,
assessment,2025-05-01,QBTS,10,20,0.05,0.05,0,stock_session,,
assessment,2025-05-01,RGTI,15,20,0.05,0.05,0,stock_session,,
assessment,2025-05-01,RIOT,9,20,0.05,0.05,0,stock_session,,
assessment,2025-05-01,RIVN,13,20,0.05,0.05,0,stock_session,,
assessment,2025-05-01,SMCI,15,20,0.05,0.05,0,stock_session,,
assessment,2025-05-01,SOFI,15,20,0.05,0.05,0,stock_session,,
assessment,2025-05-01,WULF,9,20,0.05,0.05,0,stock_session,,
assessment,2025-05-02,AAL,2,20,0.05,0.05,0,stock_session,,
assessment,2025-05-02,AAOI,12,20,0.05,0.05,0,stock_session,,
assessment,2025-05-02,APLD,2,20,0.05,0.05,0,stock_session,,
assessment,2025-05-02,ASTS,15,20,0.05,0.05,0,stock_session,,
assessment,2025-05-02,CIFR,13,20,0.05,0.05,0,stock_session,,
assessment,2025-05-02,HIMS,15,20,0.05,0.05,0,stock_session,,
assessment,2025-05-02,IONQ,7,20,0.05,0.05,6.93889390390723e-18,stock_session,,
assessment,2025-05-02,IREN,15,20,0.05,0.05,0,stock_session,,
assessment,2025-05-02,MARA,15,20,0.05,0.05,0,stock_session,,
assessment,2025-05-02,MP,14,20,0.05,0.05,6.93889390390723e-18,stock_session,,
assessment,2025-05-02,MRNA,6,20,0.05,0.05,0,stock_session,,
assessment,2025-05-02,MSTR,14,20,0.05,0.05,6.93889390390723e-18,stock_session,,
assessment,2025-05-02,NVTS,15,20,0.05,0.05,0,stock_session,,
assessment,2025-05-02,QBTS,10,20,0.05,0.05,0,stock_session,,
assessment,2025-05-02,RGTI,9,20,0.05,0.05,0,stock_session,,
assessment,2025-05-02,RIOT,1,20,0.05,0.05,0,stock_session,,
assessment,2025-05-02,RIVN,3,20,0.05,0.05,0,stock_session,,
assessment,2025-05-02,SMCI,15,20,0.05,0.05,0,stock_session,,
assessment,2025-05-02,SOFI,11,20,0.05,0.05,6.93889390390723e-18,stock_session,,
assessment,2025-05-02,WULF,9,20,0.05,0.05,0,stock_session,,
assessment,2025-05-05,AAL,2,20,0.05,0.05,0,stock_session,,
assessment,2025-05-05,AAOI,12,20,0.05,0.05,0,stock_session,,
assessment,2025-05-05,APLD,3,20,0.05,0.05,0,stock_session,,
assessment,2025-05-05,ASTS,13,20,0.05,0.05,0,stock_session,,
assessment,2025-05-05,CIFR,14,20,0.05,0.05,6.93889390390723e-18,stock_session,,
assessment,2025-05-05,HIMS,13,20,0.05,0.05,0,stock_session,,
assessment,2025-05-05,IONQ,11,20,0.05,0.05,6.93889390390723e-18,stock_session,,
assessment,2025-05-05,IREN,9,20,0.05,0.05,0,stock_session,,
assessment,2025-05-05,MARA,14,20,0.05,0.05,6.93889390390723e-18,stock_session,,
assessment,2025-05-05,MP,8,20,0.05,0.05,0,stock_session,,
assessment,2025-05-05,MRNA,15,20,0.05,0.05,0,stock_session,,
assessment,2025-05-05,MSTR,12,20,0.05,0.05,0,stock_session,,
assessment,2025-05-05,NVTS,14,20,0.05,0.05,6.93889390390723e-18,stock_session,,
assessment,2025-05-05,QBTS,10,20,0.05,0.05,0,stock_session,,
assessment,2025-05-05,RGTI,15,20,0.05,0.05,0,stock_session,,
assessment,2025-05-05,RIOT,14,20,0.05,0.05,6.93889390390723e-18,stock_session,,
assessment,2025-05-05,RIVN,11,20,0.05,0.05,6.93889390390723e-18,stock_session,,
assessment,2025-05-05,SMCI,15,20,0.05,0.05,0,stock_session,,
assessment,2025-05-05,SOFI,15,20,0.05,0.05,0,stock_session,,
assessment,2025-05-05,WULF,15,20,0.05,0.05,0,stock_session,,
assessment,2025-05-06,AAL,6,20,0.05,0.05,0,stock_session,,
assessment,2025-05-06,AAOI,9,20,0.05,0.05,0,stock_session,,
assessment,2025-05-06,APLD,15,20,0.05,0.05,0,stock_session,,
assessment,2025-05-06,ASTS,14,20,0.05,0.05,6.93889390390723e-18,stock_session,,
assessment,2025-05-06,CIFR,13,20,0.05,0.05,0,stock_session,,
assessment,2025-05-06,HIMS,15,20,0.05,0.05,0,stock_session,,
assessment,2025-05-06,IONQ,15,20,0.05,0.05,0,stock_session,,
assessment,2025-05-06,IREN,15,20,0.05,0.05,0,stock_session,,
assessment,2025-05-06,MARA,10,20,0.05,0.05,0,stock_session,,
assessment,2025-05-06,MP,8,20,0.05,0.05,0,stock_session,,
assessment,2025-05-06,MRNA,10,20,0.05,0.05,0,stock_session,,
assessment,2025-05-06,MSTR,13,20,0.05,0.05,0,stock_session,,
assessment,2025-05-06,NVTS,8,20,0.05,0.05,0,stock_session,,
assessment,2025-05-06,QBTS,13,20,0.05,0.05,0,stock_session,,
assessment,2025-05-06,RGTI,11,20,0.05,0.05,6.93889390390723e-18,stock_session,,
assessment,2025-05-06,RIOT,11,20,0.05,0.05,6.93889390390723e-18,stock_session,,
assessment,2025-05-06,RIVN,12,20,0.05,0.05,0,stock_session,,
assessment,2025-05-06,SMCI,10,20,0.05,0.05,0,stock_session,,
assessment,2025-05-06,SOFI,2,20,0.05,0.05,0,stock_session,,
assessment,2025-05-06,WULF,14,20,0.05,0.05,6.93889390390723e-18,stock_session,,
assessment,2025-05-07,AAL,6,20,0.05,0.05,0,stock_session,,
assessment,2025-05-07,AAOI,6,20,0.05,0.05,0,stock_session,,
assessment,2025-05-07,APLD,7,20,0.05,0.05,6.93889390390723e-18,stock_session,,
assessment,2025-05-07,ASTS,12,20,0.05,0.05,0,stock_session,,
assessment,2025-05-07,CIFR,12,20,0.05,0.05,0,stock_session,,
assessment,2025-05-07,HIMS,15,20,0.05,0.05,0,stock_session,,
assessment,2025-05-07,IONQ,12,20,0.05,0.05,0,stock_session,,
assessment,2025-05-07,IREN,8,20,0.05,0.05,0,stock_session,,
assessment,2025-05-07,MARA,13,20,0.05,0.05,0,stock_session,,
assessment,2025-05-07,MP,11,20,0.05,0.05,6.93889390390723e-18,stock_session,,
assessment,2025-05-07,MRNA,13,20,0.05,0.05,0,stock_session,,
assessment,2025-05-07,MSTR,6,20,0.05,0.05,0,stock_session,,
assessment,2025-05-07,NVTS,6,20,0.05,0.05,0,stock_session,,
assessment,2025-05-07,QBTS,11,20,0.05,0.05,6.93889390390723e-18,stock_session,,
assessment,2025-05-07,RGTI,13,20,0.05,0.05,0,stock_session,,
assessment,2025-05-07,RIOT,13,20,0.05,0.05,0,stock_session,,
assessment,2025-05-07,RIVN,12,20,0.05,0.05,0,stock_session,,
assessment,2025-05-07,SMCI,14,20,0.05,0.05,6.93889390390723e-18,stock_session,,
assessment,2025-05-07,SOFI,15,20,0.05,0.05,0,stock_session,,
assessment,2025-05-07,WULF,14,20,0.05,0.05,6.93889390390723e-18,stock_session,,
assessment,2025-05-08,AAL,7,20,0.05,0.05,6.93889390390723e-18,stock_session,,
assessment,2025-05-08,AAOI,6,20,0.05,0.05,0,stock_session,,
assessment,2025-05-08,APLD,5,20,0.05,0.05,0,stock_session,,
assessment,2025-05-08,ASTS,14,20,0.05,0.05,6.93889390390723e-18,stock_session,,
assessment,2025-05-08,CIFR,6,20,0.05,0.05,0,stock_session,,
assessment,2025-05-08,HIMS,15,20,0.05,0.05,0,stock_session,,
assessment,2025-05-08,IONQ,2,20,0.05,0.05,0,stock_session,,
assessment,2025-05-08,IREN,11,20,0.05,0.05,6.93889390390723e-18,stock_session,,
assessment,2025-05-08,MARA,15,20,0.05,0.05,0,stock_session,,
assessment,2025-05-08,MP,14,20,0.05,0.05,6.93889390390723e-18,stock_session,,
assessment,2025-05-08,MRNA,15,20,0.05,0.05,0,stock_session,,
assessment,2025-05-08,MSTR,12,20,0.05,0.05,0,stock_session,,
assessment,2025-05-08,NVTS,13,20,0.05,0.05,0,stock_session,,
assessment,2025-05-08,QBTS,15,20,0.05,0.05,0,stock_session,,
assessment,2025-05-08,RGTI,15,20,0.05,0.05,0,stock_session,,
assessment,2025-05-08,RIOT,15,20,0.05,0.05,0,stock_session,,
assessment,2025-05-08,RIVN,14,20,0.05,0.05,6.93889390390723e-18,stock_session,,
assessment,2025-05-08,SMCI,13,20,0.05,0.05,0,stock_session,,
assessment,2025-05-08,SOFI,12,20,0.05,0.05,0,stock_session,,
assessment,2025-05-08,WULF,14,20,0.05,0.05,6.93889390390723e-18,stock_session,,
assessment,2025-05-09,AAL,12,20,0.05,0.05,0,stock_session,,
assessment,2025-05-09,AAOI,8,20,0.05,0.05,0,stock_session,,
assessment,2025-05-09,APLD,15,20,0.05,0.05,0,stock_session,,
assessment,2025-05-09,ASTS,14,20,0.05,0.05,6.93889390390723e-18,stock_session,,
assessment,2025-05-09,CIFR,7,20,0.05,0.05,6.93889390390723e-18,stock_session,,
assessment,2025-05-09,HIMS,15,20,0.05,0.05,0,stock_session,,
assessment,2025-05-09,IONQ,13,20,0.05,0.05,0,stock_session,,
assessment,2025-05-09,IREN,15,20,0.05,0.05,0,stock_session,,
assessment,2025-05-09,MARA,12,20,0.05,0.05,0,stock_session,,
assessment,2025-05-09,MP,7,20,0.05,0.05,6.93889390390723e-18,stock_session,,
assessment,2025-05-09,MRNA,14,20,0.05,0.05,6.93889390390723e-18,stock_session,,
assessment,2025-05-09,MSTR,15,20,0.05,0.05,0,stock_session,,
assessment,2025-05-09,NVTS,11,20,0.05,0.05,6.93889390390723e-18,stock_session,,
assessment,2025-05-09,QBTS,15,20,0.05,0.05,0,stock_session,,
assessment,2025-05-09,RGTI,12,20,0.05,0.05,0,stock_session,,
assessment,2025-05-09,RIOT,14,20,0.05,0.05,6.93889390390723e-18,stock_session,,
assessment,2025-05-09,RIVN,9,20,0.05,0.05,0,stock_session,,
assessment,2025-05-09,SMCI,12,20,0.05,0.05,0,stock_session,,
assessment,2025-05-09,SOFI,14,20,0.05,0.05,6.93889390390723e-18,stock_session,,
assessment,2025-05-09,WULF,5,20,0.05,0.05,0,stock_session,,
assessment,2025-05-12,AAL,15,19,0.0526315789473684,0.0526315789473684,6.93889390390723e-18,stock_session,,
assessment,2025-05-12,AAOI,2,19,0.0526315789473684,0.0526315789473684,0,stock_session,,
assessment,2025-05-12,APLD,14,19,0.0526315789473684,0.0526315789473684,0,stock_session,,
assessment,2025-05-12,ASTS,12,19,0.0526315789473684,0.0526315789473684,0,stock_session,,
assessment,2025-05-12,CIFR,11,19,0.0526315789473684,0.0526315789473684,0,stock_session,,
assessment,2025-05-12,HIMS,15,19,0.0526315789473684,0.0526315789473684,6.93889390390723e-18,stock_session,,
assessment,2025-05-12,IONQ,14,19,0.0526315789473684,0.0526315789473684,0,stock_session,,
assessment,2025-05-12,IREN,13,19,0.0526315789473684,0.0526315789473684,0,stock_session,,
assessment,2025-05-12,MARA,14,19,0.0526315789473684,0.0526315789473684,0,stock_session,,
assessment,2025-05-12,MRNA,1,19,0.0526315789473684,0.0526315789473684,0,stock_session,,
assessment,2025-05-12,MSTR,10,19,0.0526315789473684,0.0526315789473684,0,stock_session,,
assessment,2025-05-12,NVTS,6,19,0.0526315789473684,0.0526315789473684,0,stock_session,,
assessment,2025-05-12,QBTS,4,19,0.0526315789473684,0.0526315789473684,0,stock_session,,
assessment,2025-05-12,RGTI,1,19,0.0526315789473684,0.0526315789473684,0,stock_session,,
assessment,2025-05-12,RIOT,11,19,0.0526315789473684,0.0526315789473684,0,stock_session,,
assessment,2025-05-12,RIVN,12,19,0.0526315789473684,0.0526315789473684,0,stock_session,,
assessment,2025-05-12,SMCI,9,19,0.0526315789473684,0.0526315789473684,0,stock_session,,
assessment,2025-05-12,SOFI,6,19,0.0526315789473684,0.0526315789473684,0,stock_session,,
assessment,2025-05-12,WULF,7,19,0.0526315789473684,0.0526315789473684,0,stock_session,,
assessment,2025-05-13,AAOI,14,18,0.0555555555555556,0.0555555555555556,0,stock_session,,
assessment,2025-05-13,ASTS,5,18,0.0555555555555556,0.0555555555555556,6.93889390390723e-18,stock_session,,
assessment,2025-05-13,CIFR,14,18,0.0555555555555556,0.0555555555555556,0,stock_session,,
assessment,2025-05-13,HIMS,15,18,0.0555555555555556,0.0555555555555556,6.93889390390723e-18,stock_session,,
assessment,2025-05-13,IONQ,15,18,0.0555555555555556,0.0555555555555556,6.93889390390723e-18,stock_session,,
assessment,2025-05-13,IREN,15,18,0.0555555555555556,0.0555555555555556,6.93889390390723e-18,stock_session,,
assessment,2025-05-13,MARA,9,18,0.0555555555555556,0.0555555555555556,0,stock_session,,
assessment,2025-05-13,MP,4,18,0.0555555555555556,0.0555555555555556,0,stock_session,,
assessment,2025-05-13,MRNA,11,18,0.0555555555555556,0.0555555555555556,6.93889390390723e-18,stock_session,,
assessment,2025-05-13,MSTR,14,18,0.0555555555555556,0.0555555555555556,0,stock_session,,
assessment,2025-05-13,NVTS,15,18,0.0555555555555556,0.0555555555555556,6.93889390390723e-18,stock_session,,
assessment,2025-05-13,QBTS,1,18,0.0555555555555556,0.0555555555555556,0,stock_session,,
assessment,2025-05-13,RGTI,8,18,0.0555555555555556,0.0555555555555556,0,stock_session,,
assessment,2025-05-13,RIOT,12,18,0.0555555555555556,0.0555555555555556,0,stock_session,,
assessment,2025-05-13,RIVN,14,18,0.0555555555555556,0.0555555555555556,0,stock_session,,
assessment,2025-05-13,SMCI,15,18,0.0555555555555556,0.0555555555555556,6.93889390390723e-18,stock_session,,
assessment,2025-05-13,SOFI,11,18,0.0555555555555556,0.0555555555555556,6.93889390390723e-18,stock_session,,
assessment,2025-05-13,WULF,12,18,0.0555555555555556,0.0555555555555556,0,stock_session,,
assessment,2025-05-14,AAL,7,19,0.0526315789473684,0.0526315789473684,0,stock_session,,
assessment,2025-05-14,AAOI,5,19,0.0526315789473684,0.0526315789473684,0,stock_session,,
assessment,2025-05-14,APLD,15,19,0.0526315789473684,0.0526315789473684,6.93889390390723e-18,stock_session,,
assessment,2025-05-14,ASTS,7,19,0.0526315789473684,0.0526315789473684,0,stock_session,,
assessment,2025-05-14,CIFR,9,19,0.0526315789473684,0.0526315789473684,0,stock_session,,
assessment,2025-05-14,HIMS,10,19,0.0526315789473684,0.0526315789473684,0,stock_session,,
assessment,2025-05-14,IONQ,15,19,0.0526315789473684,0.0526315789473684,6.93889390390723e-18,stock_session,,
assessment,2025-05-14,IREN,9,19,0.0526315789473684,0.0526315789473684,0,stock_session,,
assessment,2025-05-14,MARA,10,19,0.0526315789473684,0.0526315789473684,0,stock_session,,
assessment,2025-05-14,MRNA,10,19,0.0526315789473684,0.0526315789473684,0,stock_session,,
assessment,2025-05-14,MSTR,10,19,0.0526315789473684,0.0526315789473684,0,stock_session,,
assessment,2025-05-14,NVTS,11,19,0.0526315789473684,0.0526315789473684,0,stock_session,,
assessment,2025-05-14,QBTS,12,19,0.0526315789473684,0.0526315789473684,0,stock_session,,
assessment,2025-05-14,RGTI,12,19,0.0526315789473684,0.0526315789473684,0,stock_session,,
assessment,2025-05-14,RIOT,10,19,0.0526315789473684,0.0526315789473684,0,stock_session,,
assessment,2025-05-14,RIVN,10,19,0.0526315789473684,0.0526315789473684,0,stock_session,,
assessment,2025-05-14,SMCI,15,19,0.0526315789473684,0.0526315789473684,6.93889390390723e-18,stock_session,,
assessment,2025-05-14,SOFI,15,19,0.0526315789473684,0.0526315789473684,6.93889390390723e-18,stock_session,,
assessment,2025-05-14,WULF,13,19,0.0526315789473684,0.0526315789473684,0,stock_session,,
assessment,2025-05-15,AAL,12,20,0.05,0.05,0,stock_session,,
assessment,2025-05-15,AAOI,8,20,0.05,0.05,0,stock_session,,
assessment,2025-05-15,APLD,3,20,0.05,0.05,0,stock_session,,
assessment,2025-05-15,ASTS,15,20,0.05,0.05,0,stock_session,,
assessment,2025-05-15,CIFR,7,20,0.05,0.05,6.93889390390723e-18,stock_session,,
assessment,2025-05-15,HIMS,15,20,0.05,0.05,0,stock_session,,
assessment,2025-05-15,IONQ,15,20,0.05,0.05,0,stock_session,,
assessment,2025-05-15,IREN,7,20,0.05,0.05,6.93889390390723e-18,stock_session,,
assessment,2025-05-15,MARA,7,20,0.05,0.05,6.93889390390723e-18,stock_session,,
assessment,2025-05-15,MP,6,20,0.05,0.05,0,stock_session,,
assessment,2025-05-15,MRNA,11,20,0.05,0.05,6.93889390390723e-18,stock_session,,
assessment,2025-05-15,MSTR,14,20,0.05,0.05,6.93889390390723e-18,stock_session,,
assessment,2025-05-15,NVTS,8,20,0.05,0.05,0,stock_session,,
assessment,2025-05-15,QBTS,15,20,0.05,0.05,0,stock_session,,
assessment,2025-05-15,RGTI,14,20,0.05,0.05,6.93889390390723e-18,stock_session,,
assessment,2025-05-15,RIOT,13,20,0.05,0.05,0,stock_session,,
assessment,2025-05-15,RIVN,9,20,0.05,0.05,0,stock_session,,
assessment,2025-05-15,SMCI,6,20,0.05,0.05,0,stock_session,,
assessment,2025-05-15,SOFI,8,20,0.05,0.05,0,stock_session,,
assessment,2025-05-15,WULF,15,20,0.05,0.05,0,stock_session,,
assessment,2025-05-16,AAL,8,20,0.05,0.05,0,stock_session,,
assessment,2025-05-16,AAOI,15,20,0.05,0.05,0,stock_session,,
assessment,2025-05-16,APLD,15,20,0.05,0.05,0,stock_session,,
assessment,2025-05-16,ASTS,12,20,0.05,0.05,0,stock_session,,
assessment,2025-05-16,CIFR,4,20,0.05,0.05,0,stock_session,,
assessment,2025-05-16,HIMS,15,20,0.05,0.05,0,stock_session,,
assessment,2025-05-16,IONQ,12,20,0.05,0.05,0,stock_session,,
assessment,2025-05-16,IREN,8,20,0.05,0.05,0,stock_session,,
assessment,2025-05-16,MARA,15,20,0.05,0.05,0,stock_session,,
assessment,2025-05-16,MP,9,20,0.05,0.05,0,stock_session,,
assessment,2025-05-16,MRNA,1,20,0.05,0.05,0,stock_session,,
assessment,2025-05-16,MSTR,12,20,0.05,0.05,0,stock_session,,
assessment,2025-05-16,NVTS,15,20,0.05,0.05,0,stock_session,,
assessment,2025-05-16,QBTS,15,20,0.05,0.05,0,stock_session,,
assessment,2025-05-16,RGTI,9,20,0.05,0.05,0,stock_session,,
assessment,2025-05-16,RIOT,11,20,0.05,0.05,6.93889390390723e-18,stock_session,,
assessment,2025-05-16,RIVN,14,20,0.05,0.05,6.93889390390723e-18,stock_session,,
assessment,2025-05-16,SMCI,15,20,0.05,0.05,0,stock_session,,
assessment,2025-05-16,SOFI,12,20,0.05,0.05,0,stock_session,,
assessment,2025-05-16,WULF,15,20,0.05,0.05,0,stock_session,,
assessment,2025-05-19,AAL,9,18,0.0555555555555556,0.0555555555555556,0,stock_session,,
assessment,2025-05-19,AAOI,14,18,0.0555555555555556,0.0555555555555556,0,stock_session,,
assessment,2025-05-19,ASTS,10,18,0.0555555555555556,0.0555555555555556,6.93889390390723e-18,stock_session,,
assessment,2025-05-19,CIFR,10,18,0.0555555555555556,0.0555555555555556,6.93889390390723e-18,stock_session,,
assessment,2025-05-19,IONQ,13,18,0.0555555555555556,0.0555555555555556,6.93889390390723e-18,stock_session,,
assessment,2025-05-19,IREN,13,18,0.0555555555555556,0.0555555555555556,6.93889390390723e-18,stock_session,,
assessment,2025-05-19,MARA,8,18,0.0555555555555556,0.0555555555555556,0,stock_session,,
assessment,2025-05-19,MP,6,18,0.0555555555555556,0.0555555555555556,0,stock_session,,
assessment,2025-05-19,MRNA,15,18,0.0555555555555556,0.0555555555555556,6.93889390390723e-18,stock_session,,
assessment,2025-05-19,MSTR,15,18,0.0555555555555556,0.0555555555555556,6.93889390390723e-18,stock_session,,
assessment,2025-05-19,NVTS,13,18,0.0555555555555556,0.0555555555555556,6.93889390390723e-18,stock_session,,
assessment,2025-05-19,QBTS,15,18,0.0555555555555556,0.0555555555555556,6.93889390390723e-18,stock_session,,
assessment,2025-05-19,RGTI,11,18,0.0555555555555556,0.0555555555555556,6.93889390390723e-18,stock_session,,
assessment,2025-05-19,RIOT,13,18,0.0555555555555556,0.0555555555555556,6.93889390390723e-18,stock_session,,
assessment,2025-05-19,RIVN,15,18,0.0555555555555556,0.0555555555555556,6.93889390390723e-18,stock_session,,
assessment,2025-05-19,SMCI,15,18,0.0555555555555556,0.0555555555555556,6.93889390390723e-18,stock_session,,
assessment,2025-05-19,SOFI,12,18,0.0555555555555556,0.0555555555555556,0,stock_session,,
assessment,2025-05-19,WULF,7,18,0.0555555555555556,0.0555555555555556,0,stock_session,,
assessment,2025-05-20,AAL,11,20,0.05,0.05,6.93889390390723e-18,stock_session,,
assessment,2025-05-20,AAOI,7,20,0.05,0.05,6.93889390390723e-18,stock_session,,
assessment,2025-05-20,APLD,2,20,0.05,0.05,0,stock_session,,
assessment,2025-05-20,ASTS,3,20,0.05,0.05,0,stock_session,,
assessment,2025-05-20,CIFR,12,20,0.05,0.05,0,stock_session,,
assessment,2025-05-20,HIMS,2,20,0.05,0.05,0,stock_session,,
assessment,2025-05-20,IONQ,14,20,0.05,0.05,6.93889390390723e-18,stock_session,,
assessment,2025-05-20,IREN,14,20,0.05,0.05,6.93889390390723e-18,stock_session,,
assessment,2025-05-20,MARA,12,20,0.05,0.05,0,stock_session,,
assessment,2025-05-20,MP,9,20,0.05,0.05,0,stock_session,,
assessment,2025-05-20,MRNA,8,20,0.05,0.05,0,stock_session,,
assessment,2025-05-20,MSTR,9,20,0.05,0.05,0,stock_session,,
assessment,2025-05-20,NVTS,6,20,0.05,0.05,0,stock_session,,
assessment,2025-05-20,QBTS,15,20,0.05,0.05,0,stock_session,,
assessment,2025-05-20,RGTI,14,20,0.05,0.05,6.93889390390723e-18,stock_session,,
assessment,2025-05-20,RIOT,13,20,0.05,0.05,0,stock_session,,
assessment,2025-05-20,RIVN,10,20,0.05,0.05,0,stock_session,,
assessment,2025-05-20,SMCI,7,20,0.05,0.05,6.93889390390723e-18,stock_session,,
assessment,2025-05-20,SOFI,11,20,0.05,0.05,6.93889390390723e-18,stock_session,,
assessment,2025-05-20,WULF,9,20,0.05,0.05,0,stock_session,,
assessment,2025-05-21,AAL,6,20,0.05,0.05,0,stock_session,,
assessment,2025-05-21,AAOI,15,20,0.05,0.05,0,stock_session,,
assessment,2025-05-21,APLD,10,20,0.05,0.05,0,stock_session,,
assessment,2025-05-21,ASTS,6,20,0.05,0.05,0,stock_session,,
assessment,2025-05-21,CIFR,15,20,0.05,0.05,0,stock_session,,
assessment,2025-05-21,HIMS,2,20,0.05,0.05,0,stock_session,,
assessment,2025-05-21,IONQ,14,20,0.05,0.05,6.93889390390723e-18,stock_session,,
assessment,2025-05-21,IREN,15,20,0.05,0.05,0,stock_session,,
assessment,2025-05-21,MARA,14,20,0.05,0.05,6.93889390390723e-18,stock_session,,
assessment,2025-05-21,MP,10,20,0.05,0.05,0,stock_session,,
assessment,2025-05-21,MRNA,2,20,0.05,0.05,0,stock_session,,
assessment,2025-05-21,MSTR,12,20,0.05,0.05,0,stock_session,,
assessment,2025-05-21,NVTS,14,20,0.05,0.05,6.93889390390723e-18,stock_session,,
assessment,2025-05-21,QBTS,15,20,0.05,0.05,0,stock_session,,
assessment,2025-05-21,RGTI,15,20,0.05,0.05,0,stock_session,,
assessment,2025-05-21,RIOT,14,20,0.05,0.05,6.93889390390723e-18,stock_session,,
assessment,2025-05-21,RIVN,14,20,0.05,0.05,6.93889390390723e-18,stock_session,,
assessment,2025-05-21,SMCI,15,20,0.05,0.05,0,stock_session,,
assessment,2025-05-21,SOFI,10,20,0.05,0.05,0,stock_session,,
assessment,2025-05-21,WULF,12,20,0.05,0.05,0,stock_session,,
assessment,2025-05-22,AAL,15,20,0.05,0.05,0,stock_session,,
assessment,2025-05-22,AAOI,7,20,0.05,0.05,6.93889390390723e-18,stock_session,,
assessment,2025-05-22,APLD,15,20,0.05,0.05,0,stock_session,,
assessment,2025-05-22,ASTS,9,20,0.05,0.05,0,stock_session,,
assessment,2025-05-22,CIFR,10,20,0.05,0.05,0,stock_session,,
assessment,2025-05-22,HIMS,15,20,0.05,0.05,0,stock_session,,
assessment,2025-05-22,IONQ,15,20,0.05,0.05,0,stock_session,,
assessment,2025-05-22,IREN,13,20,0.05,0.05,0,stock_session,,
assessment,2025-05-22,MARA,11,20,0.05,0.05,6.93889390390723e-18,stock_session,,
assessment,2025-05-22,MP,10,20,0.05,0.05,0,stock_session,,
assessment,2025-05-22,MRNA,8,20,0.05,0.05,0,stock_session,,
assessment,2025-05-22,MSTR,10,20,0.05,0.05,0,stock_session,,
assessment,2025-05-22,NVTS,15,20,0.05,0.05,0,stock_session,,
assessment,2025-05-22,QBTS,15,20,0.05,0.05,0,stock_session,,
assessment,2025-05-22,RGTI,15,20,0.05,0.05,0,stock_session,,
assessment,2025-05-22,RIOT,7,20,0.05,0.05,6.93889390390723e-18,stock_session,,
assessment,2025-05-22,RIVN,15,20,0.05,0.05,0,stock_session,,
assessment,2025-05-22,SMCI,14,20,0.05,0.05,6.93889390390723e-18,stock_session,,
assessment,2025-05-22,SOFI,11,20,0.05,0.05,6.93889390390723e-18,stock_session,,
assessment,2025-05-22,WULF,8,20,0.05,0.05,0,stock_session,,
assessment,2025-05-23,AAL,14,20,0.05,0.05,6.93889390390723e-18,stock_session,,
assessment,2025-05-23,AAOI,15,20,0.05,0.05,0,stock_session,,
assessment,2025-05-23,APLD,11,20,0.05,0.05,6.93889390390723e-18,stock_session,,
assessment,2025-05-23,ASTS,14,20,0.05,0.05,6.93889390390723e-18,stock_session,,
assessment,2025-05-23,CIFR,8,20,0.05,0.05,0,stock_session,,
assessment,2025-05-23,HIMS,7,20,0.05,0.05,6.93889390390723e-18,stock_session,,
assessment,2025-05-23,IONQ,15,20,0.05,0.05,0,stock_session,,
assessment,2025-05-23,IREN,11,20,0.05,0.05,6.93889390390723e-18,stock_session,,
assessment,2025-05-23,MARA,15,20,0.05,0.05,0,stock_session,,
assessment,2025-05-23,MP,7,20,0.05,0.05,6.93889390390723e-18,stock_session,,
assessment,2025-05-23,MRNA,12,20,0.05,0.05,0,stock_session,,
assessment,2025-05-23,MSTR,14,20,0.05,0.05,6.93889390390723e-18,stock_session,,
assessment,2025-05-23,NVTS,15,20,0.05,0.05,0,stock_session,,
assessment,2025-05-23,QBTS,15,20,0.05,0.05,0,stock_session,,
assessment,2025-05-23,RGTI,11,20,0.05,0.05,6.93889390390723e-18,stock_session,,
assessment,2025-05-23,RIOT,11,20,0.05,0.05,6.93889390390723e-18,stock_session,,
assessment,2025-05-23,RIVN,8,20,0.05,0.05,0,stock_session,,
assessment,2025-05-23,SMCI,11,20,0.05,0.05,6.93889390390723e-18,stock_session,,
assessment,2025-05-23,SOFI,14,20,0.05,0.05,6.93889390390723e-18,stock_session,,
assessment,2025-05-23,WULF,15,20,0.05,0.05,0,stock_session,,
assessment,2025-05-27,AAL,15,20,0.05,0.05,0,stock_session,,
assessment,2025-05-27,AAOI,15,20,0.05,0.05,0,stock_session,,
assessment,2025-05-27,APLD,4,20,0.05,0.05,0,stock_session,,
assessment,2025-05-27,ASTS,15,20,0.05,0.05,0,stock_session,,
assessment,2025-05-27,CIFR,1,20,0.05,0.05,0,stock_session,,
assessment,2025-05-27,HIMS,11,20,0.05,0.05,6.93889390390723e-18,stock_session,,
assessment,2025-05-27,IONQ,15,20,0.05,0.05,0,stock_session,,
assessment,2025-05-27,IREN,15,20,0.05,0.05,0,stock_session,,
assessment,2025-05-27,MARA,15,20,0.05,0.05,0,stock_session,,
assessment,2025-05-27,MP,2,20,0.05,0.05,0,stock_session,,
assessment,2025-05-27,MRNA,6,20,0.05,0.05,0,stock_session,,
assessment,2025-05-27,MSTR,14,20,0.05,0.05,6.93889390390723e-18,stock_session,,
assessment,2025-05-27,NVTS,15,20,0.05,0.05,0,stock_session,,
assessment,2025-05-27,QBTS,8,20,0.05,0.05,0,stock_session,,
assessment,2025-05-27,RGTI,5,20,0.05,0.05,0,stock_session,,
assessment,2025-05-27,RIOT,15,20,0.05,0.05,0,stock_session,,
assessment,2025-05-27,RIVN,9,20,0.05,0.05,0,stock_session,,
assessment,2025-05-27,SMCI,5,20,0.05,0.05,0,stock_session,,
assessment,2025-05-27,SOFI,5,20,0.05,0.05,0,stock_session,,
assessment,2025-05-27,WULF,14,20,0.05,0.05,6.93889390390723e-18,stock_session,,
assessment,2025-05-28,AAL,15,20,0.05,0.05,0,stock_session,,
assessment,2025-05-28,AAOI,14,20,0.05,0.05,6.93889390390723e-18,stock_session,,
assessment,2025-05-28,APLD,4,20,0.05,0.05,0,stock_session,,
assessment,2025-05-28,ASTS,11,20,0.05,0.05,6.93889390390723e-18,stock_session,,
assessment,2025-05-28,CIFR,15,20,0.05,0.05,0,stock_session,,
assessment,2025-05-28,HIMS,11,20,0.05,0.05,6.93889390390723e-18,stock_session,,
assessment,2025-05-28,IONQ,7,20,0.05,0.05,6.93889390390723e-18,stock_session,,
assessment,2025-05-28,IREN,11,20,0.05,0.05,6.93889390390723e-18,stock_session,,
assessment,2025-05-28,MARA,15,20,0.05,0.05,0,stock_session,,
assessment,2025-05-28,MP,7,20,0.05,0.05,6.93889390390723e-18,stock_session,,
assessment,2025-05-28,MRNA,8,20,0.05,0.05,0,stock_session,,
assessment,2025-05-28,MSTR,14,20,0.05,0.05,6.93889390390723e-18,stock_session,,
assessment,2025-05-28,NVTS,15,20,0.05,0.05,0,stock_session,,
assessment,2025-05-28,QBTS,2,20,0.05,0.05,0,stock_session,,
assessment,2025-05-28,RGTI,15,20,0.05,0.05,0,stock_session,,
assessment,2025-05-28,RIOT,14,20,0.05,0.05,6.93889390390723e-18,stock_session,,
assessment,2025-05-28,RIVN,10,20,0.05,0.05,0,stock_session,,
assessment,2025-05-28,SMCI,10,20,0.05,0.05,0,stock_session,,
assessment,2025-05-28,SOFI,10,20,0.05,0.05,0,stock_session,,
assessment,2025-05-28,WULF,8,20,0.05,0.05,0,stock_session,,
assessment,2025-05-29,AAL,15,20,0.05,0.05,0,stock_session,,
assessment,2025-05-29,AAOI,12,20,0.05,0.05,0,stock_session,,
assessment,2025-05-29,APLD,12,20,0.05,0.05,0,stock_session,,
assessment,2025-05-29,ASTS,12,20,0.05,0.05,0,stock_session,,
assessment,2025-05-29,CIFR,5,20,0.05,0.05,0,stock_session,,
assessment,2025-05-29,HIMS,11,20,0.05,0.05,6.93889390390723e-18,stock_session,,
assessment,2025-05-29,IONQ,10,20,0.05,0.05,0,stock_session,,
assessment,2025-05-29,IREN,14,20,0.05,0.05,6.93889390390723e-18,stock_session,,
assessment,2025-05-29,MARA,10,20,0.05,0.05,0,stock_session,,
assessment,2025-05-29,MP,12,20,0.05,0.05,0,stock_session,,
assessment,2025-05-29,MRNA,8,20,0.05,0.05,0,stock_session,,
assessment,2025-05-29,MSTR,7,20,0.05,0.05,6.93889390390723e-18,stock_session,,
assessment,2025-05-29,NVTS,15,20,0.05,0.05,0,stock_session,,
assessment,2025-05-29,QBTS,7,20,0.05,0.05,6.93889390390723e-18,stock_session,,
assessment,2025-05-29,RGTI,15,20,0.05,0.05,0,stock_session,,
assessment,2025-05-29,RIOT,11,20,0.05,0.05,6.93889390390723e-18,stock_session,,
assessment,2025-05-29,RIVN,8,20,0.05,0.05,0,stock_session,,
assessment,2025-05-29,SMCI,10,20,0.05,0.05,0,stock_session,,
assessment,2025-05-29,SOFI,13,20,0.05,0.05,0,stock_session,,
assessment,2025-05-29,WULF,8,20,0.05,0.05,0,stock_session,,
assessment,2025-05-30,AAL,14,20,0.05,0.05,6.93889390390723e-18,stock_session,,
assessment,2025-05-30,AAOI,15,20,0.05,0.05,0,stock_session,,
assessment,2025-05-30,APLD,12,20,0.05,0.05,0,stock_session,,
assessment,2025-05-30,ASTS,8,20,0.05,0.05,0,stock_session,,
assessment,2025-05-30,CIFR,2,20,0.05,0.05,0,stock_session,,
assessment,2025-05-30,HIMS,6,20,0.05,0.05,0,stock_session,,
assessment,2025-05-30,IONQ,4,20,0.05,0.05,0,stock_session,,
assessment,2025-05-30,IREN,4,20,0.05,0.05,0,stock_session,,
assessment,2025-05-30,MARA,13,20,0.05,0.05,0,stock_session,,
assessment,2025-05-30,MP,15,20,0.05,0.05,0,stock_session,,
assessment,2025-05-30,MRNA,14,20,0.05,0.05,6.93889390390723e-18,stock_session,,
assessment,2025-05-30,MSTR,7,20,0.05,0.05,6.93889390390723e-18,stock_session,,
assessment,2025-05-30,NVTS,15,20,0.05,0.05,0,stock_session,,
assessment,2025-05-30,QBTS,6,20,0.05,0.05,0,stock_session,,
assessment,2025-05-30,RGTI,15,20,0.05,0.05,0,stock_session,,
assessment,2025-05-30,RIOT,11,20,0.05,0.05,6.93889390390723e-18,stock_session,,
assessment,2025-05-30,RIVN,10,20,0.05,0.05,0,stock_session,,
assessment,2025-05-30,SMCI,10,20,0.05,0.05,0,stock_session,,
assessment,2025-05-30,SOFI,11,20,0.05,0.05,6.93889390390723e-18,stock_session,,
assessment,2025-05-30,WULF,15,20,0.05,0.05,0,stock_session,,
assessment,2025-06-02,AAL,1,20,0.05,0.05,0,stock_session,,
assessment,2025-06-02,AAOI,15,20,0.05,0.05,0,stock_session,,
assessment,2025-06-02,APLD,15,20,0.05,0.05,0,stock_session,,
assessment,2025-06-02,ASTS,2,20,0.05,0.05,0,stock_session,,
assessment,2025-06-02,CIFR,12,20,0.05,0.05,0,stock_session,,
assessment,2025-06-02,HIMS,3,20,0.05,0.05,0,stock_session,,
assessment,2025-06-02,IONQ,9,20,0.05,0.05,0,stock_session,,
assessment,2025-06-02,IREN,15,20,0.05,0.05,0,stock_session,,
assessment,2025-06-02,MARA,15,20,0.05,0.05,0,stock_session,,
assessment,2025-06-02,MP,15,20,0.05,0.05,0,stock_session,,
assessment,2025-06-02,MRNA,1,20,0.05,0.05,0,stock_session,,
assessment,2025-06-02,MSTR,14,20,0.05,0.05,6.93889390390723e-18,stock_session,,
assessment,2025-06-02,NVTS,15,20,0.05,0.05,0,stock_session,,
assessment,2025-06-02,QBTS,7,20,0.05,0.05,6.93889390390723e-18,stock_session,,
assessment,2025-06-02,RGTI,10,20,0.05,0.05,0,stock_session,,
assessment,2025-06-02,RIOT,9,20,0.05,0.05,0,stock_session,,
assessment,2025-06-02,RIVN,11,20,0.05,0.05,6.93889390390723e-18,stock_session,,
assessment,2025-06-02,SMCI,15,20,0.05,0.05,0,stock_session,,
assessment,2025-06-02,SOFI,4,20,0.05,0.05,0,stock_session,,
assessment,2025-06-02,WULF,12,20,0.05,0.05,0,stock_session,,
assessment,2025-06-03,AAL,15,20,0.05,0.05,0,stock_session,,
assessment,2025-06-03,AAOI,15,20,0.05,0.05,0,stock_session,,
assessment,2025-06-03,APLD,15,20,0.05,0.05,0,stock_session,,
assessment,2025-06-03,ASTS,15,20,0.05,0.05,0,stock_session,,
assessment,2025-06-03,CIFR,4,20,0.05,0.05,0,stock_session,,
assessment,2025-06-03,HIMS,15,20,0.05,0.05,0,stock_session,,
assessment,2025-06-03,IONQ,15,20,0.05,0.05,0,stock_session,,
assessment,2025-06-03,IREN,15,20,0.05,0.05,0,stock_session,,
assessment,2025-06-03,MARA,10,20,0.05,0.05,0,stock_session,,
assessment,2025-06-03,MP,4,20,0.05,0.05,0,stock_session,,
assessment,2025-06-03,MRNA,5,20,0.05,0.05,0,stock_session,,
assessment,2025-06-03,MSTR,12,20,0.05,0.05,0,stock_session,,
assessment,2025-06-03,NVTS,15,20,0.05,0.05,0,stock_session,,
assessment,2025-06-03,QBTS,12,20,0.05,0.05,0,stock_session,,
assessment,2025-06-03,RGTI,12,20,0.05,0.05,0,stock_session,,
assessment,2025-06-03,RIOT,15,20,0.05,0.05,0,stock_session,,
assessment,2025-06-03,RIVN,5,20,0.05,0.05,0,stock_session,,
assessment,2025-06-03,SMCI,15,20,0.05,0.05,0,stock_session,,
assessment,2025-06-03,SOFI,9,20,0.05,0.05,0,stock_session,,
assessment,2025-06-03,WULF,15,20,0.05,0.05,0,stock_session,,
assessment,2025-06-04,AAL,13,20,0.05,0.05,0,stock_session,,
assessment,2025-06-04,AAOI,11,20,0.05,0.05,6.93889390390723e-18,stock_session,,
assessment,2025-06-04,APLD,15,20,0.05,0.05,0,stock_session,,
assessment,2025-06-04,ASTS,2,20,0.05,0.05,0,stock_session,,
assessment,2025-06-04,CIFR,2,20,0.05,0.05,0,stock_session,,
assessment,2025-06-04,HIMS,15,20,0.05,0.05,0,stock_session,,
assessment,2025-06-04,IONQ,12,20,0.05,0.05,0,stock_session,,
assessment,2025-06-04,IREN,3,20,0.05,0.05,0,stock_session,,
assessment,2025-06-04,MARA,5,20,0.05,0.05,0,stock_session,,
assessment,2025-06-04,MP,1,20,0.05,0.05,0,stock_session,,
assessment,2025-06-04,MRNA,8,20,0.05,0.05,0,stock_session,,
assessment,2025-06-04,MSTR,6,20,0.05,0.05,0,stock_session,,
assessment,2025-06-04,NVTS,15,20,0.05,0.05,0,stock_session,,
assessment,2025-06-04,QBTS,15,20,0.05,0.05,0,stock_session,,
assessment,2025-06-04,RGTI,14,20,0.05,0.05,6.93889390390723e-18,stock_session,,
assessment,2025-06-04,RIOT,15,20,0.05,0.05,0,stock_session,,
assessment,2025-06-04,RIVN,6,20,0.05,0.05,0,stock_session,,
assessment,2025-06-04,SMCI,15,20,0.05,0.05,0,stock_session,,
assessment,2025-06-04,SOFI,15,20,0.05,0.05,0,stock_session,,
assessment,2025-06-04,WULF,15,20,0.05,0.05,0,stock_session,,
assessment,2025-06-05,AAL,11,20,0.05,0.05,6.93889390390723e-18,stock_session,,
assessment,2025-06-05,AAOI,14,20,0.05,0.05,6.93889390390723e-18,stock_session,,
assessment,2025-06-05,APLD,15,20,0.05,0.05,0,stock_session,,
assessment,2025-06-05,ASTS,7,20,0.05,0.05,6.93889390390723e-18,stock_session,,
assessment,2025-06-05,CIFR,4,20,0.05,0.05,0,stock_session,,
assessment,2025-06-05,HIMS,3,20,0.05,0.05,0,stock_session,,
assessment,2025-06-05,IONQ,15,20,0.05,0.05,0,stock_session,,
assessment,2025-06-05,IREN,15,20,0.05,0.05,0,stock_session,,
assessment,2025-06-05,MARA,13,20,0.05,0.05,0,stock_session,,
assessment,2025-06-05,MP,15,20,0.05,0.05,0,stock_session,,
assessment,2025-06-05,MRNA,3,20,0.05,0.05,0,stock_session,,
assessment,2025-06-05,MSTR,3,20,0.05,0.05,0,stock_session,,
assessment,2025-06-05,NVTS,15,20,0.05,0.05,0,stock_session,,
assessment,2025-06-05,QBTS,4,20,0.05,0.05,0,stock_session,,
assessment,2025-06-05,RGTI,15,20,0.05,0.05,0,stock_session,,
assessment,2025-06-05,RIOT,11,20,0.05,0.05,6.93889390390723e-18,stock_session,,
assessment,2025-06-05,RIVN,13,20,0.05,0.05,0,stock_session,,
assessment,2025-06-05,SMCI,15,20,0.05,0.05,0,stock_session,,
assessment,2025-06-05,SOFI,8,20,0.05,0.05,0,stock_session,,
assessment,2025-06-05,WULF,1,20,0.05,0.05,0,stock_session,,
assessment,2025-06-06,AAL,3,20,0.05,0.05,0,stock_session,,
assessment,2025-06-06,AAOI,15,20,0.05,0.05,0,stock_session,,
assessment,2025-06-06,APLD,15,20,0.05,0.05,0,stock_session,,
assessment,2025-06-06,ASTS,11,20,0.05,0.05,6.93889390390723e-18,stock_session,,
assessment,2025-06-06,CIFR,1,20,0.05,0.05,0,stock_session,,
assessment,2025-06-06,HIMS,2,20,0.05,0.05,0,stock_session,,
assessment,2025-06-06,IONQ,12,20,0.05,0.05,0,stock_session,,
assessment,2025-06-06,IREN,9,20,0.05,0.05,0,stock_session,,
assessment,2025-06-06,MARA,15,20,0.05,0.05,0,stock_session,,
assessment,2025-06-06,MP,12,20,0.05,0.05,0,stock_session,,
assessment,2025-06-06,MRNA,11,20,0.05,0.05,6.93889390390723e-18,stock_session,,
assessment,2025-06-06,MSTR,4,20,0.05,0.05,0,stock_session,,
assessment,2025-06-06,NVTS,15,20,0.05,0.05,0,stock_session,,
assessment,2025-06-06,QBTS,15,20,0.05,0.05,0,stock_session,,
assessment,2025-06-06,RGTI,15,20,0.05,0.05,0,stock_session,,
assessment,2025-06-06,RIOT,1,20,0.05,0.05,0,stock_session,,
assessment,2025-06-06,RIVN,9,20,0.05,0.05,0,stock_session,,
assessment,2025-06-06,SMCI,6,20,0.05,0.05,0,stock_session,,
assessment,2025-06-06,SOFI,12,20,0.05,0.05,0,stock_session,,
assessment,2025-06-06,WULF,3,20,0.05,0.05,0,stock_session,,
assessment,2025-06-09,AAL,4,20,0.05,0.05,0,stock_session,,
assessment,2025-06-09,AAOI,11,20,0.05,0.05,6.93889390390723e-18,stock_session,,
assessment,2025-06-09,APLD,15,20,0.05,0.05,0,stock_session,,
assessment,2025-06-09,ASTS,15,20,0.05,0.05,0,stock_session,,
assessment,2025-06-09,CIFR,4,20,0.05,0.05,0,stock_session,,
assessment,2025-06-09,HIMS,12,20,0.05,0.05,0,stock_session,,
assessment,2025-06-09,IONQ,12,20,0.05,0.05,0,stock_session,,
assessment,2025-06-09,IREN,10,20,0.05,0.05,0,stock_session,,
assessment,2025-06-09,MARA,15,20,0.05,0.05,0,stock_session,,
assessment,2025-06-09,MP,15,20,0.05,0.05,0,stock_session,,
assessment,2025-06-09,MRNA,5,20,0.05,0.05,0,stock_session,,
assessment,2025-06-09,MSTR,15,20,0.05,0.05,0,stock_session,,
assessment,2025-06-09,NVTS,15,20,0.05,0.05,0,stock_session,,
assessment,2025-06-09,QBTS,3,20,0.05,0.05,0,stock_session,,
assessment,2025-06-09,RGTI,8,20,0.05,0.05,0,stock_session,,
assessment,2025-06-09,RIOT,6,20,0.05,0.05,0,stock_session,,
assessment,2025-06-09,RIVN,7,20,0.05,0.05,6.93889390390723e-18,stock_session,,
assessment,2025-06-09,SMCI,15,20,0.05,0.05,0,stock_session,,
assessment,2025-06-09,SOFI,11,20,0.05,0.05,6.93889390390723e-18,stock_session,,
assessment,2025-06-09,WULF,4,20,0.05,0.05,0,stock_session,,
assessment,2025-06-10,AAL,10,20,0.05,0.05,0,stock_session,,
assessment,2025-06-10,AAOI,15,20,0.05,0.05,0,stock_session,,
assessment,2025-06-10,APLD,14,20,0.05,0.05,6.93889390390723e-18,stock_session,,
assessment,2025-06-10,ASTS,3,20,0.05,0.05,0,stock_session,,
assessment,2025-06-10,CIFR,14,20,0.05,0.05,6.93889390390723e-18,stock_session,,
assessment,2025-06-10,HIMS,4,20,0.05,0.05,0,stock_session,,
assessment,2025-06-10,IONQ,15,20,0.05,0.05,0,stock_session,,
assessment,2025-06-10,IREN,12,20,0.05,0.05,0,stock_session,,
assessment,2025-06-10,MARA,12,20,0.05,0.05,0,stock_session,,
assessment,2025-06-10,MP,10,20,0.05,0.05,0,stock_session,,
assessment,2025-06-10,MRNA,13,20,0.05,0.05,0,stock_session,,
assessment,2025-06-10,MSTR,8,20,0.05,0.05,0,stock_session,,
assessment,2025-06-10,NVTS,15,20,0.05,0.05,0,stock_session,,
assessment,2025-06-10,QBTS,10,20,0.05,0.05,0,stock_session,,
assessment,2025-06-10,RGTI,12,20,0.05,0.05,0,stock_session,,
assessment,2025-06-10,RIOT,15,20,0.05,0.05,0,stock_session,,
assessment,2025-06-10,RIVN,6,20,0.05,0.05,0,stock_session,,
assessment,2025-06-10,SMCI,7,20,0.05,0.05,6.93889390390723e-18,stock_session,,
assessment,2025-06-10,SOFI,13,20,0.05,0.05,0,stock_session,,
assessment,2025-06-10,WULF,13,20,0.05,0.05,0,stock_session,,
assessment,2025-06-11,AAL,12,20,0.05,0.05,0,stock_session,,
assessment,2025-06-11,AAOI,13,20,0.05,0.05,0,stock_session,,
assessment,2025-06-11,APLD,13,20,0.05,0.05,0,stock_session,,
assessment,2025-06-11,ASTS,15,20,0.05,0.05,0,stock_session,,
assessment,2025-06-11,CIFR,5,20,0.05,0.05,0,stock_session,,
assessment,2025-06-11,HIMS,11,20,0.05,0.05,6.93889390390723e-18,stock_session,,
assessment,2025-06-11,IONQ,6,20,0.05,0.05,0,stock_session,,
assessment,2025-06-11,IREN,3,20,0.05,0.05,0,stock_session,,
assessment,2025-06-11,MARA,13,20,0.05,0.05,0,stock_session,,
assessment,2025-06-11,MP,15,20,0.05,0.05,0,stock_session,,
assessment,2025-06-11,MRNA,15,20,0.05,0.05,0,stock_session,,
assessment,2025-06-11,MSTR,7,20,0.05,0.05,6.93889390390723e-18,stock_session,,
assessment,2025-06-11,NVTS,15,20,0.05,0.05,0,stock_session,,
assessment,2025-06-11,QBTS,13,20,0.05,0.05,0,stock_session,,
assessment,2025-06-11,RGTI,5,20,0.05,0.05,0,stock_session,,
assessment,2025-06-11,RIOT,13,20,0.05,0.05,0,stock_session,,
assessment,2025-06-11,RIVN,12,20,0.05,0.05,0,stock_session,,
assessment,2025-06-11,SMCI,12,20,0.05,0.05,0,stock_session,,
assessment,2025-06-11,SOFI,9,20,0.05,0.05,0,stock_session,,
assessment,2025-06-11,WULF,9,20,0.05,0.05,0,stock_session,,
assessment,2025-06-12,AAL,10,20,0.05,0.05,0,stock_session,,
assessment,2025-06-12,AAOI,15,20,0.05,0.05,0,stock_session,,
assessment,2025-06-12,APLD,15,20,0.05,0.05,0,stock_session,,
assessment,2025-06-12,ASTS,15,20,0.05,0.05,0,stock_session,,
assessment,2025-06-12,CIFR,13,20,0.05,0.05,0,stock_session,,
assessment,2025-06-12,HIMS,15,20,0.05,0.05,0,stock_session,,
assessment,2025-06-12,IONQ,15,20,0.05,0.05,0,stock_session,,
assessment,2025-06-12,IREN,13,20,0.05,0.05,0,stock_session,,
assessment,2025-06-12,MARA,5,20,0.05,0.05,0,stock_session,,
assessment,2025-06-12,MP,15,20,0.05,0.05,0,stock_session,,
assessment,2025-06-12,MRNA,15,20,0.05,0.05,0,stock_session,,
assessment,2025-06-12,MSTR,8,20,0.05,0.05,0,stock_session,,
assessment,2025-06-12,NVTS,15,20,0.05,0.05,0,stock_session,,
assessment,2025-06-12,QBTS,15,20,0.05,0.05,0,stock_session,,
assessment,2025-06-12,RGTI,10,20,0.05,0.05,0,stock_session,,
assessment,2025-06-12,RIOT,12,20,0.05,0.05,0,stock_session,,
assessment,2025-06-12,RIVN,4,20,0.05,0.05,0,stock_session,,
assessment,2025-06-12,SMCI,11,20,0.05,0.05,6.93889390390723e-18,stock_session,,
assessment,2025-06-12,SOFI,7,20,0.05,0.05,6.93889390390723e-18,stock_session,,
assessment,2025-06-12,WULF,15,20,0.05,0.05,0,stock_session,,
assessment,2025-06-13,AAL,3,20,0.05,0.05,0,stock_session,,
assessment,2025-06-13,AAOI,13,20,0.05,0.05,0,stock_session,,
assessment,2025-06-13,APLD,15,20,0.05,0.05,0,stock_session,,
assessment,2025-06-13,ASTS,15,20,0.05,0.05,0,stock_session,,
assessment,2025-06-13,CIFR,6,20,0.05,0.05,0,stock_session,,
assessment,2025-06-13,HIMS,15,20,0.05,0.05,0,stock_session,,
assessment,2025-06-13,IONQ,6,20,0.05,0.05,0,stock_session,,
assessment,2025-06-13,IREN,15,20,0.05,0.05,0,stock_session,,
assessment,2025-06-13,MARA,10,20,0.05,0.05,0,stock_session,,
assessment,2025-06-13,MP,15,20,0.05,0.05,0,stock_session,,
assessment,2025-06-13,MRNA,12,20,0.05,0.05,0,stock_session,,
assessment,2025-06-13,MSTR,3,20,0.05,0.05,0,stock_session,,
assessment,2025-06-13,NVTS,15,20,0.05,0.05,0,stock_session,,
assessment,2025-06-13,QBTS,15,20,0.05,0.05,0,stock_session,,
assessment,2025-06-13,RGTI,15,20,0.05,0.05,0,stock_session,,
assessment,2025-06-13,RIOT,14,20,0.05,0.05,6.93889390390723e-18,stock_session,,
assessment,2025-06-13,RIVN,11,20,0.05,0.05,6.93889390390723e-18,stock_session,,
assessment,2025-06-13,SMCI,15,20,0.05,0.05,0,stock_session,,
assessment,2025-06-13,SOFI,9,20,0.05,0.05,0,stock_session,,
assessment,2025-06-13,WULF,11,20,0.05,0.05,6.93889390390723e-18,stock_session,,
assessment,2025-06-16,AAL,12,20,0.05,0.05,0,stock_session,,
assessment,2025-06-16,AAOI,3,20,0.05,0.05,0,stock_session,,
assessment,2025-06-16,APLD,1,20,0.05,0.05,0,stock_session,,
assessment,2025-06-16,ASTS,15,20,0.05,0.05,0,stock_session,,
assessment,2025-06-16,CIFR,6,20,0.05,0.05,0,stock_session,,
assessment,2025-06-16,HIMS,1,20,0.05,0.05,0,stock_session,,
assessment,2025-06-16,IONQ,15,20,0.05,0.05,0,stock_session,,
assessment,2025-06-16,IREN,14,20,0.05,0.05,6.93889390390723e-18,stock_session,,
assessment,2025-06-16,MARA,15,20,0.05,0.05,0,stock_session,,
assessment,2025-06-16,MP,15,20,0.05,0.05,0,stock_session,,
assessment,2025-06-16,MRNA,13,20,0.05,0.05,0,stock_session,,
assessment,2025-06-16,MSTR,12,20,0.05,0.05,0,stock_session,,
assessment,2025-06-16,NVTS,15,20,0.05,0.05,0,stock_session,,
assessment,2025-06-16,QBTS,4,20,0.05,0.05,0,stock_session,,
assessment,2025-06-16,RGTI,15,20,0.05,0.05,0,stock_session,,
assessment,2025-06-16,RIOT,15,20,0.05,0.05,0,stock_session,,
assessment,2025-06-16,RIVN,12,20,0.05,0.05,0,stock_session,,
assessment,2025-06-16,SMCI,13,20,0.05,0.05,0,stock_session,,
assessment,2025-06-16,SOFI,6,20,0.05,0.05,0,stock_session,,
assessment,2025-06-16,WULF,14,20,0.05,0.05,6.93889390390723e-18,stock_session,,
assessment,2025-06-17,AAL,12,20,0.05,0.05,0,stock_session,,
assessment,2025-06-17,AAOI,11,20,0.05,0.05,6.93889390390723e-18,stock_session,,
assessment,2025-06-17,APLD,11,20,0.05,0.05,6.93889390390723e-18,stock_session,,
assessment,2025-06-17,ASTS,15,20,0.05,0.05,0,stock_session,,
assessment,2025-06-17,CIFR,13,20,0.05,0.05,0,stock_session,,
assessment,2025-06-17,HIMS,3,20,0.05,0.05,0,stock_session,,
assessment,2025-06-17,IONQ,11,20,0.05,0.05,6.93889390390723e-18,stock_session,,
assessment,2025-06-17,IREN,15,20,0.05,0.05,0,stock_session,,
assessment,2025-06-17,MARA,10,20,0.05,0.05,0,stock_session,,
assessment,2025-06-17,MP,15,20,0.05,0.05,0,stock_session,,
assessment,2025-06-17,MRNA,15,20,0.05,0.05,0,stock_session,,
assessment,2025-06-17,MSTR,12,20,0.05,0.05,0,stock_session,,
assessment,2025-06-17,NVTS,15,20,0.05,0.05,0,stock_session,,
assessment,2025-06-17,QBTS,9,20,0.05,0.05,0,stock_session,,
assessment,2025-06-17,RGTI,10,20,0.05,0.05,0,stock_session,,
assessment,2025-06-17,RIOT,15,20,0.05,0.05,0,stock_session,,
assessment,2025-06-17,RIVN,7,20,0.05,0.05,6.93889390390723e-18,stock_session,,
assessment,2025-06-17,SMCI,7,20,0.05,0.05,6.93889390390723e-18,stock_session,,
assessment,2025-06-17,SOFI,13,20,0.05,0.05,0,stock_session,,
assessment,2025-06-17,WULF,10,20,0.05,0.05,0,stock_session,,
assessment,2025-06-18,AAL,3,19,0.0526315789473684,0.0526315789473684,0,stock_session,,
assessment,2025-06-18,AAOI,15,19,0.0526315789473684,0.0526315789473684,6.93889390390723e-18,stock_session,,
assessment,2025-06-18,APLD,7,19,0.0526315789473684,0.0526315789473684,0,stock_session,,
assessment,2025-06-18,ASTS,4,19,0.0526315789473684,0.0526315789473684,0,stock_session,,
assessment,2025-06-18,CIFR,2,19,0.0526315789473684,0.0526315789473684,0,stock_session,,
assessment,2025-06-18,HIMS,15,19,0.0526315789473684,0.0526315789473684,6.93889390390723e-18,stock_session,,
assessment,2025-06-18,IONQ,13,19,0.0526315789473684,0.0526315789473684,0,stock_session,,
assessment,2025-06-18,IREN,9,19,0.0526315789473684,0.0526315789473684,0,stock_session,,
assessment,2025-06-18,MP,15,19,0.0526315789473684,0.0526315789473684,6.93889390390723e-18,stock_session,,
assessment,2025-06-18,MRNA,14,19,0.0526315789473684,0.0526315789473684,0,stock_session,,
assessment,2025-06-18,MSTR,6,19,0.0526315789473684,0.0526315789473684,0,stock_session,,
assessment,2025-06-18,NVTS,15,19,0.0526315789473684,0.0526315789473684,6.93889390390723e-18,stock_session,,
assessment,2025-06-18,QBTS,13,19,0.0526315789473684,0.0526315789473684,0,stock_session,,
assessment,2025-06-18,RGTI,11,19,0.0526315789473684,0.0526315789473684,0,stock_session,,
assessment,2025-06-18,RIOT,15,19,0.0526315789473684,0.0526315789473684,6.93889390390723e-18,stock_session,,
assessment,2025-06-18,RIVN,13,19,0.0526315789473684,0.0526315789473684,0,stock_session,,
assessment,2025-06-18,SMCI,5,19,0.0526315789473684,0.0526315789473684,0,stock_session,,
assessment,2025-06-18,SOFI,14,19,0.0526315789473684,0.0526315789473684,0,stock_session,,
assessment,2025-06-18,WULF,4,19,0.0526315789473684,0.0526315789473684,0,stock_session,,
assessment,2025-06-20,AAL,10,20,0.05,0.05,0,stock_session,,
assessment,2025-06-20,AAOI,11,20,0.05,0.05,6.93889390390723e-18,stock_session,,
assessment,2025-06-20,APLD,11,20,0.05,0.05,6.93889390390723e-18,stock_session,,
assessment,2025-06-20,ASTS,4,20,0.05,0.05,0,stock_session,,
assessment,2025-06-20,CIFR,3,20,0.05,0.05,0,stock_session,,
assessment,2025-06-20,HIMS,1,20,0.05,0.05,0,stock_session,,
assessment,2025-06-20,IONQ,13,20,0.05,0.05,0,stock_session,,
assessment,2025-06-20,IREN,2,20,0.05,0.05,0,stock_session,,
assessment,2025-06-20,MARA,10,20,0.05,0.05,0,stock_session,,
assessment,2025-06-20,MP,15,20,0.05,0.05,0,stock_session,,
assessment,2025-06-20,MRNA,7,20,0.05,0.05,6.93889390390723e-18,stock_session,,
assessment,2025-06-20,MSTR,8,20,0.05,0.05,0,stock_session,,
assessment,2025-06-20,NVTS,12,20,0.05,0.05,0,stock_session,,
assessment,2025-06-20,QBTS,11,20,0.05,0.05,6.93889390390723e-18,stock_session,,
assessment,2025-06-20,RGTI,9,20,0.05,0.05,0,stock_session,,
assessment,2025-06-20,RIOT,10,20,0.05,0.05,0,stock_session,,
assessment,2025-06-20,RIVN,5,20,0.05,0.05,0,stock_session,,
assessment,2025-06-20,SMCI,9,20,0.05,0.05,0,stock_session,,
assessment,2025-06-20,SOFI,9,20,0.05,0.05,0,stock_session,,
assessment,2025-06-20,WULF,13,20,0.05,0.05,0,stock_session,,
assessment,2025-06-23,AAL,12,19,0.0526315789473684,0.0526315789473684,0,stock_session,,
assessment,2025-06-23,AAOI,13,19,0.0526315789473684,0.0526315789473684,0,stock_session,,
assessment,2025-06-23,APLD,9,19,0.0526315789473684,0.0526315789473684,0,stock_session,,
assessment,2025-06-23,ASTS,13,19,0.0526315789473684,0.0526315789473684,0,stock_session,,
assessment,2025-06-23,CIFR,6,19,0.0526315789473684,0.0526315789473684,0,stock_session,,
assessment,2025-06-23,HIMS,15,19,0.0526315789473684,0.0526315789473684,6.93889390390723e-18,stock_session,,
assessment,2025-06-23,IONQ,13,19,0.0526315789473684,0.0526315789473684,0,stock_session,,
assessment,2025-06-23,IREN,12,19,0.0526315789473684,0.0526315789473684,0,stock_session,,
assessment,2025-06-23,MARA,15,19,0.0526315789473684,0.0526315789473684,6.93889390390723e-18,stock_session,,
assessment,2025-06-23,MRNA,13,19,0.0526315789473684,0.0526315789473684,0,stock_session,,
assessment,2025-06-23,MSTR,7,19,0.0526315789473684,0.0526315789473684,0,stock_session,,
assessment,2025-06-23,NVTS,15,19,0.0526315789473684,0.0526315789473684,6.93889390390723e-18,stock_session,,
assessment,2025-06-23,QBTS,15,19,0.0526315789473684,0.0526315789473684,6.93889390390723e-18,stock_session,,
assessment,2025-06-23,RGTI,11,19,0.0526315789473684,0.0526315789473684,0,stock_session,,
assessment,2025-06-23,RIOT,15,19,0.0526315789473684,0.0526315789473684,6.93889390390723e-18,stock_session,,
assessment,2025-06-23,RIVN,7,19,0.0526315789473684,0.0526315789473684,0,stock_session,,
assessment,2025-06-23,SMCI,14,19,0.0526315789473684,0.0526315789473684,0,stock_session,,
assessment,2025-06-23,SOFI,12,19,0.0526315789473684,0.0526315789473684,0,stock_session,,
assessment,2025-06-23,WULF,15,19,0.0526315789473684,0.0526315789473684,6.93889390390723e-18,stock_session,,
assessment,2025-06-24,AAOI,9,18,0.0555555555555556,0.0555555555555556,0,stock_session,,
assessment,2025-06-24,APLD,1,18,0.0555555555555556,0.0555555555555556,0,stock_session,,
assessment,2025-06-24,ASTS,10,18,0.0555555555555556,0.0555555555555556,6.93889390390723e-18,stock_session,,
assessment,2025-06-24,CIFR,2,18,0.0555555555555556,0.0555555555555556,0,stock_session,,
assessment,2025-06-24,HIMS,15,18,0.0555555555555556,0.0555555555555556,6.93889390390723e-18,stock_session,,
assessment,2025-06-24,IONQ,15,18,0.0555555555555556,0.0555555555555556,6.93889390390723e-18,stock_session,,
assessment,2025-06-24,IREN,15,18,0.0555555555555556,0.0555555555555556,6.93889390390723e-18,stock_session,,
assessment,2025-06-24,MARA,14,18,0.0555555555555556,0.0555555555555556,0,stock_session,,
assessment,2025-06-24,MRNA,14,18,0.0555555555555556,0.0555555555555556,0,stock_session,,
assessment,2025-06-24,MSTR,12,18,0.0555555555555556,0.0555555555555556,0,stock_session,,
assessment,2025-06-24,NVTS,15,18,0.0555555555555556,0.0555555555555556,6.93889390390723e-18,stock_session,,
assessment,2025-06-24,QBTS,13,18,0.0555555555555556,0.0555555555555556,6.93889390390723e-18,stock_session,,
assessment,2025-06-24,RGTI,9,18,0.0555555555555556,0.0555555555555556,0,stock_session,,
assessment,2025-06-24,RIOT,15,18,0.0555555555555556,0.0555555555555556,6.93889390390723e-18,stock_session,,
assessment,2025-06-24,RIVN,9,18,0.0555555555555556,0.0555555555555556,0,stock_session,,
assessment,2025-06-24,SMCI,14,18,0.0555555555555556,0.0555555555555556,0,stock_session,,
assessment,2025-06-24,SOFI,14,18,0.0555555555555556,0.0555555555555556,0,stock_session,,
assessment,2025-06-24,WULF,6,18,0.0555555555555556,0.0555555555555556,0,stock_session,,
assessment,2025-06-25,AAL,3,18,0.0555555555555556,0.0555555555555556,0,stock_session,,
assessment,2025-06-25,AAOI,10,18,0.0555555555555556,0.0555555555555556,6.93889390390723e-18,stock_session,,
assessment,2025-06-25,APLD,9,18,0.0555555555555556,0.0555555555555556,0,stock_session,,
assessment,2025-06-25,ASTS,7,18,0.0555555555555556,0.0555555555555556,0,stock_session,,
assessment,2025-06-25,CIFR,5,18,0.0555555555555556,0.0555555555555556,6.93889390390723e-18,stock_session,,
assessment,2025-06-25,HIMS,9,18,0.0555555555555556,0.0555555555555556,0,stock_session,,
assessment,2025-06-25,IONQ,9,18,0.0555555555555556,0.0555555555555556,0,stock_session,,
assessment,2025-06-25,MARA,14,18,0.0555555555555556,0.0555555555555556,0,stock_session,,
assessment,2025-06-25,MRNA,3,18,0.0555555555555556,0.0555555555555556,0,stock_session,,
assessment,2025-06-25,MSTR,7,18,0.0555555555555556,0.0555555555555556,0,stock_session,,
assessment,2025-06-25,NVTS,15,18,0.0555555555555556,0.0555555555555556,6.93889390390723e-18,stock_session,,
assessment,2025-06-25,QBTS,13,18,0.0555555555555556,0.0555555555555556,6.93889390390723e-18,stock_session,,
assessment,2025-06-25,RGTI,15,18,0.0555555555555556,0.0555555555555556,6.93889390390723e-18,stock_session,,
assessment,2025-06-25,RIOT,9,18,0.0555555555555556,0.0555555555555556,0,stock_session,,
assessment,2025-06-25,RIVN,6,18,0.0555555555555556,0.0555555555555556,0,stock_session,,
assessment,2025-06-25,SMCI,15,18,0.0555555555555556,0.0555555555555556,6.93889390390723e-18,stock_session,,
assessment,2025-06-25,SOFI,15,18,0.0555555555555556,0.0555555555555556,6.93889390390723e-18,stock_session,,
assessment,2025-06-25,WULF,1,18,0.0555555555555556,0.0555555555555556,0,stock_session,,
assessment,2025-06-26,AAL,3,20,0.05,0.05,0,stock_session,,
assessment,2025-06-26,AAOI,15,20,0.05,0.05,0,stock_session,,
assessment,2025-06-26,APLD,15,20,0.05,0.05,0,stock_session,,
assessment,2025-06-26,ASTS,9,20,0.05,0.05,0,stock_session,,
assessment,2025-06-26,CIFR,1,20,0.05,0.05,0,stock_session,,
assessment,2025-06-26,HIMS,15,20,0.05,0.05,0,stock_session,,
assessment,2025-06-26,IONQ,13,20,0.05,0.05,0,stock_session,,
assessment,2025-06-26,IREN,12,20,0.05,0.05,0,stock_session,,
assessment,2025-06-26,MARA,6,20,0.05,0.05,0,stock_session,,
assessment,2025-06-26,MP,4,20,0.05,0.05,0,stock_session,,
assessment,2025-06-26,MRNA,15,20,0.05,0.05,0,stock_session,,
assessment,2025-06-26,MSTR,12,20,0.05,0.05,0,stock_session,,
assessment,2025-06-26,NVTS,15,20,0.05,0.05,0,stock_session,,
assessment,2025-06-26,QBTS,10,20,0.05,0.05,0,stock_session,,
assessment,2025-06-26,RGTI,5,20,0.05,0.05,0,stock_session,,
assessment,2025-06-26,RIOT,10,20,0.05,0.05,0,stock_session,,
assessment,2025-06-26,RIVN,9,20,0.05,0.05,0,stock_session,,
assessment,2025-06-26,SMCI,1,20,0.05,0.05,0,stock_session,,
assessment,2025-06-26,SOFI,15,20,0.05,0.05,0,stock_session,,
assessment,2025-06-26,WULF,1,20,0.05,0.05,0,stock_session,,
assessment,2025-06-27,AAL,7,17,0.0588235294117647,0.0588235294117647,0,stock_session,,
assessment,2025-06-27,AAOI,9,17,0.0588235294117647,0.0588235294117647,0,stock_session,,
assessment,2025-06-27,ASTS,14,17,0.0588235294117647,0.0588235294117647,0,stock_session,,
assessment,2025-06-27,CIFR,3,17,0.0588235294117647,0.0588235294117647,0,stock_session,,
assessment,2025-06-27,HIMS,15,17,0.0588235294117647,0.0588235294117647,0,stock_session,,
assessment,2025-06-27,IONQ,10,17,0.0588235294117647,0.0588235294117647,0,stock_session,,
assessment,2025-06-27,MARA,8,17,0.0588235294117647,0.0588235294117647,0,stock_session,,
assessment,2025-06-27,MP,15,17,0.0588235294117647,0.0588235294117647,0,stock_session,,
assessment,2025-06-27,MRNA,10,17,0.0588235294117647,0.0588235294117647,0,stock_session,,
assessment,2025-06-27,MSTR,8,17,0.0588235294117647,0.0588235294117647,0,stock_session,,
assessment,2025-06-27,QBTS,15,17,0.0588235294117647,0.0588235294117647,0,stock_session,,
assessment,2025-06-27,RGTI,7,17,0.0588235294117647,0.0588235294117647,0,stock_session,,
assessment,2025-06-27,RIOT,9,17,0.0588235294117647,0.0588235294117647,0,stock_session,,
assessment,2025-06-27,RIVN,14,17,0.0588235294117647,0.0588235294117647,0,stock_session,,
assessment,2025-06-27,SMCI,9,17,0.0588235294117647,0.0588235294117647,0,stock_session,,
assessment,2025-06-27,SOFI,5,17,0.0588235294117647,0.0588235294117647,0,stock_session,,
assessment,2025-06-27,WULF,10,17,0.0588235294117647,0.0588235294117647,0,stock_session,,
assessment,2025-06-30,AAL,2,20,0.05,0.05,0,stock_session,,
assessment,2025-06-30,AAOI,15,20,0.05,0.05,0,stock_session,,
assessment,2025-06-30,APLD,13,20,0.05,0.05,0,stock_session,,
assessment,2025-06-30,ASTS,12,20,0.05,0.05,0,stock_session,,
assessment,2025-06-30,CIFR,15,20,0.05,0.05,0,stock_session,,
assessment,2025-06-30,HIMS,7,20,0.05,0.05,6.93889390390723e-18,stock_session,,
assessment,2025-06-30,IONQ,15,20,0.05,0.05,0,stock_session,,
assessment,2025-06-30,IREN,1,20,0.05,0.05,0,stock_session,,
assessment,2025-06-30,MARA,15,20,0.05,0.05,0,stock_session,,
assessment,2025-06-30,MP,5,20,0.05,0.05,0,stock_session,,
assessment,2025-06-30,MRNA,2,20,0.05,0.05,0,stock_session,,
assessment,2025-06-30,MSTR,1,20,0.05,0.05,0,stock_session,,
assessment,2025-06-30,NVTS,14,20,0.05,0.05,6.93889390390723e-18,stock_session,,
assessment,2025-06-30,QBTS,7,20,0.05,0.05,6.93889390390723e-18,stock_session,,
assessment,2025-06-30,RGTI,12,20,0.05,0.05,0,stock_session,,
assessment,2025-06-30,RIOT,10,20,0.05,0.05,0,stock_session,,
assessment,2025-06-30,RIVN,5,20,0.05,0.05,0,stock_session,,
assessment,2025-06-30,SMCI,11,20,0.05,0.05,6.93889390390723e-18,stock_session,,
assessment,2025-06-30,SOFI,15,20,0.05,0.05,0,stock_session,,
assessment,2025-06-30,WULF,13,20,0.05,0.05,0,stock_session,,
assessment,2025-07-01,AAL,1,19,0.0526315789473684,0.0526315789473684,0,stock_session,,
assessment,2025-07-01,AAOI,15,19,0.0526315789473684,0.0526315789473684,6.93889390390723e-18,stock_session,,
assessment,2025-07-01,APLD,11,19,0.0526315789473684,0.0526315789473684,0,stock_session,,
assessment,2025-07-01,ASTS,15,19,0.0526315789473684,0.0526315789473684,6.93889390390723e-18,stock_session,,
assessment,2025-07-01,HIMS,9,19,0.0526315789473684,0.0526315789473684,0,stock_session,,
assessment,2025-07-01,IONQ,13,19,0.0526315789473684,0.0526315789473684,0,stock_session,,
assessment,2025-07-01,IREN,15,19,0.0526315789473684,0.0526315789473684,6.93889390390723e-18,stock_session,,
assessment,2025-07-01,MARA,13,19,0.0526315789473684,0.0526315789473684,0,stock_session,,
assessment,2025-07-01,MP,12,19,0.0526315789473684,0.0526315789473684,0,stock_session,,
assessment,2025-07-01,MRNA,13,19,0.0526315789473684,0.0526315789473684,0,stock_session,,
assessment,2025-07-01,MSTR,14,19,0.0526315789473684,0.0526315789473684,0,stock_session,,
assessment,2025-07-01,NVTS,13,19,0.0526315789473684,0.0526315789473684,0,stock_session,,
assessment,2025-07-01,QBTS,3,19,0.0526315789473684,0.0526315789473684,0,stock_session,,
assessment,2025-07-01,RGTI,14,19,0.0526315789473684,0.0526315789473684,0,stock_session,,
assessment,2025-07-01,RIOT,15,19,0.0526315789473684,0.0526315789473684,6.93889390390723e-18,stock_session,,
assessment,2025-07-01,RIVN,10,19,0.0526315789473684,0.0526315789473684,0,stock_session,,
assessment,2025-07-01,SMCI,15,19,0.0526315789473684,0.0526315789473684,6.93889390390723e-18,stock_session,,
assessment,2025-07-01,SOFI,12,19,0.0526315789473684,0.0526315789473684,0,stock_session,,
assessment,2025-07-01,WULF,4,19,0.0526315789473684,0.0526315789473684,0,stock_session,,
assessment,2025-07-02,AAL,12,20,0.05,0.05,0,stock_session,,
assessment,2025-07-02,AAOI,6,20,0.05,0.05,0,stock_session,,
assessment,2025-07-02,APLD,9,20,0.05,0.05,0,stock_session,,
assessment,2025-07-02,ASTS,11,20,0.05,0.05,6.93889390390723e-18,stock_session,,
assessment,2025-07-02,CIFR,15,20,0.05,0.05,0,stock_session,,
assessment,2025-07-02,HIMS,15,20,0.05,0.05,0,stock_session,,
assessment,2025-07-02,IONQ,10,20,0.05,0.05,0,stock_session,,
assessment,2025-07-02,IREN,2,20,0.05,0.05,0,stock_session,,
assessment,2025-07-02,MARA,8,20,0.05,0.05,0,stock_session,,
assessment,2025-07-02,MP,5,20,0.05,0.05,0,stock_session,,
assessment,2025-07-02,MRNA,1,20,0.05,0.05,0,stock_session,,
assessment,2025-07-02,MSTR,4,20,0.05,0.05,0,stock_session,,
assessment,2025-07-02,NVTS,8,20,0.05,0.05,0,stock_session,,
assessment,2025-07-02,QBTS,10,20,0.05,0.05,0,stock_session,,
assessment,2025-07-02,RGTI,15,20,0.05,0.05,0,stock_session,,
assessment,2025-07-02,RIOT,5,20,0.05,0.05,0,stock_session,,
assessment,2025-07-02,RIVN,4,20,0.05,0.05,0,stock_session,,
assessment,2025-07-02,SMCI,5,20,0.05,0.05,0,stock_session,,
assessment,2025-07-02,SOFI,6,20,0.05,0.05,0,stock_session,,
assessment,2025-07-02,WULF,14,20,0.05,0.05,6.93889390390723e-18,stock_session,,
assessment,2025-07-03,AAL,15,20,0.05,0.05,0,stock_session,,
assessment,2025-07-03,AAOI,14,20,0.05,0.05,6.93889390390723e-18,stock_session,,
assessment,2025-07-03,APLD,11,20,0.05,0.05,6.93889390390723e-18,stock_session,,
assessment,2025-07-03,ASTS,14,20,0.05,0.05,6.93889390390723e-18,stock_session,,
assessment,2025-07-03,CIFR,15,20,0.05,0.05,0,stock_session,,
assessment,2025-07-03,HIMS,12,20,0.05,0.05,0,stock_session,,
assessment,2025-07-03,IONQ,12,20,0.05,0.05,0,stock_session,,
assessment,2025-07-03,IREN,15,20,0.05,0.05,0,stock_session,,
assessment,2025-07-03,MARA,15,20,0.05,0.05,0,stock_session,,
assessment,2025-07-03,MP,10,20,0.05,0.05,0,stock_session,,
assessment,2025-07-03,MRNA,2,20,0.05,0.05,0,stock_session,,
assessment,2025-07-03,MSTR,15,20,0.05,0.05,0,stock_session,,
assessment,2025-07-03,NVTS,4,20,0.05,0.05,0,stock_session,,
assessment,2025-07-03,QBTS,9,20,0.05,0.05,0,stock_session,,
assessment,2025-07-03,RGTI,5,20,0.05,0.05,0,stock_session,,
assessment,2025-07-03,RIOT,13,20,0.05,0.05,0,stock_session,,
assessment,2025-07-03,RIVN,10,20,0.05,0.05,0,stock_session,,
assessment,2025-07-03,SMCI,9,20,0.05,0.05,0,stock_session,,
assessment,2025-07-03,SOFI,10,20,0.05,0.05,0,stock_session,,
assessment,2025-07-03,WULF,15,20,0.05,0.05,0,stock_session,,
assessment,2025-07-07,AAL,15,19,0.0526315789473684,0.0526315789473684,6.93889390390723e-18,stock_session,,
assessment,2025-07-07,AAOI,12,19,0.0526315789473684,0.0526315789473684,0,stock_session,,
assessment,2025-07-07,APLD,5,19,0.0526315789473684,0.0526315789473684,0,stock_session,,
assessment,2025-07-07,ASTS,6,19,0.0526315789473684,0.0526315789473684,0,stock_session,,
assessment,2025-07-07,CIFR,15,19,0.0526315789473684,0.0526315789473684,6.93889390390723e-18,stock_session,,
assessment,2025-07-07,HIMS,11,19,0.0526315789473684,0.0526315789473684,0,stock_session,,
assessment,2025-07-07,IREN,15,19,0.0526315789473684,0.0526315789473684,6.93889390390723e-18,stock_session,,
assessment,2025-07-07,MARA,7,19,0.0526315789473684,0.0526315789473684,0,stock_session,,
assessment,2025-07-07,MP,4,19,0.0526315789473684,0.0526315789473684,0,stock_session,,
assessment,2025-07-07,MRNA,13,19,0.0526315789473684,0.0526315789473684,0,stock_session,,
assessment,2025-07-07,MSTR,6,19,0.0526315789473684,0.0526315789473684,0,stock_session,,
assessment,2025-07-07,NVTS,10,19,0.0526315789473684,0.0526315789473684,0,stock_session,,
assessment,2025-07-07,QBTS,12,19,0.0526315789473684,0.0526315789473684,0,stock_session,,
assessment,2025-07-07,RGTI,14,19,0.0526315789473684,0.0526315789473684,0,stock_session,,
assessment,2025-07-07,RIOT,11,19,0.0526315789473684,0.0526315789473684,0,stock_session,,
assessment,2025-07-07,RIVN,9,19,0.0526315789473684,0.0526315789473684,0,stock_session,,
assessment,2025-07-07,SMCI,10,19,0.0526315789473684,0.0526315789473684,0,stock_session,,
assessment,2025-07-07,SOFI,6,19,0.0526315789473684,0.0526315789473684,0,stock_session,,
assessment,2025-07-07,WULF,2,19,0.0526315789473684,0.0526315789473684,0,stock_session,,
assessment,2025-07-08,AAL,10,20,0.05,0.05,0,stock_session,,
assessment,2025-07-08,AAOI,13,20,0.05,0.05,0,stock_session,,
assessment,2025-07-08,APLD,11,20,0.05,0.05,6.93889390390723e-18,stock_session,,
assessment,2025-07-08,ASTS,12,20,0.05,0.05,0,stock_session,,
assessment,2025-07-08,CIFR,1,20,0.05,0.05,0,stock_session,,
assessment,2025-07-08,HIMS,15,20,0.05,0.05,0,stock_session,,
assessment,2025-07-08,IONQ,5,20,0.05,0.05,0,stock_session,,
assessment,2025-07-08,IREN,7,20,0.05,0.05,6.93889390390723e-18,stock_session,,
assessment,2025-07-08,MARA,9,20,0.05,0.05,0,stock_session,,
assessment,2025-07-08,MP,6,20,0.05,0.05,0,stock_session,,
assessment,2025-07-08,MRNA,1,20,0.05,0.05,0,stock_session,,
assessment,2025-07-08,MSTR,6,20,0.05,0.05,0,stock_session,,
assessment,2025-07-08,NVTS,2,20,0.05,0.05,0,stock_session,,
assessment,2025-07-08,QBTS,13,20,0.05,0.05,0,stock_session,,
assessment,2025-07-08,RGTI,14,20,0.05,0.05,6.93889390390723e-18,stock_session,,
assessment,2025-07-08,RIOT,13,20,0.05,0.05,0,stock_session,,
assessment,2025-07-08,RIVN,10,20,0.05,0.05,0,stock_session,,
assessment,2025-07-08,SMCI,9,20,0.05,0.05,0,stock_session,,
assessment,2025-07-08,SOFI,15,20,0.05,0.05,0,stock_session,,
assessment,2025-07-08,WULF,12,20,0.05,0.05,0,stock_session,,
assessment,2025-07-09,AAL,14,19,0.0526315789473684,0.0526315789473684,0,stock_session,,
assessment,2025-07-09,AAOI,6,19,0.0526315789473684,0.0526315789473684,0,stock_session,,
assessment,2025-07-09,APLD,11,19,0.0526315789473684,0.0526315789473684,0,stock_session,,
assessment,2025-07-09,ASTS,13,19,0.0526315789473684,0.0526315789473684,0,stock_session,,
assessment,2025-07-09,HIMS,1,19,0.0526315789473684,0.0526315789473684,0,stock_session,,
assessment,2025-07-09,IONQ,13,19,0.0526315789473684,0.0526315789473684,0,stock_session,,
assessment,2025-07-09,IREN,12,19,0.0526315789473684,0.0526315789473684,0,stock_session,,
assessment,2025-07-09,MARA,13,19,0.0526315789473684,0.0526315789473684,0,stock_session,,
assessment,2025-07-09,MP,13,19,0.0526315789473684,0.0526315789473684,0,stock_session,,
assessment,2025-07-09,MRNA,5,19,0.0526315789473684,0.0526315789473684,0,stock_session,,
assessment,2025-07-09,MSTR,6,19,0.0526315789473684,0.0526315789473684,0,stock_session,,
assessment,2025-07-09,NVTS,10,19,0.0526315789473684,0.0526315789473684,0,stock_session,,
assessment,2025-07-09,QBTS,6,19,0.0526315789473684,0.0526315789473684,0,stock_session,,
assessment,2025-07-09,RGTI,6,19,0.0526315789473684,0.0526315789473684,0,stock_session,,
assessment,2025-07-09,RIOT,13,19,0.0526315789473684,0.0526315789473684,0,stock_session,,
assessment,2025-07-09,RIVN,8,19,0.0526315789473684,0.0526315789473684,0,stock_session,,
assessment,2025-07-09,SMCI,9,19,0.0526315789473684,0.0526315789473684,0,stock_session,,
assessment,2025-07-09,SOFI,8,19,0.0526315789473684,0.0526315789473684,0,stock_session,,
assessment,2025-07-09,WULF,12,19,0.0526315789473684,0.0526315789473684,0,stock_session,,
assessment,2025-07-10,AAL,15,19,0.0526315789473684,0.0526315789473684,6.93889390390723e-18,stock_session,,
assessment,2025-07-10,AAOI,8,19,0.0526315789473684,0.0526315789473684,0,stock_session,,
assessment,2025-07-10,APLD,6,19,0.0526315789473684,0.0526315789473684,0,stock_session,,
assessment,2025-07-10,ASTS,11,19,0.0526315789473684,0.0526315789473684,0,stock_session,,
assessment,2025-07-10,CIFR,1,19,0.0526315789473684,0.0526315789473684,0,stock_session,,
assessment,2025-07-10,HIMS,15,19,0.0526315789473684,0.0526315789473684,6.93889390390723e-18,stock_session,,
assessment,2025-07-10,IONQ,15,19,0.0526315789473684,0.0526315789473684,6.93889390390723e-18,stock_session,,
assessment,2025-07-10,IREN,13,19,0.0526315789473684,0.0526315789473684,0,stock_session,,
assessment,2025-07-10,MARA,5,19,0.0526315789473684,0.0526315789473684,0,stock_session,,
assessment,2025-07-10,MP,15,19,0.0526315789473684,0.0526315789473684,6.93889390390723e-18,stock_session,,
assessment,2025-07-10,MSTR,9,19,0.0526315789473684,0.0526315789473684,0,stock_session,,
assessment,2025-07-10,NVTS,11,19,0.0526315789473684,0.0526315789473684,0,stock_session,,
assessment,2025-07-10,QBTS,11,19,0.0526315789473684,0.0526315789473684,0,stock_session,,
assessment,2025-07-10,RGTI,5,19,0.0526315789473684,0.0526315789473684,0,stock_session,,
assessment,2025-07-10,RIOT,2,19,0.0526315789473684,0.0526315789473684,0,stock_session,,
assessment,2025-07-10,RIVN,5,19,0.0526315789473684,0.0526315789473684,0,stock_session,,
assessment,2025-07-10,SMCI,6,19,0.0526315789473684,0.0526315789473684,0,stock_session,,
assessment,2025-07-10,SOFI,12,19,0.0526315789473684,0.0526315789473684,0,stock_session,,
assessment,2025-07-10,WULF,6,19,0.0526315789473684,0.0526315789473684,0,stock_session,,
assessment,2025-07-11,AAL,2,20,0.05,0.05,0,stock_session,,
assessment,2025-07-11,AAOI,15,20,0.05,0.05,0,stock_session,,
assessment,2025-07-11,APLD,13,20,0.05,0.05,0,stock_session,,
assessment,2025-07-11,ASTS,15,20,0.05,0.05,0,stock_session,,
assessment,2025-07-11,CIFR,2,20,0.05,0.05,0,stock_session,,
assessment,2025-07-11,HIMS,12,20,0.05,0.05,0,stock_session,,
assessment,2025-07-11,IONQ,15,20,0.05,0.05,0,stock_session,,
assessment,2025-07-11,IREN,9,20,0.05,0.05,0,stock_session,,
assessment,2025-07-11,MARA,13,20,0.05,0.05,0,stock_session,,
assessment,2025-07-11,MP,15,20,0.05,0.05,0,stock_session,,
assessment,2025-07-11,MRNA,11,20,0.05,0.05,6.93889390390723e-18,stock_session,,
assessment,2025-07-11,MSTR,7,20,0.05,0.05,6.93889390390723e-18,stock_session,,
assessment,2025-07-11,NVTS,12,20,0.05,0.05,0,stock_session,,
assessment,2025-07-11,QBTS,11,20,0.05,0.05,6.93889390390723e-18,stock_session,,
assessment,2025-07-11,RGTI,15,20,0.05,0.05,0,stock_session,,
assessment,2025-07-11,RIOT,15,20,0.05,0.05,0,stock_session,,
assessment,2025-07-11,RIVN,10,20,0.05,0.05,0,stock_session,,
assessment,2025-07-11,SMCI,8,20,0.05,0.05,0,stock_session,,
assessment,2025-07-11,SOFI,6,20,0.05,0.05,0,stock_session,,
assessment,2025-07-11,WULF,2,20,0.05,0.05,0,stock_session,,
assessment,2025-07-14,AAL,15,20,0.05,0.05,0,stock_session,,
assessment,2025-07-14,AAOI,15,20,0.05,0.05,0,stock_session,,
assessment,2025-07-14,APLD,12,20,0.05,0.05,0,stock_session,,
assessment,2025-07-14,ASTS,15,20,0.05,0.05,0,stock_session,,
assessment,2025-07-14,CIFR,15,20,0.05,0.05,0,stock_session,,
assessment,2025-07-14,HIMS,7,20,0.05,0.05,6.93889390390723e-18,stock_session,,
assessment,2025-07-14,IONQ,13,20,0.05,0.05,0,stock_session,,
assessment,2025-07-14,IREN,15,20,0.05,0.05,0,stock_session,,
assessment,2025-07-14,MARA,9,20,0.05,0.05,0,stock_session,,
assessment,2025-07-14,MP,15,20,0.05,0.05,0,stock_session,,
assessment,2025-07-14,MRNA,9,20,0.05,0.05,0,stock_session,,
assessment,2025-07-14,MSTR,10,20,0.05,0.05,0,stock_session,,
assessment,2025-07-14,NVTS,1,20,0.05,0.05,0,stock_session,,
assessment,2025-07-14,QBTS,13,20,0.05,0.05,0,stock_session,,
assessment,2025-07-14,RGTI,14,20,0.05,0.05,6.93889390390723e-18,stock_session,,
assessment,2025-07-14,RIOT,5,20,0.05,0.05,0,stock_session,,
assessment,2025-07-14,RIVN,1,20,0.05,0.05,0,stock_session,,
assessment,2025-07-14,SMCI,14,20,0.05,0.05,6.93889390390723e-18,stock_session,,
assessment,2025-07-14,SOFI,5,20,0.05,0.05,0,stock_session,,
assessment,2025-07-14,WULF,2,20,0.05,0.05,0,stock_session,,
assessment,2025-07-15,AAL,11,20,0.05,0.05,6.93889390390723e-18,stock_session,,
assessment,2025-07-15,AAOI,7,20,0.05,0.05,6.93889390390723e-18,stock_session,,
assessment,2025-07-15,APLD,2,20,0.05,0.05,0,stock_session,,
assessment,2025-07-15,ASTS,15,20,0.05,0.05,0,stock_session,,
assessment,2025-07-15,CIFR,3,20,0.05,0.05,0,stock_session,,
assessment,2025-07-15,HIMS,8,20,0.05,0.05,0,stock_session,,
assessment,2025-07-15,IONQ,13,20,0.05,0.05,0,stock_session,,
assessment,2025-07-15,IREN,15,20,0.05,0.05,0,stock_session,,
assessment,2025-07-15,MARA,15,20,0.05,0.05,0,stock_session,,
assessment,2025-07-15,MP,15,20,0.05,0.05,0,stock_session,,
assessment,2025-07-15,MRNA,11,20,0.05,0.05,6.93889390390723e-18,stock_session,,
assessment,2025-07-15,MSTR,15,20,0.05,0.05,0,stock_session,,
assessment,2025-07-15,NVTS,15,20,0.05,0.05,0,stock_session,,
assessment,2025-07-15,QBTS,15,20,0.05,0.05,0,stock_session,,
assessment,2025-07-15,RGTI,14,20,0.05,0.05,6.93889390390723e-18,stock_session,,
assessment,2025-07-15,RIOT,13,20,0.05,0.05,0,stock_session,,
assessment,2025-07-15,RIVN,5,20,0.05,0.05,0,stock_session,,
assessment,2025-07-15,SMCI,10,20,0.05,0.05,0,stock_session,,
assessment,2025-07-15,SOFI,14,20,0.05,0.05,6.93889390390723e-18,stock_session,,
assessment,2025-07-15,WULF,12,20,0.05,0.05,0,stock_session,,
assessment,2025-07-16,AAL,15,20,0.05,0.05,0,stock_session,,
assessment,2025-07-16,AAOI,9,20,0.05,0.05,0,stock_session,,
assessment,2025-07-16,APLD,8,20,0.05,0.05,0,stock_session,,
assessment,2025-07-16,ASTS,15,20,0.05,0.05,0,stock_session,,
assessment,2025-07-16,CIFR,15,20,0.05,0.05,0,stock_session,,
assessment,2025-07-16,HIMS,15,20,0.05,0.05,0,stock_session,,
assessment,2025-07-16,IONQ,11,20,0.05,0.05,6.93889390390723e-18,stock_session,,
assessment,2025-07-16,IREN,4,20,0.05,0.05,0,stock_session,,
assessment,2025-07-16,MARA,14,20,0.05,0.05,6.93889390390723e-18,stock_session,,
assessment,2025-07-16,MP,15,20,0.05,0.05,0,stock_session,,
assessment,2025-07-16,MRNA,15,20,0.05,0.05,0,stock_session,,
assessment,2025-07-16,MSTR,6,20,0.05,0.05,0,stock_session,,
assessment,2025-07-16,NVTS,5,20,0.05,0.05,0,stock_session,,
assessment,2025-07-16,QBTS,12,20,0.05,0.05,0,stock_session,,
assessment,2025-07-16,RGTI,15,20,0.05,0.05,0,stock_session,,
assessment,2025-07-16,RIOT,13,20,0.05,0.05,0,stock_session,,
assessment,2025-07-16,RIVN,11,20,0.05,0.05,6.93889390390723e-18,stock_session,,
assessment,2025-07-16,SMCI,14,20,0.05,0.05,6.93889390390723e-18,stock_session,,
assessment,2025-07-16,SOFI,14,20,0.05,0.05,6.93889390390723e-18,stock_session,,
assessment,2025-07-16,WULF,4,20,0.05,0.05,0,stock_session,,
assessment,2025-07-17,AAL,15,20,0.05,0.05,0,stock_session,,
assessment,2025-07-17,AAOI,5,20,0.05,0.05,0,stock_session,,
assessment,2025-07-17,APLD,12,20,0.05,0.05,0,stock_session,,
assessment,2025-07-17,ASTS,7,20,0.05,0.05,6.93889390390723e-18,stock_session,,
assessment,2025-07-17,CIFR,3,20,0.05,0.05,0,stock_session,,
assessment,2025-07-17,HIMS,15,20,0.05,0.05,0,stock_session,,
assessment,2025-07-17,IONQ,13,20,0.05,0.05,0,stock_session,,
assessment,2025-07-17,IREN,7,20,0.05,0.05,6.93889390390723e-18,stock_session,,
assessment,2025-07-17,MARA,15,20,0.05,0.05,0,stock_session,,
assessment,2025-07-17,MP,15,20,0.05,0.05,0,stock_session,,
assessment,2025-07-17,MRNA,15,20,0.05,0.05,0,stock_session,,
assessment,2025-07-17,MSTR,2,20,0.05,0.05,0,stock_session,,
assessment,2025-07-17,NVTS,4,20,0.05,0.05,0,stock_session,,
assessment,2025-07-17,QBTS,11,20,0.05,0.05,6.93889390390723e-18,stock_session,,
assessment,2025-07-17,RGTI,5,20,0.05,0.05,0,stock_session,,
assessment,2025-07-17,RIOT,10,20,0.05,0.05,0,stock_session,,
assessment,2025-07-17,RIVN,13,20,0.05,0.05,0,stock_session,,
assessment,2025-07-17,SMCI,15,20,0.05,0.05,0,stock_session,,
assessment,2025-07-17,SOFI,6,20,0.05,0.05,0,stock_session,,
assessment,2025-07-17,WULF,4,20,0.05,0.05,0,stock_session,,
assessment,2025-07-18,AAL,5,20,0.05,0.05,0,stock_session,,
assessment,2025-07-18,AAOI,14,20,0.05,0.05,6.93889390390723e-18,stock_session,,
assessment,2025-07-18,APLD,13,20,0.05,0.05,0,stock_session,,
assessment,2025-07-18,ASTS,9,20,0.05,0.05,0,stock_session,,
assessment,2025-07-18,CIFR,9,20,0.05,0.05,0,stock_session,,
assessment,2025-07-18,HIMS,7,20,0.05,0.05,6.93889390390723e-18,stock_session,,
assessment,2025-07-18,IONQ,9,20,0.05,0.05,0,stock_session,,
assessment,2025-07-18,IREN,13,20,0.05,0.05,0,stock_session,,
assessment,2025-07-18,MARA,15,20,0.05,0.05,0,stock_session,,
assessment,2025-07-18,MP,15,20,0.05,0.05,0,stock_session,,
assessment,2025-07-18,MRNA,11,20,0.05,0.05,6.93889390390723e-18,stock_session,,
assessment,2025-07-18,MSTR,15,20,0.05,0.05,0,stock_session,,
assessment,2025-07-18,NVTS,15,20,0.05,0.05,0,stock_session,,
assessment,2025-07-18,QBTS,9,20,0.05,0.05,0,stock_session,,
assessment,2025-07-18,RGTI,8,20,0.05,0.05,0,stock_session,,
assessment,2025-07-18,RIOT,8,20,0.05,0.05,0,stock_session,,
assessment,2025-07-18,RIVN,13,20,0.05,0.05,0,stock_session,,
assessment,2025-07-18,SMCI,11,20,0.05,0.05,6.93889390390723e-18,stock_session,,
assessment,2025-07-18,SOFI,14,20,0.05,0.05,6.93889390390723e-18,stock_session,,
assessment,2025-07-18,WULF,15,20,0.05,0.05,0,stock_session,,
assessment,2025-07-21,AAL,7,20,0.05,0.05,6.93889390390723e-18,stock_session,,
assessment,2025-07-21,AAOI,15,20,0.05,0.05,0,stock_session,,
assessment,2025-07-21,APLD,2,20,0.05,0.05,0,stock_session,,
assessment,2025-07-21,ASTS,14,20,0.05,0.05,6.93889390390723e-18,stock_session,,
assessment,2025-07-21,CIFR,2,20,0.05,0.05,0,stock_session,,
assessment,2025-07-21,HIMS,15,20,0.05,0.05,0,stock_session,,
assessment,2025-07-21,IONQ,13,20,0.05,0.05,0,stock_session,,
assessment,2025-07-21,IREN,15,20,0.05,0.05,0,stock_session,,
assessment,2025-07-21,MARA,15,20,0.05,0.05,0,stock_session,,
assessment,2025-07-21,MP,15,20,0.05,0.05,0,stock_session,,
assessment,2025-07-21,MRNA,15,20,0.05,0.05,0,stock_session,,
assessment,2025-07-21,MSTR,15,20,0.05,0.05,0,stock_session,,
assessment,2025-07-21,NVTS,15,20,0.05,0.05,0,stock_session,,
assessment,2025-07-21,QBTS,13,20,0.05,0.05,0,stock_session,,
assessment,2025-07-21,RGTI,8,20,0.05,0.05,0,stock_session,,
assessment,2025-07-21,RIOT,13,20,0.05,0.05,0,stock_session,,
assessment,2025-07-21,RIVN,7,20,0.05,0.05,6.93889390390723e-18,stock_session,,
assessment,2025-07-21,SMCI,15,20,0.05,0.05,0,stock_session,,
assessment,2025-07-21,SOFI,4,20,0.05,0.05,0,stock_session,,
assessment,2025-07-21,WULF,15,20,0.05,0.05,0,stock_session,,
assessment,2025-07-22,AAL,4,20,0.05,0.05,0,stock_session,,
assessment,2025-07-22,AAOI,7,20,0.05,0.05,6.93889390390723e-18,stock_session,,
assessment,2025-07-22,APLD,13,20,0.05,0.05,0,stock_session,,
assessment,2025-07-22,ASTS,10,20,0.05,0.05,0,stock_session,,
assessment,2025-07-22,CIFR,7,20,0.05,0.05,6.93889390390723e-18,stock_session,,
assessment,2025-07-22,HIMS,12,20,0.05,0.05,0,stock_session,,
assessment,2025-07-22,IONQ,15,20,0.05,0.05,0,stock_session,,
assessment,2025-07-22,IREN,12,20,0.05,0.05,0,stock_session,,
assessment,2025-07-22,MARA,8,20,0.05,0.05,0,stock_session,,
assessment,2025-07-22,MP,15,20,0.05,0.05,0,stock_session,,
assessment,2025-07-22,MRNA,12,20,0.05,0.05,0,stock_session,,
assessment,2025-07-22,MSTR,12,20,0.05,0.05,0,stock_session,,
assessment,2025-07-22,NVTS,15,20,0.05,0.05,0,stock_session,,
assessment,2025-07-22,QBTS,15,20,0.05,0.05,0,stock_session,,
assessment,2025-07-22,RGTI,15,20,0.05,0.05,0,stock_session,,
assessment,2025-07-22,RIOT,9,20,0.05,0.05,0,stock_session,,
assessment,2025-07-22,RIVN,14,20,0.05,0.05,6.93889390390723e-18,stock_session,,
assessment,2025-07-22,SMCI,11,20,0.05,0.05,6.93889390390723e-18,stock_session,,
assessment,2025-07-22,SOFI,8,20,0.05,0.05,0,stock_session,,
assessment,2025-07-22,WULF,5,20,0.05,0.05,0,stock_session,,
assessment,2025-07-23,AAL,9,18,0.0555555555555556,0.0555555555555556,0,stock_session,,
assessment,2025-07-23,AAOI,11,18,0.0555555555555556,0.0555555555555556,6.93889390390723e-18,stock_session,,
assessment,2025-07-23,APLD,12,18,0.0555555555555556,0.0555555555555556,0,stock_session,,
assessment,2025-07-23,ASTS,11,18,0.0555555555555556,0.0555555555555556,6.93889390390723e-18,stock_session,,
assessment,2025-07-23,HIMS,6,18,0.0555555555555556,0.0555555555555556,0,stock_session,,
assessment,2025-07-23,IONQ,9,18,0.0555555555555556,0.0555555555555556,0,stock_session,,
assessment,2025-07-23,IREN,2,18,0.0555555555555556,0.0555555555555556,0,stock_session,,
assessment,2025-07-23,MP,15,18,0.0555555555555556,0.0555555555555556,6.93889390390723e-18,stock_session,,
assessment,2025-07-23,MRNA,2,18,0.0555555555555556,0.0555555555555556,0,stock_session,,
assessment,2025-07-23,MSTR,9,18,0.0555555555555556,0.0555555555555556,0,stock_session,,
assessment,2025-07-23,NVTS,1,18,0.0555555555555556,0.0555555555555556,0,stock_session,,
assessment,2025-07-23,QBTS,4,18,0.0555555555555556,0.0555555555555556,0,stock_session,,
assessment,2025-07-23,RGTI,9,18,0.0555555555555556,0.0555555555555556,0,stock_session,,
assessment,2025-07-23,RIOT,1,18,0.0555555555555556,0.0555555555555556,0,stock_session,,
assessment,2025-07-23,RIVN,10,18,0.0555555555555556,0.0555555555555556,6.93889390390723e-18,stock_session,,
assessment,2025-07-23,SMCI,15,18,0.0555555555555556,0.0555555555555556,6.93889390390723e-18,stock_session,,
assessment,2025-07-23,SOFI,3,18,0.0555555555555556,0.0555555555555556,0,stock_session,,
assessment,2025-07-23,WULF,8,18,0.0555555555555556,0.0555555555555556,0,stock_session,,
assessment,2025-07-24,AAL,15,20,0.05,0.05,0,stock_session,,
assessment,2025-07-24,AAOI,15,20,0.05,0.05,0,stock_session,,
assessment,2025-07-24,APLD,14,20,0.05,0.05,6.93889390390723e-18,stock_session,,
assessment,2025-07-24,ASTS,13,20,0.05,0.05,0,stock_session,,
assessment,2025-07-24,CIFR,1,20,0.05,0.05,0,stock_session,,
assessment,2025-07-24,HIMS,12,20,0.05,0.05,0,stock_session,,
assessment,2025-07-24,IONQ,10,20,0.05,0.05,0,stock_session,,
assessment,2025-07-24,IREN,15,20,0.05,0.05,0,stock_session,,
assessment,2025-07-24,MARA,8,20,0.05,0.05,0,stock_session,,
assessment,2025-07-24,MP,15,20,0.05,0.05,0,stock_session,,
assessment,2025-07-24,MRNA,10,20,0.05,0.05,0,stock_session,,
assessment,2025-07-24,MSTR,3,20,0.05,0.05,0,stock_session,,
assessment,2025-07-24,NVTS,2,20,0.05,0.05,0,stock_session,,
assessment,2025-07-24,QBTS,7,20,0.05,0.05,6.93889390390723e-18,stock_session,,
assessment,2025-07-24,RGTI,12,20,0.05,0.05,0,stock_session,,
assessment,2025-07-24,RIOT,13,20,0.05,0.05,0,stock_session,,
assessment,2025-07-24,RIVN,12,20,0.05,0.05,0,stock_session,,
assessment,2025-07-24,SMCI,6,20,0.05,0.05,0,stock_session,,
assessment,2025-07-24,SOFI,11,20,0.05,0.05,6.93889390390723e-18,stock_session,,
assessment,2025-07-24,WULF,12,20,0.05,0.05,0,stock_session,,
assessment,2025-07-25,AAL,10,18,0.0555555555555556,0.0555555555555556,6.93889390390723e-18,stock_session,,
assessment,2025-07-25,AAOI,14,18,0.0555555555555556,0.0555555555555556,0,stock_session,,
assessment,2025-07-25,APLD,9,18,0.0555555555555556,0.0555555555555556,0,stock_session,,
assessment,2025-07-25,CIFR,10,18,0.0555555555555556,0.0555555555555556,6.93889390390723e-18,stock_session,,
assessment,2025-07-25,HIMS,6,18,0.0555555555555556,0.0555555555555556,0,stock_session,,
assessment,2025-07-25,IONQ,8,18,0.0555555555555556,0.0555555555555556,0,stock_session,,
assessment,2025-07-25,IREN,11,18,0.0555555555555556,0.0555555555555556,6.93889390390723e-18,stock_session,,
assessment,2025-07-25,MARA,8,18,0.0555555555555556,0.0555555555555556,0,stock_session,,
assessment,2025-07-25,MRNA,13,18,0.0555555555555556,0.0555555555555556,6.93889390390723e-18,stock_session,,
assessment,2025-07-25,MSTR,4,18,0.0555555555555556,0.0555555555555556,0,stock_session,,
assessment,2025-07-25,NVTS,13,18,0.0555555555555556,0.0555555555555556,6.93889390390723e-18,stock_session,,
assessment,2025-07-25,QBTS,12,18,0.0555555555555556,0.0555555555555556,0,stock_session,,
assessment,2025-07-25,RGTI,13,18,0.0555555555555556,0.0555555555555556,6.93889390390723e-18,stock_session,,
assessment,2025-07-25,RIOT,12,18,0.0555555555555556,0.0555555555555556,0,stock_session,,
assessment,2025-07-25,RIVN,9,18,0.0555555555555556,0.0555555555555556,0,stock_session,,
assessment,2025-07-25,SMCI,1,18,0.0555555555555556,0.0555555555555556,0,stock_session,,
assessment,2025-07-25,SOFI,12,18,0.0555555555555556,0.0555555555555556,0,stock_session,,
assessment,2025-07-25,WULF,12,18,0.0555555555555556,0.0555555555555556,0,stock_session,,
assessment,2025-07-28,AAL,4,20,0.05,0.05,0,stock_session,,
assessment,2025-07-28,AAOI,7,20,0.05,0.05,6.93889390390723e-18,stock_session,,
assessment,2025-07-28,APLD,11,20,0.05,0.05,6.93889390390723e-18,stock_session,,
assessment,2025-07-28,ASTS,14,20,0.05,0.05,6.93889390390723e-18,stock_session,,
assessment,2025-07-28,CIFR,11,20,0.05,0.05,6.93889390390723e-18,stock_session,,
assessment,2025-07-28,HIMS,7,20,0.05,0.05,6.93889390390723e-18,stock_session,,
assessment,2025-07-28,IONQ,10,20,0.05,0.05,0,stock_session,,
assessment,2025-07-28,IREN,11,20,0.05,0.05,6.93889390390723e-18,stock_session,,
assessment,2025-07-28,MARA,8,20,0.05,0.05,0,stock_session,,
assessment,2025-07-28,MP,1,20,0.05,0.05,0,stock_session,,
assessment,2025-07-28,MRNA,5,20,0.05,0.05,0,stock_session,,
assessment,2025-07-28,MSTR,5,20,0.05,0.05,0,stock_session,,
assessment,2025-07-28,NVTS,15,20,0.05,0.05,0,stock_session,,
assessment,2025-07-28,QBTS,15,20,0.05,0.05,0,stock_session,,
assessment,2025-07-28,RGTI,15,20,0.05,0.05,0,stock_session,,
assessment,2025-07-28,RIOT,7,20,0.05,0.05,6.93889390390723e-18,stock_session,,
assessment,2025-07-28,RIVN,10,20,0.05,0.05,0,stock_session,,
assessment,2025-07-28,SMCI,5,20,0.05,0.05,0,stock_session,,
assessment,2025-07-28,SOFI,6,20,0.05,0.05,0,stock_session,,
assessment,2025-07-28,WULF,13,20,0.05,0.05,0,stock_session,,
assessment,2025-07-29,AAL,13,20,0.05,0.05,0,stock_session,,
assessment,2025-07-29,AAOI,13,20,0.05,0.05,0,stock_session,,
assessment,2025-07-29,APLD,15,20,0.05,0.05,0,stock_session,,
assessment,2025-07-29,ASTS,15,20,0.05,0.05,0,stock_session,,
assessment,2025-07-29,CIFR,15,20,0.05,0.05,0,stock_session,,
assessment,2025-07-29,HIMS,7,20,0.05,0.05,6.93889390390723e-18,stock_session,,
assessment,2025-07-29,IONQ,15,20,0.05,0.05,0,stock_session,,
assessment,2025-07-29,IREN,11,20,0.05,0.05,6.93889390390723e-18,stock_session,,
assessment,2025-07-29,MARA,14,20,0.05,0.05,6.93889390390723e-18,stock_session,,
assessment,2025-07-29,MP,3,20,0.05,0.05,0,stock_session,,
assessment,2025-07-29,MRNA,10,20,0.05,0.05,0,stock_session,,
assessment,2025-07-29,MSTR,15,20,0.05,0.05,0,stock_session,,
assessment,2025-07-29,NVTS,4,20,0.05,0.05,0,stock_session,,
assessment,2025-07-29,QBTS,11,20,0.05,0.05,6.93889390390723e-18,stock_session,,
assessment,2025-07-29,RGTI,12,20,0.05,0.05,0,stock_session,,
assessment,2025-07-29,RIOT,13,20,0.05,0.05,0,stock_session,,
assessment,2025-07-29,RIVN,15,20,0.05,0.05,0,stock_session,,
assessment,2025-07-29,SMCI,7,20,0.05,0.05,6.93889390390723e-18,stock_session,,
assessment,2025-07-29,SOFI,15,20,0.05,0.05,0,stock_session,,
assessment,2025-07-29,WULF,9,20,0.05,0.05,0,stock_session,,
assessment,2025-07-30,AAL,6,20,0.05,0.05,0,stock_session,,
assessment,2025-07-30,AAOI,14,20,0.05,0.05,6.93889390390723e-18,stock_session,,
assessment,2025-07-30,APLD,15,20,0.05,0.05,0,stock_session,,
assessment,2025-07-30,ASTS,11,20,0.05,0.05,6.93889390390723e-18,stock_session,,
assessment,2025-07-30,CIFR,10,20,0.05,0.05,0,stock_session,,
assessment,2025-07-30,HIMS,15,20,0.05,0.05,0,stock_session,,
assessment,2025-07-30,IONQ,15,20,0.05,0.05,0,stock_session,,
assessment,2025-07-30,IREN,8,20,0.05,0.05,0,stock_session,,
assessment,2025-07-30,MARA,13,20,0.05,0.05,0,stock_session,,
assessment,2025-07-30,MP,2,20,0.05,0.05,0,stock_session,,
assessment,2025-07-30,MRNA,9,20,0.05,0.05,0,stock_session,,
assessment,2025-07-30,MSTR,2,20,0.05,0.05,0,stock_session,,
assessment,2025-07-30,NVTS,7,20,0.05,0.05,6.93889390390723e-18,stock_session,,
assessment,2025-07-30,QBTS,12,20,0.05,0.05,0,stock_session,,
assessment,2025-07-30,RGTI,12,20,0.05,0.05,0,stock_session,,
assessment,2025-07-30,RIOT,8,20,0.05,0.05,0,stock_session,,
assessment,2025-07-30,RIVN,7,20,0.05,0.05,6.93889390390723e-18,stock_session,,
assessment,2025-07-30,SMCI,13,20,0.05,0.05,0,stock_session,,
assessment,2025-07-30,SOFI,15,20,0.05,0.05,0,stock_session,,
assessment,2025-07-30,WULF,12,20,0.05,0.05,0,stock_session,,
assessment,2025-07-31,AAL,14,20,0.05,0.05,6.93889390390723e-18,stock_session,,
assessment,2025-07-31,AAOI,12,20,0.05,0.05,0,stock_session,,
assessment,2025-07-31,APLD,15,20,0.05,0.05,0,stock_session,,
assessment,2025-07-31,ASTS,12,20,0.05,0.05,0,stock_session,,
assessment,2025-07-31,CIFR,12,20,0.05,0.05,0,stock_session,,
assessment,2025-07-31,HIMS,1,20,0.05,0.05,0,stock_session,,
assessment,2025-07-31,IONQ,10,20,0.05,0.05,0,stock_session,,
assessment,2025-07-31,IREN,14,20,0.05,0.05,6.93889390390723e-18,stock_session,,
assessment,2025-07-31,MARA,6,20,0.05,0.05,0,stock_session,,
assessment,2025-07-31,MP,15,20,0.05,0.05,0,stock_session,,
assessment,2025-07-31,MRNA,15,20,0.05,0.05,0,stock_session,,
assessment,2025-07-31,MSTR,3,20,0.05,0.05,0,stock_session,,
assessment,2025-07-31,NVTS,1,20,0.05,0.05,0,stock_session,,
assessment,2025-07-31,QBTS,15,20,0.05,0.05,0,stock_session,,
assessment,2025-07-31,RGTI,13,20,0.05,0.05,0,stock_session,,
assessment,2025-07-31,RIOT,10,20,0.05,0.05,0,stock_session,,
assessment,2025-07-31,RIVN,6,20,0.05,0.05,0,stock_session,,
assessment,2025-07-31,SMCI,13,20,0.05,0.05,0,stock_session,,
assessment,2025-07-31,SOFI,8,20,0.05,0.05,0,stock_session,,
assessment,2025-07-31,WULF,11,20,0.05,0.05,6.93889390390723e-18,stock_session,,
assessment,2025-08-01,AAL,8,19,0.0526315789473684,0.0526315789473684,0,stock_session,,
assessment,2025-08-01,AAOI,15,19,0.0526315789473684,0.0526315789473684,6.93889390390723e-18,stock_session,,
assessment,2025-08-01,APLD,11,19,0.0526315789473684,0.0526315789473684,0,stock_session,,
assessment,2025-08-01,ASTS,15,19,0.0526315789473684,0.0526315789473684,6.93889390390723e-18,stock_session,,
assessment,2025-08-01,CIFR,7,19,0.0526315789473684,0.0526315789473684,0,stock_session,,
assessment,2025-08-01,HIMS,7,19,0.0526315789473684,0.0526315789473684,0,stock_session,,
assessment,2025-08-01,IONQ,15,19,0.0526315789473684,0.0526315789473684,6.93889390390723e-18,stock_session,,
assessment,2025-08-01,IREN,12,19,0.0526315789473684,0.0526315789473684,0,stock_session,,
assessment,2025-08-01,MARA,9,19,0.0526315789473684,0.0526315789473684,0,stock_session,,
assessment,2025-08-01,MP,14,19,0.0526315789473684,0.0526315789473684,0,stock_session,,
assessment,2025-08-01,MSTR,14,19,0.0526315789473684,0.0526315789473684,0,stock_session,,
assessment,2025-08-01,NVTS,4,19,0.0526315789473684,0.0526315789473684,0,stock_session,,
assessment,2025-08-01,QBTS,15,19,0.0526315789473684,0.0526315789473684,6.93889390390723e-18,stock_session,,
assessment,2025-08-01,RGTI,15,19,0.0526315789473684,0.0526315789473684,6.93889390390723e-18,stock_session,,
assessment,2025-08-01,RIOT,9,19,0.0526315789473684,0.0526315789473684,0,stock_session,,
assessment,2025-08-01,RIVN,10,19,0.0526315789473684,0.0526315789473684,0,stock_session,,
assessment,2025-08-01,SMCI,7,19,0.0526315789473684,0.0526315789473684,0,stock_session,,
assessment,2025-08-01,SOFI,8,19,0.0526315789473684,0.0526315789473684,0,stock_session,,
assessment,2025-08-01,WULF,10,19,0.0526315789473684,0.0526315789473684,0,stock_session,,
assessment,2025-08-04,AAL,12,20,0.05,0.05,0,stock_session,,
assessment,2025-08-04,AAOI,11,20,0.05,0.05,6.93889390390723e-18,stock_session,,
assessment,2025-08-04,APLD,5,20,0.05,0.05,0,stock_session,,
assessment,2025-08-04,ASTS,15,20,0.05,0.05,0,stock_session,,
assessment,2025-08-04,CIFR,10,20,0.05,0.05,0,stock_session,,
assessment,2025-08-04,HIMS,15,20,0.05,0.05,0,stock_session,,
assessment,2025-08-04,IONQ,12,20,0.05,0.05,0,stock_session,,
assessment,2025-08-04,IREN,7,20,0.05,0.05,6.93889390390723e-18,stock_session,,
assessment,2025-08-04,MARA,11,20,0.05,0.05,6.93889390390723e-18,stock_session,,
assessment,2025-08-04,MP,15,20,0.05,0.05,0,stock_session,,
assessment,2025-08-04,MRNA,10,20,0.05,0.05,0,stock_session,,
assessment,2025-08-04,MSTR,12,20,0.05,0.05,0,stock_session,,
assessment,2025-08-04,NVTS,6,20,0.05,0.05,0,stock_session,,
assessment,2025-08-04,QBTS,12,20,0.05,0.05,0,stock_session,,
assessment,2025-08-04,RGTI,15,20,0.05,0.05,0,stock_session,,
assessment,2025-08-04,RIOT,6,20,0.05,0.05,0,stock_session,,
assessment,2025-08-04,RIVN,9,20,0.05,0.05,0,stock_session,,
assessment,2025-08-04,SMCI,14,20,0.05,0.05,6.93889390390723e-18,stock_session,,
assessment,2025-08-04,SOFI,11,20,0.05,0.05,6.93889390390723e-18,stock_session,,
assessment,2025-08-04,WULF,15,20,0.05,0.05,0,stock_session,,
assessment,2025-08-05,AAL,15,20,0.05,0.05,0,stock_session,,
assessment,2025-08-05,AAOI,15,20,0.05,0.05,0,stock_session,,
assessment,2025-08-05,APLD,4,20,0.05,0.05,0,stock_session,,
assessment,2025-08-05,ASTS,7,20,0.05,0.05,6.93889390390723e-18,stock_session,,
assessment,2025-08-05,CIFR,14,20,0.05,0.05,6.93889390390723e-18,stock_session,,
assessment,2025-08-05,HIMS,15,20,0.05,0.05,0,stock_session,,
assessment,2025-08-05,IONQ,13,20,0.05,0.05,0,stock_session,,
assessment,2025-08-05,IREN,13,20,0.05,0.05,0,stock_session,,
assessment,2025-08-05,MARA,10,20,0.05,0.05,0,stock_session,,
assessment,2025-08-05,MP,5,20,0.05,0.05,0,stock_session,,
assessment,2025-08-05,MRNA,4,20,0.05,0.05,0,stock_session,,
assessment,2025-08-05,MSTR,15,20,0.05,0.05,0,stock_session,,
assessment,2025-08-05,NVTS,15,20,0.05,0.05,0,stock_session,,
assessment,2025-08-05,QBTS,7,20,0.05,0.05,6.93889390390723e-18,stock_session,,
assessment,2025-08-05,RGTI,15,20,0.05,0.05,0,stock_session,,
assessment,2025-08-05,RIOT,6,20,0.05,0.05,0,stock_session,,
assessment,2025-08-05,RIVN,11,20,0.05,0.05,6.93889390390723e-18,stock_session,,
assessment,2025-08-05,SMCI,8,20,0.05,0.05,0,stock_session,,
assessment,2025-08-05,SOFI,12,20,0.05,0.05,0,stock_session,,
assessment,2025-08-05,WULF,11,20,0.05,0.05,6.93889390390723e-18,stock_session,,
assessment,2025-08-06,AAL,10,20,0.05,0.05,0,stock_session,,
assessment,2025-08-06,AAOI,14,20,0.05,0.05,6.93889390390723e-18,stock_session,,
assessment,2025-08-06,APLD,1,20,0.05,0.05,0,stock_session,,
assessment,2025-08-06,ASTS,9,20,0.05,0.05,0,stock_session,,
assessment,2025-08-06,CIFR,14,20,0.05,0.05,6.93889390390723e-18,stock_session,,
assessment,2025-08-06,HIMS,2,20,0.05,0.05,0,stock_session,,
assessment,2025-08-06,IONQ,8,20,0.05,0.05,0,stock_session,,
assessment,2025-08-06,IREN,15,20,0.05,0.05,0,stock_session,,
assessment,2025-08-06,MARA,6,20,0.05,0.05,0,stock_session,,
assessment,2025-08-06,MP,15,20,0.05,0.05,0,stock_session,,
assessment,2025-08-06,MRNA,15,20,0.05,0.05,0,stock_session,,
assessment,2025-08-06,MSTR,5,20,0.05,0.05,0,stock_session,,
assessment,2025-08-06,NVTS,2,20,0.05,0.05,0,stock_session,,
assessment,2025-08-06,QBTS,15,20,0.05,0.05,0,stock_session,,
assessment,2025-08-06,RGTI,12,20,0.05,0.05,0,stock_session,,
assessment,2025-08-06,RIOT,14,20,0.05,0.05,6.93889390390723e-18,stock_session,,
assessment,2025-08-06,RIVN,4,20,0.05,0.05,0,stock_session,,
assessment,2025-08-06,SMCI,15,20,0.05,0.05,0,stock_session,,
assessment,2025-08-06,SOFI,9,20,0.05,0.05,0,stock_session,,
assessment,2025-08-06,WULF,15,20,0.05,0.05,0,stock_session,,
assessment,2025-08-07,AAL,12,20,0.05,0.05,0,stock_session,,
assessment,2025-08-07,AAOI,6,20,0.05,0.05,0,stock_session,,
assessment,2025-08-07,APLD,13,20,0.05,0.05,0,stock_session,,
assessment,2025-08-07,ASTS,7,20,0.05,0.05,6.93889390390723e-18,stock_session,,
assessment,2025-08-07,CIFR,1,20,0.05,0.05,0,stock_session,,
assessment,2025-08-07,HIMS,14,20,0.05,0.05,6.93889390390723e-18,stock_session,,
assessment,2025-08-07,IONQ,3,20,0.05,0.05,0,stock_session,,
assessment,2025-08-07,IREN,15,20,0.05,0.05,0,stock_session,,
assessment,2025-08-07,MARA,12,20,0.05,0.05,0,stock_session,,
assessment,2025-08-07,MP,15,20,0.05,0.05,0,stock_session,,
assessment,2025-08-07,MRNA,9,20,0.05,0.05,0,stock_session,,
assessment,2025-08-07,MSTR,4,20,0.05,0.05,0,stock_session,,
assessment,2025-08-07,NVTS,6,20,0.05,0.05,0,stock_session,,
assessment,2025-08-07,QBTS,6,20,0.05,0.05,0,stock_session,,
assessment,2025-08-07,RGTI,12,20,0.05,0.05,0,stock_session,,
assessment,2025-08-07,RIOT,9,20,0.05,0.05,0,stock_session,,
assessment,2025-08-07,RIVN,11,20,0.05,0.05,6.93889390390723e-18,stock_session,,
assessment,2025-08-07,SMCI,12,20,0.05,0.05,0,stock_session,,
assessment,2025-08-07,SOFI,13,20,0.05,0.05,0,stock_session,,
assessment,2025-08-07,WULF,15,20,0.05,0.05,0,stock_session,,
assessment,2025-08-08,AAL,7,20,0.05,0.05,6.93889390390723e-18,stock_session,,
assessment,2025-08-08,AAOI,11,20,0.05,0.05,6.93889390390723e-18,stock_session,,
assessment,2025-08-08,APLD,14,20,0.05,0.05,6.93889390390723e-18,stock_session,,
assessment,2025-08-08,ASTS,13,20,0.05,0.05,0,stock_session,,
assessment,2025-08-08,CIFR,12,20,0.05,0.05,0,stock_session,,
assessment,2025-08-08,HIMS,11,20,0.05,0.05,6.93889390390723e-18,stock_session,,
assessment,2025-08-08,IONQ,13,20,0.05,0.05,0,stock_session,,
assessment,2025-08-08,IREN,14,20,0.05,0.05,6.93889390390723e-18,stock_session,,
assessment,2025-08-08,MARA,15,20,0.05,0.05,0,stock_session,,
assessment,2025-08-08,MP,15,20,0.05,0.05,0,stock_session,,
assessment,2025-08-08,MRNA,11,20,0.05,0.05,6.93889390390723e-18,stock_session,,
assessment,2025-08-08,MSTR,14,20,0.05,0.05,6.93889390390723e-18,stock_session,,
assessment,2025-08-08,NVTS,3,20,0.05,0.05,0,stock_session,,
assessment,2025-08-08,QBTS,15,20,0.05,0.05,0,stock_session,,
assessment,2025-08-08,RGTI,14,20,0.05,0.05,6.93889390390723e-18,stock_session,,
assessment,2025-08-08,RIOT,15,20,0.05,0.05,0,stock_session,,
assessment,2025-08-08,RIVN,9,20,0.05,0.05,0,stock_session,,
assessment,2025-08-08,SMCI,13,20,0.05,0.05,0,stock_session,,
assessment,2025-08-08,SOFI,12,20,0.05,0.05,0,stock_session,,
assessment,2025-08-08,WULF,13,20,0.05,0.05,0,stock_session,,
assessment,2025-08-11,AAL,9,20,0.05,0.05,0,stock_session,,
assessment,2025-08-11,AAOI,4,20,0.05,0.05,0,stock_session,,
assessment,2025-08-11,APLD,14,20,0.05,0.05,6.93889390390723e-18,stock_session,,
assessment,2025-08-11,ASTS,12,20,0.05,0.05,0,stock_session,,
assessment,2025-08-11,CIFR,14,20,0.05,0.05,6.93889390390723e-18,stock_session,,
assessment,2025-08-11,HIMS,6,20,0.05,0.05,0,stock_session,,
assessment,2025-08-11,IONQ,6,20,0.05,0.05,0,stock_session,,
assessment,2025-08-11,IREN,8,20,0.05,0.05,0,stock_session,,
assessment,2025-08-11,MARA,15,20,0.05,0.05,0,stock_session,,
assessment,2025-08-11,MP,15,20,0.05,0.05,0,stock_session,,
assessment,2025-08-11,MRNA,15,20,0.05,0.05,0,stock_session,,
assessment,2025-08-11,MSTR,9,20,0.05,0.05,0,stock_session,,
assessment,2025-08-11,NVTS,15,20,0.05,0.05,0,stock_session,,
assessment,2025-08-11,QBTS,13,20,0.05,0.05,0,stock_session,,
assessment,2025-08-11,RGTI,8,20,0.05,0.05,0,stock_session,,
assessment,2025-08-11,RIOT,10,20,0.05,0.05,0,stock_session,,
assessment,2025-08-11,RIVN,14,20,0.05,0.05,6.93889390390723e-18,stock_session,,
assessment,2025-08-11,SMCI,13,20,0.05,0.05,0,stock_session,,
assessment,2025-08-11,SOFI,5,20,0.05,0.05,0,stock_session,,
assessment,2025-08-11,WULF,7,20,0.05,0.05,6.93889390390723e-18,stock_session,,
assessment,2025-08-12,AAL,15,19,0.0526315789473684,0.0526315789473684,6.93889390390723e-18,stock_session,,
assessment,2025-08-12,AAOI,5,19,0.0526315789473684,0.0526315789473684,0,stock_session,,
assessment,2025-08-12,APLD,15,19,0.0526315789473684,0.0526315789473684,6.93889390390723e-18,stock_session,,
assessment,2025-08-12,ASTS,4,19,0.0526315789473684,0.0526315789473684,0,stock_session,,
assessment,2025-08-12,CIFR,15,19,0.0526315789473684,0.0526315789473684,6.93889390390723e-18,stock_session,,
assessment,2025-08-12,HIMS,13,19,0.0526315789473684,0.0526315789473684,0,stock_session,,
assessment,2025-08-12,IONQ,6,19,0.0526315789473684,0.0526315789473684,0,stock_session,,
assessment,2025-08-12,IREN,11,19,0.0526315789473684,0.0526315789473684,0,stock_session,,
assessment,2025-08-12,MARA,9,19,0.0526315789473684,0.0526315789473684,0,stock_session,,
assessment,2025-08-12,MRNA,13,19,0.0526315789473684,0.0526315789473684,0,stock_session,,
assessment,2025-08-12,MSTR,13,19,0.0526315789473684,0.0526315789473684,0,stock_session,,
assessment,2025-08-12,NVTS,14,19,0.0526315789473684,0.0526315789473684,0,stock_session,,
assessment,2025-08-12,QBTS,13,19,0.0526315789473684,0.0526315789473684,0,stock_session,,
assessment,2025-08-12,RGTI,15,19,0.0526315789473684,0.0526315789473684,6.93889390390723e-18,stock_session,,
assessment,2025-08-12,RIOT,10,19,0.0526315789473684,0.0526315789473684,0,stock_session,,
assessment,2025-08-12,RIVN,13,19,0.0526315789473684,0.0526315789473684,0,stock_session,,
assessment,2025-08-12,SMCI,12,19,0.0526315789473684,0.0526315789473684,0,stock_session,,
assessment,2025-08-12,SOFI,13,19,0.0526315789473684,0.0526315789473684,0,stock_session,,
assessment,2025-08-12,WULF,14,19,0.0526315789473684,0.0526315789473684,0,stock_session,,
assessment,2025-08-13,AAL,7,20,0.05,0.05,6.93889390390723e-18,stock_session,,
assessment,2025-08-13,AAOI,3,20,0.05,0.05,0,stock_session,,
assessment,2025-08-13,APLD,6,20,0.05,0.05,0,stock_session,,
assessment,2025-08-13,ASTS,7,20,0.05,0.05,6.93889390390723e-18,stock_session,,
assessment,2025-08-13,CIFR,9,20,0.05,0.05,0,stock_session,,
assessment,2025-08-13,HIMS,9,20,0.05,0.05,0,stock_session,,
assessment,2025-08-13,IONQ,12,20,0.05,0.05,0,stock_session,,
assessment,2025-08-13,IREN,12,20,0.05,0.05,0,stock_session,,
assessment,2025-08-13,MARA,11,20,0.05,0.05,6.93889390390723e-18,stock_session,,
assessment,2025-08-13,MP,5,20,0.05,0.05,0,stock_session,,
assessment,2025-08-13,MRNA,10,20,0.05,0.05,0,stock_session,,
assessment,2025-08-13,MSTR,11,20,0.05,0.05,6.93889390390723e-18,stock_session,,
assessment,2025-08-13,NVTS,3,20,0.05,0.05,0,stock_session,,
assessment,2025-08-13,QBTS,15,20,0.05,0.05,0,stock_session,,
assessment,2025-08-13,RGTI,2,20,0.05,0.05,0,stock_session,,
assessment,2025-08-13,RIOT,15,20,0.05,0.05,0,stock_session,,
assessment,2025-08-13,RIVN,8,20,0.05,0.05,0,stock_session,,
assessment,2025-08-13,SMCI,6,20,0.05,0.05,0,stock_session,,
assessment,2025-08-13,SOFI,12,20,0.05,0.05,0,stock_session,,
assessment,2025-08-13,WULF,11,20,0.05,0.05,6.93889390390723e-18,stock_session,,
assessment,2025-08-14,AAL,9,20,0.05,0.05,0,stock_session,,
assessment,2025-08-14,AAOI,15,20,0.05,0.05,0,stock_session,,
assessment,2025-08-14,APLD,15,20,0.05,0.05,0,stock_session,,
assessment,2025-08-14,ASTS,15,20,0.05,0.05,0,stock_session,,
assessment,2025-08-14,CIFR,9,20,0.05,0.05,0,stock_session,,
assessment,2025-08-14,HIMS,15,20,0.05,0.05,0,stock_session,,
assessment,2025-08-14,IONQ,15,20,0.05,0.05,0,stock_session,,
assessment,2025-08-14,IREN,7,20,0.05,0.05,6.93889390390723e-18,stock_session,,
assessment,2025-08-14,MARA,15,20,0.05,0.05,0,stock_session,,
assessment,2025-08-14,MP,14,20,0.05,0.05,6.93889390390723e-18,stock_session,,
assessment,2025-08-14,MRNA,7,20,0.05,0.05,6.93889390390723e-18,stock_session,,
assessment,2025-08-14,MSTR,11,20,0.05,0.05,6.93889390390723e-18,stock_session,,
assessment,2025-08-14,NVTS,14,20,0.05,0.05,6.93889390390723e-18,stock_session,,
assessment,2025-08-14,QBTS,15,20,0.05,0.05,0,stock_session,,
assessment,2025-08-14,RGTI,11,20,0.05,0.05,6.93889390390723e-18,stock_session,,
assessment,2025-08-14,RIOT,15,20,0.05,0.05,0,stock_session,,
assessment,2025-08-14,RIVN,5,20,0.05,0.05,0,stock_session,,
assessment,2025-08-14,SMCI,5,20,0.05,0.05,0,stock_session,,
assessment,2025-08-14,SOFI,15,20,0.05,0.05,0,stock_session,,
assessment,2025-08-14,WULF,15,20,0.05,0.05,0,stock_session,,
assessment,2025-08-15,AAL,7,20,0.05,0.05,6.93889390390723e-18,stock_session,,
assessment,2025-08-15,AAOI,12,20,0.05,0.05,0,stock_session,,
assessment,2025-08-15,APLD,7,20,0.05,0.05,6.93889390390723e-18,stock_session,,
assessment,2025-08-15,ASTS,8,20,0.05,0.05,0,stock_session,,
assessment,2025-08-15,CIFR,5,20,0.05,0.05,0,stock_session,,
assessment,2025-08-15,HIMS,11,20,0.05,0.05,6.93889390390723e-18,stock_session,,
assessment,2025-08-15,IONQ,8,20,0.05,0.05,0,stock_session,,
assessment,2025-08-15,IREN,12,20,0.05,0.05,0,stock_session,,
assessment,2025-08-15,MARA,10,20,0.05,0.05,0,stock_session,,
assessment,2025-08-15,MP,6,20,0.05,0.05,0,stock_session,,
assessment,2025-08-15,MRNA,9,20,0.05,0.05,0,stock_session,,
assessment,2025-08-15,MSTR,11,20,0.05,0.05,6.93889390390723e-18,stock_session,,
assessment,2025-08-15,NVTS,13,20,0.05,0.05,0,stock_session,,
assessment,2025-08-15,QBTS,8,20,0.05,0.05,0,stock_session,,
assessment,2025-08-15,RGTI,12,20,0.05,0.05,0,stock_session,,
assessment,2025-08-15,RIOT,11,20,0.05,0.05,6.93889390390723e-18,stock_session,,
assessment,2025-08-15,RIVN,6,20,0.05,0.05,0,stock_session,,
assessment,2025-08-15,SMCI,13,20,0.05,0.05,0,stock_session,,
assessment,2025-08-15,SOFI,4,20,0.05,0.05,0,stock_session,,
assessment,2025-08-15,WULF,15,20,0.05,0.05,0,stock_session,,
assessment,2025-08-18,AAL,4,20,0.05,0.05,0,stock_session,,
assessment,2025-08-18,AAOI,15,20,0.05,0.05,0,stock_session,,
assessment,2025-08-18,APLD,15,20,0.05,0.05,0,stock_session,,
assessment,2025-08-18,ASTS,12,20,0.05,0.05,0,stock_session,,
assessment,2025-08-18,CIFR,15,20,0.05,0.05,0,stock_session,,
assessment,2025-08-18,HIMS,12,20,0.05,0.05,0,stock_session,,
assessment,2025-08-18,IONQ,13,20,0.05,0.05,0,stock_session,,
assessment,2025-08-18,IREN,11,20,0.05,0.05,6.93889390390723e-18,stock_session,,
assessment,2025-08-18,MARA,13,20,0.05,0.05,0,stock_session,,
assessment,2025-08-18,MP,13,20,0.05,0.05,0,stock_session,,
assessment,2025-08-18,MRNA,6,20,0.05,0.05,0,stock_session,,
assessment,2025-08-18,MSTR,7,20,0.05,0.05,6.93889390390723e-18,stock_session,,
assessment,2025-08-18,NVTS,14,20,0.05,0.05,6.93889390390723e-18,stock_session,,
assessment,2025-08-18,QBTS,15,20,0.05,0.05,0,stock_session,,
assessment,2025-08-18,RGTI,15,20,0.05,0.05,0,stock_session,,
assessment,2025-08-18,RIOT,11,20,0.05,0.05,6.93889390390723e-18,stock_session,,
assessment,2025-08-18,RIVN,3,20,0.05,0.05,0,stock_session,,
assessment,2025-08-18,SMCI,11,20,0.05,0.05,6.93889390390723e-18,stock_session,,
assessment,2025-08-18,SOFI,6,20,0.05,0.05,0,stock_session,,
assessment,2025-08-18,WULF,15,20,0.05,0.05,0,stock_session,,
assessment,2025-08-19,AAL,7,20,0.05,0.05,6.93889390390723e-18,stock_session,,
assessment,2025-08-19,AAOI,3,20,0.05,0.05,0,stock_session,,
assessment,2025-08-19,APLD,13,20,0.05,0.05,0,stock_session,,
assessment,2025-08-19,ASTS,10,20,0.05,0.05,0,stock_session,,
assessment,2025-08-19,CIFR,3,20,0.05,0.05,0,stock_session,,
assessment,2025-08-19,HIMS,15,20,0.05,0.05,0,stock_session,,
assessment,2025-08-19,IONQ,12,20,0.05,0.05,0,stock_session,,
assessment,2025-08-19,IREN,12,20,0.05,0.05,0,stock_session,,
assessment,2025-08-19,MARA,13,20,0.05,0.05,0,stock_session,,
assessment,2025-08-19,MP,2,20,0.05,0.05,0,stock_session,,
assessment,2025-08-19,MRNA,9,20,0.05,0.05,0,stock_session,,
assessment,2025-08-19,MSTR,15,20,0.05,0.05,0,stock_session,,
assessment,2025-08-19,NVTS,14,20,0.05,0.05,6.93889390390723e-18,stock_session,,
assessment,2025-08-19,QBTS,13,20,0.05,0.05,0,stock_session,,
assessment,2025-08-19,RGTI,14,20,0.05,0.05,6.93889390390723e-18,stock_session,,
assessment,2025-08-19,RIOT,12,20,0.05,0.05,0,stock_session,,
assessment,2025-08-19,RIVN,10,20,0.05,0.05,0,stock_session,,
assessment,2025-08-19,SMCI,11,20,0.05,0.05,6.93889390390723e-18,stock_session,,
assessment,2025-08-19,SOFI,4,20,0.05,0.05,0,stock_session,,
assessment,2025-08-19,WULF,15,20,0.05,0.05,0,stock_session,,
assessment,2025-08-20,AAL,9,19,0.0526315789473684,0.0526315789473684,0,stock_session,,
assessment,2025-08-20,AAOI,15,19,0.0526315789473684,0.0526315789473684,6.93889390390723e-18,stock_session,,
assessment,2025-08-20,APLD,7,19,0.0526315789473684,0.0526315789473684,0,stock_session,,
assessment,2025-08-20,ASTS,6,19,0.0526315789473684,0.0526315789473684,0,stock_session,,
assessment,2025-08-20,CIFR,7,19,0.0526315789473684,0.0526315789473684,0,stock_session,,
assessment,2025-08-20,HIMS,8,19,0.0526315789473684,0.0526315789473684,0,stock_session,,
assessment,2025-08-20,IONQ,9,19,0.0526315789473684,0.0526315789473684,0,stock_session,,
assessment,2025-08-20,IREN,13,19,0.0526315789473684,0.0526315789473684,0,stock_session,,
assessment,2025-08-20,MARA,6,19,0.0526315789473684,0.0526315789473684,0,stock_session,,
assessment,2025-08-20,MP,6,19,0.0526315789473684,0.0526315789473684,0,stock_session,,
assessment,2025-08-20,MRNA,15,19,0.0526315789473684,0.0526315789473684,6.93889390390723e-18,stock_session,,
assessment,2025-08-20,MSTR,13,19,0.0526315789473684,0.0526315789473684,0,stock_session,,
assessment,2025-08-20,NVTS,9,19,0.0526315789473684,0.0526315789473684,0,stock_session,,
assessment,2025-08-20,QBTS,13,19,0.0526315789473684,0.0526315789473684,0,stock_session,,
assessment,2025-08-20,RGTI,15,19,0.0526315789473684,0.0526315789473684,6.93889390390723e-18,stock_session,,
assessment,2025-08-20,RIOT,11,19,0.0526315789473684,0.0526315789473684,0,stock_session,,
assessment,2025-08-20,RIVN,8,19,0.0526315789473684,0.0526315789473684,0,stock_session,,
assessment,2025-08-20,SMCI,10,19,0.0526315789473684,0.0526315789473684,0,stock_session,,
assessment,2025-08-20,SOFI,6,19,0.0526315789473684,0.0526315789473684,0,stock_session,,
assessment,2025-08-21,AAL,4,20,0.05,0.05,0,stock_session,,
assessment,2025-08-21,AAOI,15,20,0.05,0.05,0,stock_session,,
assessment,2025-08-21,APLD,15,20,0.05,0.05,0,stock_session,,
assessment,2025-08-21,ASTS,10,20,0.05,0.05,0,stock_session,,
assessment,2025-08-21,CIFR,13,20,0.05,0.05,0,stock_session,,
assessment,2025-08-21,HIMS,13,20,0.05,0.05,0,stock_session,,
assessment,2025-08-21,IONQ,7,20,0.05,0.05,6.93889390390723e-18,stock_session,,
assessment,2025-08-21,IREN,11,20,0.05,0.05,6.93889390390723e-18,stock_session,,
assessment,2025-08-21,MARA,15,20,0.05,0.05,0,stock_session,,
assessment,2025-08-21,MP,14,20,0.05,0.05,6.93889390390723e-18,stock_session,,
assessment,2025-08-21,MRNA,9,20,0.05,0.05,0,stock_session,,
assessment,2025-08-21,MSTR,14,20,0.05,0.05,6.93889390390723e-18,stock_session,,
assessment,2025-08-21,NVTS,14,20,0.05,0.05,6.93889390390723e-18,stock_session,,
assessment,2025-08-21,QBTS,11,20,0.05,0.05,6.93889390390723e-18,stock_session,,
assessment,2025-08-21,RGTI,14,20,0.05,0.05,6.93889390390723e-18,stock_session,,
assessment,2025-08-21,RIOT,15,20,0.05,0.05,0,stock_session,,
assessment,2025-08-21,RIVN,8,20,0.05,0.05,0,stock_session,,
assessment,2025-08-21,SMCI,13,20,0.05,0.05,0,stock_session,,
assessment,2025-08-21,SOFI,15,20,0.05,0.05,0,stock_session,,
assessment,2025-08-21,WULF,9,20,0.05,0.05,0,stock_session,,
assessment,2025-08-22,AAL,9,19,0.0526315789473684,0.0526315789473684,0,stock_session,,
assessment,2025-08-22,AAOI,9,19,0.0526315789473684,0.0526315789473684,0,stock_session,,
assessment,2025-08-22,APLD,10,19,0.0526315789473684,0.0526315789473684,0,stock_session,,
assessment,2025-08-22,ASTS,15,19,0.0526315789473684,0.0526315789473684,6.93889390390723e-18,stock_session,,
assessment,2025-08-22,CIFR,9,19,0.0526315789473684,0.0526315789473684,0,stock_session,,
assessment,2025-08-22,HIMS,12,19,0.0526315789473684,0.0526315789473684,0,stock_session,,
assessment,2025-08-22,IONQ,14,19,0.0526315789473684,0.0526315789473684,0,stock_session,,
assessment,2025-08-22,IREN,15,19,0.0526315789473684,0.0526315789473684,6.93889390390723e-18,stock_session,,
assessment,2025-08-22,MARA,14,19,0.0526315789473684,0.0526315789473684,0,stock_session,,
assessment,2025-08-22,MRNA,15,19,0.0526315789473684,0.0526315789473684,6.93889390390723e-18,stock_session,,
assessment,2025-08-22,MSTR,15,19,0.0526315789473684,0.0526315789473684,6.93889390390723e-18,stock_session,,
assessment,2025-08-22,NVTS,15,19,0.0526315789473684,0.0526315789473684,6.93889390390723e-18,stock_session,,
assessment,2025-08-22,QBTS,15,19,0.0526315789473684,0.0526315789473684,6.93889390390723e-18,stock_session,,
assessment,2025-08-22,RGTI,15,19,0.0526315789473684,0.0526315789473684,6.93889390390723e-18,stock_session,,
assessment,2025-08-22,RIOT,9,19,0.0526315789473684,0.0526315789473684,0,stock_session,,
assessment,2025-08-22,RIVN,15,19,0.0526315789473684,0.0526315789473684,6.93889390390723e-18,stock_session,,
assessment,2025-08-22,SMCI,15,19,0.0526315789473684,0.0526315789473684,6.93889390390723e-18,stock_session,,
assessment,2025-08-22,SOFI,5,19,0.0526315789473684,0.0526315789473684,0,stock_session,,
assessment,2025-08-22,WULF,15,19,0.0526315789473684,0.0526315789473684,6.93889390390723e-18,stock_session,,
development,2024-01-17,AAL,10,20,0.05,0.05,0,stock_session,,
development,2024-01-17,AAOI,15,20,0.05,0.05,0,stock_session,,
development,2024-01-17,APLD,11,20,0.05,0.05,6.93889390390723e-18,stock_session,,
development,2024-01-17,ASTS,7,20,0.05,0.05,6.93889390390723e-18,stock_session,,
development,2024-01-17,CIFR,14,20,0.05,0.05,6.93889390390723e-18,stock_session,,
development,2024-01-17,HIMS,5,20,0.05,0.05,0,stock_session,,
development,2024-01-17,IONQ,8,20,0.05,0.05,0,stock_session,,
development,2024-01-17,IREN,14,20,0.05,0.05,6.93889390390723e-18,stock_session,,
development,2024-01-17,MARA,15,20,0.05,0.05,0,stock_session,,
development,2024-01-17,MP,8,20,0.05,0.05,0,stock_session,,
development,2024-01-17,MRNA,10,20,0.05,0.05,0,stock_session,,
development,2024-01-17,MSTR,8,20,0.05,0.05,0,stock_session,,
development,2024-01-17,NVTS,3,20,0.05,0.05,0,stock_session,,
development,2024-01-17,QBTS,5,20,0.05,0.05,0,stock_session,,
development,2024-01-17,RGTI,11,20,0.05,0.05,6.93889390390723e-18,stock_session,,
development,2024-01-17,RIOT,14,20,0.05,0.05,6.93889390390723e-18,stock_session,,
development,2024-01-17,RIVN,14,20,0.05,0.05,6.93889390390723e-18,stock_session,,
development,2024-01-17,SMCI,15,20,0.05,0.05,0,stock_session,,
development,2024-01-17,SOFI,7,20,0.05,0.05,6.93889390390723e-18,stock_session,,
development,2024-01-17,WULF,10,20,0.05,0.05,0,stock_session,,
development,2024-01-18,AAL,3,20,0.05,0.05,0,stock_session,,
development,2024-01-18,AAOI,10,20,0.05,0.05,0,stock_session,,
development,2024-01-18,APLD,15,20,0.05,0.05,0,stock_session,,
development,2024-01-18,ASTS,14,20,0.05,0.05,6.93889390390723e-18,stock_session,,
development,2024-01-18,CIFR,12,20,0.05,0.05,0,stock_session,,
development,2024-01-18,HIMS,7,20,0.05,0.05,6.93889390390723e-18,stock_session,,
development,2024-01-18,IONQ,13,20,0.05,0.05,0,stock_session,,
development,2024-01-18,IREN,14,20,0.05,0.05,6.93889390390723e-18,stock_session,,
development,2024-01-18,MARA,15,20,0.05,0.05,0,stock_session,,
development,2024-01-18,MP,6,20,0.05,0.05,0,stock_session,,
development,2024-01-18,MRNA,8,20,0.05,0.05,0,stock_session,,
development,2024-01-18,MSTR,15,20,0.05,0.05,0,stock_session,,
development,2024-01-18,NVTS,8,20,0.05,0.05,0,stock_session,,
development,2024-01-18,QBTS,8,20,0.05,0.05,0,stock_session,,
development,2024-01-18,RGTI,11,20,0.05,0.05,6.93889390390723e-18,stock_session,,
development,2024-01-18,RIOT,15,20,0.05,0.05,0,stock_session,,
development,2024-01-18,RIVN,4,20,0.05,0.05,0,stock_session,,
development,2024-01-18,SMCI,14,20,0.05,0.05,6.93889390390723e-18,stock_session,,
development,2024-01-18,SOFI,12,20,0.05,0.05,0,stock_session,,
development,2024-01-18,WULF,15,20,0.05,0.05,0,stock_session,,
development,2024-01-19,AAOI,14,19,0.0526315789473684,0.0526315789473684,0,stock_session,,
development,2024-01-19,APLD,14,19,0.0526315789473684,0.0526315789473684,0,stock_session,,
development,2024-01-19,ASTS,15,19,0.0526315789473684,0.0526315789473684,6.93889390390723e-18,stock_session,,
development,2024-01-19,CIFR,15,19,0.0526315789473684,0.0526315789473684,6.93889390390723e-18,stock_session,,
development,2024-01-19,HIMS,8,19,0.0526315789473684,0.0526315789473684,0,stock_session,,
development,2024-01-19,IONQ,6,19,0.0526315789473684,0.0526315789473684,0,stock_session,,
development,2024-01-19,IREN,11,19,0.0526315789473684,0.0526315789473684,0,stock_session,,
development,2024-01-19,MARA,15,19,0.0526315789473684,0.0526315789473684,6.93889390390723e-18,stock_session,,
development,2024-01-19,MP,7,19,0.0526315789473684,0.0526315789473684,0,stock_session,,
development,2024-01-19,MRNA,3,19,0.0526315789473684,0.0526315789473684,0,stock_session,,
development,2024-01-19,MSTR,14,19,0.0526315789473684,0.0526315789473684,0,stock_session,,
development,2024-01-19,NVTS,7,19,0.0526315789473684,0.0526315789473684,0,stock_session,,
development,2024-01-19,QBTS,15,19,0.0526315789473684,0.0526315789473684,6.93889390390723e-18,stock_session,,
development,2024-01-19,RGTI,12,19,0.0526315789473684,0.0526315789473684,0,stock_session,,
development,2024-01-19,RIOT,14,19,0.0526315789473684,0.0526315789473684,0,stock_session,,
development,2024-01-19,RIVN,13,19,0.0526315789473684,0.0526315789473684,0,stock_session,,
development,2024-01-19,SMCI,15,19,0.0526315789473684,0.0526315789473684,6.93889390390723e-18,stock_session,,
development,2024-01-19,SOFI,15,19,0.0526315789473684,0.0526315789473684,6.93889390390723e-18,stock_session,,
development,2024-01-19,WULF,8,19,0.0526315789473684,0.0526315789473684,0,stock_session,,
development,2024-01-22,AAL,11,20,0.05,0.05,6.93889390390723e-18,stock_session,,
development,2024-01-22,AAOI,12,20,0.05,0.05,0,stock_session,,
development,2024-01-22,APLD,12,20,0.05,0.05,0,stock_session,,
development,2024-01-22,ASTS,11,20,0.05,0.05,6.93889390390723e-18,stock_session,,
development,2024-01-22,CIFR,13,20,0.05,0.05,0,stock_session,,
development,2024-01-22,HIMS,11,20,0.05,0.05,6.93889390390723e-18,stock_session,,
development,2024-01-22,IONQ,15,20,0.05,0.05,0,stock_session,,
development,2024-01-22,IREN,15,20,0.05,0.05,0,stock_session,,
development,2024-01-22,MARA,12,20,0.05,0.05,0,stock_session,,
development,2024-01-22,MP,12,20,0.05,0.05,0,stock_session,,
development,2024-01-22,MRNA,11,20,0.05,0.05,6.93889390390723e-18,stock_session,,
development,2024-01-22,MSTR,7,20,0.05,0.05,6.93889390390723e-18,stock_session,,
development,2024-01-22,NVTS,15,20,0.05,0.05,0,stock_session,,
development,2024-01-22,QBTS,10,20,0.05,0.05,0,stock_session,,
development,2024-01-22,RGTI,13,20,0.05,0.05,0,stock_session,,
development,2024-01-22,RIOT,14,20,0.05,0.05,6.93889390390723e-18,stock_session,,
development,2024-01-22,RIVN,14,20,0.05,0.05,6.93889390390723e-18,stock_session,,
development,2024-01-22,SMCI,15,20,0.05,0.05,0,stock_session,,
development,2024-01-22,SOFI,14,20,0.05,0.05,6.93889390390723e-18,stock_session,,
development,2024-01-22,WULF,12,20,0.05,0.05,0,stock_session,,
development,2024-01-23,AAL,12,20,0.05,0.05,0,stock_session,,
development,2024-01-23,AAOI,14,20,0.05,0.05,6.93889390390723e-18,stock_session,,
development,2024-01-23,APLD,13,20,0.05,0.05,0,stock_session,,
development,2024-01-23,ASTS,14,20,0.05,0.05,6.93889390390723e-18,stock_session,,
development,2024-01-23,CIFR,12,20,0.05,0.05,0,stock_session,,
development,2024-01-23,HIMS,9,20,0.05,0.05,0,stock_session,,
development,2024-01-23,IONQ,11,20,0.05,0.05,6.93889390390723e-18,stock_session,,
development,2024-01-23,IREN,12,20,0.05,0.05,0,stock_session,,
development,2024-01-23,MARA,15,20,0.05,0.05,0,stock_session,,
development,2024-01-23,MP,15,20,0.05,0.05,0,stock_session,,
development,2024-01-23,MRNA,6,20,0.05,0.05,0,stock_session,,
development,2024-01-23,MSTR,15,20,0.05,0.05,0,stock_session,,
development,2024-01-23,NVTS,11,20,0.05,0.05,6.93889390390723e-18,stock_session,,
development,2024-01-23,QBTS,14,20,0.05,0.05,6.93889390390723e-18,stock_session,,
development,2024-01-23,RGTI,14,20,0.05,0.05,6.93889390390723e-18,stock_session,,
development,2024-01-23,RIOT,15,20,0.05,0.05,0,stock_session,,
development,2024-01-23,RIVN,13,20,0.05,0.05,0,stock_session,,
development,2024-01-23,SMCI,13,20,0.05,0.05,0,stock_session,,
development,2024-01-23,SOFI,15,20,0.05,0.05,0,stock_session,,
development,2024-01-23,WULF,15,20,0.05,0.05,0,stock_session,,
development,2024-01-24,AAL,8,20,0.05,0.05,0,stock_session,,
development,2024-01-24,AAOI,9,20,0.05,0.05,0,stock_session,,
development,2024-01-24,APLD,9,20,0.05,0.05,0,stock_session,,
development,2024-01-24,ASTS,14,20,0.05,0.05,6.93889390390723e-18,stock_session,,
development,2024-01-24,CIFR,15,20,0.05,0.05,0,stock_session,,
development,2024-01-24,HIMS,12,20,0.05,0.05,0,stock_session,,
development,2024-01-24,IONQ,9,20,0.05,0.05,0,stock_session,,
development,2024-01-24,IREN,11,20,0.05,0.05,6.93889390390723e-18,stock_session,,
development,2024-01-24,MARA,12,20,0.05,0.05,0,stock_session,,
development,2024-01-24,MP,2,20,0.05,0.05,0,stock_session,,
development,2024-01-24,MRNA,5,20,0.05,0.05,0,stock_session,,
development,2024-01-24,MSTR,3,20,0.05,0.05,0,stock_session,,
development,2024-01-24,NVTS,6,20,0.05,0.05,0,stock_session,,
development,2024-01-24,QBTS,13,20,0.05,0.05,0,stock_session,,
development,2024-01-24,RGTI,11,20,0.05,0.05,6.93889390390723e-18,stock_session,,
development,2024-01-24,RIOT,15,20,0.05,0.05,0,stock_session,,
development,2024-01-24,RIVN,9,20,0.05,0.05,0,stock_session,,
development,2024-01-24,SMCI,6,20,0.05,0.05,0,stock_session,,
development,2024-01-24,SOFI,5,20,0.05,0.05,0,stock_session,,
development,2024-01-24,WULF,15,20,0.05,0.05,0,stock_session,,
development,2024-01-25,AAL,15,20,0.05,0.05,0,stock_session,,
development,2024-01-25,AAOI,12,20,0.05,0.05,0,stock_session,,
development,2024-01-25,APLD,15,20,0.05,0.05,0,stock_session,,
development,2024-01-25,ASTS,15,20,0.05,0.05,0,stock_session,,
development,2024-01-25,CIFR,11,20,0.05,0.05,6.93889390390723e-18,stock_session,,
development,2024-01-25,HIMS,4,20,0.05,0.05,0,stock_session,,
development,2024-01-25,IONQ,13,20,0.05,0.05,0,stock_session,,
development,2024-01-25,IREN,10,20,0.05,0.05,0,stock_session,,
development,2024-01-25,MARA,14,20,0.05,0.05,6.93889390390723e-18,stock_session,,
development,2024-01-25,MP,15,20,0.05,0.05,0,stock_session,,
development,2024-01-25,MRNA,11,20,0.05,0.05,6.93889390390723e-18,stock_session,,
development,2024-01-25,MSTR,7,20,0.05,0.05,6.93889390390723e-18,stock_session,,
development,2024-01-25,NVTS,4,20,0.05,0.05,0,stock_session,,
development,2024-01-25,QBTS,13,20,0.05,0.05,0,stock_session,,
development,2024-01-25,RGTI,10,20,0.05,0.05,0,stock_session,,
development,2024-01-25,RIOT,11,20,0.05,0.05,6.93889390390723e-18,stock_session,,
development,2024-01-25,RIVN,7,20,0.05,0.05,6.93889390390723e-18,stock_session,,
development,2024-01-25,SMCI,12,20,0.05,0.05,0,stock_session,,
development,2024-01-25,SOFI,10,20,0.05,0.05,0,stock_session,,
development,2024-01-25,WULF,15,20,0.05,0.05,0,stock_session,,
development,2024-01-26,AAL,11,20,0.05,0.05,6.93889390390723e-18,stock_session,,
development,2024-01-26,AAOI,14,20,0.05,0.05,6.93889390390723e-18,stock_session,,
development,2024-01-26,APLD,15,20,0.05,0.05,0,stock_session,,
development,2024-01-26,ASTS,14,20,0.05,0.05,6.93889390390723e-18,stock_session,,
development,2024-01-26,CIFR,9,20,0.05,0.05,0,stock_session,,
development,2024-01-26,HIMS,3,20,0.05,0.05,0,stock_session,,
development,2024-01-26,IONQ,15,20,0.05,0.05,0,stock_session,,
development,2024-01-26,IREN,13,20,0.05,0.05,0,stock_session,,
development,2024-01-26,MARA,15,20,0.05,0.05,0,stock_session,,
development,2024-01-26,MP,5,20,0.05,0.05,0,stock_session,,
development,2024-01-26,MRNA,6,20,0.05,0.05,0,stock_session,,
development,2024-01-26,MSTR,6,20,0.05,0.05,0,stock_session,,
development,2024-01-26,NVTS,13,20,0.05,0.05,0,stock_session,,
development,2024-01-26,QBTS,13,20,0.05,0.05,0,stock_session,,
development,2024-01-26,RGTI,14,20,0.05,0.05,6.93889390390723e-18,stock_session,,
development,2024-01-26,RIOT,15,20,0.05,0.05,0,stock_session,,
development,2024-01-26,RIVN,11,20,0.05,0.05,6.93889390390723e-18,stock_session,,
development,2024-01-26,SMCI,7,20,0.05,0.05,6.93889390390723e-18,stock_session,,
development,2024-01-26,SOFI,15,20,0.05,0.05,0,stock_session,,
development,2024-01-26,WULF,15,20,0.05,0.05,0,stock_session,,
development,2024-01-29,AAL,10,20,0.05,0.05,0,stock_session,,
development,2024-01-29,AAOI,9,20,0.05,0.05,0,stock_session,,
development,2024-01-29,APLD,13,20,0.05,0.05,0,stock_session,,
development,2024-01-29,ASTS,12,20,0.05,0.05,0,stock_session,,
development,2024-01-29,CIFR,11,20,0.05,0.05,6.93889390390723e-18,stock_session,,
development,2024-01-29,HIMS,9,20,0.05,0.05,0,stock_session,,
development,2024-01-29,IONQ,15,20,0.05,0.05,0,stock_session,,
development,2024-01-29,IREN,8,20,0.05,0.05,0,stock_session,,
development,2024-01-29,MARA,15,20,0.05,0.05,0,stock_session,,
development,2024-01-29,MP,11,20,0.05,0.05,6.93889390390723e-18,stock_session,,
development,2024-01-29,MRNA,1,20,0.05,0.05,0,stock_session,,
development,2024-01-29,MSTR,15,20,0.05,0.05,0,stock_session,,
development,2024-01-29,NVTS,4,20,0.05,0.05,0,stock_session,,
development,2024-01-29,QBTS,2,20,0.05,0.05,0,stock_session,,
development,2024-01-29,RGTI,8,20,0.05,0.05,0,stock_session,,
development,2024-01-29,RIOT,15,20,0.05,0.05,0,stock_session,,
development,2024-01-29,RIVN,13,20,0.05,0.05,0,stock_session,,
development,2024-01-29,SMCI,15,20,0.05,0.05,0,stock_session,,
development,2024-01-29,SOFI,15,20,0.05,0.05,0,stock_session,,
development,2024-01-29,WULF,15,20,0.05,0.05,0,stock_session,,
development,2024-01-30,AAL,8,20,0.05,0.05,0,stock_session,,
development,2024-01-30,AAOI,12,20,0.05,0.05,0,stock_session,,
development,2024-01-30,APLD,8,20,0.05,0.05,0,stock_session,,
development,2024-01-30,ASTS,3,20,0.05,0.05,0,stock_session,,
development,2024-01-30,CIFR,15,20,0.05,0.05,0,stock_session,,
development,2024-01-30,HIMS,15,20,0.05,0.05,0,stock_session,,
development,2024-01-30,IONQ,8,20,0.05,0.05,0,stock_session,,
development,2024-01-30,IREN,11,20,0.05,0.05,6.93889390390723e-18,stock_session,,
development,2024-01-30,MARA,15,20,0.05,0.05,0,stock_session,,
development,2024-01-30,MP,4,20,0.05,0.05,0,stock_session,,
development,2024-01-30,MRNA,5,20,0.05,0.05,0,stock_session,,
development,2024-01-30,MSTR,11,20,0.05,0.05,6.93889390390723e-18,stock_session,,
development,2024-01-30,NVTS,9,20,0.05,0.05,0,stock_session,,
development,2024-01-30,QBTS,15,20,0.05,0.05,0,stock_session,,
development,2024-01-30,RGTI,1,20,0.05,0.05,0,stock_session,,
development,2024-01-30,RIOT,13,20,0.05,0.05,0,stock_session,,
development,2024-01-30,RIVN,15,20,0.05,0.05,0,stock_session,,
development,2024-01-30,SMCI,5,20,0.05,0.05,0,stock_session,,
development,2024-01-30,SOFI,15,20,0.05,0.05,0,stock_session,,
development,2024-01-30,WULF,15,20,0.05,0.05,0,stock_session,,
development,2024-01-31,AAL,7,20,0.05,0.05,6.93889390390723e-18,stock_session,,
development,2024-01-31,AAOI,11,20,0.05,0.05,6.93889390390723e-18,stock_session,,
development,2024-01-31,APLD,10,20,0.05,0.05,0,stock_session,,
development,2024-01-31,ASTS,15,20,0.05,0.05,0,stock_session,,
development,2024-01-31,CIFR,14,20,0.05,0.05,6.93889390390723e-18,stock_session,,
development,2024-01-31,HIMS,8,20,0.05,0.05,0,stock_session,,
development,2024-01-31,IONQ,12,20,0.05,0.05,0,stock_session,,
development,2024-01-31,IREN,13,20,0.05,0.05,0,stock_session,,
development,2024-01-31,MARA,15,20,0.05,0.05,0,stock_session,,
development,2024-01-31,MP,6,20,0.05,0.05,0,stock_session,,
development,2024-01-31,MRNA,8,20,0.05,0.05,0,stock_session,,
development,2024-01-31,MSTR,7,20,0.05,0.05,6.93889390390723e-18,stock_session,,
development,2024-01-31,NVTS,5,20,0.05,0.05,0,stock_session,,
development,2024-01-31,QBTS,13,20,0.05,0.05,0,stock_session,,
development,2024-01-31,RGTI,15,20,0.05,0.05,0,stock_session,,
development,2024-01-31,RIOT,13,20,0.05,0.05,0,stock_session,,
development,2024-01-31,RIVN,14,20,0.05,0.05,6.93889390390723e-18,stock_session,,
development,2024-01-31,SMCI,10,20,0.05,0.05,0,stock_session,,
development,2024-01-31,SOFI,14,20,0.05,0.05,6.93889390390723e-18,stock_session,,
development,2024-01-31,WULF,14,20,0.05,0.05,6.93889390390723e-18,stock_session,,
development,2024-02-01,AAL,12,20,0.05,0.05,0,stock_session,,
development,2024-02-01,AAOI,14,20,0.05,0.05,6.93889390390723e-18,stock_session,,
development,2024-02-01,APLD,15,20,0.05,0.05,0,stock_session,,
development,2024-02-01,ASTS,7,20,0.05,0.05,6.93889390390723e-18,stock_session,,
development,2024-02-01,CIFR,15,20,0.05,0.05,0,stock_session,,
development,2024-02-01,HIMS,13,20,0.05,0.05,0,stock_session,,
development,2024-02-01,IONQ,7,20,0.05,0.05,6.93889390390723e-18,stock_session,,
development,2024-02-01,IREN,5,20,0.05,0.05,0,stock_session,,
development,2024-02-01,MARA,12,20,0.05,0.05,0,stock_session,,
development,2024-02-01,MP,10,20,0.05,0.05,0,stock_session,,
development,2024-02-01,MRNA,8,20,0.05,0.05,0,stock_session,,
development,2024-02-01,MSTR,11,20,0.05,0.05,6.93889390390723e-18,stock_session,,
development,2024-02-01,NVTS,10,20,0.05,0.05,0,stock_session,,
development,2024-02-01,QBTS,14,20,0.05,0.05,6.93889390390723e-18,stock_session,,
development,2024-02-01,RGTI,6,20,0.05,0.05,0,stock_session,,
development,2024-02-01,RIOT,12,20,0.05,0.05,0,stock_session,,
development,2024-02-01,RIVN,10,20,0.05,0.05,0,stock_session,,
development,2024-02-01,SMCI,13,20,0.05,0.05,0,stock_session,,
development,2024-02-01,SOFI,4,20,0.05,0.05,0,stock_session,,
development,2024-02-01,WULF,15,20,0.05,0.05,0,stock_session,,
development,2024-02-02,AAL,9,20,0.05,0.05,0,stock_session,,
development,2024-02-02,AAOI,8,20,0.05,0.05,0,stock_session,,
development,2024-02-02,APLD,14,20,0.05,0.05,6.93889390390723e-18,stock_session,,
development,2024-02-02,ASTS,4,20,0.05,0.05,0,stock_session,,
development,2024-02-02,CIFR,15,20,0.05,0.05,0,stock_session,,
development,2024-02-02,HIMS,13,20,0.05,0.05,0,stock_session,,
development,2024-02-02,IONQ,11,20,0.05,0.05,6.93889390390723e-18,stock_session,,
development,2024-02-02,IREN,13,20,0.05,0.05,0,stock_session,,
development,2024-02-02,MARA,15,20,0.05,0.05,0,stock_session,,
development,2024-02-02,MP,2,20,0.05,0.05,0,stock_session,,
development,2024-02-02,MRNA,12,20,0.05,0.05,0,stock_session,,
development,2024-02-02,MSTR,10,20,0.05,0.05,0,stock_session,,
development,2024-02-02,NVTS,11,20,0.05,0.05,6.93889390390723e-18,stock_session,,
development,2024-02-02,QBTS,12,20,0.05,0.05,0,stock_session,,
development,2024-02-02,RGTI,15,20,0.05,0.05,0,stock_session,,
development,2024-02-02,RIOT,15,20,0.05,0.05,0,stock_session,,
development,2024-02-02,RIVN,14,20,0.05,0.05,6.93889390390723e-18,stock_session,,
development,2024-02-02,SMCI,5,20,0.05,0.05,0,stock_session,,
development,2024-02-02,SOFI,14,20,0.05,0.05,6.93889390390723e-18,stock_session,,
development,2024-02-02,WULF,15,20,0.05,0.05,0,stock_session,,
development,2024-02-05,AAL,4,20,0.05,0.05,0,stock_session,,
development,2024-02-05,AAOI,8,20,0.05,0.05,0,stock_session,,
development,2024-02-05,APLD,6,20,0.05,0.05,0,stock_session,,
development,2024-02-05,ASTS,11,20,0.05,0.05,6.93889390390723e-18,stock_session,,
development,2024-02-05,CIFR,12,20,0.05,0.05,0,stock_session,,
development,2024-02-05,HIMS,7,20,0.05,0.05,6.93889390390723e-18,stock_session,,
development,2024-02-05,IONQ,6,20,0.05,0.05,0,stock_session,,
development,2024-02-05,IREN,12,20,0.05,0.05,0,stock_session,,
development,2024-02-05,MARA,14,20,0.05,0.05,6.93889390390723e-18,stock_session,,
development,2024-02-05,MP,7,20,0.05,0.05,6.93889390390723e-18,stock_session,,
development,2024-02-05,MRNA,1,20,0.05,0.05,0,stock_session,,
development,2024-02-05,MSTR,15,20,0.05,0.05,0,stock_session,,
development,2024-02-05,NVTS,5,20,0.05,0.05,0,stock_session,,
development,2024-02-05,QBTS,13,20,0.05,0.05,0,stock_session,,
development,2024-02-05,RGTI,2,20,0.05,0.05,0,stock_session,,
development,2024-02-05,RIOT,10,20,0.05,0.05,0,stock_session,,
development,2024-02-05,RIVN,7,20,0.05,0.05,6.93889390390723e-18,stock_session,,
development,2024-02-05,SMCI,8,20,0.05,0.05,0,stock_session,,
development,2024-02-05,SOFI,8,20,0.05,0.05,0,stock_session,,
development,2024-02-05,WULF,13,20,0.05,0.05,0,stock_session,,
development,2024-02-06,AAL,10,20,0.05,0.05,0,stock_session,,
development,2024-02-06,AAOI,13,20,0.05,0.05,0,stock_session,,
development,2024-02-06,APLD,13,20,0.05,0.05,0,stock_session,,
development,2024-02-06,ASTS,15,20,0.05,0.05,0,stock_session,,
development,2024-02-06,CIFR,15,20,0.05,0.05,0,stock_session,,
development,2024-02-06,HIMS,14,20,0.05,0.05,6.93889390390723e-18,stock_session,,
development,2024-02-06,IONQ,14,20,0.05,0.05,6.93889390390723e-18,stock_session,,
development,2024-02-06,IREN,15,20,0.05,0.05,0,stock_session,,
development,2024-02-06,MARA,15,20,0.05,0.05,0,stock_session,,
development,2024-02-06,MP,10,20,0.05,0.05,0,stock_session,,
development,2024-02-06,MRNA,6,20,0.05,0.05,0,stock_session,,
development,2024-02-06,MSTR,14,20,0.05,0.05,6.93889390390723e-18,stock_session,,
development,2024-02-06,NVTS,9,20,0.05,0.05,0,stock_session,,
development,2024-02-06,QBTS,12,20,0.05,0.05,0,stock_session,,
development,2024-02-06,RGTI,13,20,0.05,0.05,0,stock_session,,
development,2024-02-06,RIOT,15,20,0.05,0.05,0,stock_session,,
development,2024-02-06,RIVN,14,20,0.05,0.05,6.93889390390723e-18,stock_session,,
development,2024-02-06,SMCI,4,20,0.05,0.05,0,stock_session,,
development,2024-02-06,SOFI,14,20,0.05,0.05,6.93889390390723e-18,stock_session,,
development,2024-02-06,WULF,15,20,0.05,0.05,0,stock_session,,
development,2024-02-07,AAL,8,20,0.05,0.05,0,stock_session,,
development,2024-02-07,AAOI,15,20,0.05,0.05,0,stock_session,,
development,2024-02-07,APLD,15,20,0.05,0.05,0,stock_session,,
development,2024-02-07,ASTS,13,20,0.05,0.05,0,stock_session,,
development,2024-02-07,CIFR,12,20,0.05,0.05,0,stock_session,,
development,2024-02-07,HIMS,13,20,0.05,0.05,0,stock_session,,
development,2024-02-07,IONQ,11,20,0.05,0.05,6.93889390390723e-18,stock_session,,
development,2024-02-07,IREN,5,20,0.05,0.05,0,stock_session,,
development,2024-02-07,MARA,9,20,0.05,0.05,0,stock_session,,
development,2024-02-07,MP,4,20,0.05,0.05,0,stock_session,,
development,2024-02-07,MRNA,3,20,0.05,0.05,0,stock_session,,
development,2024-02-07,MSTR,6,20,0.05,0.05,0,stock_session,,
development,2024-02-07,NVTS,11,20,0.05,0.05,6.93889390390723e-18,stock_session,,
development,2024-02-07,QBTS,5,20,0.05,0.05,0,stock_session,,
development,2024-02-07,RGTI,14,20,0.05,0.05,6.93889390390723e-18,stock_session,,
development,2024-02-07,RIOT,7,20,0.05,0.05,6.93889390390723e-18,stock_session,,
development,2024-02-07,RIVN,6,20,0.05,0.05,0,stock_session,,
development,2024-02-07,SMCI,11,20,0.05,0.05,6.93889390390723e-18,stock_session,,
development,2024-02-07,SOFI,6,20,0.05,0.05,0,stock_session,,
development,2024-02-07,WULF,12,20,0.05,0.05,0,stock_session,,
development,2024-02-08,AAL,10,20,0.05,0.05,0,stock_session,,
development,2024-02-08,AAOI,15,20,0.05,0.05,0,stock_session,,
development,2024-02-08,APLD,10,20,0.05,0.05,0,stock_session,,
development,2024-02-08,ASTS,6,20,0.05,0.05,0,stock_session,,
development,2024-02-08,CIFR,15,20,0.05,0.05,0,stock_session,,
development,2024-02-08,HIMS,3,20,0.05,0.05,0,stock_session,,
development,2024-02-08,IONQ,15,20,0.05,0.05,0,stock_session,,
development,2024-02-08,IREN,15,20,0.05,0.05,0,stock_session,,
development,2024-02-08,MARA,15,20,0.05,0.05,0,stock_session,,
development,2024-02-08,MP,6,20,0.05,0.05,0,stock_session,,
development,2024-02-08,MRNA,13,20,0.05,0.05,0,stock_session,,
development,2024-02-08,MSTR,10,20,0.05,0.05,0,stock_session,,
development,2024-02-08,NVTS,6,20,0.05,0.05,0,stock_session,,
development,2024-02-08,QBTS,13,20,0.05,0.05,0,stock_session,,
development,2024-02-08,RGTI,15,20,0.05,0.05,0,stock_session,,
development,2024-02-08,RIOT,15,20,0.05,0.05,0,stock_session,,
development,2024-02-08,RIVN,10,20,0.05,0.05,0,stock_session,,
development,2024-02-08,SMCI,14,20,0.05,0.05,6.93889390390723e-18,stock_session,,
development,2024-02-08,SOFI,6,20,0.05,0.05,0,stock_session,,
development,2024-02-08,WULF,12,20,0.05,0.05,0,stock_session,,
development,2024-02-09,AAL,10,20,0.05,0.05,0,stock_session,,
development,2024-02-09,AAOI,15,20,0.05,0.05,0,stock_session,,
development,2024-02-09,APLD,14,20,0.05,0.05,6.93889390390723e-18,stock_session,,
development,2024-02-09,ASTS,14,20,0.05,0.05,6.93889390390723e-18,stock_session,,
development,2024-02-09,CIFR,15,20,0.05,0.05,0,stock_session,,
development,2024-02-09,HIMS,9,20,0.05,0.05,0,stock_session,,
development,2024-02-09,IONQ,13,20,0.05,0.05,0,stock_session,,
development,2024-02-09,IREN,10,20,0.05,0.05,0,stock_session,,
development,2024-02-09,MARA,12,20,0.05,0.05,0,stock_session,,
development,2024-02-09,MP,10,20,0.05,0.05,0,stock_session,,
development,2024-02-09,MRNA,9,20,0.05,0.05,0,stock_session,,
development,2024-02-09,MSTR,5,20,0.05,0.05,0,stock_session,,
development,2024-02-09,NVTS,15,20,0.05,0.05,0,stock_session,,
development,2024-02-09,QBTS,10,20,0.05,0.05,0,stock_session,,
development,2024-02-09,RGTI,6,20,0.05,0.05,0,stock_session,,
development,2024-02-09,RIOT,6,20,0.05,0.05,0,stock_session,,
development,2024-02-09,RIVN,14,20,0.05,0.05,6.93889390390723e-18,stock_session,,
development,2024-02-09,SMCI,13,20,0.05,0.05,0,stock_session,,
development,2024-02-09,SOFI,15,20,0.05,0.05,0,stock_session,,
development,2024-02-09,WULF,5,20,0.05,0.05,0,stock_session,,
development,2024-02-12,AAL,3,20,0.05,0.05,0,stock_session,,
development,2024-02-12,AAOI,15,20,0.05,0.05,0,stock_session,,
development,2024-02-12,APLD,15,20,0.05,0.05,0,stock_session,,
development,2024-02-12,ASTS,15,20,0.05,0.05,0,stock_session,,
development,2024-02-12,CIFR,15,20,0.05,0.05,0,stock_session,,
development,2024-02-12,HIMS,6,20,0.05,0.05,0,stock_session,,
development,2024-02-12,IONQ,15,20,0.05,0.05,0,stock_session,,
development,2024-02-12,IREN,15,20,0.05,0.05,0,stock_session,,
development,2024-02-12,MARA,15,20,0.05,0.05,0,stock_session,,
development,2024-02-12,MP,7,20,0.05,0.05,6.93889390390723e-18,stock_session,,
development,2024-02-12,MRNA,11,20,0.05,0.05,6.93889390390723e-18,stock_session,,
development,2024-02-12,MSTR,11,20,0.05,0.05,6.93889390390723e-18,stock_session,,
development,2024-02-12,NVTS,14,20,0.05,0.05,6.93889390390723e-18,stock_session,,
development,2024-02-12,QBTS,15,20,0.05,0.05,0,stock_session,,
development,2024-02-12,RGTI,15,20,0.05,0.05,0,stock_session,,
development,2024-02-12,RIOT,15,20,0.05,0.05,0,stock_session,,
development,2024-02-12,RIVN,12,20,0.05,0.05,0,stock_session,,
development,2024-02-12,SMCI,10,20,0.05,0.05,0,stock_session,,
development,2024-02-12,SOFI,10,20,0.05,0.05,0,stock_session,,
development,2024-02-12,WULF,15,20,0.05,0.05,0,stock_session,,
development,2024-02-13,AAL,13,20,0.05,0.05,0,stock_session,,
development,2024-02-13,AAOI,12,20,0.05,0.05,0,stock_session,,
development,2024-02-13,APLD,12,20,0.05,0.05,0,stock_session,,
development,2024-02-13,ASTS,15,20,0.05,0.05,0,stock_session,,
development,2024-02-13,CIFR,8,20,0.05,0.05,0,stock_session,,
development,2024-02-13,HIMS,10,20,0.05,0.05,0,stock_session,,
development,2024-02-13,IONQ,3,20,0.05,0.05,0,stock_session,,
development,2024-02-13,IREN,13,20,0.05,0.05,0,stock_session,,
development,2024-02-13,MARA,12,20,0.05,0.05,0,stock_session,,
development,2024-02-13,MP,4,20,0.05,0.05,0,stock_session,,
development,2024-02-13,MRNA,8,20,0.05,0.05,0,stock_session,,
development,2024-02-13,MSTR,14,20,0.05,0.05,6.93889390390723e-18,stock_session,,
development,2024-02-13,NVTS,6,20,0.05,0.05,0,stock_session,,
development,2024-02-13,QBTS,2,20,0.05,0.05,0,stock_session,,
development,2024-02-13,RGTI,7,20,0.05,0.05,6.93889390390723e-18,stock_session,,
development,2024-02-13,RIOT,15,20,0.05,0.05,0,stock_session,,
development,2024-02-13,RIVN,12,20,0.05,0.05,0,stock_session,,
development,2024-02-13,SMCI,12,20,0.05,0.05,0,stock_session,,
development,2024-02-13,SOFI,13,20,0.05,0.05,0,stock_session,,
development,2024-02-13,WULF,12,20,0.05,0.05,0,stock_session,,
development,2024-02-14,AAL,4,20,0.05,0.05,0,stock_session,,
development,2024-02-14,AAOI,15,20,0.05,0.05,0,stock_session,,
development,2024-02-14,APLD,6,20,0.05,0.05,0,stock_session,,
development,2024-02-14,ASTS,13,20,0.05,0.05,0,stock_session,,
development,2024-02-14,CIFR,15,20,0.05,0.05,0,stock_session,,
development,2024-02-14,HIMS,9,20,0.05,0.05,0,stock_session,,
development,2024-02-14,IONQ,13,20,0.05,0.05,0,stock_session,,
development,2024-02-14,IREN,8,20,0.05,0.05,0,stock_session,,
development,2024-02-14,MARA,15,20,0.05,0.05,0,stock_session,,
development,2024-02-14,MP,9,20,0.05,0.05,0,stock_session,,
development,2024-02-14,MRNA,12,20,0.05,0.05,0,stock_session,,
development,2024-02-14,MSTR,11,20,0.05,0.05,6.93889390390723e-18,stock_session,,
development,2024-02-14,NVTS,11,20,0.05,0.05,6.93889390390723e-18,stock_session,,
development,2024-02-14,QBTS,15,20,0.05,0.05,0,stock_session,,
development,2024-02-14,RGTI,15,20,0.05,0.05,0,stock_session,,
development,2024-02-14,RIOT,15,20,0.05,0.05,0,stock_session,,
development,2024-02-14,RIVN,15,20,0.05,0.05,0,stock_session,,
development,2024-02-14,SMCI,5,20,0.05,0.05,0,stock_session,,
development,2024-02-14,SOFI,10,20,0.05,0.05,0,stock_session,,
development,2024-02-14,WULF,15,20,0.05,0.05,0,stock_session,,
development,2024-02-15,AAL,8,20,0.05,0.05,0,stock_session,,
development,2024-02-15,AAOI,15,20,0.05,0.05,0,stock_session,,
development,2024-02-15,APLD,15,20,0.05,0.05,0,stock_session,,
development,2024-02-15,ASTS,15,20,0.05,0.05,0,stock_session,,
development,2024-02-15,CIFR,5,20,0.05,0.05,0,stock_session,,
development,2024-02-15,HIMS,9,20,0.05,0.05,0,stock_session,,
development,2024-02-15,IONQ,12,20,0.05,0.05,0,stock_session,,
development,2024-02-15,IREN,1,20,0.05,0.05,0,stock_session,,
development,2024-02-15,MARA,15,20,0.05,0.05,0,stock_session,,
development,2024-02-15,MP,15,20,0.05,0.05,0,stock_session,,
development,2024-02-15,MRNA,13,20,0.05,0.05,0,stock_session,,
development,2024-02-15,MSTR,14,20,0.05,0.05,6.93889390390723e-18,stock_session,,
development,2024-02-15,NVTS,12,20,0.05,0.05,0,stock_session,,
development,2024-02-15,QBTS,13,20,0.05,0.05,0,stock_session,,
development,2024-02-15,RGTI,15,20,0.05,0.05,0,stock_session,,
development,2024-02-15,RIOT,3,20,0.05,0.05,0,stock_session,,
development,2024-02-15,RIVN,12,20,0.05,0.05,0,stock_session,,
development,2024-02-15,SMCI,7,20,0.05,0.05,6.93889390390723e-18,stock_session,,
development,2024-02-15,SOFI,9,20,0.05,0.05,0,stock_session,,
development,2024-02-15,WULF,15,20,0.05,0.05,0,stock_session,,
development,2024-02-16,AAOI,3,19,0.0526315789473684,0.0526315789473684,0,stock_session,,
development,2024-02-16,APLD,11,19,0.0526315789473684,0.0526315789473684,0,stock_session,,
development,2024-02-16,ASTS,14,19,0.0526315789473684,0.0526315789473684,0,stock_session,,
development,2024-02-16,CIFR,13,19,0.0526315789473684,0.0526315789473684,0,stock_session,,
development,2024-02-16,HIMS,6,19,0.0526315789473684,0.0526315789473684,0,stock_session,,
development,2024-02-16,IONQ,10,19,0.0526315789473684,0.0526315789473684,0,stock_session,,
development,2024-02-16,IREN,15,19,0.0526315789473684,0.0526315789473684,6.93889390390723e-18,stock_session,,
development,2024-02-16,MARA,15,19,0.0526315789473684,0.0526315789473684,6.93889390390723e-18,stock_session,,
development,2024-02-16,MP,13,19,0.0526315789473684,0.0526315789473684,0,stock_session,,
development,2024-02-16,MRNA,1,19,0.0526315789473684,0.0526315789473684,0,stock_session,,
development,2024-02-16,MSTR,13,19,0.0526315789473684,0.0526315789473684,0,stock_session,,
development,2024-02-16,NVTS,11,19,0.0526315789473684,0.0526315789473684,0,stock_session,,
development,2024-02-16,QBTS,10,19,0.0526315789473684,0.0526315789473684,0,stock_session,,
development,2024-02-16,RGTI,15,19,0.0526315789473684,0.0526315789473684,6.93889390390723e-18,stock_session,,
development,2024-02-16,RIOT,15,19,0.0526315789473684,0.0526315789473684,6.93889390390723e-18,stock_session,,
development,2024-02-16,RIVN,6,19,0.0526315789473684,0.0526315789473684,0,stock_session,,
development,2024-02-16,SMCI,15,19,0.0526315789473684,0.0526315789473684,6.93889390390723e-18,stock_session,,
development,2024-02-16,SOFI,15,19,0.0526315789473684,0.0526315789473684,6.93889390390723e-18,stock_session,,
development,2024-02-16,WULF,15,19,0.0526315789473684,0.0526315789473684,6.93889390390723e-18,stock_session,,
development,2024-02-20,AAL,7,20,0.05,0.05,6.93889390390723e-18,stock_session,,
development,2024-02-20,AAOI,15,20,0.05,0.05,0,stock_session,,
development,2024-02-20,APLD,11,20,0.05,0.05,6.93889390390723e-18,stock_session,,
development,2024-02-20,ASTS,10,20,0.05,0.05,0,stock_session,,
development,2024-02-20,CIFR,15,20,0.05,0.05,0,stock_session,,
development,2024-02-20,HIMS,12,20,0.05,0.05,0,stock_session,,
development,2024-02-20,IONQ,13,20,0.05,0.05,0,stock_session,,
development,2024-02-20,IREN,15,20,0.05,0.05,0,stock_session,,
development,2024-02-20,MARA,15,20,0.05,0.05,0,stock_session,,
development,2024-02-20,MP,3,20,0.05,0.05,0,stock_session,,
development,2024-02-20,MRNA,15,20,0.05,0.05,0,stock_session,,
development,2024-02-20,MSTR,15,20,0.05,0.05,0,stock_session,,
development,2024-02-20,NVTS,6,20,0.05,0.05,0,stock_session,,
development,2024-02-20,QBTS,15,20,0.05,0.05,0,stock_session,,
development,2024-02-20,RGTI,4,20,0.05,0.05,0,stock_session,,
development,2024-02-20,RIOT,15,20,0.05,0.05,0,stock_session,,
development,2024-02-20,RIVN,6,20,0.05,0.05,0,stock_session,,
development,2024-02-20,SMCI,7,20,0.05,0.05,6.93889390390723e-18,stock_session,,
development,2024-02-20,SOFI,5,20,0.05,0.05,0,stock_session,,
development,2024-02-20,WULF,15,20,0.05,0.05,0,stock_session,,
development,2024-02-21,AAOI,15,19,0.0526315789473684,0.0526315789473684,6.93889390390723e-18,stock_session,,
development,2024-02-21,APLD,10,19,0.0526315789473684,0.0526315789473684,0,stock_session,,
development,2024-02-21,ASTS,10,19,0.0526315789473684,0.0526315789473684,0,stock_session,,
development,2024-02-21,CIFR,15,19,0.0526315789473684,0.0526315789473684,6.93889390390723e-18,stock_session,,
development,2024-02-21,HIMS,8,19,0.0526315789473684,0.0526315789473684,0,stock_session,,
development,2024-02-21,IONQ,11,19,0.0526315789473684,0.0526315789473684,0,stock_session,,
development,2024-02-21,IREN,15,19,0.0526315789473684,0.0526315789473684,6.93889390390723e-18,stock_session,,
development,2024-02-21,MARA,13,19,0.0526315789473684,0.0526315789473684,0,stock_session,,
development,2024-02-21,MP,10,19,0.0526315789473684,0.0526315789473684,0,stock_session,,
development,2024-02-21,MRNA,13,19,0.0526315789473684,0.0526315789473684,0,stock_session,,
development,2024-02-21,MSTR,8,19,0.0526315789473684,0.0526315789473684,0,stock_session,,
development,2024-02-21,NVTS,8,19,0.0526315789473684,0.0526315789473684,0,stock_session,,
development,2024-02-21,QBTS,13,19,0.0526315789473684,0.0526315789473684,0,stock_session,,
development,2024-02-21,RGTI,15,19,0.0526315789473684,0.0526315789473684,6.93889390390723e-18,stock_session,,
development,2024-02-21,RIOT,9,19,0.0526315789473684,0.0526315789473684,0,stock_session,,
development,2024-02-21,RIVN,12,19,0.0526315789473684,0.0526315789473684,0,stock_session,,
development,2024-02-21,SMCI,15,19,0.0526315789473684,0.0526315789473684,6.93889390390723e-18,stock_session,,
development,2024-02-21,SOFI,7,19,0.0526315789473684,0.0526315789473684,0,stock_session,,
development,2024-02-21,WULF,13,19,0.0526315789473684,0.0526315789473684,0,stock_session,,
development,2024-02-22,AAL,3,19,0.0526315789473684,0.0526315789473684,0,stock_session,,
development,2024-02-22,AAOI,14,19,0.0526315789473684,0.0526315789473684,0,stock_session,,
development,2024-02-22,APLD,13,19,0.0526315789473684,0.0526315789473684,0,stock_session,,
development,2024-02-22,ASTS,12,19,0.0526315789473684,0.0526315789473684,0,stock_session,,
development,2024-02-22,CIFR,15,19,0.0526315789473684,0.0526315789473684,6.93889390390723e-18,stock_session,,
development,2024-02-22,HIMS,12,19,0.0526315789473684,0.0526315789473684,0,stock_session,,
development,2024-02-22,IONQ,7,19,0.0526315789473684,0.0526315789473684,0,stock_session,,
development,2024-02-22,IREN,15,19,0.0526315789473684,0.0526315789473684,6.93889390390723e-18,stock_session,,
development,2024-02-22,MARA,15,19,0.0526315789473684,0.0526315789473684,6.93889390390723e-18,stock_session,,
development,2024-02-22,MP,6,19,0.0526315789473684,0.0526315789473684,0,stock_session,,
development,2024-02-22,MRNA,15,19,0.0526315789473684,0.0526315789473684,6.93889390390723e-18,stock_session,,
development,2024-02-22,MSTR,10,19,0.0526315789473684,0.0526315789473684,0,stock_session,,
development,2024-02-22,NVTS,12,19,0.0526315789473684,0.0526315789473684,0,stock_session,,
development,2024-02-22,RGTI,10,19,0.0526315789473684,0.0526315789473684,0,stock_session,,
development,2024-02-22,RIOT,13,19,0.0526315789473684,0.0526315789473684,0,stock_session,,
development,2024-02-22,RIVN,15,19,0.0526315789473684,0.0526315789473684,6.93889390390723e-18,stock_session,,
development,2024-02-22,SMCI,7,19,0.0526315789473684,0.0526315789473684,0,stock_session,,
development,2024-02-22,SOFI,10,19,0.0526315789473684,0.0526315789473684,0,stock_session,,
development,2024-02-22,WULF,13,19,0.0526315789473684,0.0526315789473684,0,stock_session,,
development,2024-02-23,AAL,2,19,0.0526315789473684,0.0526315789473684,0,stock_session,,
development,2024-02-23,AAOI,15,19,0.0526315789473684,0.0526315789473684,6.93889390390723e-18,stock_session,,
development,2024-02-23,APLD,14,19,0.0526315789473684,0.0526315789473684,0,stock_session,,
development,2024-02-23,ASTS,14,19,0.0526315789473684,0.0526315789473684,0,stock_session,,
development,2024-02-23,CIFR,9,19,0.0526315789473684,0.0526315789473684,0,stock_session,,
development,2024-02-23,HIMS,14,19,0.0526315789473684,0.0526315789473684,0,stock_session,,
development,2024-02-23,IONQ,13,19,0.0526315789473684,0.0526315789473684,0,stock_session,,
development,2024-02-23,IREN,15,19,0.0526315789473684,0.0526315789473684,6.93889390390723e-18,stock_session,,
development,2024-02-23,MARA,12,19,0.0526315789473684,0.0526315789473684,0,stock_session,,
development,2024-02-23,MRNA,13,19,0.0526315789473684,0.0526315789473684,0,stock_session,,
development,2024-02-23,MSTR,7,19,0.0526315789473684,0.0526315789473684,0,stock_session,,
development,2024-02-23,NVTS,14,19,0.0526315789473684,0.0526315789473684,0,stock_session,,
development,2024-02-23,QBTS,15,19,0.0526315789473684,0.0526315789473684,6.93889390390723e-18,stock_session,,
development,2024-02-23,RGTI,15,19,0.0526315789473684,0.0526315789473684,6.93889390390723e-18,stock_session,,
development,2024-02-23,RIOT,5,19,0.0526315789473684,0.0526315789473684,0,stock_session,,
development,2024-02-23,RIVN,15,19,0.0526315789473684,0.0526315789473684,6.93889390390723e-18,stock_session,,
development,2024-02-23,SMCI,1,19,0.0526315789473684,0.0526315789473684,0,stock_session,,
development,2024-02-23,SOFI,6,19,0.0526315789473684,0.0526315789473684,0,stock_session,,
development,2024-02-23,WULF,15,19,0.0526315789473684,0.0526315789473684,6.93889390390723e-18,stock_session,,
development,2024-02-26,AAL,2,19,0.0526315789473684,0.0526315789473684,0,stock_session,,
development,2024-02-26,AAOI,13,19,0.0526315789473684,0.0526315789473684,0,stock_session,,
development,2024-02-26,APLD,11,19,0.0526315789473684,0.0526315789473684,0,stock_session,,
development,2024-02-26,ASTS,8,19,0.0526315789473684,0.0526315789473684,0,stock_session,,
development,2024-02-26,CIFR,15,19,0.0526315789473684,0.0526315789473684,6.93889390390723e-18,stock_session,,
development,2024-02-26,IONQ,12,19,0.0526315789473684,0.0526315789473684,0,stock_session,,
development,2024-02-26,IREN,6,19,0.0526315789473684,0.0526315789473684,0,stock_session,,
development,2024-02-26,MARA,15,19,0.0526315789473684,0.0526315789473684,6.93889390390723e-18,stock_session,,
development,2024-02-26,MP,14,19,0.0526315789473684,0.0526315789473684,0,stock_session,,
development,2024-02-26,MRNA,13,19,0.0526315789473684,0.0526315789473684,0,stock_session,,
development,2024-02-26,MSTR,11,19,0.0526315789473684,0.0526315789473684,0,stock_session,,
development,2024-02-26,NVTS,11,19,0.0526315789473684,0.0526315789473684,0,stock_session,,
development,2024-02-26,QBTS,14,19,0.0526315789473684,0.0526315789473684,0,stock_session,,
development,2024-02-26,RGTI,13,19,0.0526315789473684,0.0526315789473684,0,stock_session,,
development,2024-02-26,RIOT,15,19,0.0526315789473684,0.0526315789473684,6.93889390390723e-18,stock_session,,
development,2024-02-26,RIVN,15,19,0.0526315789473684,0.0526315789473684,6.93889390390723e-18,stock_session,,
development,2024-02-26,SMCI,15,19,0.0526315789473684,0.0526315789473684,6.93889390390723e-18,stock_session,,
development,2024-02-26,SOFI,3,19,0.0526315789473684,0.0526315789473684,0,stock_session,,
development,2024-02-26,WULF,15,19,0.0526315789473684,0.0526315789473684,6.93889390390723e-18,stock_session,,
development,2024-02-27,AAOI,14,19,0.0526315789473684,0.0526315789473684,0,stock_session,,
development,2024-02-27,APLD,14,19,0.0526315789473684,0.0526315789473684,0,stock_session,,
development,2024-02-27,ASTS,11,19,0.0526315789473684,0.0526315789473684,0,stock_session,,
development,2024-02-27,CIFR,15,19,0.0526315789473684,0.0526315789473684,6.93889390390723e-18,stock_session,,
development,2024-02-27,HIMS,15,19,0.0526315789473684,0.0526315789473684,6.93889390390723e-18,stock_session,,
development,2024-02-27,IONQ,10,19,0.0526315789473684,0.0526315789473684,0,stock_session,,
development,2024-02-27,IREN,10,19,0.0526315789473684,0.0526315789473684,0,stock_session,,
development,2024-02-27,MARA,13,19,0.0526315789473684,0.0526315789473684,0,stock_session,,
development,2024-02-27,MP,9,19,0.0526315789473684,0.0526315789473684,0,stock_session,,
development,2024-02-27,MRNA,1,19,0.0526315789473684,0.0526315789473684,0,stock_session,,
development,2024-02-27,MSTR,3,19,0.0526315789473684,0.0526315789473684,0,stock_session,,
development,2024-02-27,NVTS,5,19,0.0526315789473684,0.0526315789473684,0,stock_session,,
development,2024-02-27,QBTS,6,19,0.0526315789473684,0.0526315789473684,0,stock_session,,
development,2024-02-27,RGTI,13,19,0.0526315789473684,0.0526315789473684,0,stock_session,,
development,2024-02-27,RIOT,9,19,0.0526315789473684,0.0526315789473684,0,stock_session,,
development,2024-02-27,RIVN,14,19,0.0526315789473684,0.0526315789473684,0,stock_session,,
development,2024-02-27,SMCI,15,19,0.0526315789473684,0.0526315789473684,6.93889390390723e-18,stock_session,,
development,2024-02-27,SOFI,15,19,0.0526315789473684,0.0526315789473684,6.93889390390723e-18,stock_session,,
development,2024-02-27,WULF,14,19,0.0526315789473684,0.0526315789473684,0,stock_session,,
development,2024-02-28,AAL,1,20,0.05,0.05,0,stock_session,,
development,2024-02-28,AAOI,15,20,0.05,0.05,0,stock_session,,
development,2024-02-28,APLD,12,20,0.05,0.05,0,stock_session,,
development,2024-02-28,ASTS,15,20,0.05,0.05,0,stock_session,,
development,2024-02-28,CIFR,5,20,0.05,0.05,0,stock_session,,
development,2024-02-28,HIMS,15,20,0.05,0.05,0,stock_session,,
development,2024-02-28,IONQ,15,20,0.05,0.05,0,stock_session,,
development,2024-02-28,IREN,7,20,0.05,0.05,6.93889390390723e-18,stock_session,,
development,2024-02-28,MARA,15,20,0.05,0.05,0,stock_session,,
development,2024-02-28,MP,15,20,0.05,0.05,0,stock_session,,
development,2024-02-28,MRNA,14,20,0.05,0.05,6.93889390390723e-18,stock_session,,
development,2024-02-28,MSTR,11,20,0.05,0.05,6.93889390390723e-18,stock_session,,
development,2024-02-28,NVTS,12,20,0.05,0.05,0,stock_session,,
development,2024-02-28,QBTS,15,20,0.05,0.05,0,stock_session,,
development,2024-02-28,RGTI,15,20,0.05,0.05,0,stock_session,,
development,2024-02-28,RIOT,10,20,0.05,0.05,0,stock_session,,
development,2024-02-28,RIVN,15,20,0.05,0.05,0,stock_session,,
development,2024-02-28,SMCI,10,20,0.05,0.05,0,stock_session,,
development,2024-02-28,SOFI,5,20,0.05,0.05,0,stock_session,,
development,2024-02-28,WULF,15,20,0.05,0.05,0,stock_session,,
development,2024-02-29,AAL,7,18,0.0555555555555556,0.0555555555555556,0,stock_session,,
development,2024-02-29,AAOI,10,18,0.0555555555555556,0.0555555555555556,6.93889390390723e-18,stock_session,,
development,2024-02-29,APLD,12,18,0.0555555555555556,0.0555555555555556,0,stock_session,,
development,2024-02-29,ASTS,9,18,0.0555555555555556,0.0555555555555556,0,stock_session,,
development,2024-02-29,CIFR,13,18,0.0555555555555556,0.0555555555555556,6.93889390390723e-18,stock_session,,
development,2024-02-29,IONQ,15,18,0.0555555555555556,0.0555555555555556,6.93889390390723e-18,stock_session,,
development,2024-02-29,IREN,15,18,0.0555555555555556,0.0555555555555556,6.93889390390723e-18,stock_session,,
development,2024-02-29,MARA,15,18,0.0555555555555556,0.0555555555555556,6.93889390390723e-18,stock_session,,
development,2024-02-29,MP,12,18,0.0555555555555556,0.0555555555555556,0,stock_session,,
development,2024-02-29,MRNA,13,18,0.0555555555555556,0.0555555555555556,6.93889390390723e-18,stock_session,,
development,2024-02-29,MSTR,8,18,0.0555555555555556,0.0555555555555556,0,stock_session,,
development,2024-02-29,NVTS,2,18,0.0555555555555556,0.0555555555555556,0,stock_session,,
development,2024-02-29,QBTS,14,18,0.0555555555555556,0.0555555555555556,0,stock_session,,
development,2024-02-29,RIOT,12,18,0.0555555555555556,0.0555555555555556,0,stock_session,,
development,2024-02-29,RIVN,15,18,0.0555555555555556,0.0555555555555556,6.93889390390723e-18,stock_session,,
development,2024-02-29,SMCI,15,18,0.0555555555555556,0.0555555555555556,6.93889390390723e-18,stock_session,,
development,2024-02-29,SOFI,9,18,0.0555555555555556,0.0555555555555556,0,stock_session,,
development,2024-02-29,WULF,15,18,0.0555555555555556,0.0555555555555556,6.93889390390723e-18,stock_session,,
development,2024-03-01,AAL,6,20,0.05,0.05,0,stock_session,,
development,2024-03-01,AAOI,11,20,0.05,0.05,6.93889390390723e-18,stock_session,,
development,2024-03-01,APLD,13,20,0.05,0.05,0,stock_session,,
development,2024-03-01,ASTS,9,20,0.05,0.05,0,stock_session,,
development,2024-03-01,CIFR,14,20,0.05,0.05,6.93889390390723e-18,stock_session,,
development,2024-03-01,HIMS,4,20,0.05,0.05,0,stock_session,,
development,2024-03-01,IONQ,10,20,0.05,0.05,0,stock_session,,
development,2024-03-01,IREN,15,20,0.05,0.05,0,stock_session,,
development,2024-03-01,MARA,15,20,0.05,0.05,0,stock_session,,
development,2024-03-01,MP,8,20,0.05,0.05,0,stock_session,,
development,2024-03-01,MRNA,9,20,0.05,0.05,0,stock_session,,
development,2024-03-01,MSTR,12,20,0.05,0.05,0,stock_session,,
development,2024-03-01,NVTS,15,20,0.05,0.05,0,stock_session,,
development,2024-03-01,QBTS,11,20,0.05,0.05,6.93889390390723e-18,stock_session,,
development,2024-03-01,RGTI,10,20,0.05,0.05,0,stock_session,,
development,2024-03-01,RIOT,13,20,0.05,0.05,0,stock_session,,
development,2024-03-01,RIVN,9,20,0.05,0.05,0,stock_session,,
development,2024-03-01,SMCI,13,20,0.05,0.05,0,stock_session,,
development,2024-03-01,SOFI,5,20,0.05,0.05,0,stock_session,,
development,2024-03-01,WULF,15,20,0.05,0.05,0,stock_session,,
development,2024-03-04,AAL,3,20,0.05,0.05,0,stock_session,,
development,2024-03-04,AAOI,5,20,0.05,0.05,0,stock_session,,
development,2024-03-04,APLD,5,20,0.05,0.05,0,stock_session,,
development,2024-03-04,ASTS,4,20,0.05,0.05,0,stock_session,,
development,2024-03-04,CIFR,5,20,0.05,0.05,0,stock_session,,
development,2024-03-04,HIMS,15,20,0.05,0.05,0,stock_session,,
development,2024-03-04,IONQ,9,20,0.05,0.05,0,stock_session,,
development,2024-03-04,IREN,5,20,0.05,0.05,0,stock_session,,
development,2024-03-04,MARA,5,20,0.05,0.05,0,stock_session,,
development,2024-03-04,MP,6,20,0.05,0.05,0,stock_session,,
development,2024-03-04,MRNA,5,20,0.05,0.05,0,stock_session,,
development,2024-03-04,MSTR,5,20,0.05,0.05,0,stock_session,,
development,2024-03-04,NVTS,5,20,0.05,0.05,0,stock_session,,
development,2024-03-04,QBTS,12,20,0.05,0.05,0,stock_session,,
development,2024-03-04,RGTI,1,20,0.05,0.05,0,stock_session,,
development,2024-03-04,RIOT,5,20,0.05,0.05,0,stock_session,,
development,2024-03-04,RIVN,4,20,0.05,0.05,0,stock_session,,
development,2024-03-04,SMCI,5,20,0.05,0.05,0,stock_session,,
development,2024-03-04,SOFI,2,20,0.05,0.05,0,stock_session,,
development,2024-03-04,WULF,5,20,0.05,0.05,0,stock_session,,
development,2024-03-05,AAL,5,19,0.0526315789473684,0.0526315789473684,0,stock_session,,
development,2024-03-05,AAOI,6,19,0.0526315789473684,0.0526315789473684,0,stock_session,,
development,2024-03-05,APLD,4,19,0.0526315789473684,0.0526315789473684,0,stock_session,,
development,2024-03-05,ASTS,6,19,0.0526315789473684,0.0526315789473684,0,stock_session,,
development,2024-03-05,CIFR,6,19,0.0526315789473684,0.0526315789473684,0,stock_session,,
development,2024-03-05,HIMS,5,19,0.0526315789473684,0.0526315789473684,0,stock_session,,
development,2024-03-05,IONQ,15,19,0.0526315789473684,0.0526315789473684,6.93889390390723e-18,stock_session,,
development,2024-03-05,IREN,6,19,0.0526315789473684,0.0526315789473684,0,stock_session,,
development,2024-03-05,MARA,6,19,0.0526315789473684,0.0526315789473684,0,stock_session,,
development,2024-03-05,MP,15,19,0.0526315789473684,0.0526315789473684,6.93889390390723e-18,stock_session,,
development,2024-03-05,MRNA,8,19,0.0526315789473684,0.0526315789473684,0,stock_session,,
development,2024-03-05,MSTR,3,19,0.0526315789473684,0.0526315789473684,0,stock_session,,
development,2024-03-05,NVTS,6,19,0.0526315789473684,0.0526315789473684,0,stock_session,,
development,2024-03-05,QBTS,15,19,0.0526315789473684,0.0526315789473684,6.93889390390723e-18,stock_session,,
development,2024-03-05,RGTI,6,19,0.0526315789473684,0.0526315789473684,0,stock_session,,
development,2024-03-05,RIOT,6,19,0.0526315789473684,0.0526315789473684,0,stock_session,,
development,2024-03-05,RIVN,6,19,0.0526315789473684,0.0526315789473684,0,stock_session,,
development,2024-03-05,SMCI,8,19,0.0526315789473684,0.0526315789473684,0,stock_session,,
development,2024-03-05,WULF,6,19,0.0526315789473684,0.0526315789473684,0,stock_session,,
development,2024-03-06,AAOI,6,19,0.0526315789473684,0.0526315789473684,0,stock_session,,
development,2024-03-06,APLD,3,19,0.0526315789473684,0.0526315789473684,0,stock_session,,
development,2024-03-06,ASTS,6,19,0.0526315789473684,0.0526315789473684,0,stock_session,,
development,2024-03-06,CIFR,6,19,0.0526315789473684,0.0526315789473684,0,stock_session,,
development,2024-03-06,HIMS,6,19,0.0526315789473684,0.0526315789473684,0,stock_session,,
development,2024-03-06,IONQ,15,19,0.0526315789473684,0.0526315789473684,6.93889390390723e-18,stock_session,,
development,2024-03-06,IREN,6,19,0.0526315789473684,0.0526315789473684,0,stock_session,,
development,2024-03-06,MARA,6,19,0.0526315789473684,0.0526315789473684,0,stock_session,,
development,2024-03-06,MP,13,19,0.0526315789473684,0.0526315789473684,0,stock_session,,
development,2024-03-06,MRNA,5,19,0.0526315789473684,0.0526315789473684,0,stock_session,,
development,2024-03-06,MSTR,3,19,0.0526315789473684,0.0526315789473684,0,stock_session,,
development,2024-03-06,NVTS,4,19,0.0526315789473684,0.0526315789473684,0,stock_session,,
development,2024-03-06,QBTS,14,19,0.0526315789473684,0.0526315789473684,0,stock_session,,
development,2024-03-06,RGTI,6,19,0.0526315789473684,0.0526315789473684,0,stock_session,,
development,2024-03-06,RIOT,6,19,0.0526315789473684,0.0526315789473684,0,stock_session,,
development,2024-03-06,RIVN,2,19,0.0526315789473684,0.0526315789473684,0,stock_session,,
development,2024-03-06,SMCI,6,19,0.0526315789473684,0.0526315789473684,0,stock_session,,
development,2024-03-06,SOFI,3,19,0.0526315789473684,0.0526315789473684,0,stock_session,,
development,2024-03-06,WULF,6,19,0.0526315789473684,0.0526315789473684,0,stock_session,,
development,2024-03-07,AAL,4,20,0.05,0.05,0,stock_session,,
development,2024-03-07,AAOI,14,20,0.05,0.05,6.93889390390723e-18,stock_session,,
development,2024-03-07,APLD,11,20,0.05,0.05,6.93889390390723e-18,stock_session,,
development,2024-03-07,ASTS,13,20,0.05,0.05,0,stock_session,,
development,2024-03-07,CIFR,14,20,0.05,0.05,6.93889390390723e-18,stock_session,,
development,2024-03-07,HIMS,3,20,0.05,0.05,0,stock_session,,
development,2024-03-07,IONQ,12,20,0.05,0.05,0,stock_session,,
development,2024-03-07,IREN,11,20,0.05,0.05,6.93889390390723e-18,stock_session,,
development,2024-03-07,MARA,13,20,0.05,0.05,0,stock_session,,
development,2024-03-07,MP,11,20,0.05,0.05,6.93889390390723e-18,stock_session,,
development,2024-03-07,MRNA,3,20,0.05,0.05,0,stock_session,,
development,2024-03-07,MSTR,13,20,0.05,0.05,0,stock_session,,
development,2024-03-07,NVTS,15,20,0.05,0.05,0,stock_session,,
development,2024-03-07,QBTS,5,20,0.05,0.05,0,stock_session,,
development,2024-03-07,RGTI,13,20,0.05,0.05,0,stock_session,,
development,2024-03-07,RIOT,13,20,0.05,0.05,0,stock_session,,
development,2024-03-07,RIVN,7,20,0.05,0.05,6.93889390390723e-18,stock_session,,
development,2024-03-07,SMCI,9,20,0.05,0.05,0,stock_session,,
development,2024-03-07,SOFI,12,20,0.05,0.05,0,stock_session,,
development,2024-03-07,WULF,14,20,0.05,0.05,6.93889390390723e-18,stock_session,,
development,2024-03-08,AAL,3,20,0.05,0.05,0,stock_session,,
development,2024-03-08,AAOI,13,20,0.05,0.05,0,stock_session,,
development,2024-03-08,APLD,8,20,0.05,0.05,0,stock_session,,
development,2024-03-08,ASTS,15,20,0.05,0.05,0,stock_session,,
development,2024-03-08,CIFR,15,20,0.05,0.05,0,stock_session,,
development,2024-03-08,HIMS,13,20,0.05,0.05,0,stock_session,,
development,2024-03-08,IONQ,6,20,0.05,0.05,0,stock_session,,
development,2024-03-08,IREN,15,20,0.05,0.05,0,stock_session,,
development,2024-03-08,MARA,15,20,0.05,0.05,0,stock_session,,
development,2024-03-08,MP,12,20,0.05,0.05,0,stock_session,,
development,2024-03-08,MRNA,3,20,0.05,0.05,0,stock_session,,
development,2024-03-08,MSTR,6,20,0.05,0.05,0,stock_session,,
development,2024-03-08,NVTS,5,20,0.05,0.05,0,stock_session,,
development,2024-03-08,QBTS,5,20,0.05,0.05,0,stock_session,,
development,2024-03-08,RGTI,10,20,0.05,0.05,0,stock_session,,
development,2024-03-08,RIOT,15,20,0.05,0.05,0,stock_session,,
development,2024-03-08,RIVN,6,20,0.05,0.05,0,stock_session,,
development,2024-03-08,SMCI,15,20,0.05,0.05,0,stock_session,,
development,2024-03-08,SOFI,13,20,0.05,0.05,0,stock_session,,
development,2024-03-08,WULF,15,20,0.05,0.05,0,stock_session,,
development,2024-03-11,AAL,5,20,0.05,0.05,0,stock_session,,
development,2024-03-11,AAOI,5,20,0.05,0.05,0,stock_session,,
development,2024-03-11,APLD,12,20,0.05,0.05,0,stock_session,,
development,2024-03-11,ASTS,9,20,0.05,0.05,0,stock_session,,
development,2024-03-11,CIFR,15,20,0.05,0.05,0,stock_session,,
development,2024-03-11,HIMS,7,20,0.05,0.05,6.93889390390723e-18,stock_session,,
development,2024-03-11,IONQ,13,20,0.05,0.05,0,stock_session,,
development,2024-03-11,IREN,12,20,0.05,0.05,0,stock_session,,
development,2024-03-11,MARA,15,20,0.05,0.05,0,stock_session,,
development,2024-03-11,MP,11,20,0.05,0.05,6.93889390390723e-18,stock_session,,
development,2024-03-11,MRNA,15,20,0.05,0.05,0,stock_session,,
development,2024-03-11,MSTR,8,20,0.05,0.05,0,stock_session,,
development,2024-03-11,NVTS,15,20,0.05,0.05,0,stock_session,,
development,2024-03-11,QBTS,15,20,0.05,0.05,0,stock_session,,
development,2024-03-11,RGTI,14,20,0.05,0.05,6.93889390390723e-18,stock_session,,
development,2024-03-11,RIOT,14,20,0.05,0.05,6.93889390390723e-18,stock_session,,
development,2024-03-11,RIVN,13,20,0.05,0.05,0,stock_session,,
development,2024-03-11,SMCI,15,20,0.05,0.05,0,stock_session,,
development,2024-03-11,SOFI,11,20,0.05,0.05,6.93889390390723e-18,stock_session,,
development,2024-03-11,WULF,15,20,0.05,0.05,0,stock_session,,
development,2024-03-12,AAL,4,20,0.05,0.05,0,stock_session,,
development,2024-03-12,AAOI,11,20,0.05,0.05,6.93889390390723e-18,stock_session,,
development,2024-03-12,APLD,11,20,0.05,0.05,6.93889390390723e-18,stock_session,,
development,2024-03-12,ASTS,15,20,0.05,0.05,0,stock_session,,
development,2024-03-12,CIFR,15,20,0.05,0.05,0,stock_session,,
development,2024-03-12,HIMS,9,20,0.05,0.05,0,stock_session,,
development,2024-03-12,IONQ,12,20,0.05,0.05,0,stock_session,,
development,2024-03-12,IREN,13,20,0.05,0.05,0,stock_session,,
development,2024-03-12,MARA,15,20,0.05,0.05,0,stock_session,,
development,2024-03-12,MP,7,20,0.05,0.05,6.93889390390723e-18,stock_session,,
development,2024-03-12,MRNA,7,20,0.05,0.05,6.93889390390723e-18,stock_session,,
development,2024-03-12,MSTR,9,20,0.05,0.05,0,stock_session,,
development,2024-03-12,NVTS,13,20,0.05,0.05,0,stock_session,,
development,2024-03-12,QBTS,15,20,0.05,0.05,0,stock_session,,
development,2024-03-12,RGTI,15,20,0.05,0.05,0,stock_session,,
development,2024-03-12,RIOT,13,20,0.05,0.05,0,stock_session,,
development,2024-03-12,RIVN,14,20,0.05,0.05,6.93889390390723e-18,stock_session,,
development,2024-03-12,SMCI,15,20,0.05,0.05,0,stock_session,,
development,2024-03-12,SOFI,12,20,0.05,0.05,0,stock_session,,
development,2024-03-12,WULF,15,20,0.05,0.05,0,stock_session,,
development,2024-03-13,AAL,4,20,0.05,0.05,0,stock_session,,
development,2024-03-13,AAOI,14,20,0.05,0.05,6.93889390390723e-18,stock_session,,
development,2024-03-13,APLD,12,20,0.05,0.05,0,stock_session,,
development,2024-03-13,ASTS,15,20,0.05,0.05,0,stock_session,,
development,2024-03-13,CIFR,14,20,0.05,0.05,6.93889390390723e-18,stock_session,,
development,2024-03-13,HIMS,9,20,0.05,0.05,0,stock_session,,
development,2024-03-13,IONQ,14,20,0.05,0.05,6.93889390390723e-18,stock_session,,
development,2024-03-13,IREN,10,20,0.05,0.05,0,stock_session,,
development,2024-03-13,MARA,15,20,0.05,0.05,0,stock_session,,
development,2024-03-13,MP,14,20,0.05,0.05,6.93889390390723e-18,stock_session,,
development,2024-03-13,MRNA,14,20,0.05,0.05,6.93889390390723e-18,stock_session,,
development,2024-03-13,MSTR,7,20,0.05,0.05,6.93889390390723e-18,stock_session,,
development,2024-03-13,NVTS,10,20,0.05,0.05,0,stock_session,,
development,2024-03-13,QBTS,11,20,0.05,0.05,6.93889390390723e-18,stock_session,,
development,2024-03-13,RGTI,14,20,0.05,0.05,6.93889390390723e-18,stock_session,,
development,2024-03-13,RIOT,13,20,0.05,0.05,0,stock_session,,
development,2024-03-13,RIVN,14,20,0.05,0.05,6.93889390390723e-18,stock_session,,
development,2024-03-13,SMCI,14,20,0.05,0.05,6.93889390390723e-18,stock_session,,
development,2024-03-13,SOFI,11,20,0.05,0.05,6.93889390390723e-18,stock_session,,
development,2024-03-13,WULF,15,20,0.05,0.05,0,stock_session,,
development,2024-03-14,AAL,1,20,0.05,0.05,0,stock_session,,
development,2024-03-14,AAOI,14,20,0.05,0.05,6.93889390390723e-18,stock_session,,
development,2024-03-14,APLD,13,20,0.05,0.05,0,stock_session,,
development,2024-03-14,ASTS,14,20,0.05,0.05,6.93889390390723e-18,stock_session,,
development,2024-03-14,CIFR,13,20,0.05,0.05,0,stock_session,,
development,2024-03-14,HIMS,15,20,0.05,0.05,0,stock_session,,
development,2024-03-14,IONQ,10,20,0.05,0.05,0,stock_session,,
development,2024-03-14,IREN,13,20,0.05,0.05,0,stock_session,,
development,2024-03-14,MARA,15,20,0.05,0.05,0,stock_session,,
development,2024-03-14,MP,7,20,0.05,0.05,6.93889390390723e-18,stock_session,,
development,2024-03-14,MRNA,6,20,0.05,0.05,0,stock_session,,
development,2024-03-14,MSTR,13,20,0.05,0.05,0,stock_session,,
development,2024-03-14,NVTS,14,20,0.05,0.05,6.93889390390723e-18,stock_session,,
development,2024-03-14,QBTS,13,20,0.05,0.05,0,stock_session,,
development,2024-03-14,RGTI,12,20,0.05,0.05,0,stock_session,,
development,2024-03-14,RIOT,13,20,0.05,0.05,0,stock_session,,
development,2024-03-14,RIVN,13,20,0.05,0.05,0,stock_session,,
development,2024-03-14,SMCI,14,20,0.05,0.05,6.93889390390723e-18,stock_session,,
development,2024-03-14,SOFI,11,20,0.05,0.05,6.93889390390723e-18,stock_session,,
development,2024-03-14,WULF,12,20,0.05,0.05,0,stock_session,,
development,2024-03-15,AAL,12,20,0.05,0.05,0,stock_session,,
development,2024-03-15,AAOI,10,20,0.05,0.05,0,stock_session,,
development,2024-03-15,APLD,2,20,0.05,0.05,0,stock_session,,
development,2024-03-15,ASTS,13,20,0.05,0.05,0,stock_session,,
development,2024-03-15,CIFR,15,20,0.05,0.05,0,stock_session,,
development,2024-03-15,HIMS,5,20,0.05,0.05,0,stock_session,,
development,2024-03-15,IONQ,13,20,0.05,0.05,0,stock_session,,
development,2024-03-15,IREN,13,20,0.05,0.05,0,stock_session,,
development,2024-03-15,MARA,11,20,0.05,0.05,6.93889390390723e-18,stock_session,,
development,2024-03-15,MP,15,20,0.05,0.05,0,stock_session,,
development,2024-03-15,MRNA,8,20,0.05,0.05,0,stock_session,,
development,2024-03-15,MSTR,15,20,0.05,0.05,0,stock_session,,
development,2024-03-15,NVTS,10,20,0.05,0.05,0,stock_session,,
development,2024-03-15,QBTS,11,20,0.05,0.05,6.93889390390723e-18,stock_session,,
development,2024-03-15,RGTI,15,20,0.05,0.05,0,stock_session,,
development,2024-03-15,RIOT,6,20,0.05,0.05,0,stock_session,,
development,2024-03-15,RIVN,10,20,0.05,0.05,0,stock_session,,
development,2024-03-15,SMCI,14,20,0.05,0.05,6.93889390390723e-18,stock_session,,
development,2024-03-15,SOFI,8,20,0.05,0.05,0,stock_session,,
development,2024-03-15,WULF,14,20,0.05,0.05,6.93889390390723e-18,stock_session,,
development,2024-03-18,AAOI,11,19,0.0526315789473684,0.0526315789473684,0,stock_session,,
development,2024-03-18,APLD,15,19,0.0526315789473684,0.0526315789473684,6.93889390390723e-18,stock_session,,
development,2024-03-18,ASTS,15,19,0.0526315789473684,0.0526315789473684,6.93889390390723e-18,stock_session,,
development,2024-03-18,CIFR,11,19,0.0526315789473684,0.0526315789473684,0,stock_session,,
development,2024-03-18,HIMS,14,19,0.0526315789473684,0.0526315789473684,0,stock_session,,
development,2024-03-18,IONQ,13,19,0.0526315789473684,0.0526315789473684,0,stock_session,,
development,2024-03-18,IREN,14,19,0.0526315789473684,0.0526315789473684,0,stock_session,,
development,2024-03-18,MARA,15,19,0.0526315789473684,0.0526315789473684,6.93889390390723e-18,stock_session,,
development,2024-03-18,MP,15,19,0.0526315789473684,0.0526315789473684,6.93889390390723e-18,stock_session,,
development,2024-03-18,MRNA,14,19,0.0526315789473684,0.0526315789473684,0,stock_session,,
development,2024-03-18,MSTR,5,19,0.0526315789473684,0.0526315789473684,0,stock_session,,
development,2024-03-18,NVTS,12,19,0.0526315789473684,0.0526315789473684,0,stock_session,,
development,2024-03-18,QBTS,12,19,0.0526315789473684,0.0526315789473684,0,stock_session,,
development,2024-03-18,RGTI,15,19,0.0526315789473684,0.0526315789473684,6.93889390390723e-18,stock_session,,
development,2024-03-18,RIOT,15,19,0.0526315789473684,0.0526315789473684,6.93889390390723e-18,stock_session,,
development,2024-03-18,RIVN,15,19,0.0526315789473684,0.0526315789473684,6.93889390390723e-18,stock_session,,
development,2024-03-18,SMCI,15,19,0.0526315789473684,0.0526315789473684,6.93889390390723e-18,stock_session,,
development,2024-03-18,SOFI,4,19,0.0526315789473684,0.0526315789473684,0,stock_session,,
development,2024-03-18,WULF,15,19,0.0526315789473684,0.0526315789473684,6.93889390390723e-18,stock_session,,
development,2024-03-19,AAOI,11,18,0.0555555555555556,0.0555555555555556,6.93889390390723e-18,stock_session,,
development,2024-03-19,APLD,13,18,0.0555555555555556,0.0555555555555556,6.93889390390723e-18,stock_session,,
development,2024-03-19,ASTS,7,18,0.0555555555555556,0.0555555555555556,0,stock_session,,
development,2024-03-19,CIFR,15,18,0.0555555555555556,0.0555555555555556,6.93889390390723e-18,stock_session,,
development,2024-03-19,HIMS,3,18,0.0555555555555556,0.0555555555555556,0,stock_session,,
development,2024-03-19,IONQ,5,18,0.0555555555555556,0.0555555555555556,6.93889390390723e-18,stock_session,,
development,2024-03-19,IREN,8,18,0.0555555555555556,0.0555555555555556,0,stock_session,,
development,2024-03-19,MARA,15,18,0.0555555555555556,0.0555555555555556,6.93889390390723e-18,stock_session,,
development,2024-03-19,MP,13,18,0.0555555555555556,0.0555555555555556,6.93889390390723e-18,stock_session,,
development,2024-03-19,MSTR,5,18,0.0555555555555556,0.0555555555555556,6.93889390390723e-18,stock_session,,
development,2024-03-19,NVTS,13,18,0.0555555555555556,0.0555555555555556,6.93889390390723e-18,stock_session,,
development,2024-03-19,QBTS,6,18,0.0555555555555556,0.0555555555555556,0,stock_session,,
development,2024-03-19,RGTI,8,18,0.0555555555555556,0.0555555555555556,0,stock_session,,
development,2024-03-19,RIOT,15,18,0.0555555555555556,0.0555555555555556,6.93889390390723e-18,stock_session,,
development,2024-03-19,RIVN,7,18,0.0555555555555556,0.0555555555555556,0,stock_session,,
development,2024-03-19,SMCI,11,18,0.0555555555555556,0.0555555555555556,6.93889390390723e-18,stock_session,,
development,2024-03-19,SOFI,1,18,0.0555555555555556,0.0555555555555556,0,stock_session,,
development,2024-03-19,WULF,15,18,0.0555555555555556,0.0555555555555556,6.93889390390723e-18,stock_session,,
development,2024-03-20,AAL,1,20,0.05,0.05,0,stock_session,,
development,2024-03-20,AAOI,13,20,0.05,0.05,0,stock_session,,
development,2024-03-20,APLD,15,20,0.05,0.05,0,stock_session,,
development,2024-03-20,ASTS,8,20,0.05,0.05,0,stock_session,,
development,2024-03-20,CIFR,12,20,0.05,0.05,0,stock_session,,
development,2024-03-20,HIMS,15,20,0.05,0.05,0,stock_session,,
development,2024-03-20,IONQ,13,20,0.05,0.05,0,stock_session,,
development,2024-03-20,IREN,12,20,0.05,0.05,0,stock_session,,
development,2024-03-20,MARA,15,20,0.05,0.05,0,stock_session,,
development,2024-03-20,MP,7,20,0.05,0.05,6.93889390390723e-18,stock_session,,
development,2024-03-20,MRNA,12,20,0.05,0.05,0,stock_session,,
development,2024-03-20,MSTR,13,20,0.05,0.05,0,stock_session,,
development,2024-03-20,NVTS,15,20,0.05,0.05,0,stock_session,,
development,2024-03-20,QBTS,11,20,0.05,0.05,6.93889390390723e-18,stock_session,,
development,2024-03-20,RGTI,13,20,0.05,0.05,0,stock_session,,
development,2024-03-20,RIOT,15,20,0.05,0.05,0,stock_session,,
development,2024-03-20,RIVN,7,20,0.05,0.05,6.93889390390723e-18,stock_session,,
development,2024-03-20,SMCI,13,20,0.05,0.05,0,stock_session,,
development,2024-03-20,SOFI,10,20,0.05,0.05,0,stock_session,,
development,2024-03-20,WULF,15,20,0.05,0.05,0,stock_session,,
development,2024-03-21,AAL,8,20,0.05,0.05,0,stock_session,,
development,2024-03-21,AAOI,15,20,0.05,0.05,0,stock_session,,
development,2024-03-21,APLD,14,20,0.05,0.05,6.93889390390723e-18,stock_session,,
development,2024-03-21,ASTS,11,20,0.05,0.05,6.93889390390723e-18,stock_session,,
development,2024-03-21,CIFR,15,20,0.05,0.05,0,stock_session,,
development,2024-03-21,HIMS,9,20,0.05,0.05,0,stock_session,,
development,2024-03-21,IONQ,13,20,0.05,0.05,0,stock_session,,
development,2024-03-21,IREN,4,20,0.05,0.05,0,stock_session,,
development,2024-03-21,MARA,15,20,0.05,0.05,0,stock_session,,
development,2024-03-21,MP,3,20,0.05,0.05,0,stock_session,,
development,2024-03-21,MRNA,2,20,0.05,0.05,0,stock_session,,
development,2024-03-21,MSTR,12,20,0.05,0.05,0,stock_session,,
development,2024-03-21,NVTS,13,20,0.05,0.05,0,stock_session,,
development,2024-03-21,QBTS,8,20,0.05,0.05,0,stock_session,,
development,2024-03-21,RGTI,12,20,0.05,0.05,0,stock_session,,
development,2024-03-21,RIOT,14,20,0.05,0.05,6.93889390390723e-18,stock_session,,
development,2024-03-21,RIVN,8,20,0.05,0.05,0,stock_session,,
development,2024-03-21,SMCI,10,20,0.05,0.05,0,stock_session,,
development,2024-03-21,SOFI,10,20,0.05,0.05,0,stock_session,,
development,2024-03-21,WULF,13,20,0.05,0.05,0,stock_session,,
development,2024-03-22,AAOI,14,19,0.0526315789473684,0.0526315789473684,0,stock_session,,
development,2024-03-22,APLD,13,19,0.0526315789473684,0.0526315789473684,0,stock_session,,
development,2024-03-22,ASTS,9,19,0.0526315789473684,0.0526315789473684,0,stock_session,,
development,2024-03-22,CIFR,14,19,0.0526315789473684,0.0526315789473684,0,stock_session,,
development,2024-03-22,HIMS,10,19,0.0526315789473684,0.0526315789473684,0,stock_session,,
development,2024-03-22,IONQ,8,19,0.0526315789473684,0.0526315789473684,0,stock_session,,
development,2024-03-22,IREN,15,19,0.0526315789473684,0.0526315789473684,6.93889390390723e-18,stock_session,,
development,2024-03-22,MARA,14,19,0.0526315789473684,0.0526315789473684,0,stock_session,,
development,2024-03-22,MP,2,19,0.0526315789473684,0.0526315789473684,0,stock_session,,
development,2024-03-22,MRNA,5,19,0.0526315789473684,0.0526315789473684,0,stock_session,,
development,2024-03-22,MSTR,15,19,0.0526315789473684,0.0526315789473684,6.93889390390723e-18,stock_session,,
development,2024-03-22,NVTS,11,19,0.0526315789473684,0.0526315789473684,0,stock_session,,
development,2024-03-22,QBTS,15,19,0.0526315789473684,0.0526315789473684,6.93889390390723e-18,stock_session,,
development,2024-03-22,RGTI,15,19,0.0526315789473684,0.0526315789473684,6.93889390390723e-18,stock_session,,
development,2024-03-22,RIOT,9,19,0.0526315789473684,0.0526315789473684,0,stock_session,,
development,2024-03-22,RIVN,9,19,0.0526315789473684,0.0526315789473684,0,stock_session,,
development,2024-03-22,SMCI,6,19,0.0526315789473684,0.0526315789473684,0,stock_session,,
development,2024-03-22,SOFI,6,19,0.0526315789473684,0.0526315789473684,0,stock_session,,
development,2024-03-22,WULF,14,19,0.0526315789473684,0.0526315789473684,0,stock_session,,
development,2024-03-25,AAL,1,20,0.05,0.05,0,stock_session,,
development,2024-03-25,AAOI,14,20,0.05,0.05,6.93889390390723e-18,stock_session,,
development,2024-03-25,APLD,15,20,0.05,0.05,0,stock_session,,
development,2024-03-25,ASTS,10,20,0.05,0.05,0,stock_session,,
development,2024-03-25,CIFR,9,20,0.05,0.05,0,stock_session,,
development,2024-03-25,HIMS,15,20,0.05,0.05,0,stock_session,,
development,2024-03-25,IONQ,11,20,0.05,0.05,6.93889390390723e-18,stock_session,,
development,2024-03-25,IREN,12,20,0.05,0.05,0,stock_session,,
development,2024-03-25,MARA,15,20,0.05,0.05,0,stock_session,,
development,2024-03-25,MP,13,20,0.05,0.05,0,stock_session,,
development,2024-03-25,MRNA,8,20,0.05,0.05,0,stock_session,,
development,2024-03-25,MSTR,9,20,0.05,0.05,0,stock_session,,
development,2024-03-25,NVTS,11,20,0.05,0.05,6.93889390390723e-18,stock_session,,
development,2024-03-25,QBTS,11,20,0.05,0.05,6.93889390390723e-18,stock_session,,
development,2024-03-25,RGTI,9,20,0.05,0.05,0,stock_session,,
development,2024-03-25,RIOT,15,20,0.05,0.05,0,stock_session,,
development,2024-03-25,RIVN,15,20,0.05,0.05,0,stock_session,,
development,2024-03-25,SMCI,12,20,0.05,0.05,0,stock_session,,
development,2024-03-25,SOFI,4,20,0.05,0.05,0,stock_session,,
development,2024-03-25,WULF,15,20,0.05,0.05,0,stock_session,,
development,2024-03-26,AAL,3,20,0.05,0.05,0,stock_session,,
development,2024-03-26,AAOI,9,20,0.05,0.05,0,stock_session,,
development,2024-03-26,APLD,11,20,0.05,0.05,6.93889390390723e-18,stock_session,,
development,2024-03-26,ASTS,11,20,0.05,0.05,6.93889390390723e-18,stock_session,,
development,2024-03-26,CIFR,10,20,0.05,0.05,0,stock_session,,
development,2024-03-26,HIMS,15,20,0.05,0.05,0,stock_session,,
development,2024-03-26,IONQ,9,20,0.05,0.05,0,stock_session,,
development,2024-03-26,IREN,14,20,0.05,0.05,6.93889390390723e-18,stock_session,,
development,2024-03-26,MARA,15,20,0.05,0.05,0,stock_session,,
development,2024-03-26,MP,4,20,0.05,0.05,0,stock_session,,
development,2024-03-26,MRNA,7,20,0.05,0.05,6.93889390390723e-18,stock_session,,
development,2024-03-26,MSTR,15,20,0.05,0.05,0,stock_session,,
development,2024-03-26,NVTS,10,20,0.05,0.05,0,stock_session,,
development,2024-03-26,QBTS,7,20,0.05,0.05,6.93889390390723e-18,stock_session,,
development,2024-03-26,RGTI,7,20,0.05,0.05,6.93889390390723e-18,stock_session,,
development,2024-03-26,RIOT,15,20,0.05,0.05,0,stock_session,,
development,2024-03-26,RIVN,10,20,0.05,0.05,0,stock_session,,
development,2024-03-26,SMCI,10,20,0.05,0.05,0,stock_session,,
development,2024-03-26,SOFI,7,20,0.05,0.05,6.93889390390723e-18,stock_session,,
development,2024-03-26,WULF,14,20,0.05,0.05,6.93889390390723e-18,stock_session,,
development,2024-03-27,AAL,4,20,0.05,0.05,0,stock_session,,
development,2024-03-27,AAOI,14,20,0.05,0.05,6.93889390390723e-18,stock_session,,
development,2024-03-27,APLD,10,20,0.05,0.05,0,stock_session,,
development,2024-03-27,ASTS,1,20,0.05,0.05,0,stock_session,,
development,2024-03-27,CIFR,14,20,0.05,0.05,6.93889390390723e-18,stock_session,,
development,2024-03-27,HIMS,8,20,0.05,0.05,0,stock_session,,
development,2024-03-27,IONQ,9,20,0.05,0.05,0,stock_session,,
development,2024-03-27,IREN,12,20,0.05,0.05,0,stock_session,,
development,2024-03-27,MARA,14,20,0.05,0.05,6.93889390390723e-18,stock_session,,
development,2024-03-27,MP,7,20,0.05,0.05,6.93889390390723e-18,stock_session,,
development,2024-03-27,MRNA,15,20,0.05,0.05,0,stock_session,,
development,2024-03-27,MSTR,15,20,0.05,0.05,0,stock_session,,
development,2024-03-27,NVTS,6,20,0.05,0.05,0,stock_session,,
development,2024-03-27,QBTS,13,20,0.05,0.05,0,stock_session,,
development,2024-03-27,RGTI,13,20,0.05,0.05,0,stock_session,,
development,2024-03-27,RIOT,15,20,0.05,0.05,0,stock_session,,
development,2024-03-27,RIVN,5,20,0.05,0.05,0,stock_session,,
development,2024-03-27,SMCI,11,20,0.05,0.05,6.93889390390723e-18,stock_session,,
development,2024-03-27,SOFI,4,20,0.05,0.05,0,stock_session,,
development,2024-03-27,WULF,15,20,0.05,0.05,0,stock_session,,
development,2024-03-28,AAL,4,20,0.05,0.05,0,stock_session,,
development,2024-03-28,AAOI,10,20,0.05,0.05,0,stock_session,,
development,2024-03-28,APLD,14,20,0.05,0.05,6.93889390390723e-18,stock_session,,
development,2024-03-28,ASTS,15,20,0.05,0.05,0,stock_session,,
development,2024-03-28,CIFR,12,20,0.05,0.05,0,stock_session,,
development,2024-03-28,HIMS,11,20,0.05,0.05,6.93889390390723e-18,stock_session,,
development,2024-03-28,IONQ,13,20,0.05,0.05,0,stock_session,,
development,2024-03-28,IREN,8,20,0.05,0.05,0,stock_session,,
development,2024-03-28,MARA,15,20,0.05,0.05,0,stock_session,,
development,2024-03-28,MP,6,20,0.05,0.05,0,stock_session,,
development,2024-03-28,MRNA,15,20,0.05,0.05,0,stock_session,,
development,2024-03-28,MSTR,10,20,0.05,0.05,0,stock_session,,
development,2024-03-28,NVTS,14,20,0.05,0.05,6.93889390390723e-18,stock_session,,
development,2024-03-28,QBTS,13,20,0.05,0.05,0,stock_session,,
development,2024-03-28,RGTI,14,20,0.05,0.05,6.93889390390723e-18,stock_session,,
development,2024-03-28,RIOT,15,20,0.05,0.05,0,stock_session,,
development,2024-03-28,RIVN,15,20,0.05,0.05,0,stock_session,,
development,2024-03-28,SMCI,10,20,0.05,0.05,0,stock_session,,
development,2024-03-28,SOFI,4,20,0.05,0.05,0,stock_session,,
development,2024-03-28,WULF,12,20,0.05,0.05,0,stock_session,,
development,2024-04-01,AAL,4,20,0.05,0.05,0,stock_session,,
development,2024-04-01,AAOI,12,20,0.05,0.05,0,stock_session,,
development,2024-04-01,APLD,13,20,0.05,0.05,0,stock_session,,
development,2024-04-01,ASTS,14,20,0.05,0.05,6.93889390390723e-18,stock_session,,
development,2024-04-01,CIFR,15,20,0.05,0.05,0,stock_session,,
development,2024-04-01,HIMS,13,20,0.05,0.05,0,stock_session,,
development,2024-04-01,IONQ,15,20,0.05,0.05,0,stock_session,,
development,2024-04-01,IREN,5,20,0.05,0.05,0,stock_session,,
development,2024-04-01,MARA,15,20,0.05,0.05,0,stock_session,,
development,2024-04-01,MP,8,20,0.05,0.05,0,stock_session,,
development,2024-04-01,MRNA,1,20,0.05,0.05,0,stock_session,,
development,2024-04-01,MSTR,14,20,0.05,0.05,6.93889390390723e-18,stock_session,,
development,2024-04-01,NVTS,5,20,0.05,0.05,0,stock_session,,
development,2024-04-01,QBTS,12,20,0.05,0.05,0,stock_session,,
development,2024-04-01,RGTI,13,20,0.05,0.05,0,stock_session,,
development,2024-04-01,RIOT,13,20,0.05,0.05,0,stock_session,,
development,2024-04-01,RIVN,12,20,0.05,0.05,0,stock_session,,
development,2024-04-01,SMCI,14,20,0.05,0.05,6.93889390390723e-18,stock_session,,
development,2024-04-01,SOFI,10,20,0.05,0.05,0,stock_session,,
development,2024-04-01,WULF,10,20,0.05,0.05,0,stock_session,,
development,2024-04-02,AAL,6,19,0.0526315789473684,0.0526315789473684,0,stock_session,,
development,2024-04-02,AAOI,11,19,0.0526315789473684,0.0526315789473684,0,stock_session,,
development,2024-04-02,APLD,10,19,0.0526315789473684,0.0526315789473684,0,stock_session,,
development,2024-04-02,CIFR,12,19,0.0526315789473684,0.0526315789473684,0,stock_session,,
development,2024-04-02,HIMS,11,19,0.0526315789473684,0.0526315789473684,0,stock_session,,
development,2024-04-02,IONQ,9,19,0.0526315789473684,0.0526315789473684,0,stock_session,,
development,2024-04-02,IREN,10,19,0.0526315789473684,0.0526315789473684,0,stock_session,,
development,2024-04-02,MARA,15,19,0.0526315789473684,0.0526315789473684,6.93889390390723e-18,stock_session,,
development,2024-04-02,MP,13,19,0.0526315789473684,0.0526315789473684,0,stock_session,,
development,2024-04-02,MRNA,6,19,0.0526315789473684,0.0526315789473684,0,stock_session,,
development,2024-04-02,MSTR,15,19,0.0526315789473684,0.0526315789473684,6.93889390390723e-18,stock_session,,
development,2024-04-02,NVTS,14,19,0.0526315789473684,0.0526315789473684,0,stock_session,,
development,2024-04-02,QBTS,14,19,0.0526315789473684,0.0526315789473684,0,stock_session,,
development,2024-04-02,RGTI,11,19,0.0526315789473684,0.0526315789473684,0,stock_session,,
development,2024-04-02,RIOT,15,19,0.0526315789473684,0.0526315789473684,6.93889390390723e-18,stock_session,,
development,2024-04-02,RIVN,15,19,0.0526315789473684,0.0526315789473684,6.93889390390723e-18,stock_session,,
development,2024-04-02,SMCI,9,19,0.0526315789473684,0.0526315789473684,0,stock_session,,
development,2024-04-02,SOFI,14,19,0.0526315789473684,0.0526315789473684,0,stock_session,,
development,2024-04-02,WULF,15,19,0.0526315789473684,0.0526315789473684,6.93889390390723e-18,stock_session,,
development,2024-04-03,AAL,6,20,0.05,0.05,0,stock_session,,
development,2024-04-03,AAOI,12,20,0.05,0.05,0,stock_session,,
development,2024-04-03,APLD,12,20,0.05,0.05,0,stock_session,,
development,2024-04-03,ASTS,10,20,0.05,0.05,0,stock_session,,
development,2024-04-03,CIFR,6,20,0.05,0.05,0,stock_session,,
development,2024-04-03,HIMS,11,20,0.05,0.05,6.93889390390723e-18,stock_session,,
development,2024-04-03,IONQ,11,20,0.05,0.05,6.93889390390723e-18,stock_session,,
development,2024-04-03,IREN,15,20,0.05,0.05,0,stock_session,,
development,2024-04-03,MARA,13,20,0.05,0.05,0,stock_session,,
development,2024-04-03,MP,13,20,0.05,0.05,0,stock_session,,
development,2024-04-03,MRNA,6,20,0.05,0.05,0,stock_session,,
development,2024-04-03,MSTR,13,20,0.05,0.05,0,stock_session,,
development,2024-04-03,NVTS,14,20,0.05,0.05,6.93889390390723e-18,stock_session,,
development,2024-04-03,QBTS,7,20,0.05,0.05,6.93889390390723e-18,stock_session,,
development,2024-04-03,RGTI,15,20,0.05,0.05,0,stock_session,,
development,2024-04-03,RIOT,13,20,0.05,0.05,0,stock_session,,
development,2024-04-03,RIVN,12,20,0.05,0.05,0,stock_session,,
development,2024-04-03,SMCI,8,20,0.05,0.05,0,stock_session,,
development,2024-04-03,SOFI,9,20,0.05,0.05,0,stock_session,,
development,2024-04-03,WULF,12,20,0.05,0.05,0,stock_session,,
development,2024-04-04,AAOI,11,18,0.0555555555555556,0.0555555555555556,6.93889390390723e-18,stock_session,,
development,2024-04-04,APLD,12,18,0.0555555555555556,0.0555555555555556,0,stock_session,,
development,2024-04-04,ASTS,12,18,0.0555555555555556,0.0555555555555556,0,stock_session,,
development,2024-04-04,CIFR,15,18,0.0555555555555556,0.0555555555555556,6.93889390390723e-18,stock_session,,
development,2024-04-04,HIMS,14,18,0.0555555555555556,0.0555555555555556,0,stock_session,,
development,2024-04-04,IONQ,11,18,0.0555555555555556,0.0555555555555556,6.93889390390723e-18,stock_session,,
development,2024-04-04,IREN,15,18,0.0555555555555556,0.0555555555555556,6.93889390390723e-18,stock_session,,
development,2024-04-04,MARA,15,18,0.0555555555555556,0.0555555555555556,6.93889390390723e-18,stock_session,,
development,2024-04-04,MP,2,18,0.0555555555555556,0.0555555555555556,0,stock_session,,
development,2024-04-04,MRNA,6,18,0.0555555555555556,0.0555555555555556,0,stock_session,,
development,2024-04-04,MSTR,13,18,0.0555555555555556,0.0555555555555556,6.93889390390723e-18,stock_session,,
development,2024-04-04,NVTS,10,18,0.0555555555555556,0.0555555555555556,6.93889390390723e-18,stock_session,,
development,2024-04-04,QBTS,13,18,0.0555555555555556,0.0555555555555556,6.93889390390723e-18,stock_session,,
development,2024-04-04,RGTI,10,18,0.0555555555555556,0.0555555555555556,6.93889390390723e-18,stock_session,,
development,2024-04-04,RIOT,13,18,0.0555555555555556,0.0555555555555556,6.93889390390723e-18,stock_session,,
development,2024-04-04,RIVN,8,18,0.0555555555555556,0.0555555555555556,0,stock_session,,
development,2024-04-04,SMCI,11,18,0.0555555555555556,0.0555555555555556,6.93889390390723e-18,stock_session,,
development,2024-04-04,WULF,15,18,0.0555555555555556,0.0555555555555556,6.93889390390723e-18,stock_session,,
development,2024-04-05,AAL,6,20,0.05,0.05,0,stock_session,,
development,2024-04-05,AAOI,11,20,0.05,0.05,6.93889390390723e-18,stock_session,,
development,2024-04-05,APLD,6,20,0.05,0.05,0,stock_session,,
development,2024-04-05,ASTS,12,20,0.05,0.05,0,stock_session,,
development,2024-04-05,CIFR,13,20,0.05,0.05,0,stock_session,,
development,2024-04-05,HIMS,10,20,0.05,0.05,0,stock_session,,
development,2024-04-05,IONQ,8,20,0.05,0.05,0,stock_session,,
development,2024-04-05,IREN,12,20,0.05,0.05,0,stock_session,,
development,2024-04-05,MARA,14,20,0.05,0.05,6.93889390390723e-18,stock_session,,
development,2024-04-05,MP,14,20,0.05,0.05,6.93889390390723e-18,stock_session,,
development,2024-04-05,MRNA,4,20,0.05,0.05,0,stock_session,,
development,2024-04-05,MSTR,14,20,0.05,0.05,6.93889390390723e-18,stock_session,,
development,2024-04-05,NVTS,12,20,0.05,0.05,0,stock_session,,
development,2024-04-05,QBTS,11,20,0.05,0.05,6.93889390390723e-18,stock_session,,
development,2024-04-05,RGTI,15,20,0.05,0.05,0,stock_session,,
development,2024-04-05,RIOT,15,20,0.05,0.05,0,stock_session,,
development,2024-04-05,RIVN,13,20,0.05,0.05,0,stock_session,,
development,2024-04-05,SMCI,14,20,0.05,0.05,6.93889390390723e-18,stock_session,,
development,2024-04-05,SOFI,9,20,0.05,0.05,0,stock_session,,
development,2024-04-05,WULF,15,20,0.05,0.05,0,stock_session,,
development,2024-04-08,AAL,8,20,0.05,0.05,0,stock_session,,
development,2024-04-08,AAOI,13,20,0.05,0.05,0,stock_session,,
development,2024-04-08,APLD,12,20,0.05,0.05,0,stock_session,,
development,2024-04-08,ASTS,14,20,0.05,0.05,6.93889390390723e-18,stock_session,,
development,2024-04-08,CIFR,13,20,0.05,0.05,0,stock_session,,
development,2024-04-08,HIMS,3,20,0.05,0.05,0,stock_session,,
development,2024-04-08,IONQ,12,20,0.05,0.05,0,stock_session,,
development,2024-04-08,IREN,5,20,0.05,0.05,0,stock_session,,
development,2024-04-08,MARA,15,20,0.05,0.05,0,stock_session,,
development,2024-04-08,MP,15,20,0.05,0.05,0,stock_session,,
development,2024-04-08,MRNA,1,20,0.05,0.05,0,stock_session,,
development,2024-04-08,MSTR,14,20,0.05,0.05,6.93889390390723e-18,stock_session,,
development,2024-04-08,NVTS,10,20,0.05,0.05,0,stock_session,,
development,2024-04-08,QBTS,15,20,0.05,0.05,0,stock_session,,
development,2024-04-08,RGTI,13,20,0.05,0.05,0,stock_session,,
development,2024-04-08,RIOT,15,20,0.05,0.05,0,stock_session,,
development,2024-04-08,RIVN,14,20,0.05,0.05,6.93889390390723e-18,stock_session,,
development,2024-04-08,SMCI,11,20,0.05,0.05,6.93889390390723e-18,stock_session,,
development,2024-04-08,SOFI,14,20,0.05,0.05,6.93889390390723e-18,stock_session,,
development,2024-04-08,WULF,15,20,0.05,0.05,0,stock_session,,
development,2024-04-09,AAL,2,19,0.0526315789473684,0.0526315789473684,0,stock_session,,
development,2024-04-09,AAOI,6,19,0.0526315789473684,0.0526315789473684,0,stock_session,,
development,2024-04-09,APLD,12,19,0.0526315789473684,0.0526315789473684,0,stock_session,,
development,2024-04-09,ASTS,13,19,0.0526315789473684,0.0526315789473684,0,stock_session,,
development,2024-04-09,CIFR,15,19,0.0526315789473684,0.0526315789473684,6.93889390390723e-18,stock_session,,
development,2024-04-09,HIMS,11,19,0.0526315789473684,0.0526315789473684,0,stock_session,,
development,2024-04-09,IONQ,12,19,0.0526315789473684,0.0526315789473684,0,stock_session,,
development,2024-04-09,IREN,9,19,0.0526315789473684,0.0526315789473684,0,stock_session,,
development,2024-04-09,MARA,12,19,0.0526315789473684,0.0526315789473684,0,stock_session,,
development,2024-04-09,MRNA,15,19,0.0526315789473684,0.0526315789473684,6.93889390390723e-18,stock_session,,
development,2024-04-09,MSTR,13,19,0.0526315789473684,0.0526315789473684,0,stock_session,,
development,2024-04-09,NVTS,13,19,0.0526315789473684,0.0526315789473684,0,stock_session,,
development,2024-04-09,QBTS,11,19,0.0526315789473684,0.0526315789473684,0,stock_session,,
development,2024-04-09,RGTI,13,19,0.0526315789473684,0.0526315789473684,0,stock_session,,
development,2024-04-09,RIOT,8,19,0.0526315789473684,0.0526315789473684,0,stock_session,,
development,2024-04-09,RIVN,9,19,0.0526315789473684,0.0526315789473684,0,stock_session,,
development,2024-04-09,SMCI,14,19,0.0526315789473684,0.0526315789473684,0,stock_session,,
development,2024-04-09,SOFI,8,19,0.0526315789473684,0.0526315789473684,0,stock_session,,
development,2024-04-09,WULF,13,19,0.0526315789473684,0.0526315789473684,0,stock_session,,
development,2024-04-10,AAL,13,20,0.05,0.05,0,stock_session,,
development,2024-04-10,AAOI,12,20,0.05,0.05,0,stock_session,,
development,2024-04-10,APLD,13,20,0.05,0.05,0,stock_session,,
development,2024-04-10,ASTS,15,20,0.05,0.05,0,stock_session,,
development,2024-04-10,CIFR,15,20,0.05,0.05,0,stock_session,,
development,2024-04-10,HIMS,11,20,0.05,0.05,6.93889390390723e-18,stock_session,,
development,2024-04-10,IONQ,12,20,0.05,0.05,0,stock_session,,
development,2024-04-10,IREN,13,20,0.05,0.05,0,stock_session,,
development,2024-04-10,MARA,14,20,0.05,0.05,6.93889390390723e-18,stock_session,,
development,2024-04-10,MP,9,20,0.05,0.05,0,stock_session,,
development,2024-04-10,MRNA,10,20,0.05,0.05,0,stock_session,,
development,2024-04-10,MSTR,14,20,0.05,0.05,6.93889390390723e-18,stock_session,,
development,2024-04-10,NVTS,14,20,0.05,0.05,6.93889390390723e-18,stock_session,,
development,2024-04-10,QBTS,14,20,0.05,0.05,6.93889390390723e-18,stock_session,,
development,2024-04-10,RGTI,15,20,0.05,0.05,0,stock_session,,
development,2024-04-10,RIOT,15,20,0.05,0.05,0,stock_session,,
development,2024-04-10,RIVN,11,20,0.05,0.05,6.93889390390723e-18,stock_session,,
development,2024-04-10,SMCI,8,20,0.05,0.05,0,stock_session,,
development,2024-04-10,SOFI,15,20,0.05,0.05,0,stock_session,,
development,2024-04-10,WULF,14,20,0.05,0.05,6.93889390390723e-18,stock_session,,
development,2024-04-11,AAL,1,20,0.05,0.05,0,stock_session,,
development,2024-04-11,AAOI,7,20,0.05,0.05,6.93889390390723e-18,stock_session,,
development,2024-04-11,APLD,14,20,0.05,0.05,6.93889390390723e-18,stock_session,,
development,2024-04-11,ASTS,9,20,0.05,0.05,0,stock_session,,
development,2024-04-11,CIFR,14,20,0.05,0.05,6.93889390390723e-18,stock_session,,
development,2024-04-11,HIMS,9,20,0.05,0.05,0,stock_session,,
development,2024-04-11,IONQ,5,20,0.05,0.05,0,stock_session,,
development,2024-04-11,IREN,8,20,0.05,0.05,0,stock_session,,
development,2024-04-11,MARA,15,20,0.05,0.05,0,stock_session,,
development,2024-04-11,MP,14,20,0.05,0.05,6.93889390390723e-18,stock_session,,
development,2024-04-11,MRNA,4,20,0.05,0.05,0,stock_session,,
development,2024-04-11,MSTR,12,20,0.05,0.05,0,stock_session,,
development,2024-04-11,NVTS,9,20,0.05,0.05,0,stock_session,,
development,2024-04-11,QBTS,12,20,0.05,0.05,0,stock_session,,
development,2024-04-11,RGTI,10,20,0.05,0.05,0,stock_session,,
development,2024-04-11,RIOT,10,20,0.05,0.05,0,stock_session,,
development,2024-04-11,RIVN,5,20,0.05,0.05,0,stock_session,,
development,2024-04-11,SMCI,15,20,0.05,0.05,0,stock_session,,
development,2024-04-11,SOFI,11,20,0.05,0.05,6.93889390390723e-18,stock_session,,
development,2024-04-11,WULF,15,20,0.05,0.05,0,stock_session,,
development,2024-04-12,AAL,9,20,0.05,0.05,0,stock_session,,
development,2024-04-12,AAOI,9,20,0.05,0.05,0,stock_session,,
development,2024-04-12,APLD,15,20,0.05,0.05,0,stock_session,,
development,2024-04-12,ASTS,9,20,0.05,0.05,0,stock_session,,
development,2024-04-12,CIFR,14,20,0.05,0.05,6.93889390390723e-18,stock_session,,
development,2024-04-12,HIMS,13,20,0.05,0.05,0,stock_session,,
development,2024-04-12,IONQ,5,20,0.05,0.05,0,stock_session,,
development,2024-04-12,IREN,13,20,0.05,0.05,0,stock_session,,
development,2024-04-12,MARA,11,20,0.05,0.05,6.93889390390723e-18,stock_session,,
development,2024-04-12,MP,11,20,0.05,0.05,6.93889390390723e-18,stock_session,,
development,2024-04-12,MRNA,2,20,0.05,0.05,0,stock_session,,
development,2024-04-12,MSTR,9,20,0.05,0.05,0,stock_session,,
development,2024-04-12,NVTS,7,20,0.05,0.05,6.93889390390723e-18,stock_session,,
development,2024-04-12,QBTS,11,20,0.05,0.05,6.93889390390723e-18,stock_session,,
development,2024-04-12,RGTI,7,20,0.05,0.05,6.93889390390723e-18,stock_session,,
development,2024-04-12,RIOT,9,20,0.05,0.05,0,stock_session,,
development,2024-04-12,RIVN,15,20,0.05,0.05,0,stock_session,,
development,2024-04-12,SMCI,8,20,0.05,0.05,0,stock_session,,
development,2024-04-12,SOFI,10,20,0.05,0.05,0,stock_session,,
development,2024-04-12,WULF,12,20,0.05,0.05,0,stock_session,,
development,2024-04-15,AAL,11,20,0.05,0.05,6.93889390390723e-18,stock_session,,
development,2024-04-15,AAOI,15,20,0.05,0.05,0,stock_session,,
development,2024-04-15,APLD,11,20,0.05,0.05,6.93889390390723e-18,stock_session,,
development,2024-04-15,ASTS,14,20,0.05,0.05,6.93889390390723e-18,stock_session,,
development,2024-04-15,CIFR,7,20,0.05,0.05,6.93889390390723e-18,stock_session,,
development,2024-04-15,HIMS,15,20,0.05,0.05,0,stock_session,,
development,2024-04-15,IONQ,14,20,0.05,0.05,6.93889390390723e-18,stock_session,,
development,2024-04-15,IREN,10,20,0.05,0.05,0,stock_session,,
development,2024-04-15,MARA,6,20,0.05,0.05,0,stock_session,,
development,2024-04-15,MP,3,20,0.05,0.05,0,stock_session,,
development,2024-04-15,MRNA,1,20,0.05,0.05,0,stock_session,,
development,2024-04-15,MSTR,6,20,0.05,0.05,0,stock_session,,
development,2024-04-15,NVTS,13,20,0.05,0.05,0,stock_session,,
development,2024-04-15,QBTS,11,20,0.05,0.05,6.93889390390723e-18,stock_session,,
development,2024-04-15,RGTI,10,20,0.05,0.05,0,stock_session,,
development,2024-04-15,RIOT,14,20,0.05,0.05,6.93889390390723e-18,stock_session,,
development,2024-04-15,RIVN,11,20,0.05,0.05,6.93889390390723e-18,stock_session,,
development,2024-04-15,SMCI,8,20,0.05,0.05,0,stock_session,,
development,2024-04-15,SOFI,9,20,0.05,0.05,0,stock_session,,
development,2024-04-15,WULF,12,20,0.05,0.05,0,stock_session,,
development,2024-04-16,AAL,6,20,0.05,0.05,0,stock_session,,
development,2024-04-16,AAOI,15,20,0.05,0.05,0,stock_session,,
development,2024-04-16,APLD,15,20,0.05,0.05,0,stock_session,,
development,2024-04-16,ASTS,10,20,0.05,0.05,0,stock_session,,
development,2024-04-16,CIFR,12,20,0.05,0.05,0,stock_session,,
development,2024-04-16,HIMS,2,20,0.05,0.05,0,stock_session,,
development,2024-04-16,IONQ,15,20,0.05,0.05,0,stock_session,,
development,2024-04-16,IREN,12,20,0.05,0.05,0,stock_session,,
development,2024-04-16,MARA,11,20,0.05,0.05,6.93889390390723e-18,stock_session,,
development,2024-04-16,MP,8,20,0.05,0.05,0,stock_session,,
development,2024-04-16,MRNA,10,20,0.05,0.05,0,stock_session,,
development,2024-04-16,MSTR,14,20,0.05,0.05,6.93889390390723e-18,stock_session,,
development,2024-04-16,NVTS,13,20,0.05,0.05,0,stock_session,,
development,2024-04-16,QBTS,15,20,0.05,0.05,0,stock_session,,
development,2024-04-16,RGTI,15,20,0.05,0.05,0,stock_session,,
development,2024-04-16,RIOT,15,20,0.05,0.05,0,stock_session,,
development,2024-04-16,RIVN,13,20,0.05,0.05,0,stock_session,,
development,2024-04-16,SMCI,12,20,0.05,0.05,0,stock_session,,
development,2024-04-16,SOFI,3,20,0.05,0.05,0,stock_session,,
development,2024-04-16,WULF,14,20,0.05,0.05,6.93889390390723e-18,stock_session,,
development,2024-04-17,AAL,8,20,0.05,0.05,0,stock_session,,
development,2024-04-17,AAOI,15,20,0.05,0.05,0,stock_session,,
development,2024-04-17,APLD,14,20,0.05,0.05,6.93889390390723e-18,stock_session,,
development,2024-04-17,ASTS,15,20,0.05,0.05,0,stock_session,,
development,2024-04-17,CIFR,13,20,0.05,0.05,0,stock_session,,
development,2024-04-17,HIMS,12,20,0.05,0.05,0,stock_session,,
development,2024-04-17,IONQ,13,20,0.05,0.05,0,stock_session,,
development,2024-04-17,IREN,13,20,0.05,0.05,0,stock_session,,
development,2024-04-17,MARA,15,20,0.05,0.05,0,stock_session,,
development,2024-04-17,MP,13,20,0.05,0.05,0,stock_session,,
development,2024-04-17,MRNA,9,20,0.05,0.05,0,stock_session,,
development,2024-04-17,MSTR,15,20,0.05,0.05,0,stock_session,,
development,2024-04-17,NVTS,12,20,0.05,0.05,0,stock_session,,
development,2024-04-17,QBTS,8,20,0.05,0.05,0,stock_session,,
development,2024-04-17,RGTI,14,20,0.05,0.05,6.93889390390723e-18,stock_session,,
development,2024-04-17,RIOT,14,20,0.05,0.05,6.93889390390723e-18,stock_session,,
development,2024-04-17,RIVN,10,20,0.05,0.05,0,stock_session,,
development,2024-04-17,SMCI,13,20,0.05,0.05,0,stock_session,,
development,2024-04-17,SOFI,12,20,0.05,0.05,0,stock_session,,
development,2024-04-17,WULF,14,20,0.05,0.05,6.93889390390723e-18,stock_session,,
development,2024-04-18,AAL,5,20,0.05,0.05,0,stock_session,,
development,2024-04-18,AAOI,15,20,0.05,0.05,0,stock_session,,
development,2024-04-18,APLD,15,20,0.05,0.05,0,stock_session,,
development,2024-04-18,ASTS,10,20,0.05,0.05,0,stock_session,,
development,2024-04-18,CIFR,15,20,0.05,0.05,0,stock_session,,
development,2024-04-18,HIMS,6,20,0.05,0.05,0,stock_session,,
development,2024-04-18,IONQ,15,20,0.05,0.05,0,stock_session,,
development,2024-04-18,IREN,14,20,0.05,0.05,6.93889390390723e-18,stock_session,,
development,2024-04-18,MARA,15,20,0.05,0.05,0,stock_session,,
development,2024-04-18,MP,12,20,0.05,0.05,0,stock_session,,
development,2024-04-18,MRNA,8,20,0.05,0.05,0,stock_session,,
development,2024-04-18,MSTR,15,20,0.05,0.05,0,stock_session,,
development,2024-04-18,NVTS,10,20,0.05,0.05,0,stock_session,,
development,2024-04-18,QBTS,15,20,0.05,0.05,0,stock_session,,
development,2024-04-18,RGTI,13,20,0.05,0.05,0,stock_session,,
development,2024-04-18,RIOT,15,20,0.05,0.05,0,stock_session,,
development,2024-04-18,RIVN,15,20,0.05,0.05,0,stock_session,,
development,2024-04-18,SMCI,10,20,0.05,0.05,0,stock_session,,
development,2024-04-18,SOFI,11,20,0.05,0.05,6.93889390390723e-18,stock_session,,
development,2024-04-18,WULF,12,20,0.05,0.05,0,stock_session,,
development,2024-04-19,AAL,6,20,0.05,0.05,0,stock_session,,
development,2024-04-19,AAOI,9,20,0.05,0.05,0,stock_session,,
development,2024-04-19,APLD,7,20,0.05,0.05,6.93889390390723e-18,stock_session,,
development,2024-04-19,ASTS,13,20,0.05,0.05,0,stock_session,,
development,2024-04-19,CIFR,15,20,0.05,0.05,0,stock_session,,
development,2024-04-19,HIMS,15,20,0.05,0.05,0,stock_session,,
development,2024-04-19,IONQ,14,20,0.05,0.05,6.93889390390723e-18,stock_session,,
development,2024-04-19,IREN,15,20,0.05,0.05,0,stock_session,,
development,2024-04-19,MARA,15,20,0.05,0.05,0,stock_session,,
development,2024-04-19,MP,10,20,0.05,0.05,0,stock_session,,
development,2024-04-19,MRNA,5,20,0.05,0.05,0,stock_session,,
development,2024-04-19,MSTR,13,20,0.05,0.05,0,stock_session,,
development,2024-04-19,NVTS,14,20,0.05,0.05,6.93889390390723e-18,stock_session,,
development,2024-04-19,QBTS,13,20,0.05,0.05,0,stock_session,,
development,2024-04-19,RGTI,11,20,0.05,0.05,6.93889390390723e-18,stock_session,,
development,2024-04-19,RIOT,14,20,0.05,0.05,6.93889390390723e-18,stock_session,,
development,2024-04-19,RIVN,14,20,0.05,0.05,6.93889390390723e-18,stock_session,,
development,2024-04-19,SMCI,12,20,0.05,0.05,0,stock_session,,
development,2024-04-19,SOFI,15,20,0.05,0.05,0,stock_session,,
development,2024-04-19,WULF,15,20,0.05,0.05,0,stock_session,,
development,2024-04-22,AAL,4,20,0.05,0.05,0,stock_session,,
development,2024-04-22,AAOI,9,20,0.05,0.05,0,stock_session,,
development,2024-04-22,APLD,10,20,0.05,0.05,0,stock_session,,
development,2024-04-22,ASTS,11,20,0.05,0.05,6.93889390390723e-18,stock_session,,
development,2024-04-22,CIFR,15,20,0.05,0.05,0,stock_session,,
development,2024-04-22,HIMS,11,20,0.05,0.05,6.93889390390723e-18,stock_session,,
development,2024-04-22,IONQ,10,20,0.05,0.05,0,stock_session,,
development,2024-04-22,IREN,8,20,0.05,0.05,0,stock_session,,
development,2024-04-22,MARA,15,20,0.05,0.05,0,stock_session,,
development,2024-04-22,MP,7,20,0.05,0.05,6.93889390390723e-18,stock_session,,
development,2024-04-22,MRNA,7,20,0.05,0.05,6.93889390390723e-18,stock_session,,
development,2024-04-22,MSTR,6,20,0.05,0.05,0,stock_session,,
development,2024-04-22,NVTS,13,20,0.05,0.05,0,stock_session,,
development,2024-04-22,QBTS,15,20,0.05,0.05,0,stock_session,,
development,2024-04-22,RGTI,10,20,0.05,0.05,0,stock_session,,
development,2024-04-22,RIOT,3,20,0.05,0.05,0,stock_session,,
development,2024-04-22,RIVN,9,20,0.05,0.05,0,stock_session,,
development,2024-04-22,SMCI,15,20,0.05,0.05,0,stock_session,,
development,2024-04-22,SOFI,10,20,0.05,0.05,0,stock_session,,
development,2024-04-22,WULF,9,20,0.05,0.05,0,stock_session,,
development,2024-04-23,AAL,10,20,0.05,0.05,0,stock_session,,
development,2024-04-23,AAOI,15,20,0.05,0.05,0,stock_session,,
development,2024-04-23,APLD,13,20,0.05,0.05,0,stock_session,,
development,2024-04-23,ASTS,13,20,0.05,0.05,0,stock_session,,
development,2024-04-23,CIFR,15,20,0.05,0.05,0,stock_session,,
development,2024-04-23,HIMS,11,20,0.05,0.05,6.93889390390723e-18,stock_session,,
development,2024-04-23,IONQ,13,20,0.05,0.05,0,stock_session,,
development,2024-04-23,IREN,12,20,0.05,0.05,0,stock_session,,
development,2024-04-23,MARA,15,20,0.05,0.05,0,stock_session,,
development,2024-04-23,MP,8,20,0.05,0.05,0,stock_session,,
development,2024-04-23,MRNA,10,20,0.05,0.05,0,stock_session,,
development,2024-04-23,MSTR,15,20,0.05,0.05,0,stock_session,,
development,2024-04-23,NVTS,15,20,0.05,0.05,0,stock_session,,
development,2024-04-23,QBTS,15,20,0.05,0.05,0,stock_session,,
development,2024-04-23,RGTI,14,20,0.05,0.05,6.93889390390723e-18,stock_session,,
development,2024-04-23,RIOT,4,20,0.05,0.05,0,stock_session,,
development,2024-04-23,RIVN,9,20,0.05,0.05,0,stock_session,,
development,2024-04-23,SMCI,15,20,0.05,0.05,0,stock_session,,
development,2024-04-23,SOFI,12,20,0.05,0.05,0,stock_session,,
development,2024-04-23,WULF,15,20,0.05,0.05,0,stock_session,,
development,2024-04-24,AAL,15,20,0.05,0.05,0,stock_session,,
development,2024-04-24,AAOI,14,20,0.05,0.05,6.93889390390723e-18,stock_session,,
development,2024-04-24,APLD,11,20,0.05,0.05,6.93889390390723e-18,stock_session,,
development,2024-04-24,ASTS,8,20,0.05,0.05,0,stock_session,,
development,2024-04-24,CIFR,11,20,0.05,0.05,6.93889390390723e-18,stock_session,,
development,2024-04-24,HIMS,13,20,0.05,0.05,0,stock_session,,
development,2024-04-24,IONQ,12,20,0.05,0.05,0,stock_session,,
development,2024-04-24,IREN,13,20,0.05,0.05,0,stock_session,,
development,2024-04-24,MARA,15,20,0.05,0.05,0,stock_session,,
development,2024-04-24,MP,14,20,0.05,0.05,6.93889390390723e-18,stock_session,,
development,2024-04-24,MRNA,14,20,0.05,0.05,6.93889390390723e-18,stock_session,,
development,2024-04-24,MSTR,13,20,0.05,0.05,0,stock_session,,
development,2024-04-24,NVTS,15,20,0.05,0.05,0,stock_session,,
development,2024-04-24,QBTS,7,20,0.05,0.05,6.93889390390723e-18,stock_session,,
development,2024-04-24,RGTI,8,20,0.05,0.05,0,stock_session,,
development,2024-04-24,RIOT,10,20,0.05,0.05,0,stock_session,,
development,2024-04-24,RIVN,15,20,0.05,0.05,0,stock_session,,
development,2024-04-24,SMCI,12,20,0.05,0.05,0,stock_session,,
development,2024-04-24,SOFI,12,20,0.05,0.05,0,stock_session,,
development,2024-04-24,WULF,15,20,0.05,0.05,0,stock_session,,
development,2024-04-25,AAL,15,20,0.05,0.05,0,stock_session,,
development,2024-04-25,AAOI,12,20,0.05,0.05,0,stock_session,,
development,2024-04-25,APLD,15,20,0.05,0.05,0,stock_session,,
development,2024-04-25,ASTS,10,20,0.05,0.05,0,stock_session,,
development,2024-04-25,CIFR,15,20,0.05,0.05,0,stock_session,,
development,2024-04-25,HIMS,1,20,0.05,0.05,0,stock_session,,
development,2024-04-25,IONQ,9,20,0.05,0.05,0,stock_session,,
development,2024-04-25,IREN,6,20,0.05,0.05,0,stock_session,,
development,2024-04-25,MARA,9,20,0.05,0.05,0,stock_session,,
development,2024-04-25,MP,11,20,0.05,0.05,6.93889390390723e-18,stock_session,,
development,2024-04-25,MRNA,10,20,0.05,0.05,0,stock_session,,
development,2024-04-25,MSTR,14,20,0.05,0.05,6.93889390390723e-18,stock_session,,
development,2024-04-25,NVTS,13,20,0.05,0.05,0,stock_session,,
development,2024-04-25,QBTS,11,20,0.05,0.05,6.93889390390723e-18,stock_session,,
development,2024-04-25,RGTI,12,20,0.05,0.05,0,stock_session,,
development,2024-04-25,RIOT,14,20,0.05,0.05,6.93889390390723e-18,stock_session,,
development,2024-04-25,RIVN,9,20,0.05,0.05,0,stock_session,,
development,2024-04-25,SMCI,6,20,0.05,0.05,0,stock_session,,
development,2024-04-25,SOFI,8,20,0.05,0.05,0,stock_session,,
development,2024-04-25,WULF,14,20,0.05,0.05,6.93889390390723e-18,stock_session,,
development,2024-04-26,AAL,5,20,0.05,0.05,0,stock_session,,
development,2024-04-26,AAOI,15,20,0.05,0.05,0,stock_session,,
development,2024-04-26,APLD,13,20,0.05,0.05,0,stock_session,,
development,2024-04-26,ASTS,10,20,0.05,0.05,0,stock_session,,
development,2024-04-26,CIFR,14,20,0.05,0.05,6.93889390390723e-18,stock_session,,
development,2024-04-26,HIMS,7,20,0.05,0.05,6.93889390390723e-18,stock_session,,
development,2024-04-26,IONQ,10,20,0.05,0.05,0,stock_session,,
development,2024-04-26,IREN,15,20,0.05,0.05,0,stock_session,,
development,2024-04-26,MARA,12,20,0.05,0.05,0,stock_session,,
development,2024-04-26,MP,9,20,0.05,0.05,0,stock_session,,
development,2024-04-26,MRNA,6,20,0.05,0.05,0,stock_session,,
development,2024-04-26,MSTR,15,20,0.05,0.05,0,stock_session,,
development,2024-04-26,NVTS,15,20,0.05,0.05,0,stock_session,,
development,2024-04-26,QBTS,10,20,0.05,0.05,0,stock_session,,
development,2024-04-26,RGTI,11,20,0.05,0.05,6.93889390390723e-18,stock_session,,
development,2024-04-26,RIOT,12,20,0.05,0.05,0,stock_session,,
development,2024-04-26,RIVN,9,20,0.05,0.05,0,stock_session,,
development,2024-04-26,SMCI,11,20,0.05,0.05,6.93889390390723e-18,stock_session,,
development,2024-04-26,SOFI,8,20,0.05,0.05,0,stock_session,,
development,2024-04-26,WULF,15,20,0.05,0.05,0,stock_session,,
development,2024-04-29,AAL,7,20,0.05,0.05,6.93889390390723e-18,stock_session,,
development,2024-04-29,AAOI,10,20,0.05,0.05,0,stock_session,,
development,2024-04-29,APLD,11,20,0.05,0.05,6.93889390390723e-18,stock_session,,
development,2024-04-29,ASTS,15,20,0.05,0.05,0,stock_session,,
development,2024-04-29,CIFR,15,20,0.05,0.05,0,stock_session,,
development,2024-04-29,HIMS,11,20,0.05,0.05,6.93889390390723e-18,stock_session,,
development,2024-04-29,IONQ,12,20,0.05,0.05,0,stock_session,,
development,2024-04-29,IREN,13,20,0.05,0.05,0,stock_session,,
development,2024-04-29,MARA,15,20,0.05,0.05,0,stock_session,,
development,2024-04-29,MP,5,20,0.05,0.05,0,stock_session,,
development,2024-04-29,MRNA,8,20,0.05,0.05,0,stock_session,,
development,2024-04-29,MSTR,15,20,0.05,0.05,0,stock_session,,
development,2024-04-29,NVTS,6,20,0.05,0.05,0,stock_session,,
development,2024-04-29,QBTS,15,20,0.05,0.05,0,stock_session,,
development,2024-04-29,RGTI,15,20,0.05,0.05,0,stock_session,,
development,2024-04-29,RIOT,15,20,0.05,0.05,0,stock_session,,
development,2024-04-29,RIVN,12,20,0.05,0.05,0,stock_session,,
development,2024-04-29,SMCI,11,20,0.05,0.05,6.93889390390723e-18,stock_session,,
development,2024-04-29,SOFI,15,20,0.05,0.05,0,stock_session,,
development,2024-04-29,WULF,15,20,0.05,0.05,0,stock_session,,
development,2024-04-30,AAL,8,20,0.05,0.05,0,stock_session,,
development,2024-04-30,AAOI,14,20,0.05,0.05,6.93889390390723e-18,stock_session,,
development,2024-04-30,APLD,6,20,0.05,0.05,0,stock_session,,
development,2024-04-30,ASTS,10,20,0.05,0.05,0,stock_session,,
development,2024-04-30,CIFR,13,20,0.05,0.05,0,stock_session,,
development,2024-04-30,HIMS,10,20,0.05,0.05,0,stock_session,,
development,2024-04-30,IONQ,9,20,0.05,0.05,0,stock_session,,
development,2024-04-30,IREN,14,20,0.05,0.05,6.93889390390723e-18,stock_session,,
development,2024-04-30,MARA,13,20,0.05,0.05,0,stock_session,,
development,2024-04-30,MP,8,20,0.05,0.05,0,stock_session,,
development,2024-04-30,MRNA,6,20,0.05,0.05,0,stock_session,,
development,2024-04-30,MSTR,15,20,0.05,0.05,0,stock_session,,
development,2024-04-30,NVTS,15,20,0.05,0.05,0,stock_session,,
development,2024-04-30,QBTS,14,20,0.05,0.05,6.93889390390723e-18,stock_session,,
development,2024-04-30,RGTI,12,20,0.05,0.05,0,stock_session,,
development,2024-04-30,RIOT,15,20,0.05,0.05,0,stock_session,,
development,2024-04-30,RIVN,14,20,0.05,0.05,6.93889390390723e-18,stock_session,,
development,2024-04-30,SMCI,13,20,0.05,0.05,0,stock_session,,
development,2024-04-30,SOFI,1,20,0.05,0.05,0,stock_session,,
development,2024-04-30,WULF,15,20,0.05,0.05,0,stock_session,,
development,2024-05-01,AAL,5,20,0.05,0.05,0,stock_session,,
development,2024-05-01,AAOI,13,20,0.05,0.05,0,stock_session,,
development,2024-05-01,APLD,9,20,0.05,0.05,0,stock_session,,
development,2024-05-01,ASTS,9,20,0.05,0.05,0,stock_session,,
development,2024-05-01,CIFR,15,20,0.05,0.05,0,stock_session,,
development,2024-05-01,HIMS,15,20,0.05,0.05,0,stock_session,,
development,2024-05-01,IONQ,11,20,0.05,0.05,6.93889390390723e-18,stock_session,,
development,2024-05-01,IREN,14,20,0.05,0.05,6.93889390390723e-18,stock_session,,
development,2024-05-01,MARA,13,20,0.05,0.05,0,stock_session,,
development,2024-05-01,MP,12,20,0.05,0.05,0,stock_session,,
development,2024-05-01,MRNA,7,20,0.05,0.05,6.93889390390723e-18,stock_session,,
development,2024-05-01,MSTR,15,20,0.05,0.05,0,stock_session,,
development,2024-05-01,NVTS,14,20,0.05,0.05,6.93889390390723e-18,stock_session,,
development,2024-05-01,QBTS,14,20,0.05,0.05,6.93889390390723e-18,stock_session,,
development,2024-05-01,RGTI,14,20,0.05,0.05,6.93889390390723e-18,stock_session,,
development,2024-05-01,RIOT,15,20,0.05,0.05,0,stock_session,,
development,2024-05-01,RIVN,4,20,0.05,0.05,0,stock_session,,
development,2024-05-01,SMCI,12,20,0.05,0.05,0,stock_session,,
development,2024-05-01,SOFI,15,20,0.05,0.05,0,stock_session,,
development,2024-05-01,WULF,14,20,0.05,0.05,6.93889390390723e-18,stock_session,,
development,2024-05-02,AAL,4,20,0.05,0.05,0,stock_session,,
development,2024-05-02,AAOI,7,20,0.05,0.05,6.93889390390723e-18,stock_session,,
development,2024-05-02,APLD,14,20,0.05,0.05,6.93889390390723e-18,stock_session,,
development,2024-05-02,ASTS,6,20,0.05,0.05,0,stock_session,,
development,2024-05-02,CIFR,14,20,0.05,0.05,6.93889390390723e-18,stock_session,,
development,2024-05-02,HIMS,7,20,0.05,0.05,6.93889390390723e-18,stock_session,,
development,2024-05-02,IONQ,8,20,0.05,0.05,0,stock_session,,
development,2024-05-02,IREN,15,20,0.05,0.05,0,stock_session,,
development,2024-05-02,MARA,6,20,0.05,0.05,0,stock_session,,
development,2024-05-02,MP,8,20,0.05,0.05,0,stock_session,,
development,2024-05-02,MRNA,15,20,0.05,0.05,0,stock_session,,
development,2024-05-02,MSTR,15,20,0.05,0.05,0,stock_session,,
development,2024-05-02,NVTS,3,20,0.05,0.05,0,stock_session,,
development,2024-05-02,QBTS,14,20,0.05,0.05,6.93889390390723e-18,stock_session,,
development,2024-05-02,RGTI,12,20,0.05,0.05,0,stock_session,,
development,2024-05-02,RIOT,10,20,0.05,0.05,0,stock_session,,
development,2024-05-02,RIVN,1,20,0.05,0.05,0,stock_session,,
development,2024-05-02,SMCI,14,20,0.05,0.05,6.93889390390723e-18,stock_session,,
development,2024-05-02,SOFI,6,20,0.05,0.05,0,stock_session,,
development,2024-05-02,WULF,7,20,0.05,0.05,6.93889390390723e-18,stock_session,,
development,2024-05-03,AAL,2,20,0.05,0.05,0,stock_session,,
development,2024-05-03,AAOI,2,20,0.05,0.05,0,stock_session,,
development,2024-05-03,APLD,2,20,0.05,0.05,0,stock_session,,
development,2024-05-03,ASTS,2,20,0.05,0.05,0,stock_session,,
development,2024-05-03,CIFR,2,20,0.05,0.05,0,stock_session,,
development,2024-05-03,HIMS,15,20,0.05,0.05,0,stock_session,,
development,2024-05-03,IONQ,1,20,0.05,0.05,0,stock_session,,
development,2024-05-03,IREN,13,20,0.05,0.05,0,stock_session,,
development,2024-05-03,MARA,2,20,0.05,0.05,0,stock_session,,
development,2024-05-03,MP,1,20,0.05,0.05,0,stock_session,,
development,2024-05-03,MRNA,2,20,0.05,0.05,0,stock_session,,
development,2024-05-03,MSTR,2,20,0.05,0.05,0,stock_session,,
development,2024-05-03,NVTS,2,20,0.05,0.05,0,stock_session,,
development,2024-05-03,QBTS,1,20,0.05,0.05,0,stock_session,,
development,2024-05-03,RGTI,15,20,0.05,0.05,0,stock_session,,
development,2024-05-03,RIOT,2,20,0.05,0.05,0,stock_session,,
development,2024-05-03,RIVN,2,20,0.05,0.05,0,stock_session,,
development,2024-05-03,SMCI,2,20,0.05,0.05,0,stock_session,,
development,2024-05-03,SOFI,2,20,0.05,0.05,0,stock_session,,
development,2024-05-03,WULF,2,20,0.05,0.05,0,stock_session,,
development,2024-05-06,AAOI,2,19,0.0526315789473684,0.0526315789473684,0,stock_session,,
development,2024-05-06,APLD,2,19,0.0526315789473684,0.0526315789473684,0,stock_session,,
development,2024-05-06,ASTS,10,19,0.0526315789473684,0.0526315789473684,0,stock_session,,
development,2024-05-06,CIFR,2,19,0.0526315789473684,0.0526315789473684,0,stock_session,,
development,2024-05-06,HIMS,1,19,0.0526315789473684,0.0526315789473684,0,stock_session,,
development,2024-05-06,IONQ,1,19,0.0526315789473684,0.0526315789473684,0,stock_session,,
development,2024-05-06,IREN,2,19,0.0526315789473684,0.0526315789473684,0,stock_session,,
development,2024-05-06,MARA,2,19,0.0526315789473684,0.0526315789473684,0,stock_session,,
development,2024-05-06,MP,9,19,0.0526315789473684,0.0526315789473684,0,stock_session,,
development,2024-05-06,MRNA,2,19,0.0526315789473684,0.0526315789473684,0,stock_session,,
development,2024-05-06,MSTR,2,19,0.0526315789473684,0.0526315789473684,0,stock_session,,
development,2024-05-06,NVTS,2,19,0.0526315789473684,0.0526315789473684,0,stock_session,,
development,2024-05-06,QBTS,1,19,0.0526315789473684,0.0526315789473684,0,stock_session,,
development,2024-05-06,RGTI,2,19,0.0526315789473684,0.0526315789473684,0,stock_session,,
development,2024-05-06,RIOT,2,19,0.0526315789473684,0.0526315789473684,0,stock_session,,
development,2024-05-06,RIVN,2,19,0.0526315789473684,0.0526315789473684,0,stock_session,,
development,2024-05-06,SMCI,2,19,0.0526315789473684,0.0526315789473684,0,stock_session,,
development,2024-05-06,SOFI,2,19,0.0526315789473684,0.0526315789473684,0,stock_session,,
development,2024-05-06,WULF,2,19,0.0526315789473684,0.0526315789473684,0,stock_session,,
development,2024-05-07,AAL,13,19,0.0526315789473684,0.0526315789473684,0,stock_session,,
development,2024-05-07,AAOI,10,19,0.0526315789473684,0.0526315789473684,0,stock_session,,
development,2024-05-07,APLD,10,19,0.0526315789473684,0.0526315789473684,0,stock_session,,
development,2024-05-07,ASTS,11,19,0.0526315789473684,0.0526315789473684,0,stock_session,,
development,2024-05-07,CIFR,13,19,0.0526315789473684,0.0526315789473684,0,stock_session,,
development,2024-05-07,HIMS,15,19,0.0526315789473684,0.0526315789473684,6.93889390390723e-18,stock_session,,
development,2024-05-07,IONQ,8,19,0.0526315789473684,0.0526315789473684,0,stock_session,,
development,2024-05-07,IREN,14,19,0.0526315789473684,0.0526315789473684,0,stock_session,,
development,2024-05-07,MARA,11,19,0.0526315789473684,0.0526315789473684,0,stock_session,,
development,2024-05-07,MP,7,19,0.0526315789473684,0.0526315789473684,0,stock_session,,
development,2024-05-07,MRNA,10,19,0.0526315789473684,0.0526315789473684,0,stock_session,,
development,2024-05-07,MSTR,12,19,0.0526315789473684,0.0526315789473684,0,stock_session,,
development,2024-05-07,NVTS,6,19,0.0526315789473684,0.0526315789473684,0,stock_session,,
development,2024-05-07,QBTS,12,19,0.0526315789473684,0.0526315789473684,0,stock_session,,
development,2024-05-07,RGTI,14,19,0.0526315789473684,0.0526315789473684,0,stock_session,,
development,2024-05-07,RIOT,9,19,0.0526315789473684,0.0526315789473684,0,stock_session,,
development,2024-05-07,SMCI,10,19,0.0526315789473684,0.0526315789473684,0,stock_session,,
development,2024-05-07,SOFI,5,19,0.0526315789473684,0.0526315789473684,0,stock_session,,
development,2024-05-07,WULF,14,19,0.0526315789473684,0.0526315789473684,0,stock_session,,
development,2024-05-08,AAOI,8,19,0.0526315789473684,0.0526315789473684,0,stock_session,,
development,2024-05-08,APLD,13,19,0.0526315789473684,0.0526315789473684,0,stock_session,,
development,2024-05-08,ASTS,12,19,0.0526315789473684,0.0526315789473684,0,stock_session,,
development,2024-05-08,CIFR,15,19,0.0526315789473684,0.0526315789473684,6.93889390390723e-18,stock_session,,
development,2024-05-08,HIMS,2,19,0.0526315789473684,0.0526315789473684,0,stock_session,,
development,2024-05-08,IONQ,9,19,0.0526315789473684,0.0526315789473684,0,stock_session,,
development,2024-05-08,IREN,15,19,0.0526315789473684,0.0526315789473684,6.93889390390723e-18,stock_session,,
development,2024-05-08,MARA,15,19,0.0526315789473684,0.0526315789473684,6.93889390390723e-18,stock_session,,
development,2024-05-08,MP,2,19,0.0526315789473684,0.0526315789473684,0,stock_session,,
development,2024-05-08,MRNA,6,19,0.0526315789473684,0.0526315789473684,0,stock_session,,
development,2024-05-08,MSTR,15,19,0.0526315789473684,0.0526315789473684,6.93889390390723e-18,stock_session,,
development,2024-05-08,NVTS,3,19,0.0526315789473684,0.0526315789473684,0,stock_session,,
development,2024-05-08,QBTS,15,19,0.0526315789473684,0.0526315789473684,6.93889390390723e-18,stock_session,,
development,2024-05-08,RGTI,13,19,0.0526315789473684,0.0526315789473684,0,stock_session,,
development,2024-05-08,RIOT,15,19,0.0526315789473684,0.0526315789473684,6.93889390390723e-18,stock_session,,
development,2024-05-08,RIVN,9,19,0.0526315789473684,0.0526315789473684,0,stock_session,,
development,2024-05-08,SMCI,13,19,0.0526315789473684,0.0526315789473684,0,stock_session,,
development,2024-05-08,SOFI,9,19,0.0526315789473684,0.0526315789473684,0,stock_session,,
development,2024-05-08,WULF,14,19,0.0526315789473684,0.0526315789473684,0,stock_session,,
development,2024-05-09,AAOI,15,19,0.0526315789473684,0.0526315789473684,6.93889390390723e-18,stock_session,,
development,2024-05-09,APLD,4,19,0.0526315789473684,0.0526315789473684,0,stock_session,,
development,2024-05-09,ASTS,14,19,0.0526315789473684,0.0526315789473684,0,stock_session,,
development,2024-05-09,CIFR,15,19,0.0526315789473684,0.0526315789473684,6.93889390390723e-18,stock_session,,
development,2024-05-09,HIMS,2,19,0.0526315789473684,0.0526315789473684,0,stock_session,,
development,2024-05-09,IONQ,15,19,0.0526315789473684,0.0526315789473684,6.93889390390723e-18,stock_session,,
development,2024-05-09,IREN,9,19,0.0526315789473684,0.0526315789473684,0,stock_session,,
development,2024-05-09,MARA,12,19,0.0526315789473684,0.0526315789473684,0,stock_session,,
development,2024-05-09,MP,1,19,0.0526315789473684,0.0526315789473684,0,stock_session,,
development,2024-05-09,MRNA,3,19,0.0526315789473684,0.0526315789473684,0,stock_session,,
development,2024-05-09,MSTR,13,19,0.0526315789473684,0.0526315789473684,0,stock_session,,
development,2024-05-09,NVTS,10,19,0.0526315789473684,0.0526315789473684,0,stock_session,,
development,2024-05-09,QBTS,15,19,0.0526315789473684,0.0526315789473684,6.93889390390723e-18,stock_session,,
development,2024-05-09,RGTI,7,19,0.0526315789473684,0.0526315789473684,0,stock_session,,
development,2024-05-09,RIOT,11,19,0.0526315789473684,0.0526315789473684,0,stock_session,,
development,2024-05-09,RIVN,8,19,0.0526315789473684,0.0526315789473684,0,stock_session,,
development,2024-05-09,SMCI,11,19,0.0526315789473684,0.0526315789473684,0,stock_session,,
development,2024-05-09,SOFI,4,19,0.0526315789473684,0.0526315789473684,0,stock_session,,
development,2024-05-09,WULF,12,19,0.0526315789473684,0.0526315789473684,0,stock_session,,
development,2024-05-10,AAL,9,20,0.05,0.05,0,stock_session,,
development,2024-05-10,AAOI,6,20,0.05,0.05,0,stock_session,,
development,2024-05-10,APLD,10,20,0.05,0.05,0,stock_session,,
development,2024-05-10,ASTS,14,20,0.05,0.05,6.93889390390723e-18,stock_session,,
development,2024-05-10,CIFR,14,20,0.05,0.05,6.93889390390723e-18,stock_session,,
development,2024-05-10,HIMS,12,20,0.05,0.05,0,stock_session,,
development,2024-05-10,IONQ,6,20,0.05,0.05,0,stock_session,,
development,2024-05-10,IREN,15,20,0.05,0.05,0,stock_session,,
development,2024-05-10,MARA,12,20,0.05,0.05,0,stock_session,,
development,2024-05-10,MP,9,20,0.05,0.05,0,stock_session,,
development,2024-05-10,MRNA,14,20,0.05,0.05,6.93889390390723e-18,stock_session,,
development,2024-05-10,MSTR,15,20,0.05,0.05,0,stock_session,,
development,2024-05-10,NVTS,5,20,0.05,0.05,0,stock_session,,
development,2024-05-10,QBTS,12,20,0.05,0.05,0,stock_session,,
development,2024-05-10,RGTI,10,20,0.05,0.05,0,stock_session,,
development,2024-05-10,RIOT,12,20,0.05,0.05,0,stock_session,,
development,2024-05-10,RIVN,9,20,0.05,0.05,0,stock_session,,
development,2024-05-10,SMCI,9,20,0.05,0.05,0,stock_session,,
development,2024-05-10,SOFI,4,20,0.05,0.05,0,stock_session,,
development,2024-05-10,WULF,12,20,0.05,0.05,0,stock_session,,
development,2024-05-13,AAL,8,20,0.05,0.05,0,stock_session,,
development,2024-05-13,AAOI,15,20,0.05,0.05,0,stock_session,,
development,2024-05-13,APLD,14,20,0.05,0.05,6.93889390390723e-18,stock_session,,
development,2024-05-13,ASTS,13,20,0.05,0.05,0,stock_session,,
development,2024-05-13,CIFR,11,20,0.05,0.05,6.93889390390723e-18,stock_session,,
development,2024-05-13,HIMS,7,20,0.05,0.05,6.93889390390723e-18,stock_session,,
development,2024-05-13,IONQ,15,20,0.05,0.05,0,stock_session,,
development,2024-05-13,IREN,12,20,0.05,0.05,0,stock_session,,
development,2024-05-13,MARA,7,20,0.05,0.05,6.93889390390723e-18,stock_session,,
development,2024-05-13,MP,15,20,0.05,0.05,0,stock_session,,
development,2024-05-13,MRNA,15,20,0.05,0.05,0,stock_session,,
development,2024-05-13,MSTR,13,20,0.05,0.05,0,stock_session,,
development,2024-05-13,NVTS,8,20,0.05,0.05,0,stock_session,,
development,2024-05-13,QBTS,13,20,0.05,0.05,0,stock_session,,
development,2024-05-13,RGTI,13,20,0.05,0.05,0,stock_session,,
development,2024-05-13,RIOT,11,20,0.05,0.05,6.93889390390723e-18,stock_session,,
development,2024-05-13,RIVN,4,20,0.05,0.05,0,stock_session,,
development,2024-05-13,SMCI,7,20,0.05,0.05,6.93889390390723e-18,stock_session,,
development,2024-05-13,SOFI,12,20,0.05,0.05,0,stock_session,,
development,2024-05-13,WULF,15,20,0.05,0.05,0,stock_session,,
development,2024-05-14,AAL,4,20,0.05,0.05,0,stock_session,,
development,2024-05-14,AAOI,10,20,0.05,0.05,0,stock_session,,
development,2024-05-14,APLD,12,20,0.05,0.05,0,stock_session,,
development,2024-05-14,ASTS,15,20,0.05,0.05,0,stock_session,,
development,2024-05-14,CIFR,13,20,0.05,0.05,0,stock_session,,
development,2024-05-14,HIMS,9,20,0.05,0.05,0,stock_session,,
development,2024-05-14,IONQ,15,20,0.05,0.05,0,stock_session,,
development,2024-05-14,IREN,13,20,0.05,0.05,0,stock_session,,
development,2024-05-14,MARA,11,20,0.05,0.05,6.93889390390723e-18,stock_session,,
development,2024-05-14,MP,7,20,0.05,0.05,6.93889390390723e-18,stock_session,,
development,2024-05-14,MRNA,9,20,0.05,0.05,0,stock_session,,
development,2024-05-14,MSTR,10,20,0.05,0.05,0,stock_session,,
development,2024-05-14,NVTS,10,20,0.05,0.05,0,stock_session,,
development,2024-05-14,QBTS,15,20,0.05,0.05,0,stock_session,,
development,2024-05-14,RGTI,13,20,0.05,0.05,0,stock_session,,
development,2024-05-14,RIOT,11,20,0.05,0.05,6.93889390390723e-18,stock_session,,
development,2024-05-14,RIVN,5,20,0.05,0.05,0,stock_session,,
development,2024-05-14,SMCI,8,20,0.05,0.05,0,stock_session,,
development,2024-05-14,SOFI,4,20,0.05,0.05,0,stock_session,,
development,2024-05-14,WULF,15,20,0.05,0.05,0,stock_session,,
development,2024-05-15,AAL,10,20,0.05,0.05,0,stock_session,,
development,2024-05-15,AAOI,7,20,0.05,0.05,6.93889390390723e-18,stock_session,,
development,2024-05-15,APLD,8,20,0.05,0.05,0,stock_session,,
development,2024-05-15,ASTS,12,20,0.05,0.05,0,stock_session,,
development,2024-05-15,CIFR,15,20,0.05,0.05,0,stock_session,,
development,2024-05-15,HIMS,13,20,0.05,0.05,0,stock_session,,
development,2024-05-15,IONQ,13,20,0.05,0.05,0,stock_session,,
development,2024-05-15,IREN,15,20,0.05,0.05,0,stock_session,,
development,2024-05-15,MARA,6,20,0.05,0.05,0,stock_session,,
development,2024-05-15,MP,14,20,0.05,0.05,6.93889390390723e-18,stock_session,,
development,2024-05-15,MRNA,14,20,0.05,0.05,6.93889390390723e-18,stock_session,,
development,2024-05-15,MSTR,15,20,0.05,0.05,0,stock_session,,
development,2024-05-15,NVTS,11,20,0.05,0.05,6.93889390390723e-18,stock_session,,
development,2024-05-15,QBTS,15,20,0.05,0.05,0,stock_session,,
development,2024-05-15,RGTI,14,20,0.05,0.05,6.93889390390723e-18,stock_session,,
development,2024-05-15,RIOT,13,20,0.05,0.05,0,stock_session,,
development,2024-05-15,RIVN,8,20,0.05,0.05,0,stock_session,,
development,2024-05-15,SMCI,15,20,0.05,0.05,0,stock_session,,
development,2024-05-15,SOFI,5,20,0.05,0.05,0,stock_session,,
development,2024-05-15,WULF,12,20,0.05,0.05,0,stock_session,,
development,2024-05-16,AAL,9,20,0.05,0.05,0,stock_session,,
development,2024-05-16,AAOI,15,20,0.05,0.05,0,stock_session,,
development,2024-05-16,APLD,15,20,0.05,0.05,0,stock_session,,
development,2024-05-16,ASTS,15,20,0.05,0.05,0,stock_session,,
development,2024-05-16,CIFR,7,20,0.05,0.05,6.93889390390723e-18,stock_session,,
development,2024-05-16,HIMS,6,20,0.05,0.05,0,stock_session,,
development,2024-05-16,IONQ,7,20,0.05,0.05,6.93889390390723e-18,stock_session,,
development,2024-05-16,IREN,15,20,0.05,0.05,0,stock_session,,
development,2024-05-16,MARA,13,20,0.05,0.05,0,stock_session,,
development,2024-05-16,MP,6,20,0.05,0.05,0,stock_session,,
development,2024-05-16,MRNA,5,20,0.05,0.05,0,stock_session,,
development,2024-05-16,MSTR,15,20,0.05,0.05,0,stock_session,,
development,2024-05-16,NVTS,7,20,0.05,0.05,6.93889390390723e-18,stock_session,,
development,2024-05-16,QBTS,12,20,0.05,0.05,0,stock_session,,
development,2024-05-16,RGTI,15,20,0.05,0.05,0,stock_session,,
development,2024-05-16,RIOT,15,20,0.05,0.05,0,stock_session,,
development,2024-05-16,RIVN,8,20,0.05,0.05,0,stock_session,,
development,2024-05-16,SMCI,13,20,0.05,0.05,0,stock_session,,
development,2024-05-16,SOFI,10,20,0.05,0.05,0,stock_session,,
development,2024-05-16,WULF,13,20,0.05,0.05,0,stock_session,,
development,2024-05-17,AAL,3,18,0.0555555555555556,0.0555555555555556,0,stock_session,,
development,2024-05-17,AAOI,11,18,0.0555555555555556,0.0555555555555556,6.93889390390723e-18,stock_session,,
development,2024-05-17,APLD,13,18,0.0555555555555556,0.0555555555555556,6.93889390390723e-18,stock_session,,
development,2024-05-17,ASTS,15,18,0.0555555555555556,0.0555555555555556,6.93889390390723e-18,stock_session,,
development,2024-05-17,CIFR,14,18,0.0555555555555556,0.0555555555555556,0,stock_session,,
development,2024-05-17,HIMS,8,18,0.0555555555555556,0.0555555555555556,0,stock_session,,
development,2024-05-17,IONQ,7,18,0.0555555555555556,0.0555555555555556,0,stock_session,,
development,2024-05-17,IREN,4,18,0.0555555555555556,0.0555555555555556,0,stock_session,,
development,2024-05-17,MARA,15,18,0.0555555555555556,0.0555555555555556,6.93889390390723e-18,stock_session,,
development,2024-05-17,MP,10,18,0.0555555555555556,0.0555555555555556,6.93889390390723e-18,stock_session,,
development,2024-05-17,MSTR,15,18,0.0555555555555556,0.0555555555555556,6.93889390390723e-18,stock_session,,
development,2024-05-17,NVTS,9,18,0.0555555555555556,0.0555555555555556,0,stock_session,,
development,2024-05-17,QBTS,15,18,0.0555555555555556,0.0555555555555556,6.93889390390723e-18,stock_session,,
development,2024-05-17,RGTI,6,18,0.0555555555555556,0.0555555555555556,0,stock_session,,
development,2024-05-17,RIOT,10,18,0.0555555555555556,0.0555555555555556,6.93889390390723e-18,stock_session,,
development,2024-05-17,SMCI,15,18,0.0555555555555556,0.0555555555555556,6.93889390390723e-18,stock_session,,
development,2024-05-17,SOFI,8,18,0.0555555555555556,0.0555555555555556,0,stock_session,,
development,2024-05-17,WULF,14,18,0.0555555555555556,0.0555555555555556,0,stock_session,,
development,2024-05-20,AAL,13,20,0.05,0.05,0,stock_session,,
development,2024-05-20,AAOI,10,20,0.05,0.05,0,stock_session,,
development,2024-05-20,APLD,8,20,0.05,0.05,0,stock_session,,
development,2024-05-20,ASTS,15,20,0.05,0.05,0,stock_session,,
development,2024-05-20,CIFR,9,20,0.05,0.05,0,stock_session,,
development,2024-05-20,HIMS,15,20,0.05,0.05,0,stock_session,,
development,2024-05-20,IONQ,12,20,0.05,0.05,0,stock_session,,
development,2024-05-20,IREN,15,20,0.05,0.05,0,stock_session,,
development,2024-05-20,MARA,15,20,0.05,0.05,0,stock_session,,
development,2024-05-20,MP,7,20,0.05,0.05,6.93889390390723e-18,stock_session,,
development,2024-05-20,MRNA,11,20,0.05,0.05,6.93889390390723e-18,stock_session,,
development,2024-05-20,MSTR,9,20,0.05,0.05,0,stock_session,,
development,2024-05-20,NVTS,6,20,0.05,0.05,0,stock_session,,
development,2024-05-20,QBTS,13,20,0.05,0.05,0,stock_session,,
development,2024-05-20,RGTI,11,20,0.05,0.05,6.93889390390723e-18,stock_session,,
development,2024-05-20,RIOT,7,20,0.05,0.05,6.93889390390723e-18,stock_session,,
development,2024-05-20,RIVN,15,20,0.05,0.05,0,stock_session,,
development,2024-05-20,SMCI,9,20,0.05,0.05,0,stock_session,,
development,2024-05-20,SOFI,8,20,0.05,0.05,0,stock_session,,
development,2024-05-20,WULF,15,20,0.05,0.05,0,stock_session,,
development,2024-05-21,AAL,3,20,0.05,0.05,0,stock_session,,
development,2024-05-21,AAOI,9,20,0.05,0.05,0,stock_session,,
development,2024-05-21,APLD,9,20,0.05,0.05,0,stock_session,,
development,2024-05-21,ASTS,8,20,0.05,0.05,0,stock_session,,
development,2024-05-21,CIFR,15,20,0.05,0.05,0,stock_session,,
development,2024-05-21,HIMS,15,20,0.05,0.05,0,stock_session,,
development,2024-05-21,IONQ,11,20,0.05,0.05,6.93889390390723e-18,stock_session,,
development,2024-05-21,IREN,15,20,0.05,0.05,0,stock_session,,
development,2024-05-21,MARA,15,20,0.05,0.05,0,stock_session,,
development,2024-05-21,MP,12,20,0.05,0.05,0,stock_session,,
development,2024-05-21,MRNA,7,20,0.05,0.05,6.93889390390723e-18,stock_session,,
development,2024-05-21,MSTR,14,20,0.05,0.05,6.93889390390723e-18,stock_session,,
development,2024-05-21,NVTS,1,20,0.05,0.05,0,stock_session,,
development,2024-05-21,QBTS,14,20,0.05,0.05,6.93889390390723e-18,stock_session,,
development,2024-05-21,RGTI,12,20,0.05,0.05,0,stock_session,,
development,2024-05-21,RIOT,15,20,0.05,0.05,0,stock_session,,
development,2024-05-21,RIVN,7,20,0.05,0.05,6.93889390390723e-18,stock_session,,
development,2024-05-21,SMCI,14,20,0.05,0.05,6.93889390390723e-18,stock_session,,
development,2024-05-21,SOFI,8,20,0.05,0.05,0,stock_session,,
development,2024-05-21,WULF,11,20,0.05,0.05,6.93889390390723e-18,stock_session,,
development,2024-05-22,AAL,2,20,0.05,0.05,0,stock_session,,
development,2024-05-22,AAOI,1,20,0.05,0.05,0,stock_session,,
development,2024-05-22,APLD,7,20,0.05,0.05,6.93889390390723e-18,stock_session,,
development,2024-05-22,ASTS,13,20,0.05,0.05,0,stock_session,,
development,2024-05-22,CIFR,12,20,0.05,0.05,0,stock_session,,
development,2024-05-22,HIMS,14,20,0.05,0.05,6.93889390390723e-18,stock_session,,
development,2024-05-22,IONQ,5,20,0.05,0.05,0,stock_session,,
development,2024-05-22,IREN,14,20,0.05,0.05,6.93889390390723e-18,stock_session,,
development,2024-05-22,MARA,15,20,0.05,0.05,0,stock_session,,
development,2024-05-22,MP,7,20,0.05,0.05,6.93889390390723e-18,stock_session,,
development,2024-05-22,MRNA,15,20,0.05,0.05,0,stock_session,,
development,2024-05-22,MSTR,9,20,0.05,0.05,0,stock_session,,
development,2024-05-22,NVTS,15,20,0.05,0.05,0,stock_session,,
development,2024-05-22,QBTS,14,20,0.05,0.05,6.93889390390723e-18,stock_session,,
development,2024-05-22,RGTI,14,20,0.05,0.05,6.93889390390723e-18,stock_session,,
development,2024-05-22,RIOT,15,20,0.05,0.05,0,stock_session,,
development,2024-05-22,RIVN,14,20,0.05,0.05,6.93889390390723e-18,stock_session,,
development,2024-05-22,SMCI,11,20,0.05,0.05,6.93889390390723e-18,stock_session,,
development,2024-05-22,SOFI,3,20,0.05,0.05,0,stock_session,,
development,2024-05-22,WULF,14,20,0.05,0.05,6.93889390390723e-18,stock_session,,
development,2024-05-23,AAL,11,19,0.0526315789473684,0.0526315789473684,0,stock_session,,
development,2024-05-23,AAOI,6,19,0.0526315789473684,0.0526315789473684,0,stock_session,,
development,2024-05-23,APLD,12,19,0.0526315789473684,0.0526315789473684,0,stock_session,,
development,2024-05-23,ASTS,15,19,0.0526315789473684,0.0526315789473684,6.93889390390723e-18,stock_session,,
development,2024-05-23,CIFR,6,19,0.0526315789473684,0.0526315789473684,0,stock_session,,
development,2024-05-23,HIMS,11,19,0.0526315789473684,0.0526315789473684,0,stock_session,,
development,2024-05-23,IONQ,12,19,0.0526315789473684,0.0526315789473684,0,stock_session,,
development,2024-05-23,IREN,15,19,0.0526315789473684,0.0526315789473684,6.93889390390723e-18,stock_session,,
development,2024-05-23,MARA,15,19,0.0526315789473684,0.0526315789473684,6.93889390390723e-18,stock_session,,
development,2024-05-23,MP,5,19,0.0526315789473684,0.0526315789473684,0,stock_session,,
development,2024-05-23,MSTR,14,19,0.0526315789473684,0.0526315789473684,0,stock_session,,
development,2024-05-23,NVTS,14,19,0.0526315789473684,0.0526315789473684,0,stock_session,,
development,2024-05-23,QBTS,15,19,0.0526315789473684,0.0526315789473684,6.93889390390723e-18,stock_session,,
development,2024-05-23,RGTI,13,19,0.0526315789473684,0.0526315789473684,0,stock_session,,
development,2024-05-23,RIOT,14,19,0.0526315789473684,0.0526315789473684,0,stock_session,,
development,2024-05-23,RIVN,8,19,0.0526315789473684,0.0526315789473684,0,stock_session,,
development,2024-05-23,SMCI,15,19,0.0526315789473684,0.0526315789473684,6.93889390390723e-18,stock_session,,
development,2024-05-23,SOFI,6,19,0.0526315789473684,0.0526315789473684,0,stock_session,,
development,2024-05-23,WULF,9,19,0.0526315789473684,0.0526315789473684,0,stock_session,,
development,2024-05-24,AAL,14,20,0.05,0.05,6.93889390390723e-18,stock_session,,
development,2024-05-24,AAOI,9,20,0.05,0.05,0,stock_session,,
development,2024-05-24,APLD,14,20,0.05,0.05,6.93889390390723e-18,stock_session,,
development,2024-05-24,ASTS,15,20,0.05,0.05,0,stock_session,,
development,2024-05-24,CIFR,14,20,0.05,0.05,6.93889390390723e-18,stock_session,,
development,2024-05-24,HIMS,15,20,0.05,0.05,0,stock_session,,
development,2024-05-24,IONQ,9,20,0.05,0.05,0,stock_session,,
development,2024-05-24,IREN,9,20,0.05,0.05,0,stock_session,,
development,2024-05-24,MARA,15,20,0.05,0.05,0,stock_session,,
development,2024-05-24,MP,3,20,0.05,0.05,0,stock_session,,
development,2024-05-24,MRNA,14,20,0.05,0.05,6.93889390390723e-18,stock_session,,
development,2024-05-24,MSTR,13,20,0.05,0.05,0,stock_session,,
development,2024-05-24,NVTS,3,20,0.05,0.05,0,stock_session,,
development,2024-05-24,QBTS,7,20,0.05,0.05,6.93889390390723e-18,stock_session,,
development,2024-05-24,RGTI,15,20,0.05,0.05,0,stock_session,,
development,2024-05-24,RIOT,14,20,0.05,0.05,6.93889390390723e-18,stock_session,,
development,2024-05-24,RIVN,8,20,0.05,0.05,0,stock_session,,
development,2024-05-24,SMCI,14,20,0.05,0.05,6.93889390390723e-18,stock_session,,
development,2024-05-24,SOFI,5,20,0.05,0.05,0,stock_session,,
development,2024-05-24,WULF,15,20,0.05,0.05,0,stock_session,,
development,2024-05-28,AAL,7,20,0.05,0.05,6.93889390390723e-18,stock_session,,
development,2024-05-28,AAOI,10,20,0.05,0.05,0,stock_session,,
development,2024-05-28,APLD,14,20,0.05,0.05,6.93889390390723e-18,stock_session,,
development,2024-05-28,ASTS,11,20,0.05,0.05,6.93889390390723e-18,stock_session,,
development,2024-05-28,CIFR,12,20,0.05,0.05,0,stock_session,,
development,2024-05-28,HIMS,2,20,0.05,0.05,0,stock_session,,
development,2024-05-28,IONQ,4,20,0.05,0.05,0,stock_session,,
development,2024-05-28,IREN,14,20,0.05,0.05,6.93889390390723e-18,stock_session,,
development,2024-05-28,MARA,15,20,0.05,0.05,0,stock_session,,
development,2024-05-28,MP,11,20,0.05,0.05,6.93889390390723e-18,stock_session,,
development,2024-05-28,MRNA,9,20,0.05,0.05,0,stock_session,,
development,2024-05-28,MSTR,11,20,0.05,0.05,6.93889390390723e-18,stock_session,,
development,2024-05-28,NVTS,5,20,0.05,0.05,0,stock_session,,
development,2024-05-28,QBTS,8,20,0.05,0.05,0,stock_session,,
development,2024-05-28,RGTI,12,20,0.05,0.05,0,stock_session,,
development,2024-05-28,RIOT,15,20,0.05,0.05,0,stock_session,,
development,2024-05-28,RIVN,8,20,0.05,0.05,0,stock_session,,
development,2024-05-28,SMCI,12,20,0.05,0.05,0,stock_session,,
development,2024-05-28,SOFI,1,20,0.05,0.05,0,stock_session,,
development,2024-05-28,WULF,15,20,0.05,0.05,0,stock_session,,
development,2024-05-29,AAL,15,20,0.05,0.05,0,stock_session,,
development,2024-05-29,AAOI,6,20,0.05,0.05,0,stock_session,,
development,2024-05-29,APLD,15,20,0.05,0.05,0,stock_session,,
development,2024-05-29,ASTS,15,20,0.05,0.05,0,stock_session,,
development,2024-05-29,CIFR,12,20,0.05,0.05,0,stock_session,,
development,2024-05-29,HIMS,15,20,0.05,0.05,0,stock_session,,
development,2024-05-29,IONQ,5,20,0.05,0.05,0,stock_session,,
development,2024-05-29,IREN,15,20,0.05,0.05,0,stock_session,,
development,2024-05-29,MARA,12,20,0.05,0.05,0,stock_session,,
development,2024-05-29,MP,8,20,0.05,0.05,0,stock_session,,
development,2024-05-29,MRNA,3,20,0.05,0.05,0,stock_session,,
development,2024-05-29,MSTR,11,20,0.05,0.05,6.93889390390723e-18,stock_session,,
development,2024-05-29,NVTS,10,20,0.05,0.05,0,stock_session,,
development,2024-05-29,QBTS,15,20,0.05,0.05,0,stock_session,,
development,2024-05-29,RGTI,12,20,0.05,0.05,0,stock_session,,
development,2024-05-29,RIOT,13,20,0.05,0.05,0,stock_session,,
development,2024-05-29,RIVN,7,20,0.05,0.05,6.93889390390723e-18,stock_session,,
development,2024-05-29,SMCI,8,20,0.05,0.05,0,stock_session,,
development,2024-05-29,SOFI,7,20,0.05,0.05,6.93889390390723e-18,stock_session,,
development,2024-05-29,WULF,13,20,0.05,0.05,0,stock_session,,
development,2024-05-30,AAL,5,19,0.0526315789473684,0.0526315789473684,0,stock_session,,
development,2024-05-30,AAOI,12,19,0.0526315789473684,0.0526315789473684,0,stock_session,,
development,2024-05-30,APLD,8,19,0.0526315789473684,0.0526315789473684,0,stock_session,,
development,2024-05-30,ASTS,15,19,0.0526315789473684,0.0526315789473684,6.93889390390723e-18,stock_session,,
development,2024-05-30,CIFR,12,19,0.0526315789473684,0.0526315789473684,0,stock_session,,
development,2024-05-30,HIMS,15,19,0.0526315789473684,0.0526315789473684,6.93889390390723e-18,stock_session,,
development,2024-05-30,IONQ,8,19,0.0526315789473684,0.0526315789473684,0,stock_session,,
development,2024-05-30,IREN,8,19,0.0526315789473684,0.0526315789473684,0,stock_session,,
development,2024-05-30,MARA,13,19,0.0526315789473684,0.0526315789473684,0,stock_session,,
development,2024-05-30,MP,6,19,0.0526315789473684,0.0526315789473684,0,stock_session,,
development,2024-05-30,MRNA,11,19,0.0526315789473684,0.0526315789473684,0,stock_session,,
development,2024-05-30,MSTR,11,19,0.0526315789473684,0.0526315789473684,0,stock_session,,
development,2024-05-30,NVTS,8,19,0.0526315789473684,0.0526315789473684,0,stock_session,,
development,2024-05-30,QBTS,15,19,0.0526315789473684,0.0526315789473684,6.93889390390723e-18,stock_session,,
development,2024-05-30,RGTI,15,19,0.0526315789473684,0.0526315789473684,6.93889390390723e-18,stock_session,,
development,2024-05-30,RIOT,10,19,0.0526315789473684,0.0526315789473684,0,stock_session,,
development,2024-05-30,RIVN,7,19,0.0526315789473684,0.0526315789473684,0,stock_session,,
development,2024-05-30,SMCI,8,19,0.0526315789473684,0.0526315789473684,0,stock_session,,
development,2024-05-30,WULF,12,19,0.0526315789473684,0.0526315789473684,0,stock_session,,
development,2024-05-31,AAL,12,20,0.05,0.05,0,stock_session,,
development,2024-05-31,AAOI,14,20,0.05,0.05,6.93889390390723e-18,stock_session,,
development,2024-05-31,APLD,8,20,0.05,0.05,0,stock_session,,
development,2024-05-31,ASTS,5,20,0.05,0.05,0,stock_session,,
development,2024-05-31,CIFR,15,20,0.05,0.05,0,stock_session,,
development,2024-05-31,HIMS,2,20,0.05,0.05,0,stock_session,,
development,2024-05-31,IONQ,13,20,0.05,0.05,0,stock_session,,
development,2024-05-31,IREN,15,20,0.05,0.05,0,stock_session,,
development,2024-05-31,MARA,6,20,0.05,0.05,0,stock_session,,
development,2024-05-31,MP,7,20,0.05,0.05,6.93889390390723e-18,stock_session,,
development,2024-05-31,MRNA,7,20,0.05,0.05,6.93889390390723e-18,stock_session,,
development,2024-05-31,MSTR,15,20,0.05,0.05,0,stock_session,,
development,2024-05-31,NVTS,9,20,0.05,0.05,0,stock_session,,
development,2024-05-31,QBTS,15,20,0.05,0.05,0,stock_session,,
development,2024-05-31,RGTI,7,20,0.05,0.05,6.93889390390723e-18,stock_session,,
development,2024-05-31,RIOT,10,20,0.05,0.05,0,stock_session,,
development,2024-05-31,RIVN,12,20,0.05,0.05,0,stock_session,,
development,2024-05-31,SMCI,11,20,0.05,0.05,6.93889390390723e-18,stock_session,,
development,2024-05-31,SOFI,9,20,0.05,0.05,0,stock_session,,
development,2024-05-31,WULF,13,20,0.05,0.05,0,stock_session,,
development,2024-06-03,AAL,12,20,0.05,0.05,0,stock_session,,
development,2024-06-03,AAOI,7,20,0.05,0.05,6.93889390390723e-18,stock_session,,
development,2024-06-03,APLD,15,20,0.05,0.05,0,stock_session,,
development,2024-06-03,ASTS,12,20,0.05,0.05,0,stock_session,,
development,2024-06-03,CIFR,11,20,0.05,0.05,6.93889390390723e-18,stock_session,,
development,2024-06-03,HIMS,3,20,0.05,0.05,0,stock_session,,
development,2024-06-03,IONQ,14,20,0.05,0.05,6.93889390390723e-18,stock_session,,
development,2024-06-03,IREN,4,20,0.05,0.05,0,stock_session,,
development,2024-06-03,MARA,10,20,0.05,0.05,0,stock_session,,
development,2024-06-03,MP,8,20,0.05,0.05,0,stock_session,,
development,2024-06-03,MRNA,15,20,0.05,0.05,0,stock_session,,
development,2024-06-03,MSTR,15,20,0.05,0.05,0,stock_session,,
development,2024-06-03,NVTS,13,20,0.05,0.05,0,stock_session,,
development,2024-06-03,QBTS,12,20,0.05,0.05,0,stock_session,,
development,2024-06-03,RGTI,9,20,0.05,0.05,0,stock_session,,
development,2024-06-03,RIOT,11,20,0.05,0.05,6.93889390390723e-18,stock_session,,
development,2024-06-03,RIVN,12,20,0.05,0.05,0,stock_session,,
development,2024-06-03,SMCI,11,20,0.05,0.05,6.93889390390723e-18,stock_session,,
development,2024-06-03,SOFI,6,20,0.05,0.05,0,stock_session,,
development,2024-06-03,WULF,10,20,0.05,0.05,0,stock_session,,
development,2024-06-04,AAL,11,20,0.05,0.05,6.93889390390723e-18,stock_session,,
development,2024-06-04,AAOI,14,20,0.05,0.05,6.93889390390723e-18,stock_session,,
development,2024-06-04,APLD,6,20,0.05,0.05,0,stock_session,,
development,2024-06-04,ASTS,15,20,0.05,0.05,0,stock_session,,
development,2024-06-04,CIFR,14,20,0.05,0.05,6.93889390390723e-18,stock_session,,
development,2024-06-04,HIMS,14,20,0.05,0.05,6.93889390390723e-18,stock_session,,
development,2024-06-04,IONQ,7,20,0.05,0.05,6.93889390390723e-18,stock_session,,
development,2024-06-04,IREN,9,20,0.05,0.05,0,stock_session,,
development,2024-06-04,MARA,15,20,0.05,0.05,0,stock_session,,
development,2024-06-04,MP,12,20,0.05,0.05,0,stock_session,,
development,2024-06-04,MRNA,6,20,0.05,0.05,0,stock_session,,
development,2024-06-04,MSTR,14,20,0.05,0.05,6.93889390390723e-18,stock_session,,
development,2024-06-04,NVTS,12,20,0.05,0.05,0,stock_session,,
development,2024-06-04,QBTS,15,20,0.05,0.05,0,stock_session,,
development,2024-06-04,RGTI,15,20,0.05,0.05,0,stock_session,,
development,2024-06-04,RIOT,15,20,0.05,0.05,0,stock_session,,
development,2024-06-04,RIVN,10,20,0.05,0.05,0,stock_session,,
development,2024-06-04,SMCI,13,20,0.05,0.05,0,stock_session,,
development,2024-06-04,SOFI,9,20,0.05,0.05,0,stock_session,,
development,2024-06-04,WULF,7,20,0.05,0.05,6.93889390390723e-18,stock_session,,
development,2024-06-05,AAOI,7,19,0.0526315789473684,0.0526315789473684,0,stock_session,,
development,2024-06-05,APLD,15,19,0.0526315789473684,0.0526315789473684,6.93889390390723e-18,stock_session,,
development,2024-06-05,ASTS,13,19,0.0526315789473684,0.0526315789473684,0,stock_session,,
development,2024-06-05,CIFR,15,19,0.0526315789473684,0.0526315789473684,6.93889390390723e-18,stock_session,,
development,2024-06-05,HIMS,15,19,0.0526315789473684,0.0526315789473684,6.93889390390723e-18,stock_session,,
development,2024-06-05,IONQ,2,19,0.0526315789473684,0.0526315789473684,0,stock_session,,
development,2024-06-05,IREN,5,19,0.0526315789473684,0.0526315789473684,0,stock_session,,
development,2024-06-05,MARA,14,19,0.0526315789473684,0.0526315789473684,0,stock_session,,
development,2024-06-05,MP,5,19,0.0526315789473684,0.0526315789473684,0,stock_session,,
development,2024-06-05,MRNA,8,19,0.0526315789473684,0.0526315789473684,0,stock_session,,
development,2024-06-05,MSTR,8,19,0.0526315789473684,0.0526315789473684,0,stock_session,,
development,2024-06-05,NVTS,13,19,0.0526315789473684,0.0526315789473684,0,stock_session,,
development,2024-06-05,QBTS,13,19,0.0526315789473684,0.0526315789473684,0,stock_session,,
development,2024-06-05,RGTI,15,19,0.0526315789473684,0.0526315789473684,6.93889390390723e-18,stock_session,,
development,2024-06-05,RIOT,6,19,0.0526315789473684,0.0526315789473684,0,stock_session,,
development,2024-06-05,RIVN,13,19,0.0526315789473684,0.0526315789473684,0,stock_session,,
development,2024-06-05,SMCI,15,19,0.0526315789473684,0.0526315789473684,6.93889390390723e-18,stock_session,,
development,2024-06-05,SOFI,2,19,0.0526315789473684,0.0526315789473684,0,stock_session,,
development,2024-06-05,WULF,11,19,0.0526315789473684,0.0526315789473684,0,stock_session,,
development,2024-06-06,AAL,7,20,0.05,0.05,6.93889390390723e-18,stock_session,,
development,2024-06-06,AAOI,7,20,0.05,0.05,6.93889390390723e-18,stock_session,,
development,2024-06-06,APLD,4,20,0.05,0.05,0,stock_session,,
development,2024-06-06,ASTS,9,20,0.05,0.05,0,stock_session,,
development,2024-06-06,CIFR,13,20,0.05,0.05,0,stock_session,,
development,2024-06-06,HIMS,12,20,0.05,0.05,0,stock_session,,
development,2024-06-06,IONQ,7,20,0.05,0.05,6.93889390390723e-18,stock_session,,
development,2024-06-06,IREN,9,20,0.05,0.05,0,stock_session,,
development,2024-06-06,MARA,15,20,0.05,0.05,0,stock_session,,
development,2024-06-06,MP,7,20,0.05,0.05,6.93889390390723e-18,stock_session,,
development,2024-06-06,MRNA,10,20,0.05,0.05,0,stock_session,,
development,2024-06-06,MSTR,12,20,0.05,0.05,0,stock_session,,
development,2024-06-06,NVTS,11,20,0.05,0.05,6.93889390390723e-18,stock_session,,
development,2024-06-06,QBTS,15,20,0.05,0.05,0,stock_session,,
development,2024-06-06,RGTI,14,20,0.05,0.05,6.93889390390723e-18,stock_session,,
development,2024-06-06,RIOT,10,20,0.05,0.05,0,stock_session,,
development,2024-06-06,RIVN,7,20,0.05,0.05,6.93889390390723e-18,stock_session,,
development,2024-06-06,SMCI,7,20,0.05,0.05,6.93889390390723e-18,stock_session,,
development,2024-06-06,SOFI,10,20,0.05,0.05,0,stock_session,,
development,2024-06-06,WULF,2,20,0.05,0.05,0,stock_session,,
development,2024-06-07,AAL,7,20,0.05,0.05,6.93889390390723e-18,stock_session,,
development,2024-06-07,AAOI,15,20,0.05,0.05,0,stock_session,,
development,2024-06-07,APLD,13,20,0.05,0.05,0,stock_session,,
development,2024-06-07,ASTS,9,20,0.05,0.05,0,stock_session,,
development,2024-06-07,CIFR,7,20,0.05,0.05,6.93889390390723e-18,stock_session,,
development,2024-06-07,HIMS,15,20,0.05,0.05,0,stock_session,,
development,2024-06-07,IONQ,6,20,0.05,0.05,0,stock_session,,
development,2024-06-07,IREN,15,20,0.05,0.05,0,stock_session,,
development,2024-06-07,MARA,13,20,0.05,0.05,0,stock_session,,
development,2024-06-07,MP,8,20,0.05,0.05,0,stock_session,,
development,2024-06-07,MRNA,7,20,0.05,0.05,6.93889390390723e-18,stock_session,,
development,2024-06-07,MSTR,10,20,0.05,0.05,0,stock_session,,
development,2024-06-07,NVTS,11,20,0.05,0.05,6.93889390390723e-18,stock_session,,
development,2024-06-07,QBTS,15,20,0.05,0.05,0,stock_session,,
development,2024-06-07,RGTI,15,20,0.05,0.05,0,stock_session,,
development,2024-06-07,RIOT,14,20,0.05,0.05,6.93889390390723e-18,stock_session,,
development,2024-06-07,RIVN,11,20,0.05,0.05,6.93889390390723e-18,stock_session,,
development,2024-06-07,SMCI,7,20,0.05,0.05,6.93889390390723e-18,stock_session,,
development,2024-06-07,SOFI,8,20,0.05,0.05,0,stock_session,,
development,2024-06-07,WULF,8,20,0.05,0.05,0,stock_session,,
development,2024-06-10,AAL,3,20,0.05,0.05,0,stock_session,,
development,2024-06-10,AAOI,15,20,0.05,0.05,0,stock_session,,
development,2024-06-10,APLD,12,20,0.05,0.05,0,stock_session,,
development,2024-06-10,ASTS,15,20,0.05,0.05,0,stock_session,,
development,2024-06-10,CIFR,11,20,0.05,0.05,6.93889390390723e-18,stock_session,,
development,2024-06-10,HIMS,12,20,0.05,0.05,0,stock_session,,
development,2024-06-10,IONQ,5,20,0.05,0.05,0,stock_session,,
development,2024-06-10,IREN,10,20,0.05,0.05,0,stock_session,,
development,2024-06-10,MARA,15,20,0.05,0.05,0,stock_session,,
development,2024-06-10,MP,5,20,0.05,0.05,0,stock_session,,
development,2024-06-10,MRNA,6,20,0.05,0.05,0,stock_session,,
development,2024-06-10,MSTR,15,20,0.05,0.05,0,stock_session,,
development,2024-06-10,NVTS,14,20,0.05,0.05,6.93889390390723e-18,stock_session,,
development,2024-06-10,QBTS,14,20,0.05,0.05,6.93889390390723e-18,stock_session,,
development,2024-06-10,RGTI,12,20,0.05,0.05,0,stock_session,,
development,2024-06-10,RIOT,8,20,0.05,0.05,0,stock_session,,
development,2024-06-10,RIVN,9,20,0.05,0.05,0,stock_session,,
development,2024-06-10,SMCI,15,20,0.05,0.05,0,stock_session,,
development,2024-06-10,SOFI,2,20,0.05,0.05,0,stock_session,,
development,2024-06-10,WULF,15,20,0.05,0.05,0,stock_session,,
development,2024-06-11,AAOI,13,19,0.0526315789473684,0.0526315789473684,0,stock_session,,
development,2024-06-11,APLD,12,19,0.0526315789473684,0.0526315789473684,0,stock_session,,
development,2024-06-11,ASTS,13,19,0.0526315789473684,0.0526315789473684,0,stock_session,,
development,2024-06-11,CIFR,14,19,0.0526315789473684,0.0526315789473684,0,stock_session,,
development,2024-06-11,HIMS,9,19,0.0526315789473684,0.0526315789473684,0,stock_session,,
development,2024-06-11,IONQ,13,19,0.0526315789473684,0.0526315789473684,0,stock_session,,
development,2024-06-11,IREN,12,19,0.0526315789473684,0.0526315789473684,0,stock_session,,
development,2024-06-11,MARA,15,19,0.0526315789473684,0.0526315789473684,6.93889390390723e-18,stock_session,,
development,2024-06-11,MP,13,19,0.0526315789473684,0.0526315789473684,0,stock_session,,
development,2024-06-11,MRNA,11,19,0.0526315789473684,0.0526315789473684,0,stock_session,,
development,2024-06-11,MSTR,14,19,0.0526315789473684,0.0526315789473684,0,stock_session,,
development,2024-06-11,NVTS,13,19,0.0526315789473684,0.0526315789473684,0,stock_session,,
development,2024-06-11,QBTS,11,19,0.0526315789473684,0.0526315789473684,0,stock_session,,
development,2024-06-11,RGTI,8,19,0.0526315789473684,0.0526315789473684,0,stock_session,,
development,2024-06-11,RIOT,15,19,0.0526315789473684,0.0526315789473684,6.93889390390723e-18,stock_session,,
development,2024-06-11,RIVN,7,19,0.0526315789473684,0.0526315789473684,0,stock_session,,
development,2024-06-11,SMCI,8,19,0.0526315789473684,0.0526315789473684,0,stock_session,,
development,2024-06-11,SOFI,3,19,0.0526315789473684,0.0526315789473684,0,stock_session,,
development,2024-06-11,WULF,15,19,0.0526315789473684,0.0526315789473684,6.93889390390723e-18,stock_session,,
development,2024-06-12,AAL,14,20,0.05,0.05,6.93889390390723e-18,stock_session,,
development,2024-06-12,AAOI,11,20,0.05,0.05,6.93889390390723e-18,stock_session,,
development,2024-06-12,APLD,15,20,0.05,0.05,0,stock_session,,
development,2024-06-12,ASTS,5,20,0.05,0.05,0,stock_session,,
development,2024-06-12,CIFR,2,20,0.05,0.05,0,stock_session,,
development,2024-06-12,HIMS,5,20,0.05,0.05,0,stock_session,,
development,2024-06-12,IONQ,5,20,0.05,0.05,0,stock_session,,
development,2024-06-12,IREN,15,20,0.05,0.05,0,stock_session,,
development,2024-06-12,MARA,15,20,0.05,0.05,0,stock_session,,
development,2024-06-12,MP,12,20,0.05,0.05,0,stock_session,,
development,2024-06-12,MRNA,6,20,0.05,0.05,0,stock_session,,
development,2024-06-12,MSTR,15,20,0.05,0.05,0,stock_session,,
development,2024-06-12,NVTS,15,20,0.05,0.05,0,stock_session,,
development,2024-06-12,QBTS,15,20,0.05,0.05,0,stock_session,,
development,2024-06-12,RGTI,12,20,0.05,0.05,0,stock_session,,
development,2024-06-12,RIOT,15,20,0.05,0.05,0,stock_session,,
development,2024-06-12,RIVN,14,20,0.05,0.05,6.93889390390723e-18,stock_session,,
development,2024-06-12,SMCI,10,20,0.05,0.05,0,stock_session,,
development,2024-06-12,SOFI,8,20,0.05,0.05,0,stock_session,,
development,2024-06-12,WULF,12,20,0.05,0.05,0,stock_session,,
development,2024-06-13,AAL,4,20,0.05,0.05,0,stock_session,,
development,2024-06-13,AAOI,7,20,0.05,0.05,6.93889390390723e-18,stock_session,,
development,2024-06-13,APLD,13,20,0.05,0.05,0,stock_session,,
development,2024-06-13,ASTS,8,20,0.05,0.05,0,stock_session,,
development,2024-06-13,CIFR,3,20,0.05,0.05,0,stock_session,,
development,2024-06-13,HIMS,6,20,0.05,0.05,0,stock_session,,
development,2024-06-13,IONQ,12,20,0.05,0.05,0,stock_session,,
development,2024-06-13,IREN,10,20,0.05,0.05,0,stock_session,,
development,2024-06-13,MARA,13,20,0.05,0.05,0,stock_session,,
development,2024-06-13,MP,9,20,0.05,0.05,0,stock_session,,
development,2024-06-13,MRNA,10,20,0.05,0.05,0,stock_session,,
development,2024-06-13,MSTR,13,20,0.05,0.05,0,stock_session,,
development,2024-06-13,NVTS,13,20,0.05,0.05,0,stock_session,,
development,2024-06-13,QBTS,6,20,0.05,0.05,0,stock_session,,
development,2024-06-13,RGTI,10,20,0.05,0.05,0,stock_session,,
development,2024-06-13,RIOT,15,20,0.05,0.05,0,stock_session,,
development,2024-06-13,RIVN,9,20,0.05,0.05,0,stock_session,,
development,2024-06-13,SMCI,15,20,0.05,0.05,0,stock_session,,
development,2024-06-13,SOFI,9,20,0.05,0.05,0,stock_session,,
development,2024-06-13,WULF,5,20,0.05,0.05,0,stock_session,,
development,2024-06-14,AAL,9,20,0.05,0.05,0,stock_session,,
development,2024-06-14,AAOI,13,20,0.05,0.05,0,stock_session,,
development,2024-06-14,APLD,15,20,0.05,0.05,0,stock_session,,
development,2024-06-14,ASTS,9,20,0.05,0.05,0,stock_session,,
development,2024-06-14,CIFR,12,20,0.05,0.05,0,stock_session,,
development,2024-06-14,HIMS,13,20,0.05,0.05,0,stock_session,,
development,2024-06-14,IONQ,9,20,0.05,0.05,0,stock_session,,
development,2024-06-14,IREN,7,20,0.05,0.05,6.93889390390723e-18,stock_session,,
development,2024-06-14,MARA,14,20,0.05,0.05,6.93889390390723e-18,stock_session,,
development,2024-06-14,MP,6,20,0.05,0.05,0,stock_session,,
development,2024-06-14,MRNA,7,20,0.05,0.05,6.93889390390723e-18,stock_session,,
development,2024-06-14,MSTR,13,20,0.05,0.05,0,stock_session,,
development,2024-06-14,NVTS,10,20,0.05,0.05,0,stock_session,,
development,2024-06-14,QBTS,14,20,0.05,0.05,6.93889390390723e-18,stock_session,,
development,2024-06-14,RGTI,12,20,0.05,0.05,0,stock_session,,
development,2024-06-14,RIOT,10,20,0.05,0.05,0,stock_session,,
development,2024-06-14,RIVN,15,20,0.05,0.05,0,stock_session,,
development,2024-06-14,SMCI,15,20,0.05,0.05,0,stock_session,,
development,2024-06-14,SOFI,11,20,0.05,0.05,6.93889390390723e-18,stock_session,,
development,2024-06-14,WULF,14,20,0.05,0.05,6.93889390390723e-18,stock_session,,
development,2024-06-17,AAL,7,20,0.05,0.05,6.93889390390723e-18,stock_session,,
development,2024-06-17,AAOI,13,20,0.05,0.05,0,stock_session,,
development,2024-06-17,APLD,1,20,0.05,0.05,0,stock_session,,
development,2024-06-17,ASTS,15,20,0.05,0.05,0,stock_session,,
development,2024-06-17,CIFR,15,20,0.05,0.05,0,stock_session,,
development,2024-06-17,HIMS,12,20,0.05,0.05,0,stock_session,,
development,2024-06-17,IONQ,13,20,0.05,0.05,0,stock_session,,
development,2024-06-17,IREN,6,20,0.05,0.05,0,stock_session,,
development,2024-06-17,MARA,11,20,0.05,0.05,6.93889390390723e-18,stock_session,,
development,2024-06-17,MP,14,20,0.05,0.05,6.93889390390723e-18,stock_session,,
development,2024-06-17,MRNA,12,20,0.05,0.05,0,stock_session,,
development,2024-06-17,MSTR,15,20,0.05,0.05,0,stock_session,,
development,2024-06-17,NVTS,12,20,0.05,0.05,0,stock_session,,
development,2024-06-17,QBTS,14,20,0.05,0.05,6.93889390390723e-18,stock_session,,
development,2024-06-17,RGTI,15,20,0.05,0.05,0,stock_session,,
development,2024-06-17,RIOT,8,20,0.05,0.05,0,stock_session,,
development,2024-06-17,RIVN,12,20,0.05,0.05,0,stock_session,,
development,2024-06-17,SMCI,15,20,0.05,0.05,0,stock_session,,
development,2024-06-17,SOFI,13,20,0.05,0.05,0,stock_session,,
development,2024-06-17,WULF,15,20,0.05,0.05,0,stock_session,,
development,2024-06-18,AAL,6,20,0.05,0.05,0,stock_session,,
development,2024-06-18,AAOI,5,20,0.05,0.05,0,stock_session,,
development,2024-06-18,APLD,13,20,0.05,0.05,0,stock_session,,
development,2024-06-18,ASTS,15,20,0.05,0.05,0,stock_session,,
development,2024-06-18,CIFR,10,20,0.05,0.05,0,stock_session,,
development,2024-06-18,HIMS,12,20,0.05,0.05,0,stock_session,,
development,2024-06-18,IONQ,10,20,0.05,0.05,0,stock_session,,
development,2024-06-18,IREN,10,20,0.05,0.05,0,stock_session,,
development,2024-06-18,MARA,12,20,0.05,0.05,0,stock_session,,
development,2024-06-18,MP,8,20,0.05,0.05,0,stock_session,,
development,2024-06-18,MRNA,12,20,0.05,0.05,0,stock_session,,
development,2024-06-18,MSTR,12,20,0.05,0.05,0,stock_session,,
development,2024-06-18,NVTS,7,20,0.05,0.05,6.93889390390723e-18,stock_session,,
development,2024-06-18,QBTS,12,20,0.05,0.05,0,stock_session,,
development,2024-06-18,RGTI,15,20,0.05,0.05,0,stock_session,,
development,2024-06-18,RIOT,12,20,0.05,0.05,0,stock_session,,
development,2024-06-18,RIVN,6,20,0.05,0.05,0,stock_session,,
development,2024-06-18,SMCI,15,20,0.05,0.05,0,stock_session,,
development,2024-06-18,SOFI,8,20,0.05,0.05,0,stock_session,,
development,2024-06-18,WULF,15,20,0.05,0.05,0,stock_session,,
development,2024-06-20,AAL,10,20,0.05,0.05,0,stock_session,,
development,2024-06-20,AAOI,12,20,0.05,0.05,0,stock_session,,
development,2024-06-20,APLD,15,20,0.05,0.05,0,stock_session,,
development,2024-06-20,ASTS,14,20,0.05,0.05,6.93889390390723e-18,stock_session,,
development,2024-06-20,CIFR,15,20,0.05,0.05,0,stock_session,,
development,2024-06-20,HIMS,4,20,0.05,0.05,0,stock_session,,
development,2024-06-20,IONQ,4,20,0.05,0.05,0,stock_session,,
development,2024-06-20,IREN,13,20,0.05,0.05,0,stock_session,,
development,2024-06-20,MARA,13,20,0.05,0.05,0,stock_session,,
development,2024-06-20,MP,13,20,0.05,0.05,0,stock_session,,
development,2024-06-20,MRNA,15,20,0.05,0.05,0,stock_session,,
development,2024-06-20,MSTR,12,20,0.05,0.05,0,stock_session,,
development,2024-06-20,NVTS,12,20,0.05,0.05,0,stock_session,,
development,2024-06-20,QBTS,14,20,0.05,0.05,6.93889390390723e-18,stock_session,,
development,2024-06-20,RGTI,11,20,0.05,0.05,6.93889390390723e-18,stock_session,,
development,2024-06-20,RIOT,14,20,0.05,0.05,6.93889390390723e-18,stock_session,,
development,2024-06-20,RIVN,9,20,0.05,0.05,0,stock_session,,
development,2024-06-20,SMCI,12,20,0.05,0.05,0,stock_session,,
development,2024-06-20,SOFI,1,20,0.05,0.05,0,stock_session,,
development,2024-06-20,WULF,15,20,0.05,0.05,0,stock_session,,
development,2024-06-21,AAL,3,19,0.0526315789473684,0.0526315789473684,0,stock_session,,
development,2024-06-21,AAOI,13,19,0.0526315789473684,0.0526315789473684,0,stock_session,,
development,2024-06-21,APLD,9,19,0.0526315789473684,0.0526315789473684,0,stock_session,,
development,2024-06-21,ASTS,14,19,0.0526315789473684,0.0526315789473684,0,stock_session,,
development,2024-06-21,CIFR,6,19,0.0526315789473684,0.0526315789473684,0,stock_session,,
development,2024-06-21,HIMS,7,19,0.0526315789473684,0.0526315789473684,0,stock_session,,
development,2024-06-21,IONQ,8,19,0.0526315789473684,0.0526315789473684,0,stock_session,,
development,2024-06-21,IREN,14,19,0.0526315789473684,0.0526315789473684,0,stock_session,,
development,2024-06-21,MARA,14,19,0.0526315789473684,0.0526315789473684,0,stock_session,,
development,2024-06-21,MP,9,19,0.0526315789473684,0.0526315789473684,0,stock_session,,
development,2024-06-21,MRNA,7,19,0.0526315789473684,0.0526315789473684,0,stock_session,,
development,2024-06-21,MSTR,15,19,0.0526315789473684,0.0526315789473684,6.93889390390723e-18,stock_session,,
development,2024-06-21,NVTS,11,19,0.0526315789473684,0.0526315789473684,0,stock_session,,
development,2024-06-21,QBTS,14,19,0.0526315789473684,0.0526315789473684,0,stock_session,,
development,2024-06-21,RGTI,11,19,0.0526315789473684,0.0526315789473684,0,stock_session,,
development,2024-06-21,RIOT,14,19,0.0526315789473684,0.0526315789473684,0,stock_session,,
development,2024-06-21,RIVN,9,19,0.0526315789473684,0.0526315789473684,0,stock_session,,
development,2024-06-21,SMCI,15,19,0.0526315789473684,0.0526315789473684,6.93889390390723e-18,stock_session,,
development,2024-06-21,WULF,15,19,0.0526315789473684,0.0526315789473684,6.93889390390723e-18,stock_session,,
development,2024-06-24,AAL,3,20,0.05,0.05,0,stock_session,,
development,2024-06-24,AAOI,15,20,0.05,0.05,0,stock_session,,
development,2024-06-24,APLD,15,20,0.05,0.05,0,stock_session,,
development,2024-06-24,ASTS,12,20,0.05,0.05,0,stock_session,,
development,2024-06-24,CIFR,15,20,0.05,0.05,0,stock_session,,
development,2024-06-24,HIMS,14,20,0.05,0.05,6.93889390390723e-18,stock_session,,
development,2024-06-24,IONQ,15,20,0.05,0.05,0,stock_session,,
development,2024-06-24,IREN,15,20,0.05,0.05,0,stock_session,,
development,2024-06-24,MARA,15,20,0.05,0.05,0,stock_session,,
development,2024-06-24,MP,9,20,0.05,0.05,0,stock_session,,
development,2024-06-24,MRNA,3,20,0.05,0.05,0,stock_session,,
development,2024-06-24,MSTR,6,20,0.05,0.05,0,stock_session,,
development,2024-06-24,NVTS,10,20,0.05,0.05,0,stock_session,,
development,2024-06-24,QBTS,14,20,0.05,0.05,6.93889390390723e-18,stock_session,,
development,2024-06-24,RGTI,15,20,0.05,0.05,0,stock_session,,
development,2024-06-24,RIOT,14,20,0.05,0.05,6.93889390390723e-18,stock_session,,
development,2024-06-24,RIVN,7,20,0.05,0.05,6.93889390390723e-18,stock_session,,
development,2024-06-24,SMCI,15,20,0.05,0.05,0,stock_session,,
development,2024-06-24,SOFI,11,20,0.05,0.05,6.93889390390723e-18,stock_session,,
development,2024-06-24,WULF,15,20,0.05,0.05,0,stock_session,,
development,2024-06-25,AAOI,8,19,0.0526315789473684,0.0526315789473684,0,stock_session,,
development,2024-06-25,APLD,4,19,0.0526315789473684,0.0526315789473684,0,stock_session,,
development,2024-06-25,ASTS,15,19,0.0526315789473684,0.0526315789473684,6.93889390390723e-18,stock_session,,
development,2024-06-25,CIFR,9,19,0.0526315789473684,0.0526315789473684,0,stock_session,,
development,2024-06-25,HIMS,12,19,0.0526315789473684,0.0526315789473684,0,stock_session,,
development,2024-06-25,IONQ,6,19,0.0526315789473684,0.0526315789473684,0,stock_session,,
development,2024-06-25,IREN,5,19,0.0526315789473684,0.0526315789473684,0,stock_session,,
development,2024-06-25,MARA,14,19,0.0526315789473684,0.0526315789473684,0,stock_session,,
development,2024-06-25,MP,6,19,0.0526315789473684,0.0526315789473684,0,stock_session,,
development,2024-06-25,MRNA,7,19,0.0526315789473684,0.0526315789473684,0,stock_session,,
development,2024-06-25,MSTR,15,19,0.0526315789473684,0.0526315789473684,6.93889390390723e-18,stock_session,,
development,2024-06-25,NVTS,8,19,0.0526315789473684,0.0526315789473684,0,stock_session,,
development,2024-06-25,QBTS,12,19,0.0526315789473684,0.0526315789473684,0,stock_session,,
development,2024-06-25,RGTI,15,19,0.0526315789473684,0.0526315789473684,6.93889390390723e-18,stock_session,,
development,2024-06-25,RIOT,15,19,0.0526315789473684,0.0526315789473684,6.93889390390723e-18,stock_session,,
development,2024-06-25,RIVN,15,19,0.0526315789473684,0.0526315789473684,6.93889390390723e-18,stock_session,,
development,2024-06-25,SMCI,12,19,0.0526315789473684,0.0526315789473684,0,stock_session,,
development,2024-06-25,SOFI,4,19,0.0526315789473684,0.0526315789473684,0,stock_session,,
development,2024-06-25,WULF,5,19,0.0526315789473684,0.0526315789473684,0,stock_session,,
development,2024-06-26,AAL,11,20,0.05,0.05,6.93889390390723e-18,stock_session,,
development,2024-06-26,AAOI,10,20,0.05,0.05,0,stock_session,,
development,2024-06-26,APLD,15,20,0.05,0.05,0,stock_session,,
development,2024-06-26,ASTS,14,20,0.05,0.05,6.93889390390723e-18,stock_session,,
development,2024-06-26,CIFR,14,20,0.05,0.05,6.93889390390723e-18,stock_session,,
development,2024-06-26,HIMS,15,20,0.05,0.05,0,stock_session,,
development,2024-06-26,IONQ,6,20,0.05,0.05,0,stock_session,,
development,2024-06-26,IREN,15,20,0.05,0.05,0,stock_session,,
development,2024-06-26,MARA,15,20,0.05,0.05,0,stock_session,,
development,2024-06-26,MP,11,20,0.05,0.05,6.93889390390723e-18,stock_session,,
development,2024-06-26,MRNA,7,20,0.05,0.05,6.93889390390723e-18,stock_session,,
development,2024-06-26,MSTR,14,20,0.05,0.05,6.93889390390723e-18,stock_session,,
development,2024-06-26,NVTS,7,20,0.05,0.05,6.93889390390723e-18,stock_session,,
development,2024-06-26,QBTS,13,20,0.05,0.05,0,stock_session,,
development,2024-06-26,RGTI,8,20,0.05,0.05,0,stock_session,,
development,2024-06-26,RIOT,15,20,0.05,0.05,0,stock_session,,
development,2024-06-26,RIVN,15,20,0.05,0.05,0,stock_session,,
development,2024-06-26,SMCI,11,20,0.05,0.05,6.93889390390723e-18,stock_session,,
development,2024-06-26,SOFI,4,20,0.05,0.05,0,stock_session,,
development,2024-06-26,WULF,15,20,0.05,0.05,0,stock_session,,
development,2024-06-27,AAOI,14,17,0.0588235294117647,0.0588235294117647,0,stock_session,,
development,2024-06-27,APLD,14,17,0.0588235294117647,0.0588235294117647,0,stock_session,,
development,2024-06-27,ASTS,14,17,0.0588235294117647,0.0588235294117647,0,stock_session,,
development,2024-06-27,CIFR,14,17,0.0588235294117647,0.0588235294117647,0,stock_session,,
development,2024-06-27,HIMS,15,17,0.0588235294117647,0.0588235294117647,0,stock_session,,
development,2024-06-27,IONQ,7,17,0.0588235294117647,0.0588235294117647,0,stock_session,,
development,2024-06-27,IREN,6,17,0.0588235294117647,0.0588235294117647,0,stock_session,,
development,2024-06-27,MARA,12,17,0.0588235294117647,0.0588235294117647,0,stock_session,,
development,2024-06-27,MP,5,17,0.0588235294117647,0.0588235294117647,0,stock_session,,
development,2024-06-27,MRNA,5,17,0.0588235294117647,0.0588235294117647,0,stock_session,,
development,2024-06-27,MSTR,12,17,0.0588235294117647,0.0588235294117647,0,stock_session,,
development,2024-06-27,NVTS,12,17,0.0588235294117647,0.0588235294117647,0,stock_session,,
development,2024-06-27,QBTS,12,17,0.0588235294117647,0.0588235294117647,0,stock_session,,
development,2024-06-27,RIOT,12,17,0.0588235294117647,0.0588235294117647,0,stock_session,,
development,2024-06-27,SMCI,9,17,0.0588235294117647,0.0588235294117647,0,stock_session,,
development,2024-06-27,SOFI,7,17,0.0588235294117647,0.0588235294117647,0,stock_session,,
development,2024-06-27,WULF,11,17,0.0588235294117647,0.0588235294117647,0,stock_session,,
development,2024-06-28,AAL,2,19,0.0526315789473684,0.0526315789473684,0,stock_session,,
development,2024-06-28,AAOI,10,19,0.0526315789473684,0.0526315789473684,0,stock_session,,
development,2024-06-28,APLD,12,19,0.0526315789473684,0.0526315789473684,0,stock_session,,
development,2024-06-28,ASTS,15,19,0.0526315789473684,0.0526315789473684,6.93889390390723e-18,stock_session,,
development,2024-06-28,CIFR,11,19,0.0526315789473684,0.0526315789473684,0,stock_session,,
development,2024-06-28,HIMS,8,19,0.0526315789473684,0.0526315789473684,0,stock_session,,
development,2024-06-28,IONQ,10,19,0.0526315789473684,0.0526315789473684,0,stock_session,,
development,2024-06-28,IREN,15,19,0.0526315789473684,0.0526315789473684,6.93889390390723e-18,stock_session,,
development,2024-06-28,MARA,14,19,0.0526315789473684,0.0526315789473684,0,stock_session,,
development,2024-06-28,MP,6,19,0.0526315789473684,0.0526315789473684,0,stock_session,,
development,2024-06-28,MRNA,13,19,0.0526315789473684,0.0526315789473684,0,stock_session,,
development,2024-06-28,MSTR,15,19,0.0526315789473684,0.0526315789473684,6.93889390390723e-18,stock_session,,
development,2024-06-28,NVTS,11,19,0.0526315789473684,0.0526315789473684,0,stock_session,,
development,2024-06-28,QBTS,12,19,0.0526315789473684,0.0526315789473684,0,stock_session,,
development,2024-06-28,RGTI,13,19,0.0526315789473684,0.0526315789473684,0,stock_session,,
development,2024-06-28,RIOT,9,19,0.0526315789473684,0.0526315789473684,0,stock_session,,
development,2024-06-28,RIVN,7,19,0.0526315789473684,0.0526315789473684,0,stock_session,,
development,2024-06-28,SMCI,15,19,0.0526315789473684,0.0526315789473684,6.93889390390723e-18,stock_session,,
development,2024-06-28,SOFI,2,19,0.0526315789473684,0.0526315789473684,0,stock_session,,
development,2024-07-01,AAL,10,20,0.05,0.05,0,stock_session,,
development,2024-07-01,AAOI,9,20,0.05,0.05,0,stock_session,,
development,2024-07-01,APLD,10,20,0.05,0.05,0,stock_session,,
development,2024-07-01,ASTS,12,20,0.05,0.05,0,stock_session,,
development,2024-07-01,CIFR,8,20,0.05,0.05,0,stock_session,,
development,2024-07-01,HIMS,13,20,0.05,0.05,0,stock_session,,
development,2024-07-01,IONQ,10,20,0.05,0.05,0,stock_session,,
development,2024-07-01,IREN,15,20,0.05,0.05,0,stock_session,,
development,2024-07-01,MARA,15,20,0.05,0.05,0,stock_session,,
development,2024-07-01,MP,12,20,0.05,0.05,0,stock_session,,
development,2024-07-01,MRNA,14,20,0.05,0.05,6.93889390390723e-18,stock_session,,
development,2024-07-01,MSTR,11,20,0.05,0.05,6.93889390390723e-18,stock_session,,
development,2024-07-01,NVTS,4,20,0.05,0.05,0,stock_session,,
development,2024-07-01,QBTS,15,20,0.05,0.05,0,stock_session,,
development,2024-07-01,RGTI,14,20,0.05,0.05,6.93889390390723e-18,stock_session,,
development,2024-07-01,RIOT,15,20,0.05,0.05,0,stock_session,,
development,2024-07-01,RIVN,8,20,0.05,0.05,0,stock_session,,
development,2024-07-01,SMCI,14,20,0.05,0.05,6.93889390390723e-18,stock_session,,
development,2024-07-01,SOFI,10,20,0.05,0.05,0,stock_session,,
development,2024-07-01,WULF,15,20,0.05,0.05,0,stock_session,,
development,2024-07-02,AAL,3,20,0.05,0.05,0,stock_session,,
development,2024-07-02,AAOI,15,20,0.05,0.05,0,stock_session,,
development,2024-07-02,APLD,15,20,0.05,0.05,0,stock_session,,
development,2024-07-02,ASTS,11,20,0.05,0.05,6.93889390390723e-18,stock_session,,
development,2024-07-02,CIFR,15,20,0.05,0.05,0,stock_session,,
development,2024-07-02,HIMS,15,20,0.05,0.05,0,stock_session,,
development,2024-07-02,IONQ,10,20,0.05,0.05,0,stock_session,,
development,2024-07-02,IREN,5,20,0.05,0.05,0,stock_session,,
development,2024-07-02,MARA,15,20,0.05,0.05,0,stock_session,,
development,2024-07-02,MP,14,20,0.05,0.05,6.93889390390723e-18,stock_session,,
development,2024-07-02,MRNA,9,20,0.05,0.05,0,stock_session,,
development,2024-07-02,MSTR,15,20,0.05,0.05,0,stock_session,,
development,2024-07-02,NVTS,4,20,0.05,0.05,0,stock_session,,
development,2024-07-02,QBTS,12,20,0.05,0.05,0,stock_session,,
development,2024-07-02,RGTI,12,20,0.05,0.05,0,stock_session,,
development,2024-07-02,RIOT,15,20,0.05,0.05,0,stock_session,,
development,2024-07-02,RIVN,5,20,0.05,0.05,0,stock_session,,
development,2024-07-02,SMCI,15,20,0.05,0.05,0,stock_session,,
development,2024-07-02,SOFI,6,20,0.05,0.05,0,stock_session,,
development,2024-07-02,WULF,14,20,0.05,0.05,6.93889390390723e-18,stock_session,,
development,2024-07-03,AAL,1,20,0.05,0.05,0,stock_session,,
development,2024-07-03,AAOI,8,20,0.05,0.05,0,stock_session,,
development,2024-07-03,APLD,12,20,0.05,0.05,0,stock_session,,
development,2024-07-03,ASTS,15,20,0.05,0.05,0,stock_session,,
development,2024-07-03,CIFR,14,20,0.05,0.05,6.93889390390723e-18,stock_session,,
development,2024-07-03,HIMS,11,20,0.05,0.05,6.93889390390723e-18,stock_session,,
development,2024-07-03,IONQ,13,20,0.05,0.05,0,stock_session,,
development,2024-07-03,IREN,3,20,0.05,0.05,0,stock_session,,
development,2024-07-03,MARA,15,20,0.05,0.05,0,stock_session,,
development,2024-07-03,MP,6,20,0.05,0.05,0,stock_session,,
development,2024-07-03,MRNA,15,20,0.05,0.05,0,stock_session,,
development,2024-07-03,MSTR,10,20,0.05,0.05,0,stock_session,,
development,2024-07-03,NVTS,13,20,0.05,0.05,0,stock_session,,
development,2024-07-03,QBTS,15,20,0.05,0.05,0,stock_session,,
development,2024-07-03,RGTI,10,20,0.05,0.05,0,stock_session,,
development,2024-07-03,RIOT,14,20,0.05,0.05,6.93889390390723e-18,stock_session,,
development,2024-07-03,RIVN,6,20,0.05,0.05,0,stock_session,,
development,2024-07-03,SMCI,7,20,0.05,0.05,6.93889390390723e-18,stock_session,,
development,2024-07-03,SOFI,5,20,0.05,0.05,0,stock_session,,
development,2024-07-03,WULF,13,20,0.05,0.05,0,stock_session,,
development,2024-07-05,AAL,4,20,0.05,0.05,0,stock_session,,
development,2024-07-05,AAOI,12,20,0.05,0.05,0,stock_session,,
development,2024-07-05,APLD,6,20,0.05,0.05,0,stock_session,,
development,2024-07-05,ASTS,14,20,0.05,0.05,6.93889390390723e-18,stock_session,,
development,2024-07-05,CIFR,15,20,0.05,0.05,0,stock_session,,
development,2024-07-05,HIMS,4,20,0.05,0.05,0,stock_session,,
development,2024-07-05,IONQ,5,20,0.05,0.05,0,stock_session,,
development,2024-07-05,IREN,8,20,0.05,0.05,0,stock_session,,
development,2024-07-05,MARA,7,20,0.05,0.05,6.93889390390723e-18,stock_session,,
development,2024-07-05,MP,6,20,0.05,0.05,0,stock_session,,
development,2024-07-05,MRNA,3,20,0.05,0.05,0,stock_session,,
development,2024-07-05,MSTR,15,20,0.05,0.05,0,stock_session,,
development,2024-07-05,NVTS,4,20,0.05,0.05,0,stock_session,,
development,2024-07-05,QBTS,10,20,0.05,0.05,0,stock_session,,
development,2024-07-05,RGTI,14,20,0.05,0.05,6.93889390390723e-18,stock_session,,
development,2024-07-05,RIOT,5,20,0.05,0.05,0,stock_session,,
development,2024-07-05,RIVN,15,20,0.05,0.05,0,stock_session,,
development,2024-07-05,SMCI,13,20,0.05,0.05,0,stock_session,,
development,2024-07-05,SOFI,3,20,0.05,0.05,0,stock_session,,
development,2024-07-05,WULF,15,20,0.05,0.05,0,stock_session,,
development,2024-07-08,AAL,4,20,0.05,0.05,0,stock_session,,
development,2024-07-08,AAOI,15,20,0.05,0.05,0,stock_session,,
development,2024-07-08,APLD,5,20,0.05,0.05,0,stock_session,,
development,2024-07-08,ASTS,9,20,0.05,0.05,0,stock_session,,
development,2024-07-08,CIFR,11,20,0.05,0.05,6.93889390390723e-18,stock_session,,
development,2024-07-08,HIMS,7,20,0.05,0.05,6.93889390390723e-18,stock_session,,
development,2024-07-08,IONQ,10,20,0.05,0.05,0,stock_session,,
development,2024-07-08,IREN,2,20,0.05,0.05,0,stock_session,,
development,2024-07-08,MARA,12,20,0.05,0.05,0,stock_session,,
development,2024-07-08,MP,14,20,0.05,0.05,6.93889390390723e-18,stock_session,,
development,2024-07-08,MRNA,10,20,0.05,0.05,0,stock_session,,
development,2024-07-08,MSTR,15,20,0.05,0.05,0,stock_session,,
development,2024-07-08,NVTS,11,20,0.05,0.05,6.93889390390723e-18,stock_session,,
development,2024-07-08,QBTS,7,20,0.05,0.05,6.93889390390723e-18,stock_session,,
development,2024-07-08,RGTI,15,20,0.05,0.05,0,stock_session,,
development,2024-07-08,RIOT,12,20,0.05,0.05,0,stock_session,,
development,2024-07-08,RIVN,15,20,0.05,0.05,0,stock_session,,
development,2024-07-08,SMCI,13,20,0.05,0.05,0,stock_session,,
development,2024-07-08,SOFI,8,20,0.05,0.05,0,stock_session,,
development,2024-07-08,WULF,9,20,0.05,0.05,0,stock_session,,
development,2024-07-09,AAOI,10,18,0.0555555555555556,0.0555555555555556,6.93889390390723e-18,stock_session,,
development,2024-07-09,APLD,15,18,0.0555555555555556,0.0555555555555556,6.93889390390723e-18,stock_session,,
development,2024-07-09,ASTS,6,18,0.0555555555555556,0.0555555555555556,0,stock_session,,
development,2024-07-09,CIFR,10,18,0.0555555555555556,0.0555555555555556,6.93889390390723e-18,stock_session,,
development,2024-07-09,HIMS,12,18,0.0555555555555556,0.0555555555555556,0,stock_session,,
development,2024-07-09,IONQ,11,18,0.0555555555555556,0.0555555555555556,6.93889390390723e-18,stock_session,,
development,2024-07-09,IREN,11,18,0.0555555555555556,0.0555555555555556,6.93889390390723e-18,stock_session,,
development,2024-07-09,MARA,15,18,0.0555555555555556,0.0555555555555556,6.93889390390723e-18,stock_session,,
development,2024-07-09,MRNA,8,18,0.0555555555555556,0.0555555555555556,0,stock_session,,
development,2024-07-09,MSTR,9,18,0.0555555555555556,0.0555555555555556,0,stock_session,,
development,2024-07-09,NVTS,11,18,0.0555555555555556,0.0555555555555556,6.93889390390723e-18,stock_session,,
development,2024-07-09,QBTS,13,18,0.0555555555555556,0.0555555555555556,6.93889390390723e-18,stock_session,,
development,2024-07-09,RGTI,15,18,0.0555555555555556,0.0555555555555556,6.93889390390723e-18,stock_session,,
development,2024-07-09,RIOT,9,18,0.0555555555555556,0.0555555555555556,0,stock_session,,
development,2024-07-09,RIVN,13,18,0.0555555555555556,0.0555555555555556,6.93889390390723e-18,stock_session,,
development,2024-07-09,SMCI,11,18,0.0555555555555556,0.0555555555555556,6.93889390390723e-18,stock_session,,
development,2024-07-09,SOFI,2,18,0.0555555555555556,0.0555555555555556,0,stock_session,,
development,2024-07-09,WULF,15,18,0.0555555555555556,0.0555555555555556,6.93889390390723e-18,stock_session,,
development,2024-07-10,AAL,3,20,0.05,0.05,0,stock_session,,
development,2024-07-10,AAOI,9,20,0.05,0.05,0,stock_session,,
development,2024-07-10,APLD,15,20,0.05,0.05,0,stock_session,,
development,2024-07-10,ASTS,15,20,0.05,0.05,0,stock_session,,
development,2024-07-10,CIFR,15,20,0.05,0.05,0,stock_session,,
development,2024-07-10,HIMS,9,20,0.05,0.05,0,stock_session,,
development,2024-07-10,IONQ,5,20,0.05,0.05,0,stock_session,,
development,2024-07-10,IREN,5,20,0.05,0.05,0,stock_session,,
development,2024-07-10,MARA,9,20,0.05,0.05,0,stock_session,,
development,2024-07-10,MP,7,20,0.05,0.05,6.93889390390723e-18,stock_session,,
development,2024-07-10,MRNA,7,20,0.05,0.05,6.93889390390723e-18,stock_session,,
development,2024-07-10,MSTR,10,20,0.05,0.05,0,stock_session,,
development,2024-07-10,NVTS,7,20,0.05,0.05,6.93889390390723e-18,stock_session,,
development,2024-07-10,QBTS,12,20,0.05,0.05,0,stock_session,,
development,2024-07-10,RGTI,14,20,0.05,0.05,6.93889390390723e-18,stock_session,,
development,2024-07-10,RIOT,7,20,0.05,0.05,6.93889390390723e-18,stock_session,,
development,2024-07-10,RIVN,12,20,0.05,0.05,0,stock_session,,
development,2024-07-10,SMCI,3,20,0.05,0.05,0,stock_session,,
development,2024-07-10,SOFI,7,20,0.05,0.05,6.93889390390723e-18,stock_session,,
development,2024-07-10,WULF,15,20,0.05,0.05,0,stock_session,,
development,2024-07-11,AAL,15,20,0.05,0.05,0,stock_session,,
development,2024-07-11,AAOI,9,20,0.05,0.05,0,stock_session,,
development,2024-07-11,APLD,6,20,0.05,0.05,0,stock_session,,
development,2024-07-11,ASTS,15,20,0.05,0.05,0,stock_session,,
development,2024-07-11,CIFR,15,20,0.05,0.05,0,stock_session,,
development,2024-07-11,HIMS,15,20,0.05,0.05,0,stock_session,,
development,2024-07-11,IONQ,15,20,0.05,0.05,0,stock_session,,
development,2024-07-11,IREN,8,20,0.05,0.05,0,stock_session,,
development,2024-07-11,MARA,15,20,0.05,0.05,0,stock_session,,
development,2024-07-11,MP,13,20,0.05,0.05,0,stock_session,,
development,2024-07-11,MRNA,13,20,0.05,0.05,0,stock_session,,
development,2024-07-11,MSTR,15,20,0.05,0.05,0,stock_session,,
development,2024-07-11,NVTS,6,20,0.05,0.05,0,stock_session,,
development,2024-07-11,QBTS,3,20,0.05,0.05,0,stock_session,,
development,2024-07-11,RGTI,2,20,0.05,0.05,0,stock_session,,
development,2024-07-11,RIOT,14,20,0.05,0.05,6.93889390390723e-18,stock_session,,
development,2024-07-11,RIVN,13,20,0.05,0.05,0,stock_session,,
development,2024-07-11,SMCI,15,20,0.05,0.05,0,stock_session,,
development,2024-07-11,SOFI,13,20,0.05,0.05,0,stock_session,,
development,2024-07-11,WULF,15,20,0.05,0.05,0,stock_session,,
development,2024-07-12,AAL,8,20,0.05,0.05,0,stock_session,,
development,2024-07-12,AAOI,15,20,0.05,0.05,0,stock_session,,
development,2024-07-12,APLD,7,20,0.05,0.05,6.93889390390723e-18,stock_session,,
development,2024-07-12,ASTS,11,20,0.05,0.05,6.93889390390723e-18,stock_session,,
development,2024-07-12,CIFR,14,20,0.05,0.05,6.93889390390723e-18,stock_session,,
development,2024-07-12,HIMS,14,20,0.05,0.05,6.93889390390723e-18,stock_session,,
development,2024-07-12,IONQ,14,20,0.05,0.05,6.93889390390723e-18,stock_session,,
development,2024-07-12,IREN,13,20,0.05,0.05,0,stock_session,,
development,2024-07-12,MARA,15,20,0.05,0.05,0,stock_session,,
development,2024-07-12,MP,5,20,0.05,0.05,0,stock_session,,
development,2024-07-12,MRNA,10,20,0.05,0.05,0,stock_session,,
development,2024-07-12,MSTR,9,20,0.05,0.05,0,stock_session,,
development,2024-07-12,NVTS,15,20,0.05,0.05,0,stock_session,,
development,2024-07-12,QBTS,12,20,0.05,0.05,0,stock_session,,
development,2024-07-12,RGTI,12,20,0.05,0.05,0,stock_session,,
development,2024-07-12,RIOT,15,20,0.05,0.05,0,stock_session,,
development,2024-07-12,RIVN,3,20,0.05,0.05,0,stock_session,,
development,2024-07-12,SMCI,15,20,0.05,0.05,0,stock_session,,
development,2024-07-12,SOFI,6,20,0.05,0.05,0,stock_session,,
development,2024-07-12,WULF,15,20,0.05,0.05,0,stock_session,,
development,2024-07-15,AAL,5,20,0.05,0.05,0,stock_session,,
development,2024-07-15,AAOI,15,20,0.05,0.05,0,stock_session,,
development,2024-07-15,APLD,15,20,0.05,0.05,0,stock_session,,
development,2024-07-15,ASTS,10,20,0.05,0.05,0,stock_session,,
development,2024-07-15,CIFR,12,20,0.05,0.05,0,stock_session,,
development,2024-07-15,HIMS,15,20,0.05,0.05,0,stock_session,,
development,2024-07-15,IONQ,14,20,0.05,0.05,6.93889390390723e-18,stock_session,,
development,2024-07-15,IREN,7,20,0.05,0.05,6.93889390390723e-18,stock_session,,
development,2024-07-15,MARA,12,20,0.05,0.05,0,stock_session,,
development,2024-07-15,MP,15,20,0.05,0.05,0,stock_session,,
development,2024-07-15,MRNA,9,20,0.05,0.05,0,stock_session,,
development,2024-07-15,MSTR,14,20,0.05,0.05,6.93889390390723e-18,stock_session,,
development,2024-07-15,NVTS,10,20,0.05,0.05,0,stock_session,,
development,2024-07-15,QBTS,11,20,0.05,0.05,6.93889390390723e-18,stock_session,,
development,2024-07-15,RGTI,15,20,0.05,0.05,0,stock_session,,
development,2024-07-15,RIOT,14,20,0.05,0.05,6.93889390390723e-18,stock_session,,
development,2024-07-15,RIVN,15,20,0.05,0.05,0,stock_session,,
development,2024-07-15,SMCI,11,20,0.05,0.05,6.93889390390723e-18,stock_session,,
development,2024-07-15,SOFI,15,20,0.05,0.05,0,stock_session,,
development,2024-07-15,WULF,14,20,0.05,0.05,6.93889390390723e-18,stock_session,,
development,2024-07-16,AAL,9,19,0.0526315789473684,0.0526315789473684,0,stock_session,,
development,2024-07-16,AAOI,10,19,0.0526315789473684,0.0526315789473684,0,stock_session,,
development,2024-07-16,APLD,15,19,0.0526315789473684,0.0526315789473684,6.93889390390723e-18,stock_session,,
development,2024-07-16,ASTS,14,19,0.0526315789473684,0.0526315789473684,0,stock_session,,
development,2024-07-16,CIFR,15,19,0.0526315789473684,0.0526315789473684,6.93889390390723e-18,stock_session,,
development,2024-07-16,HIMS,15,19,0.0526315789473684,0.0526315789473684,6.93889390390723e-18,stock_session,,
development,2024-07-16,IONQ,12,19,0.0526315789473684,0.0526315789473684,0,stock_session,,
development,2024-07-16,MARA,8,19,0.0526315789473684,0.0526315789473684,0,stock_session,,
development,2024-07-16,MP,15,19,0.0526315789473684,0.0526315789473684,6.93889390390723e-18,stock_session,,
development,2024-07-16,MRNA,13,19,0.0526315789473684,0.0526315789473684,0,stock_session,,
development,2024-07-16,MSTR,8,19,0.0526315789473684,0.0526315789473684,0,stock_session,,
development,2024-07-16,NVTS,12,19,0.0526315789473684,0.0526315789473684,0,stock_session,,
development,2024-07-16,QBTS,11,19,0.0526315789473684,0.0526315789473684,0,stock_session,,
development,2024-07-16,RGTI,14,19,0.0526315789473684,0.0526315789473684,0,stock_session,,
development,2024-07-16,RIOT,14,19,0.0526315789473684,0.0526315789473684,0,stock_session,,
development,2024-07-16,RIVN,15,19,0.0526315789473684,0.0526315789473684,6.93889390390723e-18,stock_session,,
development,2024-07-16,SMCI,8,19,0.0526315789473684,0.0526315789473684,0,stock_session,,
development,2024-07-16,SOFI,15,19,0.0526315789473684,0.0526315789473684,6.93889390390723e-18,stock_session,,
development,2024-07-16,WULF,15,19,0.0526315789473684,0.0526315789473684,6.93889390390723e-18,stock_session,,
development,2024-07-17,AAL,11,20,0.05,0.05,6.93889390390723e-18,stock_session,,
development,2024-07-17,AAOI,13,20,0.05,0.05,0,stock_session,,
development,2024-07-17,APLD,12,20,0.05,0.05,0,stock_session,,
development,2024-07-17,ASTS,12,20,0.05,0.05,0,stock_session,,
development,2024-07-17,CIFR,15,20,0.05,0.05,0,stock_session,,
development,2024-07-17,HIMS,15,20,0.05,0.05,0,stock_session,,
development,2024-07-17,IONQ,15,20,0.05,0.05,0,stock_session,,
development,2024-07-17,IREN,9,20,0.05,0.05,0,stock_session,,
development,2024-07-17,MARA,15,20,0.05,0.05,0,stock_session,,
development,2024-07-17,MP,13,20,0.05,0.05,0,stock_session,,
development,2024-07-17,MRNA,13,20,0.05,0.05,0,stock_session,,
development,2024-07-17,MSTR,8,20,0.05,0.05,0,stock_session,,
development,2024-07-17,NVTS,11,20,0.05,0.05,6.93889390390723e-18,stock_session,,
development,2024-07-17,QBTS,11,20,0.05,0.05,6.93889390390723e-18,stock_session,,
development,2024-07-17,RGTI,7,20,0.05,0.05,6.93889390390723e-18,stock_session,,
development,2024-07-17,RIOT,15,20,0.05,0.05,0,stock_session,,
development,2024-07-17,RIVN,13,20,0.05,0.05,0,stock_session,,
development,2024-07-17,SMCI,8,20,0.05,0.05,0,stock_session,,
development,2024-07-17,SOFI,4,20,0.05,0.05,0,stock_session,,
development,2024-07-17,WULF,15,20,0.05,0.05,0,stock_session,,
development,2024-07-18,AAL,13,20,0.05,0.05,0,stock_session,,
development,2024-07-18,AAOI,15,20,0.05,0.05,0,stock_session,,
development,2024-07-18,APLD,15,20,0.05,0.05,0,stock_session,,
development,2024-07-18,ASTS,13,20,0.05,0.05,0,stock_session,,
development,2024-07-18,CIFR,13,20,0.05,0.05,0,stock_session,,
development,2024-07-18,HIMS,15,20,0.05,0.05,0,stock_session,,
development,2024-07-18,IONQ,15,20,0.05,0.05,0,stock_session,,
development,2024-07-18,IREN,14,20,0.05,0.05,6.93889390390723e-18,stock_session,,
development,2024-07-18,MARA,14,20,0.05,0.05,6.93889390390723e-18,stock_session,,
development,2024-07-18,MP,9,20,0.05,0.05,0,stock_session,,
development,2024-07-18,MRNA,13,20,0.05,0.05,0,stock_session,,
development,2024-07-18,MSTR,14,20,0.05,0.05,6.93889390390723e-18,stock_session,,
development,2024-07-18,NVTS,15,20,0.05,0.05,0,stock_session,,
development,2024-07-18,QBTS,11,20,0.05,0.05,6.93889390390723e-18,stock_session,,
development,2024-07-18,RGTI,13,20,0.05,0.05,0,stock_session,,
development,2024-07-18,RIOT,15,20,0.05,0.05,0,stock_session,,
development,2024-07-18,RIVN,12,20,0.05,0.05,0,stock_session,,
development,2024-07-18,SMCI,7,20,0.05,0.05,6.93889390390723e-18,stock_session,,
development,2024-07-18,SOFI,15,20,0.05,0.05,0,stock_session,,
development,2024-07-18,WULF,11,20,0.05,0.05,6.93889390390723e-18,stock_session,,
development,2024-07-19,AAL,4,20,0.05,0.05,0,stock_session,,
development,2024-07-19,AAOI,11,20,0.05,0.05,6.93889390390723e-18,stock_session,,
development,2024-07-19,APLD,15,20,0.05,0.05,0,stock_session,,
development,2024-07-19,ASTS,7,20,0.05,0.05,6.93889390390723e-18,stock_session,,
development,2024-07-19,CIFR,15,20,0.05,0.05,0,stock_session,,
development,2024-07-19,HIMS,13,20,0.05,0.05,0,stock_session,,
development,2024-07-19,IONQ,12,20,0.05,0.05,0,stock_session,,
development,2024-07-19,IREN,13,20,0.05,0.05,0,stock_session,,
development,2024-07-19,MARA,15,20,0.05,0.05,0,stock_session,,
development,2024-07-19,MP,7,20,0.05,0.05,6.93889390390723e-18,stock_session,,
development,2024-07-19,MRNA,7,20,0.05,0.05,6.93889390390723e-18,stock_session,,
development,2024-07-19,MSTR,15,20,0.05,0.05,0,stock_session,,
development,2024-07-19,NVTS,11,20,0.05,0.05,6.93889390390723e-18,stock_session,,
development,2024-07-19,QBTS,15,20,0.05,0.05,0,stock_session,,
development,2024-07-19,RGTI,13,20,0.05,0.05,0,stock_session,,
development,2024-07-19,RIOT,15,20,0.05,0.05,0,stock_session,,
development,2024-07-19,RIVN,15,20,0.05,0.05,0,stock_session,,
development,2024-07-19,SMCI,9,20,0.05,0.05,0,stock_session,,
development,2024-07-19,SOFI,10,20,0.05,0.05,0,stock_session,,
development,2024-07-19,WULF,15,20,0.05,0.05,0,stock_session,,
development,2024-07-22,AAL,3,20,0.05,0.05,0,stock_session,,
development,2024-07-22,AAOI,12,20,0.05,0.05,0,stock_session,,
development,2024-07-22,APLD,15,20,0.05,0.05,0,stock_session,,
development,2024-07-22,ASTS,13,20,0.05,0.05,0,stock_session,,
development,2024-07-22,CIFR,11,20,0.05,0.05,6.93889390390723e-18,stock_session,,
development,2024-07-22,HIMS,11,20,0.05,0.05,6.93889390390723e-18,stock_session,,
development,2024-07-22,IONQ,7,20,0.05,0.05,6.93889390390723e-18,stock_session,,
development,2024-07-22,IREN,4,20,0.05,0.05,0,stock_session,,
development,2024-07-22,MARA,15,20,0.05,0.05,0,stock_session,,
development,2024-07-22,MP,7,20,0.05,0.05,6.93889390390723e-18,stock_session,,
development,2024-07-22,MRNA,8,20,0.05,0.05,0,stock_session,,
development,2024-07-22,MSTR,11,20,0.05,0.05,6.93889390390723e-18,stock_session,,
development,2024-07-22,NVTS,11,20,0.05,0.05,6.93889390390723e-18,stock_session,,
development,2024-07-22,QBTS,9,20,0.05,0.05,0,stock_session,,
development,2024-07-22,RGTI,9,20,0.05,0.05,0,stock_session,,
development,2024-07-22,RIOT,13,20,0.05,0.05,0,stock_session,,
development,2024-07-22,RIVN,12,20,0.05,0.05,0,stock_session,,
development,2024-07-22,SMCI,12,20,0.05,0.05,0,stock_session,,
development,2024-07-22,SOFI,7,20,0.05,0.05,6.93889390390723e-18,stock_session,,
development,2024-07-22,WULF,12,20,0.05,0.05,0,stock_session,,
development,2024-07-23,AAL,5,20,0.05,0.05,0,stock_session,,
development,2024-07-23,AAOI,14,20,0.05,0.05,6.93889390390723e-18,stock_session,,
development,2024-07-23,APLD,14,20,0.05,0.05,6.93889390390723e-18,stock_session,,
development,2024-07-23,ASTS,13,20,0.05,0.05,0,stock_session,,
development,2024-07-23,CIFR,14,20,0.05,0.05,6.93889390390723e-18,stock_session,,
development,2024-07-23,HIMS,15,20,0.05,0.05,0,stock_session,,
development,2024-07-23,IONQ,9,20,0.05,0.05,0,stock_session,,
development,2024-07-23,IREN,11,20,0.05,0.05,6.93889390390723e-18,stock_session,,
development,2024-07-23,MARA,13,20,0.05,0.05,0,stock_session,,
development,2024-07-23,MP,9,20,0.05,0.05,0,stock_session,,
development,2024-07-23,MRNA,5,20,0.05,0.05,0,stock_session,,
development,2024-07-23,MSTR,15,20,0.05,0.05,0,stock_session,,
development,2024-07-23,NVTS,11,20,0.05,0.05,6.93889390390723e-18,stock_session,,
development,2024-07-23,QBTS,13,20,0.05,0.05,0,stock_session,,
development,2024-07-23,RGTI,15,20,0.05,0.05,0,stock_session,,
development,2024-07-23,RIOT,14,20,0.05,0.05,6.93889390390723e-18,stock_session,,
development,2024-07-23,RIVN,15,20,0.05,0.05,0,stock_session,,
development,2024-07-23,SMCI,6,20,0.05,0.05,0,stock_session,,
development,2024-07-23,SOFI,9,20,0.05,0.05,0,stock_session,,
development,2024-07-23,WULF,13,20,0.05,0.05,0,stock_session,,
development,2024-07-24,AAL,6,20,0.05,0.05,0,stock_session,,
development,2024-07-24,AAOI,14,20,0.05,0.05,6.93889390390723e-18,stock_session,,
development,2024-07-24,APLD,14,20,0.05,0.05,6.93889390390723e-18,stock_session,,
development,2024-07-24,ASTS,13,20,0.05,0.05,0,stock_session,,
development,2024-07-24,CIFR,15,20,0.05,0.05,0,stock_session,,
development,2024-07-24,HIMS,7,20,0.05,0.05,6.93889390390723e-18,stock_session,,
development,2024-07-24,IONQ,15,20,0.05,0.05,0,stock_session,,
development,2024-07-24,IREN,10,20,0.05,0.05,0,stock_session,,
development,2024-07-24,MARA,15,20,0.05,0.05,0,stock_session,,
development,2024-07-24,MP,4,20,0.05,0.05,0,stock_session,,
development,2024-07-24,MRNA,4,20,0.05,0.05,0,stock_session,,
development,2024-07-24,MSTR,15,20,0.05,0.05,0,stock_session,,
development,2024-07-24,NVTS,14,20,0.05,0.05,6.93889390390723e-18,stock_session,,
development,2024-07-24,QBTS,15,20,0.05,0.05,0,stock_session,,
development,2024-07-24,RGTI,12,20,0.05,0.05,0,stock_session,,
development,2024-07-24,RIOT,13,20,0.05,0.05,0,stock_session,,
development,2024-07-24,RIVN,5,20,0.05,0.05,0,stock_session,,
development,2024-07-24,SMCI,10,20,0.05,0.05,0,stock_session,,
development,2024-07-24,SOFI,7,20,0.05,0.05,6.93889390390723e-18,stock_session,,
development,2024-07-24,WULF,15,20,0.05,0.05,0,stock_session,,
development,2024-07-25,AAL,15,20,0.05,0.05,0,stock_session,,
development,2024-07-25,AAOI,14,20,0.05,0.05,6.93889390390723e-18,stock_session,,
development,2024-07-25,APLD,12,20,0.05,0.05,0,stock_session,,
development,2024-07-25,ASTS,15,20,0.05,0.05,0,stock_session,,
development,2024-07-25,CIFR,6,20,0.05,0.05,0,stock_session,,
development,2024-07-25,HIMS,15,20,0.05,0.05,0,stock_session,,
development,2024-07-25,IONQ,11,20,0.05,0.05,6.93889390390723e-18,stock_session,,
development,2024-07-25,IREN,12,20,0.05,0.05,0,stock_session,,
development,2024-07-25,MARA,15,20,0.05,0.05,0,stock_session,,
development,2024-07-25,MP,3,20,0.05,0.05,0,stock_session,,
development,2024-07-25,MRNA,10,20,0.05,0.05,0,stock_session,,
development,2024-07-25,MSTR,11,20,0.05,0.05,6.93889390390723e-18,stock_session,,
development,2024-07-25,NVTS,15,20,0.05,0.05,0,stock_session,,
development,2024-07-25,QBTS,12,20,0.05,0.05,0,stock_session,,
development,2024-07-25,RGTI,15,20,0.05,0.05,0,stock_session,,
development,2024-07-25,RIOT,14,20,0.05,0.05,6.93889390390723e-18,stock_session,,
development,2024-07-25,RIVN,9,20,0.05,0.05,0,stock_session,,
development,2024-07-25,SMCI,15,20,0.05,0.05,0,stock_session,,
development,2024-07-25,SOFI,11,20,0.05,0.05,6.93889390390723e-18,stock_session,,
development,2024-07-25,WULF,12,20,0.05,0.05,0,stock_session,,
development,2024-07-26,AAL,8,20,0.05,0.05,0,stock_session,,
development,2024-07-26,AAOI,11,20,0.05,0.05,6.93889390390723e-18,stock_session,,
development,2024-07-26,APLD,13,20,0.05,0.05,0,stock_session,,
development,2024-07-26,ASTS,15,20,0.05,0.05,0,stock_session,,
development,2024-07-26,CIFR,15,20,0.05,0.05,0,stock_session,,
development,2024-07-26,HIMS,14,20,0.05,0.05,6.93889390390723e-18,stock_session,,
development,2024-07-26,IONQ,14,20,0.05,0.05,6.93889390390723e-18,stock_session,,
development,2024-07-26,IREN,15,20,0.05,0.05,0,stock_session,,
development,2024-07-26,MARA,13,20,0.05,0.05,0,stock_session,,
development,2024-07-26,MP,8,20,0.05,0.05,0,stock_session,,
development,2024-07-26,MRNA,6,20,0.05,0.05,0,stock_session,,
development,2024-07-26,MSTR,13,20,0.05,0.05,0,stock_session,,
development,2024-07-26,NVTS,15,20,0.05,0.05,0,stock_session,,
development,2024-07-26,QBTS,6,20,0.05,0.05,0,stock_session,,
development,2024-07-26,RGTI,13,20,0.05,0.05,0,stock_session,,
development,2024-07-26,RIOT,15,20,0.05,0.05,0,stock_session,,
development,2024-07-26,RIVN,15,20,0.05,0.05,0,stock_session,,
development,2024-07-26,SMCI,7,20,0.05,0.05,6.93889390390723e-18,stock_session,,
development,2024-07-26,SOFI,8,20,0.05,0.05,0,stock_session,,
development,2024-07-26,WULF,15,20,0.05,0.05,0,stock_session,,
development,2024-07-29,AAL,11,20,0.05,0.05,6.93889390390723e-18,stock_session,,
development,2024-07-29,AAOI,10,20,0.05,0.05,0,stock_session,,
development,2024-07-29,APLD,14,20,0.05,0.05,6.93889390390723e-18,stock_session,,
development,2024-07-29,ASTS,2,20,0.05,0.05,0,stock_session,,
development,2024-07-29,CIFR,13,20,0.05,0.05,0,stock_session,,
development,2024-07-29,HIMS,15,20,0.05,0.05,0,stock_session,,
development,2024-07-29,IONQ,15,20,0.05,0.05,0,stock_session,,
development,2024-07-29,IREN,12,20,0.05,0.05,0,stock_session,,
development,2024-07-29,MARA,14,20,0.05,0.05,6.93889390390723e-18,stock_session,,
development,2024-07-29,MP,11,20,0.05,0.05,6.93889390390723e-18,stock_session,,
development,2024-07-29,MRNA,11,20,0.05,0.05,6.93889390390723e-18,stock_session,,
development,2024-07-29,MSTR,10,20,0.05,0.05,0,stock_session,,
development,2024-07-29,NVTS,13,20,0.05,0.05,0,stock_session,,
development,2024-07-29,QBTS,15,20,0.05,0.05,0,stock_session,,
development,2024-07-29,RGTI,14,20,0.05,0.05,6.93889390390723e-18,stock_session,,
development,2024-07-29,RIOT,15,20,0.05,0.05,0,stock_session,,
development,2024-07-29,RIVN,9,20,0.05,0.05,0,stock_session,,
development,2024-07-29,SMCI,15,20,0.05,0.05,0,stock_session,,
development,2024-07-29,SOFI,15,20,0.05,0.05,0,stock_session,,
development,2024-07-29,WULF,8,20,0.05,0.05,0,stock_session,,
development,2024-07-30,AAL,3,20,0.05,0.05,0,stock_session,,
development,2024-07-30,AAOI,14,20,0.05,0.05,6.93889390390723e-18,stock_session,,
development,2024-07-30,APLD,15,20,0.05,0.05,0,stock_session,,
development,2024-07-30,ASTS,8,20,0.05,0.05,0,stock_session,,
development,2024-07-30,CIFR,11,20,0.05,0.05,6.93889390390723e-18,stock_session,,
development,2024-07-30,HIMS,13,20,0.05,0.05,0,stock_session,,
development,2024-07-30,IONQ,15,20,0.05,0.05,0,stock_session,,
development,2024-07-30,IREN,13,20,0.05,0.05,0,stock_session,,
development,2024-07-30,MARA,15,20,0.05,0.05,0,stock_session,,
development,2024-07-30,MP,15,20,0.05,0.05,0,stock_session,,
development,2024-07-30,MRNA,14,20,0.05,0.05,6.93889390390723e-18,stock_session,,
development,2024-07-30,MSTR,13,20,0.05,0.05,0,stock_session,,
development,2024-07-30,NVTS,14,20,0.05,0.05,6.93889390390723e-18,stock_session,,
development,2024-07-30,QBTS,9,20,0.05,0.05,0,stock_session,,
development,2024-07-30,RGTI,12,20,0.05,0.05,0,stock_session,,
development,2024-07-30,RIOT,10,20,0.05,0.05,0,stock_session,,
development,2024-07-30,RIVN,9,20,0.05,0.05,0,stock_session,,
development,2024-07-30,SMCI,14,20,0.05,0.05,6.93889390390723e-18,stock_session,,
development,2024-07-30,SOFI,4,20,0.05,0.05,0,stock_session,,
development,2024-07-30,WULF,14,20,0.05,0.05,6.93889390390723e-18,stock_session,,
development,2024-07-31,AAL,3,20,0.05,0.05,0,stock_session,,
development,2024-07-31,AAOI,15,20,0.05,0.05,0,stock_session,,
development,2024-07-31,APLD,15,20,0.05,0.05,0,stock_session,,
development,2024-07-31,ASTS,11,20,0.05,0.05,6.93889390390723e-18,stock_session,,
development,2024-07-31,CIFR,15,20,0.05,0.05,0,stock_session,,
development,2024-07-31,HIMS,15,20,0.05,0.05,0,stock_session,,
development,2024-07-31,IONQ,8,20,0.05,0.05,0,stock_session,,
development,2024-07-31,IREN,14,20,0.05,0.05,6.93889390390723e-18,stock_session,,
development,2024-07-31,MARA,9,20,0.05,0.05,0,stock_session,,
development,2024-07-31,MP,3,20,0.05,0.05,0,stock_session,,
development,2024-07-31,MRNA,1,20,0.05,0.05,0,stock_session,,
development,2024-07-31,MSTR,10,20,0.05,0.05,0,stock_session,,
development,2024-07-31,NVTS,11,20,0.05,0.05,6.93889390390723e-18,stock_session,,
development,2024-07-31,QBTS,15,20,0.05,0.05,0,stock_session,,
development,2024-07-31,RGTI,5,20,0.05,0.05,0,stock_session,,
development,2024-07-31,RIOT,11,20,0.05,0.05,6.93889390390723e-18,stock_session,,
development,2024-07-31,RIVN,14,20,0.05,0.05,6.93889390390723e-18,stock_session,,
development,2024-07-31,SMCI,15,20,0.05,0.05,0,stock_session,,
development,2024-07-31,SOFI,15,20,0.05,0.05,0,stock_session,,
development,2024-07-31,WULF,13,20,0.05,0.05,0,stock_session,,
development,2024-08-01,AAL,13,20,0.05,0.05,0,stock_session,,
development,2024-08-01,AAOI,14,20,0.05,0.05,6.93889390390723e-18,stock_session,,
development,2024-08-01,APLD,15,20,0.05,0.05,0,stock_session,,
development,2024-08-01,ASTS,12,20,0.05,0.05,0,stock_session,,
development,2024-08-01,CIFR,14,20,0.05,0.05,6.93889390390723e-18,stock_session,,
development,2024-08-01,HIMS,12,20,0.05,0.05,0,stock_session,,
development,2024-08-01,IONQ,15,20,0.05,0.05,0,stock_session,,
development,2024-08-01,IREN,14,20,0.05,0.05,6.93889390390723e-18,stock_session,,
development,2024-08-01,MARA,14,20,0.05,0.05,6.93889390390723e-18,stock_session,,
development,2024-08-01,MP,15,20,0.05,0.05,0,stock_session,,
development,2024-08-01,MRNA,15,20,0.05,0.05,0,stock_session,,
development,2024-08-01,MSTR,13,20,0.05,0.05,0,stock_session,,
development,2024-08-01,NVTS,13,20,0.05,0.05,0,stock_session,,
development,2024-08-01,QBTS,12,20,0.05,0.05,0,stock_session,,
development,2024-08-01,RGTI,12,20,0.05,0.05,0,stock_session,,
development,2024-08-01,RIOT,13,20,0.05,0.05,0,stock_session,,
development,2024-08-01,RIVN,15,20,0.05,0.05,0,stock_session,,
development,2024-08-01,SMCI,15,20,0.05,0.05,0,stock_session,,
development,2024-08-01,SOFI,14,20,0.05,0.05,6.93889390390723e-18,stock_session,,
development,2024-08-01,WULF,15,20,0.05,0.05,0,stock_session,,
development,2024-08-02,AAL,9,19,0.0526315789473684,0.0526315789473684,0,stock_session,,
development,2024-08-02,AAOI,2,19,0.0526315789473684,0.0526315789473684,0,stock_session,,
development,2024-08-02,APLD,10,19,0.0526315789473684,0.0526315789473684,0,stock_session,,
development,2024-08-02,ASTS,15,19,0.0526315789473684,0.0526315789473684,6.93889390390723e-18,stock_session,,
development,2024-08-02,CIFR,15,19,0.0526315789473684,0.0526315789473684,6.93889390390723e-18,stock_session,,
development,2024-08-02,HIMS,13,19,0.0526315789473684,0.0526315789473684,0,stock_session,,
development,2024-08-02,IONQ,12,19,0.0526315789473684,0.0526315789473684,0,stock_session,,
development,2024-08-02,IREN,10,19,0.0526315789473684,0.0526315789473684,0,stock_session,,
development,2024-08-02,MARA,10,19,0.0526315789473684,0.0526315789473684,0,stock_session,,
development,2024-08-02,MRNA,8,19,0.0526315789473684,0.0526315789473684,0,stock_session,,
development,2024-08-02,MSTR,10,19,0.0526315789473684,0.0526315789473684,0,stock_session,,
development,2024-08-02,NVTS,11,19,0.0526315789473684,0.0526315789473684,0,stock_session,,
development,2024-08-02,QBTS,12,19,0.0526315789473684,0.0526315789473684,0,stock_session,,
development,2024-08-02,RGTI,14,19,0.0526315789473684,0.0526315789473684,0,stock_session,,
development,2024-08-02,RIOT,10,19,0.0526315789473684,0.0526315789473684,0,stock_session,,
development,2024-08-02,RIVN,10,19,0.0526315789473684,0.0526315789473684,0,stock_session,,
development,2024-08-02,SMCI,15,19,0.0526315789473684,0.0526315789473684,6.93889390390723e-18,stock_session,,
development,2024-08-02,SOFI,13,19,0.0526315789473684,0.0526315789473684,0,stock_session,,
development,2024-08-02,WULF,15,19,0.0526315789473684,0.0526315789473684,6.93889390390723e-18,stock_session,,
development,2024-08-05,AAL,15,20,0.05,0.05,0,stock_session,,
development,2024-08-05,AAOI,15,20,0.05,0.05,0,stock_session,,
development,2024-08-05,APLD,14,20,0.05,0.05,6.93889390390723e-18,stock_session,,
development,2024-08-05,ASTS,7,20,0.05,0.05,6.93889390390723e-18,stock_session,,
development,2024-08-05,CIFR,10,20,0.05,0.05,0,stock_session,,
development,2024-08-05,HIMS,9,20,0.05,0.05,0,stock_session,,
development,2024-08-05,IONQ,14,20,0.05,0.05,6.93889390390723e-18,stock_session,,
development,2024-08-05,IREN,15,20,0.05,0.05,0,stock_session,,
development,2024-08-05,MARA,15,20,0.05,0.05,0,stock_session,,
development,2024-08-05,MP,13,20,0.05,0.05,0,stock_session,,
development,2024-08-05,MRNA,15,20,0.05,0.05,0,stock_session,,
development,2024-08-05,MSTR,12,20,0.05,0.05,0,stock_session,,
development,2024-08-05,NVTS,3,20,0.05,0.05,0,stock_session,,
development,2024-08-05,QBTS,15,20,0.05,0.05,0,stock_session,,
development,2024-08-05,RGTI,14,20,0.05,0.05,6.93889390390723e-18,stock_session,,
development,2024-08-05,RIOT,15,20,0.05,0.05,0,stock_session,,
development,2024-08-05,RIVN,15,20,0.05,0.05,0,stock_session,,
development,2024-08-05,SMCI,15,20,0.05,0.05,0,stock_session,,
development,2024-08-05,SOFI,15,20,0.05,0.05,0,stock_session,,
development,2024-08-05,WULF,15,20,0.05,0.05,0,stock_session,,
development,2024-08-06,AAL,9,20,0.05,0.05,0,stock_session,,
development,2024-08-06,AAOI,15,20,0.05,0.05,0,stock_session,,
development,2024-08-06,APLD,11,20,0.05,0.05,6.93889390390723e-18,stock_session,,
development,2024-08-06,ASTS,14,20,0.05,0.05,6.93889390390723e-18,stock_session,,
development,2024-08-06,CIFR,11,20,0.05,0.05,6.93889390390723e-18,stock_session,,
development,2024-08-06,HIMS,7,20,0.05,0.05,6.93889390390723e-18,stock_session,,
development,2024-08-06,IONQ,15,20,0.05,0.05,0,stock_session,,
development,2024-08-06,IREN,15,20,0.05,0.05,0,stock_session,,
development,2024-08-06,MARA,15,20,0.05,0.05,0,stock_session,,
development,2024-08-06,MP,9,20,0.05,0.05,0,stock_session,,
development,2024-08-06,MRNA,13,20,0.05,0.05,0,stock_session,,
development,2024-08-06,MSTR,12,20,0.05,0.05,0,stock_session,,
development,2024-08-06,NVTS,9,20,0.05,0.05,0,stock_session,,
development,2024-08-06,QBTS,9,20,0.05,0.05,0,stock_session,,
development,2024-08-06,RGTI,15,20,0.05,0.05,0,stock_session,,
development,2024-08-06,RIOT,15,20,0.05,0.05,0,stock_session,,
development,2024-08-06,RIVN,15,20,0.05,0.05,0,stock_session,,
development,2024-08-06,SMCI,15,20,0.05,0.05,0,stock_session,,
development,2024-08-06,SOFI,12,20,0.05,0.05,0,stock_session,,
development,2024-08-06,WULF,15,20,0.05,0.05,0,stock_session,,
development,2024-08-07,AAL,11,19,0.0526315789473684,0.0526315789473684,0,stock_session,,
development,2024-08-07,AAOI,10,19,0.0526315789473684,0.0526315789473684,0,stock_session,,
development,2024-08-07,APLD,14,19,0.0526315789473684,0.0526315789473684,0,stock_session,,
development,2024-08-07,ASTS,8,19,0.0526315789473684,0.0526315789473684,0,stock_session,,
development,2024-08-07,CIFR,14,19,0.0526315789473684,0.0526315789473684,0,stock_session,,
development,2024-08-07,HIMS,7,19,0.0526315789473684,0.0526315789473684,0,stock_session,,
development,2024-08-07,IONQ,15,19,0.0526315789473684,0.0526315789473684,6.93889390390723e-18,stock_session,,
development,2024-08-07,IREN,15,19,0.0526315789473684,0.0526315789473684,6.93889390390723e-18,stock_session,,
development,2024-08-07,MARA,14,19,0.0526315789473684,0.0526315789473684,0,stock_session,,
development,2024-08-07,MP,13,19,0.0526315789473684,0.0526315789473684,0,stock_session,,
development,2024-08-07,MRNA,13,19,0.0526315789473684,0.0526315789473684,0,stock_session,,
development,2024-08-07,MSTR,15,19,0.0526315789473684,0.0526315789473684,6.93889390390723e-18,stock_session,,
development,2024-08-07,NVTS,13,19,0.0526315789473684,0.0526315789473684,0,stock_session,,
development,2024-08-07,QBTS,15,19,0.0526315789473684,0.0526315789473684,6.93889390390723e-18,stock_session,,
development,2024-08-07,RGTI,15,19,0.0526315789473684,0.0526315789473684,6.93889390390723e-18,stock_session,,
development,2024-08-07,RIOT,15,19,0.0526315789473684,0.0526315789473684,6.93889390390723e-18,stock_session,,
development,2024-08-07,RIVN,15,19,0.0526315789473684,0.0526315789473684,6.93889390390723e-18,stock_session,,
development,2024-08-07,SOFI,8,19,0.0526315789473684,0.0526315789473684,0,stock_session,,
development,2024-08-07,WULF,15,19,0.0526315789473684,0.0526315789473684,6.93889390390723e-18,stock_session,,
development,2024-08-08,AAL,13,20,0.05,0.05,0,stock_session,,
development,2024-08-08,AAOI,15,20,0.05,0.05,0,stock_session,,
development,2024-08-08,APLD,11,20,0.05,0.05,6.93889390390723e-18,stock_session,,
development,2024-08-08,ASTS,14,20,0.05,0.05,6.93889390390723e-18,stock_session,,
development,2024-08-08,CIFR,15,20,0.05,0.05,0,stock_session,,
development,2024-08-08,HIMS,12,20,0.05,0.05,0,stock_session,,
development,2024-08-08,IONQ,15,20,0.05,0.05,0,stock_session,,
development,2024-08-08,IREN,14,20,0.05,0.05,6.93889390390723e-18,stock_session,,
development,2024-08-08,MARA,15,20,0.05,0.05,0,stock_session,,
development,2024-08-08,MP,8,20,0.05,0.05,0,stock_session,,
development,2024-08-08,MRNA,15,20,0.05,0.05,0,stock_session,,
development,2024-08-08,MSTR,15,20,0.05,0.05,0,stock_session,,
development,2024-08-08,NVTS,12,20,0.05,0.05,0,stock_session,,
development,2024-08-08,QBTS,8,20,0.05,0.05,0,stock_session,,
development,2024-08-08,RGTI,13,20,0.05,0.05,0,stock_session,,
development,2024-08-08,RIOT,14,20,0.05,0.05,6.93889390390723e-18,stock_session,,
development,2024-08-08,RIVN,15,20,0.05,0.05,0,stock_session,,
development,2024-08-08,SMCI,12,20,0.05,0.05,0,stock_session,,
development,2024-08-08,SOFI,13,20,0.05,0.05,0,stock_session,,
development,2024-08-08,WULF,15,20,0.05,0.05,0,stock_session,,
development,2024-08-09,AAL,6,20,0.05,0.05,0,stock_session,,
development,2024-08-09,AAOI,10,20,0.05,0.05,0,stock_session,,
development,2024-08-09,APLD,9,20,0.05,0.05,0,stock_session,,
development,2024-08-09,ASTS,7,20,0.05,0.05,6.93889390390723e-18,stock_session,,
development,2024-08-09,CIFR,15,20,0.05,0.05,0,stock_session,,
development,2024-08-09,HIMS,15,20,0.05,0.05,0,stock_session,,
development,2024-08-09,IONQ,13,20,0.05,0.05,0,stock_session,,
development,2024-08-09,IREN,15,20,0.05,0.05,0,stock_session,,
development,2024-08-09,MARA,15,20,0.05,0.05,0,stock_session,,
development,2024-08-09,MP,9,20,0.05,0.05,0,stock_session,,
development,2024-08-09,MRNA,11,20,0.05,0.05,6.93889390390723e-18,stock_session,,
development,2024-08-09,MSTR,12,20,0.05,0.05,0,stock_session,,
development,2024-08-09,NVTS,14,20,0.05,0.05,6.93889390390723e-18,stock_session,,
development,2024-08-09,QBTS,12,20,0.05,0.05,0,stock_session,,
development,2024-08-09,RGTI,15,20,0.05,0.05,0,stock_session,,
development,2024-08-09,RIOT,14,20,0.05,0.05,6.93889390390723e-18,stock_session,,
development,2024-08-09,RIVN,11,20,0.05,0.05,6.93889390390723e-18,stock_session,,
development,2024-08-09,SMCI,9,20,0.05,0.05,0,stock_session,,
development,2024-08-09,SOFI,14,20,0.05,0.05,6.93889390390723e-18,stock_session,,
development,2024-08-09,WULF,15,20,0.05,0.05,0,stock_session,,
development,2024-08-12,AAL,3,20,0.05,0.05,0,stock_session,,
development,2024-08-12,AAOI,15,20,0.05,0.05,0,stock_session,,
development,2024-08-12,APLD,14,20,0.05,0.05,6.93889390390723e-18,stock_session,,
development,2024-08-12,ASTS,11,20,0.05,0.05,6.93889390390723e-18,stock_session,,
development,2024-08-12,CIFR,14,20,0.05,0.05,6.93889390390723e-18,stock_session,,
development,2024-08-12,HIMS,15,20,0.05,0.05,0,stock_session,,
development,2024-08-12,IONQ,12,20,0.05,0.05,0,stock_session,,
development,2024-08-12,IREN,15,20,0.05,0.05,0,stock_session,,
development,2024-08-12,MARA,14,20,0.05,0.05,6.93889390390723e-18,stock_session,,
development,2024-08-12,MP,6,20,0.05,0.05,0,stock_session,,
development,2024-08-12,MRNA,12,20,0.05,0.05,0,stock_session,,
development,2024-08-12,MSTR,15,20,0.05,0.05,0,stock_session,,
development,2024-08-12,NVTS,5,20,0.05,0.05,0,stock_session,,
development,2024-08-12,QBTS,15,20,0.05,0.05,0,stock_session,,
development,2024-08-12,RGTI,15,20,0.05,0.05,0,stock_session,,
development,2024-08-12,RIOT,15,20,0.05,0.05,0,stock_session,,
development,2024-08-12,RIVN,13,20,0.05,0.05,0,stock_session,,
development,2024-08-12,SMCI,12,20,0.05,0.05,0,stock_session,,
development,2024-08-12,SOFI,8,20,0.05,0.05,0,stock_session,,
development,2024-08-12,WULF,14,20,0.05,0.05,6.93889390390723e-18,stock_session,,
development,2024-08-13,AAL,5,20,0.05,0.05,0,stock_session,,
development,2024-08-13,AAOI,12,20,0.05,0.05,0,stock_session,,
development,2024-08-13,APLD,12,20,0.05,0.05,0,stock_session,,
development,2024-08-13,ASTS,15,20,0.05,0.05,0,stock_session,,
development,2024-08-13,CIFR,12,20,0.05,0.05,0,stock_session,,
development,2024-08-13,HIMS,15,20,0.05,0.05,0,stock_session,,
development,2024-08-13,IONQ,5,20,0.05,0.05,0,stock_session,,
development,2024-08-13,IREN,8,20,0.05,0.05,0,stock_session,,
development,2024-08-13,MARA,15,20,0.05,0.05,0,stock_session,,
development,2024-08-13,MP,8,20,0.05,0.05,0,stock_session,,
development,2024-08-13,MRNA,6,20,0.05,0.05,0,stock_session,,
development,2024-08-13,MSTR,15,20,0.05,0.05,0,stock_session,,
development,2024-08-13,NVTS,5,20,0.05,0.05,0,stock_session,,
development,2024-08-13,QBTS,14,20,0.05,0.05,6.93889390390723e-18,stock_session,,
development,2024-08-13,RGTI,14,20,0.05,0.05,6.93889390390723e-18,stock_session,,
development,2024-08-13,RIOT,12,20,0.05,0.05,0,stock_session,,
development,2024-08-13,RIVN,15,20,0.05,0.05,0,stock_session,,
development,2024-08-13,SMCI,15,20,0.05,0.05,0,stock_session,,
development,2024-08-13,SOFI,4,20,0.05,0.05,0,stock_session,,
development,2024-08-13,WULF,15,20,0.05,0.05,0,stock_session,,
development,2024-08-14,AAL,6,20,0.05,0.05,0,stock_session,,
development,2024-08-14,AAOI,13,20,0.05,0.05,0,stock_session,,
development,2024-08-14,APLD,15,20,0.05,0.05,0,stock_session,,
development,2024-08-14,ASTS,15,20,0.05,0.05,0,stock_session,,
development,2024-08-14,CIFR,13,20,0.05,0.05,0,stock_session,,
development,2024-08-14,HIMS,8,20,0.05,0.05,0,stock_session,,
development,2024-08-14,IONQ,9,20,0.05,0.05,0,stock_session,,
development,2024-08-14,IREN,15,20,0.05,0.05,0,stock_session,,
development,2024-08-14,MARA,13,20,0.05,0.05,0,stock_session,,
development,2024-08-14,MP,1,20,0.05,0.05,0,stock_session,,
development,2024-08-14,MRNA,6,20,0.05,0.05,0,stock_session,,
development,2024-08-14,MSTR,14,20,0.05,0.05,6.93889390390723e-18,stock_session,,
development,2024-08-14,NVTS,7,20,0.05,0.05,6.93889390390723e-18,stock_session,,
development,2024-08-14,QBTS,12,20,0.05,0.05,0,stock_session,,
development,2024-08-14,RGTI,9,20,0.05,0.05,0,stock_session,,
development,2024-08-14,RIOT,13,20,0.05,0.05,0,stock_session,,
development,2024-08-14,RIVN,8,20,0.05,0.05,0,stock_session,,
development,2024-08-14,SMCI,3,20,0.05,0.05,0,stock_session,,
development,2024-08-14,SOFI,8,20,0.05,0.05,0,stock_session,,
development,2024-08-14,WULF,15,20,0.05,0.05,0,stock_session,,
development,2024-08-15,AAL,15,20,0.05,0.05,0,stock_session,,
development,2024-08-15,AAOI,15,20,0.05,0.05,0,stock_session,,
development,2024-08-15,APLD,14,20,0.05,0.05,6.93889390390723e-18,stock_session,,
development,2024-08-15,ASTS,15,20,0.05,0.05,0,stock_session,,
development,2024-08-15,CIFR,13,20,0.05,0.05,0,stock_session,,
development,2024-08-15,HIMS,9,20,0.05,0.05,0,stock_session,,
development,2024-08-15,IONQ,14,20,0.05,0.05,6.93889390390723e-18,stock_session,,
development,2024-08-15,IREN,14,20,0.05,0.05,6.93889390390723e-18,stock_session,,
development,2024-08-15,MARA,15,20,0.05,0.05,0,stock_session,,
development,2024-08-15,MP,13,20,0.05,0.05,0,stock_session,,
development,2024-08-15,MRNA,10,20,0.05,0.05,0,stock_session,,
development,2024-08-15,MSTR,15,20,0.05,0.05,0,stock_session,,
development,2024-08-15,NVTS,7,20,0.05,0.05,6.93889390390723e-18,stock_session,,
development,2024-08-15,QBTS,11,20,0.05,0.05,6.93889390390723e-18,stock_session,,
development,2024-08-15,RGTI,15,20,0.05,0.05,0,stock_session,,
development,2024-08-15,RIOT,15,20,0.05,0.05,0,stock_session,,
development,2024-08-15,RIVN,13,20,0.05,0.05,0,stock_session,,
development,2024-08-15,SMCI,10,20,0.05,0.05,0,stock_session,,
development,2024-08-15,SOFI,15,20,0.05,0.05,0,stock_session,,
development,2024-08-15,WULF,10,20,0.05,0.05,0,stock_session,,
development,2024-08-16,AAL,6,20,0.05,0.05,0,stock_session,,
development,2024-08-16,AAOI,12,20,0.05,0.05,0,stock_session,,
development,2024-08-16,APLD,15,20,0.05,0.05,0,stock_session,,
development,2024-08-16,ASTS,15,20,0.05,0.05,0,stock_session,,
development,2024-08-16,CIFR,15,20,0.05,0.05,0,stock_session,,
development,2024-08-16,HIMS,10,20,0.05,0.05,0,stock_session,,
development,2024-08-16,IONQ,10,20,0.05,0.05,0,stock_session,,
development,2024-08-16,IREN,15,20,0.05,0.05,0,stock_session,,
development,2024-08-16,MARA,15,20,0.05,0.05,0,stock_session,,
development,2024-08-16,MP,9,20,0.05,0.05,0,stock_session,,
development,2024-08-16,MRNA,10,20,0.05,0.05,0,stock_session,,
development,2024-08-16,MSTR,15,20,0.05,0.05,0,stock_session,,
development,2024-08-16,NVTS,12,20,0.05,0.05,0,stock_session,,
development,2024-08-16,QBTS,15,20,0.05,0.05,0,stock_session,,
development,2024-08-16,RGTI,7,20,0.05,0.05,6.93889390390723e-18,stock_session,,
development,2024-08-16,RIOT,14,20,0.05,0.05,6.93889390390723e-18,stock_session,,
development,2024-08-16,RIVN,15,20,0.05,0.05,0,stock_session,,
development,2024-08-16,SMCI,13,20,0.05,0.05,0,stock_session,,
development,2024-08-16,SOFI,5,20,0.05,0.05,0,stock_session,,
development,2024-08-16,WULF,15,20,0.05,0.05,0,stock_session,,
development,2024-08-19,AAL,7,20,0.05,0.05,6.93889390390723e-18,stock_session,,
development,2024-08-19,AAOI,15,20,0.05,0.05,0,stock_session,,
development,2024-08-19,APLD,15,20,0.05,0.05,0,stock_session,,
development,2024-08-19,ASTS,15,20,0.05,0.05,0,stock_session,,
development,2024-08-19,CIFR,15,20,0.05,0.05,0,stock_session,,
development,2024-08-19,HIMS,13,20,0.05,0.05,0,stock_session,,
development,2024-08-19,IONQ,15,20,0.05,0.05,0,stock_session,,
development,2024-08-19,IREN,12,20,0.05,0.05,0,stock_session,,
development,2024-08-19,MARA,14,20,0.05,0.05,6.93889390390723e-18,stock_session,,
development,2024-08-19,MP,11,20,0.05,0.05,6.93889390390723e-18,stock_session,,
development,2024-08-19,MRNA,10,20,0.05,0.05,0,stock_session,,
development,2024-08-19,MSTR,15,20,0.05,0.05,0,stock_session,,
development,2024-08-19,NVTS,6,20,0.05,0.05,0,stock_session,,
development,2024-08-19,QBTS,4,20,0.05,0.05,0,stock_session,,
development,2024-08-19,RGTI,9,20,0.05,0.05,0,stock_session,,
development,2024-08-19,RIOT,8,20,0.05,0.05,0,stock_session,,
development,2024-08-19,RIVN,9,20,0.05,0.05,0,stock_session,,
development,2024-08-19,SMCI,14,20,0.05,0.05,6.93889390390723e-18,stock_session,,
development,2024-08-19,SOFI,13,20,0.05,0.05,0,stock_session,,
development,2024-08-19,WULF,15,20,0.05,0.05,0,stock_session,,
development,2024-08-20,AAL,11,20,0.05,0.05,6.93889390390723e-18,stock_session,,
development,2024-08-20,AAOI,11,20,0.05,0.05,6.93889390390723e-18,stock_session,,
development,2024-08-20,APLD,13,20,0.05,0.05,0,stock_session,,
development,2024-08-20,ASTS,15,20,0.05,0.05,0,stock_session,,
development,2024-08-20,CIFR,14,20,0.05,0.05,6.93889390390723e-18,stock_session,,
development,2024-08-20,HIMS,9,20,0.05,0.05,0,stock_session,,
development,2024-08-20,IONQ,11,20,0.05,0.05,6.93889390390723e-18,stock_session,,
development,2024-08-20,IREN,13,20,0.05,0.05,0,stock_session,,
development,2024-08-20,MARA,11,20,0.05,0.05,6.93889390390723e-18,stock_session,,
development,2024-08-20,MP,13,20,0.05,0.05,0,stock_session,,
development,2024-08-20,MRNA,8,20,0.05,0.05,0,stock_session,,
development,2024-08-20,MSTR,15,20,0.05,0.05,0,stock_session,,
development,2024-08-20,NVTS,15,20,0.05,0.05,0,stock_session,,
development,2024-08-20,QBTS,14,20,0.05,0.05,6.93889390390723e-18,stock_session,,
development,2024-08-20,RGTI,12,20,0.05,0.05,0,stock_session,,
development,2024-08-20,RIOT,14,20,0.05,0.05,6.93889390390723e-18,stock_session,,
development,2024-08-20,RIVN,9,20,0.05,0.05,0,stock_session,,
development,2024-08-20,SMCI,10,20,0.05,0.05,0,stock_session,,
development,2024-08-20,SOFI,10,20,0.05,0.05,0,stock_session,,
development,2024-08-20,WULF,4,20,0.05,0.05,0,stock_session,,
development,2024-08-21,AAL,4,20,0.05,0.05,0,stock_session,,
development,2024-08-21,AAOI,14,20,0.05,0.05,6.93889390390723e-18,stock_session,,
development,2024-08-21,APLD,12,20,0.05,0.05,0,stock_session,,
development,2024-08-21,ASTS,15,20,0.05,0.05,0,stock_session,,
development,2024-08-21,CIFR,12,20,0.05,0.05,0,stock_session,,
development,2024-08-21,HIMS,4,20,0.05,0.05,0,stock_session,,
development,2024-08-21,IONQ,8,20,0.05,0.05,0,stock_session,,
development,2024-08-21,IREN,12,20,0.05,0.05,0,stock_session,,
development,2024-08-21,MARA,9,20,0.05,0.05,0,stock_session,,
development,2024-08-21,MP,1,20,0.05,0.05,0,stock_session,,
development,2024-08-21,MRNA,12,20,0.05,0.05,0,stock_session,,
development,2024-08-21,MSTR,15,20,0.05,0.05,0,stock_session,,
development,2024-08-21,NVTS,14,20,0.05,0.05,6.93889390390723e-18,stock_session,,
development,2024-08-21,QBTS,15,20,0.05,0.05,0,stock_session,,
development,2024-08-21,RGTI,14,20,0.05,0.05,6.93889390390723e-18,stock_session,,
development,2024-08-21,RIOT,12,20,0.05,0.05,0,stock_session,,
development,2024-08-21,RIVN,14,20,0.05,0.05,6.93889390390723e-18,stock_session,,
development,2024-08-21,SMCI,8,20,0.05,0.05,0,stock_session,,
development,2024-08-21,SOFI,10,20,0.05,0.05,0,stock_session,,
development,2024-08-21,WULF,15,20,0.05,0.05,0,stock_session,,
development,2024-08-22,AAL,10,20,0.05,0.05,0,stock_session,,
development,2024-08-22,AAOI,11,20,0.05,0.05,6.93889390390723e-18,stock_session,,
development,2024-08-22,APLD,6,20,0.05,0.05,0,stock_session,,
development,2024-08-22,ASTS,4,20,0.05,0.05,0,stock_session,,
development,2024-08-22,CIFR,10,20,0.05,0.05,0,stock_session,,
development,2024-08-22,HIMS,7,20,0.05,0.05,6.93889390390723e-18,stock_session,,
development,2024-08-22,IONQ,14,20,0.05,0.05,6.93889390390723e-18,stock_session,,
development,2024-08-22,IREN,15,20,0.05,0.05,0,stock_session,,
development,2024-08-22,MARA,10,20,0.05,0.05,0,stock_session,,
development,2024-08-22,MP,1,20,0.05,0.05,0,stock_session,,
development,2024-08-22,MRNA,13,20,0.05,0.05,0,stock_session,,
development,2024-08-22,MSTR,13,20,0.05,0.05,0,stock_session,,
development,2024-08-22,NVTS,12,20,0.05,0.05,0,stock_session,,
development,2024-08-22,QBTS,9,20,0.05,0.05,0,stock_session,,
development,2024-08-22,RGTI,9,20,0.05,0.05,0,stock_session,,
development,2024-08-22,RIOT,13,20,0.05,0.05,0,stock_session,,
development,2024-08-22,RIVN,4,20,0.05,0.05,0,stock_session,,
development,2024-08-22,SMCI,10,20,0.05,0.05,0,stock_session,,
development,2024-08-22,SOFI,10,20,0.05,0.05,0,stock_session,,
development,2024-08-22,WULF,12,20,0.05,0.05,0,stock_session,,
development,2024-08-23,AAL,14,20,0.05,0.05,6.93889390390723e-18,stock_session,,
development,2024-08-23,AAOI,5,20,0.05,0.05,0,stock_session,,
development,2024-08-23,APLD,11,20,0.05,0.05,6.93889390390723e-18,stock_session,,
development,2024-08-23,ASTS,15,20,0.05,0.05,0,stock_session,,
development,2024-08-23,CIFR,12,20,0.05,0.05,0,stock_session,,
development,2024-08-23,HIMS,15,20,0.05,0.05,0,stock_session,,
development,2024-08-23,IONQ,12,20,0.05,0.05,0,stock_session,,
development,2024-08-23,IREN,15,20,0.05,0.05,0,stock_session,,
development,2024-08-23,MARA,9,20,0.05,0.05,0,stock_session,,
development,2024-08-23,MP,15,20,0.05,0.05,0,stock_session,,
development,2024-08-23,MRNA,6,20,0.05,0.05,0,stock_session,,
development,2024-08-23,MSTR,15,20,0.05,0.05,0,stock_session,,
development,2024-08-23,NVTS,12,20,0.05,0.05,0,stock_session,,
development,2024-08-23,QBTS,15,20,0.05,0.05,0,stock_session,,
development,2024-08-23,RGTI,15,20,0.05,0.05,0,stock_session,,
development,2024-08-23,RIOT,13,20,0.05,0.05,0,stock_session,,
development,2024-08-23,RIVN,15,20,0.05,0.05,0,stock_session,,
development,2024-08-23,SMCI,11,20,0.05,0.05,6.93889390390723e-18,stock_session,,
development,2024-08-23,SOFI,15,20,0.05,0.05,0,stock_session,,
development,2024-08-23,WULF,15,20,0.05,0.05,0,stock_session,,
development,2024-08-26,AAL,10,20,0.05,0.05,0,stock_session,,
development,2024-08-26,AAOI,12,20,0.05,0.05,0,stock_session,,
development,2024-08-26,APLD,15,20,0.05,0.05,0,stock_session,,
development,2024-08-26,ASTS,5,20,0.05,0.05,0,stock_session,,
development,2024-08-26,CIFR,10,20,0.05,0.05,0,stock_session,,
development,2024-08-26,HIMS,14,20,0.05,0.05,6.93889390390723e-18,stock_session,,
development,2024-08-26,IONQ,7,20,0.05,0.05,6.93889390390723e-18,stock_session,,
development,2024-08-26,IREN,11,20,0.05,0.05,6.93889390390723e-18,stock_session,,
development,2024-08-26,MARA,8,20,0.05,0.05,0,stock_session,,
development,2024-08-26,MP,6,20,0.05,0.05,0,stock_session,,
development,2024-08-26,MRNA,8,20,0.05,0.05,0,stock_session,,
development,2024-08-26,MSTR,15,20,0.05,0.05,0,stock_session,,
development,2024-08-26,NVTS,12,20,0.05,0.05,0,stock_session,,
development,2024-08-26,QBTS,9,20,0.05,0.05,0,stock_session,,
development,2024-08-26,RGTI,11,20,0.05,0.05,6.93889390390723e-18,stock_session,,
development,2024-08-26,RIOT,6,20,0.05,0.05,0,stock_session,,
development,2024-08-26,RIVN,15,20,0.05,0.05,0,stock_session,,
development,2024-08-26,SMCI,13,20,0.05,0.05,0,stock_session,,
development,2024-08-26,SOFI,11,20,0.05,0.05,6.93889390390723e-18,stock_session,,
development,2024-08-26,WULF,11,20,0.05,0.05,6.93889390390723e-18,stock_session,,
development,2024-08-27,AAL,8,20,0.05,0.05,0,stock_session,,
development,2024-08-27,AAOI,7,20,0.05,0.05,6.93889390390723e-18,stock_session,,
development,2024-08-27,APLD,12,20,0.05,0.05,0,stock_session,,
development,2024-08-27,ASTS,11,20,0.05,0.05,6.93889390390723e-18,stock_session,,
development,2024-08-27,CIFR,11,20,0.05,0.05,6.93889390390723e-18,stock_session,,
development,2024-08-27,HIMS,15,20,0.05,0.05,0,stock_session,,
development,2024-08-27,IONQ,15,20,0.05,0.05,0,stock_session,,
development,2024-08-27,IREN,15,20,0.05,0.05,0,stock_session,,
development,2024-08-27,MARA,14,20,0.05,0.05,6.93889390390723e-18,stock_session,,
development,2024-08-27,MP,4,20,0.05,0.05,0,stock_session,,
development,2024-08-27,MRNA,11,20,0.05,0.05,6.93889390390723e-18,stock_session,,
development,2024-08-27,MSTR,15,20,0.05,0.05,0,stock_session,,
development,2024-08-27,NVTS,10,20,0.05,0.05,0,stock_session,,
development,2024-08-27,QBTS,14,20,0.05,0.05,6.93889390390723e-18,stock_session,,
development,2024-08-27,RGTI,9,20,0.05,0.05,0,stock_session,,
development,2024-08-27,RIOT,14,20,0.05,0.05,6.93889390390723e-18,stock_session,,
development,2024-08-27,RIVN,4,20,0.05,0.05,0,stock_session,,
development,2024-08-27,SMCI,15,20,0.05,0.05,0,stock_session,,
development,2024-08-27,SOFI,2,20,0.05,0.05,0,stock_session,,
development,2024-08-27,WULF,12,20,0.05,0.05,0,stock_session,,
development,2024-08-28,AAL,6,19,0.0526315789473684,0.0526315789473684,0,stock_session,,
development,2024-08-28,AAOI,14,19,0.0526315789473684,0.0526315789473684,0,stock_session,,
development,2024-08-28,APLD,7,19,0.0526315789473684,0.0526315789473684,0,stock_session,,
development,2024-08-28,CIFR,9,19,0.0526315789473684,0.0526315789473684,0,stock_session,,
development,2024-08-28,HIMS,15,19,0.0526315789473684,0.0526315789473684,6.93889390390723e-18,stock_session,,
development,2024-08-28,IONQ,14,19,0.0526315789473684,0.0526315789473684,0,stock_session,,
development,2024-08-28,IREN,15,19,0.0526315789473684,0.0526315789473684,6.93889390390723e-18,stock_session,,
development,2024-08-28,MARA,14,19,0.0526315789473684,0.0526315789473684,0,stock_session,,
development,2024-08-28,MP,8,19,0.0526315789473684,0.0526315789473684,0,stock_session,,
development,2024-08-28,MRNA,14,19,0.0526315789473684,0.0526315789473684,0,stock_session,,
development,2024-08-28,MSTR,1,19,0.0526315789473684,0.0526315789473684,0,stock_session,,
development,2024-08-28,NVTS,12,19,0.0526315789473684,0.0526315789473684,0,stock_session,,
development,2024-08-28,QBTS,7,19,0.0526315789473684,0.0526315789473684,0,stock_session,,
development,2024-08-28,RGTI,7,19,0.0526315789473684,0.0526315789473684,0,stock_session,,
development,2024-08-28,RIOT,15,19,0.0526315789473684,0.0526315789473684,6.93889390390723e-18,stock_session,,
development,2024-08-28,RIVN,14,19,0.0526315789473684,0.0526315789473684,0,stock_session,,
development,2024-08-28,SMCI,15,19,0.0526315789473684,0.0526315789473684,6.93889390390723e-18,stock_session,,
development,2024-08-28,SOFI,12,19,0.0526315789473684,0.0526315789473684,0,stock_session,,
development,2024-08-28,WULF,11,19,0.0526315789473684,0.0526315789473684,0,stock_session,,
development,2024-08-29,AAOI,15,18,0.0555555555555556,0.0555555555555556,6.93889390390723e-18,stock_session,,
development,2024-08-29,APLD,7,18,0.0555555555555556,0.0555555555555556,0,stock_session,,
development,2024-08-29,ASTS,3,18,0.0555555555555556,0.0555555555555556,0,stock_session,,
development,2024-08-29,CIFR,15,18,0.0555555555555556,0.0555555555555556,6.93889390390723e-18,stock_session,,
development,2024-08-29,HIMS,8,18,0.0555555555555556,0.0555555555555556,0,stock_session,,
development,2024-08-29,IONQ,7,18,0.0555555555555556,0.0555555555555556,0,stock_session,,
development,2024-08-29,IREN,15,18,0.0555555555555556,0.0555555555555556,6.93889390390723e-18,stock_session,,
development,2024-08-29,MARA,5,18,0.0555555555555556,0.0555555555555556,6.93889390390723e-18,stock_session,,
development,2024-08-29,MP,4,18,0.0555555555555556,0.0555555555555556,0,stock_session,,
development,2024-08-29,MRNA,4,18,0.0555555555555556,0.0555555555555556,0,stock_session,,
development,2024-08-29,MSTR,15,18,0.0555555555555556,0.0555555555555556,6.93889390390723e-18,stock_session,,
development,2024-08-29,NVTS,10,18,0.0555555555555556,0.0555555555555556,6.93889390390723e-18,stock_session,,
development,2024-08-29,QBTS,13,18,0.0555555555555556,0.0555555555555556,6.93889390390723e-18,stock_session,,
development,2024-08-29,RGTI,8,18,0.0555555555555556,0.0555555555555556,0,stock_session,,
development,2024-08-29,RIOT,9,18,0.0555555555555556,0.0555555555555556,0,stock_session,,
development,2024-08-29,RIVN,7,18,0.0555555555555556,0.0555555555555556,0,stock_session,,
development,2024-08-29,SOFI,6,18,0.0555555555555556,0.0555555555555556,0,stock_session,,
development,2024-08-29,WULF,15,18,0.0555555555555556,0.0555555555555556,6.93889390390723e-18,stock_session,,
development,2024-08-30,AAL,12,20,0.05,0.05,0,stock_session,,
development,2024-08-30,AAOI,8,20,0.05,0.05,0,stock_session,,
development,2024-08-30,APLD,15,20,0.05,0.05,0,stock_session,,
development,2024-08-30,ASTS,8,20,0.05,0.05,0,stock_session,,
development,2024-08-30,CIFR,7,20,0.05,0.05,6.93889390390723e-18,stock_session,,
development,2024-08-30,HIMS,12,20,0.05,0.05,0,stock_session,,
development,2024-08-30,IONQ,9,20,0.05,0.05,0,stock_session,,
development,2024-08-30,IREN,11,20,0.05,0.05,6.93889390390723e-18,stock_session,,
development,2024-08-30,MARA,12,20,0.05,0.05,0,stock_session,,
development,2024-08-30,MP,11,20,0.05,0.05,6.93889390390723e-18,stock_session,,
development,2024-08-30,MRNA,7,20,0.05,0.05,6.93889390390723e-18,stock_session,,
development,2024-08-30,MSTR,12,20,0.05,0.05,0,stock_session,,
development,2024-08-30,NVTS,15,20,0.05,0.05,0,stock_session,,
development,2024-08-30,QBTS,12,20,0.05,0.05,0,stock_session,,
development,2024-08-30,RGTI,11,20,0.05,0.05,6.93889390390723e-18,stock_session,,
development,2024-08-30,RIOT,14,20,0.05,0.05,6.93889390390723e-18,stock_session,,
development,2024-08-30,RIVN,11,20,0.05,0.05,6.93889390390723e-18,stock_session,,
development,2024-08-30,SMCI,11,20,0.05,0.05,6.93889390390723e-18,stock_session,,
development,2024-08-30,SOFI,15,20,0.05,0.05,0,stock_session,,
development,2024-08-30,WULF,13,20,0.05,0.05,0,stock_session,,
development,2024-09-03,AAL,3,19,0.0526315789473684,0.0526315789473684,0,stock_session,,
development,2024-09-03,AAOI,5,19,0.0526315789473684,0.0526315789473684,0,stock_session,,
development,2024-09-03,ASTS,9,19,0.0526315789473684,0.0526315789473684,0,stock_session,,
development,2024-09-03,CIFR,15,19,0.0526315789473684,0.0526315789473684,6.93889390390723e-18,stock_session,,
development,2024-09-03,HIMS,12,19,0.0526315789473684,0.0526315789473684,0,stock_session,,
development,2024-09-03,IONQ,11,19,0.0526315789473684,0.0526315789473684,0,stock_session,,
development,2024-09-03,IREN,13,19,0.0526315789473684,0.0526315789473684,0,stock_session,,
development,2024-09-03,MARA,11,19,0.0526315789473684,0.0526315789473684,0,stock_session,,
development,2024-09-03,MP,3,19,0.0526315789473684,0.0526315789473684,0,stock_session,,
development,2024-09-03,MRNA,14,19,0.0526315789473684,0.0526315789473684,0,stock_session,,
development,2024-09-03,MSTR,4,19,0.0526315789473684,0.0526315789473684,0,stock_session,,
development,2024-09-03,NVTS,15,19,0.0526315789473684,0.0526315789473684,6.93889390390723e-18,stock_session,,
development,2024-09-03,QBTS,12,19,0.0526315789473684,0.0526315789473684,0,stock_session,,
development,2024-09-03,RGTI,12,19,0.0526315789473684,0.0526315789473684,0,stock_session,,
development,2024-09-03,RIOT,13,19,0.0526315789473684,0.0526315789473684,0,stock_session,,
development,2024-09-03,RIVN,11,19,0.0526315789473684,0.0526315789473684,0,stock_session,,
development,2024-09-03,SMCI,14,19,0.0526315789473684,0.0526315789473684,0,stock_session,,
development,2024-09-03,SOFI,13,19,0.0526315789473684,0.0526315789473684,0,stock_session,,
development,2024-09-03,WULF,11,19,0.0526315789473684,0.0526315789473684,0,stock_session,,
development,2024-09-04,AAOI,9,19,0.0526315789473684,0.0526315789473684,0,stock_session,,
development,2024-09-04,APLD,11,19,0.0526315789473684,0.0526315789473684,0,stock_session,,
development,2024-09-04,ASTS,15,19,0.0526315789473684,0.0526315789473684,6.93889390390723e-18,stock_session,,
development,2024-09-04,CIFR,12,19,0.0526315789473684,0.0526315789473684,0,stock_session,,
development,2024-09-04,HIMS,8,19,0.0526315789473684,0.0526315789473684,0,stock_session,,
development,2024-09-04,IONQ,13,19,0.0526315789473684,0.0526315789473684,0,stock_session,,
development,2024-09-04,IREN,13,19,0.0526315789473684,0.0526315789473684,0,stock_session,,
development,2024-09-04,MARA,12,19,0.0526315789473684,0.0526315789473684,0,stock_session,,
development,2024-09-04,MP,14,19,0.0526315789473684,0.0526315789473684,0,stock_session,,
development,2024-09-04,MRNA,3,19,0.0526315789473684,0.0526315789473684,0,stock_session,,
development,2024-09-04,MSTR,15,19,0.0526315789473684,0.0526315789473684,6.93889390390723e-18,stock_session,,
development,2024-09-04,NVTS,15,19,0.0526315789473684,0.0526315789473684,6.93889390390723e-18,stock_session,,
development,2024-09-04,QBTS,14,19,0.0526315789473684,0.0526315789473684,0,stock_session,,
development,2024-09-04,RGTI,15,19,0.0526315789473684,0.0526315789473684,6.93889390390723e-18,stock_session,,
development,2024-09-04,RIOT,12,19,0.0526315789473684,0.0526315789473684,0,stock_session,,
development,2024-09-04,RIVN,15,19,0.0526315789473684,0.0526315789473684,6.93889390390723e-18,stock_session,,
development,2024-09-04,SMCI,14,19,0.0526315789473684,0.0526315789473684,0,stock_session,,
development,2024-09-04,SOFI,15,19,0.0526315789473684,0.0526315789473684,6.93889390390723e-18,stock_session,,
development,2024-09-04,WULF,12,19,0.0526315789473684,0.0526315789473684,0,stock_session,,
development,2024-09-05,AAL,12,20,0.05,0.05,0,stock_session,,
development,2024-09-05,AAOI,15,20,0.05,0.05,0,stock_session,,
development,2024-09-05,APLD,15,20,0.05,0.05,0,stock_session,,
development,2024-09-05,ASTS,15,20,0.05,0.05,0,stock_session,,
development,2024-09-05,CIFR,10,20,0.05,0.05,0,stock_session,,
development,2024-09-05,HIMS,10,20,0.05,0.05,0,stock_session,,
development,2024-09-05,IONQ,13,20,0.05,0.05,0,stock_session,,
development,2024-09-05,IREN,14,20,0.05,0.05,6.93889390390723e-18,stock_session,,
development,2024-09-05,MARA,15,20,0.05,0.05,0,stock_session,,
development,2024-09-05,MP,14,20,0.05,0.05,6.93889390390723e-18,stock_session,,
development,2024-09-05,MRNA,13,20,0.05,0.05,0,stock_session,,
development,2024-09-05,MSTR,1,20,0.05,0.05,0,stock_session,,
development,2024-09-05,NVTS,12,20,0.05,0.05,0,stock_session,,
development,2024-09-05,QBTS,14,20,0.05,0.05,6.93889390390723e-18,stock_session,,
development,2024-09-05,RGTI,11,20,0.05,0.05,6.93889390390723e-18,stock_session,,
development,2024-09-05,RIOT,15,20,0.05,0.05,0,stock_session,,
development,2024-09-05,RIVN,11,20,0.05,0.05,6.93889390390723e-18,stock_session,,
development,2024-09-05,SMCI,13,20,0.05,0.05,0,stock_session,,
development,2024-09-05,SOFI,15,20,0.05,0.05,0,stock_session,,
development,2024-09-05,WULF,14,20,0.05,0.05,6.93889390390723e-18,stock_session,,
development,2024-09-06,AAL,15,19,0.0526315789473684,0.0526315789473684,6.93889390390723e-18,stock_session,,
development,2024-09-06,AAOI,8,19,0.0526315789473684,0.0526315789473684,0,stock_session,,
development,2024-09-06,APLD,15,19,0.0526315789473684,0.0526315789473684,6.93889390390723e-18,stock_session,,
development,2024-09-06,ASTS,14,19,0.0526315789473684,0.0526315789473684,0,stock_session,,
development,2024-09-06,CIFR,15,19,0.0526315789473684,0.0526315789473684,6.93889390390723e-18,stock_session,,
development,2024-09-06,HIMS,12,19,0.0526315789473684,0.0526315789473684,0,stock_session,,
development,2024-09-06,IONQ,14,19,0.0526315789473684,0.0526315789473684,0,stock_session,,
development,2024-09-06,IREN,15,19,0.0526315789473684,0.0526315789473684,6.93889390390723e-18,stock_session,,
development,2024-09-06,MARA,14,19,0.0526315789473684,0.0526315789473684,0,stock_session,,
development,2024-09-06,MP,12,19,0.0526315789473684,0.0526315789473684,0,stock_session,,
development,2024-09-06,MRNA,10,19,0.0526315789473684,0.0526315789473684,0,stock_session,,
development,2024-09-06,NVTS,9,19,0.0526315789473684,0.0526315789473684,0,stock_session,,
development,2024-09-06,QBTS,9,19,0.0526315789473684,0.0526315789473684,0,stock_session,,
development,2024-09-06,RGTI,9,19,0.0526315789473684,0.0526315789473684,0,stock_session,,
development,2024-09-06,RIOT,15,19,0.0526315789473684,0.0526315789473684,6.93889390390723e-18,stock_session,,
development,2024-09-06,RIVN,14,19,0.0526315789473684,0.0526315789473684,0,stock_session,,
development,2024-09-06,SMCI,14,19,0.0526315789473684,0.0526315789473684,0,stock_session,,
development,2024-09-06,SOFI,15,19,0.0526315789473684,0.0526315789473684,6.93889390390723e-18,stock_session,,
development,2024-09-06,WULF,14,19,0.0526315789473684,0.0526315789473684,0,stock_session,,
development,2024-09-09,AAL,10,20,0.05,0.05,0,stock_session,,
development,2024-09-09,AAOI,14,20,0.05,0.05,6.93889390390723e-18,stock_session,,
development,2024-09-09,APLD,15,20,0.05,0.05,0,stock_session,,
development,2024-09-09,ASTS,12,20,0.05,0.05,0,stock_session,,
development,2024-09-09,CIFR,15,20,0.05,0.05,0,stock_session,,
development,2024-09-09,HIMS,7,20,0.05,0.05,6.93889390390723e-18,stock_session,,
development,2024-09-09,IONQ,9,20,0.05,0.05,0,stock_session,,
development,2024-09-09,IREN,15,20,0.05,0.05,0,stock_session,,
development,2024-09-09,MARA,14,20,0.05,0.05,6.93889390390723e-18,stock_session,,
development,2024-09-09,MP,14,20,0.05,0.05,6.93889390390723e-18,stock_session,,
development,2024-09-09,MRNA,12,20,0.05,0.05,0,stock_session,,
development,2024-09-09,MSTR,15,20,0.05,0.05,0,stock_session,,
development,2024-09-09,NVTS,9,20,0.05,0.05,0,stock_session,,
development,2024-09-09,QBTS,5,20,0.05,0.05,0,stock_session,,
development,2024-09-09,RGTI,12,20,0.05,0.05,0,stock_session,,
development,2024-09-09,RIOT,14,20,0.05,0.05,6.93889390390723e-18,stock_session,,
development,2024-09-09,RIVN,9,20,0.05,0.05,0,stock_session,,
development,2024-09-09,SMCI,14,20,0.05,0.05,6.93889390390723e-18,stock_session,,
development,2024-09-09,SOFI,11,20,0.05,0.05,6.93889390390723e-18,stock_session,,
development,2024-09-09,WULF,15,20,0.05,0.05,0,stock_session,,
development,2024-09-10,AAL,11,19,0.0526315789473684,0.0526315789473684,0,stock_session,,
development,2024-09-10,AAOI,15,19,0.0526315789473684,0.0526315789473684,6.93889390390723e-18,stock_session,,
development,2024-09-10,APLD,12,19,0.0526315789473684,0.0526315789473684,0,stock_session,,
development,2024-09-10,ASTS,10,19,0.0526315789473684,0.0526315789473684,0,stock_session,,
development,2024-09-10,CIFR,15,19,0.0526315789473684,0.0526315789473684,6.93889390390723e-18,stock_session,,
development,2024-09-10,HIMS,13,19,0.0526315789473684,0.0526315789473684,0,stock_session,,
development,2024-09-10,IONQ,8,19,0.0526315789473684,0.0526315789473684,0,stock_session,,
development,2024-09-10,IREN,11,19,0.0526315789473684,0.0526315789473684,0,stock_session,,
development,2024-09-10,MARA,15,19,0.0526315789473684,0.0526315789473684,6.93889390390723e-18,stock_session,,
development,2024-09-10,MP,14,19,0.0526315789473684,0.0526315789473684,0,stock_session,,
development,2024-09-10,MRNA,8,19,0.0526315789473684,0.0526315789473684,0,stock_session,,
development,2024-09-10,NVTS,14,19,0.0526315789473684,0.0526315789473684,0,stock_session,,
development,2024-09-10,QBTS,15,19,0.0526315789473684,0.0526315789473684,6.93889390390723e-18,stock_session,,
development,2024-09-10,RGTI,10,19,0.0526315789473684,0.0526315789473684,0,stock_session,,
development,2024-09-10,RIOT,11,19,0.0526315789473684,0.0526315789473684,0,stock_session,,
development,2024-09-10,RIVN,15,19,0.0526315789473684,0.0526315789473684,6.93889390390723e-18,stock_session,,
development,2024-09-10,SMCI,6,19,0.0526315789473684,0.0526315789473684,0,stock_session,,
development,2024-09-10,SOFI,10,19,0.0526315789473684,0.0526315789473684,0,stock_session,,
development,2024-09-10,WULF,15,19,0.0526315789473684,0.0526315789473684,6.93889390390723e-18,stock_session,,
development,2024-09-11,AAL,12,20,0.05,0.05,0,stock_session,,
development,2024-09-11,AAOI,15,20,0.05,0.05,0,stock_session,,
development,2024-09-11,APLD,8,20,0.05,0.05,0,stock_session,,
development,2024-09-11,ASTS,11,20,0.05,0.05,6.93889390390723e-18,stock_session,,
development,2024-09-11,CIFR,15,20,0.05,0.05,0,stock_session,,
development,2024-09-11,HIMS,15,20,0.05,0.05,0,stock_session,,
development,2024-09-11,IONQ,15,20,0.05,0.05,0,stock_session,,
development,2024-09-11,IREN,6,20,0.05,0.05,0,stock_session,,
development,2024-09-11,MARA,6,20,0.05,0.05,0,stock_session,,
development,2024-09-11,MP,11,20,0.05,0.05,6.93889390390723e-18,stock_session,,
development,2024-09-11,MRNA,10,20,0.05,0.05,0,stock_session,,
development,2024-09-11,MSTR,15,20,0.05,0.05,0,stock_session,,
development,2024-09-11,NVTS,15,20,0.05,0.05,0,stock_session,,
development,2024-09-11,QBTS,15,20,0.05,0.05,0,stock_session,,
development,2024-09-11,RGTI,13,20,0.05,0.05,0,stock_session,,
development,2024-09-11,RIOT,9,20,0.05,0.05,0,stock_session,,
development,2024-09-11,RIVN,7,20,0.05,0.05,6.93889390390723e-18,stock_session,,
development,2024-09-11,SMCI,8,20,0.05,0.05,0,stock_session,,
development,2024-09-11,SOFI,6,20,0.05,0.05,0,stock_session,,
development,2024-09-11,WULF,15,20,0.05,0.05,0,stock_session,,
development,2024-09-12,AAL,10,20,0.05,0.05,0,stock_session,,
development,2024-09-12,AAOI,7,20,0.05,0.05,6.93889390390723e-18,stock_session,,
development,2024-09-12,APLD,8,20,0.05,0.05,0,stock_session,,
development,2024-09-12,ASTS,15,20,0.05,0.05,0,stock_session,,
development,2024-09-12,CIFR,15,20,0.05,0.05,0,stock_session,,
development,2024-09-12,HIMS,12,20,0.05,0.05,0,stock_session,,
development,2024-09-12,IONQ,10,20,0.05,0.05,0,stock_session,,
development,2024-09-12,IREN,3,20,0.05,0.05,0,stock_session,,
development,2024-09-12,MARA,10,20,0.05,0.05,0,stock_session,,
development,2024-09-12,MP,12,20,0.05,0.05,0,stock_session,,
development,2024-09-12,MRNA,15,20,0.05,0.05,0,stock_session,,
development,2024-09-12,MSTR,1,20,0.05,0.05,0,stock_session,,
development,2024-09-12,NVTS,13,20,0.05,0.05,0,stock_session,,
development,2024-09-12,QBTS,14,20,0.05,0.05,6.93889390390723e-18,stock_session,,
development,2024-09-12,RGTI,14,20,0.05,0.05,6.93889390390723e-18,stock_session,,
development,2024-09-12,RIOT,10,20,0.05,0.05,0,stock_session,,
development,2024-09-12,RIVN,12,20,0.05,0.05,0,stock_session,,
development,2024-09-12,SMCI,12,20,0.05,0.05,0,stock_session,,
development,2024-09-12,SOFI,12,20,0.05,0.05,0,stock_session,,
development,2024-09-12,WULF,12,20,0.05,0.05,0,stock_session,,
development,2024-09-13,AAL,12,20,0.05,0.05,0,stock_session,,
development,2024-09-13,AAOI,14,20,0.05,0.05,6.93889390390723e-18,stock_session,,
development,2024-09-13,APLD,8,20,0.05,0.05,0,stock_session,,
development,2024-09-13,ASTS,15,20,0.05,0.05,0,stock_session,,
development,2024-09-13,CIFR,15,20,0.05,0.05,0,stock_session,,
development,2024-09-13,HIMS,12,20,0.05,0.05,0,stock_session,,
development,2024-09-13,IONQ,4,20,0.05,0.05,0,stock_session,,
development,2024-09-13,IREN,15,20,0.05,0.05,0,stock_session,,
development,2024-09-13,MARA,11,20,0.05,0.05,6.93889390390723e-18,stock_session,,
development,2024-09-13,MP,12,20,0.05,0.05,0,stock_session,,
development,2024-09-13,MRNA,15,20,0.05,0.05,0,stock_session,,
development,2024-09-13,MSTR,5,20,0.05,0.05,0,stock_session,,
development,2024-09-13,NVTS,13,20,0.05,0.05,0,stock_session,,
development,2024-09-13,QBTS,11,20,0.05,0.05,6.93889390390723e-18,stock_session,,
development,2024-09-13,RGTI,12,20,0.05,0.05,0,stock_session,,
development,2024-09-13,RIOT,8,20,0.05,0.05,0,stock_session,,
development,2024-09-13,RIVN,11,20,0.05,0.05,6.93889390390723e-18,stock_session,,
development,2024-09-13,SMCI,14,20,0.05,0.05,6.93889390390723e-18,stock_session,,
development,2024-09-13,SOFI,14,20,0.05,0.05,6.93889390390723e-18,stock_session,,
development,2024-09-13,WULF,13,20,0.05,0.05,0,stock_session,,
development,2024-09-16,AAL,1,20,0.05,0.05,0,stock_session,,
development,2024-09-16,AAOI,10,20,0.05,0.05,0,stock_session,,
development,2024-09-16,APLD,15,20,0.05,0.05,0,stock_session,,
development,2024-09-16,ASTS,9,20,0.05,0.05,0,stock_session,,
development,2024-09-16,CIFR,13,20,0.05,0.05,0,stock_session,,
development,2024-09-16,HIMS,9,20,0.05,0.05,0,stock_session,,
development,2024-09-16,IONQ,7,20,0.05,0.05,6.93889390390723e-18,stock_session,,
development,2024-09-16,IREN,12,20,0.05,0.05,0,stock_session,,
development,2024-09-16,MARA,14,20,0.05,0.05,6.93889390390723e-18,stock_session,,
development,2024-09-16,MP,14,20,0.05,0.05,6.93889390390723e-18,stock_session,,
development,2024-09-16,MRNA,13,20,0.05,0.05,0,stock_session,,
development,2024-09-16,MSTR,15,20,0.05,0.05,0,stock_session,,
development,2024-09-16,NVTS,13,20,0.05,0.05,0,stock_session,,
development,2024-09-16,QBTS,10,20,0.05,0.05,0,stock_session,,
development,2024-09-16,RGTI,13,20,0.05,0.05,0,stock_session,,
development,2024-09-16,RIOT,7,20,0.05,0.05,6.93889390390723e-18,stock_session,,
development,2024-09-16,RIVN,4,20,0.05,0.05,0,stock_session,,
development,2024-09-16,SMCI,9,20,0.05,0.05,0,stock_session,,
development,2024-09-16,SOFI,6,20,0.05,0.05,0,stock_session,,
development,2024-09-16,WULF,13,20,0.05,0.05,0,stock_session,,
development,2024-09-17,AAL,10,20,0.05,0.05,0,stock_session,,
development,2024-09-17,AAOI,8,20,0.05,0.05,0,stock_session,,
development,2024-09-17,APLD,6,20,0.05,0.05,0,stock_session,,
development,2024-09-17,ASTS,15,20,0.05,0.05,0,stock_session,,
development,2024-09-17,CIFR,9,20,0.05,0.05,0,stock_session,,
development,2024-09-17,HIMS,12,20,0.05,0.05,0,stock_session,,
development,2024-09-17,IONQ,12,20,0.05,0.05,0,stock_session,,
development,2024-09-17,IREN,15,20,0.05,0.05,0,stock_session,,
development,2024-09-17,MARA,14,20,0.05,0.05,6.93889390390723e-18,stock_session,,
development,2024-09-17,MP,8,20,0.05,0.05,0,stock_session,,
development,2024-09-17,MRNA,15,20,0.05,0.05,0,stock_session,,
development,2024-09-17,MSTR,15,20,0.05,0.05,0,stock_session,,
development,2024-09-17,NVTS,12,20,0.05,0.05,0,stock_session,,
development,2024-09-17,QBTS,6,20,0.05,0.05,0,stock_session,,
development,2024-09-17,RGTI,6,20,0.05,0.05,0,stock_session,,
development,2024-09-17,RIOT,11,20,0.05,0.05,6.93889390390723e-18,stock_session,,
development,2024-09-17,RIVN,8,20,0.05,0.05,0,stock_session,,
development,2024-09-17,SMCI,6,20,0.05,0.05,0,stock_session,,
development,2024-09-17,SOFI,5,20,0.05,0.05,0,stock_session,,
development,2024-09-17,WULF,12,20,0.05,0.05,0,stock_session,,
development,2024-09-18,AAL,7,20,0.05,0.05,6.93889390390723e-18,stock_session,,
development,2024-09-18,AAOI,13,20,0.05,0.05,0,stock_session,,
development,2024-09-18,APLD,6,20,0.05,0.05,0,stock_session,,
development,2024-09-18,ASTS,9,20,0.05,0.05,0,stock_session,,
development,2024-09-18,CIFR,14,20,0.05,0.05,6.93889390390723e-18,stock_session,,
development,2024-09-18,HIMS,9,20,0.05,0.05,0,stock_session,,
development,2024-09-18,IONQ,7,20,0.05,0.05,6.93889390390723e-18,stock_session,,
development,2024-09-18,IREN,14,20,0.05,0.05,6.93889390390723e-18,stock_session,,
development,2024-09-18,MARA,9,20,0.05,0.05,0,stock_session,,
development,2024-09-18,MP,13,20,0.05,0.05,0,stock_session,,
development,2024-09-18,MRNA,12,20,0.05,0.05,0,stock_session,,
development,2024-09-18,MSTR,10,20,0.05,0.05,0,stock_session,,
development,2024-09-18,NVTS,15,20,0.05,0.05,0,stock_session,,
development,2024-09-18,QBTS,13,20,0.05,0.05,0,stock_session,,
development,2024-09-18,RGTI,13,20,0.05,0.05,0,stock_session,,
development,2024-09-18,RIOT,9,20,0.05,0.05,0,stock_session,,
development,2024-09-18,RIVN,5,20,0.05,0.05,0,stock_session,,
development,2024-09-18,SMCI,14,20,0.05,0.05,6.93889390390723e-18,stock_session,,
development,2024-09-18,SOFI,4,20,0.05,0.05,0,stock_session,,
development,2024-09-18,WULF,8,20,0.05,0.05,0,stock_session,,
development,2024-09-19,AAL,1,20,0.05,0.05,0,stock_session,,
development,2024-09-19,AAOI,15,20,0.05,0.05,0,stock_session,,
development,2024-09-19,APLD,4,20,0.05,0.05,0,stock_session,,
development,2024-09-19,ASTS,13,20,0.05,0.05,0,stock_session,,
development,2024-09-19,CIFR,14,20,0.05,0.05,6.93889390390723e-18,stock_session,,
development,2024-09-19,HIMS,9,20,0.05,0.05,0,stock_session,,
development,2024-09-19,IONQ,13,20,0.05,0.05,0,stock_session,,
development,2024-09-19,IREN,10,20,0.05,0.05,0,stock_session,,
development,2024-09-19,MARA,15,20,0.05,0.05,0,stock_session,,
development,2024-09-19,MP,4,20,0.05,0.05,0,stock_session,,
development,2024-09-19,MRNA,10,20,0.05,0.05,0,stock_session,,
development,2024-09-19,MSTR,15,20,0.05,0.05,0,stock_session,,
development,2024-09-19,NVTS,13,20,0.05,0.05,0,stock_session,,
development,2024-09-19,QBTS,4,20,0.05,0.05,0,stock_session,,
development,2024-09-19,RGTI,9,20,0.05,0.05,0,stock_session,,
development,2024-09-19,RIOT,15,20,0.05,0.05,0,stock_session,,
development,2024-09-19,RIVN,6,20,0.05,0.05,0,stock_session,,
development,2024-09-19,SMCI,9,20,0.05,0.05,0,stock_session,,
development,2024-09-19,SOFI,3,20,0.05,0.05,0,stock_session,,
development,2024-09-19,WULF,11,20,0.05,0.05,6.93889390390723e-18,stock_session,,
development,2024-09-20,AAL,6,19,0.0526315789473684,0.0526315789473684,0,stock_session,,
development,2024-09-20,AAOI,14,19,0.0526315789473684,0.0526315789473684,0,stock_session,,
development,2024-09-20,APLD,2,19,0.0526315789473684,0.0526315789473684,0,stock_session,,
development,2024-09-20,ASTS,14,19,0.0526315789473684,0.0526315789473684,0,stock_session,,
development,2024-09-20,CIFR,12,19,0.0526315789473684,0.0526315789473684,0,stock_session,,
development,2024-09-20,HIMS,11,19,0.0526315789473684,0.0526315789473684,0,stock_session,,
development,2024-09-20,IONQ,11,19,0.0526315789473684,0.0526315789473684,0,stock_session,,
development,2024-09-20,IREN,13,19,0.0526315789473684,0.0526315789473684,0,stock_session,,
development,2024-09-20,MARA,12,19,0.0526315789473684,0.0526315789473684,0,stock_session,,
development,2024-09-20,MP,10,19,0.0526315789473684,0.0526315789473684,0,stock_session,,
development,2024-09-20,MRNA,15,19,0.0526315789473684,0.0526315789473684,6.93889390390723e-18,stock_session,,
development,2024-09-20,NVTS,15,19,0.0526315789473684,0.0526315789473684,6.93889390390723e-18,stock_session,,
development,2024-09-20,QBTS,13,19,0.0526315789473684,0.0526315789473684,0,stock_session,,
development,2024-09-20,RGTI,8,19,0.0526315789473684,0.0526315789473684,0,stock_session,,
development,2024-09-20,RIOT,9,19,0.0526315789473684,0.0526315789473684,0,stock_session,,
development,2024-09-20,RIVN,14,19,0.0526315789473684,0.0526315789473684,0,stock_session,,
development,2024-09-20,SMCI,9,19,0.0526315789473684,0.0526315789473684,0,stock_session,,
development,2024-09-20,SOFI,15,19,0.0526315789473684,0.0526315789473684,6.93889390390723e-18,stock_session,,
development,2024-09-20,WULF,15,19,0.0526315789473684,0.0526315789473684,6.93889390390723e-18,stock_session,,
development,2024-09-23,AAL,6,19,0.0526315789473684,0.0526315789473684,0,stock_session,,
development,2024-09-23,AAOI,15,19,0.0526315789473684,0.0526315789473684,6.93889390390723e-18,stock_session,,
development,2024-09-23,APLD,9,19,0.0526315789473684,0.0526315789473684,0,stock_session,,
development,2024-09-23,ASTS,11,19,0.0526315789473684,0.0526315789473684,0,stock_session,,
development,2024-09-23,CIFR,10,19,0.0526315789473684,0.0526315789473684,0,stock_session,,
development,2024-09-23,HIMS,10,19,0.0526315789473684,0.0526315789473684,0,stock_session,,
development,2024-09-23,IONQ,14,19,0.0526315789473684,0.0526315789473684,0,stock_session,,
development,2024-09-23,IREN,12,19,0.0526315789473684,0.0526315789473684,0,stock_session,,
development,2024-09-23,MARA,9,19,0.0526315789473684,0.0526315789473684,0,stock_session,,
development,2024-09-23,MP,4,19,0.0526315789473684,0.0526315789473684,0,stock_session,,
development,2024-09-23,MRNA,13,19,0.0526315789473684,0.0526315789473684,0,stock_session,,
development,2024-09-23,NVTS,12,19,0.0526315789473684,0.0526315789473684,0,stock_session,,
development,2024-09-23,QBTS,10,19,0.0526315789473684,0.0526315789473684,0,stock_session,,
development,2024-09-23,RGTI,8,19,0.0526315789473684,0.0526315789473684,0,stock_session,,
development,2024-09-23,RIOT,12,19,0.0526315789473684,0.0526315789473684,0,stock_session,,
development,2024-09-23,RIVN,12,19,0.0526315789473684,0.0526315789473684,0,stock_session,,
development,2024-09-23,SMCI,13,19,0.0526315789473684,0.0526315789473684,0,stock_session,,
development,2024-09-23,SOFI,8,19,0.0526315789473684,0.0526315789473684,0,stock_session,,
development,2024-09-23,WULF,10,19,0.0526315789473684,0.0526315789473684,0,stock_session,,
development,2024-09-24,AAL,4,19,0.0526315789473684,0.0526315789473684,0,stock_session,,
development,2024-09-24,AAOI,15,19,0.0526315789473684,0.0526315789473684,6.93889390390723e-18,stock_session,,
development,2024-09-24,APLD,4,19,0.0526315789473684,0.0526315789473684,0,stock_session,,
development,2024-09-24,ASTS,15,19,0.0526315789473684,0.0526315789473684,6.93889390390723e-18,stock_session,,
development,2024-09-24,CIFR,15,19,0.0526315789473684,0.0526315789473684,6.93889390390723e-18,stock_session,,
development,2024-09-24,HIMS,13,19,0.0526315789473684,0.0526315789473684,0,stock_session,,
development,2024-09-24,IONQ,7,19,0.0526315789473684,0.0526315789473684,0,stock_session,,
development,2024-09-24,IREN,15,19,0.0526315789473684,0.0526315789473684,6.93889390390723e-18,stock_session,,
development,2024-09-24,MARA,15,19,0.0526315789473684,0.0526315789473684,6.93889390390723e-18,stock_session,,
development,2024-09-24,MP,2,19,0.0526315789473684,0.0526315789473684,0,stock_session,,
development,2024-09-24,MRNA,5,19,0.0526315789473684,0.0526315789473684,0,stock_session,,
development,2024-09-24,NVTS,8,19,0.0526315789473684,0.0526315789473684,0,stock_session,,
development,2024-09-24,QBTS,12,19,0.0526315789473684,0.0526315789473684,0,stock_session,,
development,2024-09-24,RGTI,6,19,0.0526315789473684,0.0526315789473684,0,stock_session,,
development,2024-09-24,RIOT,14,19,0.0526315789473684,0.0526315789473684,0,stock_session,,
development,2024-09-24,RIVN,14,19,0.0526315789473684,0.0526315789473684,0,stock_session,,
development,2024-09-24,SMCI,3,19,0.0526315789473684,0.0526315789473684,0,stock_session,,
development,2024-09-24,SOFI,11,19,0.0526315789473684,0.0526315789473684,0,stock_session,,
development,2024-09-24,WULF,15,19,0.0526315789473684,0.0526315789473684,6.93889390390723e-18,stock_session,,
development,2024-09-25,AAL,7,19,0.0526315789473684,0.0526315789473684,0,stock_session,,
development,2024-09-25,AAOI,10,19,0.0526315789473684,0.0526315789473684,0,stock_session,,
development,2024-09-25,APLD,15,19,0.0526315789473684,0.0526315789473684,6.93889390390723e-18,stock_session,,
development,2024-09-25,ASTS,12,19,0.0526315789473684,0.0526315789473684,0,stock_session,,
development,2024-09-25,CIFR,10,19,0.0526315789473684,0.0526315789473684,0,stock_session,,
development,2024-09-25,HIMS,11,19,0.0526315789473684,0.0526315789473684,0,stock_session,,
development,2024-09-25,IONQ,15,19,0.0526315789473684,0.0526315789473684,6.93889390390723e-18,stock_session,,
development,2024-09-25,IREN,10,19,0.0526315789473684,0.0526315789473684,0,stock_session,,
development,2024-09-25,MARA,15,19,0.0526315789473684,0.0526315789473684,6.93889390390723e-18,stock_session,,
development,2024-09-25,MP,9,19,0.0526315789473684,0.0526315789473684,0,stock_session,,
development,2024-09-25,MRNA,7,19,0.0526315789473684,0.0526315789473684,0,stock_session,,
development,2024-09-25,NVTS,14,19,0.0526315789473684,0.0526315789473684,0,stock_session,,
development,2024-09-25,QBTS,3,19,0.0526315789473684,0.0526315789473684,0,stock_session,,
development,2024-09-25,RGTI,13,19,0.0526315789473684,0.0526315789473684,0,stock_session,,
development,2024-09-25,RIOT,14,19,0.0526315789473684,0.0526315789473684,0,stock_session,,
development,2024-09-25,RIVN,12,19,0.0526315789473684,0.0526315789473684,0,stock_session,,
development,2024-09-25,SMCI,15,19,0.0526315789473684,0.0526315789473684,6.93889390390723e-18,stock_session,,
development,2024-09-25,SOFI,4,19,0.0526315789473684,0.0526315789473684,0,stock_session,,
development,2024-09-25,WULF,15,19,0.0526315789473684,0.0526315789473684,6.93889390390723e-18,stock_session,,
development,2024-09-26,AAL,14,20,0.05,0.05,6.93889390390723e-18,stock_session,,
development,2024-09-26,AAOI,6,20,0.05,0.05,0,stock_session,,
development,2024-09-26,APLD,10,20,0.05,0.05,0,stock_session,,
development,2024-09-26,ASTS,12,20,0.05,0.05,0,stock_session,,
development,2024-09-26,CIFR,13,20,0.05,0.05,0,stock_session,,
development,2024-09-26,HIMS,12,20,0.05,0.05,0,stock_session,,
development,2024-09-26,IONQ,10,20,0.05,0.05,0,stock_session,,
development,2024-09-26,IREN,13,20,0.05,0.05,0,stock_session,,
development,2024-09-26,MARA,15,20,0.05,0.05,0,stock_session,,
development,2024-09-26,MP,9,20,0.05,0.05,0,stock_session,,
development,2024-09-26,MRNA,7,20,0.05,0.05,6.93889390390723e-18,stock_session,,
development,2024-09-26,MSTR,15,20,0.05,0.05,0,stock_session,,
development,2024-09-26,NVTS,9,20,0.05,0.05,0,stock_session,,
development,2024-09-26,QBTS,9,20,0.05,0.05,0,stock_session,,
development,2024-09-26,RGTI,7,20,0.05,0.05,6.93889390390723e-18,stock_session,,
development,2024-09-26,RIOT,14,20,0.05,0.05,6.93889390390723e-18,stock_session,,
development,2024-09-26,RIVN,13,20,0.05,0.05,0,stock_session,,
development,2024-09-26,SMCI,6,20,0.05,0.05,0,stock_session,,
development,2024-09-26,SOFI,7,20,0.05,0.05,6.93889390390723e-18,stock_session,,
development,2024-09-26,WULF,13,20,0.05,0.05,0,stock_session,,
development,2024-09-27,AAL,10,20,0.05,0.05,0,stock_session,,
development,2024-09-27,AAOI,13,20,0.05,0.05,0,stock_session,,
development,2024-09-27,APLD,5,20,0.05,0.05,0,stock_session,,
development,2024-09-27,ASTS,7,20,0.05,0.05,6.93889390390723e-18,stock_session,,
development,2024-09-27,CIFR,15,20,0.05,0.05,0,stock_session,,
development,2024-09-27,HIMS,3,20,0.05,0.05,0,stock_session,,
development,2024-09-27,IONQ,15,20,0.05,0.05,0,stock_session,,
development,2024-09-27,IREN,10,20,0.05,0.05,0,stock_session,,
development,2024-09-27,MARA,15,20,0.05,0.05,0,stock_session,,
development,2024-09-27,MP,10,20,0.05,0.05,0,stock_session,,
development,2024-09-27,MRNA,9,20,0.05,0.05,0,stock_session,,
development,2024-09-27,MSTR,15,20,0.05,0.05,0,stock_session,,
development,2024-09-27,NVTS,9,20,0.05,0.05,0,stock_session,,
development,2024-09-27,QBTS,10,20,0.05,0.05,0,stock_session,,
development,2024-09-27,RGTI,13,20,0.05,0.05,0,stock_session,,
development,2024-09-27,RIOT,15,20,0.05,0.05,0,stock_session,,
development,2024-09-27,RIVN,15,20,0.05,0.05,0,stock_session,,
development,2024-09-27,SMCI,10,20,0.05,0.05,0,stock_session,,
development,2024-09-27,SOFI,7,20,0.05,0.05,6.93889390390723e-18,stock_session,,
development,2024-09-27,WULF,15,20,0.05,0.05,0,stock_session,,
development,2024-09-30,AAL,6,20,0.05,0.05,0,stock_session,,
development,2024-09-30,AAOI,15,20,0.05,0.05,0,stock_session,,
development,2024-09-30,APLD,15,20,0.05,0.05,0,stock_session,,
development,2024-09-30,ASTS,13,20,0.05,0.05,0,stock_session,,
development,2024-09-30,CIFR,15,20,0.05,0.05,0,stock_session,,
development,2024-09-30,HIMS,4,20,0.05,0.05,0,stock_session,,
development,2024-09-30,IONQ,15,20,0.05,0.05,0,stock_session,,
development,2024-09-30,IREN,15,20,0.05,0.05,0,stock_session,,
development,2024-09-30,MARA,14,20,0.05,0.05,6.93889390390723e-18,stock_session,,
development,2024-09-30,MP,11,20,0.05,0.05,6.93889390390723e-18,stock_session,,
development,2024-09-30,MRNA,14,20,0.05,0.05,6.93889390390723e-18,stock_session,,
development,2024-09-30,MSTR,15,20,0.05,0.05,0,stock_session,,
development,2024-09-30,NVTS,14,20,0.05,0.05,6.93889390390723e-18,stock_session,,
development,2024-09-30,QBTS,12,20,0.05,0.05,0,stock_session,,
development,2024-09-30,RGTI,11,20,0.05,0.05,6.93889390390723e-18,stock_session,,
development,2024-09-30,RIOT,10,20,0.05,0.05,0,stock_session,,
development,2024-09-30,RIVN,10,20,0.05,0.05,0,stock_session,,
development,2024-09-30,SMCI,13,20,0.05,0.05,0,stock_session,,
development,2024-09-30,SOFI,10,20,0.05,0.05,0,stock_session,,
development,2024-09-30,WULF,15,20,0.05,0.05,0,stock_session,,
development,2024-10-01,AAL,11,20,0.05,0.05,6.93889390390723e-18,stock_session,,
development,2024-10-01,AAOI,8,20,0.05,0.05,0,stock_session,,
development,2024-10-01,APLD,9,20,0.05,0.05,0,stock_session,,
development,2024-10-01,ASTS,13,20,0.05,0.05,0,stock_session,,
development,2024-10-01,CIFR,12,20,0.05,0.05,0,stock_session,,
development,2024-10-01,HIMS,9,20,0.05,0.05,0,stock_session,,
development,2024-10-01,IONQ,5,20,0.05,0.05,0,stock_session,,
development,2024-10-01,IREN,11,20,0.05,0.05,6.93889390390723e-18,stock_session,,
development,2024-10-01,MARA,15,20,0.05,0.05,0,stock_session,,
development,2024-10-01,MP,8,20,0.05,0.05,0,stock_session,,
development,2024-10-01,MRNA,10,20,0.05,0.05,0,stock_session,,
development,2024-10-01,MSTR,13,20,0.05,0.05,0,stock_session,,
development,2024-10-01,NVTS,11,20,0.05,0.05,6.93889390390723e-18,stock_session,,
development,2024-10-01,QBTS,11,20,0.05,0.05,6.93889390390723e-18,stock_session,,
development,2024-10-01,RGTI,7,20,0.05,0.05,6.93889390390723e-18,stock_session,,
development,2024-10-01,RIOT,10,20,0.05,0.05,0,stock_session,,
development,2024-10-01,RIVN,10,20,0.05,0.05,0,stock_session,,
development,2024-10-01,SMCI,15,20,0.05,0.05,0,stock_session,,
development,2024-10-01,SOFI,6,20,0.05,0.05,0,stock_session,,
development,2024-10-01,WULF,12,20,0.05,0.05,0,stock_session,,
development,2024-10-02,AAL,8,18,0.0555555555555556,0.0555555555555556,0,stock_session,,
development,2024-10-02,AAOI,14,18,0.0555555555555556,0.0555555555555556,0,stock_session,,
development,2024-10-02,APLD,15,18,0.0555555555555556,0.0555555555555556,6.93889390390723e-18,stock_session,,
development,2024-10-02,ASTS,15,18,0.0555555555555556,0.0555555555555556,6.93889390390723e-18,stock_session,,
development,2024-10-02,CIFR,13,18,0.0555555555555556,0.0555555555555556,6.93889390390723e-18,stock_session,,
development,2024-10-02,HIMS,14,18,0.0555555555555556,0.0555555555555556,0,stock_session,,
development,2024-10-02,IONQ,4,18,0.0555555555555556,0.0555555555555556,0,stock_session,,
development,2024-10-02,IREN,9,18,0.0555555555555556,0.0555555555555556,0,stock_session,,
development,2024-10-02,MARA,10,18,0.0555555555555556,0.0555555555555556,6.93889390390723e-18,stock_session,,
development,2024-10-02,MP,14,18,0.0555555555555556,0.0555555555555556,0,stock_session,,
development,2024-10-02,MRNA,12,18,0.0555555555555556,0.0555555555555556,0,stock_session,,
development,2024-10-02,NVTS,15,18,0.0555555555555556,0.0555555555555556,6.93889390390723e-18,stock_session,,
development,2024-10-02,RGTI,4,18,0.0555555555555556,0.0555555555555556,0,stock_session,,
development,2024-10-02,RIOT,8,18,0.0555555555555556,0.0555555555555556,0,stock_session,,
development,2024-10-02,RIVN,11,18,0.0555555555555556,0.0555555555555556,6.93889390390723e-18,stock_session,,
development,2024-10-02,SMCI,15,18,0.0555555555555556,0.0555555555555556,6.93889390390723e-18,stock_session,,
development,2024-10-02,SOFI,10,18,0.0555555555555556,0.0555555555555556,6.93889390390723e-18,stock_session,,
development,2024-10-02,WULF,15,18,0.0555555555555556,0.0555555555555556,6.93889390390723e-18,stock_session,,
development,2024-10-03,AAL,8,19,0.0526315789473684,0.0526315789473684,0,stock_session,,
development,2024-10-03,AAOI,6,19,0.0526315789473684,0.0526315789473684,0,stock_session,,
development,2024-10-03,APLD,15,19,0.0526315789473684,0.0526315789473684,6.93889390390723e-18,stock_session,,
development,2024-10-03,ASTS,10,19,0.0526315789473684,0.0526315789473684,0,stock_session,,
development,2024-10-03,CIFR,13,19,0.0526315789473684,0.0526315789473684,0,stock_session,,
development,2024-10-03,HIMS,15,19,0.0526315789473684,0.0526315789473684,6.93889390390723e-18,stock_session,,
development,2024-10-03,IONQ,10,19,0.0526315789473684,0.0526315789473684,0,stock_session,,
development,2024-10-03,IREN,11,19,0.0526315789473684,0.0526315789473684,0,stock_session,,
development,2024-10-03,MARA,15,19,0.0526315789473684,0.0526315789473684,6.93889390390723e-18,stock_session,,
development,2024-10-03,MP,9,19,0.0526315789473684,0.0526315789473684,0,stock_session,,
development,2024-10-03,MRNA,10,19,0.0526315789473684,0.0526315789473684,0,stock_session,,
development,2024-10-03,NVTS,15,19,0.0526315789473684,0.0526315789473684,6.93889390390723e-18,stock_session,,
development,2024-10-03,QBTS,12,19,0.0526315789473684,0.0526315789473684,0,stock_session,,
development,2024-10-03,RGTI,8,19,0.0526315789473684,0.0526315789473684,0,stock_session,,
development,2024-10-03,RIOT,8,19,0.0526315789473684,0.0526315789473684,0,stock_session,,
development,2024-10-03,RIVN,5,19,0.0526315789473684,0.0526315789473684,0,stock_session,,
development,2024-10-03,SMCI,15,19,0.0526315789473684,0.0526315789473684,6.93889390390723e-18,stock_session,,
development,2024-10-03,SOFI,7,19,0.0526315789473684,0.0526315789473684,0,stock_session,,
development,2024-10-03,WULF,15,19,0.0526315789473684,0.0526315789473684,6.93889390390723e-18,stock_session,,
development,2024-10-04,AAL,8,20,0.05,0.05,0,stock_session,,
development,2024-10-04,AAOI,14,20,0.05,0.05,6.93889390390723e-18,stock_session,,
development,2024-10-04,APLD,14,20,0.05,0.05,6.93889390390723e-18,stock_session,,
development,2024-10-04,ASTS,14,20,0.05,0.05,6.93889390390723e-18,stock_session,,
development,2024-10-04,CIFR,15,20,0.05,0.05,0,stock_session,,
development,2024-10-04,HIMS,11,20,0.05,0.05,6.93889390390723e-18,stock_session,,
development,2024-10-04,IONQ,13,20,0.05,0.05,0,stock_session,,
development,2024-10-04,IREN,15,20,0.05,0.05,0,stock_session,,
development,2024-10-04,MARA,7,20,0.05,0.05,6.93889390390723e-18,stock_session,,
development,2024-10-04,MP,12,20,0.05,0.05,0,stock_session,,
development,2024-10-04,MRNA,14,20,0.05,0.05,6.93889390390723e-18,stock_session,,
development,2024-10-04,MSTR,4,20,0.05,0.05,0,stock_session,,
development,2024-10-04,NVTS,15,20,0.05,0.05,0,stock_session,,
development,2024-10-04,QBTS,10,20,0.05,0.05,0,stock_session,,
development,2024-10-04,RGTI,14,20,0.05,0.05,6.93889390390723e-18,stock_session,,
development,2024-10-04,RIOT,13,20,0.05,0.05,0,stock_session,,
development,2024-10-04,RIVN,1,20,0.05,0.05,0,stock_session,,
development,2024-10-04,SMCI,15,20,0.05,0.05,0,stock_session,,
development,2024-10-04,SOFI,7,20,0.05,0.05,6.93889390390723e-18,stock_session,,
development,2024-10-04,WULF,11,20,0.05,0.05,6.93889390390723e-18,stock_session,,
development,2024-10-07,AAL,7,20,0.05,0.05,6.93889390390723e-18,stock_session,,
development,2024-10-07,AAOI,8,20,0.05,0.05,0,stock_session,,
development,2024-10-07,APLD,15,20,0.05,0.05,0,stock_session,,
development,2024-10-07,ASTS,13,20,0.05,0.05,0,stock_session,,
development,2024-10-07,CIFR,15,20,0.05,0.05,0,stock_session,,
development,2024-10-07,HIMS,15,20,0.05,0.05,0,stock_session,,
development,2024-10-07,IONQ,9,20,0.05,0.05,0,stock_session,,
development,2024-10-07,IREN,11,20,0.05,0.05,6.93889390390723e-18,stock_session,,
development,2024-10-07,MARA,15,20,0.05,0.05,0,stock_session,,
development,2024-10-07,MP,9,20,0.05,0.05,0,stock_session,,
development,2024-10-07,MRNA,9,20,0.05,0.05,0,stock_session,,
development,2024-10-07,MSTR,15,20,0.05,0.05,0,stock_session,,
development,2024-10-07,NVTS,13,20,0.05,0.05,0,stock_session,,
development,2024-10-07,QBTS,13,20,0.05,0.05,0,stock_session,,
development,2024-10-07,RGTI,10,20,0.05,0.05,0,stock_session,,
development,2024-10-07,RIOT,13,20,0.05,0.05,0,stock_session,,
development,2024-10-07,RIVN,13,20,0.05,0.05,0,stock_session,,
development,2024-10-07,SMCI,15,20,0.05,0.05,0,stock_session,,
development,2024-10-07,SOFI,13,20,0.05,0.05,0,stock_session,,
development,2024-10-07,WULF,10,20,0.05,0.05,0,stock_session,,
development,2024-10-08,AAL,4,19,0.0526315789473684,0.0526315789473684,0,stock_session,,
development,2024-10-08,AAOI,3,19,0.0526315789473684,0.0526315789473684,0,stock_session,,
development,2024-10-08,APLD,12,19,0.0526315789473684,0.0526315789473684,0,stock_session,,
development,2024-10-08,ASTS,11,19,0.0526315789473684,0.0526315789473684,0,stock_session,,
development,2024-10-08,CIFR,9,19,0.0526315789473684,0.0526315789473684,0,stock_session,,
development,2024-10-08,IONQ,8,19,0.0526315789473684,0.0526315789473684,0,stock_session,,
development,2024-10-08,IREN,15,19,0.0526315789473684,0.0526315789473684,6.93889390390723e-18,stock_session,,
development,2024-10-08,MARA,11,19,0.0526315789473684,0.0526315789473684,0,stock_session,,
development,2024-10-08,MP,12,19,0.0526315789473684,0.0526315789473684,0,stock_session,,
development,2024-10-08,MRNA,12,19,0.0526315789473684,0.0526315789473684,0,stock_session,,
development,2024-10-08,MSTR,15,19,0.0526315789473684,0.0526315789473684,6.93889390390723e-18,stock_session,,
development,2024-10-08,NVTS,14,19,0.0526315789473684,0.0526315789473684,0,stock_session,,
development,2024-10-08,QBTS,9,19,0.0526315789473684,0.0526315789473684,0,stock_session,,
development,2024-10-08,RGTI,9,19,0.0526315789473684,0.0526315789473684,0,stock_session,,
development,2024-10-08,RIOT,10,19,0.0526315789473684,0.0526315789473684,0,stock_session,,
development,2024-10-08,RIVN,12,19,0.0526315789473684,0.0526315789473684,0,stock_session,,
development,2024-10-08,SMCI,15,19,0.0526315789473684,0.0526315789473684,6.93889390390723e-18,stock_session,,
development,2024-10-08,SOFI,14,19,0.0526315789473684,0.0526315789473684,0,stock_session,,
development,2024-10-08,WULF,15,19,0.0526315789473684,0.0526315789473684,6.93889390390723e-18,stock_session,,
development,2024-10-09,AAOI,9,17,0.0588235294117647,0.0588235294117647,0,stock_session,,
development,2024-10-09,APLD,12,17,0.0588235294117647,0.0588235294117647,0,stock_session,,
development,2024-10-09,ASTS,15,17,0.0588235294117647,0.0588235294117647,0,stock_session,,
development,2024-10-09,CIFR,15,17,0.0588235294117647,0.0588235294117647,0,stock_session,,
development,2024-10-09,HIMS,10,17,0.0588235294117647,0.0588235294117647,0,stock_session,,
development,2024-10-09,IONQ,14,17,0.0588235294117647,0.0588235294117647,0,stock_session,,
development,2024-10-09,IREN,14,17,0.0588235294117647,0.0588235294117647,0,stock_session,,
development,2024-10-09,MARA,15,17,0.0588235294117647,0.0588235294117647,0,stock_session,,
development,2024-10-09,MP,11,17,0.0588235294117647,0.0588235294117647,0,stock_session,,
development,2024-10-09,NVTS,15,17,0.0588235294117647,0.0588235294117647,0,stock_session,,
development,2024-10-09,QBTS,5,17,0.0588235294117647,0.0588235294117647,0,stock_session,,
development,2024-10-09,RGTI,14,17,0.0588235294117647,0.0588235294117647,0,stock_session,,
development,2024-10-09,RIOT,10,17,0.0588235294117647,0.0588235294117647,0,stock_session,,
development,2024-10-09,RIVN,15,17,0.0588235294117647,0.0588235294117647,0,stock_session,,
development,2024-10-09,SMCI,15,17,0.0588235294117647,0.0588235294117647,0,stock_session,,
development,2024-10-09,SOFI,14,17,0.0588235294117647,0.0588235294117647,0,stock_session,,
development,2024-10-09,WULF,15,17,0.0588235294117647,0.0588235294117647,0,stock_session,,
development,2024-10-10,AAL,6,20,0.05,0.05,0,stock_session,,
development,2024-10-10,AAOI,12,20,0.05,0.05,0,stock_session,,
development,2024-10-10,APLD,15,20,0.05,0.05,0,stock_session,,
development,2024-10-10,ASTS,15,20,0.05,0.05,0,stock_session,,
development,2024-10-10,CIFR,12,20,0.05,0.05,0,stock_session,,
development,2024-10-10,HIMS,10,20,0.05,0.05,0,stock_session,,
development,2024-10-10,IONQ,11,20,0.05,0.05,6.93889390390723e-18,stock_session,,
development,2024-10-10,IREN,8,20,0.05,0.05,0,stock_session,,
development,2024-10-10,MARA,15,20,0.05,0.05,0,stock_session,,
development,2024-10-10,MP,2,20,0.05,0.05,0,stock_session,,
development,2024-10-10,MRNA,2,20,0.05,0.05,0,stock_session,,
development,2024-10-10,MSTR,15,20,0.05,0.05,0,stock_session,,
development,2024-10-10,NVTS,5,20,0.05,0.05,0,stock_session,,
development,2024-10-10,QBTS,14,20,0.05,0.05,6.93889390390723e-18,stock_session,,
development,2024-10-10,RGTI,6,20,0.05,0.05,0,stock_session,,
development,2024-10-10,RIOT,9,20,0.05,0.05,0,stock_session,,
development,2024-10-10,RIVN,13,20,0.05,0.05,0,stock_session,,
development,2024-10-10,SMCI,15,20,0.05,0.05,0,stock_session,,
development,2024-10-10,SOFI,11,20,0.05,0.05,6.93889390390723e-18,stock_session,,
development,2024-10-10,WULF,15,20,0.05,0.05,0,stock_session,,
development,2024-10-11,AAL,2,19,0.0526315789473684,0.0526315789473684,0,stock_session,,
development,2024-10-11,AAOI,12,19,0.0526315789473684,0.0526315789473684,0,stock_session,,
development,2024-10-11,APLD,14,19,0.0526315789473684,0.0526315789473684,0,stock_session,,
development,2024-10-11,ASTS,13,19,0.0526315789473684,0.0526315789473684,0,stock_session,,
development,2024-10-11,CIFR,12,19,0.0526315789473684,0.0526315789473684,0,stock_session,,
development,2024-10-11,HIMS,15,19,0.0526315789473684,0.0526315789473684,6.93889390390723e-18,stock_session,,
development,2024-10-11,IONQ,5,19,0.0526315789473684,0.0526315789473684,0,stock_session,,
development,2024-10-11,IREN,15,19,0.0526315789473684,0.0526315789473684,6.93889390390723e-18,stock_session,,
development,2024-10-11,MARA,11,19,0.0526315789473684,0.0526315789473684,0,stock_session,,
development,2024-10-11,MP,7,19,0.0526315789473684,0.0526315789473684,0,stock_session,,
development,2024-10-11,MRNA,12,19,0.0526315789473684,0.0526315789473684,0,stock_session,,
development,2024-10-11,MSTR,15,19,0.0526315789473684,0.0526315789473684,6.93889390390723e-18,stock_session,,
development,2024-10-11,NVTS,15,19,0.0526315789473684,0.0526315789473684,6.93889390390723e-18,stock_session,,
development,2024-10-11,QBTS,9,19,0.0526315789473684,0.0526315789473684,0,stock_session,,
development,2024-10-11,RGTI,15,19,0.0526315789473684,0.0526315789473684,6.93889390390723e-18,stock_session,,
development,2024-10-11,RIOT,13,19,0.0526315789473684,0.0526315789473684,0,stock_session,,
development,2024-10-11,RIVN,9,19,0.0526315789473684,0.0526315789473684,0,stock_session,,
development,2024-10-11,SOFI,6,19,0.0526315789473684,0.0526315789473684,0,stock_session,,
development,2024-10-11,WULF,14,19,0.0526315789473684,0.0526315789473684,0,stock_session,,
development,2024-10-14,AAL,1,20,0.05,0.05,0,stock_session,,
development,2024-10-14,AAOI,1,20,0.05,0.05,0,stock_session,,
development,2024-10-14,APLD,5,20,0.05,0.05,0,stock_session,,
development,2024-10-14,ASTS,15,20,0.05,0.05,0,stock_session,,
development,2024-10-14,CIFR,14,20,0.05,0.05,6.93889390390723e-18,stock_session,,
development,2024-10-14,HIMS,15,20,0.05,0.05,0,stock_session,,
development,2024-10-14,IONQ,1,20,0.05,0.05,0,stock_session,,
development,2024-10-14,IREN,13,20,0.05,0.05,0,stock_session,,
development,2024-10-14,MARA,15,20,0.05,0.05,0,stock_session,,
development,2024-10-14,MP,11,20,0.05,0.05,6.93889390390723e-18,stock_session,,
development,2024-10-14,MRNA,10,20,0.05,0.05,0,stock_session,,
development,2024-10-14,MSTR,15,20,0.05,0.05,0,stock_session,,
development,2024-10-14,NVTS,11,20,0.05,0.05,6.93889390390723e-18,stock_session,,
development,2024-10-14,QBTS,8,20,0.05,0.05,0,stock_session,,
development,2024-10-14,RGTI,7,20,0.05,0.05,6.93889390390723e-18,stock_session,,
development,2024-10-14,RIOT,11,20,0.05,0.05,6.93889390390723e-18,stock_session,,
development,2024-10-14,RIVN,6,20,0.05,0.05,0,stock_session,,
development,2024-10-14,SMCI,13,20,0.05,0.05,0,stock_session,,
development,2024-10-14,SOFI,15,20,0.05,0.05,0,stock_session,,
development,2024-10-14,WULF,15,20,0.05,0.05,0,stock_session,,
development,2024-10-15,AAL,8,19,0.0526315789473684,0.0526315789473684,0,stock_session,,
development,2024-10-15,AAOI,14,19,0.0526315789473684,0.0526315789473684,0,stock_session,,
development,2024-10-15,APLD,15,19,0.0526315789473684,0.0526315789473684,6.93889390390723e-18,stock_session,,
development,2024-10-15,ASTS,15,19,0.0526315789473684,0.0526315789473684,6.93889390390723e-18,stock_session,,
development,2024-10-15,CIFR,15,19,0.0526315789473684,0.0526315789473684,6.93889390390723e-18,stock_session,,
development,2024-10-15,HIMS,4,19,0.0526315789473684,0.0526315789473684,0,stock_session,,
development,2024-10-15,IONQ,3,19,0.0526315789473684,0.0526315789473684,0,stock_session,,
development,2024-10-15,IREN,11,19,0.0526315789473684,0.0526315789473684,0,stock_session,,
development,2024-10-15,MARA,15,19,0.0526315789473684,0.0526315789473684,6.93889390390723e-18,stock_session,,
development,2024-10-15,MP,6,19,0.0526315789473684,0.0526315789473684,0,stock_session,,
development,2024-10-15,MRNA,4,19,0.0526315789473684,0.0526315789473684,0,stock_session,,
development,2024-10-15,MSTR,15,19,0.0526315789473684,0.0526315789473684,6.93889390390723e-18,stock_session,,
development,2024-10-15,NVTS,14,19,0.0526315789473684,0.0526315789473684,0,stock_session,,
development,2024-10-15,QBTS,7,19,0.0526315789473684,0.0526315789473684,0,stock_session,,
development,2024-10-15,RGTI,7,19,0.0526315789473684,0.0526315789473684,0,stock_session,,
development,2024-10-15,RIOT,15,19,0.0526315789473684,0.0526315789473684,6.93889390390723e-18,stock_session,,
development,2024-10-15,RIVN,9,19,0.0526315789473684,0.0526315789473684,0,stock_session,,
development,2024-10-15,SOFI,3,19,0.0526315789473684,0.0526315789473684,0,stock_session,,
development,2024-10-15,WULF,15,19,0.0526315789473684,0.0526315789473684,6.93889390390723e-18,stock_session,,
development,2024-10-16,AAL,11,20,0.05,0.05,6.93889390390723e-18,stock_session,,
development,2024-10-16,AAOI,15,20,0.05,0.05,0,stock_session,,
development,2024-10-16,APLD,15,20,0.05,0.05,0,stock_session,,
development,2024-10-16,ASTS,15,20,0.05,0.05,0,stock_session,,
development,2024-10-16,CIFR,15,20,0.05,0.05,0,stock_session,,
development,2024-10-16,HIMS,15,20,0.05,0.05,0,stock_session,,
development,2024-10-16,IONQ,15,20,0.05,0.05,0,stock_session,,
development,2024-10-16,IREN,15,20,0.05,0.05,0,stock_session,,
development,2024-10-16,MARA,15,20,0.05,0.05,0,stock_session,,
development,2024-10-16,MP,10,20,0.05,0.05,0,stock_session,,
development,2024-10-16,MRNA,11,20,0.05,0.05,6.93889390390723e-18,stock_session,,
development,2024-10-16,MSTR,13,20,0.05,0.05,0,stock_session,,
development,2024-10-16,NVTS,13,20,0.05,0.05,0,stock_session,,
development,2024-10-16,QBTS,10,20,0.05,0.05,0,stock_session,,
development,2024-10-16,RGTI,11,20,0.05,0.05,6.93889390390723e-18,stock_session,,
development,2024-10-16,RIOT,15,20,0.05,0.05,0,stock_session,,
development,2024-10-16,RIVN,10,20,0.05,0.05,0,stock_session,,
development,2024-10-16,SMCI,7,20,0.05,0.05,6.93889390390723e-18,stock_session,,
development,2024-10-16,SOFI,11,20,0.05,0.05,6.93889390390723e-18,stock_session,,
development,2024-10-16,WULF,15,20,0.05,0.05,0,stock_session,,
development,2024-10-17,AAL,4,20,0.05,0.05,0,stock_session,,
development,2024-10-17,AAOI,13,20,0.05,0.05,0,stock_session,,
development,2024-10-17,APLD,12,20,0.05,0.05,0,stock_session,,
development,2024-10-17,ASTS,14,20,0.05,0.05,6.93889390390723e-18,stock_session,,
development,2024-10-17,CIFR,15,20,0.05,0.05,0,stock_session,,
development,2024-10-17,HIMS,10,20,0.05,0.05,0,stock_session,,
development,2024-10-17,IONQ,15,20,0.05,0.05,0,stock_session,,
development,2024-10-17,IREN,13,20,0.05,0.05,0,stock_session,,
development,2024-10-17,MARA,13,20,0.05,0.05,0,stock_session,,
development,2024-10-17,MP,10,20,0.05,0.05,0,stock_session,,
development,2024-10-17,MRNA,7,20,0.05,0.05,6.93889390390723e-18,stock_session,,
development,2024-10-17,MSTR,14,20,0.05,0.05,6.93889390390723e-18,stock_session,,
development,2024-10-17,NVTS,11,20,0.05,0.05,6.93889390390723e-18,stock_session,,
development,2024-10-17,QBTS,15,20,0.05,0.05,0,stock_session,,
development,2024-10-17,RGTI,9,20,0.05,0.05,0,stock_session,,
development,2024-10-17,RIOT,8,20,0.05,0.05,0,stock_session,,
development,2024-10-17,RIVN,12,20,0.05,0.05,0,stock_session,,
development,2024-10-17,SMCI,15,20,0.05,0.05,0,stock_session,,
development,2024-10-17,SOFI,13,20,0.05,0.05,0,stock_session,,
development,2024-10-17,WULF,11,20,0.05,0.05,6.93889390390723e-18,stock_session,,
development,2024-10-18,AAL,7,19,0.0526315789473684,0.0526315789473684,0,stock_session,,
development,2024-10-18,AAOI,12,19,0.0526315789473684,0.0526315789473684,0,stock_session,,
development,2024-10-18,APLD,14,19,0.0526315789473684,0.0526315789473684,0,stock_session,,
development,2024-10-18,ASTS,15,19,0.0526315789473684,0.0526315789473684,6.93889390390723e-18,stock_session,,
development,2024-10-18,CIFR,14,19,0.0526315789473684,0.0526315789473684,0,stock_session,,
development,2024-10-18,HIMS,4,19,0.0526315789473684,0.0526315789473684,0,stock_session,,
development,2024-10-18,IONQ,15,19,0.0526315789473684,0.0526315789473684,6.93889390390723e-18,stock_session,,
development,2024-10-18,IREN,15,19,0.0526315789473684,0.0526315789473684,6.93889390390723e-18,stock_session,,
development,2024-10-18,MARA,15,19,0.0526315789473684,0.0526315789473684,6.93889390390723e-18,stock_session,,
development,2024-10-18,MP,3,19,0.0526315789473684,0.0526315789473684,0,stock_session,,
development,2024-10-18,MRNA,8,19,0.0526315789473684,0.0526315789473684,0,stock_session,,
development,2024-10-18,MSTR,15,19,0.0526315789473684,0.0526315789473684,6.93889390390723e-18,stock_session,,
development,2024-10-18,NVTS,15,19,0.0526315789473684,0.0526315789473684,6.93889390390723e-18,stock_session,,
development,2024-10-18,QBTS,15,19,0.0526315789473684,0.0526315789473684,6.93889390390723e-18,stock_session,,
development,2024-10-18,RGTI,14,19,0.0526315789473684,0.0526315789473684,0,stock_session,,
development,2024-10-18,RIOT,15,19,0.0526315789473684,0.0526315789473684,6.93889390390723e-18,stock_session,,
development,2024-10-18,SMCI,15,19,0.0526315789473684,0.0526315789473684,6.93889390390723e-18,stock_session,,
development,2024-10-18,SOFI,10,19,0.0526315789473684,0.0526315789473684,0,stock_session,,
development,2024-10-18,WULF,13,19,0.0526315789473684,0.0526315789473684,0,stock_session,,
development,2024-10-21,AAL,13,20,0.05,0.05,0,stock_session,,
development,2024-10-21,AAOI,11,20,0.05,0.05,6.93889390390723e-18,stock_session,,
development,2024-10-21,APLD,15,20,0.05,0.05,0,stock_session,,
development,2024-10-21,ASTS,15,20,0.05,0.05,0,stock_session,,
development,2024-10-21,CIFR,7,20,0.05,0.05,6.93889390390723e-18,stock_session,,
development,2024-10-21,HIMS,8,20,0.05,0.05,0,stock_session,,
development,2024-10-21,IONQ,5,20,0.05,0.05,0,stock_session,,
development,2024-10-21,IREN,12,20,0.05,0.05,0,stock_session,,
development,2024-10-21,MARA,11,20,0.05,0.05,6.93889390390723e-18,stock_session,,
development,2024-10-21,MP,9,20,0.05,0.05,0,stock_session,,
development,2024-10-21,MRNA,12,20,0.05,0.05,0,stock_session,,
development,2024-10-21,MSTR,12,20,0.05,0.05,0,stock_session,,
development,2024-10-21,NVTS,8,20,0.05,0.05,0,stock_session,,
development,2024-10-21,QBTS,4,20,0.05,0.05,0,stock_session,,
development,2024-10-21,RGTI,15,20,0.05,0.05,0,stock_session,,
development,2024-10-21,RIOT,11,20,0.05,0.05,6.93889390390723e-18,stock_session,,
development,2024-10-21,RIVN,6,20,0.05,0.05,0,stock_session,,
development,2024-10-21,SMCI,10,20,0.05,0.05,0,stock_session,,
development,2024-10-21,SOFI,15,20,0.05,0.05,0,stock_session,,
development,2024-10-21,WULF,15,20,0.05,0.05,0,stock_session,,
development,2024-10-22,AAL,12,20,0.05,0.05,0,stock_session,,
development,2024-10-22,AAOI,12,20,0.05,0.05,0,stock_session,,
development,2024-10-22,APLD,15,20,0.05,0.05,0,stock_session,,
development,2024-10-22,ASTS,15,20,0.05,0.05,0,stock_session,,
development,2024-10-22,CIFR,15,20,0.05,0.05,0,stock_session,,
development,2024-10-22,HIMS,12,20,0.05,0.05,0,stock_session,,
development,2024-10-22,IONQ,12,20,0.05,0.05,0,stock_session,,
development,2024-10-22,IREN,10,20,0.05,0.05,0,stock_session,,
development,2024-10-22,MARA,15,20,0.05,0.05,0,stock_session,,
development,2024-10-22,MP,6,20,0.05,0.05,0,stock_session,,
development,2024-10-22,MRNA,6,20,0.05,0.05,0,stock_session,,
development,2024-10-22,MSTR,1,20,0.05,0.05,0,stock_session,,
development,2024-10-22,NVTS,14,20,0.05,0.05,6.93889390390723e-18,stock_session,,
development,2024-10-22,QBTS,2,20,0.05,0.05,0,stock_session,,
development,2024-10-22,RGTI,8,20,0.05,0.05,0,stock_session,,
development,2024-10-22,RIOT,12,20,0.05,0.05,0,stock_session,,
development,2024-10-22,RIVN,4,20,0.05,0.05,0,stock_session,,
development,2024-10-22,SMCI,11,20,0.05,0.05,6.93889390390723e-18,stock_session,,
development,2024-10-22,SOFI,8,20,0.05,0.05,0,stock_session,,
development,2024-10-22,WULF,15,20,0.05,0.05,0,stock_session,,
development,2024-10-23,AAL,11,19,0.0526315789473684,0.0526315789473684,0,stock_session,,
development,2024-10-23,AAOI,15,19,0.0526315789473684,0.0526315789473684,6.93889390390723e-18,stock_session,,
development,2024-10-23,APLD,9,19,0.0526315789473684,0.0526315789473684,0,stock_session,,
development,2024-10-23,ASTS,14,19,0.0526315789473684,0.0526315789473684,0,stock_session,,
development,2024-10-23,CIFR,13,19,0.0526315789473684,0.0526315789473684,0,stock_session,,
development,2024-10-23,HIMS,13,19,0.0526315789473684,0.0526315789473684,0,stock_session,,
development,2024-10-23,IONQ,15,19,0.0526315789473684,0.0526315789473684,6.93889390390723e-18,stock_session,,
development,2024-10-23,IREN,14,19,0.0526315789473684,0.0526315789473684,0,stock_session,,
development,2024-10-23,MARA,14,19,0.0526315789473684,0.0526315789473684,0,stock_session,,
development,2024-10-23,MP,9,19,0.0526315789473684,0.0526315789473684,0,stock_session,,
development,2024-10-23,MRNA,11,19,0.0526315789473684,0.0526315789473684,0,stock_session,,
development,2024-10-23,NVTS,14,19,0.0526315789473684,0.0526315789473684,0,stock_session,,
development,2024-10-23,QBTS,2,19,0.0526315789473684,0.0526315789473684,0,stock_session,,
development,2024-10-23,RGTI,5,19,0.0526315789473684,0.0526315789473684,0,stock_session,,
development,2024-10-23,RIOT,11,19,0.0526315789473684,0.0526315789473684,0,stock_session,,
development,2024-10-23,RIVN,13,19,0.0526315789473684,0.0526315789473684,0,stock_session,,
development,2024-10-23,SMCI,1,19,0.0526315789473684,0.0526315789473684,0,stock_session,,
development,2024-10-23,SOFI,5,19,0.0526315789473684,0.0526315789473684,0,stock_session,,
development,2024-10-23,WULF,15,19,0.0526315789473684,0.0526315789473684,6.93889390390723e-18,stock_session,,
development,2024-10-24,AAL,7,20,0.05,0.05,6.93889390390723e-18,stock_session,,
development,2024-10-24,AAOI,9,20,0.05,0.05,0,stock_session,,
development,2024-10-24,APLD,14,20,0.05,0.05,6.93889390390723e-18,stock_session,,
development,2024-10-24,ASTS,7,20,0.05,0.05,6.93889390390723e-18,stock_session,,
development,2024-10-24,CIFR,11,20,0.05,0.05,6.93889390390723e-18,stock_session,,
development,2024-10-24,HIMS,9,20,0.05,0.05,0,stock_session,,
development,2024-10-24,IONQ,14,20,0.05,0.05,6.93889390390723e-18,stock_session,,
development,2024-10-24,IREN,10,20,0.05,0.05,0,stock_session,,
development,2024-10-24,MARA,12,20,0.05,0.05,0,stock_session,,
development,2024-10-24,MP,1,20,0.05,0.05,0,stock_session,,
development,2024-10-24,MRNA,11,20,0.05,0.05,6.93889390390723e-18,stock_session,,
development,2024-10-24,MSTR,15,20,0.05,0.05,0,stock_session,,
development,2024-10-24,NVTS,9,20,0.05,0.05,0,stock_session,,
development,2024-10-24,QBTS,15,20,0.05,0.05,0,stock_session,,
development,2024-10-24,RGTI,15,20,0.05,0.05,0,stock_session,,
development,2024-10-24,RIOT,10,20,0.05,0.05,0,stock_session,,
development,2024-10-24,RIVN,11,20,0.05,0.05,6.93889390390723e-18,stock_session,,
development,2024-10-24,SMCI,2,20,0.05,0.05,0,stock_session,,
development,2024-10-24,SOFI,1,20,0.05,0.05,0,stock_session,,
development,2024-10-24,WULF,15,20,0.05,0.05,0,stock_session,,
development,2024-10-25,AAL,15,20,0.05,0.05,0,stock_session,,
development,2024-10-25,AAOI,9,20,0.05,0.05,0,stock_session,,
development,2024-10-25,APLD,14,20,0.05,0.05,6.93889390390723e-18,stock_session,,
development,2024-10-25,ASTS,15,20,0.05,0.05,0,stock_session,,
development,2024-10-25,CIFR,14,20,0.05,0.05,6.93889390390723e-18,stock_session,,
development,2024-10-25,HIMS,10,20,0.05,0.05,0,stock_session,,
development,2024-10-25,IONQ,15,20,0.05,0.05,0,stock_session,,
development,2024-10-25,IREN,12,20,0.05,0.05,0,stock_session,,
development,2024-10-25,MARA,15,20,0.05,0.05,0,stock_session,,
development,2024-10-25,MP,11,20,0.05,0.05,6.93889390390723e-18,stock_session,,
development,2024-10-25,MRNA,9,20,0.05,0.05,0,stock_session,,
development,2024-10-25,MSTR,12,20,0.05,0.05,0,stock_session,,
development,2024-10-25,NVTS,7,20,0.05,0.05,6.93889390390723e-18,stock_session,,
development,2024-10-25,QBTS,8,20,0.05,0.05,0,stock_session,,
development,2024-10-25,RGTI,15,20,0.05,0.05,0,stock_session,,
development,2024-10-25,RIOT,15,20,0.05,0.05,0,stock_session,,
development,2024-10-25,RIVN,11,20,0.05,0.05,6.93889390390723e-18,stock_session,,
development,2024-10-25,SMCI,1,20,0.05,0.05,0,stock_session,,
development,2024-10-25,SOFI,13,20,0.05,0.05,0,stock_session,,
development,2024-10-25,WULF,1,20,0.05,0.05,0,stock_session,,
development,2024-10-28,AAL,5,20,0.05,0.05,0,stock_session,,
development,2024-10-28,AAOI,13,20,0.05,0.05,0,stock_session,,
development,2024-10-28,APLD,11,20,0.05,0.05,6.93889390390723e-18,stock_session,,
development,2024-10-28,ASTS,15,20,0.05,0.05,0,stock_session,,
development,2024-10-28,CIFR,15,20,0.05,0.05,0,stock_session,,
development,2024-10-28,HIMS,7,20,0.05,0.05,6.93889390390723e-18,stock_session,,
development,2024-10-28,IONQ,15,20,0.05,0.05,0,stock_session,,
development,2024-10-28,IREN,5,20,0.05,0.05,0,stock_session,,
development,2024-10-28,MARA,15,20,0.05,0.05,0,stock_session,,
development,2024-10-28,MP,15,20,0.05,0.05,0,stock_session,,
development,2024-10-28,MRNA,15,20,0.05,0.05,0,stock_session,,
development,2024-10-28,MSTR,15,20,0.05,0.05,0,stock_session,,
development,2024-10-28,NVTS,15,20,0.05,0.05,0,stock_session,,
development,2024-10-28,QBTS,9,20,0.05,0.05,0,stock_session,,
development,2024-10-28,RGTI,15,20,0.05,0.05,0,stock_session,,
development,2024-10-28,RIOT,12,20,0.05,0.05,0,stock_session,,
development,2024-10-28,RIVN,12,20,0.05,0.05,0,stock_session,,
development,2024-10-28,SMCI,1,20,0.05,0.05,0,stock_session,,
development,2024-10-28,SOFI,9,20,0.05,0.05,0,stock_session,,
development,2024-10-28,WULF,4,20,0.05,0.05,0,stock_session,,
development,2024-10-29,AAL,11,19,0.0526315789473684,0.0526315789473684,0,stock_session,,
development,2024-10-29,AAOI,6,19,0.0526315789473684,0.0526315789473684,0,stock_session,,
development,2024-10-29,APLD,15,19,0.0526315789473684,0.0526315789473684,6.93889390390723e-18,stock_session,,
development,2024-10-29,ASTS,13,19,0.0526315789473684,0.0526315789473684,0,stock_session,,
development,2024-10-29,CIFR,10,19,0.0526315789473684,0.0526315789473684,0,stock_session,,
development,2024-10-29,HIMS,7,19,0.0526315789473684,0.0526315789473684,0,stock_session,,
development,2024-10-29,IREN,5,19,0.0526315789473684,0.0526315789473684,0,stock_session,,
development,2024-10-29,MARA,11,19,0.0526315789473684,0.0526315789473684,0,stock_session,,
development,2024-10-29,MP,4,19,0.0526315789473684,0.0526315789473684,0,stock_session,,
development,2024-10-29,MRNA,11,19,0.0526315789473684,0.0526315789473684,0,stock_session,,
development,2024-10-29,MSTR,15,19,0.0526315789473684,0.0526315789473684,6.93889390390723e-18,stock_session,,
development,2024-10-29,NVTS,5,19,0.0526315789473684,0.0526315789473684,0,stock_session,,
development,2024-10-29,QBTS,1,19,0.0526315789473684,0.0526315789473684,0,stock_session,,
development,2024-10-29,RGTI,15,19,0.0526315789473684,0.0526315789473684,6.93889390390723e-18,stock_session,,
development,2024-10-29,RIOT,7,19,0.0526315789473684,0.0526315789473684,0,stock_session,,
development,2024-10-29,RIVN,6,19,0.0526315789473684,0.0526315789473684,0,stock_session,,
development,2024-10-29,SMCI,15,19,0.0526315789473684,0.0526315789473684,6.93889390390723e-18,stock_session,,
development,2024-10-29,SOFI,15,19,0.0526315789473684,0.0526315789473684,6.93889390390723e-18,stock_session,,
development,2024-10-29,WULF,12,19,0.0526315789473684,0.0526315789473684,0,stock_session,,
development,2024-10-30,AAL,8,20,0.05,0.05,0,stock_session,,
development,2024-10-30,AAOI,12,20,0.05,0.05,0,stock_session,,
development,2024-10-30,APLD,15,20,0.05,0.05,0,stock_session,,
development,2024-10-30,ASTS,9,20,0.05,0.05,0,stock_session,,
development,2024-10-30,CIFR,14,20,0.05,0.05,6.93889390390723e-18,stock_session,,
development,2024-10-30,HIMS,8,20,0.05,0.05,0,stock_session,,
development,2024-10-30,IONQ,15,20,0.05,0.05,0,stock_session,,
development,2024-10-30,IREN,15,20,0.05,0.05,0,stock_session,,
development,2024-10-30,MARA,14,20,0.05,0.05,6.93889390390723e-18,stock_session,,
development,2024-10-30,MP,11,20,0.05,0.05,6.93889390390723e-18,stock_session,,
development,2024-10-30,MRNA,10,20,0.05,0.05,0,stock_session,,
development,2024-10-30,MSTR,15,20,0.05,0.05,0,stock_session,,
development,2024-10-30,NVTS,13,20,0.05,0.05,0,stock_session,,
development,2024-10-30,QBTS,15,20,0.05,0.05,0,stock_session,,
development,2024-10-30,RGTI,13,20,0.05,0.05,0,stock_session,,
development,2024-10-30,RIOT,14,20,0.05,0.05,6.93889390390723e-18,stock_session,,
development,2024-10-30,RIVN,14,20,0.05,0.05,6.93889390390723e-18,stock_session,,
development,2024-10-30,SMCI,15,20,0.05,0.05,0,stock_session,,
development,2024-10-30,SOFI,5,20,0.05,0.05,0,stock_session,,
development,2024-10-30,WULF,15,20,0.05,0.05,0,stock_session,,
development,2024-10-31,AAL,11,20,0.05,0.05,6.93889390390723e-18,stock_session,,
development,2024-10-31,AAOI,15,20,0.05,0.05,0,stock_session,,
development,2024-10-31,APLD,15,20,0.05,0.05,0,stock_session,,
development,2024-10-31,ASTS,15,20,0.05,0.05,0,stock_session,,
development,2024-10-31,CIFR,15,20,0.05,0.05,0,stock_session,,
development,2024-10-31,HIMS,14,20,0.05,0.05,6.93889390390723e-18,stock_session,,
development,2024-10-31,IONQ,7,20,0.05,0.05,6.93889390390723e-18,stock_session,,
development,2024-10-31,IREN,15,20,0.05,0.05,0,stock_session,,
development,2024-10-31,MARA,14,20,0.05,0.05,6.93889390390723e-18,stock_session,,
development,2024-10-31,MP,10,20,0.05,0.05,0,stock_session,,
development,2024-10-31,MRNA,6,20,0.05,0.05,0,stock_session,,
development,2024-10-31,MSTR,15,20,0.05,0.05,0,stock_session,,
development,2024-10-31,NVTS,11,20,0.05,0.05,6.93889390390723e-18,stock_session,,
development,2024-10-31,QBTS,4,20,0.05,0.05,0,stock_session,,
development,2024-10-31,RGTI,13,20,0.05,0.05,0,stock_session,,
development,2024-10-31,RIOT,13,20,0.05,0.05,0,stock_session,,
development,2024-10-31,RIVN,7,20,0.05,0.05,6.93889390390723e-18,stock_session,,
development,2024-10-31,SMCI,15,20,0.05,0.05,0,stock_session,,
development,2024-10-31,SOFI,9,20,0.05,0.05,0,stock_session,,
development,2024-10-31,WULF,15,20,0.05,0.05,0,stock_session,,
development,2024-11-01,AAL,5,20,0.05,0.05,0,stock_session,,
development,2024-11-01,AAOI,14,20,0.05,0.05,6.93889390390723e-18,stock_session,,
development,2024-11-01,APLD,5,20,0.05,0.05,0,stock_session,,
development,2024-11-01,ASTS,15,20,0.05,0.05,0,stock_session,,
development,2024-11-01,CIFR,10,20,0.05,0.05,0,stock_session,,
development,2024-11-01,HIMS,11,20,0.05,0.05,6.93889390390723e-18,stock_session,,
development,2024-11-01,IONQ,2,20,0.05,0.05,0,stock_session,,
development,2024-11-01,IREN,15,20,0.05,0.05,0,stock_session,,
development,2024-11-01,MARA,15,20,0.05,0.05,0,stock_session,,
development,2024-11-01,MP,3,20,0.05,0.05,0,stock_session,,
development,2024-11-01,MRNA,10,20,0.05,0.05,0,stock_session,,
development,2024-11-01,MSTR,10,20,0.05,0.05,0,stock_session,,
development,2024-11-01,NVTS,10,20,0.05,0.05,0,stock_session,,
development,2024-11-01,QBTS,14,20,0.05,0.05,6.93889390390723e-18,stock_session,,
development,2024-11-01,RGTI,11,20,0.05,0.05,6.93889390390723e-18,stock_session,,
development,2024-11-01,RIOT,14,20,0.05,0.05,6.93889390390723e-18,stock_session,,
development,2024-11-01,RIVN,5,20,0.05,0.05,0,stock_session,,
development,2024-11-01,SMCI,15,20,0.05,0.05,0,stock_session,,
development,2024-11-01,SOFI,8,20,0.05,0.05,0,stock_session,,
development,2024-11-01,WULF,14,20,0.05,0.05,6.93889390390723e-18,stock_session,,
development,2024-11-04,AAL,5,20,0.05,0.05,0,stock_session,,
development,2024-11-04,AAOI,15,20,0.05,0.05,0,stock_session,,
development,2024-11-04,APLD,9,20,0.05,0.05,0,stock_session,,
development,2024-11-04,ASTS,15,20,0.05,0.05,0,stock_session,,
development,2024-11-04,CIFR,13,20,0.05,0.05,0,stock_session,,
development,2024-11-04,HIMS,15,20,0.05,0.05,0,stock_session,,
development,2024-11-04,IONQ,4,20,0.05,0.05,0,stock_session,,
development,2024-11-04,IREN,15,20,0.05,0.05,0,stock_session,,
development,2024-11-04,MARA,13,20,0.05,0.05,0,stock_session,,
development,2024-11-04,MP,5,20,0.05,0.05,0,stock_session,,
development,2024-11-04,MRNA,15,20,0.05,0.05,0,stock_session,,
development,2024-11-04,MSTR,9,20,0.05,0.05,0,stock_session,,
development,2024-11-04,NVTS,11,20,0.05,0.05,6.93889390390723e-18,stock_session,,
development,2024-11-04,QBTS,7,20,0.05,0.05,6.93889390390723e-18,stock_session,,
development,2024-11-04,RGTI,15,20,0.05,0.05,0,stock_session,,
development,2024-11-04,RIOT,14,20,0.05,0.05,6.93889390390723e-18,stock_session,,
development,2024-11-04,RIVN,14,20,0.05,0.05,6.93889390390723e-18,stock_session,,
development,2024-11-04,SMCI,15,20,0.05,0.05,0,stock_session,,
development,2024-11-04,SOFI,12,20,0.05,0.05,0,stock_session,,
development,2024-11-04,WULF,15,20,0.05,0.05,0,stock_session,,
development,2024-11-05,AAL,3,19,0.0526315789473684,0.0526315789473684,0,stock_session,,
development,2024-11-05,AAOI,14,19,0.0526315789473684,0.0526315789473684,0,stock_session,,
development,2024-11-05,APLD,7,19,0.0526315789473684,0.0526315789473684,0,stock_session,,
development,2024-11-05,ASTS,15,19,0.0526315789473684,0.0526315789473684,6.93889390390723e-18,stock_session,,
development,2024-11-05,CIFR,15,19,0.0526315789473684,0.0526315789473684,6.93889390390723e-18,stock_session,,
development,2024-11-05,HIMS,15,19,0.0526315789473684,0.0526315789473684,6.93889390390723e-18,stock_session,,
development,2024-11-05,IONQ,3,19,0.0526315789473684,0.0526315789473684,0,stock_session,,
development,2024-11-05,IREN,15,19,0.0526315789473684,0.0526315789473684,6.93889390390723e-18,stock_session,,
development,2024-11-05,MARA,14,19,0.0526315789473684,0.0526315789473684,0,stock_session,,
development,2024-11-05,MP,3,19,0.0526315789473684,0.0526315789473684,0,stock_session,,
development,2024-11-05,MRNA,13,19,0.0526315789473684,0.0526315789473684,0,stock_session,,
development,2024-11-05,MSTR,15,19,0.0526315789473684,0.0526315789473684,6.93889390390723e-18,stock_session,,
development,2024-11-05,NVTS,15,19,0.0526315789473684,0.0526315789473684,6.93889390390723e-18,stock_session,,
development,2024-11-05,QBTS,15,19,0.0526315789473684,0.0526315789473684,6.93889390390723e-18,stock_session,,
development,2024-11-05,RGTI,15,19,0.0526315789473684,0.0526315789473684,6.93889390390723e-18,stock_session,,
development,2024-11-05,RIOT,13,19,0.0526315789473684,0.0526315789473684,0,stock_session,,
development,2024-11-05,SMCI,15,19,0.0526315789473684,0.0526315789473684,6.93889390390723e-18,stock_session,,
development,2024-11-05,SOFI,9,19,0.0526315789473684,0.0526315789473684,0,stock_session,,
development,2024-11-05,WULF,13,19,0.0526315789473684,0.0526315789473684,0,stock_session,,
development,2024-11-06,AAL,6,16,0.0625,0.0625,0,stock_session,,
development,2024-11-06,ASTS,14,16,0.0625,0.0625,0,stock_session,,
development,2024-11-06,CIFR,15,16,0.0625,0.0625,0,stock_session,,
development,2024-11-06,HIMS,15,16,0.0625,0.0625,0,stock_session,,
development,2024-11-06,IREN,10,16,0.0625,0.0625,0,stock_session,,
development,2024-11-06,MARA,15,16,0.0625,0.0625,0,stock_session,,
development,2024-11-06,MP,6,16,0.0625,0.0625,0,stock_session,,
development,2024-11-06,MSTR,15,16,0.0625,0.0625,0,stock_session,,
development,2024-11-06,NVTS,2,16,0.0625,0.0625,0,stock_session,,
development,2024-11-06,QBTS,13,16,0.0625,0.0625,0,stock_session,,
development,2024-11-06,RGTI,14,16,0.0625,0.0625,0,stock_session,,
development,2024-11-06,RIOT,15,16,0.0625,0.0625,0,stock_session,,
development,2024-11-06,RIVN,4,16,0.0625,0.0625,0,stock_session,,
development,2024-11-06,SMCI,15,16,0.0625,0.0625,0,stock_session,,
development,2024-11-06,SOFI,8,16,0.0625,0.0625,0,stock_session,,
development,2024-11-06,WULF,11,16,0.0625,0.0625,0,stock_session,,
development,2024-11-07,AAL,11,19,0.0526315789473684,0.0526315789473684,0,stock_session,,
development,2024-11-07,AAOI,15,19,0.0526315789473684,0.0526315789473684,6.93889390390723e-18,stock_session,,
development,2024-11-07,APLD,13,19,0.0526315789473684,0.0526315789473684,0,stock_session,,
development,2024-11-07,ASTS,10,19,0.0526315789473684,0.0526315789473684,0,stock_session,,
development,2024-11-07,CIFR,1,19,0.0526315789473684,0.0526315789473684,0,stock_session,,
development,2024-11-07,HIMS,15,19,0.0526315789473684,0.0526315789473684,6.93889390390723e-18,stock_session,,
development,2024-11-07,IONQ,15,19,0.0526315789473684,0.0526315789473684,6.93889390390723e-18,stock_session,,
development,2024-11-07,IREN,14,19,0.0526315789473684,0.0526315789473684,0,stock_session,,
development,2024-11-07,MARA,12,19,0.0526315789473684,0.0526315789473684,0,stock_session,,
development,2024-11-07,MP,11,19,0.0526315789473684,0.0526315789473684,0,stock_session,,
development,2024-11-07,MRNA,15,19,0.0526315789473684,0.0526315789473684,6.93889390390723e-18,stock_session,,
development,2024-11-07,NVTS,15,19,0.0526315789473684,0.0526315789473684,6.93889390390723e-18,stock_session,,
development,2024-11-07,QBTS,15,19,0.0526315789473684,0.0526315789473684,6.93889390390723e-18,stock_session,,
development,2024-11-07,RGTI,11,19,0.0526315789473684,0.0526315789473684,0,stock_session,,
development,2024-11-07,RIOT,9,19,0.0526315789473684,0.0526315789473684,0,stock_session,,
development,2024-11-07,RIVN,15,19,0.0526315789473684,0.0526315789473684,6.93889390390723e-18,stock_session,,
development,2024-11-07,SMCI,15,19,0.0526315789473684,0.0526315789473684,6.93889390390723e-18,stock_session,,
development,2024-11-07,SOFI,15,19,0.0526315789473684,0.0526315789473684,6.93889390390723e-18,stock_session,,
development,2024-11-07,WULF,15,19,0.0526315789473684,0.0526315789473684,6.93889390390723e-18,stock_session,,
development,2024-11-08,AAL,1,20,0.05,0.05,0,stock_session,,
development,2024-11-08,AAOI,15,20,0.05,0.05,0,stock_session,,
development,2024-11-08,APLD,14,20,0.05,0.05,6.93889390390723e-18,stock_session,,
development,2024-11-08,ASTS,14,20,0.05,0.05,6.93889390390723e-18,stock_session,,
development,2024-11-08,CIFR,11,20,0.05,0.05,6.93889390390723e-18,stock_session,,
development,2024-11-08,HIMS,13,20,0.05,0.05,0,stock_session,,
development,2024-11-08,IONQ,15,20,0.05,0.05,0,stock_session,,
development,2024-11-08,IREN,15,20,0.05,0.05,0,stock_session,,
development,2024-11-08,MARA,14,20,0.05,0.05,6.93889390390723e-18,stock_session,,
development,2024-11-08,MP,12,20,0.05,0.05,0,stock_session,,
development,2024-11-08,MRNA,4,20,0.05,0.05,0,stock_session,,
development,2024-11-08,MSTR,15,20,0.05,0.05,0,stock_session,,
development,2024-11-08,NVTS,11,20,0.05,0.05,6.93889390390723e-18,stock_session,,
development,2024-11-08,QBTS,2,20,0.05,0.05,0,stock_session,,
development,2024-11-08,RGTI,15,20,0.05,0.05,0,stock_session,,
development,2024-11-08,RIOT,14,20,0.05,0.05,6.93889390390723e-18,stock_session,,
development,2024-11-08,RIVN,9,20,0.05,0.05,0,stock_session,,
development,2024-11-08,SMCI,15,20,0.05,0.05,0,stock_session,,
development,2024-11-08,SOFI,8,20,0.05,0.05,0,stock_session,,
development,2024-11-08,WULF,15,20,0.05,0.05,0,stock_session,,
development,2024-11-11,AAL,3,20,0.05,0.05,0,stock_session,,
development,2024-11-11,AAOI,15,20,0.05,0.05,0,stock_session,,
development,2024-11-11,APLD,5,20,0.05,0.05,0,stock_session,,
development,2024-11-11,ASTS,15,20,0.05,0.05,0,stock_session,,
development,2024-11-11,CIFR,6,20,0.05,0.05,0,stock_session,,
development,2024-11-11,HIMS,15,20,0.05,0.05,0,stock_session,,
development,2024-11-11,IONQ,15,20,0.05,0.05,0,stock_session,,
development,2024-11-11,IREN,5,20,0.05,0.05,0,stock_session,,
development,2024-11-11,MARA,15,20,0.05,0.05,0,stock_session,,
development,2024-11-11,MP,7,20,0.05,0.05,6.93889390390723e-18,stock_session,,
development,2024-11-11,MRNA,2,20,0.05,0.05,0,stock_session,,
development,2024-11-11,MSTR,15,20,0.05,0.05,0,stock_session,,
development,2024-11-11,NVTS,4,20,0.05,0.05,0,stock_session,,
development,2024-11-11,QBTS,15,20,0.05,0.05,0,stock_session,,
development,2024-11-11,RGTI,15,20,0.05,0.05,0,stock_session,,
development,2024-11-11,RIOT,15,20,0.05,0.05,0,stock_session,,
development,2024-11-11,RIVN,15,20,0.05,0.05,0,stock_session,,
development,2024-11-11,SMCI,15,20,0.05,0.05,0,stock_session,,
development,2024-11-11,SOFI,15,20,0.05,0.05,0,stock_session,,
development,2024-11-11,WULF,10,20,0.05,0.05,0,stock_session,,
development,2024-11-12,AAL,3,20,0.05,0.05,0,stock_session,,
development,2024-11-12,AAOI,7,20,0.05,0.05,6.93889390390723e-18,stock_session,,
development,2024-11-12,APLD,15,20,0.05,0.05,0,stock_session,,
development,2024-11-12,ASTS,13,20,0.05,0.05,0,stock_session,,
development,2024-11-12,CIFR,13,20,0.05,0.05,0,stock_session,,
development,2024-11-12,HIMS,7,20,0.05,0.05,6.93889390390723e-18,stock_session,,
development,2024-11-12,IONQ,15,20,0.05,0.05,0,stock_session,,
development,2024-11-12,IREN,10,20,0.05,0.05,0,stock_session,,
development,2024-11-12,MARA,14,20,0.05,0.05,6.93889390390723e-18,stock_session,,
development,2024-11-12,MP,14,20,0.05,0.05,6.93889390390723e-18,stock_session,,
development,2024-11-12,MRNA,6,20,0.05,0.05,0,stock_session,,
development,2024-11-12,MSTR,15,20,0.05,0.05,0,stock_session,,
development,2024-11-12,NVTS,8,20,0.05,0.05,0,stock_session,,
development,2024-11-12,QBTS,2,20,0.05,0.05,0,stock_session,,
development,2024-11-12,RGTI,6,20,0.05,0.05,0,stock_session,,
development,2024-11-12,RIOT,6,20,0.05,0.05,0,stock_session,,
development,2024-11-12,RIVN,11,20,0.05,0.05,6.93889390390723e-18,stock_session,,
development,2024-11-12,SMCI,5,20,0.05,0.05,0,stock_session,,
development,2024-11-12,SOFI,8,20,0.05,0.05,0,stock_session,,
development,2024-11-12,WULF,13,20,0.05,0.05,0,stock_session,,
development,2024-11-13,AAL,14,19,0.0526315789473684,0.0526315789473684,0,stock_session,,
development,2024-11-13,AAOI,13,19,0.0526315789473684,0.0526315789473684,0,stock_session,,
development,2024-11-13,APLD,7,19,0.0526315789473684,0.0526315789473684,0,stock_session,,
development,2024-11-13,ASTS,15,19,0.0526315789473684,0.0526315789473684,6.93889390390723e-18,stock_session,,
development,2024-11-13,CIFR,15,19,0.0526315789473684,0.0526315789473684,6.93889390390723e-18,stock_session,,
development,2024-11-13,HIMS,4,19,0.0526315789473684,0.0526315789473684,0,stock_session,,
development,2024-11-13,IONQ,15,19,0.0526315789473684,0.0526315789473684,6.93889390390723e-18,stock_session,,
development,2024-11-13,IREN,7,19,0.0526315789473684,0.0526315789473684,0,stock_session,,
development,2024-11-13,MARA,10,19,0.0526315789473684,0.0526315789473684,0,stock_session,,
development,2024-11-13,MP,12,19,0.0526315789473684,0.0526315789473684,0,stock_session,,
development,2024-11-13,MRNA,12,19,0.0526315789473684,0.0526315789473684,0,stock_session,,
development,2024-11-13,MSTR,15,19,0.0526315789473684,0.0526315789473684,6.93889390390723e-18,stock_session,,
development,2024-11-13,NVTS,12,19,0.0526315789473684,0.0526315789473684,0,stock_session,,
development,2024-11-13,QBTS,15,19,0.0526315789473684,0.0526315789473684,6.93889390390723e-18,stock_session,,
development,2024-11-13,RIOT,9,19,0.0526315789473684,0.0526315789473684,0,stock_session,,
development,2024-11-13,RIVN,15,19,0.0526315789473684,0.0526315789473684,6.93889390390723e-18,stock_session,,
development,2024-11-13,SMCI,3,19,0.0526315789473684,0.0526315789473684,0,stock_session,,
development,2024-11-13,SOFI,10,19,0.0526315789473684,0.0526315789473684,0,stock_session,,
development,2024-11-13,WULF,2,19,0.0526315789473684,0.0526315789473684,0,stock_session,,
development,2024-11-14,AAL,8,20,0.05,0.05,0,stock_session,,
development,2024-11-14,AAOI,6,20,0.05,0.05,0,stock_session,,
development,2024-11-14,APLD,12,20,0.05,0.05,0,stock_session,,
development,2024-11-14,ASTS,14,20,0.05,0.05,6.93889390390723e-18,stock_session,,
development,2024-11-14,CIFR,12,20,0.05,0.05,0,stock_session,,
development,2024-11-14,HIMS,15,20,0.05,0.05,0,stock_session,,
development,2024-11-14,IONQ,15,20,0.05,0.05,0,stock_session,,
development,2024-11-14,IREN,11,20,0.05,0.05,6.93889390390723e-18,stock_session,,
development,2024-11-14,MARA,15,20,0.05,0.05,0,stock_session,,
development,2024-11-14,MP,12,20,0.05,0.05,0,stock_session,,
development,2024-11-14,MRNA,7,20,0.05,0.05,6.93889390390723e-18,stock_session,,
development,2024-11-14,MSTR,15,20,0.05,0.05,0,stock_session,,
development,2024-11-14,NVTS,3,20,0.05,0.05,0,stock_session,,
development,2024-11-14,QBTS,15,20,0.05,0.05,0,stock_session,,
development,2024-11-14,RGTI,15,20,0.05,0.05,0,stock_session,,
development,2024-11-14,RIOT,10,20,0.05,0.05,0,stock_session,,
development,2024-11-14,RIVN,11,20,0.05,0.05,6.93889390390723e-18,stock_session,,
development,2024-11-14,SMCI,15,20,0.05,0.05,0,stock_session,,
development,2024-11-14,SOFI,8,20,0.05,0.05,0,stock_session,,
development,2024-11-14,WULF,14,20,0.05,0.05,6.93889390390723e-18,stock_session,,
development,2024-11-15,AAL,6,20,0.05,0.05,0,stock_session,,
development,2024-11-15,AAOI,14,20,0.05,0.05,6.93889390390723e-18,stock_session,,
development,2024-11-15,APLD,3,20,0.05,0.05,0,stock_session,,
development,2024-11-15,ASTS,2,20,0.05,0.05,0,stock_session,,
development,2024-11-15,CIFR,14,20,0.05,0.05,6.93889390390723e-18,stock_session,,
development,2024-11-15,HIMS,15,20,0.05,0.05,0,stock_session,,
development,2024-11-15,IONQ,3,20,0.05,0.05,0,stock_session,,
development,2024-11-15,IREN,14,20,0.05,0.05,6.93889390390723e-18,stock_session,,
development,2024-11-15,MARA,15,20,0.05,0.05,0,stock_session,,
development,2024-11-15,MP,9,20,0.05,0.05,0,stock_session,,
development,2024-11-15,MRNA,15,20,0.05,0.05,0,stock_session,,
development,2024-11-15,MSTR,6,20,0.05,0.05,0,stock_session,,
development,2024-11-15,NVTS,14,20,0.05,0.05,6.93889390390723e-18,stock_session,,
development,2024-11-15,QBTS,14,20,0.05,0.05,6.93889390390723e-18,stock_session,,
development,2024-11-15,RGTI,13,20,0.05,0.05,0,stock_session,,
development,2024-11-15,RIOT,12,20,0.05,0.05,0,stock_session,,
development,2024-11-15,RIVN,4,20,0.05,0.05,0,stock_session,,
development,2024-11-15,SMCI,1,20,0.05,0.05,0,stock_session,,
development,2024-11-15,SOFI,5,20,0.05,0.05,0,stock_session,,
development,2024-11-15,WULF,13,20,0.05,0.05,0,stock_session,,
development,2024-11-18,AAL,1,20,0.05,0.05,0,stock_session,,
development,2024-11-18,AAOI,12,20,0.05,0.05,0,stock_session,,
development,2024-11-18,APLD,15,20,0.05,0.05,0,stock_session,,
development,2024-11-18,ASTS,12,20,0.05,0.05,0,stock_session,,
development,2024-11-18,CIFR,15,20,0.05,0.05,0,stock_session,,
development,2024-11-18,HIMS,15,20,0.05,0.05,0,stock_session,,
development,2024-11-18,IONQ,15,20,0.05,0.05,0,stock_session,,
development,2024-11-18,IREN,15,20,0.05,0.05,0,stock_session,,
development,2024-11-18,MARA,15,20,0.05,0.05,0,stock_session,,
development,2024-11-18,MP,14,20,0.05,0.05,6.93889390390723e-18,stock_session,,
development,2024-11-18,MRNA,15,20,0.05,0.05,0,stock_session,,
development,2024-11-18,MSTR,13,20,0.05,0.05,0,stock_session,,
development,2024-11-18,NVTS,8,20,0.05,0.05,0,stock_session,,
development,2024-11-18,QBTS,7,20,0.05,0.05,6.93889390390723e-18,stock_session,,
development,2024-11-18,RGTI,9,20,0.05,0.05,0,stock_session,,
development,2024-11-18,RIOT,15,20,0.05,0.05,0,stock_session,,
development,2024-11-18,RIVN,14,20,0.05,0.05,6.93889390390723e-18,stock_session,,
development,2024-11-18,SMCI,15,20,0.05,0.05,0,stock_session,,
development,2024-11-18,SOFI,15,20,0.05,0.05,0,stock_session,,
development,2024-11-18,WULF,15,20,0.05,0.05,0,stock_session,,
development,2024-11-19,AAL,5,19,0.0526315789473684,0.0526315789473684,0,stock_session,,
development,2024-11-19,AAOI,13,19,0.0526315789473684,0.0526315789473684,0,stock_session,,
development,2024-11-19,APLD,15,19,0.0526315789473684,0.0526315789473684,6.93889390390723e-18,stock_session,,
development,2024-11-19,ASTS,15,19,0.0526315789473684,0.0526315789473684,6.93889390390723e-18,stock_session,,
development,2024-11-19,CIFR,15,19,0.0526315789473684,0.0526315789473684,6.93889390390723e-18,stock_session,,
development,2024-11-19,HIMS,15,19,0.0526315789473684,0.0526315789473684,6.93889390390723e-18,stock_session,,
development,2024-11-19,IONQ,15,19,0.0526315789473684,0.0526315789473684,6.93889390390723e-18,stock_session,,
development,2024-11-19,IREN,15,19,0.0526315789473684,0.0526315789473684,6.93889390390723e-18,stock_session,,
development,2024-11-19,MARA,11,19,0.0526315789473684,0.0526315789473684,0,stock_session,,
development,2024-11-19,MRNA,15,19,0.0526315789473684,0.0526315789473684,6.93889390390723e-18,stock_session,,
development,2024-11-19,MSTR,15,19,0.0526315789473684,0.0526315789473684,6.93889390390723e-18,stock_session,,
development,2024-11-19,NVTS,12,19,0.0526315789473684,0.0526315789473684,0,stock_session,,
development,2024-11-19,QBTS,12,19,0.0526315789473684,0.0526315789473684,0,stock_session,,
development,2024-11-19,RGTI,12,19,0.0526315789473684,0.0526315789473684,0,stock_session,,
development,2024-11-19,RIOT,15,19,0.0526315789473684,0.0526315789473684,6.93889390390723e-18,stock_session,,
development,2024-11-19,RIVN,14,19,0.0526315789473684,0.0526315789473684,0,stock_session,,
development,2024-11-19,SMCI,15,19,0.0526315789473684,0.0526315789473684,6.93889390390723e-18,stock_session,,
development,2024-11-19,SOFI,4,19,0.0526315789473684,0.0526315789473684,0,stock_session,,
development,2024-11-19,WULF,15,19,0.0526315789473684,0.0526315789473684,6.93889390390723e-18,stock_session,,
development,2024-11-20,AAL,6,19,0.0526315789473684,0.0526315789473684,0,stock_session,,
development,2024-11-20,AAOI,15,19,0.0526315789473684,0.0526315789473684,6.93889390390723e-18,stock_session,,
development,2024-11-20,APLD,12,19,0.0526315789473684,0.0526315789473684,0,stock_session,,
development,2024-11-20,ASTS,13,19,0.0526315789473684,0.0526315789473684,0,stock_session,,
development,2024-11-20,CIFR,15,19,0.0526315789473684,0.0526315789473684,6.93889390390723e-18,stock_session,,
development,2024-11-20,IONQ,15,19,0.0526315789473684,0.0526315789473684,6.93889390390723e-18,stock_session,,
development,2024-11-20,IREN,15,19,0.0526315789473684,0.0526315789473684,6.93889390390723e-18,stock_session,,
development,2024-11-20,MARA,6,19,0.0526315789473684,0.0526315789473684,0,stock_session,,
development,2024-11-20,MP,2,19,0.0526315789473684,0.0526315789473684,0,stock_session,,
development,2024-11-20,MRNA,11,19,0.0526315789473684,0.0526315789473684,0,stock_session,,
development,2024-11-20,MSTR,15,19,0.0526315789473684,0.0526315789473684,6.93889390390723e-18,stock_session,,
development,2024-11-20,NVTS,9,19,0.0526315789473684,0.0526315789473684,0,stock_session,,
development,2024-11-20,QBTS,15,19,0.0526315789473684,0.0526315789473684,6.93889390390723e-18,stock_session,,
development,2024-11-20,RGTI,7,19,0.0526315789473684,0.0526315789473684,0,stock_session,,
development,2024-11-20,RIOT,11,19,0.0526315789473684,0.0526315789473684,0,stock_session,,
development,2024-11-20,RIVN,11,19,0.0526315789473684,0.0526315789473684,0,stock_session,,
development,2024-11-20,SMCI,15,19,0.0526315789473684,0.0526315789473684,6.93889390390723e-18,stock_session,,
development,2024-11-20,SOFI,10,19,0.0526315789473684,0.0526315789473684,0,stock_session,,
development,2024-11-20,WULF,15,19,0.0526315789473684,0.0526315789473684,6.93889390390723e-18,stock_session,,
development,2024-11-21,AAL,9,19,0.0526315789473684,0.0526315789473684,0,stock_session,,
development,2024-11-21,AAOI,15,19,0.0526315789473684,0.0526315789473684,6.93889390390723e-18,stock_session,,
development,2024-11-21,ASTS,12,19,0.0526315789473684,0.0526315789473684,0,stock_session,,
development,2024-11-21,CIFR,15,19,0.0526315789473684,0.0526315789473684,6.93889390390723e-18,stock_session,,
development,2024-11-21,HIMS,6,19,0.0526315789473684,0.0526315789473684,0,stock_session,,
development,2024-11-21,IONQ,15,19,0.0526315789473684,0.0526315789473684,6.93889390390723e-18,stock_session,,
development,2024-11-21,IREN,6,19,0.0526315789473684,0.0526315789473684,0,stock_session,,
development,2024-11-21,MARA,15,19,0.0526315789473684,0.0526315789473684,6.93889390390723e-18,stock_session,,
development,2024-11-21,MP,7,19,0.0526315789473684,0.0526315789473684,0,stock_session,,
development,2024-11-21,MRNA,8,19,0.0526315789473684,0.0526315789473684,0,stock_session,,
development,2024-11-21,MSTR,15,19,0.0526315789473684,0.0526315789473684,6.93889390390723e-18,stock_session,,
development,2024-11-21,NVTS,13,19,0.0526315789473684,0.0526315789473684,0,stock_session,,
development,2024-11-21,QBTS,15,19,0.0526315789473684,0.0526315789473684,6.93889390390723e-18,stock_session,,
development,2024-11-21,RGTI,15,19,0.0526315789473684,0.0526315789473684,6.93889390390723e-18,stock_session,,
development,2024-11-21,RIOT,5,19,0.0526315789473684,0.0526315789473684,0,stock_session,,
development,2024-11-21,RIVN,8,19,0.0526315789473684,0.0526315789473684,0,stock_session,,
development,2024-11-21,SMCI,15,19,0.0526315789473684,0.0526315789473684,6.93889390390723e-18,stock_session,,
development,2024-11-21,SOFI,3,19,0.0526315789473684,0.0526315789473684,0,stock_session,,
development,2024-11-21,WULF,15,19,0.0526315789473684,0.0526315789473684,6.93889390390723e-18,stock_session,,
development,2024-11-22,AAL,2,20,0.05,0.05,0,stock_session,,
development,2024-11-22,AAOI,5,20,0.05,0.05,0,stock_session,,
development,2024-11-22,APLD,4,20,0.05,0.05,0,stock_session,,
development,2024-11-22,ASTS,14,20,0.05,0.05,6.93889390390723e-18,stock_session,,
development,2024-11-22,CIFR,15,20,0.05,0.05,0,stock_session,,
development,2024-11-22,HIMS,6,20,0.05,0.05,0,stock_session,,
development,2024-11-22,IONQ,15,20,0.05,0.05,0,stock_session,,
development,2024-11-22,IREN,15,20,0.05,0.05,0,stock_session,,
development,2024-11-22,MARA,15,20,0.05,0.05,0,stock_session,,
development,2024-11-22,MP,11,20,0.05,0.05,6.93889390390723e-18,stock_session,,
development,2024-11-22,MRNA,15,20,0.05,0.05,0,stock_session,,
development,2024-11-22,MSTR,15,20,0.05,0.05,0,stock_session,,
development,2024-11-22,NVTS,15,20,0.05,0.05,0,stock_session,,
development,2024-11-22,QBTS,15,20,0.05,0.05,0,stock_session,,
development,2024-11-22,RGTI,15,20,0.05,0.05,0,stock_session,,
development,2024-11-22,RIOT,15,20,0.05,0.05,0,stock_session,,
development,2024-11-22,RIVN,14,20,0.05,0.05,6.93889390390723e-18,stock_session,,
development,2024-11-22,SMCI,15,20,0.05,0.05,0,stock_session,,
development,2024-11-22,SOFI,14,20,0.05,0.05,6.93889390390723e-18,stock_session,,
development,2024-11-22,WULF,14,20,0.05,0.05,6.93889390390723e-18,stock_session,,
development,2024-11-25,AAL,10,20,0.05,0.05,0,stock_session,,
development,2024-11-25,AAOI,12,20,0.05,0.05,0,stock_session,,
development,2024-11-25,APLD,13,20,0.05,0.05,0,stock_session,,
development,2024-11-25,ASTS,15,20,0.05,0.05,0,stock_session,,
development,2024-11-25,CIFR,12,20,0.05,0.05,0,stock_session,,
development,2024-11-25,HIMS,15,20,0.05,0.05,0,stock_session,,
development,2024-11-25,IONQ,14,20,0.05,0.05,6.93889390390723e-18,stock_session,,
development,2024-11-25,IREN,11,20,0.05,0.05,6.93889390390723e-18,stock_session,,
development,2024-11-25,MARA,9,20,0.05,0.05,0,stock_session,,
development,2024-11-25,MP,15,20,0.05,0.05,0,stock_session,,
development,2024-11-25,MRNA,15,20,0.05,0.05,0,stock_session,,
development,2024-11-25,MSTR,15,20,0.05,0.05,0,stock_session,,
development,2024-11-25,NVTS,13,20,0.05,0.05,0,stock_session,,
development,2024-11-25,QBTS,15,20,0.05,0.05,0,stock_session,,
development,2024-11-25,RGTI,15,20,0.05,0.05,0,stock_session,,
development,2024-11-25,RIOT,15,20,0.05,0.05,0,stock_session,,
development,2024-11-25,RIVN,10,20,0.05,0.05,0,stock_session,,
development,2024-11-25,SMCI,15,20,0.05,0.05,0,stock_session,,
development,2024-11-25,SOFI,11,20,0.05,0.05,6.93889390390723e-18,stock_session,,
development,2024-11-25,WULF,11,20,0.05,0.05,6.93889390390723e-18,stock_session,,
development,2024-11-26,AAL,10,20,0.05,0.05,0,stock_session,,
development,2024-11-26,AAOI,5,20,0.05,0.05,0,stock_session,,
development,2024-11-26,APLD,9,20,0.05,0.05,0,stock_session,,
development,2024-11-26,ASTS,15,20,0.05,0.05,0,stock_session,,
development,2024-11-26,CIFR,15,20,0.05,0.05,0,stock_session,,
development,2024-11-26,HIMS,15,20,0.05,0.05,0,stock_session,,
development,2024-11-26,IONQ,4,20,0.05,0.05,0,stock_session,,
development,2024-11-26,IREN,15,20,0.05,0.05,0,stock_session,,
development,2024-11-26,MARA,15,20,0.05,0.05,0,stock_session,,
development,2024-11-26,MP,6,20,0.05,0.05,0,stock_session,,
development,2024-11-26,MRNA,7,20,0.05,0.05,6.93889390390723e-18,stock_session,,
development,2024-11-26,MSTR,15,20,0.05,0.05,0,stock_session,,
development,2024-11-26,NVTS,8,20,0.05,0.05,0,stock_session,,
development,2024-11-26,QBTS,15,20,0.05,0.05,0,stock_session,,
development,2024-11-26,RGTI,15,20,0.05,0.05,0,stock_session,,
development,2024-11-26,RIOT,15,20,0.05,0.05,0,stock_session,,
development,2024-11-26,RIVN,15,20,0.05,0.05,0,stock_session,,
development,2024-11-26,SMCI,15,20,0.05,0.05,0,stock_session,,
development,2024-11-26,SOFI,13,20,0.05,0.05,0,stock_session,,
development,2024-11-26,WULF,15,20,0.05,0.05,0,stock_session,,
development,2024-11-27,AAL,5,20,0.05,0.05,0,stock_session,,
development,2024-11-27,AAOI,14,20,0.05,0.05,6.93889390390723e-18,stock_session,,
development,2024-11-27,APLD,13,20,0.05,0.05,0,stock_session,,
development,2024-11-27,ASTS,15,20,0.05,0.05,0,stock_session,,
development,2024-11-27,CIFR,14,20,0.05,0.05,6.93889390390723e-18,stock_session,,
development,2024-11-27,HIMS,11,20,0.05,0.05,6.93889390390723e-18,stock_session,,
development,2024-11-27,IONQ,7,20,0.05,0.05,6.93889390390723e-18,stock_session,,
development,2024-11-27,IREN,15,20,0.05,0.05,0,stock_session,,
development,2024-11-27,MARA,13,20,0.05,0.05,0,stock_session,,
development,2024-11-27,MP,14,20,0.05,0.05,6.93889390390723e-18,stock_session,,
development,2024-11-27,MRNA,9,20,0.05,0.05,0,stock_session,,
development,2024-11-27,MSTR,15,20,0.05,0.05,0,stock_session,,
development,2024-11-27,NVTS,8,20,0.05,0.05,0,stock_session,,
development,2024-11-27,QBTS,15,20,0.05,0.05,0,stock_session,,
development,2024-11-27,RGTI,15,20,0.05,0.05,0,stock_session,,
development,2024-11-27,RIOT,15,20,0.05,0.05,0,stock_session,,
development,2024-11-27,RIVN,15,20,0.05,0.05,0,stock_session,,
development,2024-11-27,SMCI,14,20,0.05,0.05,6.93889390390723e-18,stock_session,,
development,2024-11-27,SOFI,9,20,0.05,0.05,0,stock_session,,
development,2024-11-27,WULF,13,20,0.05,0.05,0,stock_session,,
development,2024-11-29,AAL,9,20,0.05,0.05,0,stock_session,,
development,2024-11-29,AAOI,4,20,0.05,0.05,0,stock_session,,
development,2024-11-29,APLD,3,20,0.05,0.05,0,stock_session,,
development,2024-11-29,ASTS,15,20,0.05,0.05,0,stock_session,,
development,2024-11-29,CIFR,15,20,0.05,0.05,0,stock_session,,
development,2024-11-29,HIMS,8,20,0.05,0.05,0,stock_session,,
development,2024-11-29,IONQ,15,20,0.05,0.05,0,stock_session,,
development,2024-11-29,IREN,6,20,0.05,0.05,0,stock_session,,
development,2024-11-29,MARA,8,20,0.05,0.05,0,stock_session,,
development,2024-11-29,MP,15,20,0.05,0.05,0,stock_session,,
development,2024-11-29,MRNA,11,20,0.05,0.05,6.93889390390723e-18,stock_session,,
development,2024-11-29,MSTR,15,20,0.05,0.05,0,stock_session,,
development,2024-11-29,NVTS,15,20,0.05,0.05,0,stock_session,,
development,2024-11-29,QBTS,15,20,0.05,0.05,0,stock_session,,
development,2024-11-29,RGTI,15,20,0.05,0.05,0,stock_session,,
development,2024-11-29,RIOT,15,20,0.05,0.05,0,stock_session,,
development,2024-11-29,RIVN,13,20,0.05,0.05,0,stock_session,,
development,2024-11-29,SMCI,15,20,0.05,0.05,0,stock_session,,
development,2024-11-29,SOFI,11,20,0.05,0.05,6.93889390390723e-18,stock_session,,
development,2024-11-29,WULF,15,20,0.05,0.05,0,stock_session,,
development,2024-12-02,AAL,1,19,0.0526315789473684,0.0526315789473684,0,stock_session,,
development,2024-12-02,AAOI,5,19,0.0526315789473684,0.0526315789473684,0,stock_session,,
development,2024-12-02,APLD,3,19,0.0526315789473684,0.0526315789473684,0,stock_session,,
development,2024-12-02,ASTS,15,19,0.0526315789473684,0.0526315789473684,6.93889390390723e-18,stock_session,,
development,2024-12-02,CIFR,15,19,0.0526315789473684,0.0526315789473684,6.93889390390723e-18,stock_session,,
development,2024-12-02,HIMS,8,19,0.0526315789473684,0.0526315789473684,0,stock_session,,
development,2024-12-02,IONQ,11,19,0.0526315789473684,0.0526315789473684,0,stock_session,,
development,2024-12-02,IREN,15,19,0.0526315789473684,0.0526315789473684,6.93889390390723e-18,stock_session,,
development,2024-12-02,MARA,12,19,0.0526315789473684,0.0526315789473684,0,stock_session,,
development,2024-12-02,MP,12,19,0.0526315789473684,0.0526315789473684,0,stock_session,,
development,2024-12-02,MRNA,9,19,0.0526315789473684,0.0526315789473684,0,stock_session,,
development,2024-12-02,NVTS,15,19,0.0526315789473684,0.0526315789473684,6.93889390390723e-18,stock_session,,
development,2024-12-02,QBTS,15,19,0.0526315789473684,0.0526315789473684,6.93889390390723e-18,stock_session,,
development,2024-12-02,RGTI,15,19,0.0526315789473684,0.0526315789473684,6.93889390390723e-18,stock_session,,
development,2024-12-02,RIOT,15,19,0.0526315789473684,0.0526315789473684,6.93889390390723e-18,stock_session,,
development,2024-12-02,RIVN,11,19,0.0526315789473684,0.0526315789473684,0,stock_session,,
development,2024-12-02,SMCI,15,19,0.0526315789473684,0.0526315789473684,6.93889390390723e-18,stock_session,,
development,2024-12-02,SOFI,12,19,0.0526315789473684,0.0526315789473684,0,stock_session,,
development,2024-12-02,WULF,15,19,0.0526315789473684,0.0526315789473684,6.93889390390723e-18,stock_session,,
development,2024-12-03,AAL,8,20,0.05,0.05,0,stock_session,,
development,2024-12-03,AAOI,15,20,0.05,0.05,0,stock_session,,
development,2024-12-03,APLD,11,20,0.05,0.05,6.93889390390723e-18,stock_session,,
development,2024-12-03,ASTS,15,20,0.05,0.05,0,stock_session,,
development,2024-12-03,CIFR,14,20,0.05,0.05,6.93889390390723e-18,stock_session,,
development,2024-12-03,HIMS,9,20,0.05,0.05,0,stock_session,,
development,2024-12-03,IONQ,6,20,0.05,0.05,0,stock_session,,
development,2024-12-03,IREN,15,20,0.05,0.05,0,stock_session,,
development,2024-12-03,MARA,15,20,0.05,0.05,0,stock_session,,
development,2024-12-03,MP,15,20,0.05,0.05,0,stock_session,,
development,2024-12-03,MRNA,13,20,0.05,0.05,0,stock_session,,
development,2024-12-03,MSTR,15,20,0.05,0.05,0,stock_session,,
development,2024-12-03,NVTS,15,20,0.05,0.05,0,stock_session,,
development,2024-12-03,QBTS,15,20,0.05,0.05,0,stock_session,,
development,2024-12-03,RGTI,15,20,0.05,0.05,0,stock_session,,
development,2024-12-03,RIOT,15,20,0.05,0.05,0,stock_session,,
development,2024-12-03,RIVN,10,20,0.05,0.05,0,stock_session,,
development,2024-12-03,SMCI,15,20,0.05,0.05,0,stock_session,,
development,2024-12-03,SOFI,11,20,0.05,0.05,6.93889390390723e-18,stock_session,,
development,2024-12-03,WULF,15,20,0.05,0.05,0,stock_session,,
development,2024-12-04,AAL,5,20,0.05,0.05,0,stock_session,,
development,2024-12-04,AAOI,11,20,0.05,0.05,6.93889390390723e-18,stock_session,,
development,2024-12-04,APLD,15,20,0.05,0.05,0,stock_session,,
development,2024-12-04,ASTS,9,20,0.05,0.05,0,stock_session,,
development,2024-12-04,CIFR,10,20,0.05,0.05,0,stock_session,,
development,2024-12-04,HIMS,13,20,0.05,0.05,0,stock_session,,
development,2024-12-04,IONQ,8,20,0.05,0.05,0,stock_session,,
development,2024-12-04,IREN,8,20,0.05,0.05,0,stock_session,,
development,2024-12-04,MARA,14,20,0.05,0.05,6.93889390390723e-18,stock_session,,
development,2024-12-04,MP,8,20,0.05,0.05,0,stock_session,,
development,2024-12-04,MRNA,7,20,0.05,0.05,6.93889390390723e-18,stock_session,,
development,2024-12-04,MSTR,4,20,0.05,0.05,0,stock_session,,
development,2024-12-04,NVTS,15,20,0.05,0.05,0,stock_session,,
development,2024-12-04,QBTS,15,20,0.05,0.05,0,stock_session,,
development,2024-12-04,RGTI,15,20,0.05,0.05,0,stock_session,,
development,2024-12-04,RIOT,15,20,0.05,0.05,0,stock_session,,
development,2024-12-04,RIVN,11,20,0.05,0.05,6.93889390390723e-18,stock_session,,
development,2024-12-04,SMCI,15,20,0.05,0.05,0,stock_session,,
development,2024-12-04,SOFI,15,20,0.05,0.05,0,stock_session,,
development,2024-12-04,WULF,13,20,0.05,0.05,0,stock_session,,
development,2024-12-05,AAL,15,17,0.0588235294117647,0.0588235294117647,0,stock_session,,
development,2024-12-05,AAOI,14,17,0.0588235294117647,0.0588235294117647,0,stock_session,,
development,2024-12-05,APLD,15,17,0.0588235294117647,0.0588235294117647,0,stock_session,,
development,2024-12-05,ASTS,11,17,0.0588235294117647,0.0588235294117647,0,stock_session,,
development,2024-12-05,CIFR,15,17,0.0588235294117647,0.0588235294117647,0,stock_session,,
development,2024-12-05,HIMS,10,17,0.0588235294117647,0.0588235294117647,0,stock_session,,
development,2024-12-05,IONQ,2,17,0.0588235294117647,0.0588235294117647,0,stock_session,,
development,2024-12-05,MP,11,17,0.0588235294117647,0.0588235294117647,0,stock_session,,
development,2024-12-05,MRNA,9,17,0.0588235294117647,0.0588235294117647,0,stock_session,,
development,2024-12-05,MSTR,15,17,0.0588235294117647,0.0588235294117647,0,stock_session,,
development,2024-12-05,NVTS,15,17,0.0588235294117647,0.0588235294117647,0,stock_session,,
development,2024-12-05,QBTS,4,17,0.0588235294117647,0.0588235294117647,0,stock_session,,
development,2024-12-05,RGTI,15,17,0.0588235294117647,0.0588235294117647,0,stock_session,,
development,2024-12-05,RIOT,1,17,0.0588235294117647,0.0588235294117647,0,stock_session,,
development,2024-12-05,RIVN,15,17,0.0588235294117647,0.0588235294117647,0,stock_session,,
development,2024-12-05,SOFI,4,17,0.0588235294117647,0.0588235294117647,0,stock_session,,
development,2024-12-05,WULF,15,17,0.0588235294117647,0.0588235294117647,0,stock_session,,
development,2024-12-06,AAL,9,20,0.05,0.05,0,stock_session,,
development,2024-12-06,AAOI,15,20,0.05,0.05,0,stock_session,,
development,2024-12-06,APLD,15,20,0.05,0.05,0,stock_session,,
development,2024-12-06,ASTS,15,20,0.05,0.05,0,stock_session,,
development,2024-12-06,CIFR,15,20,0.05,0.05,0,stock_session,,
development,2024-12-06,HIMS,8,20,0.05,0.05,0,stock_session,,
development,2024-12-06,IONQ,5,20,0.05,0.05,0,stock_session,,
development,2024-12-06,IREN,10,20,0.05,0.05,0,stock_session,,
development,2024-12-06,MARA,14,20,0.05,0.05,6.93889390390723e-18,stock_session,,
development,2024-12-06,MP,11,20,0.05,0.05,6.93889390390723e-18,stock_session,,
development,2024-12-06,MRNA,15,20,0.05,0.05,0,stock_session,,
development,2024-12-06,MSTR,14,20,0.05,0.05,6.93889390390723e-18,stock_session,,
development,2024-12-06,NVTS,15,20,0.05,0.05,0,stock_session,,
development,2024-12-06,QBTS,15,20,0.05,0.05,0,stock_session,,
development,2024-12-06,RGTI,15,20,0.05,0.05,0,stock_session,,
development,2024-12-06,RIOT,15,20,0.05,0.05,0,stock_session,,
development,2024-12-06,RIVN,10,20,0.05,0.05,0,stock_session,,
development,2024-12-06,SMCI,15,20,0.05,0.05,0,stock_session,,
development,2024-12-06,SOFI,14,20,0.05,0.05,6.93889390390723e-18,stock_session,,
development,2024-12-06,WULF,15,20,0.05,0.05,0,stock_session,,
development,2024-12-09,AAL,8,20,0.05,0.05,0,stock_session,,
development,2024-12-09,AAOI,11,20,0.05,0.05,6.93889390390723e-18,stock_session,,
development,2024-12-09,APLD,8,20,0.05,0.05,0,stock_session,,
development,2024-12-09,ASTS,3,20,0.05,0.05,0,stock_session,,
development,2024-12-09,CIFR,9,20,0.05,0.05,0,stock_session,,
development,2024-12-09,HIMS,14,20,0.05,0.05,6.93889390390723e-18,stock_session,,
development,2024-12-09,IONQ,3,20,0.05,0.05,0,stock_session,,
development,2024-12-09,IREN,14,20,0.05,0.05,6.93889390390723e-18,stock_session,,
development,2024-12-09,MARA,15,20,0.05,0.05,0,stock_session,,
development,2024-12-09,MP,13,20,0.05,0.05,0,stock_session,,
development,2024-12-09,MRNA,13,20,0.05,0.05,0,stock_session,,
development,2024-12-09,MSTR,8,20,0.05,0.05,0,stock_session,,
development,2024-12-09,NVTS,15,20,0.05,0.05,0,stock_session,,
development,2024-12-09,QBTS,15,20,0.05,0.05,0,stock_session,,
development,2024-12-09,RGTI,15,20,0.05,0.05,0,stock_session,,
development,2024-12-09,RIOT,2,20,0.05,0.05,0,stock_session,,
development,2024-12-09,RIVN,15,20,0.05,0.05,0,stock_session,,
development,2024-12-09,SMCI,15,20,0.05,0.05,0,stock_session,,
development,2024-12-09,SOFI,7,20,0.05,0.05,6.93889390390723e-18,stock_session,,
development,2024-12-09,WULF,12,20,0.05,0.05,0,stock_session,,
development,2024-12-10,AAL,13,20,0.05,0.05,0,stock_session,,
development,2024-12-10,AAOI,8,20,0.05,0.05,0,stock_session,,
development,2024-12-10,APLD,6,20,0.05,0.05,0,stock_session,,
development,2024-12-10,ASTS,14,20,0.05,0.05,6.93889390390723e-18,stock_session,,
development,2024-12-10,CIFR,14,20,0.05,0.05,6.93889390390723e-18,stock_session,,
development,2024-12-10,HIMS,11,20,0.05,0.05,6.93889390390723e-18,stock_session,,
development,2024-12-10,IONQ,9,20,0.05,0.05,0,stock_session,,
development,2024-12-10,IREN,15,20,0.05,0.05,0,stock_session,,
development,2024-12-10,MARA,14,20,0.05,0.05,6.93889390390723e-18,stock_session,,
development,2024-12-10,MP,4,20,0.05,0.05,0,stock_session,,
development,2024-12-10,MRNA,7,20,0.05,0.05,6.93889390390723e-18,stock_session,,
development,2024-12-10,MSTR,9,20,0.05,0.05,0,stock_session,,
development,2024-12-10,NVTS,15,20,0.05,0.05,0,stock_session,,
development,2024-12-10,QBTS,15,20,0.05,0.05,0,stock_session,,
development,2024-12-10,RGTI,15,20,0.05,0.05,0,stock_session,,
development,2024-12-10,RIOT,6,20,0.05,0.05,0,stock_session,,
development,2024-12-10,RIVN,13,20,0.05,0.05,0,stock_session,,
development,2024-12-10,SMCI,11,20,0.05,0.05,6.93889390390723e-18,stock_session,,
development,2024-12-10,SOFI,12,20,0.05,0.05,0,stock_session,,
development,2024-12-10,WULF,14,20,0.05,0.05,6.93889390390723e-18,stock_session,,
development,2024-12-11,AAL,4,20,0.05,0.05,0,stock_session,,
development,2024-12-11,AAOI,10,20,0.05,0.05,0,stock_session,,
development,2024-12-11,APLD,10,20,0.05,0.05,0,stock_session,,
development,2024-12-11,ASTS,9,20,0.05,0.05,0,stock_session,,
development,2024-12-11,CIFR,15,20,0.05,0.05,0,stock_session,,
development,2024-12-11,HIMS,14,20,0.05,0.05,6.93889390390723e-18,stock_session,,
development,2024-12-11,IONQ,15,20,0.05,0.05,0,stock_session,,
development,2024-12-11,IREN,15,20,0.05,0.05,0,stock_session,,
development,2024-12-11,MARA,15,20,0.05,0.05,0,stock_session,,
development,2024-12-11,MP,11,20,0.05,0.05,6.93889390390723e-18,stock_session,,
development,2024-12-11,MRNA,9,20,0.05,0.05,0,stock_session,,
development,2024-12-11,MSTR,15,20,0.05,0.05,0,stock_session,,
development,2024-12-11,NVTS,7,20,0.05,0.05,6.93889390390723e-18,stock_session,,
development,2024-12-11,QBTS,15,20,0.05,0.05,0,stock_session,,
development,2024-12-11,RGTI,15,20,0.05,0.05,0,stock_session,,
development,2024-12-11,RIOT,7,20,0.05,0.05,6.93889390390723e-18,stock_session,,
development,2024-12-11,RIVN,12,20,0.05,0.05,0,stock_session,,
development,2024-12-11,SMCI,15,20,0.05,0.05,0,stock_session,,
development,2024-12-11,SOFI,4,20,0.05,0.05,0,stock_session,,
development,2024-12-11,WULF,15,20,0.05,0.05,0,stock_session,,
development,2024-12-12,AAL,4,20,0.05,0.05,0,stock_session,,
development,2024-12-12,AAOI,12,20,0.05,0.05,0,stock_session,,
development,2024-12-12,APLD,1,20,0.05,0.05,0,stock_session,,
development,2024-12-12,ASTS,15,20,0.05,0.05,0,stock_session,,
development,2024-12-12,CIFR,13,20,0.05,0.05,0,stock_session,,
development,2024-12-12,HIMS,6,20,0.05,0.05,0,stock_session,,
development,2024-12-12,IONQ,9,20,0.05,0.05,0,stock_session,,
development,2024-12-12,IREN,15,20,0.05,0.05,0,stock_session,,
development,2024-12-12,MARA,14,20,0.05,0.05,6.93889390390723e-18,stock_session,,
development,2024-12-12,MP,10,20,0.05,0.05,0,stock_session,,
development,2024-12-12,MRNA,14,20,0.05,0.05,6.93889390390723e-18,stock_session,,
development,2024-12-12,MSTR,4,20,0.05,0.05,0,stock_session,,
development,2024-12-12,NVTS,15,20,0.05,0.05,0,stock_session,,
development,2024-12-12,QBTS,15,20,0.05,0.05,0,stock_session,,
development,2024-12-12,RGTI,15,20,0.05,0.05,0,stock_session,,
development,2024-12-12,RIOT,15,20,0.05,0.05,0,stock_session,,
development,2024-12-12,RIVN,15,20,0.05,0.05,0,stock_session,,
development,2024-12-12,SMCI,6,20,0.05,0.05,0,stock_session,,
development,2024-12-12,SOFI,13,20,0.05,0.05,0,stock_session,,
development,2024-12-12,WULF,14,20,0.05,0.05,6.93889390390723e-18,stock_session,,
development,2024-12-13,AAL,8,20,0.05,0.05,0,stock_session,,
development,2024-12-13,AAOI,3,20,0.05,0.05,0,stock_session,,
development,2024-12-13,APLD,13,20,0.05,0.05,0,stock_session,,
development,2024-12-13,ASTS,13,20,0.05,0.05,0,stock_session,,
development,2024-12-13,CIFR,15,20,0.05,0.05,0,stock_session,,
development,2024-12-13,HIMS,9,20,0.05,0.05,0,stock_session,,
development,2024-12-13,IONQ,9,20,0.05,0.05,0,stock_session,,
development,2024-12-13,IREN,12,20,0.05,0.05,0,stock_session,,
development,2024-12-13,MARA,14,20,0.05,0.05,6.93889390390723e-18,stock_session,,
development,2024-12-13,MP,12,20,0.05,0.05,0,stock_session,,
development,2024-12-13,MRNA,8,20,0.05,0.05,0,stock_session,,
development,2024-12-13,MSTR,1,20,0.05,0.05,0,stock_session,,
development,2024-12-13,NVTS,15,20,0.05,0.05,0,stock_session,,
development,2024-12-13,QBTS,15,20,0.05,0.05,0,stock_session,,
development,2024-12-13,RGTI,15,20,0.05,0.05,0,stock_session,,
development,2024-12-13,RIOT,11,20,0.05,0.05,6.93889390390723e-18,stock_session,,
development,2024-12-13,RIVN,9,20,0.05,0.05,0,stock_session,,
development,2024-12-13,SMCI,6,20,0.05,0.05,0,stock_session,,
development,2024-12-13,SOFI,9,20,0.05,0.05,0,stock_session,,
development,2024-12-13,WULF,11,20,0.05,0.05,6.93889390390723e-18,stock_session,,
development,2024-12-16,AAL,1,20,0.05,0.05,0,stock_session,,
development,2024-12-16,AAOI,10,20,0.05,0.05,0,stock_session,,
development,2024-12-16,APLD,15,20,0.05,0.05,0,stock_session,,
development,2024-12-16,ASTS,14,20,0.05,0.05,6.93889390390723e-18,stock_session,,
development,2024-12-16,CIFR,15,20,0.05,0.05,0,stock_session,,
development,2024-12-16,HIMS,13,20,0.05,0.05,0,stock_session,,
development,2024-12-16,IONQ,5,20,0.05,0.05,0,stock_session,,
development,2024-12-16,IREN,14,20,0.05,0.05,6.93889390390723e-18,stock_session,,
development,2024-12-16,MARA,15,20,0.05,0.05,0,stock_session,,
development,2024-12-16,MP,12,20,0.05,0.05,0,stock_session,,
development,2024-12-16,MRNA,3,20,0.05,0.05,0,stock_session,,
development,2024-12-16,MSTR,14,20,0.05,0.05,6.93889390390723e-18,stock_session,,
development,2024-12-16,NVTS,15,20,0.05,0.05,0,stock_session,,
development,2024-12-16,QBTS,15,20,0.05,0.05,0,stock_session,,
development,2024-12-16,RGTI,15,20,0.05,0.05,0,stock_session,,
development,2024-12-16,RIOT,10,20,0.05,0.05,0,stock_session,,
development,2024-12-16,RIVN,13,20,0.05,0.05,0,stock_session,,
development,2024-12-16,SMCI,15,20,0.05,0.05,0,stock_session,,
development,2024-12-16,SOFI,10,20,0.05,0.05,0,stock_session,,
development,2024-12-16,WULF,15,20,0.05,0.05,0,stock_session,,
development,2024-12-17,AAL,10,20,0.05,0.05,0,stock_session,,
development,2024-12-17,AAOI,15,20,0.05,0.05,0,stock_session,,
development,2024-12-17,APLD,12,20,0.05,0.05,0,stock_session,,
development,2024-12-17,ASTS,15,20,0.05,0.05,0,stock_session,,
development,2024-12-17,CIFR,7,20,0.05,0.05,6.93889390390723e-18,stock_session,,
development,2024-12-17,HIMS,4,20,0.05,0.05,0,stock_session,,
development,2024-12-17,IONQ,15,20,0.05,0.05,0,stock_session,,
development,2024-12-17,IREN,9,20,0.05,0.05,0,stock_session,,
development,2024-12-17,MARA,13,20,0.05,0.05,0,stock_session,,
development,2024-12-17,MP,9,20,0.05,0.05,0,stock_session,,
development,2024-12-17,MRNA,14,20,0.05,0.05,6.93889390390723e-18,stock_session,,
development,2024-12-17,MSTR,7,20,0.05,0.05,6.93889390390723e-18,stock_session,,
development,2024-12-17,NVTS,1,20,0.05,0.05,0,stock_session,,
development,2024-12-17,QBTS,15,20,0.05,0.05,0,stock_session,,
development,2024-12-17,RGTI,15,20,0.05,0.05,0,stock_session,,
development,2024-12-17,RIOT,13,20,0.05,0.05,0,stock_session,,
development,2024-12-17,RIVN,13,20,0.05,0.05,0,stock_session,,
development,2024-12-17,SMCI,8,20,0.05,0.05,0,stock_session,,
development,2024-12-17,SOFI,11,20,0.05,0.05,6.93889390390723e-18,stock_session,,
development,2024-12-17,WULF,15,20,0.05,0.05,0,stock_session,,
development,2024-12-18,AAL,13,20,0.05,0.05,0,stock_session,,
development,2024-12-18,AAOI,8,20,0.05,0.05,0,stock_session,,
development,2024-12-18,APLD,12,20,0.05,0.05,0,stock_session,,
development,2024-12-18,ASTS,11,20,0.05,0.05,6.93889390390723e-18,stock_session,,
development,2024-12-18,CIFR,14,20,0.05,0.05,6.93889390390723e-18,stock_session,,
development,2024-12-18,HIMS,13,20,0.05,0.05,0,stock_session,,
development,2024-12-18,IONQ,15,20,0.05,0.05,0,stock_session,,
development,2024-12-18,IREN,15,20,0.05,0.05,0,stock_session,,
development,2024-12-18,MARA,9,20,0.05,0.05,0,stock_session,,
development,2024-12-18,MP,13,20,0.05,0.05,0,stock_session,,
development,2024-12-18,MRNA,14,20,0.05,0.05,6.93889390390723e-18,stock_session,,
development,2024-12-18,MSTR,8,20,0.05,0.05,0,stock_session,,
development,2024-12-18,NVTS,7,20,0.05,0.05,6.93889390390723e-18,stock_session,,
development,2024-12-18,QBTS,15,20,0.05,0.05,0,stock_session,,
development,2024-12-18,RGTI,15,20,0.05,0.05,0,stock_session,,
development,2024-12-18,RIOT,10,20,0.05,0.05,0,stock_session,,
development,2024-12-18,RIVN,15,20,0.05,0.05,0,stock_session,,
development,2024-12-18,SMCI,13,20,0.05,0.05,0,stock_session,,
development,2024-12-18,SOFI,6,20,0.05,0.05,0,stock_session,,
development,2024-12-18,WULF,15,20,0.05,0.05,0,stock_session,,
development,2024-12-19,AAL,6,20,0.05,0.05,0,stock_session,,
development,2024-12-19,AAOI,6,20,0.05,0.05,0,stock_session,,
development,2024-12-19,APLD,6,20,0.05,0.05,0,stock_session,,
development,2024-12-19,ASTS,14,20,0.05,0.05,6.93889390390723e-18,stock_session,,
development,2024-12-19,CIFR,14,20,0.05,0.05,6.93889390390723e-18,stock_session,,
development,2024-12-19,HIMS,8,20,0.05,0.05,0,stock_session,,
development,2024-12-19,IONQ,4,20,0.05,0.05,0,stock_session,,
development,2024-12-19,IREN,15,20,0.05,0.05,0,stock_session,,
development,2024-12-19,MARA,15,20,0.05,0.05,0,stock_session,,
development,2024-12-19,MP,8,20,0.05,0.05,0,stock_session,,
development,2024-12-19,MRNA,6,20,0.05,0.05,0,stock_session,,
development,2024-12-19,MSTR,6,20,0.05,0.05,0,stock_session,,
development,2024-12-19,NVTS,11,20,0.05,0.05,6.93889390390723e-18,stock_session,,
development,2024-12-19,QBTS,15,20,0.05,0.05,0,stock_session,,
development,2024-12-19,RGTI,15,20,0.05,0.05,0,stock_session,,
development,2024-12-19,RIOT,15,20,0.05,0.05,0,stock_session,,
development,2024-12-19,RIVN,14,20,0.05,0.05,6.93889390390723e-18,stock_session,,
development,2024-12-19,SMCI,13,20,0.05,0.05,0,stock_session,,
development,2024-12-19,SOFI,12,20,0.05,0.05,0,stock_session,,
development,2024-12-19,WULF,14,20,0.05,0.05,6.93889390390723e-18,stock_session,,
development,2024-12-20,AAL,3,20,0.05,0.05,0,stock_session,,
development,2024-12-20,AAOI,12,20,0.05,0.05,0,stock_session,,
development,2024-12-20,APLD,11,20,0.05,0.05,6.93889390390723e-18,stock_session,,
development,2024-12-20,ASTS,11,20,0.05,0.05,6.93889390390723e-18,stock_session,,
development,2024-12-20,CIFR,15,20,0.05,0.05,0,stock_session,,
development,2024-12-20,HIMS,15,20,0.05,0.05,0,stock_session,,
development,2024-12-20,IONQ,15,20,0.05,0.05,0,stock_session,,
development,2024-12-20,IREN,15,20,0.05,0.05,0,stock_session,,
development,2024-12-20,MARA,15,20,0.05,0.05,0,stock_session,,
development,2024-12-20,MP,12,20,0.05,0.05,0,stock_session,,
development,2024-12-20,MRNA,14,20,0.05,0.05,6.93889390390723e-18,stock_session,,
development,2024-12-20,MSTR,15,20,0.05,0.05,0,stock_session,,
development,2024-12-20,NVTS,8,20,0.05,0.05,0,stock_session,,
development,2024-12-20,QBTS,15,20,0.05,0.05,0,stock_session,,
development,2024-12-20,RGTI,15,20,0.05,0.05,0,stock_session,,
development,2024-12-20,RIOT,8,20,0.05,0.05,0,stock_session,,
development,2024-12-20,RIVN,15,20,0.05,0.05,0,stock_session,,
development,2024-12-20,SMCI,9,20,0.05,0.05,0,stock_session,,
development,2024-12-20,SOFI,15,20,0.05,0.05,0,stock_session,,
development,2024-12-20,WULF,15,20,0.05,0.05,0,stock_session,,
development,2024-12-23,AAL,8,19,0.0526315789473684,0.0526315789473684,0,stock_session,,
development,2024-12-23,AAOI,13,19,0.0526315789473684,0.0526315789473684,0,stock_session,,
development,2024-12-23,APLD,8,19,0.0526315789473684,0.0526315789473684,0,stock_session,,
development,2024-12-23,ASTS,8,19,0.0526315789473684,0.0526315789473684,0,stock_session,,
development,2024-12-23,CIFR,14,19,0.0526315789473684,0.0526315789473684,0,stock_session,,
development,2024-12-23,HIMS,11,19,0.0526315789473684,0.0526315789473684,0,stock_session,,
development,2024-12-23,IREN,15,19,0.0526315789473684,0.0526315789473684,6.93889390390723e-18,stock_session,,
development,2024-12-23,MARA,10,19,0.0526315789473684,0.0526315789473684,0,stock_session,,
development,2024-12-23,MP,10,19,0.0526315789473684,0.0526315789473684,0,stock_session,,
development,2024-12-23,MRNA,10,19,0.0526315789473684,0.0526315789473684,0,stock_session,,
development,2024-12-23,MSTR,6,19,0.0526315789473684,0.0526315789473684,0,stock_session,,
development,2024-12-23,NVTS,15,19,0.0526315789473684,0.0526315789473684,6.93889390390723e-18,stock_session,,
development,2024-12-23,QBTS,15,19,0.0526315789473684,0.0526315789473684,6.93889390390723e-18,stock_session,,
development,2024-12-23,RGTI,15,19,0.0526315789473684,0.0526315789473684,6.93889390390723e-18,stock_session,,
development,2024-12-23,RIOT,13,19,0.0526315789473684,0.0526315789473684,0,stock_session,,
development,2024-12-23,RIVN,10,19,0.0526315789473684,0.0526315789473684,0,stock_session,,
development,2024-12-23,SMCI,11,19,0.0526315789473684,0.0526315789473684,0,stock_session,,
development,2024-12-23,SOFI,8,19,0.0526315789473684,0.0526315789473684,0,stock_session,,
development,2024-12-23,WULF,1,19,0.0526315789473684,0.0526315789473684,0,stock_session,,
development,2024-12-24,AAL,5,20,0.05,0.05,0,stock_session,,
development,2024-12-24,AAOI,15,20,0.05,0.05,0,stock_session,,
development,2024-12-24,APLD,9,20,0.05,0.05,0,stock_session,,
development,2024-12-24,ASTS,14,20,0.05,0.05,6.93889390390723e-18,stock_session,,
development,2024-12-24,CIFR,15,20,0.05,0.05,0,stock_session,,
development,2024-12-24,HIMS,11,20,0.05,0.05,6.93889390390723e-18,stock_session,,
development,2024-12-24,IONQ,15,20,0.05,0.05,0,stock_session,,
development,2024-12-24,IREN,15,20,0.05,0.05,0,stock_session,,
development,2024-12-24,MARA,15,20,0.05,0.05,0,stock_session,,
development,2024-12-24,MP,2,20,0.05,0.05,0,stock_session,,
development,2024-12-24,MRNA,5,20,0.05,0.05,0,stock_session,,
development,2024-12-24,MSTR,5,20,0.05,0.05,0,stock_session,,
development,2024-12-24,NVTS,15,20,0.05,0.05,0,stock_session,,
development,2024-12-24,QBTS,15,20,0.05,0.05,0,stock_session,,
development,2024-12-24,RGTI,15,20,0.05,0.05,0,stock_session,,
development,2024-12-24,RIOT,7,20,0.05,0.05,6.93889390390723e-18,stock_session,,
development,2024-12-24,RIVN,13,20,0.05,0.05,0,stock_session,,
development,2024-12-24,SMCI,8,20,0.05,0.05,0,stock_session,,
development,2024-12-24,SOFI,2,20,0.05,0.05,0,stock_session,,
development,2024-12-24,WULF,14,20,0.05,0.05,6.93889390390723e-18,stock_session,,
development,2024-12-26,AAOI,15,17,0.0588235294117647,0.0588235294117647,0,stock_session,,
development,2024-12-26,APLD,15,17,0.0588235294117647,0.0588235294117647,0,stock_session,,
development,2024-12-26,ASTS,11,17,0.0588235294117647,0.0588235294117647,0,stock_session,,
development,2024-12-26,CIFR,13,17,0.0588235294117647,0.0588235294117647,6.93889390390723e-18,stock_session,,
development,2024-12-26,HIMS,11,17,0.0588235294117647,0.0588235294117647,0,stock_session,,
development,2024-12-26,IONQ,10,17,0.0588235294117647,0.0588235294117647,0,stock_session,,
development,2024-12-26,IREN,14,17,0.0588235294117647,0.0588235294117647,0,stock_session,,
development,2024-12-26,MARA,15,17,0.0588235294117647,0.0588235294117647,0,stock_session,,
development,2024-12-26,MP,12,17,0.0588235294117647,0.0588235294117647,0,stock_session,,
development,2024-12-26,MRNA,11,17,0.0588235294117647,0.0588235294117647,0,stock_session,,
development,2024-12-26,MSTR,12,17,0.0588235294117647,0.0588235294117647,0,stock_session,,
development,2024-12-26,QBTS,15,17,0.0588235294117647,0.0588235294117647,0,stock_session,,
development,2024-12-26,RIOT,15,17,0.0588235294117647,0.0588235294117647,0,stock_session,,
development,2024-12-26,RIVN,12,17,0.0588235294117647,0.0588235294117647,0,stock_session,,
development,2024-12-26,SMCI,10,17,0.0588235294117647,0.0588235294117647,0,stock_session,,
development,2024-12-26,SOFI,9,17,0.0588235294117647,0.0588235294117647,0,stock_session,,
development,2024-12-26,WULF,15,17,0.0588235294117647,0.0588235294117647,0,stock_session,,
development,2024-12-27,AAL,4,19,0.0526315789473684,0.0526315789473684,0,stock_session,,
development,2024-12-27,AAOI,15,19,0.0526315789473684,0.0526315789473684,6.93889390390723e-18,stock_session,,
development,2024-12-27,APLD,12,19,0.0526315789473684,0.0526315789473684,0,stock_session,,
development,2024-12-27,ASTS,15,19,0.0526315789473684,0.0526315789473684,6.93889390390723e-18,stock_session,,
development,2024-12-27,CIFR,15,19,0.0526315789473684,0.0526315789473684,6.93889390390723e-18,stock_session,,
development,2024-12-27,HIMS,15,19,0.0526315789473684,0.0526315789473684,6.93889390390723e-18,stock_session,,
development,2024-12-27,IONQ,1,19,0.0526315789473684,0.0526315789473684,0,stock_session,,
development,2024-12-27,IREN,11,19,0.0526315789473684,0.0526315789473684,0,stock_session,,
development,2024-12-27,MARA,10,19,0.0526315789473684,0.0526315789473684,0,stock_session,,
development,2024-12-27,MP,10,19,0.0526315789473684,0.0526315789473684,0,stock_session,,
development,2024-12-27,MRNA,13,19,0.0526315789473684,0.0526315789473684,0,stock_session,,
development,2024-12-27,MSTR,11,19,0.0526315789473684,0.0526315789473684,0,stock_session,,
development,2024-12-27,QBTS,15,19,0.0526315789473684,0.0526315789473684,6.93889390390723e-18,stock_session,,
development,2024-12-27,RGTI,15,19,0.0526315789473684,0.0526315789473684,6.93889390390723e-18,stock_session,,
development,2024-12-27,RIOT,11,19,0.0526315789473684,0.0526315789473684,0,stock_session,,
development,2024-12-27,RIVN,11,19,0.0526315789473684,0.0526315789473684,0,stock_session,,
development,2024-12-27,SMCI,5,19,0.0526315789473684,0.0526315789473684,0,stock_session,,
development,2024-12-27,SOFI,8,19,0.0526315789473684,0.0526315789473684,0,stock_session,,
development,2024-12-27,WULF,14,19,0.0526315789473684,0.0526315789473684,0,stock_session,,
development,2024-12-30,AAOI,15,19,0.0526315789473684,0.0526315789473684,6.93889390390723e-18,stock_session,,
development,2024-12-30,APLD,4,19,0.0526315789473684,0.0526315789473684,0,stock_session,,
development,2024-12-30,ASTS,8,19,0.0526315789473684,0.0526315789473684,0,stock_session,,
development,2024-12-30,CIFR,9,19,0.0526315789473684,0.0526315789473684,0,stock_session,,
development,2024-12-30,HIMS,3,19,0.0526315789473684,0.0526315789473684,0,stock_session,,
development,2024-12-30,IONQ,9,19,0.0526315789473684,0.0526315789473684,0,stock_session,,
development,2024-12-30,IREN,7,19,0.0526315789473684,0.0526315789473684,0,stock_session,,
development,2024-12-30,MARA,15,19,0.0526315789473684,0.0526315789473684,6.93889390390723e-18,stock_session,,
development,2024-12-30,MP,4,19,0.0526315789473684,0.0526315789473684,0,stock_session,,
development,2024-12-30,MRNA,12,19,0.0526315789473684,0.0526315789473684,0,stock_session,,
development,2024-12-30,MSTR,4,19,0.0526315789473684,0.0526315789473684,0,stock_session,,
development,2024-12-30,NVTS,3,19,0.0526315789473684,0.0526315789473684,0,stock_session,,
development,2024-12-30,QBTS,15,19,0.0526315789473684,0.0526315789473684,6.93889390390723e-18,stock_session,,
development,2024-12-30,RGTI,15,19,0.0526315789473684,0.0526315789473684,6.93889390390723e-18,stock_session,,
development,2024-12-30,RIOT,14,19,0.0526315789473684,0.0526315789473684,0,stock_session,,
development,2024-12-30,RIVN,13,19,0.0526315789473684,0.0526315789473684,0,stock_session,,
development,2024-12-30,SMCI,7,19,0.0526315789473684,0.0526315789473684,0,stock_session,,
development,2024-12-30,SOFI,15,19,0.0526315789473684,0.0526315789473684,6.93889390390723e-18,stock_session,,
development,2024-12-30,WULF,15,19,0.0526315789473684,0.0526315789473684,6.93889390390723e-18,stock_session,,
development,2024-12-31,AAL,3,20,0.05,0.05,0,stock_session,,
development,2024-12-31,AAOI,14,20,0.05,0.05,6.93889390390723e-18,stock_session,,
development,2024-12-31,APLD,9,20,0.05,0.05,0,stock_session,,
development,2024-12-31,ASTS,10,20,0.05,0.05,0,stock_session,,
development,2024-12-31,CIFR,13,20,0.05,0.05,0,stock_session,,
development,2024-12-31,HIMS,12,20,0.05,0.05,0,stock_session,,
development,2024-12-31,IONQ,10,20,0.05,0.05,0,stock_session,,
development,2024-12-31,IREN,8,20,0.05,0.05,0,stock_session,,
development,2024-12-31,MARA,11,20,0.05,0.05,6.93889390390723e-18,stock_session,,
development,2024-12-31,MP,4,20,0.05,0.05,0,stock_session,,
development,2024-12-31,MRNA,13,20,0.05,0.05,0,stock_session,,
development,2024-12-31,MSTR,3,20,0.05,0.05,0,stock_session,,
development,2024-12-31,NVTS,15,20,0.05,0.05,0,stock_session,,
development,2024-12-31,QBTS,2,20,0.05,0.05,0,stock_session,,
development,2024-12-31,RGTI,15,20,0.05,0.05,0,stock_session,,
development,2024-12-31,RIOT,14,20,0.05,0.05,6.93889390390723e-18,stock_session,,
development,2024-12-31,RIVN,14,20,0.05,0.05,6.93889390390723e-18,stock_session,,
development,2024-12-31,SMCI,15,20,0.05,0.05,0,stock_session,,
development,2024-12-31,SOFI,8,20,0.05,0.05,0,stock_session,,
development,2024-12-31,WULF,11,20,0.05,0.05,6.93889390390723e-18,stock_session,,
assessment,2025-01-02,,,18,1,1,0,session,0.0555555555555556,0.0555555555555556
assessment,2025-01-03,,,20,1,1,0,session,0.05,0.05
assessment,2025-01-06,,,20,1,1,0,session,0.05,0.05
assessment,2025-01-07,,,20,1,1,0,session,0.05,0.05
assessment,2025-01-08,,,20,1,1,0,session,0.05,0.05
assessment,2025-01-10,,,20,1,1,0,session,0.05,0.05
assessment,2025-01-13,,,20,1,1,0,session,0.05,0.05
assessment,2025-01-14,,,20,1,1,0,session,0.05,0.05
assessment,2025-01-15,,,19,1,1,0,session,0.0526315789473684,0.0526315789473684
assessment,2025-01-16,,,20,1,1,0,session,0.05,0.05
assessment,2025-01-17,,,20,1,1,0,session,0.05,0.05
assessment,2025-01-21,,,20,1,1,0,session,0.05,0.05
assessment,2025-01-22,,,20,1,1,0,session,0.05,0.05
assessment,2025-01-23,,,20,1,1,0,session,0.05,0.05
assessment,2025-01-24,,,20,1,1,0,session,0.05,0.05
assessment,2025-01-27,,,20,1,1,0,session,0.05,0.05
assessment,2025-01-28,,,20,1,1,0,session,0.05,0.05
assessment,2025-01-29,,,19,1,1,0,session,0.0526315789473684,0.0526315789473684
assessment,2025-01-30,,,20,1,1,0,session,0.05,0.05
assessment,2025-01-31,,,19,1,1,0,session,0.0526315789473684,0.0526315789473684
assessment,2025-02-03,,,19,1,1,0,session,0.0526315789473684,0.0526315789473684
assessment,2025-02-04,,,20,1,1,0,session,0.05,0.05
assessment,2025-02-05,,,19,1,1,0,session,0.0526315789473684,0.0526315789473684
assessment,2025-02-06,,,19,1,1,0,session,0.0526315789473684,0.0526315789473684
assessment,2025-02-07,,,19,1,1,0,session,0.0526315789473684,0.0526315789473684
assessment,2025-02-10,,,20,1,1,0,session,0.05,0.05
assessment,2025-02-11,,,20,1,1,0,session,0.05,0.05
assessment,2025-02-12,,,19,1,1,0,session,0.0526315789473684,0.0526315789473684
assessment,2025-02-13,,,20,1,1,0,session,0.05,0.05
assessment,2025-02-14,,,20,1,1,0,session,0.05,0.05
assessment,2025-02-18,,,20,1,1,0,session,0.05,0.05
assessment,2025-02-19,,,20,1,1,0,session,0.05,0.05
assessment,2025-02-20,,,19,1,1,0,session,0.0526315789473684,0.0526315789473684
assessment,2025-02-21,,,20,1,1,0,session,0.05,0.05
assessment,2025-02-24,,,20,1,1,0,session,0.05,0.05
assessment,2025-02-25,,,19,1,1,0,session,0.0526315789473684,0.0526315789473684
assessment,2025-02-26,,,20,1,1,0,session,0.05,0.05
assessment,2025-02-27,,,20,1,1,0,session,0.05,0.05
assessment,2025-02-28,,,20,1,1,0,session,0.05,0.05
assessment,2025-03-03,,,18,1,1,0,session,0.0555555555555556,0.0555555555555556
assessment,2025-03-04,,,19,1,1,0,session,0.0526315789473684,0.0526315789473684
assessment,2025-03-05,,,20,1,1,0,session,0.05,0.05
assessment,2025-03-06,,,20,1,1,0,session,0.05,0.05
assessment,2025-03-07,,,19,1,1,0,session,0.0526315789473684,0.0526315789473684
assessment,2025-03-10,,,19,1,1,0,session,0.0526315789473684,0.0526315789473684
assessment,2025-03-11,,,19,1,1,0,session,0.0526315789473684,0.0526315789473684
assessment,2025-03-12,,,19,1,1,0,session,0.0526315789473684,0.0526315789473684
assessment,2025-03-13,,,20,1,1,0,session,0.05,0.05
assessment,2025-03-14,,,20,1,1,0,session,0.05,0.05
assessment,2025-03-17,,,19,1,1,0,session,0.0526315789473684,0.0526315789473684
assessment,2025-03-18,,,20,1,1,0,session,0.05,0.05
assessment,2025-03-19,,,20,1,1,0,session,0.05,0.05
assessment,2025-03-20,,,20,1,1,0,session,0.05,0.05
assessment,2025-03-21,,,20,1,1,0,session,0.05,0.05
assessment,2025-03-24,,,20,1,1,0,session,0.05,0.05
assessment,2025-03-25,,,20,1,1,0,session,0.05,0.05
assessment,2025-03-26,,,20,1,1,0,session,0.05,0.05
assessment,2025-03-27,,,20,1,1,0,session,0.05,0.05
assessment,2025-03-28,,,20,1,1,0,session,0.05,0.05
assessment,2025-03-31,,,20,1,1,0,session,0.05,0.05
assessment,2025-04-01,,,20,1,1,0,session,0.05,0.05
assessment,2025-04-02,,,20,1,1,0,session,0.05,0.05
assessment,2025-04-03,,,20,1,1,0,session,0.05,0.05
assessment,2025-04-04,,,20,1,1,0,session,0.05,0.05
assessment,2025-04-07,,,20,1,1,0,session,0.05,0.05
assessment,2025-04-08,,,20,1,1,0,session,0.05,0.05
assessment,2025-04-09,,,20,1,1,0,session,0.05,0.05
assessment,2025-04-10,,,18,1,1,0,session,0.0555555555555556,0.0555555555555556
assessment,2025-04-11,,,20,1,1,0,session,0.05,0.05
assessment,2025-04-14,,,20,1,1,0,session,0.05,0.05
assessment,2025-04-15,,,20,1,1,0,session,0.05,0.05
assessment,2025-04-16,,,20,1,1,0,session,0.05,0.05
assessment,2025-04-17,,,20,1,1,0,session,0.05,0.05
assessment,2025-04-21,,,20,1,1,0,session,0.05,0.05
assessment,2025-04-22,,,19,1,1,0,session,0.0526315789473684,0.0526315789473684
assessment,2025-04-23,,,19,1,1,0,session,0.0526315789473684,0.0526315789473684
assessment,2025-04-24,,,20,1,1,0,session,0.05,0.05
assessment,2025-04-25,,,19,1,1,0,session,0.0526315789473684,0.0526315789473684
assessment,2025-04-28,,,19,1,1,0,session,0.0526315789473684,0.0526315789473684
assessment,2025-04-29,,,20,1,1,0,session,0.05,0.05
assessment,2025-04-30,,,19,1,1,0,session,0.0526315789473684,0.0526315789473684
assessment,2025-05-01,,,20,1,1,0,session,0.05,0.05
assessment,2025-05-02,,,20,1,1,0,session,0.05,0.05
assessment,2025-05-05,,,20,1,1,0,session,0.05,0.05
assessment,2025-05-06,,,20,1,1,0,session,0.05,0.05
assessment,2025-05-07,,,20,1,1,0,session,0.05,0.05
assessment,2025-05-08,,,20,1,1,0,session,0.05,0.05
assessment,2025-05-09,,,20,1,1,0,session,0.05,0.05
assessment,2025-05-12,,,19,1,1,0,session,0.0526315789473684,0.0526315789473684
assessment,2025-05-13,,,18,1,1,0,session,0.0555555555555556,0.0555555555555556
assessment,2025-05-14,,,19,1,1,0,session,0.0526315789473684,0.0526315789473684
assessment,2025-05-15,,,20,1,1,0,session,0.05,0.05
assessment,2025-05-16,,,20,1,1,0,session,0.05,0.05
assessment,2025-05-19,,,18,1,1,0,session,0.0555555555555556,0.0555555555555556
assessment,2025-05-20,,,20,1,1,0,session,0.05,0.05
assessment,2025-05-21,,,20,1,1,0,session,0.05,0.05
assessment,2025-05-22,,,20,1,1,0,session,0.05,0.05
assessment,2025-05-23,,,20,1,1,0,session,0.05,0.05
assessment,2025-05-27,,,20,1,1,0,session,0.05,0.05
assessment,2025-05-28,,,20,1,1,0,session,0.05,0.05
assessment,2025-05-29,,,20,1,1,0,session,0.05,0.05
assessment,2025-05-30,,,20,1,1,0,session,0.05,0.05
assessment,2025-06-02,,,20,1,1,0,session,0.05,0.05
assessment,2025-06-03,,,20,1,1,0,session,0.05,0.05
assessment,2025-06-04,,,20,1,1,0,session,0.05,0.05
assessment,2025-06-05,,,20,1,1,0,session,0.05,0.05
assessment,2025-06-06,,,20,1,1,0,session,0.05,0.05
assessment,2025-06-09,,,20,1,1,0,session,0.05,0.05
assessment,2025-06-10,,,20,1,1,0,session,0.05,0.05
assessment,2025-06-11,,,20,1,1,0,session,0.05,0.05
assessment,2025-06-12,,,20,1,1,0,session,0.05,0.05
assessment,2025-06-13,,,20,1,1,0,session,0.05,0.05
assessment,2025-06-16,,,20,1,1,0,session,0.05,0.05
assessment,2025-06-17,,,20,1,1,0,session,0.05,0.05
assessment,2025-06-18,,,19,1,1,0,session,0.0526315789473684,0.0526315789473684
assessment,2025-06-20,,,20,1,1,0,session,0.05,0.05
assessment,2025-06-23,,,19,1,1,0,session,0.0526315789473684,0.0526315789473684
assessment,2025-06-24,,,18,1,1,0,session,0.0555555555555556,0.0555555555555556
assessment,2025-06-25,,,18,1,1,0,session,0.0555555555555556,0.0555555555555556
assessment,2025-06-26,,,20,1,1,0,session,0.05,0.05
assessment,2025-06-27,,,17,1,1,0,session,0.0588235294117647,0.0588235294117647
assessment,2025-06-30,,,20,1,1,0,session,0.05,0.05
assessment,2025-07-01,,,19,1,1,0,session,0.0526315789473684,0.0526315789473684
assessment,2025-07-02,,,20,1,1,0,session,0.05,0.05
assessment,2025-07-03,,,20,1,1,0,session,0.05,0.05
assessment,2025-07-07,,,19,1,1,0,session,0.0526315789473684,0.0526315789473684
assessment,2025-07-08,,,20,1,1,0,session,0.05,0.05
assessment,2025-07-09,,,19,1,1,0,session,0.0526315789473684,0.0526315789473684
assessment,2025-07-10,,,19,1,1,0,session,0.0526315789473684,0.0526315789473684
assessment,2025-07-11,,,20,1,1,0,session,0.05,0.05
assessment,2025-07-14,,,20,1,1,0,session,0.05,0.05
assessment,2025-07-15,,,20,1,1,0,session,0.05,0.05
assessment,2025-07-16,,,20,1,1,0,session,0.05,0.05
assessment,2025-07-17,,,20,1,1,0,session,0.05,0.05
assessment,2025-07-18,,,20,1,1,0,session,0.05,0.05
assessment,2025-07-21,,,20,1,1,0,session,0.05,0.05
assessment,2025-07-22,,,20,1,1,0,session,0.05,0.05
assessment,2025-07-23,,,18,1,1,0,session,0.0555555555555556,0.0555555555555556
assessment,2025-07-24,,,20,1,1,0,session,0.05,0.05
assessment,2025-07-25,,,18,1,1,0,session,0.0555555555555556,0.0555555555555556
assessment,2025-07-28,,,20,1,1,0,session,0.05,0.05
assessment,2025-07-29,,,20,1,1,0,session,0.05,0.05
assessment,2025-07-30,,,20,1,1,0,session,0.05,0.05
assessment,2025-07-31,,,20,1,1,0,session,0.05,0.05
assessment,2025-08-01,,,19,1,1,0,session,0.0526315789473684,0.0526315789473684
assessment,2025-08-04,,,20,1,1,0,session,0.05,0.05
assessment,2025-08-05,,,20,1,1,0,session,0.05,0.05
assessment,2025-08-06,,,20,1,1,0,session,0.05,0.05
assessment,2025-08-07,,,20,1,1,0,session,0.05,0.05
assessment,2025-08-08,,,20,1,1,0,session,0.05,0.05
assessment,2025-08-11,,,20,1,1,0,session,0.05,0.05
assessment,2025-08-12,,,19,1,1,0,session,0.0526315789473684,0.0526315789473684
assessment,2025-08-13,,,20,1,1,0,session,0.05,0.05
assessment,2025-08-14,,,20,1,1,0,session,0.05,0.05
assessment,2025-08-15,,,20,1,1,0,session,0.05,0.05
assessment,2025-08-18,,,20,1,1,0,session,0.05,0.05
assessment,2025-08-19,,,20,1,1,0,session,0.05,0.05
assessment,2025-08-20,,,19,1,1,0,session,0.0526315789473684,0.0526315789473684
assessment,2025-08-21,,,20,1,1,0,session,0.05,0.05
assessment,2025-08-22,,,19,1,1,0,session,0.0526315789473684,0.0526315789473684
development,2024-01-17,,,20,1,1,0,session,0.05,0.05
development,2024-01-18,,,20,1,1,0,session,0.05,0.05
development,2024-01-19,,,19,1,1,0,session,0.0526315789473684,0.0526315789473684
development,2024-01-22,,,20,1,1,0,session,0.05,0.05
development,2024-01-23,,,20,1,1,0,session,0.05,0.05
development,2024-01-24,,,20,1,1,0,session,0.05,0.05
development,2024-01-25,,,20,1,1,0,session,0.05,0.05
development,2024-01-26,,,20,1,1,0,session,0.05,0.05
development,2024-01-29,,,20,1,1,0,session,0.05,0.05
development,2024-01-30,,,20,1,1,0,session,0.05,0.05
development,2024-01-31,,,20,1,1,0,session,0.05,0.05
development,2024-02-01,,,20,1,1,0,session,0.05,0.05
development,2024-02-02,,,20,1,1,0,session,0.05,0.05
development,2024-02-05,,,20,1,1,0,session,0.05,0.05
development,2024-02-06,,,20,1,1,0,session,0.05,0.05
development,2024-02-07,,,20,1,1,0,session,0.05,0.05
development,2024-02-08,,,20,1,1,0,session,0.05,0.05
development,2024-02-09,,,20,1,1,0,session,0.05,0.05
development,2024-02-12,,,20,1,1,0,session,0.05,0.05
development,2024-02-13,,,20,1,1,0,session,0.05,0.05
development,2024-02-14,,,20,1,1,0,session,0.05,0.05
development,2024-02-15,,,20,1,1,0,session,0.05,0.05
development,2024-02-16,,,19,1,1,0,session,0.0526315789473684,0.0526315789473684
development,2024-02-20,,,20,1,1,0,session,0.05,0.05
development,2024-02-21,,,19,1,1,0,session,0.0526315789473684,0.0526315789473684
development,2024-02-22,,,19,1,1,0,session,0.0526315789473684,0.0526315789473684
development,2024-02-23,,,19,1,1,0,session,0.0526315789473684,0.0526315789473684
development,2024-02-26,,,19,1,1,0,session,0.0526315789473684,0.0526315789473684
development,2024-02-27,,,19,1,1,0,session,0.0526315789473684,0.0526315789473684
development,2024-02-28,,,20,1,1,0,session,0.05,0.05
development,2024-02-29,,,18,1,1,0,session,0.0555555555555556,0.0555555555555556
development,2024-03-01,,,20,1,1,0,session,0.05,0.05
development,2024-03-04,,,20,1,1,0,session,0.05,0.05
development,2024-03-05,,,19,1,1,0,session,0.0526315789473684,0.0526315789473684
development,2024-03-06,,,19,1,1,0,session,0.0526315789473684,0.0526315789473684
development,2024-03-07,,,20,1,1,0,session,0.05,0.05
development,2024-03-08,,,20,1,1,0,session,0.05,0.05
development,2024-03-11,,,20,1,1,0,session,0.05,0.05
development,2024-03-12,,,20,1,1,0,session,0.05,0.05
development,2024-03-13,,,20,1,1,0,session,0.05,0.05
development,2024-03-14,,,20,1,1,0,session,0.05,0.05
development,2024-03-15,,,20,1,1,0,session,0.05,0.05
development,2024-03-18,,,19,1,1,0,session,0.0526315789473684,0.0526315789473684
development,2024-03-19,,,18,1,1,0,session,0.0555555555555556,0.0555555555555556
development,2024-03-20,,,20,1,1,0,session,0.05,0.05
development,2024-03-21,,,20,1,1,0,session,0.05,0.05
development,2024-03-22,,,19,1,1,0,session,0.0526315789473684,0.0526315789473684
development,2024-03-25,,,20,1,1,0,session,0.05,0.05
development,2024-03-26,,,20,1,1,0,session,0.05,0.05
development,2024-03-27,,,20,1,1,0,session,0.05,0.05
development,2024-03-28,,,20,1,1,0,session,0.05,0.05
development,2024-04-01,,,20,1,1,0,session,0.05,0.05
development,2024-04-02,,,19,1,1,0,session,0.0526315789473684,0.0526315789473684
development,2024-04-03,,,20,1,1,0,session,0.05,0.05
development,2024-04-04,,,18,1,1,0,session,0.0555555555555556,0.0555555555555556
development,2024-04-05,,,20,1,1,0,session,0.05,0.05
development,2024-04-08,,,20,1,1,0,session,0.05,0.05
development,2024-04-09,,,19,1,1,0,session,0.0526315789473684,0.0526315789473684
development,2024-04-10,,,20,1,1,0,session,0.05,0.05
development,2024-04-11,,,20,1,1,0,session,0.05,0.05
development,2024-04-12,,,20,1,1,0,session,0.05,0.05
development,2024-04-15,,,20,1,1,0,session,0.05,0.05
development,2024-04-16,,,20,1,1,0,session,0.05,0.05
development,2024-04-17,,,20,1,1,0,session,0.05,0.05
development,2024-04-18,,,20,1,1,0,session,0.05,0.05
development,2024-04-19,,,20,1,1,0,session,0.05,0.05
development,2024-04-22,,,20,1,1,0,session,0.05,0.05
development,2024-04-23,,,20,1,1,0,session,0.05,0.05
development,2024-04-24,,,20,1,1,0,session,0.05,0.05
development,2024-04-25,,,20,1,1,0,session,0.05,0.05
development,2024-04-26,,,20,1,1,0,session,0.05,0.05
development,2024-04-29,,,20,1,1,0,session,0.05,0.05
development,2024-04-30,,,20,1,1,0,session,0.05,0.05
development,2024-05-01,,,20,1,1,0,session,0.05,0.05
development,2024-05-02,,,20,1,1,0,session,0.05,0.05
development,2024-05-03,,,20,1,1,0,session,0.05,0.05
development,2024-05-06,,,19,1,1,0,session,0.0526315789473684,0.0526315789473684
development,2024-05-07,,,19,1,1,0,session,0.0526315789473684,0.0526315789473684
development,2024-05-08,,,19,1,1,0,session,0.0526315789473684,0.0526315789473684
development,2024-05-09,,,19,1,1,0,session,0.0526315789473684,0.0526315789473684
development,2024-05-10,,,20,1,1,0,session,0.05,0.05
development,2024-05-13,,,20,1,1,0,session,0.05,0.05
development,2024-05-14,,,20,1,1,0,session,0.05,0.05
development,2024-05-15,,,20,1,1,0,session,0.05,0.05
development,2024-05-16,,,20,1,1,0,session,0.05,0.05
development,2024-05-17,,,18,1,1,0,session,0.0555555555555556,0.0555555555555556
development,2024-05-20,,,20,1,1,0,session,0.05,0.05
development,2024-05-21,,,20,1,1,0,session,0.05,0.05
development,2024-05-22,,,20,1,1,0,session,0.05,0.05
development,2024-05-23,,,19,1,1,0,session,0.0526315789473684,0.0526315789473684
development,2024-05-24,,,20,1,1,0,session,0.05,0.05
development,2024-05-28,,,20,1,1,0,session,0.05,0.05
development,2024-05-29,,,20,1,1,0,session,0.05,0.05
development,2024-05-30,,,19,1,1,0,session,0.0526315789473684,0.0526315789473684
development,2024-05-31,,,20,1,1,0,session,0.05,0.05
development,2024-06-03,,,20,1,1,0,session,0.05,0.05
development,2024-06-04,,,20,1,1,0,session,0.05,0.05
development,2024-06-05,,,19,1,1,0,session,0.0526315789473684,0.0526315789473684
development,2024-06-06,,,20,1,1,0,session,0.05,0.05
development,2024-06-07,,,20,1,1,0,session,0.05,0.05
development,2024-06-10,,,20,1,1,0,session,0.05,0.05
development,2024-06-11,,,19,1,1,0,session,0.0526315789473684,0.0526315789473684
development,2024-06-12,,,20,1,1,0,session,0.05,0.05
development,2024-06-13,,,20,1,1,0,session,0.05,0.05
development,2024-06-14,,,20,1,1,0,session,0.05,0.05
development,2024-06-17,,,20,1,1,0,session,0.05,0.05
development,2024-06-18,,,20,1,1,0,session,0.05,0.05
development,2024-06-20,,,20,1,1,0,session,0.05,0.05
development,2024-06-21,,,19,1,1,0,session,0.0526315789473684,0.0526315789473684
development,2024-06-24,,,20,1,1,0,session,0.05,0.05
development,2024-06-25,,,19,1,1,0,session,0.0526315789473684,0.0526315789473684
development,2024-06-26,,,20,1,1,0,session,0.05,0.05
development,2024-06-27,,,17,1,1,0,session,0.0588235294117647,0.0588235294117647
development,2024-06-28,,,19,1,1,0,session,0.0526315789473684,0.0526315789473684
development,2024-07-01,,,20,1,1,0,session,0.05,0.05
development,2024-07-02,,,20,1,1,0,session,0.05,0.05
development,2024-07-03,,,20,1,1,0,session,0.05,0.05
development,2024-07-05,,,20,1,1,0,session,0.05,0.05
development,2024-07-08,,,20,1,1,0,session,0.05,0.05
development,2024-07-09,,,18,1,1,0,session,0.0555555555555556,0.0555555555555556
development,2024-07-10,,,20,1,1,0,session,0.05,0.05
development,2024-07-11,,,20,1,1,0,session,0.05,0.05
development,2024-07-12,,,20,1,1,0,session,0.05,0.05
development,2024-07-15,,,20,1,1,0,session,0.05,0.05
development,2024-07-16,,,19,1,1,0,session,0.0526315789473684,0.0526315789473684
development,2024-07-17,,,20,1,1,0,session,0.05,0.05
development,2024-07-18,,,20,1,1,0,session,0.05,0.05
development,2024-07-19,,,20,1,1,0,session,0.05,0.05
development,2024-07-22,,,20,1,1,0,session,0.05,0.05
development,2024-07-23,,,20,1,1,0,session,0.05,0.05
development,2024-07-24,,,20,1,1,0,session,0.05,0.05
development,2024-07-25,,,20,1,1,0,session,0.05,0.05
development,2024-07-26,,,20,1,1,0,session,0.05,0.05
development,2024-07-29,,,20,1,1,0,session,0.05,0.05
development,2024-07-30,,,20,1,1,0,session,0.05,0.05
development,2024-07-31,,,20,1,1,0,session,0.05,0.05
development,2024-08-01,,,20,1,1,0,session,0.05,0.05
development,2024-08-02,,,19,1,1,0,session,0.0526315789473684,0.0526315789473684
development,2024-08-05,,,20,1,1,0,session,0.05,0.05
development,2024-08-06,,,20,1,1,0,session,0.05,0.05
development,2024-08-07,,,19,1,1,0,session,0.0526315789473684,0.0526315789473684
development,2024-08-08,,,20,1,1,0,session,0.05,0.05
development,2024-08-09,,,20,1,1,0,session,0.05,0.05
development,2024-08-12,,,20,1,1,0,session,0.05,0.05
development,2024-08-13,,,20,1,1,0,session,0.05,0.05
development,2024-08-14,,,20,1,1,0,session,0.05,0.05
development,2024-08-15,,,20,1,1,0,session,0.05,0.05
development,2024-08-16,,,20,1,1,0,session,0.05,0.05
development,2024-08-19,,,20,1,1,0,session,0.05,0.05
development,2024-08-20,,,20,1,1,0,session,0.05,0.05
development,2024-08-21,,,20,1,1,0,session,0.05,0.05
development,2024-08-22,,,20,1,1,0,session,0.05,0.05
development,2024-08-23,,,20,1,1,0,session,0.05,0.05
development,2024-08-26,,,20,1,1,0,session,0.05,0.05
development,2024-08-27,,,20,1,1,0,session,0.05,0.05
development,2024-08-28,,,19,1,1,0,session,0.0526315789473684,0.0526315789473684
development,2024-08-29,,,18,1,1,0,session,0.0555555555555556,0.0555555555555556
development,2024-08-30,,,20,1,1,0,session,0.05,0.05
development,2024-09-03,,,19,1,1,0,session,0.0526315789473684,0.0526315789473684
development,2024-09-04,,,19,1,1,0,session,0.0526315789473684,0.0526315789473684
development,2024-09-05,,,20,1,1,0,session,0.05,0.05
development,2024-09-06,,,19,1,1,0,session,0.0526315789473684,0.0526315789473684
development,2024-09-09,,,20,1,1,0,session,0.05,0.05
development,2024-09-10,,,19,1,1,0,session,0.0526315789473684,0.0526315789473684
development,2024-09-11,,,20,1,1,0,session,0.05,0.05
development,2024-09-12,,,20,1,1,0,session,0.05,0.05
development,2024-09-13,,,20,1,1,0,session,0.05,0.05
development,2024-09-16,,,20,1,1,0,session,0.05,0.05
development,2024-09-17,,,20,1,1,0,session,0.05,0.05
development,2024-09-18,,,20,1,1,0,session,0.05,0.05
development,2024-09-19,,,20,1,1,0,session,0.05,0.05
development,2024-09-20,,,19,1,1,0,session,0.0526315789473684,0.0526315789473684
development,2024-09-23,,,19,1,1,0,session,0.0526315789473684,0.0526315789473684
development,2024-09-24,,,19,1,1,0,session,0.0526315789473684,0.0526315789473684
development,2024-09-25,,,19,1,1,0,session,0.0526315789473684,0.0526315789473684
development,2024-09-26,,,20,1,1,0,session,0.05,0.05
development,2024-09-27,,,20,1,1,0,session,0.05,0.05
development,2024-09-30,,,20,1,1,0,session,0.05,0.05
development,2024-10-01,,,20,1,1,0,session,0.05,0.05
development,2024-10-02,,,18,1,1,0,session,0.0555555555555556,0.0555555555555556
development,2024-10-03,,,19,1,1,0,session,0.0526315789473684,0.0526315789473684
development,2024-10-04,,,20,1,1,0,session,0.05,0.05
development,2024-10-07,,,20,1,1,0,session,0.05,0.05
development,2024-10-08,,,19,1,1,0,session,0.0526315789473684,0.0526315789473684
development,2024-10-09,,,17,1,1,0,session,0.0588235294117647,0.0588235294117647
development,2024-10-10,,,20,1,1,0,session,0.05,0.05
development,2024-10-11,,,19,1,1,0,session,0.0526315789473684,0.0526315789473684
development,2024-10-14,,,20,1,1,0,session,0.05,0.05
development,2024-10-15,,,19,1,1,0,session,0.0526315789473684,0.0526315789473684
development,2024-10-16,,,20,1,1,0,session,0.05,0.05
development,2024-10-17,,,20,1,1,0,session,0.05,0.05
development,2024-10-18,,,19,1,1,0,session,0.0526315789473684,0.0526315789473684
development,2024-10-21,,,20,1,1,0,session,0.05,0.05
development,2024-10-22,,,20,1,1,0,session,0.05,0.05
development,2024-10-23,,,19,1,1,0,session,0.0526315789473684,0.0526315789473684
development,2024-10-24,,,20,1,1,0,session,0.05,0.05
development,2024-10-25,,,20,1,1,0,session,0.05,0.05
development,2024-10-28,,,20,1,1,0,session,0.05,0.05
development,2024-10-29,,,19,1,1,0,session,0.0526315789473684,0.0526315789473684
development,2024-10-30,,,20,1,1,0,session,0.05,0.05
development,2024-10-31,,,20,1,1,0,session,0.05,0.05
development,2024-11-01,,,20,1,1,0,session,0.05,0.05
development,2024-11-04,,,20,1,1,0,session,0.05,0.05
development,2024-11-05,,,19,1,1,0,session,0.0526315789473684,0.0526315789473684
development,2024-11-06,,,16,1,1,0,session,0.0625,0.0625
development,2024-11-07,,,19,1,1,0,session,0.0526315789473684,0.0526315789473684
development,2024-11-08,,,20,1,1,0,session,0.05,0.05
development,2024-11-11,,,20,1,1,0,session,0.05,0.05
development,2024-11-12,,,20,1,1,0,session,0.05,0.05
development,2024-11-13,,,19,1,1,0,session,0.0526315789473684,0.0526315789473684
development,2024-11-14,,,20,1,1,0,session,0.05,0.05
development,2024-11-15,,,20,1,1,0,session,0.05,0.05
development,2024-11-18,,,20,1,1,0,session,0.05,0.05
development,2024-11-19,,,19,1,1,0,session,0.0526315789473684,0.0526315789473684
development,2024-11-20,,,19,1,1,0,session,0.0526315789473684,0.0526315789473684
development,2024-11-21,,,19,1,1,0,session,0.0526315789473684,0.0526315789473684
development,2024-11-22,,,20,1,1,0,session,0.05,0.05
development,2024-11-25,,,20,1,1,0,session,0.05,0.05
development,2024-11-26,,,20,1,1,0,session,0.05,0.05
development,2024-11-27,,,20,1,1,0,session,0.05,0.05
development,2024-11-29,,,20,1,1,0,session,0.05,0.05
development,2024-12-02,,,19,1,1,0,session,0.0526315789473684,0.0526315789473684
development,2024-12-03,,,20,1,1,0,session,0.05,0.05
development,2024-12-04,,,20,1,1,0,session,0.05,0.05
development,2024-12-05,,,17,1,1,0,session,0.0588235294117647,0.0588235294117647
development,2024-12-06,,,20,1,1,0,session,0.05,0.05
development,2024-12-09,,,20,1,1,0,session,0.05,0.05
development,2024-12-10,,,20,1,1,0,session,0.05,0.05
development,2024-12-11,,,20,1,1,0,session,0.05,0.05
development,2024-12-12,,,20,1,1,0,session,0.05,0.05
development,2024-12-13,,,20,1,1,0,session,0.05,0.05
development,2024-12-16,,,20,1,1,0,session,0.05,0.05
development,2024-12-17,,,20,1,1,0,session,0.05,0.05
development,2024-12-18,,,20,1,1,0,session,0.05,0.05
development,2024-12-19,,,20,1,1,0,session,0.05,0.05
development,2024-12-20,,,20,1,1,0,session,0.05,0.05
development,2024-12-23,,,19,1,1,0,session,0.0526315789473684,0.0526315789473684
development,2024-12-24,,,20,1,1,0,session,0.05,0.05
development,2024-12-26,,,17,1,1,0,session,0.0588235294117647,0.0588235294117647
development,2024-12-27,,,19,1,1,0,session,0.0526315789473684,0.0526315789473684
development,2024-12-30,,,19,1,1,0,session,0.0526315789473684,0.0526315789473684
development,2024-12-31,,,20,1,1,0,session,0.05,0.05
