signature_id,direction,period,stress,removed,rows,sessions,stocks,mean_directional_net_bps,median_directional_net_bps,directional_lift,positive_payoff_rate,profit_factor,maximum_drawdown_bps,positive_month_fraction,twice_cost_mean_net_bps,top_stock_absolute_contribution_share,top_month_absolute_contribution_share
long__compression_bin__normal__departure_probability_bin__low__7769238964,LONG,2024,adjacent_threshold_neighbour,compression_bin:normal->compressed,144,88,17,70.3540028169,37.3851296707,0.0865712338105,0.541666666667,1.45816802538,2751.29835868,0.5,60.3540028169,0.276133389546,0.340464163112
long__compression_bin__normal__departure_probability_bin__low__7769238964,LONG,2024,adjacent_threshold_neighbour,compression_bin:normal->expanded,18,17,8,158.616680212,-18.1560478161,0.00323790047716,0.444444444444,2.44755850594,1150.56222089,0.555555555556,148.616680212,0.341929966314,0.362981492833
long__compression_bin__normal__departure_probability_bin__low__7769238964,LONG,2024,adjacent_threshold_neighbour,departure_probability_bin:low->middle,4232,252,20,-12.0820446634,-17.6251266708,-0.00689652506369,0.456049149338,0.866287391758,57322.990062,0.25,-22.0820446634,0.102094109112,0.185462804605
long__compression_bin__normal__departure_probability_bin__low__7769238964,LONG,2024,coarse_clock_bin,kept:clock_12,108,59,18,130.050949591,50.5174060041,0.107301565854,0.546296296296,1.9679127205,2023.4500428,0.777777777778,120.050949591,0.187671291361,0.451139495784
long__compression_bin__normal__departure_probability_bin__low__7769238964,LONG,2024,coarse_clock_bin,kept:clock_36,76,54,17,28.6897547733,0.393580618081,0.0433835827704,0.5,1.22579190471,2303.4607076,0.7,18.6897547733,0.170312148427,0.43397746419
long__compression_bin__normal__departure_probability_bin__low__7769238964,LONG,2024,dead_band_1x_cost,,184,81,20,88.1843691229,27.5745336976,0.0617342402418,0.527173913043,1.6713833072,2711.18525539,0.9,78.1843691229,0.187182690309,0.407394527373
long__compression_bin__normal__departure_probability_bin__low__7769238964,LONG,2024,dead_band_3x_cost,,184,81,20,88.1843691229,27.5745336976,0.0874388725882,0.527173913043,1.6713833072,2711.18525539,0.9,78.1843691229,0.187182690309,0.407394527373
long__compression_bin__normal__departure_probability_bin__low__7769238964,LONG,2024,exclude_weakest_historical_activity_cohort,,184,81,20,88.1843691229,27.5745336976,0.0786005772151,0.527173913043,1.6713833072,2711.18525539,0.9,78.1843691229,0.187182690309,0.407394527373
long__compression_bin__normal__departure_probability_bin__low__7769238964,LONG,2024,movement_permission_off,,184,81,20,88.1843691229,27.5745336976,0.0837237007992,0.527173913043,1.6713833072,2711.18525539,0.9,78.1843691229,0.187182690309,0.407394527373
long__compression_bin__normal__departure_probability_bin__low__7769238964,LONG,2024,movement_permission_on,,0,0,0,,,,,,,,,,
long__compression_bin__normal__departure_probability_bin__low__7769238964,LONG,2024,one_bar_execution_delay_same_terminal,,184,81,20,83.0233028896,48.3794118883,0.10574819952,0.559782608696,1.67277032829,2840.93269776,0.7,73.0233028896,0.184437749387,0.439428603605
long__compression_bin__normal__departure_probability_bin__low__7769238964,LONG,2024,primary_cost,,184,81,20,88.1843691229,27.5745336976,0.0805325864675,0.527173913043,1.6713833072,2711.18525539,0.9,78.1843691229,0.187182690309,0.407394527373
long__compression_bin__normal__departure_probability_bin__low__7769238964,LONG,2024,remove_best_episode,2024-11-21|clock_12,177,81,19,49.5899820234,11.1705757818,0.0626609243308,0.508474576271,1.36318534929,3299.92277856,0.8,39.5899820234,0.158735708995,0.527320735811
long__compression_bin__normal__departure_probability_bin__low__7769238964,LONG,2024,remove_best_month,2024-12,125,62,19,74.6336657743,3.04386107941,0.0534501281623,0.504,1.6051405735,3193.16173065,0.888888888889,64.6336657743,0.161711279479,0.563118531954
long__compression_bin__normal__departure_probability_bin__low__7769238964,LONG,2024,remove_best_stock,QBTS,155,76,19,81.7828340672,16.1282015721,0.0750189967627,0.522580645161,1.69786117137,2393.32196328,0.9,71.7828340672,0.140530528383,0.336706476437
long__compression_bin__normal__departure_probability_bin__low__7769238964,LONG,2024,remove_top_five_episodes,2024-11-21|clock_12|2024-12-10|clock_12|2024-12-05|clock_36|2024-05-29|clock_12|2024-11-22|clock_36,166,80,19,8.55946043253,-2.01523219516,0.0428781240665,0.487951807229,1.05913310757,4736.08888922,0.8,-1.44053956747,0.197557578581,0.381688926799
long__compression_bin__normal__departure_probability_bin__low__7769238964,LONG,2024,remove_top_five_stocks,QBTS|AAOI|ASTS|RIOT|SMCI,121,66,15,39.5471057895,-1.77376454707,0.0460943857252,0.487603305785,1.30237985775,3174.88359023,0.8,29.5471057895,0.188905184545,0.424457747169
long__compression_bin__normal__departure_probability_bin__low__7769238964,LONG,2024,twice_cost,,184,81,20,78.1843691229,17.5745336976,0.0805325864675,0.521739130435,1.57440635504,2941.18525539,0.7,68.1843691229,0.180055617964,0.411639509345
long__compression_bin__normal__departure_probability_bin__low__7769238964,LONG,2025,adjacent_threshold_neighbour,compression_bin:normal->compressed,150,96,17,-15.9252745156,-67.8466505898,0.00269655289523,0.466666666667,0.909573803252,7244.79200875,0.454545454545,-25.9252745156,0.157145842112,0.280919480799
long__compression_bin__normal__departure_probability_bin__low__7769238964,LONG,2025,adjacent_threshold_neighbour,compression_bin:normal->expanded,19,18,10,63.4717899701,78.0153403643,0.18094216693,0.631578947368,1.79683083595,645.259103338,0.857142857143,53.4717899701,0.370254558526,0.309333280101
long__compression_bin__normal__departure_probability_bin__low__7769238964,LONG,2025,adjacent_threshold_neighbour,departure_probability_bin:low->middle,4371,250,20,0.612762985525,-8.24837975127,0.0131014945562,0.481811942347,1.00707198861,15866.1008738,0.5,-9.38723701447,0.0937774012337,0.145290386138
long__compression_bin__normal__departure_probability_bin__low__7769238964,LONG,2025,coarse_clock_bin,kept:clock_12,91,73,15,-51.4877248805,-45.8096406121,0.000948324109197,0.472527472527,0.734423198192,6236.29104501,0.2,-61.4877248805,0.192714443806,0.355661886264
long__compression_bin__normal__departure_probability_bin__low__7769238964,LONG,2025,coarse_clock_bin,kept:clock_36,93,67,14,4.48763264154,-31.9517073171,0.0110951304705,0.451612903226,1.03073505123,3773.39951972,0.363636363636,-5.51236735846,0.338088015582,0.449188768623
long__compression_bin__normal__departure_probability_bin__low__7769238964,LONG,2025,dead_band_1x_cost,,184,100,17,-23.1958322199,-37.3072356809,-0.0114005847306,0.461956521739,0.863297145583,7318.37725316,0.181818181818,-33.1958322199,0.203596414747,0.256577774195
long__compression_bin__normal__departure_probability_bin__low__7769238964,LONG,2025,dead_band_3x_cost,,184,100,17,-23.1958322199,-37.3072356809,0.0193658774281,0.461956521739,0.863297145583,7318.37725316,0.181818181818,-33.1958322199,0.203596414747,0.256577774195
long__compression_bin__normal__departure_probability_bin__low__7769238964,LONG,2025,exclude_weakest_historical_activity_cohort,,184,100,17,-23.1958322199,-37.3072356809,0.00246176377784,0.461956521739,0.863297145583,7318.37725316,0.181818181818,-33.1958322199,0.203596414747,0.256577774195
long__compression_bin__normal__departure_probability_bin__low__7769238964,LONG,2025,movement_permission_off,,184,100,17,-23.1958322199,-37.3072356809,0.00481121281465,0.461956521739,0.863297145583,7318.37725316,0.181818181818,-33.1958322199,0.203596414747,0.256577774195
long__compression_bin__normal__departure_probability_bin__low__7769238964,LONG,2025,movement_permission_on,,0,0,0,,,,,,,,,,
long__compression_bin__normal__departure_probability_bin__low__7769238964,LONG,2025,one_bar_execution_delay_same_terminal,,184,100,17,-6.7688691065,-40.3876070547,-0.0303594764004,0.445652173913,0.957280680505,5974.6074944,0.363636363636,-16.7688691065,0.216061852916,0.27734223449
long__compression_bin__normal__departure_probability_bin__low__7769238964,LONG,2025,primary_cost,,184,100,17,-23.1958322199,-37.3072356809,0.00588495869233,0.461956521739,0.863297145583,7318.37725316,0.181818181818,-33.1958322199,0.203596414747,0.256577774195
long__compression_bin__normal__departure_probability_bin__low__7769238964,LONG,2025,remove_best_episode,2025-01-08|clock_36,181,100,17,-46.4605035682,-45.8096406121,-0.00221569687868,0.453038674033,0.730652909471,8506.91969396,0.181818181818,-56.4605035682,0.208184691344,0.353279134409
long__compression_bin__normal__departure_probability_bin__low__7769238964,LONG,2025,remove_best_month,2025-05,164,88,17,-40.0642784741,-44.2362023285,0.000307383153778,0.451219512195,0.764904957722,7501.82444027,0.1,-50.0642784741,0.224152544874,0.225060835294
long__compression_bin__normal__departure_probability_bin__low__7769238964,LONG,2025,remove_best_stock,NVTS,155,89,16,-47.194821619,-42.6627640448,-0.00792181959699,0.451612903226,0.725700579379,7318.37725316,0.0909090909091,-57.194821619,0.242872891044,0.258454507031
long__compression_bin__normal__departure_probability_bin__low__7769238964,LONG,2025,remove_top_five_episodes,2025-01-08|clock_36|2025-05-27|clock_12|2025-01-14|clock_36|2025-05-06|clock_36|2025-04-04|clock_36,177,98,17,-81.7344969168,-57.620409002,-0.013464084437,0.440677966102,0.536629414699,14467.0059543,0.0909090909091,-91.7344969168,0.225385309898,0.427195947074
long__compression_bin__normal__departure_probability_bin__low__7769238964,LONG,2025,remove_top_five_stocks,NVTS|IONQ|QBTS|HIMS|MRNA,101,72,12,-110.559012978,-75.0128884706,-0.0555250218899,0.405940594059,0.439907896489,11166.4603108,0.0909090909091,-120.559012978,0.321184055493,0.333125693577
long__compression_bin__normal__departure_probability_bin__low__7769238964,LONG,2025,twice_cost,,184,100,17,-33.1958322199,-47.3072356809,0.00588495869233,0.45652173913,0.810386537788,8038.37725316,0.0909090909091,-43.1958322199,0.209996806147,0.203868738953
long__compression_bin__normal__departure_probability_bin__low__7769238964,LONG,2026,adjacent_threshold_neighbour,compression_bin:normal->compressed,28,26,9,20.3720577729,-18.257581551,-0.00694290157743,0.464285714286,1.14367728337,2071.18696224,0.833333333333,10.3720577729,0.259095201759,0.382825183627
long__compression_bin__normal__departure_probability_bin__low__7769238964,LONG,2026,adjacent_threshold_neighbour,compression_bin:normal->expanded,5,5,3,138.068597562,27.2417704591,0.128771384137,0.6,6.7575894463,119.901391762,1,128.068597562,0.871093977463,0.491719031561
long__compression_bin__normal__departure_probability_bin__low__7769238964,LONG,2026,adjacent_threshold_neighbour,departure_probability_bin:low->middle,2150,121,19,-0.592929688559,1.58786425046,0.0106318492531,0.502790697674,0.993249586946,12358.0652056,0.5,-10.5929296886,0.161077644532,0.302815499658
long__compression_bin__normal__departure_probability_bin__low__7769238964,LONG,2026,coarse_clock_bin,kept:clock_12,20,19,8,-14.0414817104,83.2383402929,0.0940460380699,0.55,0.926157344004,2376.2835646,0.666666666667,-24.0414817104,0.211357165951,0.294003379236
long__compression_bin__normal__departure_probability_bin__low__7769238964,LONG,2026,coarse_clock_bin,kept:clock_36,20,19,12,122.609194543,147.252904418,0.213380909902,0.7,2.8878003232,723.558201789,0.666666666667,112.609194543,0.210226626031,0.368667536067
long__compression_bin__normal__departure_probability_bin__low__7769238964,LONG,2026,dead_band_1x_cost,,40,34,13,54.2838564162,94.2445928045,0.128888024883,0.625,1.42558508289,2391.99202331,0.5,44.2838564162,0.173291271122,0.294182692375
long__compression_bin__normal__departure_probability_bin__low__7769238964,LONG,2026,dead_band_3x_cost,,40,34,13,54.2838564162,94.2445928045,0.174211286381,0.625,1.42558508289,2391.99202331,0.5,44.2838564162,0.173291271122,0.294182692375
long__compression_bin__normal__departure_probability_bin__low__7769238964,LONG,2026,exclude_weakest_historical_activity_cohort,,40,34,13,54.2838564162,94.2445928045,0.141328011611,0.625,1.42558508289,2391.99202331,0.5,44.2838564162,0.173291271122,0.294182692375
long__compression_bin__normal__departure_probability_bin__low__7769238964,LONG,2026,movement_permission_off,,40,34,13,54.2838564162,94.2445928045,0.151919682259,0.625,1.42558508289,2391.99202331,0.5,44.2838564162,0.173291271122,0.294182692375
long__compression_bin__normal__departure_probability_bin__low__7769238964,LONG,2026,movement_permission_on,,0,0,0,,,,,,,,,,
long__compression_bin__normal__departure_probability_bin__low__7769238964,LONG,2026,one_bar_execution_delay_same_terminal,,40,34,13,47.4550531317,137.31232255,0.178104865585,0.65,1.36272581303,2575.69443248,0.5,37.4550531317,0.174571207435,0.261601920293
long__compression_bin__normal__departure_probability_bin__low__7769238964,LONG,2026,primary_cost,,40,34,13,54.2838564162,94.2445928045,0.153771384137,0.625,1.42558508289,2391.99202331,0.5,44.2838564162,0.173291271122,0.294182692375
long__compression_bin__normal__departure_probability_bin__low__7769238964,LONG,2026,remove_best_episode,2026-03-09|clock_12,39,33,13,40.0968347462,90.2231340181,0.145728211993,0.615384615385,1.30649995172,2391.99202331,0.5,30.0968347462,0.184269401761,0.29815942494
long__compression_bin__normal__departure_probability_bin__low__7769238964,LONG,2026,remove_best_month,2026-03,31,26,11,13.3428264679,90.2231340181,0.0952427056287,0.58064516129,1.0830769337,2391.99202331,0.4,3.34282646791,0.237965491796,0.379475443122
long__compression_bin__normal__departure_probability_bin__low__7769238964,LONG,2026,remove_best_stock,HIMS,38,32,12,28.7090151357,90.1999612393,0.13260415766,0.605263157895,1.21382456817,2391.99202331,0.5,18.7090151357,0.201173686452,0.234986234204
long__compression_bin__normal__departure_probability_bin__low__7769238964,LONG,2026,remove_top_five_episodes,2026-03-09|clock_12|2026-03-03|clock_12|2026-02-25|clock_36|2026-02-09|clock_36|2026-05-29|clock_12,35,30,12,-10.2303130388,78.6849234967,0.105684469795,0.571428571429,0.929820110503,2391.99202331,0.5,-20.2303130388,0.197228698772,0.282563569435
long__compression_bin__normal__departure_probability_bin__low__7769238964,LONG,2026,remove_top_five_stocks,HIMS|IONQ|NVTS|IREN|SMCI,22,20,8,-64.306554649,58.6215007768,0.0776006366106,0.545454545455,0.665126614332,2763.51183638,0.2,-74.306554649,0.23107614869,0.350746796375
long__compression_bin__normal__departure_probability_bin__low__7769238964,LONG,2026,twice_cost,,40,34,13,44.2838564162,84.2445928045,0.153771384137,0.625,1.33726943444,2471.99202331,0.5,34.2838564162,0.171736120232,0.279119802749
long__cross_sectional_dispersion_bin__high__state_motif_2__5gt7__67592836f9,LONG,2024,coarse_clock_bin,kept:clock_12,52,43,11,102.355418077,3.79477388486,0.0417745003274,0.5,1.96995694214,1540.20552588,0.666666666667,92.3554180767,0.280376960379,0.297945526582
long__cross_sectional_dispersion_bin__high__state_motif_2__5gt7__67592836f9,LONG,2024,coarse_clock_bin,kept:clock_36,131,85,14,26.0984801814,12.2638579271,0.0603582714004,0.511450381679,1.18534733879,2614.78708486,0.7,16.0984801814,0.227181482519,0.251650219926
long__cross_sectional_dispersion_bin__high__state_motif_2__5gt7__67592836f9,LONG,2024,dead_band_1x_cost,,183,106,17,47.7671182719,9.12860562474,0.0427570485098,0.508196721311,1.36524008173,2215.58756863,0.666666666667,37.7671182719,0.261671494682,0.265166969055
long__cross_sectional_dispersion_bin__high__state_motif_2__5gt7__67592836f9,LONG,2024,dead_band_3x_cost,,183,106,17,47.7671182719,9.12860562474,0.0683428877938,0.508196721311,1.36524008173,2215.58756863,0.666666666667,37.7671182719,0.261671494682,0.265166969055
long__cross_sectional_dispersion_bin__high__state_motif_2__5gt7__67592836f9,LONG,2024,exclude_weakest_historical_activity_cohort,,183,106,17,47.7671182719,9.12860562474,0.0541292063432,0.508196721311,1.36524008173,2215.58756863,0.666666666667,37.7671182719,0.261671494682,0.265166969055
long__cross_sectional_dispersion_bin__high__state_motif_2__5gt7__67592836f9,LONG,2024,motif_length_2,,183,106,17,47.7671182719,9.12860562474,0.0560612155956,0.508196721311,1.36524008173,2215.58756863,0.666666666667,37.7671182719,0.261671494682,0.265166969055
long__cross_sectional_dispersion_bin__high__state_motif_2__5gt7__67592836f9,LONG,2024,movement_permission_off,,161,92,16,50.6386776914,3.04386107941,0.0588789803023,0.503105590062,1.3819219186,2125.715963,0.583333333333,40.6386776914,0.230873914063,0.266591857451
long__cross_sectional_dispersion_bin__high__state_motif_2__5gt7__67592836f9,LONG,2024,movement_permission_on,,22,22,10,26.7525243379,23.6550785495,0.0481874447392,0.545454545455,1.22755706086,1393.05254085,0.444444444444,16.7525243379,0.352359299246,0.250358027549
long__cross_sectional_dispersion_bin__high__state_motif_2__5gt7__67592836f9,LONG,2024,one_bar_execution_delay_same_terminal,,183,106,17,39.729104001,0.744985673352,0.0540732173388,0.502732240437,1.32261803096,2562.53502043,0.583333333333,29.729104001,0.289858810326,0.255546671401
long__cross_sectional_dispersion_bin__high__state_motif_2__5gt7__67592836f9,LONG,2024,primary_cost,,183,106,17,47.7671182719,9.12860562474,0.0560612155956,0.508196721311,1.36524008173,2215.58756863,0.666666666667,37.7671182719,0.261671494682,0.265166969055
long__cross_sectional_dispersion_bin__high__state_motif_2__5gt7__67592836f9,LONG,2024,remove_best_episode,2024-11-22|clock_36,179,106,17,37.0556091317,-1.53905785502,0.0458695851268,0.497206703911,1.27714387671,3123.64733173,0.666666666667,27.0556091317,0.278589039046,0.259357800449
long__cross_sectional_dispersion_bin__high__state_motif_2__5gt7__67592836f9,LONG,2024,remove_best_month,2024-08,165,94,17,26.7067580339,-7.54468766016,0.0423874991069,0.484848484848,1.18728262424,2215.58756863,0.636363636364,16.7067580339,0.237897433282,0.290780078974
long__cross_sectional_dispersion_bin__high__state_motif_2__5gt7__67592836f9,LONG,2024,remove_best_stock,ASTS,170,99,16,28.5971525368,-1.89787884913,0.0521245347041,0.494117647059,1.20693668654,2497.5276394,0.5,18.5971525368,0.25225562061,0.255584551226
long__cross_sectional_dispersion_bin__high__state_motif_2__5gt7__67592836f9,LONG,2024,remove_top_five_episodes,2024-11-22|clock_36|2024-09-09|clock_12|2024-12-05|clock_36|2024-12-11|clock_36|2024-02-15|clock_36,168,103,17,-2.35333740366,-12.9277892425,0.0250295159386,0.47619047619,0.983383803001,6412.14299496,0.5,-12.3533374037,0.218783157345,0.404167226501
long__cross_sectional_dispersion_bin__high__state_motif_2__5gt7__67592836f9,LONG,2024,remove_top_five_stocks,ASTS|QBTS|SMCI|MRNA|AAOI,109,78,12,-17.7350522189,-37.0127806563,0.00547533536429,0.449541284404,0.885823220661,3934.04694571,0.416666666667,-27.7350522189,0.327079339519,0.316962909027
long__cross_sectional_dispersion_bin__high__state_motif_2__5gt7__67592836f9,LONG,2024,twice_cost,,183,106,17,37.7671182719,-0.871394375261,0.0560612155956,0.497267759563,1.27822393316,2643.11027196,0.583333333333,27.7671182719,0.258561364985,0.257090062105
long__cross_sectional_dispersion_bin__high__state_motif_2__5gt7__67592836f9,LONG,2025,coarse_clock_bin,kept:clock_12,67,52,17,14.1725738411,6.95548961424,0.0170218028692,0.537313432836,1.11960048963,2305.29729762,0.75,4.17257384109,0.179553623343,0.226912582877
long__cross_sectional_dispersion_bin__high__state_motif_2__5gt7__67592836f9,LONG,2025,coarse_clock_bin,kept:clock_36,150,101,18,42.5059988178,38.592047618,0.092815560578,0.54,1.33274706567,2500.96442688,0.5,32.5059988178,0.197751662804,0.31019360853
long__cross_sectional_dispersion_bin__high__state_motif_2__5gt7__67592836f9,LONG,2025,dead_band_1x_cost,,217,118,19,33.7578906453,23.1736097742,0.0658134004428,0.539170506912,1.27030374842,2953.85065639,0.416666666667,23.7578906453,0.173294954965,0.325114344852
long__cross_sectional_dispersion_bin__high__state_motif_2__5gt7__67592836f9,LONG,2025,dead_band_3x_cost,,217,118,19,33.7578906453,23.1736097742,0.0760178509805,0.539170506912,1.27030374842,2953.85065639,0.416666666667,23.7578906453,0.173294954965,0.325114344852
long__cross_sectional_dispersion_bin__high__state_motif_2__5gt7__67592836f9,LONG,2025,exclude_weakest_historical_activity_cohort,,216,117,19,33.6371507101,20.1961542193,0.0598289135363,0.537037037037,1.26809578413,2953.85065639,0.416666666667,23.6371507101,0.173960035197,0.326175702271
long__cross_sectional_dispersion_bin__high__state_motif_2__5gt7__67592836f9,LONG,2025,motif_length_2,,217,118,19,33.7578906453,23.1736097742,0.06549225182,0.539170506912,1.27030374842,2953.85065639,0.416666666667,23.7578906453,0.173294954965,0.325114344852
long__cross_sectional_dispersion_bin__high__state_motif_2__5gt7__67592836f9,LONG,2025,movement_permission_off,,195,110,18,37.9672900882,23.4561737523,0.0713663967611,0.538461538462,1.30074481001,3076.25624598,0.5,27.9672900882,0.171095672048,0.337529312646
long__cross_sectional_dispersion_bin__high__state_motif_2__5gt7__67592836f9,LONG,2025,movement_permission_on,,22,20,12,-3.55269532561,5.66330067999,0.00759285860866,0.545454545455,0.968525186475,1215.97611334,0.4,-13.5526953256,0.27824777529,0.323061417426
long__cross_sectional_dispersion_bin__high__state_motif_2__5gt7__67592836f9,LONG,2025,one_bar_execution_delay_same_terminal,,217,118,19,46.8158529193,2.23641703378,0.0450763080116,0.506912442396,1.39629878446,3037.14980821,0.583333333333,36.8158529193,0.181016017679,0.262086201404
long__cross_sectional_dispersion_bin__high__state_motif_2__5gt7__67592836f9,LONG,2025,primary_cost,,217,118,19,33.7578906453,23.1736097742,0.06549225182,0.539170506912,1.27030374842,2953.85065639,0.416666666667,23.7578906453,0.173294954965,0.325114344852
long__cross_sectional_dispersion_bin__high__state_motif_2__5gt7__67592836f9,LONG,2025,remove_best_episode,2025-01-08|clock_36,214,117,19,14.8791787507,13.9810215691,0.0596162853591,0.532710280374,1.11749239779,2953.85065639,0.416666666667,4.87917875067,0.217110285829,0.225941295227
long__cross_sectional_dispersion_bin__high__state_motif_2__5gt7__67592836f9,LONG,2025,remove_best_month,2025-01,179,101,18,7.52424767519,23.1736097742,0.0613640441236,0.541899441341,1.06110075783,3264.7218017,0.363636363636,-2.47575232481,0.222517104292,0.259390165871
long__cross_sectional_dispersion_bin__high__state_motif_2__5gt7__67592836f9,LONG,2025,remove_best_stock,IONQ,207,117,18,22.2858486168,17.2186986643,0.0620558446645,0.536231884058,1.17508260382,2953.85065639,0.416666666667,12.2858486168,0.193131918655,0.257893834673
long__cross_sectional_dispersion_bin__high__state_motif_2__5gt7__67592836f9,LONG,2025,remove_top_five_episodes,2025-01-08|clock_36|2025-01-14|clock_36|2025-05-08|clock_36|2025-04-07|clock_12|2025-08-14|clock_36,201,114,19,-19.0151988804,6.95548961424,0.0407164547746,0.512437810945,0.856966512136,5976.20127139,0.25,-29.0151988804,0.189915623772,0.20536517113
long__cross_sectional_dispersion_bin__high__state_motif_2__5gt7__67592836f9,LONG,2025,remove_top_five_stocks,IONQ|HIMS|QBTS|RGTI|WULF,124,83,14,-19.4058901797,4.15023227111,0.0277316143027,0.508064516129,0.848042265871,3139.95903782,0.333333333333,-29.4058901797,0.351490278551,0.261976001298
long__cross_sectional_dispersion_bin__high__state_motif_2__5gt7__67592836f9,LONG,2025,twice_cost,,217,118,19,23.7578906453,13.1736097742,0.06549225182,0.516129032258,1.18334372669,3223.85065639,0.416666666667,13.7578906453,0.174720105008,0.297810287929
long__cross_sectional_dispersion_bin__high__state_motif_2__5gt7__67592836f9,LONG,2026,coarse_clock_bin,kept:clock_12,18,14,11,39.2265400935,55.0738325328,0.0440460380699,0.5,1.29309542765,943.959362135,0.4,29.2265400935,0.208942029483,0.516684406428
long__cross_sectional_dispersion_bin__high__state_motif_2__5gt7__67592836f9,LONG,2026,coarse_clock_bin,kept:clock_36,36,29,15,42.5900214215,57.4256271661,0.0967142432352,0.583333333333,1.50889687849,1339.2490773,0.5,32.5900214215,0.177989450984,0.252723124236
long__cross_sectional_dispersion_bin__high__state_motif_2__5gt7__67592836f9,LONG,2026,dead_band_1x_cost,,54,38,18,41.4688609788,57.4256271661,0.0594435804389,0.555555555556,1.41301298428,1625.36129127,0.5,31.4688609788,0.175825195898,0.388586429352
long__cross_sectional_dispersion_bin__high__state_motif_2__5gt7__67592836f9,LONG,2026,dead_band_3x_cost,,54,38,18,41.4688609788,57.4256271661,0.104766841936,0.555555555556,1.41301298428,1625.36129127,0.5,31.4688609788,0.175825195898,0.388586429352
long__cross_sectional_dispersion_bin__high__state_motif_2__5gt7__67592836f9,LONG,2026,exclude_weakest_historical_activity_cohort,,52,38,18,44.8319893304,74.0069348395,0.0740203193033,0.557692307692,1.44115611561,1625.36129127,0.5,34.8319893304,0.172047469314,0.397753360879
long__cross_sectional_dispersion_bin__high__state_motif_2__5gt7__67592836f9,LONG,2026,motif_length_2,,54,38,18,41.4688609788,57.4256271661,0.0843269396924,0.555555555556,1.41301298428,1625.36129127,0.5,31.4688609788,0.175825195898,0.388586429352
long__cross_sectional_dispersion_bin__high__state_motif_2__5gt7__67592836f9,LONG,2026,movement_permission_off,,43,30,14,68.1685260149,98.266051591,0.154826659004,0.627906976744,1.74073536654,1356.03165107,0.5,58.1685260149,0.207383567361,0.476156269616
long__cross_sectional_dispersion_bin__high__state_motif_2__5gt7__67592836f9,LONG,2026,movement_permission_on,,11,10,8,-62.9025568896,-75.9534778971,-0.192789968652,0.272727272727,0.527596268322,1038.10413748,0.4,-72.9025568896,0.258052990638,0.533305546957
long__cross_sectional_dispersion_bin__high__state_motif_2__5gt7__67592836f9,LONG,2026,one_bar_execution_delay_same_terminal,,54,38,18,9.4315318793,37.1062883151,0.0651419026225,0.555555555556,1.08967242725,1991.84165643,0.5,-0.568468120702,0.150388946007,0.357406882094
long__cross_sectional_dispersion_bin__high__state_motif_2__5gt7__67592836f9,LONG,2026,primary_cost,,54,38,18,41.4688609788,57.4256271661,0.0843269396924,0.555555555556,1.41301298428,1625.36129127,0.5,31.4688609788,0.175825195898,0.388586429352
long__cross_sectional_dispersion_bin__high__state_motif_2__5gt7__67592836f9,LONG,2026,remove_best_episode,2026-05-21|clock_12,51,37,17,24.1560040124,39.3437158998,0.0597553613145,0.529411764706,1.22721819616,2149.86453189,0.5,14.1560040124,0.144191879778,0.299742618216
long__cross_sectional_dispersion_bin__high__state_motif_2__5gt7__67592836f9,LONG,2026,remove_best_month,2026-05,44,32,17,-19.2278913273,-25.0333723746,0.00636169386169,0.454545454545,0.843961353701,2408.04783,0.4,-29.2278913273,0.16980622292,0.248921429789
long__cross_sectional_dispersion_bin__high__state_motif_2__5gt7__67592836f9,LONG,2026,remove_best_stock,IONQ,48,34,17,16.1254794445,38.9508969783,0.050631550133,0.520833333333,1.14290649262,1625.36129127,0.5,6.12547944451,0.165357162439,0.299051392114
long__cross_sectional_dispersion_bin__high__state_motif_2__5gt7__67592836f9,LONG,2026,remove_top_five_episodes,2026-05-21|clock_12|2026-05-27|clock_12|2026-05-08|clock_36|2026-02-13|clock_12|2026-02-25|clock_36,46,33,17,-20.235683619,-4.58535890544,0.0128492115929,0.478260869565,0.828318479516,3429.33488681,0.5,-30.235683619,0.16422192985,0.218675225947
long__cross_sectional_dispersion_bin__high__state_motif_2__5gt7__67592836f9,LONG,2026,remove_top_five_stocks,IONQ|IREN|HIMS|AAOI|RIVN,24,20,13,-108.276544506,-125.413887793,-0.0935335742246,0.375,0.416555118923,2598.63706814,0.333333333333,-118.276544506,0.1895932253,0.239034865994
long__cross_sectional_dispersion_bin__high__state_motif_2__5gt7__67592836f9,LONG,2026,twice_cost,,54,38,18,31.4688609788,47.4256271661,0.0843269396924,0.555555555556,1.30013176265,1705.36129127,0.5,21.4688609788,0.171926410524,0.377895621379
long__current_state__7.0__d31a71e3d7,LONG,2024,coarse_clock_bin,kept:clock_12,278,126,20,107.797601606,33.4449149211,0.0825880033711,0.532374100719,1.77382629665,3761.56154845,0.666666666667,97.7976016064,0.211098823343,0.377335437655
long__current_state__7.0__d31a71e3d7,LONG,2024,coarse_clock_bin,kept:clock_36,178,102,17,29.496923086,0.393580618081,0.0509234999791,0.5,1.21222969925,3728.45769848,0.5,19.496923086,0.246234102609,0.353852581484
long__current_state__7.0__d31a71e3d7,LONG,2024,dead_band_1x_cost,,456,141,20,77.2328630612,15.6744444457,0.0542971693036,0.519736842105,1.55491270793,4224.93482751,0.666666666667,67.2328630612,0.257485579861,0.413948672052
long__current_state__7.0__d31a71e3d7,LONG,2024,dead_band_3x_cost,,456,141,20,77.2328630612,15.6744444457,0.0798111075234,0.519736842105,1.55491270793,4224.93482751,0.666666666667,67.2328630612,0.257485579861,0.413948672052
long__current_state__7.0__d31a71e3d7,LONG,2024,exclude_weakest_historical_activity_cohort,,456,141,20,77.2328630612,15.6744444457,0.067826359061,0.519736842105,1.55491270793,4224.93482751,0.666666666667,67.2328630612,0.257485579861,0.413948672052
long__current_state__7.0__d31a71e3d7,LONG,2024,movement_permission_off,,425,130,20,81.503908388,23.0887263012,0.0772786880115,0.522352941176,1.5752209781,3700.25315493,0.75,71.503908388,0.26832500012,0.391875961789
long__current_state__7.0__d31a71e3d7,LONG,2024,movement_permission_on,,31,29,13,18.6782093865,-16.9796578538,-0.000199652035025,0.483870967742,1.17830974658,1457.48538223,0.3,8.67820938647,0.206839532115,0.263841411071
long__current_state__7.0__d31a71e3d7,LONG,2024,one_bar_execution_delay_same_terminal,,456,141,20,75.1271866722,23.6900768024,0.073234850931,0.524122807018,1.57495299892,3982.81641606,0.666666666667,65.1271866722,0.213813292968,0.444577145049
long__current_state__7.0__d31a71e3d7,LONG,2024,primary_cost,,456,141,20,77.2328630612,15.6744444457,0.0697583683134,0.519736842105,1.55491270793,4224.93482751,0.666666666667,67.2328630612,0.257485579861,0.413948672052
long__current_state__7.0__d31a71e3d7,LONG,2024,remove_best_episode,2024-11-21|clock_12,448,141,19,61.2674162901,10.6142609254,0.0620682084309,0.511160714286,1.43247924816,4335.64653766,0.666666666667,51.2674162901,0.260521811457,0.507789265998
long__current_state__7.0__d31a71e3d7,LONG,2024,remove_best_month,2024-12,336,120,20,53.0145191606,9.63935247494,0.0574501281623,0.511904761905,1.39629901019,3810.86742399,0.636363636364,43.0145191606,0.209919606966,0.371723153947
long__current_state__7.0__d31a71e3d7,LONG,2024,remove_best_stock,QBTS,384,140,19,60.0051177301,4.69150114748,0.0510774645047,0.502604166667,1.45310005546,4224.93482751,0.666666666667,50.0051177301,0.22267951073,0.271640702542
long__current_state__7.0__d31a71e3d7,LONG,2024,remove_top_five_episodes,2024-11-21|clock_12|2024-12-30|clock_12|2024-12-16|clock_12|2024-12-05|clock_12|2024-12-17|clock_36,436,141,19,38.4694903387,4.69150114748,0.0549866488272,0.502293577982,1.2665071254,4235.88697395,0.666666666667,28.4694903387,0.200606674628,0.285159582566
long__current_state__7.0__d31a71e3d7,LONG,2024,remove_top_five_stocks,QBTS|RGTI|ASTS|IONQ|SMCI,190,103,15,3.85870717856,-1.65641120105,0.0454252886745,0.489473684211,1.02837775902,4796.03314311,0.333333333333,-6.14129282144,0.21943008366,0.288535897836
long__current_state__7.0__d31a71e3d7,LONG,2024,twice_cost,,456,141,20,67.2328630612,5.67444444568,0.0697583683134,0.510964912281,1.46686331467,4645.80622189,0.666666666667,57.2328630612,0.250589528353,0.414807888975
long__current_state__7.0__d31a71e3d7,LONG,2025,coarse_clock_bin,kept:clock_12,280,149,18,-25.9241133682,-28.5288540582,0.00369557685645,0.489285714286,0.844802078948,7495.21232263,0.5,-35.9241133682,0.147447544144,0.24981167179
long__current_state__7.0__d31a71e3d7,LONG,2025,coarse_clock_bin,kept:clock_36,219,132,18,11.000656919,7.3156476983,0.0571991222219,0.502283105023,1.07941263029,3950.08865974,0.333333333333,1.000656919,0.156770906104,0.260348371415
long__current_state__7.0__d31a71e3d7,LONG,2025,dead_band_1x_cost,,499,174,19,-9.71865306177,-10.8996755023,0.0216328734902,0.49498997996,0.93710627012,7708.75724605,0.25,-19.7186530618,0.117460119829,0.257559458247
long__current_state__7.0__d31a71e3d7,LONG,2025,dead_band_3x_cost,,499,174,19,-9.71865306177,-10.8996755023,0.0386435632345,0.49498997996,0.93710627012,7708.75724605,0.25,-19.7186530618,0.117460119829,0.257559458247
long__current_state__7.0__d31a71e3d7,LONG,2025,exclude_weakest_historical_activity_cohort,,498,174,19,-9.8583244869,-11.4066007127,0.0238516712338,0.493975903614,0.936330245072,7768.5949627,0.25,-19.8583244869,0.11721315018,0.256914400572
long__current_state__7.0__d31a71e3d7,LONG,2025,movement_permission_off,,449,157,19,-10.2970151156,-16.9748953975,0.0249041730161,0.489977728285,0.935939506872,7964.3116242,0.416666666667,-20.2970151156,0.15235170018,0.220305163178
long__current_state__7.0__d31a71e3d7,LONG,2025,movement_permission_on,,50,40,18,-4.52496181816,15.0087078486,0.0530474040632,0.54,0.954165451559,1414.16894654,0.7,-14.5249618182,0.187274536464,0.340302673171
long__current_state__7.0__d31a71e3d7,LONG,2025,one_bar_execution_delay_same_terminal,,499,174,19,4.06569362202,-14.5587529976,0.0155148810101,0.478957915832,1.0281808722,6412.34557601,0.583333333333,-5.93430637798,0.17084512659,0.389733743535
long__current_state__7.0__d31a71e3d7,LONG,2025,primary_cost,,499,174,19,-9.71865306177,-10.8996755023,0.0283211353936,0.49498997996,0.93710627012,7708.75724605,0.25,-19.7186530618,0.117460119829,0.257559458247
long__current_state__7.0__d31a71e3d7,LONG,2025,remove_best_episode,2025-01-14|clock_36,496,174,19,-18.6601931719,-12.5757720813,0.0261893000049,0.491935483871,0.879967586556,9808.84385569,0.25,-28.6601931719,0.134329910853,0.228862202361
long__current_state__7.0__d31a71e3d7,LONG,2025,remove_best_month,2025-05,448,156,19,-24.526400472,-26.9721544804,0.0217032890771,0.484375,0.844721842729,11561.3808002,0.181818181818,-34.526400472,0.150292105939,0.155879228202
long__current_state__7.0__d31a71e3d7,LONG,2025,remove_best_stock,QBTS,431,166,18,-18.991633584,-25.8756457069,0.0195249518267,0.487238979118,0.87538473029,8738.78211712,0.25,-28.991633584,0.127220419227,0.190620191678
long__current_state__7.0__d31a71e3d7,LONG,2025,remove_top_five_episodes,2025-01-14|clock_36|2025-01-08|clock_36|2025-05-27|clock_12|2025-05-22|clock_36|2025-01-21|clock_12,483,174,19,-42.6602008954,-28.0686632539,0.0187869501936,0.482401656315,0.730671227818,21340.6486934,0.25,-52.6602008954,0.151976585105,0.432153485514
long__current_state__7.0__d31a71e3d7,LONG,2025,remove_top_five_stocks,QBTS|IONQ|HIMS|MRNA|SMCI,338,147,14,-47.4328957738,-48.7299963655,-0.00851800286189,0.458579881657,0.720788197683,16585.706814,0.25,-57.4328957738,0.185204526413,0.282141618623
long__current_state__7.0__d31a71e3d7,LONG,2025,twice_cost,,499,174,19,-19.7186530618,-20.8996755023,0.0283211353936,0.478957915832,0.876476712592,11000.4480373,0.25,-29.7186530618,0.120893648697,0.214471742582
long__current_state__7.0__d31a71e3d7,LONG,2026,coarse_clock_bin,kept:clock_12,65,50,14,14.3635598416,38.4453813339,0.0517383457623,0.507692307692,1.09125852431,3908.24760721,0.833333333333,4.36355984159,0.217101149909,0.417566552573
long__current_state__7.0__d31a71e3d7,LONG,2026,coarse_clock_bin,kept:clock_36,68,44,16,38.2929700319,39.0418860911,0.10161620402,0.617647058824,1.5088518793,1390.56787726,0.833333333333,28.2929700319,0.196533941393,0.337243850528
long__current_state__7.0__d31a71e3d7,LONG,2026,dead_band_1x_cost,,133,68,19,26.5981455028,38.7400562825,0.0677977993194,0.563909774436,1.23049147722,3583.08909228,0.666666666667,16.5981455028,0.200247950479,0.297814374297
long__current_state__7.0__d31a71e3d7,LONG,2026,dead_band_3x_cost,,133,68,19,26.5981455028,38.7400562825,0.0905646698395,0.563909774436,1.23049147722,3583.08909228,0.666666666667,16.5981455028,0.200247950479,0.297814374297
long__current_state__7.0__d31a71e3d7,LONG,2026,exclude_weakest_historical_activity_cohort,,131,68,19,27.7060939251,38.7400562825,0.0659463322217,0.564885496183,1.23861946581,3583.08909228,0.666666666667,17.7060939251,0.196884533376,0.294259327251
long__current_state__7.0__d31a71e3d7,LONG,2026,movement_permission_off,,100,56,18,50.0731933266,77.4924078109,0.116919682259,0.59,1.41202222741,2969.03872196,0.833333333333,40.0731933266,0.215587667918,0.242685750156
long__current_state__7.0__d31a71e3d7,LONG,2026,movement_permission_on,,33,24,15,-44.5383630542,-43.4731851402,-0.0412748171369,0.484848484848,0.539956093307,1469.76598079,0.4,-54.5383630542,0.167879664133,0.415248131039
long__current_state__7.0__d31a71e3d7,LONG,2026,one_bar_execution_delay_same_terminal,,133,68,19,7.45817726871,32.4177877076,0.0544206550591,0.548872180451,1.06196610985,4042.80090504,0.5,-2.54182273129,0.179816366204,0.301987656912
long__current_state__7.0__d31a71e3d7,LONG,2026,primary_cost,,133,68,19,26.5981455028,38.7400562825,0.077643564588,0.563909774436,1.23049147722,3583.08909228,0.666666666667,16.5981455028,0.200247950479,0.297814374297
long__current_state__7.0__d31a71e3d7,LONG,2026,remove_best_episode,2026-05-21|clock_12,130,67,18,19.4630081819,38.5017296953,0.0688051350702,0.553846153846,1.1648561641,3583.08909228,0.666666666667,9.46300818191,0.188208587925,0.294973044889
long__current_state__7.0__d31a71e3d7,LONG,2026,remove_best_month,2026-05,112,57,18,11.348564392,29.8176413815,0.078601953602,0.544642857143,1.1002350019,3158.73476525,0.6,1.34856439204,0.143405784388,0.364474792924
long__current_state__7.0__d31a71e3d7,LONG,2026,remove_best_stock,IONQ,125,65,18,11.1405062701,32.4934868268,0.0577982167996,0.544,1.09076654788,3583.08909228,0.666666666667,1.14050627007,0.148098689908,0.356370787967
long__current_state__7.0__d31a71e3d7,LONG,2026,remove_top_five_episodes,2026-05-21|clock_12|2026-03-16|clock_36|2026-03-02|clock_12|2026-02-24|clock_36|2026-02-09|clock_12,118,66,18,-5.67489986812,6.62613214523,0.0293062269963,0.508474576271,0.956369309808,3727.12603246,0.333333333333,-15.6748998681,0.200861089727,0.300330126659
long__current_state__7.0__d31a71e3d7,LONG,2026,remove_top_five_stocks,IONQ|IREN|HIMS|RIVN|NVTS,86,56,14,-23.9321723639,15.0189063695,0.0301204819277,0.511627906977,0.822727865273,5009.78329019,0.5,-33.9321723639,0.148059554102,0.313789940136
long__current_state__7.0__d31a71e3d7,LONG,2026,twice_cost,,133,68,19,16.5981455028,28.7400562825,0.077643564588,0.548872180451,1.13853820118,3813.08909228,0.666666666667,6.5981455028,0.201647496203,0.303298626249
long__current_state__7.0__decision_clock__clock_12__a2df571b6b,LONG,2024,coarse_clock_bin,kept:clock_12,278,126,20,107.797601606,33.4449149211,0.0825880033711,0.532374100719,1.77382629665,3761.56154845,0.666666666667,97.7976016064,0.211098823343,0.377335437655
long__current_state__7.0__decision_clock__clock_12__a2df571b6b,LONG,2024,coarse_clock_bin,kept:clock_36,0,0,0,,,,,,,,,,
long__current_state__7.0__decision_clock__clock_12__a2df571b6b,LONG,2024,dead_band_1x_cost,,278,126,20,107.797601606,33.4449149211,0.0669344279178,0.532374100719,1.77382629665,3761.56154845,0.666666666667,97.7976016064,0.211098823343,0.377335437655
long__current_state__7.0__decision_clock__clock_12__a2df571b6b,LONG,2024,dead_band_3x_cost,,278,126,20,107.797601606,33.4449149211,0.0963925791882,0.532374100719,1.77382629665,3761.56154845,0.666666666667,97.7976016064,0.211098823343,0.377335437655
long__current_state__7.0__decision_clock__clock_12__a2df571b6b,LONG,2024,exclude_weakest_historical_activity_cohort,,278,126,20,107.797601606,33.4449149211,0.0784441805933,0.532374100719,1.77382629665,3761.56154845,0.666666666667,97.7976016064,0.211098823343,0.377335437655
long__current_state__7.0__decision_clock__clock_12__a2df571b6b,LONG,2024,movement_permission_off,,262,119,20,109.317035749,37.3851296707,0.0887021276164,0.534351145038,1.76868463335,3068.88058786,0.666666666667,99.3170357495,0.222629341281,0.35726695096
long__current_state__7.0__decision_clock__clock_12__a2df571b6b,LONG,2024,movement_permission_on,,16,16,7,82.9168675136,-3.92552611454,-0.0143125552608,0.5,1.90443041178,692.680960589,0.5,72.9168675136,0.292764770472,0.298700477792
long__current_state__7.0__decision_clock__clock_12__a2df571b6b,LONG,2024,one_bar_execution_delay_same_terminal,,278,126,20,103.159277059,53.5238482503,0.0982411616719,0.546762589928,1.78319653084,3647.34653019,0.666666666667,93.1592770593,0.171397693048,0.359960044458
long__current_state__7.0__decision_clock__clock_12__a2df571b6b,LONG,2024,primary_cost,,278,126,20,107.797601606,33.4449149211,0.0803761898457,0.532374100719,1.77382629665,3761.56154845,0.666666666667,97.7976016064,0.211098823343,0.377335437655
long__current_state__7.0__decision_clock__clock_12__a2df571b6b,LONG,2024,remove_best_episode,2024-11-21|clock_12,270,125,19,82.2124081062,21.2722577456,0.0672434729812,0.518518518519,1.57317959789,3761.56154845,0.666666666667,72.2124081062,0.21232008066,0.424216888969
long__current_state__7.0__decision_clock__clock_12__a2df571b6b,LONG,2024,remove_best_month,2024-11,190,106,19,90.1813794815,37.3465896906,0.0878713450292,0.536842105263,1.61457754756,2870.96473777,0.636363636364,80.1813794815,0.24522378674,0.525636597174
long__current_state__7.0__decision_clock__clock_12__a2df571b6b,LONG,2024,remove_best_stock,QBTS,239,125,19,89.0277540468,9.12860562474,0.0526138138771,0.506276150628,1.64839089719,3761.56154845,0.666666666667,79.0277540468,0.167786631089,0.364632358836
long__current_state__7.0__decision_clock__clock_12__a2df571b6b,LONG,2024,remove_top_five_episodes,2024-11-21|clock_12|2024-12-30|clock_12|2024-12-16|clock_12|2024-12-05|clock_12|2024-09-09|clock_12,258,121,19,45.8524351282,7.73387342014,0.0542767780572,0.503875968992,1.30971811958,3761.56154845,0.583333333333,35.8524351282,0.198183609711,0.295687569743
long__current_state__7.0__decision_clock__clock_12__a2df571b6b,LONG,2024,remove_top_five_stocks,QBTS|RGTI|ASTS|IONQ|SMCI,119,89,15,28.9200844069,-1.53905785502,0.0402063589974,0.487394957983,1.21071899119,3733.08727407,0.416666666667,18.9200844069,0.152751896857,0.358528159851
long__current_state__7.0__decision_clock__clock_12__a2df571b6b,LONG,2024,twice_cost,,278,126,20,97.7976016064,23.4449149211,0.0803761898457,0.521582733813,1.67914993884,4011.56154845,0.666666666667,87.7976016064,0.211708138837,0.376952958966
long__current_state__7.0__decision_clock__clock_12__a2df571b6b,LONG,2025,coarse_clock_bin,kept:clock_12,280,149,18,-25.9241133682,-28.5288540582,0.00369557685645,0.489285714286,0.844802078948,7495.21232263,0.5,-35.9241133682,0.147447544144,0.24981167179
long__current_state__7.0__decision_clock__clock_12__a2df571b6b,LONG,2025,coarse_clock_bin,kept:clock_36,0,0,0,,,,,,,,,,
long__current_state__7.0__decision_clock__clock_12__a2df571b6b,LONG,2025,dead_band_1x_cost,,280,149,18,-25.9241133682,-28.5288540582,0.015928607816,0.489285714286,0.844802078948,7495.21232263,0.5,-35.9241133682,0.147447544144,0.24981167179
long__current_state__7.0__decision_clock__clock_12__a2df571b6b,LONG,2025,dead_band_3x_cost,,280,149,18,-25.9241133682,-28.5288540582,0.0201422749436,0.489285714286,0.844802078948,7495.21232263,0.5,-35.9241133682,0.147447544144,0.24981167179
long__current_state__7.0__decision_clock__clock_12__a2df571b6b,LONG,2025,exclude_weakest_historical_activity_cohort,,280,149,18,-25.9241133682,-28.5288540582,0.0102257389331,0.489285714286,0.844802078948,7495.21232263,0.5,-35.9241133682,0.147447544144,0.24981167179
long__current_state__7.0__decision_clock__clock_12__a2df571b6b,LONG,2025,movement_permission_off,,267,143,18,-24.9859458743,-34.2310106717,0.00896363098758,0.483146067416,0.851498546041,7081.89290785,0.5,-34.9859458743,0.161261244209,0.271243647075
long__current_state__7.0__decision_clock__clock_12__a2df571b6b,LONG,2025,movement_permission_on,,13,13,8,-45.1926303565,46.2934875933,0.0915089425247,0.615384615385,0.681939847779,1269.33144014,0.625,-55.1926303565,0.403415205549,0.450894717667
long__current_state__7.0__decision_clock__clock_12__a2df571b6b,LONG,2025,one_bar_execution_delay_same_terminal,,280,149,18,-9.68473875481,-26.4371353173,0.0101684739102,0.471428571429,0.939633269081,6467.54974107,0.5,-19.6847387548,0.144614890966,0.153394692287
long__current_state__7.0__decision_clock__clock_12__a2df571b6b,LONG,2025,primary_cost,,280,149,18,-25.9241133682,-28.5288540582,0.0136489338476,0.489285714286,0.844802078948,7495.21232263,0.5,-35.9241133682,0.147447544144,0.24981167179
long__current_state__7.0__decision_clock__clock_12__a2df571b6b,LONG,2025,remove_best_episode,2025-05-27|clock_12,278,148,18,-36.289765425,-28.5288540582,0.0134927892296,0.489208633094,0.783452450429,10325.0153677,0.416666666667,-46.289765425,0.144031208167,0.266742048228
long__current_state__7.0__decision_clock__clock_12__a2df571b6b,LONG,2025,remove_best_month,2025-02,245,134,18,-43.9623570228,-53.3553267994,-0.00679070081926,0.469387755102,0.752756403289,10933.3445637,0.454545454545,-53.9623570228,0.157271627774,0.287902649834
long__current_state__7.0__decision_clock__clock_12__a2df571b6b,LONG,2025,remove_best_stock,SMCI,270,146,17,-32.215404877,-35.7952672108,0.00792327900387,0.485185185185,0.811574953945,8860.72640992,0.5,-42.215404877,0.15790116132,0.264134461786
long__current_state__7.0__decision_clock__clock_12__a2df571b6b,LONG,2025,remove_top_five_episodes,2025-05-27|clock_12|2025-01-21|clock_12|2025-06-13|clock_12|2025-02-20|clock_12|2025-02-24|clock_12,264,144,18,-63.3330615926,-54.8210437699,-0.00816138742027,0.465909090909,0.637842146822,17080.4200488,0.333333333333,-73.3330615926,0.193265127962,0.374117912477
long__current_state__7.0__decision_clock__clock_12__a2df571b6b,LONG,2025,remove_top_five_stocks,SMCI|IONQ|NVTS|MRNA|QBTS,168,115,13,-81.9076641528,-58.9172715312,-0.0363201342586,0.452380952381,0.551356090289,13923.0546708,0.5,-91.9076641528,0.210350355178,0.349489300507
long__current_state__7.0__decision_clock__clock_12__a2df571b6b,LONG,2025,twice_cost,,280,149,18,-35.9241133682,-38.5288540582,0.0136489338476,0.464285714286,0.791434215278,10211.3188362,0.5,-45.9241133682,0.157953942767,0.270500384732
long__current_state__7.0__decision_clock__clock_12__a2df571b6b,LONG,2026,coarse_clock_bin,kept:clock_12,65,50,14,14.3635598416,38.4453813339,0.0517383457623,0.507692307692,1.09125852431,3908.24760721,0.833333333333,4.36355984159,0.217101149909,0.417566552573
long__current_state__7.0__decision_clock__clock_12__a2df571b6b,LONG,2026,coarse_clock_bin,kept:clock_36,0,0,0,,,,,,,,,,
long__current_state__7.0__decision_clock__clock_12__a2df571b6b,LONG,2026,dead_band_1x_cost,,65,50,14,14.3635598416,38.4453813339,0.0115803325757,0.507692307692,1.09125852431,3908.24760721,0.833333333333,4.36355984159,0.217101149909,0.417566552573
long__current_state__7.0__decision_clock__clock_12__a2df571b6b,LONG,2026,dead_band_3x_cost,,65,50,14,14.3635598416,38.4453813339,0.0569035940731,0.507692307692,1.09125852431,3908.24760721,0.833333333333,4.36355984159,0.217101149909,0.417566552573
long__current_state__7.0__decision_clock__clock_12__a2df571b6b,LONG,2026,exclude_weakest_historical_activity_cohort,,65,50,14,14.3635598416,38.4453813339,0.0240203193033,0.507692307692,1.09125852431,3908.24760721,0.833333333333,4.36355984159,0.217101149909,0.417566552573
long__current_state__7.0__decision_clock__clock_12__a2df571b6b,LONG,2026,movement_permission_off,,61,49,14,18.0014905363,62.9555504905,0.0515098461939,0.524590163934,1.11131483753,3908.24760721,0.833333333333,8.00149053629,0.227938227027,0.405782085791
long__current_state__7.0__decision_clock__clock_12__a2df571b6b,LONG,2026,movement_permission_on,,4,3,3,-41.1148832526,-86.2570245886,-0.215517241379,0.25,0.550522184382,302.404830838,0,-51.1148832526,0.553668313551,1
long__current_state__7.0__decision_clock__clock_12__a2df571b6b,LONG,2026,one_bar_execution_delay_same_terminal,,65,50,14,-6.45617339092,33.2454204013,0.0511817886623,0.523076923077,0.960167034371,4535.2054706,0.833333333333,-16.4561733909,0.299314572712,0.556008828835
long__current_state__7.0__decision_clock__clock_12__a2df571b6b,LONG,2026,primary_cost,,65,50,14,14.3635598416,38.4453813339,0.0364636918292,0.507692307692,1.09125852431,3908.24760721,0.833333333333,4.36355984159,0.217101149909,0.417566552573
long__current_state__7.0__decision_clock__clock_12__a2df571b6b,LONG,2026,remove_best_episode,2026-05-21|clock_12,62,49,13,-1.18920804065,-9.04015841207,0.0142145643506,0.483870967742,0.992793116139,3908.24760721,0.833333333333,-11.1892080407,0.201347851675,0.507918554655
long__current_state__7.0__decision_clock__clock_12__a2df571b6b,LONG,2026,remove_best_month,2026-05,49,41,13,-2.6396530074,-11.6552438123,0.0416121576836,0.489795918367,0.982898700283,3235.91101891,0.8,-12.6396530074,0.243313727456,0.51405912551
long__current_state__7.0__decision_clock__clock_12__a2df571b6b,LONG,2026,remove_best_stock,IONQ,60,47,13,-11.0203438701,-20.8726669512,-0.00353511653371,0.466666666667,0.935368476465,3908.24760721,0.666666666667,-21.0203438701,0.167783039028,0.564862480976
long__current_state__7.0__decision_clock__clock_12__a2df571b6b,LONG,2026,remove_top_five_episodes,2026-05-21|clock_12|2026-03-02|clock_12|2026-02-09|clock_12|2026-03-24|clock_12|2026-05-22|clock_12,57,45,13,-51.5993554511,-41.0565217391,-0.0253163548909,0.438596491228,0.712513715928,4147.11308212,0.5,-61.5993554511,0.291911366504,0.464397603937
long__current_state__7.0__decision_clock__clock_12__a2df571b6b,LONG,2026,remove_top_five_stocks,IONQ|IREN|RIVN|RGTI|HIMS,45,41,9,-60.5438049683,-41.0565217391,-0.0504398632274,0.422222222222,0.653414562675,4750.62145236,0.333333333333,-70.5438049683,0.261648663652,0.511985588878
long__current_state__7.0__decision_clock__clock_12__a2df571b6b,LONG,2026,twice_cost,,65,50,14,4.36355984159,28.4453813339,0.0364636918292,0.507692307692,1.02688290911,4048.24760721,0.833333333333,-5.63644015841,0.206086768378,0.472371450779
long__current_state__7.0__return_6_bin__above_plus_one_scale__19cabb34b9,LONG,2024,coarse_clock_bin,kept:clock_12,55,38,12,88.0891432286,27.7378127067,0.0882779968309,0.545454545455,1.53641505846,2770.68779063,0.555555555556,78.0891432286,0.200560042054,0.361205108146
long__current_state__7.0__return_6_bin__above_plus_one_scale__19cabb34b9,LONG,2024,coarse_clock_bin,kept:clock_36,42,31,12,101.851519722,41.3388269539,0.127970048936,0.595238095238,1.94568979612,1075.45954935,0.666666666667,91.851519722,0.252379761534,0.568413757048
long__current_state__7.0__return_6_bin__above_plus_one_scale__19cabb34b9,LONG,2024,dead_band_1x_cost,,97,56,14,94.0481103701,30.3782019352,0.101570636477,0.567010309278,1.67298953406,1995.83429485,0.727272727273,84.0481103701,0.192666948954,0.421335784897
long__current_state__7.0__return_6_bin__above_plus_one_scale__19cabb34b9,LONG,2024,dead_band_3x_cost,,97,56,14,94.0481103701,30.3782019352,0.107777285856,0.567010309278,1.67298953406,1995.83429485,0.727272727273,84.0481103701,0.192666948954,0.421335784897
long__current_state__7.0__return_6_bin__above_plus_one_scale__19cabb34b9,LONG,2024,exclude_weakest_historical_activity_cohort,,97,56,14,94.0481103701,30.3782019352,0.103253199358,0.567010309278,1.67298953406,1995.83429485,0.727272727273,84.0481103701,0.192666948954,0.421335784897
long__current_state__7.0__return_6_bin__above_plus_one_scale__19cabb34b9,LONG,2024,movement_permission_off,,93,55,14,105.871587337,36.511627907,0.121124355311,0.58064516129,1.76940051873,1995.83429485,0.7,95.8715873371,0.18397343559,0.421383111401
long__current_state__7.0__return_6_bin__above_plus_one_scale__19cabb34b9,LONG,2024,movement_permission_on,,4,4,3,-180.847729114,-219.971850169,-0.201812555261,0.25,0.046143267894,758.38529216,0.25,-190.847729114,0.422033957396,0.401373522314
long__current_state__7.0__return_6_bin__above_plus_one_scale__19cabb34b9,LONG,2024,one_bar_execution_delay_same_terminal,,97,56,14,98.4826272636,58.3706070288,0.0983524128771,0.536082474227,1.76261532306,1917.24107258,0.636363636364,88.4826272636,0.177645199416,0.411377772257
long__current_state__7.0__return_6_bin__above_plus_one_scale__19cabb34b9,LONG,2024,primary_cost,,97,56,14,94.0481103701,30.3782019352,0.10518520861,0.567010309278,1.67298953406,1995.83429485,0.727272727273,84.0481103701,0.192666948954,0.421335784897
long__current_state__7.0__return_6_bin__above_plus_one_scale__19cabb34b9,LONG,2024,remove_best_episode,2024-12-05|clock_36,94,55,14,73.5535632688,29.0166875558,0.0907263690269,0.553191489362,1.51005624865,2366.7835012,0.727272727273,63.5535632688,0.218331551538,0.323545551442
long__current_state__7.0__return_6_bin__above_plus_one_scale__19cabb34b9,LONG,2024,remove_best_month,2024-12,68,39,14,72.516342891,29.0166875558,0.101567775221,0.573529411765,1.54725271171,2706.99598532,0.7,62.516342891,0.234278328664,0.4349924358
long__current_state__7.0__return_6_bin__above_plus_one_scale__19cabb34b9,LONG,2024,remove_best_stock,IONQ,89,53,13,75.490271444,30.295562405,0.0885767991992,0.550561797753,1.51200316291,1995.83429485,0.636363636364,65.490271444,0.193638853073,0.351165253044
long__current_state__7.0__return_6_bin__above_plus_one_scale__19cabb34b9,LONG,2024,remove_top_five_episodes,2024-12-05|clock_36|2024-11-07|clock_12|2024-09-09|clock_12|2024-12-17|clock_36|2024-05-16|clock_12,89,54,14,9.26318260487,11.1705757818,0.0653742010587,0.52808988764,1.06081864415,3024.24029681,0.545454545455,-0.736817395126,0.344954579393,0.269786828406
long__current_state__7.0__return_6_bin__above_plus_one_scale__19cabb34b9,LONG,2024,remove_top_five_stocks,IONQ|APLD|QBTS|ASTS|SMCI,43,34,9,-5.87941090467,27.7378127067,0.0734287255306,0.511627906977,0.964156815586,1995.83429485,0.5,-15.8794109047,0.291745525325,0.378980653902
long__current_state__7.0__return_6_bin__above_plus_one_scale__19cabb34b9,LONG,2024,twice_cost,,97,56,14,84.0481103701,20.3782019352,0.10518520861,0.546391752577,1.58291403435,2109.24707428,0.636363636364,74.0481103701,0.191000790712,0.407303982337
long__current_state__7.0__return_6_bin__above_plus_one_scale__19cabb34b9,LONG,2025,coarse_clock_bin,kept:clock_12,62,45,14,-80.6994003636,-148.48619186,-0.12188046001,0.387096774194,0.636095390541,5088.71887242,0.272727272727,-90.6994003636,0.193532436704,0.291885488393
long__current_state__7.0__return_6_bin__above_plus_one_scale__19cabb34b9,LONG,2025,coarse_clock_bin,kept:clock_36,46,35,16,12.46987095,-10.3076080691,0.0594822272447,0.5,1.08039016402,1897.27338893,0.4,2.46987095005,0.147088213098,0.458125009223
long__current_state__7.0__return_6_bin__above_plus_one_scale__19cabb34b9,LONG,2025,dead_band_1x_cost,,108,70,17,-41.0161922115,-76.1327690938,-0.0381719212845,0.435185185185,0.787892807353,5456.83414616,0.363636363636,-51.0161922115,0.162464130822,0.346344814773
long__current_state__7.0__return_6_bin__above_plus_one_scale__19cabb34b9,LONG,2025,dead_band_3x_cost,,108,70,17,-41.0161922115,-76.1327690938,-0.0466566668553,0.435185185185,0.787892807353,5456.83414616,0.363636363636,-51.0161922115,0.162464130822,0.346344814773
long__current_state__7.0__return_6_bin__above_plus_one_scale__19cabb34b9,LONG,2025,exclude_weakest_historical_activity_cohort,,108,70,17,-41.0161922115,-76.1327690938,-0.0466525679452,0.435185185185,0.787892807353,5456.83414616,0.363636363636,-51.0161922115,0.162464130822,0.346344814773
long__current_state__7.0__return_6_bin__above_plus_one_scale__19cabb34b9,LONG,2025,movement_permission_off,,99,65,15,-40.7840940741,-77.5343553918,-0.0375691121744,0.434343434343,0.794859643496,5838.59360787,0.363636363636,-50.7840940741,0.17041932262,0.352986979235
long__current_state__7.0__return_6_bin__above_plus_one_scale__19cabb34b9,LONG,2025,movement_permission_on,,9,8,7,-43.5692717223,-47.3599003736,-0.113619262603,0.444444444444,0.673834986916,1010.29698119,0.25,-53.5692717223,0.294151664907,0.386221666438
long__current_state__7.0__return_6_bin__above_plus_one_scale__19cabb34b9,LONG,2025,one_bar_execution_delay_same_terminal,,108,70,17,-38.3039051255,-103.484779403,-0.0637733250316,0.388888888889,0.805044676756,4614.92017842,0.272727272727,-48.3039051255,0.158435170412,0.385397435509
long__current_state__7.0__return_6_bin__above_plus_one_scale__19cabb34b9,LONG,2025,primary_cost,,108,70,17,-41.0161922115,-76.1327690938,-0.0432293730307,0.435185185185,0.787892807353,5456.83414616,0.363636363636,-51.0161922115,0.162464130822,0.346344814773
long__current_state__7.0__return_6_bin__above_plus_one_scale__19cabb34b9,LONG,2025,remove_best_episode,2025-05-27|clock_12,107,69,17,-69.5543227986,-77.5343553918,-0.0486668288703,0.429906542056,0.64364389371,8469.39792677,0.363636363636,-79.5543227986,0.160784984612,0.235879411964
long__current_state__7.0__return_6_bin__above_plus_one_scale__19cabb34b9,LONG,2025,remove_best_month,2025-05,97,63,17,-120.073661856,-148.081758721,-0.0942991041482,0.381443298969,0.440303464719,11647.1452001,0.3,-130.073661856,0.231954257444,0.293718415912
long__current_state__7.0__return_6_bin__above_plus_one_scale__19cabb34b9,LONG,2025,remove_best_stock,IONQ,101,70,16,-60.0918133495,-97.5605330124,-0.0638828361601,0.415841584158,0.697186702864,6069.2731483,0.363636363636,-70.0918133495,0.184445898102,0.306607514375
long__current_state__7.0__return_6_bin__above_plus_one_scale__19cabb34b9,LONG,2025,remove_top_five_episodes,2025-05-27|clock_12|2025-05-22|clock_36|2025-01-06|clock_36|2025-02-24|clock_12|2025-05-06|clock_36,100,67,17,-120.553838466,-131.212707768,-0.0893156323968,0.39,0.422758769586,12055.3838466,0.272727272727,-130.553838466,0.24707075758,0.245815886364
long__current_state__7.0__return_6_bin__above_plus_one_scale__19cabb34b9,LONG,2025,remove_top_five_stocks,IONQ|HIMS|QBTS|NVTS|RIVN,65,50,12,-138.256536569,-178.918918919,-0.127663666677,0.353846153846,0.343821727816,8986.67487696,0.3,-148.256536569,0.242934752476,0.268674034349
long__current_state__7.0__return_6_bin__above_plus_one_scale__19cabb34b9,LONG,2025,twice_cost,,108,70,17,-51.0161922115,-86.1327690938,-0.0432293730307,0.407407407407,0.743846311053,6166.83414616,0.363636363636,-61.0161922115,0.166823489499,0.33214057595
long__current_state__7.0__return_6_bin__above_plus_one_scale__19cabb34b9,LONG,2026,coarse_clock_bin,kept:clock_12,10,10,5,-10.1749063364,83.234483295,0.14404603807,0.6,0.918984076265,940.192033223,0.5,-20.1749063364,0.375853218543,0.396076780953
long__current_state__7.0__return_6_bin__above_plus_one_scale__19cabb34b9,LONG,2026,coarse_clock_bin,kept:clock_36,13,12,11,89.2482103277,69.3289461823,0.128765525286,0.615384615385,2.03684215461,590.064726671,0.833333333333,79.2482103277,0.147839066737,0.412538168654
long__current_state__7.0__return_6_bin__above_plus_one_scale__19cabb34b9,LONG,2026,dead_band_1x_cost,,23,21,12,46.0207682998,76.245832572,0.112583677057,0.608695652174,1.44569081105,1470.95278292,0.666666666667,36.0207682998,0.262653746268,0.292103130483
long__current_state__7.0__return_6_bin__above_plus_one_scale__19cabb34b9,LONG,2026,dead_band_3x_cost,,23,21,12,46.0207682998,76.245832572,0.157906938555,0.608695652174,1.44569081105,1470.95278292,0.666666666667,36.0207682998,0.262653746268,0.292103130483
long__current_state__7.0__return_6_bin__above_plus_one_scale__19cabb34b9,LONG,2026,exclude_weakest_historical_activity_cohort,,23,21,12,46.0207682998,76.245832572,0.125023663785,0.608695652174,1.44569081105,1470.95278292,0.666666666667,36.0207682998,0.262653746268,0.292103130483
long__current_state__7.0__return_6_bin__above_plus_one_scale__19cabb34b9,LONG,2026,movement_permission_off,,17,15,8,114.982455932,173.633045704,0.291625564612,0.764705882353,2.3771453487,1167.14970729,0.666666666667,104.982455932,0.339793671319,0.373206629894
long__current_state__7.0__return_6_bin__above_plus_one_scale__19cabb34b9,LONG,2026,movement_permission_on,,6,6,6,-149.370679991,-130.630382825,-0.298850574713,0.166666666667,0.0620640875384,896.224079947,0,-159.370679991,0.357800148672,0.703821649899
long__current_state__7.0__return_6_bin__above_plus_one_scale__19cabb34b9,LONG,2026,one_bar_execution_delay_same_terminal,,23,21,12,8.64773423256,32.4177877076,0.0498439960202,0.521739130435,1.07116929341,1579.68871881,0.333333333333,-1.35226576744,0.295649760006,0.282444699739
long__current_state__7.0__return_6_bin__above_plus_one_scale__19cabb34b9,LONG,2026,primary_cost,,23,21,12,46.0207682998,76.245832572,0.137467036311,0.608695652174,1.44569081105,1470.95278292,0.666666666667,36.0207682998,0.262653746268,0.292103130483
long__current_state__7.0__return_6_bin__above_plus_one_scale__19cabb34b9,LONG,2026,remove_best_episode,2026-02-25|clock_36,22,20,12,26.0737176167,72.7873893771,0.120793123023,0.590909090909,1.2415336353,1470.95278292,0.666666666667,16.0737176167,0.261354971765,0.333014243053
long__current_state__7.0__return_6_bin__above_plus_one_scale__19cabb34b9,LONG,2026,remove_best_month,2026-04,18,17,12,-5.24255260769,-2.09070183422,0.025789900081,0.5,0.960265543069,1534.43816356,0.6,-15.2425526077,0.172795221881,0.384889726647
long__current_state__7.0__return_6_bin__above_plus_one_scale__19cabb34b9,LONG,2026,remove_best_stock,IONQ,20,18,11,1.07895435529,64.3164615761,0.0797982167996,0.55,1.00908625765,1470.95278292,0.5,-8.92104564471,0.222086529713,0.314950189329
long__current_state__7.0__return_6_bin__above_plus_one_scale__19cabb34b9,LONG,2026,remove_top_five_episodes,2026-02-25|clock_36|2026-02-09|clock_36|2026-04-15|clock_12|2026-05-06|clock_36|2026-06-11|clock_36,18,16,11,-54.0120140946,-2.09070183422,0.0328947368421,0.5,0.590631089776,1527.45468106,0.5,-64.0120140946,0.149947722913,0.287417170934
long__current_state__7.0__return_6_bin__above_plus_one_scale__19cabb34b9,LONG,2026,remove_top_five_stocks,IONQ|HIMS|SMCI|IREN|NVTS,14,13,7,-103.189284232,-69.7194292677,-0.0392824802725,0.428571428571,0.319420967421,1999.8884066,0.2,-113.189284232,0.251346040785,0.376033124728
long__current_state__7.0__return_6_bin__above_plus_one_scale__19cabb34b9,LONG,2026,twice_cost,,23,21,12,36.0207682998,66.245832572,0.137467036311,0.608695652174,1.33610804536,1520.95278292,0.666666666667,26.0207682998,0.251864580058,0.287445833178
long__current_state__7.0__return_6_cross_sectional_rank_bin__bottom_20__94d347cbfd,LONG,2024,adjacent_threshold_neighbour,return_6_cross_sectional_rank_bin:bottom_20->middle_60,145,82,19,59.5531288978,-0.728976227405,0.0484486284465,0.496551724138,1.43122699622,2757.58875973,0.666666666667,49.5531288978,0.184947755475,0.346936296836
long__current_state__7.0__return_6_cross_sectional_rank_bin__bottom_20__94d347cbfd,LONG,2024,coarse_clock_bin,kept:clock_12,101,72,15,133.465861566,71.7858857674,0.105559725004,0.554455445545,2.18805572578,1297.09032604,0.636363636364,123.465861566,0.281873494312,0.359272780356
long__current_state__7.0__return_6_cross_sectional_rank_bin__bottom_20__94d347cbfd,LONG,2024,coarse_clock_bin,kept:clock_36,68,54,13,-16.5548215339,16.5733361851,0.0712473598602,0.514705882353,0.901362599045,3268.67427159,0.4,-26.5548215339,0.188786118048,0.325061698382
long__current_state__7.0__return_6_cross_sectional_rank_bin__bottom_20__94d347cbfd,LONG,2024,dead_band_1x_cost,,169,101,16,73.102509786,27.9933333333,0.0730218656599,0.538461538462,1.54283003322,2564.00311662,0.636363636364,63.102509786,0.326288823085,0.33650194924
long__current_state__7.0__return_6_cross_sectional_rank_bin__bottom_20__94d347cbfd,LONG,2024,dead_band_3x_cost,,169,101,16,73.102509786,27.9933333333,0.102714149151,0.538461538462,1.54283003322,2564.00311662,0.636363636364,63.102509786,0.326288823085,0.33650194924
long__current_state__7.0__return_6_cross_sectional_rank_bin__bottom_20__94d347cbfd,LONG,2024,exclude_weakest_historical_activity_cohort,,169,101,16,73.102509786,27.9933333333,0.0894058254786,0.538461538462,1.54283003322,2564.00311662,0.636363636364,63.102509786,0.326288823085,0.33650194924
long__current_state__7.0__return_6_cross_sectional_rank_bin__bottom_20__94d347cbfd,LONG,2024,movement_permission_off,,153,91,15,70.0914739166,27.9933333333,0.0979322827828,0.535947712418,1.50894592974,2564.00311662,0.6,60.0914739166,0.344736138548,0.326312897925
long__current_state__7.0__return_6_cross_sectional_rank_bin__bottom_20__94d347cbfd,LONG,2024,movement_permission_on,,16,16,10,101.895540287,64.8933758764,0.0481874447392,0.5625,1.96577138974,831.527578501,0.555555555556,91.8955402872,0.303200653621,0.263409932651
long__current_state__7.0__return_6_cross_sectional_rank_bin__bottom_20__94d347cbfd,LONG,2024,one_bar_execution_delay_same_terminal,,169,101,16,69.4849197056,39.1725525257,0.0948143173485,0.538461538462,1.55295969782,2559.54941412,0.636363636364,59.4849197056,0.332584873687,0.369349146613
long__current_state__7.0__return_6_cross_sectional_rank_bin__bottom_20__94d347cbfd,LONG,2024,primary_cost,,169,101,16,73.102509786,27.9933333333,0.0913378347309,0.538461538462,1.54283003322,2564.00311662,0.636363636364,63.102509786,0.326288823085,0.33650194924
long__current_state__7.0__return_6_cross_sectional_rank_bin__bottom_20__94d347cbfd,LONG,2024,remove_best_episode,2024-11-21|clock_12,165,101,16,49.5697582095,23.67003367,0.0810481867859,0.527272727273,1.3593731451,2564.00311662,0.636363636364,39.5697582095,0.281119085037,0.232704700456
long__current_state__7.0__return_6_cross_sectional_rank_bin__bottom_20__94d347cbfd,LONG,2024,remove_best_month,2024-11,124,81,16,52.5379402407,42.3628242068,0.0938136200717,0.540322580645,1.38005325431,2564.00311662,0.6,42.5379402407,0.354586135871,0.266340486873
long__current_state__7.0__return_6_cross_sectional_rank_bin__bottom_20__94d347cbfd,LONG,2024,remove_best_stock,QBTS,145,97,15,40.345579539,9.12860562474,0.0554416886426,0.503448275862,1.28316874708,2564.00311662,0.545454545455,30.345579539,0.37024862594,0.219394847072
long__current_state__7.0__return_6_cross_sectional_rank_bin__bottom_20__94d347cbfd,LONG,2024,remove_top_five_episodes,2024-11-21|clock_12|2024-05-29|clock_12|2024-11-22|clock_36|2024-12-27|clock_12|2024-12-30|clock_12,159,100,16,15.0271776345,10.057946069,0.0653218901963,0.509433962264,1.10498310665,3369.1374963,0.545454545455,5.02717763449,0.229779439297,0.28685320613
long__current_state__7.0__return_6_cross_sectional_rank_bin__bottom_20__94d347cbfd,LONG,2024,remove_top_five_stocks,QBTS|ASTS|IONQ|AAOI|SMCI,95,71,11,-30.4641943303,-30.3575334899,0.0337551228405,0.473684210526,0.820920338204,4349.4963048,0.3,-40.4641943303,0.271403413266,0.211627185625
long__current_state__7.0__return_6_cross_sectional_rank_bin__bottom_20__94d347cbfd,LONG,2024,twice_cost,,169,101,16,63.102509786,17.9933333333,0.0913378347309,0.532544378698,1.45303042301,2654.00311662,0.636363636364,53.102509786,0.320192236167,0.327758082633
long__current_state__7.0__return_6_cross_sectional_rank_bin__bottom_20__94d347cbfd,LONG,2025,adjacent_threshold_neighbour,return_6_cross_sectional_rank_bin:bottom_20->middle_60,159,105,19,9.17706001317,11.2282948337,0.058797181826,0.528301886792,1.07355605921,4051.46738614,0.5,-0.822939986831,0.163764536966,0.186553797985
long__current_state__7.0__return_6_cross_sectional_rank_bin__bottom_20__94d347cbfd,LONG,2025,coarse_clock_bin,kept:clock_12,98,74,16,13.9707289002,29.2076082503,0.059818025836,0.540816326531,1.1008477939,2028.23613385,0.5,3.9707289002,0.16181084672,0.199974802054
long__current_state__7.0__return_6_cross_sectional_rank_bin__bottom_20__94d347cbfd,LONG,2025,coarse_clock_bin,kept:clock_36,82,68,16,-59.3039474082,-45.3424974954,-0.00149338251139,0.439024390244,0.64136827566,5898.4943038,0.25,-69.3039474082,0.207206969135,0.277488613831
long__current_state__7.0__return_6_cross_sectional_rank_bin__bottom_20__94d347cbfd,LONG,2025,dead_band_1x_cost,,180,109,18,-19.4099569736,-14.4442106603,0.0210873379748,0.494444444444,0.871248215558,5896.90144149,0.583333333333,-29.4099569736,0.231187205007,0.354639476238
long__current_state__7.0__return_6_cross_sectional_rank_bin__bottom_20__94d347cbfd,LONG,2025,dead_band_3x_cost,,180,109,18,-19.4099569736,-14.4442106603,0.0459359257373,0.494444444444,0.871248215558,5896.90144149,0.583333333333,-29.4099569736,0.231187205007,0.354639476238
long__current_state__7.0__return_6_cross_sectional_rank_bin__bottom_20__94d347cbfd,LONG,2025,exclude_weakest_historical_activity_cohort,,180,109,18,-19.4099569736,-14.4442106603,0.0292733579807,0.494444444444,0.871248215558,5896.90144149,0.583333333333,-29.4099569736,0.231187205007,0.354639476238
long__current_state__7.0__return_6_cross_sectional_rank_bin__bottom_20__94d347cbfd,LONG,2025,movement_permission_off,,166,102,17,-24.0263875454,-14.4442106603,0.0302171845276,0.493975903614,0.847135552361,6586.24469865,0.583333333333,-34.0263875454,0.2459231653,0.298294537405
long__current_state__7.0__return_6_cross_sectional_rank_bin__bottom_20__94d347cbfd,LONG,2025,movement_permission_on,,14,14,11,35.3277198062,-15.3267794003,0.0530474040632,0.5,1.47332921072,338.326383986,0.333333333333,25.3277198062,0.308221198779,0.509772768932
long__current_state__7.0__return_6_cross_sectional_rank_bin__bottom_20__94d347cbfd,LONG,2025,one_bar_execution_delay_same_terminal,,180,109,18,-3.44721340951,1.96030509245,0.028819267561,0.505555555556,0.974264131441,4700.92789264,0.583333333333,-13.4472134095,0.240757509913,0.257326587822
long__current_state__7.0__return_6_cross_sectional_rank_bin__bottom_20__94d347cbfd,LONG,2025,primary_cost,,180,109,18,-19.4099569736,-14.4442106603,0.0326965528952,0.494444444444,0.871248215558,5896.90144149,0.583333333333,-29.4099569736,0.231187205007,0.354639476238
long__current_state__7.0__return_6_cross_sectional_rank_bin__bottom_20__94d347cbfd,LONG,2025,remove_best_episode,2025-02-20|clock_12,178,109,18,-28.4883626026,-21.4252705522,0.027604659566,0.488764044944,0.813128242602,6224.95552933,0.5,-38.4883626026,0.231801978095,0.340521252629
long__current_state__7.0__return_6_cross_sectional_rank_bin__bottom_20__94d347cbfd,LONG,2025,remove_best_month,2025-06,153,93,18,-32.0501193506,-25.8756457069,0.0239905168945,0.483660130719,0.805271152637,6180.22764981,0.545454545455,-42.0501193506,0.239316619635,0.407783246325
long__current_state__7.0__return_6_cross_sectional_rank_bin__bottom_20__94d347cbfd,LONG,2025,remove_best_stock,AAOI,172,104,17,-25.1450947729,-26.9721544804,0.0218958977942,0.482558139535,0.839415703312,5944.92367243,0.5,-35.1450947729,0.250923155357,0.383595412436
long__current_state__7.0__return_6_cross_sectional_rank_bin__bottom_20__94d347cbfd,LONG,2025,remove_top_five_episodes,2025-02-20|clock_12|2025-01-03|clock_12|2025-06-13|clock_12|2025-01-16|clock_12|2025-01-08|clock_36,169,108,18,-55.5803533493,-40.4084720121,0.00244675804559,0.461538461538,0.653850118585,10547.1067021,0.5,-65.5803533493,0.201322146909,0.527227483335
long__current_state__7.0__return_6_cross_sectional_rank_bin__bottom_20__94d347cbfd,LONG,2025,remove_top_five_stocks,AAOI|SMCI|MRNA|RGTI|SOFI,144,96,13,-47.1648106926,-45.3424974954,-0.0140209125475,0.444444444444,0.722248616858,7162.61791105,0.333333333333,-57.1648106926,0.336069600901,0.422489362217
long__current_state__7.0__return_6_cross_sectional_rank_bin__bottom_20__94d347cbfd,LONG,2025,twice_cost,,180,109,18,-29.4099569736,-24.4442106603,0.0326965528952,0.483333333333,0.811294516053,6926.90144149,0.583333333333,-39.4099569736,0.223693982695,0.394826893719
long__current_state__7.0__return_6_cross_sectional_rank_bin__bottom_20__94d347cbfd,LONG,2026,adjacent_threshold_neighbour,return_6_cross_sectional_rank_bin:bottom_20->middle_60,48,32,16,9.87910707752,29.5375717385,0.0704380508035,0.583333333333,1.08377825077,1317.87292777,0.666666666667,-0.120892922478,0.194532264826,0.349675967297
long__current_state__7.0__return_6_cross_sectional_rank_bin__bottom_20__94d347cbfd,LONG,2026,coarse_clock_bin,kept:clock_12,26,22,11,22.7409845878,-26.3558827757,0.0055844996084,0.461538461538,1.13439526294,1719.03310726,0.666666666667,12.7409845878,0.175791826886,0.22423806676
long__current_state__7.0__return_6_cross_sectional_rank_bin__bottom_20__94d347cbfd,LONG,2026,coarse_clock_bin,kept:clock_36,19,17,11,95.7860247273,105.928935104,0.197591436218,0.684210526316,3.32690607132,610.065184797,0.833333333333,85.7860247273,0.208365348056,0.253396071217
long__current_state__7.0__return_6_cross_sectional_rank_bin__bottom_20__94d347cbfd,LONG,2026,dead_band_1x_cost,,45,31,15,53.5822237578,39.3437158998,0.0594435804389,0.555555555556,1.46534079153,1649.87904759,0.666666666667,43.5822237578,0.174424751707,0.269343468119
long__current_state__7.0__return_6_cross_sectional_rank_bin__bottom_20__94d347cbfd,LONG,2026,dead_band_3x_cost,,45,31,15,53.5822237578,39.3437158998,0.104766841936,0.555555555556,1.46534079153,1649.87904759,0.666666666667,43.5822237578,0.174424751707,0.269343468119
long__current_state__7.0__return_6_cross_sectional_rank_bin__bottom_20__94d347cbfd,LONG,2026,exclude_weakest_historical_activity_cohort,,45,31,15,53.5822237578,39.3437158998,0.0718835671666,0.555555555556,1.46534079153,1649.87904759,0.666666666667,43.5822237578,0.174424751707,0.269343468119
long__current_state__7.0__return_6_cross_sectional_rank_bin__bottom_20__94d347cbfd,LONG,2026,movement_permission_off,,42,29,15,47.052311485,32.8499369965,0.050729206069,0.52380952381,1.38138897154,1755.80798269,0.666666666667,37.052311485,0.178709970373,0.300579897145
long__current_state__7.0__return_6_cross_sectional_rank_bin__bottom_20__94d347cbfd,LONG,2026,movement_permission_on,,3,2,3,145.000995578,134.61305975,0.534482758621,1,inf,-105.928935104,1,135.000995578,0.447033693583,0.756486878632
long__current_state__7.0__return_6_cross_sectional_rank_bin__bottom_20__94d347cbfd,LONG,2026,one_bar_execution_delay_same_terminal,,45,31,15,34.0544075534,50.8518748981,0.128104865585,0.622222222222,1.31507070019,1769.76092702,0.666666666667,24.0544075534,0.203702191624,0.281818989256
long__current_state__7.0__return_6_cross_sectional_rank_bin__bottom_20__94d347cbfd,LONG,2026,primary_cost,,45,31,15,53.5822237578,39.3437158998,0.0843269396924,0.555555555556,1.46534079153,1649.87904759,0.666666666667,43.5822237578,0.174424751707,0.269343468119
long__current_state__7.0__return_6_cross_sectional_rank_bin__bottom_20__94d347cbfd,LONG,2026,remove_best_episode,2026-05-21|clock_12,43,30,14,39.9312807274,38.5580780568,0.0652273175389,0.53488372093,1.33137487129,1649.87904759,0.5,29.9312807274,0.198026006224,0.316457855494
long__current_state__7.0__return_6_cross_sectional_rank_bin__bottom_20__94d347cbfd,LONG,2026,remove_best_month,2026-01,41,27,13,31.3109805801,38.5580780568,0.0677528249134,0.536585365854,1.25579395563,1486.98863566,0.6,21.3109805801,0.209398089395,0.314227961182
long__current_state__7.0__return_6_cross_sectional_rank_bin__bottom_20__94d347cbfd,LONG,2026,remove_best_stock,IREN,43,30,14,32.8312279297,38.5580780568,0.0661410377179,0.53488372093,1.27245416955,1649.87904759,0.5,22.8312279297,0.141002401833,0.291479878816
long__current_state__7.0__return_6_cross_sectional_rank_bin__bottom_20__94d347cbfd,LONG,2026,remove_top_five_episodes,2026-05-21|clock_12|2026-01-21|clock_36|2026-03-02|clock_12|2026-05-27|clock_12|2026-03-09|clock_12,38,27,13,-18.5176424504,11.7946245961,0.0358840842201,0.5,0.862324968344,2368.35941068,0.333333333333,-28.5176424504,0.14692580547,0.270976467763
long__current_state__7.0__return_6_cross_sectional_rank_bin__bottom_20__94d347cbfd,LONG,2026,remove_top_five_stocks,IREN|CIFR|RIVN|WULF|QBTS,38,28,10,-11.8519729639,11.7946245961,0.0341353383459,0.5,0.911169337516,2266.91880362,0.5,-21.8519729639,0.198693870479,0.259830307757
long__current_state__7.0__return_6_cross_sectional_rank_bin__bottom_20__94d347cbfd,LONG,2026,twice_cost,,45,31,15,43.5822237578,29.3437158998,0.0843269396924,0.555555555556,1.36442837173,1719.87904759,0.666666666667,33.5822237578,0.177801800383,0.274891862618
long__current_state__7.0__session_return_bin__above_plus_one_scale__42b65019e5,LONG,2024,coarse_clock_bin,kept:clock_12,100,65,16,133.487495298,39.9846710838,0.101005269558,0.54,1.90320919907,2709.23923133,0.818181818182,123.487495298,0.25969664516,0.408297718334
long__current_state__7.0__session_return_bin__above_plus_one_scale__42b65019e5,LONG,2024,coarse_clock_bin,kept:clock_36,93,65,12,52.9716911878,34.994375703,0.0834231979373,0.52688172043,1.4225867366,1923.85002162,0.6,42.9716911878,0.34346080834,0.471173624578
long__current_state__7.0__session_return_bin__above_plus_one_scale__42b65019e5,LONG,2024,dead_band_1x_cost,,193,81,18,94.6897244056,38.2586314344,0.068239083675,0.533678756477,1.69127326862,2684.86789336,0.666666666667,84.6897244056,0.252233790657,0.477217858354
long__current_state__7.0__session_return_bin__above_plus_one_scale__42b65019e5,LONG,2024,dead_band_3x_cost,,193,81,18,94.6897244056,38.2586314344,0.105320152156,0.533678756477,1.69127326862,2684.86789336,0.666666666667,84.6897244056,0.252233790657,0.477217858354
long__current_state__7.0__session_return_bin__above_plus_one_scale__42b65019e5,LONG,2024,exclude_weakest_historical_activity_cohort,,193,81,18,94.6897244056,38.2586314344,0.090540203257,0.533678756477,1.69127326862,2684.86789336,0.666666666667,84.6897244056,0.252233790657,0.477217858354
long__current_state__7.0__session_return_bin__above_plus_one_scale__42b65019e5,LONG,2024,movement_permission_off,,182,75,17,100.391734057,38.6379152258,0.0949516033315,0.532967032967,1.72897766511,2684.86789336,0.636363636364,90.3917340574,0.252276518361,0.465938447113
long__current_state__7.0__session_return_bin__above_plus_one_scale__42b65019e5,LONG,2024,movement_permission_on,,11,11,6,0.347382894787,34.994375703,0.0936419901937,0.545454545455,1.00278388472,1231.35045535,0.428571428571,-9.65261710521,0.335089456184,0.332123153981
long__current_state__7.0__session_return_bin__above_plus_one_scale__42b65019e5,LONG,2024,one_bar_execution_delay_same_terminal,,193,81,18,81.708060977,28.7681430833,0.0804046536762,0.528497409326,1.61239743191,3320.49350726,0.75,71.708060977,0.240228252404,0.502943636656
long__current_state__7.0__session_return_bin__above_plus_one_scale__42b65019e5,LONG,2024,primary_cost,,193,81,18,94.6897244056,38.2586314344,0.0924722125094,0.533678756477,1.69127326862,2684.86789336,0.666666666667,84.6897244056,0.252233790657,0.477217858354
long__current_state__7.0__session_return_bin__above_plus_one_scale__42b65019e5,LONG,2024,remove_best_episode,2024-12-16|clock_12,190,81,18,82.848959337,36.6265035687,0.0908002588438,0.531578947368,1.59850372847,2684.86789336,0.666666666667,72.848959337,0.284145264276,0.412552131186
long__current_state__7.0__session_return_bin__above_plus_one_scale__42b65019e5,LONG,2024,remove_best_month,2024-12,142,65,17,51.3412347009,10.6142609254,0.0644923816834,0.507042253521,1.36296989295,2684.86789336,0.636363636364,41.3412347009,0.404818200328,0.256538298052
long__current_state__7.0__session_return_bin__above_plus_one_scale__42b65019e5,LONG,2024,remove_best_stock,ASTS,181,77,17,69.5267331307,27.9933333333,0.0773439042199,0.519337016575,1.49025638754,3033.59799731,0.583333333333,59.5267331307,0.258089815177,0.60215495139
long__current_state__7.0__session_return_bin__above_plus_one_scale__42b65019e5,LONG,2024,remove_top_five_episodes,2024-12-16|clock_12|2024-12-05|clock_36|2024-11-07|clock_12|2024-09-09|clock_12|2024-05-29|clock_12,183,81,18,45.4385707471,23.0887263012,0.0741983922684,0.513661202186,1.31615638255,3217.6923561,0.5,35.4385707471,0.233769413944,0.410991274285
long__current_state__7.0__session_return_bin__above_plus_one_scale__42b65019e5,LONG,2024,remove_top_five_stocks,ASTS|QBTS|RGTI|MSTR|AAOI,88,52,13,14.460077463,-5.56870557876,0.0251482213439,0.465909090909,1.1084955896,3033.59799731,0.545454545455,4.46007746302,0.22087737934,0.256724942634
long__current_state__7.0__session_return_bin__above_plus_one_scale__42b65019e5,LONG,2024,twice_cost,,193,81,18,84.6897244056,28.2586314344,0.0924722125094,0.533678756477,1.59791423084,2874.86789336,0.666666666667,74.6897244056,0.265888951774,0.48475563231
long__current_state__7.0__session_return_bin__above_plus_one_scale__42b65019e5,LONG,2025,coarse_clock_bin,kept:clock_12,125,88,17,-16.032966071,4.01095366167,0.00340986257074,0.512,0.908259875177,5323.88430698,0.416666666667,-26.032966071,0.166995846964,0.198462790553
long__current_state__7.0__session_return_bin__above_plus_one_scale__42b65019e5,LONG,2025,coarse_clock_bin,kept:clock_36,111,84,16,8.30608433979,23.4561737523,0.0910137587762,0.540540540541,1.05931414893,4159.87167017,0.5,-1.69391566021,0.169028528987,0.306212578494
long__current_state__7.0__session_return_bin__above_plus_one_scale__42b65019e5,LONG,2025,dead_band_1x_cost,,236,114,18,-4.58536185235,8.77991455213,0.0520666223439,0.525423728814,0.971057556424,5480.66927149,0.5,-14.5853618524,0.246998286468,0.326879618003
long__current_state__7.0__session_return_bin__above_plus_one_scale__42b65019e5,LONG,2025,dead_band_3x_cost,,236,114,18,-4.58536185235,8.77991455213,0.0525272628371,0.525423728814,0.971057556424,5480.66927149,0.5,-14.5853618524,0.246998286468,0.326879618003
long__current_state__7.0__session_return_bin__above_plus_one_scale__42b65019e5,LONG,2025,exclude_weakest_historical_activity_cohort,,236,114,18,-4.58536185235,8.77991455213,0.0417027365118,0.525423728814,0.971057556424,5480.66927149,0.5,-14.5853618524,0.246998286468,0.326879618003
long__current_state__7.0__session_return_bin__above_plus_one_scale__42b65019e5,LONG,2025,movement_permission_off,,217,103,18,-5.24610408789,9.17264711353,0.0459853262188,0.520737327189,0.967687539916,4725.16788065,0.416666666667,-15.2461040879,0.258550725838,0.320991473247
long__current_state__7.0__session_return_bin__above_plus_one_scale__42b65019e5,LONG,2025,movement_permission_on,,19,17,13,2.96100999565,7.3156476983,0.0267316145895,0.578947368421,1.0260648364,1026.78699668,0.5,-7.03899000435,0.172877688745,0.308066957799
long__current_state__7.0__session_return_bin__above_plus_one_scale__42b65019e5,LONG,2025,one_bar_execution_delay_same_terminal,,236,114,18,16.1383661407,-20.0362594027,0.00998687584724,0.466101694915,1.10947119936,4276.13363381,0.416666666667,6.13836614065,0.239118889456,0.308941747642
long__current_state__7.0__session_return_bin__above_plus_one_scale__42b65019e5,LONG,2025,primary_cost,,236,114,18,-4.58536185235,8.77991455213,0.0451259314263,0.525423728814,0.971057556424,5480.66927149,0.5,-14.5853618524,0.246998286468,0.326879618003
long__current_state__7.0__session_return_bin__above_plus_one_scale__42b65019e5,LONG,2025,remove_best_episode,2025-05-27|clock_12,235,114,18,-17.4242943735,8.38718199073,0.0430810335277,0.523404255319,0.890485243804,8493.2330521,0.5,-27.4242943735,0.204771559811,0.181866602006
long__current_state__7.0__session_return_bin__above_plus_one_scale__42b65019e5,LONG,2025,remove_best_month,2025-05,211,101,18,-31.4591310058,1.75509404389,0.0243797447305,0.502369668246,0.80766865404,8561.01368438,0.454545454545,-41.4591310058,0.156749551724,0.219124625488
long__current_state__7.0__session_return_bin__above_plus_one_scale__42b65019e5,LONG,2025,remove_best_stock,IONQ,226,113,17,-18.5035844312,7.13556865627,0.0322794349343,0.513274336283,0.886849098872,6364.95795553,0.5,-28.5035844312,0.266565986538,0.264408315351
long__current_state__7.0__session_return_bin__above_plus_one_scale__42b65019e5,LONG,2025,remove_top_five_episodes,2025-05-27|clock_12|2025-01-21|clock_12|2025-01-14|clock_36|2025-05-22|clock_36|2025-06-04|clock_12,227,114,18,-48.0618650442,4.01095366167,0.0285243991194,0.506607929515,0.708206202849,12431.4292532,0.416666666667,-58.0618650442,0.208366590476,0.328385267263
long__current_state__7.0__session_return_bin__above_plus_one_scale__42b65019e5,LONG,2025,remove_top_five_stocks,IONQ|WULF|ASTS|MRNA|APLD,188,99,13,-33.9403393513,-40.0203256419,0.010146386914,0.489361702128,0.807412592897,6987.4960558,0.333333333333,-43.9403393513,0.347409453802,0.242787423791
long__current_state__7.0__session_return_bin__above_plus_one_scale__42b65019e5,LONG,2025,twice_cost,,236,114,18,-14.5853618524,-1.22008544787,0.0451259314263,0.495762711864,0.910672054676,6445.84529459,0.416666666667,-24.5853618524,0.224241311687,0.303420841648
long__current_state__7.0__session_return_bin__above_plus_one_scale__42b65019e5,LONG,2026,coarse_clock_bin,kept:clock_12,28,25,10,43.2759694592,83.2383402929,0.115474609499,0.571428571429,1.36191135878,1367.37855909,0.833333333333,33.2759694592,0.22391034737,0.456702224431
long__current_state__7.0__session_return_bin__above_plus_one_scale__42b65019e5,LONG,2026,coarse_clock_bin,kept:clock_36,29,24,13,85.2460010962,105.928935104,0.203036082316,0.689655172414,2.38405783326,848.663293674,0.833333333333,75.2460010962,0.180005974035,0.351238147034
long__current_state__7.0__session_return_bin__above_plus_one_scale__42b65019e5,LONG,2026,dead_band_1x_cost,,57,37,16,64.6291434499,90.2231340181,0.135466972252,0.631578947368,1.71750272812,2216.04185277,0.666666666667,54.6291434499,0.194535580721,0.335582528076
long__current_state__7.0__session_return_bin__above_plus_one_scale__42b65019e5,LONG,2026,dead_band_3x_cost,,57,37,16,64.6291434499,90.2231340181,0.180790233749,0.631578947368,1.71750272812,2216.04185277,0.666666666667,54.6291434499,0.194535580721,0.335582528076
long__current_state__7.0__session_return_bin__above_plus_one_scale__42b65019e5,LONG,2026,exclude_weakest_historical_activity_cohort,,55,37,16,68.6510205267,98.266051591,0.152691647975,0.636363636364,1.75564264434,2216.04185277,0.666666666667,58.6510205267,0.190041871163,0.330125227697
long__current_state__7.0__session_return_bin__above_plus_one_scale__42b65019e5,LONG,2026,movement_permission_off,,46,30,12,92.1015086649,94.2445928045,0.179093595303,0.652173913043,2.12083112164,1530.26897101,0.833333333333,82.1015086649,0.240215346662,0.343107522561
long__current_state__7.0__session_return_bin__above_plus_one_scale__42b65019e5,LONG,2026,movement_permission_on,,11,10,9,-50.2552929036,83.2921245421,0.0799373040752,0.545454545455,0.591826511866,896.054001488,0.25,-60.2552929036,0.265219143142,0.715985436923
long__current_state__7.0__session_return_bin__above_plus_one_scale__42b65019e5,LONG,2026,one_bar_execution_delay_same_terminal,,57,37,16,32.7517963248,82.8890202034,0.177227672603,0.649122807018,1.3411697329,2289.52569151,0.5,22.7517963248,0.233062970506,0.297031233182
long__current_state__7.0__session_return_bin__above_plus_one_scale__42b65019e5,LONG,2026,primary_cost,,57,37,16,64.6291434499,90.2231340181,0.160350331505,0.631578947368,1.71750272812,2216.04185277,0.666666666667,54.6291434499,0.194535580721,0.335582528076
long__current_state__7.0__session_return_bin__above_plus_one_scale__42b65019e5,LONG,2026,remove_best_episode,2026-05-21|clock_12,54,36,15,49.5647942301,86.7344565014,0.14145470772,0.611111111111,1.52129957188,2216.04185277,0.666666666667,39.5647942301,0.176324154444,0.322772048244
long__current_state__7.0__session_return_bin__above_plus_one_scale__42b65019e5,LONG,2026,remove_best_month,2026-05,47,31,14,38.6672504713,76.2998921251,0.147560920167,0.595744680851,1.4079503,1788.8553269,0.6,28.6672504713,0.239413914017,0.397811406989
long__current_state__7.0__session_return_bin__above_plus_one_scale__42b65019e5,LONG,2026,remove_best_stock,IONQ,51,34,15,42.7137175022,83.2921245421,0.137641354055,0.607843137255,1.42474994718,2216.04185277,0.666666666667,32.7137175022,0.161590389771,0.362405264845
long__current_state__7.0__session_return_bin__above_plus_one_scale__42b65019e5,LONG,2026,remove_top_five_episodes,2026-05-21|clock_12|2026-03-24|clock_12|2026-02-09|clock_36|2026-05-22|clock_12|2026-02-24|clock_36,46,32,14,4.66346834682,60.8840703609,0.0774015647044,0.54347826087,1.04178180193,2360.07879294,0.5,-5.33653165318,0.245903913307,0.33881026383
long__current_state__7.0__session_return_bin__above_plus_one_scale__42b65019e5,LONG,2026,remove_top_five_stocks,IONQ|AAOI|RGTI|HIMS|SMCI,30,19,11,-29.2219619361,17.5027656564,0.0303121248499,0.5,0.774274358947,1548.30468789,0.333333333333,-39.2219619361,0.146843764763,0.467343874262
long__current_state__7.0__session_return_bin__above_plus_one_scale__42b65019e5,LONG,2026,twice_cost,,57,37,16,54.6291434499,80.2231340181,0.160350331505,0.631578947368,1.58265288225,2286.04185277,0.666666666667,44.6291434499,0.188980187219,0.338931334828
long__state_motif_2__5gt7__c18eb8666c,LONG,2024,coarse_clock_bin,kept:clock_12,52,43,11,102.355418077,3.79477388486,0.0417745003274,0.5,1.96995694214,1540.20552588,0.666666666667,92.3554180767,0.280376960379,0.297945526582
long__state_motif_2__5gt7__c18eb8666c,LONG,2024,coarse_clock_bin,kept:clock_36,132,86,14,26.9815642295,14.1960297496,0.064117235083,0.515151515152,1.19308160349,2614.78708486,0.7,16.9815642295,0.230254622223,0.248989609674
long__state_motif_2__5gt7__c18eb8666c,LONG,2024,dead_band_1x_cost,,184,107,17,48.2828707515,10.6962317759,0.0454298924158,0.510869565217,1.37120105933,2215.58756863,0.666666666667,38.2828707515,0.264213720738,0.271524489352
long__state_motif_2__5gt7__c18eb8666c,LONG,2024,dead_band_3x_cost,,184,107,17,48.2828707515,10.6962317759,0.0711345247622,0.510869565217,1.37120105933,2215.58756863,0.666666666667,38.2828707515,0.264213720738,0.271524489352
long__state_motif_2__5gt7__c18eb8666c,LONG,2024,exclude_weakest_historical_activity_cohort,,184,107,17,48.2828707515,10.6962317759,0.0568614467803,0.510869565217,1.37120105933,2215.58756863,0.666666666667,38.2828707515,0.264213720738,0.271524489352
long__state_motif_2__5gt7__c18eb8666c,LONG,2024,motif_length_2,,184,107,17,48.2828707515,10.6962317759,0.0587934560327,0.510869565217,1.37120105933,2215.58756863,0.666666666667,38.2828707515,0.264213720738,0.271524489352
long__state_motif_2__5gt7__c18eb8666c,LONG,2024,movement_permission_off,,162,93,16,51.2067449558,7.65385950325,0.0619845703645,0.506172839506,1.38860513525,2125.715963,0.583333333333,41.2067449558,0.23338041803,0.272622147667
long__state_motif_2__5gt7__c18eb8666c,LONG,2024,movement_permission_on,,22,22,10,26.7525243379,23.6550785495,0.0481874447392,0.545454545455,1.22755706086,1393.05254085,0.444444444444,16.7525243379,0.352359299246,0.250358027549
long__state_motif_2__5gt7__c18eb8666c,LONG,2024,one_bar_execution_delay_same_terminal,,184,107,17,40.3178962575,4.39957190782,0.0568351560416,0.505434782609,1.32918835364,2562.53502043,0.583333333333,30.3178962575,0.293422501909,0.262123125465
long__state_motif_2__5gt7__c18eb8666c,LONG,2024,primary_cost,,184,107,17,48.2828707515,10.6962317759,0.0587934560327,0.510869565217,1.37120105933,2215.58756863,0.666666666667,38.2828707515,0.264213720738,0.271524489352
long__state_motif_2__5gt7__c18eb8666c,LONG,2024,remove_best_episode,2024-11-22|clock_36,180,107,17,37.6423311616,0.752401612192,0.0487249544627,0.5,1.28310485431,3123.64733173,0.666666666667,27.6423311616,0.281472421545,0.257368305957
long__state_motif_2__5gt7__c18eb8666c,LONG,2024,remove_best_month,2024-08,165,94,17,26.7067580339,-7.54468766016,0.0423874991069,0.484848484848,1.18728262424,2215.58756863,0.636363636364,16.7067580339,0.237897433282,0.290780078974
long__state_motif_2__5gt7__c18eb8666c,LONG,2024,remove_best_stock,ASTS,171,100,16,29.2642193321,-1.53905785502,0.0550829110371,0.497076023392,1.21300943045,2497.5276394,0.5,19.2642193321,0.255586408041,0.252944097097
long__state_motif_2__5gt7__c18eb8666c,LONG,2024,remove_top_five_episodes,2024-11-22|clock_36|2024-09-09|clock_12|2024-12-05|clock_36|2024-12-11|clock_36|2024-02-15|clock_36,169,104,17,-1.49523733307,-7.54468766016,0.0281994229547,0.479289940828,0.989379743893,6292.63077778,0.5,-11.4952373331,0.220557502497,0.399356504955
long__state_motif_2__5gt7__c18eb8666c,LONG,2024,remove_top_five_stocks,ASTS|QBTS|SMCI|MRNA|AAOI,110,79,12,-16.2768647031,-33.6851570731,0.0104795055061,0.454545454545,0.894249541838,3791.38137118,0.416666666667,-26.2768647031,0.303138977831,0.312483696919
long__state_motif_2__5gt7__c18eb8666c,LONG,2024,twice_cost,,184,107,17,38.2828707515,0.696231775916,0.0587934560327,0.5,1.28356450535,2542.63804723,0.583333333333,28.2828707515,0.260948410493,0.263139044815
long__state_motif_2__5gt7__c18eb8666c,LONG,2025,coarse_clock_bin,kept:clock_12,67,52,17,14.1725738411,6.95548961424,0.0170218028692,0.537313432836,1.11960048963,2305.29729762,0.75,4.17257384109,0.179553623343,0.226912582877
long__state_motif_2__5gt7__c18eb8666c,LONG,2025,coarse_clock_bin,kept:clock_36,153,104,18,40.4040649746,37.3265436028,0.0888939919506,0.535947712418,1.31832860981,2436.81881024,0.5,30.4040649746,0.195615863613,0.316288457631
long__state_motif_2__5gt7__c18eb8666c,LONG,2025,dead_band_1x_cost,,220,121,19,32.4153835839,20.1961542193,0.0630065298939,0.536363636364,1.26065880822,2953.85065639,0.416666666667,22.4153835839,0.171673113968,0.330915378955
long__state_motif_2__5gt7__c18eb8666c,LONG,2025,dead_band_3x_cost,,220,121,19,32.4153835839,20.1961542193,0.073713703515,0.536363636364,1.26065880822,2953.85065639,0.416666666667,22.4153835839,0.171673113968,0.330915378955
long__state_motif_2__5gt7__c18eb8666c,LONG,2025,exclude_weakest_historical_activity_cohort,,219,120,19,32.2901674512,17.2186986643,0.0573555497616,0.534246575342,1.25847168338,2953.85065639,0.416666666667,22.2901674512,0.172325780241,0.33201501406
long__state_motif_2__5gt7__c18eb8666c,LONG,2025,motif_length_2,,220,121,19,32.4153835839,20.1961542193,0.0629995831983,0.536363636364,1.26065880822,2953.85065639,0.416666666667,22.4153835839,0.171673113968,0.330915378955
long__state_motif_2__5gt7__c18eb8666c,LONG,2025,movement_permission_off,,198,113,18,36.4118367961,23.3148917632,0.0684914938862,0.535353535354,1.28982106971,3012.11062934,0.5,26.4118367961,0.169514547546,0.343723160493
long__state_motif_2__5gt7__c18eb8666c,LONG,2025,movement_permission_on,,22,20,12,-3.55269532561,5.66330067999,0.00759285860866,0.545454545455,0.968525186475,1215.97611334,0.4,-13.5526953256,0.27824777529,0.323061417426
long__state_motif_2__5gt7__c18eb8666c,LONG,2025,one_bar_execution_delay_same_terminal,,220,121,19,45.4051145967,-0.666282825047,0.0384152271569,0.5,1.38710465344,3054.66491617,0.583333333333,35.4051145967,0.180265877589,0.263696992447
long__state_motif_2__5gt7__c18eb8666c,LONG,2025,primary_cost,,220,121,19,32.4153835839,20.1961542193,0.0629995831983,0.536363636364,1.26065880822,2953.85065639,0.416666666667,22.4153835839,0.171673113968,0.330915378955
long__state_motif_2__5gt7__c18eb8666c,LONG,2025,remove_best_episode,2025-01-08|clock_36,217,120,19,13.7791077008,10.7433444739,0.0571829333629,0.529953917051,1.10928973876,2953.85065639,0.416666666667,3.77910770084,0.206872036383,0.224906001904
long__state_motif_2__5gt7__c18eb8666c,LONG,2025,remove_best_month,2025-01,182,104,18,6.33385962802,20.1961542193,0.0583865746656,0.538461538462,1.05169068674,3371.54610435,0.363636363636,-3.66614037198,0.21437404833,0.259089527975
long__state_motif_2__5gt7__c18eb8666c,LONG,2025,remove_best_stock,IONQ,210,120,18,21.0432989624,13.9810215691,0.0595023595024,0.533333333333,1.16608908829,2953.85065639,0.416666666667,11.0432989624,0.184282558565,0.263404026281
long__state_motif_2__5gt7__c18eb8666c,LONG,2025,remove_top_five_episodes,2025-01-08|clock_36|2025-01-14|clock_36|2025-05-08|clock_36|2025-04-07|clock_12|2025-08-14|clock_36,204,117,19,-19.6869257672,5.6225002474,0.0384483833669,0.509803921569,0.851141995099,6083.02557404,0.25,-29.6869257672,0.184565991818,0.205059339135
long__state_motif_2__5gt7__c18eb8666c,LONG,2025,remove_top_five_stocks,IONQ|HIMS|QBTS|RGTI|WULF,125,84,14,-20.6184024126,4.01095366167,0.0239251626898,0.504,0.838984085091,3310.92895711,0.25,-30.6184024126,0.341623359078,0.263842720301
long__state_motif_2__5gt7__c18eb8666c,LONG,2025,twice_cost,,220,121,19,22.4153835839,10.1961542193,0.0629995831983,0.513636363636,1.1736566051,3223.85065639,0.416666666667,12.4153835839,0.173123776085,0.303170301272
long__state_motif_2__5gt7__c18eb8666c,LONG,2026,coarse_clock_bin,kept:clock_12,18,14,11,39.2265400935,55.0738325328,0.0440460380699,0.5,1.29309542765,943.959362135,0.4,29.2265400935,0.208942029483,0.516684406428
long__state_motif_2__5gt7__c18eb8666c,LONG,2026,coarse_clock_bin,kept:clock_36,37,30,15,51.0016457999,69.3289461823,0.107975504496,0.594594594595,1.62633306969,1263.2955994,0.666666666667,41.0016457999,0.188693873518,0.268269062241
long__state_motif_2__5gt7__c18eb8666c,LONG,2026,dead_band_1x_cost,,55,39,18,47.1479748415,69.3289461823,0.0675243885197,0.563636363636,1.47827047469,1356.03165107,0.5,37.1479748415,0.183620997389,0.406710323714
long__state_motif_2__5gt7__c18eb8666c,LONG,2026,dead_band_3x_cost,,55,39,18,47.1479748415,69.3289461823,0.112847650017,0.563636363636,1.47827047469,1356.03165107,0.5,37.1479748415,0.183620997389,0.406710323714
long__state_motif_2__5gt7__c18eb8666c,LONG,2026,exclude_weakest_historical_activity_cohort,,53,39,18,50.6619541246,78.6849234967,0.0823657474601,0.566037735849,1.50811118738,1356.03165107,0.5,40.6619541246,0.179504769063,0.41676335945
long__state_motif_2__5gt7__c18eb8666c,LONG,2026,motif_length_2,,55,39,18,47.1479748415,69.3289461823,0.0924077477732,0.563636363636,1.47827047469,1356.03165107,0.5,37.1479748415,0.183620997389,0.406710323714
long__state_motif_2__5gt7__c18eb8666c,LONG,2026,movement_permission_off,,44,31,14,74.6606077742,112.190794042,0.163283318623,0.636363636364,1.83014683985,1356.03165107,0.5,64.6606077742,0.218316011028,0.504694660913
long__state_motif_2__5gt7__c18eb8666c,LONG,2026,movement_permission_on,,11,10,8,-62.9025568896,-75.9534778971,-0.192789968652,0.272727272727,0.527596268322,1038.10413748,0.4,-72.9025568896,0.258052990638,0.533305546957
long__state_motif_2__5gt7__c18eb8666c,LONG,2026,one_bar_execution_delay_same_terminal,,55,39,18,14.7143451188,46.6345900921,0.07355941104,0.563636363636,1.14249071183,1786.08723774,0.5,4.71434511883,0.156789885623,0.372969967558
long__state_motif_2__5gt7__c18eb8666c,LONG,2026,primary_cost,,55,39,18,47.1479748415,69.3289461823,0.0924077477732,0.563636363636,1.47827047469,1356.03165107,0.5,37.1479748415,0.183620997389,0.406710323714
long__state_motif_2__5gt7__c18eb8666c,LONG,2026,remove_best_episode,2026-05-21|clock_12,52,38,17,30.4956986165,42.4330120248,0.0688051350702,0.538461538462,1.29247568657,1880.5348917,0.5,20.4956986165,0.150905610603,0.315863484259
long__state_motif_2__5gt7__c18eb8666c,LONG,2026,remove_best_month,2026-05,45,33,17,-10.9379354439,-5.61817106685,0.0184829059829,0.466666666667,0.909218844112,2138.71818981,0.4,-20.9379354439,0.180688330152,0.268490013213
long__state_motif_2__5gt7__c18eb8666c,LONG,2026,remove_best_stock,IONQ,49,35,17,23.0172068726,39.3437158998,0.0604104616976,0.530612244898,1.20823167286,1356.03165107,0.5,13.0172068726,0.174337876043,0.316338397085
long__state_motif_2__5gt7__c18eb8666c,LONG,2026,remove_top_five_episodes,2026-05-21|clock_12|2026-05-27|clock_12|2026-05-08|clock_36|2026-02-13|clock_12|2026-02-25|clock_36,47,34,17,-12.2770494266,-3.55254674404,0.0239500441553,0.489361702128,0.893575969926,3160.00524662,0.5,-22.2770494266,0.172987147895,0.236196223011
long__state_motif_2__5gt7__c18eb8666c,LONG,2026,remove_top_five_stocks,IONQ|IREN|HIMS|AAOI|RIVN,25,21,13,-89.7926777886,-87.9373636647,-0.0685335742246,0.4,0.49599466143,2329.30742794,0.333333333333,-99.7926777886,0.207899830017,0.260127657869
long__state_motif_2__5gt7__c18eb8666c,LONG,2026,twice_cost,,55,39,18,37.1479748415,59.3289461823,0.0924077477732,0.563636363636,1.36085689458,1416.03165107,0.5,27.1479748415,0.179475805538,0.395090748099
long__state_motif_3__4gt2gt4__427c3a9b1f,LONG,2024,coarse_clock_bin,kept:clock_12,126,80,20,5.16622183688,-10.4792075885,-0.0104233018704,0.47619047619,1.0741511687,2974.41290844,0.416666666667,-4.83377816312,0.117629607845,0.335857922114
long__state_motif_3__4gt2gt4__427c3a9b1f,LONG,2024,coarse_clock_bin,kept:clock_36,109,66,17,71.6060304342,67.0712958941,0.17122037659,0.623853211009,2.09220150779,1187.07252586,0.75,61.6060304342,0.172127185586,0.279267752117
long__state_motif_3__4gt2gt4__427c3a9b1f,LONG,2024,dead_band_1x_cost,,235,125,20,35.9829841224,21.8066157761,0.0792411782622,0.544680851064,1.53099654412,2030.36516383,0.666666666667,25.9829841224,0.137804682791,0.364979035062
long__state_motif_3__4gt2gt4__427c3a9b1f,LONG,2024,dead_band_3x_cost,,235,125,20,35.9829841224,21.8066157761,0.088387068703,0.544680851064,1.53099654412,2030.36516383,0.666666666667,25.9829841224,0.137804682791,0.364979035062
long__state_motif_3__4gt2gt4__427c3a9b1f,LONG,2024,exclude_weakest_historical_activity_cohort,,133,88,20,59.1729983439,48.6886578974,0.105733627231,0.571428571429,1.92648842098,1304.71076519,0.666666666667,49.1729983439,0.120996557331,0.438006145258
long__state_motif_3__4gt2gt4__427c3a9b1f,LONG,2024,motif_length_3,,235,125,20,35.9829841224,21.8066157761,0.073687073054,0.544680851064,1.53099654412,2030.36516383,0.666666666667,25.9829841224,0.137804682791,0.364979035062
long__state_motif_3__4gt2gt4__427c3a9b1f,LONG,2024,movement_permission_off,,188,112,20,38.3371422341,39.0416890922,0.0885803150453,0.558510638298,1.57563739875,1596.08011531,0.583333333333,28.3371422341,0.155269867162,0.384658280748
long__state_motif_3__4gt2gt4__427c3a9b1f,LONG,2024,movement_permission_on,,47,42,17,26.5663516757,-10,0.0162725511221,0.489361702128,1.36680088187,1214.36455542,0.666666666667,16.5663516757,0.226090519822,0.191937437718
long__state_motif_3__4gt2gt4__427c3a9b1f,LONG,2024,one_bar_execution_delay_same_terminal,,235,125,20,34.4595888695,14.0830127453,0.0686529173737,0.548936170213,1.55276348953,1720.20261365,0.583333333333,24.4595888695,0.146147330055,0.41494447035
long__state_motif_3__4gt2gt4__427c3a9b1f,LONG,2024,primary_cost,,235,125,20,35.9829841224,21.8066157761,0.073687073054,0.544680851064,1.53099654412,2030.36516383,0.666666666667,25.9829841224,0.137804682791,0.364979035062
long__state_motif_3__4gt2gt4__427c3a9b1f,LONG,2024,remove_best_episode,2024-01-19|clock_36,233,124,20,31.0659924312,21.5121607332,0.0705656793077,0.540772532189,1.45453550022,2030.36516383,0.666666666667,21.0659924312,0.144458047888,0.400046451576
long__state_motif_3__4gt2gt4__427c3a9b1f,LONG,2024,remove_best_month,2024-07,210,115,20,16.1249174634,9.29679776868,0.0500640040963,0.52380952381,1.22521530876,1971.82142738,0.636363636364,6.12491746345,0.117852181306,0.207774420281
long__state_motif_3__4gt2gt4__427c3a9b1f,LONG,2024,remove_best_stock,WULF,222,121,19,27.5943363988,13.9199361973,0.0591432569153,0.531531531532,1.40221844099,2030.36516383,0.583333333333,17.5943363988,0.155481237989,0.28735896366
long__state_motif_3__4gt2gt4__427c3a9b1f,LONG,2024,remove_top_five_episodes,2024-01-19|clock_36|2024-07-12|clock_12|2024-07-15|clock_36|2024-04-22|clock_36|2024-07-22|clock_36,221,121,20,14.8261360301,5.6016656892,0.0459397554317,0.515837104072,1.2057533473,2290.62642509,0.666666666667,4.82613603012,0.120869023121,0.26225645355
long__state_motif_3__4gt2gt4__427c3a9b1f,LONG,2024,remove_top_five_stocks,WULF|MARA|RIOT|APLD|CIFR,160,106,15,-3.71558542823,-10.3928486924,0.0133687653312,0.46875,0.952579882962,2230.06573138,0.5,-13.7155854282,0.128636939505,0.233034583007
long__state_motif_3__4gt2gt4__427c3a9b1f,LONG,2024,twice_cost,,235,125,20,25.9829841224,11.8066157761,0.073687073054,0.514893617021,1.35868118221,2376.16783257,0.5,15.9829841224,0.136370549677,0.354839660536
long__state_motif_3__4gt2gt4__427c3a9b1f,LONG,2025,coarse_clock_bin,kept:clock_12,99,70,20,2.77804009202,2.83148099499,0.0242583474192,0.515151515152,1.03988253457,1978.79581701,0.416666666667,-7.22195990798,0.151982073677,0.206859959847
long__state_motif_3__4gt2gt4__427c3a9b1f,LONG,2025,coarse_clock_bin,kept:clock_36,87,61,18,-30.1598119636,-19.308234643,-0.00373616355989,0.448275862069,0.683374671325,3539.45950901,0.25,-40.1598119636,0.184518483595,0.203921105738
long__state_motif_3__4gt2gt4__427c3a9b1f,LONG,2025,dead_band_1x_cost,,186,114,20,-12.6283745791,-10,0.0105138612722,0.483870967742,0.845295481016,4488.12374986,0.25,-22.6283745791,0.140815786985,0.122786095573
long__state_motif_3__4gt2gt4__427c3a9b1f,LONG,2025,dead_band_3x_cost,,186,114,20,-12.6283745791,-10,0.0253266067408,0.483870967742,0.845295481016,4488.12374986,0.25,-22.6283745791,0.140815786985,0.122786095573
long__state_motif_3__4gt2gt4__427c3a9b1f,LONG,2025,exclude_weakest_historical_activity_cohort,,134,92,20,-13.3740989552,0.0659261602853,0.0160892783787,0.5,0.832870810279,3458.92857937,0.333333333333,-23.3740989552,0.169099201019,0.18643148049
long__state_motif_3__4gt2gt4__427c3a9b1f,LONG,2025,motif_length_3,,186,114,20,-12.6283745791,-10,0.0117288109597,0.483870967742,0.845295481016,4488.12374986,0.25,-22.6283745791,0.140815786985,0.122786095573
long__state_motif_3__4gt2gt4__427c3a9b1f,LONG,2025,movement_permission_off,,134,90,20,-22.447602347,-14.0784848705,-0.0114120188531,0.462686567164,0.734188311472,4929.17407779,0.333333333333,-32.447602347,0.152006758613,0.206873843195
long__state_motif_3__4gt2gt4__427c3a9b1f,LONG,2025,movement_permission_on,,52,42,19,12.6750200535,20.8159387127,0.072278173294,0.538461538462,1.17045166533,990.724011795,0.416666666667,2.67502005346,0.167084486785,0.158843293908
long__state_motif_3__4gt2gt4__427c3a9b1f,LONG,2025,one_bar_execution_delay_same_terminal,,186,114,20,-9.94243065442,-6.22239554766,0.00820994856457,0.483870967742,0.866194496257,3666.52638896,0.333333333333,-19.9424306544,0.15983567762,0.154536427846
long__state_motif_3__4gt2gt4__427c3a9b1f,LONG,2025,primary_cost,,186,114,20,-12.6283745791,-10,0.0117288109597,0.483870967742,0.845295481016,4488.12374986,0.25,-22.6283745791,0.140815786985,0.122786095573
long__state_motif_3__4gt2gt4__427c3a9b1f,LONG,2025,remove_best_episode,2025-03-04|clock_36,182,113,20,-18.8548770115,-13.1114090055,0.000932298941487,0.472527472527,0.773984776691,5447.11431784,0.166666666667,-28.8548770115,0.133305681012,0.128705980718
long__state_motif_3__4gt2gt4__427c3a9b1f,LONG,2025,remove_best_month,2025-05,163,101,20,-19.446902992,-16.7222122003,0.00303819267046,0.460122699387,0.774223600035,5734.76122364,0.181818181818,-29.446902992,0.109123218341,0.139389979293
long__state_motif_3__4gt2gt4__427c3a9b1f,LONG,2025,remove_best_stock,WULF,176,108,19,-18.2682030148,-11.5098391467,0.00316773394934,0.477272727273,0.774646726359,4488.12374986,0.25,-28.2682030148,0.15549103617,0.192448168391
long__state_motif_3__4gt2gt4__427c3a9b1f,LONG,2025,remove_top_five_episodes,2025-03-04|clock_36|2025-06-04|clock_36|2025-05-02|clock_12|2025-02-12|clock_12|2025-09-22|clock_12,175,111,20,-31.9368191561,-15.6404400914,-0.0123432100581,0.457142857143,0.63074240409,6223.9830974,0.166666666667,-41.9368191561,0.134187586513,0.198610209762
long__state_motif_3__4gt2gt4__427c3a9b1f,LONG,2025,remove_top_five_stocks,WULF|MRNA|MP|RIVN|AAOI,140,101,15,-38.5390750264,-23.5600673682,-0.0506391079685,0.428571428571,0.578901904398,6119.7745715,0.166666666667,-48.5390750264,0.210771949258,0.223881747815
long__state_motif_3__4gt2gt4__427c3a9b1f,LONG,2025,twice_cost,,186,114,20,-22.6283745791,-20,0.0117288109597,0.462365591398,0.739643319706,5728.12374986,0.25,-32.6283745791,0.147121023585,0.134616737941
long__state_motif_3__4gt2gt4__427c3a9b1f,LONG,2026,coarse_clock_bin,kept:clock_12,38,28,16,-25.6305259059,-7.50197788248,-0.0612171198248,0.447368421053,0.686497034215,1590.89824991,0.333333333333,-35.6305259059,0.16740769439,0.443027853954
long__state_motif_3__4gt2gt4__427c3a9b1f,LONG,2026,coarse_clock_bin,kept:clock_36,48,29,17,39.8636262932,24.932555499,0.0967142432352,0.604166666667,1.76342253506,867.698619477,0.5,29.8636262932,0.236056591267,0.472053108923
long__state_motif_3__4gt2gt4__427c3a9b1f,LONG,2026,dead_band_1x_cost,,86,50,18,10.9243497401,12.2229011383,0.0387717458136,0.53488372093,1.16737476884,1594.44764765,0.666666666667,0.924349740078,0.155019650843,0.430693467292
long__state_motif_3__4gt2gt4__427c3a9b1f,LONG,2026,dead_band_3x_cost,,86,50,18,10.9243497401,12.2229011383,0.00269965847383,0.53488372093,1.16737476884,1594.44764765,0.666666666667,0.924349740078,0.155019650843,0.430693467292
long__state_motif_3__4gt2gt4__427c3a9b1f,LONG,2026,exclude_weakest_historical_activity_cohort,,53,35,16,39.9773600454,33.9867722637,0.0823657474601,0.603773584906,1.7925218411,536.432085209,0.833333333333,29.9773600454,0.203960802295,0.306998738017
long__state_motif_3__4gt2gt4__427c3a9b1f,LONG,2026,motif_length_3,,86,50,18,10.9243497401,12.2229011383,0.0287713841369,0.53488372093,1.16737476884,1594.44764765,0.666666666667,0.924349740078,0.155019650843,0.430693467292
long__state_motif_3__4gt2gt4__427c3a9b1f,LONG,2026,movement_permission_off,,61,37,18,8.25048824349,14.7660979637,0.035116403571,0.540983606557,1.12510467423,1136.12659051,0.666666666667,-1.74951175651,0.170768415259,0.428608448037
long__state_motif_3__4gt2gt4__427c3a9b1f,LONG,2026,movement_permission_on,,25,20,14,17.4485717918,4.31901571128,0.0144827586207,0.52,1.27430600605,1389.89456446,0.666666666667,7.44857179176,0.184809754525,0.386559930561
long__state_motif_3__4gt2gt4__427c3a9b1f,LONG,2026,one_bar_execution_delay_same_terminal,,86,50,18,6.15737486975,-11.527815441,0.0164769586087,0.488372093023,1.08622658966,1649.97262013,0.666666666667,-3.84262513025,0.142920251471,0.343716737763
long__state_motif_3__4gt2gt4__427c3a9b1f,LONG,2026,primary_cost,,86,50,18,10.9243497401,12.2229011383,0.0287713841369,0.53488372093,1.16737476884,1594.44764765,0.666666666667,0.924349740078,0.155019650843,0.430693467292
long__state_motif_3__4gt2gt4__427c3a9b1f,LONG,2026,remove_best_episode,2026-05-27|clock_36,83,49,18,-3.36496155262,4.31901571128,0.0107095046854,0.518072289157,0.950243005187,1594.44764765,0.666666666667,-13.3649615526,0.146539492074,0.330274374724
long__state_motif_3__4gt2gt4__427c3a9b1f,LONG,2026,remove_best_month,2026-05,73,41,18,-6.75900970065,3.19254612046,0.0175696639738,0.506849315068,0.904596014597,1664.89684802,0.6,-16.7590097007,0.128238869285,0.367610521013
long__state_motif_3__4gt2gt4__427c3a9b1f,LONG,2026,remove_best_stock,CIFR,79,49,17,-1.02314582896,3.19254612046,-0.00172301622903,0.506329113924,0.985177675271,1594.44764765,0.666666666667,-11.023145829,0.142448715375,0.331112789074
long__state_motif_3__4gt2gt4__427c3a9b1f,LONG,2026,remove_top_five_episodes,2026-05-27|clock_36|2026-03-31|clock_36|2026-02-13|clock_12|2026-05-28|clock_36|2026-01-26|clock_12,77,47,17,-25.3748333207,-5.89406684242,-0.0151618293211,0.480519480519,0.651911346638,2115.40095103,0.333333333333,-35.3748333207,0.156614514152,0.391756788973
long__state_motif_3__4gt2gt4__427c3a9b1f,LONG,2026,remove_top_five_stocks,CIFR|WULF|ASTS|MARA|NVTS,60,45,13,-32.9338860526,-27.869174712,-0.0789251207729,0.433333333333,0.587714326869,2000.82934289,0.333333333333,-42.9338860526,0.216082814873,0.377631235377
long__state_motif_3__4gt2gt4__427c3a9b1f,LONG,2026,twice_cost,,86,50,18,0.924349740078,2.2229011383,0.0287713841369,0.5,1.01319201193,1783.44506383,0.5,-9.07565025992,0.14540916459,0.375735870797
long__state_motif_3__7gt5gt7__a8f904db4a,LONG,2024,coarse_clock_bin,kept:clock_12,32,28,11,124.473739738,15.318431907,0.0610052695582,0.5,2.05013285821,1916.54980535,0.6,114.473739738,0.279770314682,0.27563042583
long__state_motif_3__7gt5gt7__a8f904db4a,LONG,2024,coarse_clock_bin,kept:clock_36,117,78,14,29.9921272044,12.2638579271,0.0608149817807,0.512820512821,1.21833394064,1663.68317511,0.666666666667,19.9921272044,0.184395377756,0.276104863671
long__state_motif_3__7gt5gt7__a8f904db4a,LONG,2024,dead_band_1x_cost,,149,93,17,50.2834802317,12.2638579271,0.0446274412923,0.510067114094,1.37715626573,2754.8535275,0.666666666667,40.2834802317,0.290190944955,0.289418970949
long__state_motif_3__7gt5gt7__a8f904db4a,LONG,2024,dead_band_3x_cost,,149,93,17,50.2834802317,12.2638579271,0.0719369758856,0.510067114094,1.37715626573,2754.8535275,0.666666666667,40.2834802317,0.290190944955,0.289418970949
long__state_motif_3__7gt5gt7__a8f904db4a,LONG,2024,exclude_weakest_historical_activity_cohort,,149,93,17,50.2834802317,12.2638579271,0.0602171514783,0.510067114094,1.37715626573,2754.8535275,0.666666666667,40.2834802317,0.290190944955,0.289418970949
long__state_motif_3__7gt5gt7__a8f904db4a,LONG,2024,motif_length_3,,149,93,17,50.2834802317,12.2638579271,0.0621491607307,0.510067114094,1.37715626573,2754.8535275,0.666666666667,40.2834802317,0.290190944955,0.289418970949
long__state_motif_3__7gt5gt7__a8f904db4a,LONG,2024,movement_permission_off,,137,85,16,46.6145987953,3.04386107941,0.058334935328,0.503649635036,1.3467262829,2147.48987459,0.5,36.6145987953,0.241329217137,0.304028399048
long__state_motif_3__7gt5gt7__a8f904db4a,LONG,2024,movement_permission_on,,12,12,7,92.1698766305,79.4198488011,0.131520778073,0.583333333333,1.76462326115,940.507413189,0.571428571429,82.1698766305,0.49277594244,0.345111553793
long__state_motif_3__7gt5gt7__a8f904db4a,LONG,2024,one_bar_execution_delay_same_terminal,,149,93,17,37.5125879287,-8.96905817671,0.0454914151604,0.496644295302,1.29995301313,2943.14834373,0.666666666667,27.5125879287,0.280890089615,0.296830273317
long__state_motif_3__7gt5gt7__a8f904db4a,LONG,2024,primary_cost,,149,93,17,50.2834802317,12.2638579271,0.0621491607307,0.510067114094,1.37715626573,2754.8535275,0.666666666667,40.2834802317,0.290190944955,0.289418970949
long__state_motif_3__7gt5gt7__a8f904db4a,LONG,2024,remove_best_episode,2024-11-22|clock_36,145,93,17,37.129723761,-2.25669984324,0.0494912379876,0.496551724138,1.27101882029,4365.86122917,0.666666666667,27.129723761,0.276004724178,0.261023747747
long__state_motif_3__7gt5gt7__a8f904db4a,LONG,2024,remove_best_month,2024-08,135,82,17,26.076219256,-7.54468766016,0.0390204957399,0.481481481481,1.18035125825,2754.8535275,0.636363636364,16.076219256,0.127264584009,0.20756704395
long__state_motif_3__7gt5gt7__a8f904db4a,LONG,2024,remove_best_stock,ASTS,139,87,16,24.499986358,-3.59272349735,0.0472155207388,0.489208633094,1.17339074882,2754.8535275,0.5,14.499986358,0.210792980304,0.181641831924
long__state_motif_3__7gt5gt7__a8f904db4a,LONG,2024,remove_top_five_episodes,2024-11-22|clock_36|2024-09-09|clock_12|2024-12-11|clock_36|2024-02-15|clock_36|2024-08-15|clock_12,138,91,17,-2.26747603759,-12.9277892425,0.0323781291173,0.478260869565,0.98414065485,6187.70140011,0.5,-12.2674760376,0.204706205297,0.373353082733
long__state_motif_3__7gt5gt7__a8f904db4a,LONG,2024,remove_top_five_stocks,ASTS|SMCI|APLD|MRNA|AAOI,103,66,12,-12.507508045,-40.9730401809,0.0128513971127,0.456310679612,0.923490388706,2754.8535275,0.5,-22.507508045,0.173493668392,0.395156067615
long__state_motif_3__7gt5gt7__a8f904db4a,LONG,2024,twice_cost,,149,93,17,40.2834802317,2.26385792709,0.0621491607307,0.503355704698,1.29134203825,3024.8535275,0.666666666667,30.2834802317,0.287790292623,0.281887964871
long__state_motif_3__7gt5gt7__a8f904db4a,LONG,2025,coarse_clock_bin,kept:clock_12,37,30,15,15.641696631,10.0353538114,0.0529233760842,0.567567567568,1.12452819178,1546.030202,0.666666666667,5.64169663095,0.208549485986,0.160990931845
long__state_motif_3__7gt5gt7__a8f904db4a,LONG,2025,coarse_clock_bin,kept:clock_36,137,99,17,44.4590543722,34.1486387049,0.0850296725002,0.532846715328,1.35761083545,2422.70197915,0.5,34.4590543722,0.225503279104,0.373528449401
long__state_motif_3__7gt5gt7__a8f904db4a,LONG,2025,dead_band_1x_cost,,174,110,19,38.3312254272,23.6974398841,0.0668727785878,0.540229885057,1.30764474348,2753.91564156,0.416666666667,28.3312254272,0.195983577679,0.382175698817
long__state_motif_3__7gt5gt7__a8f904db4a,LONG,2025,dead_band_3x_cost,,174,110,19,38.3312254272,23.6974398841,0.0852079563886,0.540229885057,1.30764474348,2753.91564156,0.416666666667,28.3312254272,0.195983577679,0.382175698817
long__state_motif_3__7gt5gt7__a8f904db4a,LONG,2025,exclude_weakest_historical_activity_cohort,,173,109,19,38.2069104491,23.4561737523,0.0661712385202,0.537572254335,1.30488465782,2813.75335821,0.416666666667,28.2069104491,0.195284189977,0.383340315812
long__state_motif_3__7gt5gt7__a8f904db4a,LONG,2025,motif_length_3,,174,110,19,38.3312254272,23.6974398841,0.072351725309,0.540229885057,1.30764474348,2753.91564156,0.416666666667,28.3312254272,0.195983577679,0.382175698817
long__state_motif_3__7gt5gt7__a8f904db4a,LONG,2025,movement_permission_off,,159,102,17,45.192852681,23.9387060159,0.0765913604767,0.540880503145,1.36650966247,2456.05300586,0.5,35.192852681,0.191508933842,0.409517741422
long__state_motif_3__7gt5gt7__a8f904db4a,LONG,2025,movement_permission_on,,15,15,9,-34.4020234628,7.3156476983,0.0197140707299,0.533333333333,0.751190764577,1086.87852113,0.285714285714,-44.4020234628,0.316818736301,0.368500366994
long__state_motif_3__7gt5gt7__a8f904db4a,LONG,2025,one_bar_execution_delay_same_terminal,,174,110,19,38.442994437,-7.70310453556,0.0278614131549,0.488505747126,1.3208649201,3157.10418261,0.5,28.442994437,0.181460926062,0.360355381412
long__state_motif_3__7gt5gt7__a8f904db4a,LONG,2025,primary_cost,,174,110,19,38.3312254272,23.6974398841,0.072351725309,0.540229885057,1.30764474348,2753.91564156,0.416666666667,28.3312254272,0.195983577679,0.382175698817
long__state_motif_3__7gt5gt7__a8f904db4a,LONG,2025,remove_best_episode,2025-01-08|clock_36,171,109,19,14.7854690465,23.1736097742,0.0648903740076,0.53216374269,1.11662153781,2753.91564156,0.416666666667,4.78546904654,0.227407658076,0.217683797334
long__state_motif_3__7gt5gt7__a8f904db4a,LONG,2025,remove_best_month,2025-01,144,93,18,-5.95604685873,13.6270262378,0.0543420081211,0.527777777778,0.953064583058,3617.99595565,0.363636363636,-15.9560468587,0.226909166941,0.203522180648
long__state_motif_3__7gt5gt7__a8f904db4a,LONG,2025,remove_best_stock,QBTS,149,102,18,26.5913918436,23.1736097742,0.0676259811171,0.536912751678,1.2207827694,2753.91564156,0.5,16.5913918436,0.198052928943,0.295023370256
long__state_motif_3__7gt5gt7__a8f904db4a,LONG,2025,remove_top_five_episodes,2025-01-08|clock_36|2025-01-14|clock_36|2025-05-08|clock_36|2025-08-14|clock_36|2025-06-13|clock_12,164,107,19,-26.5370357612,8.24414740592,0.0473654420089,0.512195121951,0.799255430889,5395.8508956,0.25,-36.5370357612,0.238477884573,0.214469189242
long__state_motif_3__7gt5gt7__a8f904db4a,LONG,2025,remove_top_five_stocks,QBTS|RGTI|IONQ|HIMS|WULF,100,74,14,-20.9578362581,7.13556865627,0.0419251626898,0.51,0.842458816872,3661.08582978,0.25,-30.9578362581,0.435653085717,0.264166740394
long__state_motif_3__7gt5gt7__a8f904db4a,LONG,2025,twice_cost,,174,110,19,28.3312254272,13.6974398841,0.072351725309,0.522988505747,1.21922911931,3193.91564156,0.416666666667,18.3312254272,0.183547034939,0.361438838393
long__state_motif_3__7gt5gt7__a8f904db4a,LONG,2026,coarse_clock_bin,kept:clock_12,12,9,9,5.20904407451,55.0738325328,0.0440460380699,0.5,1.03807476173,1093.81995,0.25,-4.79095592549,0.210215759599,0.516009634019
long__state_motif_3__7gt5gt7__a8f904db4a,LONG,2026,coarse_clock_bin,kept:clock_36,31,25,12,85.1215076499,98.266051591,0.158542200224,0.645161290323,2.34733142951,1263.2955994,0.666666666667,75.1215076499,0.205628102817,0.366797192117
long__state_motif_3__7gt5gt7__a8f904db4a,LONG,2026,dead_band_1x_cost,,43,31,14,62.8203550242,98.266051591,0.108539187674,0.604651162791,1.75030322417,1427.56200456,0.666666666667,52.8203550242,0.196852665455,0.516485263749
long__state_motif_3__7gt5gt7__a8f904db4a,LONG,2026,dead_band_3x_cost,,43,31,14,62.8203550242,98.266051591,0.153862449172,0.604651162791,1.75030322417,1427.56200456,0.666666666667,52.8203550242,0.196852665455,0.516485263749
long__state_motif_3__7gt5gt7__a8f904db4a,LONG,2026,exclude_weakest_historical_activity_cohort,,41,31,14,68.1273223991,105.928935104,0.126084109172,0.609756097561,1.80664154795,1427.56200456,0.666666666667,58.1273223991,0.191071294547,0.539549887468
long__state_motif_3__7gt5gt7__a8f904db4a,LONG,2026,motif_length_3,,43,31,14,62.8203550242,98.266051591,0.133422546928,0.604651162791,1.75030322417,1427.56200456,0.666666666667,52.8203550242,0.196852665455,0.516485263749
long__state_motif_3__7gt5gt7__a8f904db4a,LONG,2026,movement_permission_off,,38,28,14,53.5905467217,88.4754875439,0.132182840154,0.605263157895,1.5831212848,1427.56200456,0.666666666667,43.5905467217,0.221165775627,0.553528472935
long__state_motif_3__7gt5gt7__a8f904db4a,LONG,2026,movement_permission_on,,5,5,3,132.966898123,105.928935104,0.134482758621,0.6,7.15964174389,63.4853806383,1,122.966898123,0.700037133957,0.700037133957
long__state_motif_3__7gt5gt7__a8f904db4a,LONG,2026,one_bar_execution_delay_same_terminal,,43,31,14,25.623473367,50.8518748981,0.109500214423,0.604651162791,1.28432480526,1627.364289,0.5,15.623473367,0.19479889419,0.475962069534
long__state_motif_3__7gt5gt7__a8f904db4a,LONG,2026,primary_cost,,43,31,14,62.8203550242,98.266051591,0.133422546928,0.604651162791,1.75030322417,1427.56200456,0.666666666667,52.8203550242,0.196852665455,0.516485263749
long__state_motif_3__7gt5gt7__a8f904db4a,LONG,2026,remove_best_episode,2026-05-21|clock_12,40,30,12,42.3478244454,62.1036158233,0.105343596609,0.575,1.47049939142,1952.06524519,0.666666666667,32.3478244454,0.19792139824,0.367683249778
long__state_motif_3__7gt5gt7__a8f904db4a,LONG,2026,remove_best_month,2026-05,35,26,12,14.0106635691,38.5580780568,0.066101953602,0.514285714286,1.13620552349,1952.06524519,0.6,4.01066356909,0.260005892127,0.384519920745
long__state_motif_3__7gt5gt7__a8f904db4a,LONG,2026,remove_best_stock,IONQ,38,27,13,39.757038497,62.1036158233,0.108745585221,0.578947368421,1.42028494955,1427.56200456,0.666666666667,29.757038497,0.205384216561,0.432530916233
long__state_motif_3__7gt5gt7__a8f904db4a,LONG,2026,remove_top_five_episodes,2026-05-21|clock_12|2026-05-08|clock_36|2026-02-25|clock_36|2026-02-09|clock_36|2026-04-16|clock_36,35,26,12,-7.74400906707,38.5580780568,0.0485416126523,0.514285714286,0.924716141838,1970.77850302,0.5,-17.7440090671,0.215557238305,0.310766173096
long__state_motif_3__7gt5gt7__a8f904db4a,LONG,2026,remove_top_five_stocks,IONQ|HIMS|AAOI|IREN|QBTS,19,16,9,-53.6484573955,-3.55254674404,0.0118671263126,0.473684210526,0.642702089104,1638.85795479,0.5,-63.6484573955,0.280704101963,0.384506252514
long__state_motif_3__7gt5gt7__a8f904db4a,LONG,2026,twice_cost,,43,31,14,52.8203550242,88.266051591,0.133422546928,0.604651162791,1.60242116858,1467.56200456,0.666666666667,42.8203550242,0.19272790197,0.508487415981
short__body_to_range_bin__bearish__stock_vs_market_return_bin__below_minus_one_scale__universe_breadth_bin__strong__8171d7634b,SHORT,2024,coarse_clock_bin,kept:clock_12,77,50,20,27.2894620138,23.440408424,0.0734237388068,0.545454545455,1.405946643,1788.49922565,0.666666666667,17.2894620138,0.202499298579,0.192789376476
short__body_to_range_bin__bearish__stock_vs_market_return_bin__below_minus_one_scale__universe_breadth_bin__strong__8171d7634b,SHORT,2024,coarse_clock_bin,kept:clock_36,119,72,20,28.6176193812,15.0107839071,0.0791435022214,0.571428571429,1.53048620119,1268.17049087,0.583333333333,18.6176193812,0.138149182962,0.332529429499
short__body_to_range_bin__bearish__stock_vs_market_return_bin__below_minus_one_scale__universe_breadth_bin__strong__8171d7634b,SHORT,2024,dead_band_1x_cost,,196,111,20,28.0958432726,20.4139793274,0.0762551646425,0.561224489796,1.47489299906,1868.11765983,0.666666666667,18.0958432726,0.103291202189,0.217216883683
short__body_to_range_bin__bearish__stock_vs_market_return_bin__below_minus_one_scale__universe_breadth_bin__strong__8171d7634b,SHORT,2024,dead_band_3x_cost,,196,111,20,28.0958432726,20.4139793274,0.0658486707566,0.561224489796,1.47489299906,1868.11765983,0.666666666667,18.0958432726,0.103291202189,0.217216883683
short__body_to_range_bin__bearish__stock_vs_market_return_bin__below_minus_one_scale__universe_breadth_bin__strong__8171d7634b,SHORT,2024,exclude_weakest_historical_activity_cohort,,132,82,20,36.5060167314,33.1049992554,0.0957823559214,0.583333333333,1.62000841634,2138.7579395,0.666666666667,26.5060167314,0.101385666309,0.205300557018
short__body_to_range_bin__bearish__stock_vs_market_return_bin__below_minus_one_scale__universe_breadth_bin__strong__8171d7634b,SHORT,2024,movement_permission_off,,155,95,20,34.5010661348,23.440408424,0.0895553896455,0.58064516129,1.61927460314,1398.35894834,0.666666666667,24.5010661348,0.111319800383,0.253636580941
short__body_to_range_bin__bearish__stock_vs_market_return_bin__below_minus_one_scale__universe_breadth_bin__strong__8171d7634b,SHORT,2024,movement_permission_on,,41,35,14,3.88097635436,-29.1286056247,0.0155808587264,0.487804878049,1.05374815215,1322.70661084,0.583333333333,-6.11902364564,0.187939612901,0.180940231059
short__body_to_range_bin__bearish__stock_vs_market_return_bin__below_minus_one_scale__universe_breadth_bin__strong__8171d7634b,SHORT,2024,one_bar_execution_delay_same_terminal,,196,111,20,20.3323426952,10.0846467816,0.0435478485873,0.535714285714,1.35435949293,1536.22283614,0.666666666667,10.3323426952,0.119718297939,0.237950704493
short__body_to_range_bin__bearish__stock_vs_market_return_bin__below_minus_one_scale__universe_breadth_bin__strong__8171d7634b,SHORT,2024,primary_cost,,196,111,20,28.0958432726,20.4139793274,0.0744668419515,0.561224489796,1.47489299906,1868.11765983,0.666666666667,18.0958432726,0.103291202189,0.217216883683
short__body_to_range_bin__bearish__stock_vs_market_return_bin__below_minus_one_scale__universe_breadth_bin__strong__8171d7634b,SHORT,2024,remove_best_episode,2024-02-15|clock_36,191,111,20,22.4303357466,15.0107839071,0.0623921766372,0.549738219895,1.36945943846,1868.11765983,0.583333333333,12.4303357466,0.112163757663,0.254746397944
short__body_to_range_bin__bearish__stock_vs_market_return_bin__below_minus_one_scale__universe_breadth_bin__strong__8171d7634b,SHORT,2024,remove_best_month,2024-08,177,100,20,22.8704881582,21.3085077739,0.082622123525,0.564971751412,1.37550902051,2142.14149815,0.636363636364,12.8704881582,0.111007505385,0.271546360094
short__body_to_range_bin__bearish__stock_vs_market_return_bin__below_minus_one_scale__universe_breadth_bin__strong__8171d7634b,SHORT,2024,remove_best_stock,SMCI,187,109,19,21.2378136069,15.6574727389,0.0663909874425,0.55614973262,1.35284507513,2325.95350739,0.75,11.2378136069,0.104663277394,0.253457377595
short__body_to_range_bin__bearish__stock_vs_market_return_bin__below_minus_one_scale__universe_breadth_bin__strong__8171d7634b,SHORT,2024,remove_top_five_episodes,2024-02-15|clock_36|2024-08-07|clock_36|2024-03-18|clock_12|2024-10-30|clock_12|2024-04-04|clock_36,183,109,20,6.48134094212,10.7238095238,0.0440545544867,0.530054644809,1.10228538437,2187.40712523,0.5,-3.51865905788,0.127871184806,0.236245891434
short__body_to_range_bin__bearish__stock_vs_market_return_bin__below_minus_one_scale__universe_breadth_bin__strong__8171d7634b,SHORT,2024,remove_top_five_stocks,SMCI|NVTS|IONQ|RIOT|ASTS,136,93,15,-3.489076036,-0.702105503931,0.0097103726987,0.492647058824,0.948390141969,3327.84532078,0.416666666667,-13.489076036,0.157049892241,0.191416552725
short__body_to_range_bin__bearish__stock_vs_market_return_bin__below_minus_one_scale__universe_breadth_bin__strong__8171d7634b,SHORT,2024,twice_cost,,196,111,20,18.0958432726,10.4139793274,0.0744668419515,0.535714285714,1.28422484209,2108.11765983,0.583333333333,8.09584327258,0.10435858131,0.218094319454
short__body_to_range_bin__bearish__stock_vs_market_return_bin__below_minus_one_scale__universe_breadth_bin__strong__8171d7634b,SHORT,2025,coarse_clock_bin,kept:clock_12,83,55,20,-51.2492761327,-25.0164097464,0.0269964254755,0.481927710843,0.554968819571,5251.54890099,0.25,-61.2492761327,0.188578546743,0.336387365177
short__body_to_range_bin__bearish__stock_vs_market_return_bin__below_minus_one_scale__universe_breadth_bin__strong__8171d7634b,SHORT,2025,coarse_clock_bin,kept:clock_36,92,58,20,-5.39579154168,-7.43913124835,-0.0328364942246,0.478260869565,0.925403960014,1409.21588031,0.416666666667,-15.3957915417,0.172574321086,0.166584038202
short__body_to_range_bin__bearish__stock_vs_market_return_bin__below_minus_one_scale__universe_breadth_bin__strong__8171d7634b,SHORT,2025,dead_band_1x_cost,,175,97,20,-27.1434442334,-10,0.00154865002547,0.48,0.707016443776,5541.49602483,0.333333333333,-37.1434442334,0.162725654335,0.194724318629
short__body_to_range_bin__bearish__stock_vs_market_return_bin__below_minus_one_scale__universe_breadth_bin__strong__8171d7634b,SHORT,2025,dead_band_3x_cost,,175,97,20,-27.1434442334,-10,-0.00403172985954,0.48,0.707016443776,5541.49602483,0.333333333333,-37.1434442334,0.162725654335,0.194724318629
short__body_to_range_bin__bearish__stock_vs_market_return_bin__below_minus_one_scale__universe_breadth_bin__strong__8171d7634b,SHORT,2025,exclude_weakest_historical_activity_cohort,,139,89,20,-26.7516978948,-6.22864321608,0.0120596936117,0.496402877698,0.729360683203,4432.26900842,0.333333333333,-36.7516978948,0.177297606376,0.233141150594
short__body_to_range_bin__bearish__stock_vs_market_return_bin__below_minus_one_scale__universe_breadth_bin__strong__8171d7634b,SHORT,2025,movement_permission_off,,140,86,20,-28.5041198335,-10.9504234983,-0.0151691729323,0.471428571429,0.706930215151,4645.90041054,0.416666666667,-38.5041198335,0.155332485244,0.193073459527
short__body_to_range_bin__bearish__stock_vs_market_return_bin__below_minus_one_scale__universe_breadth_bin__strong__8171d7634b,SHORT,2025,movement_permission_on,,35,31,15,-21.7007418333,6.22581968889,0.0374072879716,0.514285714286,0.707468659709,1153.51603265,0.272727272727,-31.7007418333,0.229060570205,0.352918010448
short__body_to_range_bin__bearish__stock_vs_market_return_bin__below_minus_one_scale__universe_breadth_bin__strong__8171d7634b,SHORT,2025,one_bar_execution_delay_same_terminal,,175,97,20,-28.2853156305,-22.2364170338,-0.00236663998253,0.468571428571,0.688107714403,5364.72925203,0.333333333333,-38.2853156305,0.16115996816,0.152253966959
short__body_to_range_bin__bearish__stock_vs_market_return_bin__below_minus_one_scale__universe_breadth_bin__strong__8171d7634b,SHORT,2025,primary_cost,,175,97,20,-27.1434442334,-10,-0.00440433738447,0.48,0.707016443776,5541.49602483,0.333333333333,-37.1434442334,0.162725654335,0.194724318629
short__body_to_range_bin__bearish__stock_vs_market_return_bin__below_minus_one_scale__universe_breadth_bin__strong__8171d7634b,SHORT,2025,remove_best_episode,2025-10-03|clock_36,173,96,20,-32.9665032028,-10.3093038203,-0.00983927744189,0.473988439306,0.648229651066,6494.59833806,0.333333333333,-42.9665032028,0.167284324733,0.275022043982
short__body_to_range_bin__bearish__stock_vs_market_return_bin__below_minus_one_scale__universe_breadth_bin__strong__8171d7634b,SHORT,2025,remove_best_month,2025-08,162,90,20,-32.8862959058,-20.7385783669,-0.0272974693902,0.456790123457,0.657964711603,6142.92100791,0.272727272727,-42.8862959058,0.167214816264,0.208731880264
short__body_to_range_bin__bearish__stock_vs_market_return_bin__below_minus_one_scale__universe_breadth_bin__strong__8171d7634b,SHORT,2025,remove_best_stock,HIMS,160,95,19,-38.3498517934,-16.0960206098,-0.0239002145923,0.4625,0.606387892018,6927.36957092,0.25,-48.3498517934,0.186195702811,0.282419466092
short__body_to_range_bin__bearish__stock_vs_market_return_bin__below_minus_one_scale__universe_breadth_bin__strong__8171d7634b,SHORT,2025,remove_top_five_episodes,2025-10-03|clock_36|2025-01-24|clock_36|2025-03-06|clock_12|2025-05-29|clock_36|2025-08-14|clock_12,165,93,20,-48.8935592377,-21.6456660625,-0.0335937865531,0.448484848485,0.50240519181,8697.77692908,0.0833333333333,-58.8935592377,0.157492384354,0.316584151801
short__body_to_range_bin__bearish__stock_vs_market_return_bin__below_minus_one_scale__universe_breadth_bin__strong__8171d7634b,SHORT,2025,remove_top_five_stocks,HIMS|MP|MRNA|SOFI|SMCI,116,74,15,-64.5284217837,-39.9626028655,-0.0991760964634,0.396551724138,0.473442469571,7751.57670562,0.166666666667,-74.5284217837,0.216614093073,0.269597242103
short__body_to_range_bin__bearish__stock_vs_market_return_bin__below_minus_one_scale__universe_breadth_bin__strong__8171d7634b,SHORT,2025,twice_cost,,175,97,20,-37.1434442334,-20,-0.00440433738447,0.451428571429,0.62092666871,6912.87152962,0.333333333333,-47.1434442334,0.172318072079,0.198132267583
short__body_to_range_bin__bearish__stock_vs_market_return_bin__below_minus_one_scale__universe_breadth_bin__strong__8171d7634b,SHORT,2026,coarse_clock_bin,kept:clock_12,19,16,9,18.3055624131,39.3606300442,0.126977470236,0.684210526316,1.29921029547,694.017105686,0.666666666667,8.30556241309,0.284929737384,0.33752400581
short__body_to_range_bin__bearish__stock_vs_market_return_bin__below_minus_one_scale__universe_breadth_bin__strong__8171d7634b,SHORT,2026,coarse_clock_bin,kept:clock_36,13,10,8,-3.67572660227,23.4990185226,0.128113634804,0.538461538462,0.959033650009,477.790170777,0.4,-13.6757266023,0.241411223941,0.35161340666
short__body_to_range_bin__bearish__stock_vs_market_return_bin__below_minus_one_scale__universe_breadth_bin__strong__8171d7634b,SHORT,2026,dead_band_1x_cost,,32,26,14,9.3756637506,31.4298242834,0.171323039325,0.625,1.12882840966,1057.42954495,0.666666666667,-0.6243362494,0.313004003926,0.369983366491
short__body_to_range_bin__bearish__stock_vs_market_return_bin__below_minus_one_scale__universe_breadth_bin__strong__8171d7634b,SHORT,2026,dead_band_3x_cost,,32,26,14,9.3756637506,31.4298242834,0.120896745168,0.625,1.12882840966,1057.42954495,0.666666666667,-0.6243362494,0.313004003926,0.369983366491
short__body_to_range_bin__bearish__stock_vs_market_return_bin__below_minus_one_scale__universe_breadth_bin__strong__8171d7634b,SHORT,2026,exclude_weakest_historical_activity_cohort,,16,13,11,41.6018998731,54.4304000695,0.259343251089,0.75,1.64006034586,779.85527708,0.8,31.6018998731,0.227728086723,0.357693174936
short__body_to_range_bin__bearish__stock_vs_market_return_bin__below_minus_one_scale__universe_breadth_bin__strong__8171d7634b,SHORT,2026,movement_permission_off,,25,22,12,-25.396235171,16.8969422424,0.0854604295381,0.56,0.720977505293,1157.53588492,0.5,-35.396235171,0.41645942466,0.302474836588
short__body_to_range_bin__bearish__stock_vs_market_return_bin__below_minus_one_scale__universe_breadth_bin__strong__8171d7634b,SHORT,2026,movement_permission_on,,7,6,6,133.561017042,195.504692041,0.293233082707,0.857142857143,18.5149108405,53.3789254085,1,123.561017042,0.271493984591,0.508632520744
short__body_to_range_bin__bearish__stock_vs_market_return_bin__below_minus_one_scale__universe_breadth_bin__strong__8171d7634b,SHORT,2026,one_bar_execution_delay_same_terminal,,32,26,14,6.14673578728,19.524243114,0.0913477560542,0.5625,1.08168180659,1028.07329178,0.666666666667,-3.85326421272,0.257075134398,0.424666836934
short__body_to_range_bin__bearish__stock_vs_market_return_bin__below_minus_one_scale__universe_breadth_bin__strong__8171d7634b,SHORT,2026,primary_cost,,32,26,14,9.3756637506,31.4298242834,0.131262497223,0.625,1.12882840966,1057.42954495,0.666666666667,-0.6243362494,0.313004003926,0.369983366491
short__body_to_range_bin__bearish__stock_vs_market_return_bin__below_minus_one_scale__universe_breadth_bin__strong__8171d7634b,SHORT,2026,remove_best_episode,2026-06-23|clock_36,29,25,13,-13.7762272565,16.8969422424,0.0884149625321,0.586206896552,0.828451098984,1218.72446723,0.5,-23.7762272565,0.377492003102,0.303469390036
short__body_to_range_bin__bearish__stock_vs_market_return_bin__below_minus_one_scale__universe_breadth_bin__strong__8171d7634b,SHORT,2026,remove_best_month,2026-01,25,19,14,-19.7061941907,16.8969422424,0.0865610142631,0.56,0.786845182697,1060.08008259,0.6,-29.7061941907,0.353685556273,0.470339314641
short__body_to_range_bin__bearish__stock_vs_market_return_bin__below_minus_one_scale__universe_breadth_bin__strong__8171d7634b,SHORT,2026,remove_best_stock,RIVN,25,20,13,-2.95265607221,16.8969422424,0.0891190253046,0.6,0.966511822018,1057.42954495,0.666666666667,-12.9526560722,0.362082148616,0.309377844716
short__body_to_range_bin__bearish__stock_vs_market_return_bin__below_minus_one_scale__universe_breadth_bin__strong__8171d7634b,SHORT,2026,remove_top_five_episodes,2026-06-23|clock_36|2026-01-08|clock_12|2026-04-15|clock_12|2026-04-21|clock_12|2026-01-23|clock_36,23,21,10,-69.9530710957,-9.7960436423,-0.0324360062366,0.478260869565,0.309133291091,1860.82751786,0.333333333333,-79.9530710957,0.351512396208,0.299475413839
short__body_to_range_bin__bearish__stock_vs_market_return_bin__below_minus_one_scale__universe_breadth_bin__strong__8171d7634b,SHORT,2026,remove_top_five_stocks,RIVN|HIMS|NVTS|RIOT|ASTS,18,17,9,-51.0737390681,5.95412069497,0.0179427843177,0.555555555556,0.523361904048,1281.36479581,0.5,-61.0737390681,0.561045089872,0.298763357624
short__body_to_range_bin__bearish__stock_vs_market_return_bin__below_minus_one_scale__universe_breadth_bin__strong__8171d7634b,SHORT,2026,twice_cost,,32,26,14,-0.6243362494,21.4298242834,0.131262497223,0.5625,0.991868423205,1127.42954495,0.666666666667,-10.6243362494,0.354048644843,0.360893401614
short__cross_sectional_dispersion_bin__high__state_motif_4__7gt5gt7gt5__61cecb0b60,SHORT,2024,coarse_clock_bin,kept:clock_12,19,18,14,99.8696704713,7.49492703216,0.00165340387857,0.526315789474,2.27156979678,637.539243251,0.5,89.8696704713,0.248664313385,0.241835437898
short__cross_sectional_dispersion_bin__high__state_motif_4__7gt5gt7gt5__61cecb0b60,SHORT,2024,coarse_clock_bin,kept:clock_36,67,51,15,20.3560612334,-10,0.0124183046797,0.492537313433,1.18940419746,1692.96704161,0.444444444444,10.3560612334,0.175861468619,0.234167007755
short__cross_sectional_dispersion_bin__high__state_motif_4__7gt5gt7gt5__61cecb0b60,SHORT,2024,dead_band_1x_cost,,86,62,17,37.9230214138,-3.21207936491,0.0150306748466,0.5,1.37517143266,1551.49081824,0.545454545455,27.9230214138,0.244942474289,0.203203081825
short__cross_sectional_dispersion_bin__high__state_motif_4__7gt5gt7gt5__61cecb0b60,SHORT,2024,dead_band_3x_cost,,86,62,17,37.9230214138,-3.21207936491,0.0309649498264,0.5,1.37517143266,1551.49081824,0.545454545455,27.9230214138,0.244942474289,0.203203081825
short__cross_sectional_dispersion_bin__high__state_motif_4__7gt5gt7gt5__61cecb0b60,SHORT,2024,exclude_weakest_historical_activity_cohort,,86,62,17,37.9230214138,-3.21207936491,0.000292574385113,0.5,1.37517143266,1551.49081824,0.545454545455,27.9230214138,0.244942474289,0.203203081825
short__cross_sectional_dispersion_bin__high__state_motif_4__7gt5gt7gt5__61cecb0b60,SHORT,2024,motif_length_4,,86,62,17,37.9230214138,-3.21207936491,0.00386883530699,0.5,1.37517143266,1551.49081824,0.545454545455,27.9230214138,0.244942474289,0.203203081825
short__cross_sectional_dispersion_bin__high__state_motif_4__7gt5gt7gt5__61cecb0b60,SHORT,2024,movement_permission_off,,75,55,17,51.3587495495,25.8998235078,0.0413833466347,0.533333333333,1.5106988122,1063.40127226,0.545454545455,41.3587495495,0.217048616505,0.256052350905
short__cross_sectional_dispersion_bin__high__state_motif_4__7gt5gt7gt5__61cecb0b60,SHORT,2024,movement_permission_on,,11,11,7,-53.6842158745,-39.7153024911,-0.266015593602,0.272727272727,0.486773870212,749.194026288,0.166666666667,-63.6842158745,0.403478146873,0.514142123816
short__cross_sectional_dispersion_bin__high__state_motif_4__7gt5gt7gt5__61cecb0b60,SHORT,2024,one_bar_execution_delay_same_terminal,,86,62,17,35.7196608181,16.4115661392,0.038445807771,0.511627906977,1.35894211254,1394.8931636,0.545454545455,25.7196608181,0.252401846754,0.213860430153
short__cross_sectional_dispersion_bin__high__state_motif_4__7gt5gt7gt5__61cecb0b60,SHORT,2024,primary_cost,,86,62,17,37.9230214138,-3.21207936491,0.00386883530699,0.5,1.37517143266,1551.49081824,0.545454545455,27.9230214138,0.244942474289,0.203203081825
short__cross_sectional_dispersion_bin__high__state_motif_4__7gt5gt7gt5__61cecb0b60,SHORT,2024,remove_best_episode,2024-11-18|clock_36,82,61,17,21.1788865574,-14.37346004,-0.0212215113954,0.475609756098,1.19977693952,1551.49081824,0.454545454545,11.1788865574,0.16835069947,0.186874673785
short__cross_sectional_dispersion_bin__high__state_motif_4__7gt5gt7gt5__61cecb0b60,SHORT,2024,remove_best_month,2024-10,69,49,17,28.2945646771,-10,-0.0116991470428,0.492753623188,1.26124372736,1668.27426481,0.5,18.2945646771,0.224280391175,0.215059469663
short__cross_sectional_dispersion_bin__high__state_motif_4__7gt5gt7gt5__61cecb0b60,SHORT,2024,remove_best_stock,APLD,80,58,16,20.2356134876,-21.1442890636,-0.0234753471848,0.475,1.18643807841,1551.49081824,0.454545454545,10.2356134876,0.157902989872,0.18326894939
short__cross_sectional_dispersion_bin__high__state_motif_4__7gt5gt7gt5__61cecb0b60,SHORT,2024,remove_top_five_episodes,2024-11-18|clock_36|2024-10-23|clock_36|2024-11-26|clock_36|2024-03-08|clock_12|2024-10-18|clock_12,77,59,16,-21.0124248579,-27.6591469863,-0.0551505312869,0.441558441558,0.813879042651,3405.66460034,0.3,-31.0124248579,0.167842657423,0.316836589164
short__cross_sectional_dispersion_bin__high__state_motif_4__7gt5gt7gt5__61cecb0b60,SHORT,2024,remove_top_five_stocks,APLD|ASTS|HIMS|QBTS|RIVN,59,48,12,-8.13401488181,-39.7153024911,-0.0874815858061,0.423728813559,0.924143681748,1551.49081824,0.4,-18.1340148818,0.178995085481,0.161809683026
short__cross_sectional_dispersion_bin__high__state_motif_4__7gt5gt7gt5__61cecb0b60,SHORT,2024,twice_cost,,86,62,17,27.9230214138,-13.2120793649,0.00386883530699,0.46511627907,1.26289885748,1791.49081824,0.545454545455,17.9230214138,0.248017403593,0.182479390682
short__cross_sectional_dispersion_bin__high__state_motif_4__7gt5gt7gt5__61cecb0b60,SHORT,2025,coarse_clock_bin,kept:clock_12,32,29,14,49.8678697332,41.716936637,0.0763187146322,0.5625,1.6214037008,1602.54515382,0.666666666667,39.8678697332,0.172049635083,0.175443846799
short__cross_sectional_dispersion_bin__high__state_motif_4__7gt5gt7gt5__61cecb0b60,SHORT,2025,coarse_clock_bin,kept:clock_36,57,47,14,36.6647045025,15.031295377,0.0871101114199,0.543859649123,1.41964278271,1714.68931972,0.5,26.6647045025,0.155542667129,0.491736384499
short__cross_sectional_dispersion_bin__high__state_motif_4__7gt5gt7gt5__61cecb0b60,SHORT,2025,dead_band_1x_cost,,89,69,15,41.4119099787,15.031295377,0.0721104477783,0.550561797753,1.48828515009,2784.64676308,0.583333333333,31.4119099787,0.149462406271,0.368991972399
short__cross_sectional_dispersion_bin__high__state_motif_4__7gt5gt7gt5__61cecb0b60,SHORT,2025,dead_band_3x_cost,,89,69,15,41.4119099787,15.031295377,0.0393069539286,0.550561797753,1.48828515009,2784.64676308,0.583333333333,31.4119099787,0.149462406271,0.368991972399
short__cross_sectional_dispersion_bin__high__state_motif_4__7gt5gt7gt5__61cecb0b60,SHORT,2025,exclude_weakest_historical_activity_cohort,,88,68,15,41.6829651229,14.5906842726,0.078524703422,0.545454545455,1.48595888371,2784.64676308,0.583333333333,31.6829651229,0.149191742639,0.367875544704
short__cross_sectional_dispersion_bin__high__state_motif_4__7gt5gt7gt5__61cecb0b60,SHORT,2025,motif_length_4,,89,69,15,41.4119099787,15.031295377,0.0834929338836,0.550561797753,1.48828515009,2784.64676308,0.583333333333,31.4119099787,0.149462406271,0.368991972399
short__cross_sectional_dispersion_bin__high__state_motif_4__7gt5gt7gt5__61cecb0b60,SHORT,2025,movement_permission_off,,76,59,15,54.6395334187,16.4712933499,0.107763157895,0.578947368421,1.68428428882,2281.36686908,0.75,44.6395334187,0.175923020528,0.352853023462
short__cross_sectional_dispersion_bin__high__state_motif_4__7gt5gt7gt5__61cecb0b60,SHORT,2025,movement_permission_on,,13,12,8,-35.9188116707,-85.8196752385,-0.0636916131273,0.384615384615,0.684418955554,848.203354296,0.25,-45.9188116707,0.218638460778,0.439129527367
short__cross_sectional_dispersion_bin__high__state_motif_4__7gt5gt7gt5__61cecb0b60,SHORT,2025,one_bar_execution_delay_same_terminal,,89,69,15,28.0763380211,8.97873831366,0.0405868110608,0.52808988764,1.31730941884,3197.32972722,0.583333333333,18.0763380211,0.143612244589,0.386189544522
short__cross_sectional_dispersion_bin__high__state_motif_4__7gt5gt7gt5__61cecb0b60,SHORT,2025,primary_cost,,89,69,15,41.4119099787,15.031295377,0.0834929338836,0.550561797753,1.48828515009,2784.64676308,0.583333333333,31.4119099787,0.149462406271,0.368991972399
short__cross_sectional_dispersion_bin__high__state_motif_4__7gt5gt7gt5__61cecb0b60,SHORT,2025,remove_best_episode,2025-06-13|clock_36,87,68,15,31.4403473071,14.1500731682,0.0740138353488,0.540229885057,1.36238051354,2784.64676308,0.583333333333,21.4403473071,0.165736032445,0.244977675477
short__cross_sectional_dispersion_bin__high__state_motif_4__7gt5gt7gt5__61cecb0b60,SHORT,2025,remove_best_month,2025-06,80,64,15,19.3838304734,8.16752603633,0.0453133666112,0.5125,1.21543060038,3064.79773418,0.545454545455,9.3838304734,0.144485682531,0.175950995435
short__cross_sectional_dispersion_bin__high__state_motif_4__7gt5gt7gt5__61cecb0b60,SHORT,2025,remove_best_stock,CIFR,75,59,14,29.8541515275,13.041934953,0.0659517426273,0.52,1.34089705926,2604.24363992,0.583333333333,19.8541515275,0.143028218599,0.266943325117
short__cross_sectional_dispersion_bin__high__state_motif_4__7gt5gt7gt5__61cecb0b60,SHORT,2025,remove_top_five_episodes,2025-06-13|clock_36|2025-06-27|clock_36|2025-04-07|clock_12|2025-06-09|clock_36|2025-01-23|clock_12,81,66,15,1.51319063923,5.7372147915,0.039684082779,0.506172839506,1.01623816364,3051.75579923,0.333333333333,-8.48680936077,0.167875361259,0.234083686982
short__cross_sectional_dispersion_bin__high__state_motif_4__7gt5gt7gt5__61cecb0b60,SHORT,2025,remove_top_five_stocks,CIFR|SMCI|NVTS|RGTI|APLD,51,44,10,-42.6906315557,-85.8196752385,-0.0373947301263,0.411764705882,0.627517879449,2528.04042741,0.416666666667,-52.6906315557,0.221633157931,0.275916890293
short__cross_sectional_dispersion_bin__high__state_motif_4__7gt5gt7gt5__61cecb0b60,SHORT,2025,twice_cost,,89,69,15,31.4119099787,5.03129537704,0.0834929338836,0.539325842697,1.35154770667,3137.98863433,0.583333333333,21.4119099787,0.13541736129,0.355279063356
short__cross_sectional_dispersion_bin__high__state_motif_4__7gt5gt7gt5__61cecb0b60,SHORT,2026,coarse_clock_bin,kept:clock_12,8,8,5,-41.4419623838,13.1234755599,0.048030101815,0.5,0.72031551909,858.05921952,0.666666666667,-51.4419623838,0.483729913909,0.583408865564
short__cross_sectional_dispersion_bin__high__state_motif_4__7gt5gt7gt5__61cecb0b60,SHORT,2026,coarse_clock_bin,kept:clock_36,32,26,12,-77.9476952849,-106.851736913,-0.0353479036574,0.375,0.476365146863,2876.35425007,0.166666666667,-87.9476952849,0.217022859539,0.403775814814
short__cross_sectional_dispersion_bin__high__state_motif_4__7gt5gt7gt5__61cecb0b60,SHORT,2026,dead_band_1x_cost,,40,30,13,-70.6465487047,-79.6377661266,-0.0536769606754,0.4,0.524975470278,3734.41346959,0.166666666667,-80.6465487047,0.249514289924,0.476808031139
short__cross_sectional_dispersion_bin__high__state_motif_4__7gt5gt7gt5__61cecb0b60,SHORT,2026,dead_band_3x_cost,,40,30,13,-70.6465487047,-79.6377661266,-0.0353532548323,0.4,0.524975470278,3734.41346959,0.166666666667,-80.6465487047,0.249514289924,0.476808031139
short__cross_sectional_dispersion_bin__high__state_motif_4__7gt5gt7gt5__61cecb0b60,SHORT,2026,exclude_weakest_historical_activity_cohort,,38,30,12,-68.7410124832,-56.4789323642,-0.00710411733252,0.421052631579,0.544537058756,3520.70999577,0.333333333333,-78.7410124832,0.250107195558,0.474080412074
short__cross_sectional_dispersion_bin__high__state_motif_4__7gt5gt7gt5__61cecb0b60,SHORT,2026,motif_length_4,,40,30,13,-70.6465487047,-79.6377661266,-0.0312375027772,0.4,0.524975470278,3734.41346959,0.166666666667,-80.6465487047,0.249514289924,0.476808031139
short__cross_sectional_dispersion_bin__high__state_motif_4__7gt5gt7gt5__61cecb0b60,SHORT,2026,movement_permission_off,,33,25,12,-88.0097158722,-112.371233964,-0.0709032068255,0.363636363636,0.470039866176,3757.92793191,0.166666666667,-98.0097158722,0.242417067013,0.452214038973
short__cross_sectional_dispersion_bin__high__state_motif_4__7gt5gt7gt5__61cecb0b60,SHORT,2026,movement_permission_on,,7,6,5,11.2083822279,40.6564586691,0.15037593985,0.571428571429,1.16742730373,367.281145456,0.333333333333,1.20838222787,0.339444450387,0.638344074704
short__cross_sectional_dispersion_bin__high__state_motif_4__7gt5gt7gt5__61cecb0b60,SHORT,2026,one_bar_execution_delay_same_terminal,,40,30,13,-75.5486744849,-57.1622564294,-0.0649022439458,0.4,0.481556593133,3605.16241723,0.333333333333,-85.5486744849,0.311007566935,0.465029502946
short__cross_sectional_dispersion_bin__high__state_motif_4__7gt5gt7gt5__61cecb0b60,SHORT,2026,primary_cost,,40,30,13,-70.6465487047,-79.6377661266,-0.0312375027772,0.4,0.524975470278,3734.41346959,0.166666666667,-80.6465487047,0.249514289924,0.476808031139
short__cross_sectional_dispersion_bin__high__state_motif_4__7gt5gt7gt5__61cecb0b60,SHORT,2026,remove_best_episode,2026-03-06|clock_36,39,29,13,-86.0143823075,-101.332239863,-0.0464421789723,0.384615384615,0.43610171059,3734.41346959,0,-96.0143823075,0.245618588543,0.479905307844
short__cross_sectional_dispersion_bin__high__state_motif_4__7gt5gt7gt5__61cecb0b60,SHORT,2026,remove_best_month,2026-03,30,21,13,-103.370226759,-121.245679046,-0.018826739427,0.4,0.398597718523,3519.70177964,0,-113.370226759,0.24828434247,0.519128068967
short__cross_sectional_dispersion_bin__high__state_motif_4__7gt5gt7gt5__61cecb0b60,SHORT,2026,remove_best_stock,APLD,39,29,12,-79.9142156216,-101.332239863,-0.0447936210131,0.384615384615,0.476093552268,3734.41346959,0.166666666667,-89.9142156216,0.26613358981,0.438998723311
short__cross_sectional_dispersion_bin__high__state_motif_4__7gt5gt7gt5__61cecb0b60,SHORT,2026,remove_top_five_episodes,2026-03-06|clock_36|2026-06-10|clock_12|2026-02-27|clock_36|2026-04-17|clock_36|2026-01-20|clock_36,34,26,11,-137.076989096,-132.139732578,-0.129430447315,0.294117647059,0.216554899656,4660.61762926,0,-147.076989096,0.240607132739,0.345420224153
short__cross_sectional_dispersion_bin__high__state_motif_4__7gt5gt7gt5__61cecb0b60,SHORT,2026,remove_top_five_stocks,APLD|AAOI|MARA|ASTS|MRNA,23,14,8,-159.201725075,-130.120124128,-0.169774133785,0.260869565217,0.150502377045,3937.70538067,0.333333333333,-169.201725075,0.304093588041,0.50372669888
short__cross_sectional_dispersion_bin__high__state_motif_4__7gt5gt7gt5__61cecb0b60,SHORT,2026,twice_cost,,40,30,13,-80.6465487047,-89.6377661266,-0.0312375027772,0.4,0.478764474894,3964.41346959,0.166666666667,-90.6465487047,0.261374302897,0.469716556738
short__current_state__5.0__top_loop_orientation__bidirectional__677aa601f0,SHORT,2024,coarse_clock_bin,kept:clock_12,86,72,20,69.5983624899,52.1305619897,0.0977366352127,0.593023255814,1.90166518927,1496.02719175,0.75,59.5983624899,0.200615254567,0.275968584049
short__current_state__5.0__top_loop_orientation__bidirectional__677aa601f0,SHORT,2024,coarse_clock_bin,kept:clock_36,82,60,18,-12.4733651199,-33.3656667549,-0.0478292380943,0.426829268293,0.880618009895,2457.9360692,0.416666666667,-22.4733651199,0.166086154129,0.177551147182
short__current_state__5.0__top_loop_orientation__bidirectional__677aa601f0,SHORT,2024,dead_band_1x_cost,,168,112,20,29.5395430613,4.17763093733,0.0269354367514,0.511904761905,1.3263647653,1658.11759999,0.666666666667,19.5395430613,0.108776970036,0.259893545137
short__current_state__5.0__top_loop_orientation__bidirectional__677aa601f0,SHORT,2024,dead_band_3x_cost,,168,112,20,29.5395430613,4.17763093733,0.0420391469471,0.511904761905,1.3263647653,1658.11759999,0.666666666667,19.5395430613,0.108776970036,0.259893545137
short__current_state__5.0__top_loop_orientation__bidirectional__677aa601f0,SHORT,2024,exclude_weakest_historical_activity_cohort,,166,111,20,29.1561461737,4.17763093733,0.0231281025443,0.512048192771,1.32540225569,1594.53600014,0.666666666667,19.1561461737,0.118587826992,0.256926240993
short__current_state__5.0__top_loop_orientation__bidirectional__677aa601f0,SHORT,2024,movement_permission_off,,0,0,0,,,,,,,,,,
short__current_state__5.0__top_loop_orientation__bidirectional__677aa601f0,SHORT,2024,movement_permission_on,,168,112,20,29.5395430613,4.17763093733,0.0402614626753,0.511904761905,1.3263647653,1658.11759999,0.666666666667,19.5395430613,0.108776970036,0.259893545137
short__current_state__5.0__top_loop_orientation__bidirectional__677aa601f0,SHORT,2024,one_bar_execution_delay_same_terminal,,168,112,20,26.4046043228,-18.4948372977,0.00273152205668,0.470238095238,1.29262637295,2111.1197366,0.583333333333,16.4046043228,0.115783609958,0.233799690745
short__current_state__5.0__top_loop_orientation__bidirectional__677aa601f0,SHORT,2024,primary_cost,,168,112,20,29.5395430613,4.17763093733,0.0268477943325,0.511904761905,1.3263647653,1658.11759999,0.666666666667,19.5395430613,0.108776970036,0.259893545137
short__current_state__5.0__top_loop_orientation__bidirectional__677aa601f0,SHORT,2024,remove_best_episode,2024-12-31|clock_12,165,111,20,23.4623483813,2.70774116517,0.0186444361649,0.50303030303,1.25459251675,1800.48489456,0.666666666667,13.4623483813,0.113883494339,0.289641329064
short__current_state__5.0__top_loop_orientation__bidirectional__677aa601f0,SHORT,2024,remove_best_month,2024-03,150,99,20,14.6733259152,-2.09798967898,0.00240848845321,0.493333333333,1.15210096197,2187.2157177,0.636363636364,4.67332591524,0.122057318055,0.274812168423
short__current_state__5.0__top_loop_orientation__bidirectional__677aa601f0,SHORT,2024,remove_best_stock,HIMS,159,107,19,24.7031526693,5.56498054475,0.0277926296979,0.51572327044,1.26641427331,1658.11759999,0.583333333333,14.7031526693,0.116118762227,0.230506830834
short__current_state__5.0__top_loop_orientation__bidirectional__677aa601f0,SHORT,2024,remove_top_five_episodes,2024-12-31|clock_12|2024-10-30|clock_12|2024-12-18|clock_36|2024-07-11|clock_12|2024-03-28|clock_12,160,110,20,3.22798754379,-4.36806193923,0.00454545454545,0.4875,1.03396581531,1982.44174941,0.666666666667,-6.77201245621,0.12387734047,0.245032252645
short__current_state__5.0__top_loop_orientation__bidirectional__677aa601f0,SHORT,2024,remove_top_five_stocks,HIMS|AAOI|MARA|CIFR|QBTS,131,94,15,2.03611592134,-5.0612345679,-0.00755969757047,0.480916030534,1.02136052821,2131.59058902,0.5,-7.96388407866,0.204363172942,0.194374341694
short__current_state__5.0__top_loop_orientation__bidirectional__677aa601f0,SHORT,2024,twice_cost,,168,112,20,19.5395430613,-5.82236906267,0.0268477943325,0.488095238095,1.2045609788,2008.11759999,0.583333333333,9.53954306132,0.122968496742,0.248517840896
short__current_state__5.0__top_loop_orientation__bidirectional__677aa601f0,SHORT,2025,coarse_clock_bin,kept:clock_12,116,85,20,-16.2816480834,9.42808440997,0.0450687146322,0.508620689655,0.881670277203,5100.04184283,0.333333333333,-26.2816480834,0.156078456189,0.131014615362
short__current_state__5.0__top_loop_orientation__bidirectional__677aa601f0,SHORT,2025,coarse_clock_bin,kept:clock_36,114,85,20,-5.84204541701,-14.4173533643,-0.0181530464748,0.464912280702,0.924010542765,3198.48391542,0.583333333333,-15.842045417,0.131708799961,0.193934109646
short__current_state__5.0__top_loop_orientation__bidirectional__677aa601f0,SHORT,2025,dead_band_1x_cost,,230,140,20,-11.107236327,-11.125,0.0085051717646,0.486956521739,0.896678427621,6923.49522159,0.416666666667,-21.107236327,0.134153496168,0.154548588388
short__current_state__5.0__top_loop_orientation__bidirectional__677aa601f0,SHORT,2025,dead_band_3x_cost,,230,140,20,-11.107236327,-11.125,0.00652727635164,0.486956521739,0.896678427621,6923.49522159,0.416666666667,-21.107236327,0.134153496168,0.154548588388
short__current_state__5.0__top_loop_orientation__bidirectional__677aa601f0,SHORT,2025,exclude_weakest_historical_activity_cohort,,224,137,20,-9.15032703976,-11.125,0.0131837943311,0.486607142857,0.913619656139,6923.49522159,0.416666666667,-19.1503270398,0.137714850098,0.173129248778
short__current_state__5.0__top_loop_orientation__bidirectional__677aa601f0,SHORT,2025,movement_permission_off,,0,0,0,,,,,,,,,,
short__current_state__5.0__top_loop_orientation__bidirectional__677aa601f0,SHORT,2025,movement_permission_on,,230,140,20,-11.107236327,-11.125,0.0212582196486,0.486956521739,0.896678427621,6923.49522159,0.416666666667,-21.107236327,0.134153496168,0.154548588388
short__current_state__5.0__top_loop_orientation__bidirectional__677aa601f0,SHORT,2025,one_bar_execution_delay_same_terminal,,230,140,20,-13.1619087231,-12.3725406935,0.0114221798932,0.473913043478,0.870217735563,6292.38087628,0.5,-23.1619087231,0.141571531779,0.174824641437
short__current_state__5.0__top_loop_orientation__bidirectional__677aa601f0,SHORT,2025,primary_cost,,230,140,20,-11.107236327,-11.125,0.0137323085783,0.486956521739,0.896678427621,6923.49522159,0.416666666667,-21.107236327,0.134153496168,0.154548588388
short__current_state__5.0__top_loop_orientation__bidirectional__677aa601f0,SHORT,2025,remove_best_episode,2025-02-07|clock_12,227,139,20,-16.836915157,-13.9303413627,0.00752699053055,0.480176211454,0.845422763426,7795.92937572,0.333333333333,-26.836915157,0.131690029443,0.16486625363
short__current_state__5.0__top_loop_orientation__bidirectional__677aa601f0,SHORT,2025,remove_best_month,2025-10,209,124,20,-20.326872433,-13.9303413627,0.0081297845548,0.478468899522,0.813577550394,7575.36388564,0.363636363636,-30.326872433,0.168092081961,0.178003348435
short__current_state__5.0__top_loop_orientation__bidirectional__677aa601f0,SHORT,2025,remove_best_stock,IONQ,214,132,19,-21.0077888265,-16.4326372733,-0.00689307465008,0.467289719626,0.808345610055,8469.61644394,0.416666666667,-31.0077888265,0.151070336499,0.187339011896
short__current_state__5.0__top_loop_orientation__bidirectional__677aa601f0,SHORT,2025,remove_top_five_episodes,2025-02-07|clock_12|2025-04-10|clock_12|2025-10-31|clock_12|2025-10-15|clock_12|2025-03-13|clock_12,218,138,20,-32.5810351482,-25.3111836105,-0.0116243828795,0.45871559633,0.712737768149,9959.45036253,0.25,-42.5810351482,0.163400859178,0.243679125303
short__current_state__5.0__top_loop_orientation__bidirectional__677aa601f0,SHORT,2025,remove_top_five_stocks,IONQ|RIOT|HIMS|RIVN|SMCI,180,118,15,-47.2701201897,-38.8963202927,-0.0488046726433,0.427777777778,0.614014480524,9440.23372481,0.333333333333,-57.2701201897,0.204344791231,0.25194541186
short__current_state__5.0__top_loop_orientation__bidirectional__677aa601f0,SHORT,2025,twice_cost,,230,140,20,-21.107236327,-21.125,0.0137323085783,0.469565217391,0.812729483858,8098.61399029,0.416666666667,-31.107236327,0.135950520145,0.167661120047
short__current_state__5.0__top_loop_orientation__bidirectional__677aa601f0,SHORT,2026,coarse_clock_bin,kept:clock_12,54,36,16,4.15284928417,37.2869257206,0.0665486203335,0.537037037037,1.0329460533,2253.57846881,0.666666666667,-5.84715071583,0.14391461599,0.411438434921
short__current_state__5.0__top_loop_orientation__bidirectional__677aa601f0,SHORT,2026,coarse_clock_bin,kept:clock_36,49,40,15,-57.0504518681,-88.8948060487,-0.104225454678,0.30612244898,0.473348621075,2987.79514179,0.166666666667,-67.0504518681,0.250131847628,0.452440599176
short__current_state__5.0__top_loop_orientation__bidirectional__677aa601f0,SHORT,2026,dead_band_1x_cost,,103,66,18,-24.9632842737,-36.8331726453,-0.026492494656,0.427184466019,0.787760665404,3861.89769637,0.666666666667,-34.9632842737,0.24713290327,0.448937780072
short__current_state__5.0__top_loop_orientation__bidirectional__677aa601f0,SHORT,2026,dead_band_3x_cost,,103,66,18,-24.9632842737,-36.8331726453,0.00712247332308,0.427184466019,0.787760665404,3861.89769637,0.666666666667,-34.9632842737,0.24713290327,0.448937780072
short__current_state__5.0__top_loop_orientation__bidirectional__677aa601f0,SHORT,2026,exclude_weakest_historical_activity_cohort,,98,64,17,-28.1289652948,-50.7715404713,-0.00978940197269,0.428571428571,0.769964152989,3897.60475344,0.666666666667,-38.1289652948,0.236689526024,0.464131127411
short__current_state__5.0__top_loop_orientation__bidirectional__677aa601f0,SHORT,2026,movement_permission_off,,0,0,0,,,,,,,,,,
short__current_state__5.0__top_loop_orientation__bidirectional__677aa601f0,SHORT,2026,movement_permission_on,,103,66,18,-24.9632842737,-36.8331726453,-0.00357690342361,0.427184466019,0.787760665404,3861.89769637,0.666666666667,-34.9632842737,0.24713290327,0.448937780072
short__current_state__5.0__top_loop_orientation__bidirectional__677aa601f0,SHORT,2026,one_bar_execution_delay_same_terminal,,103,66,18,-21.9389763507,-25.3526096379,-0.00300904006229,0.446601941748,0.806881175507,3648.10247202,0.5,-31.9389763507,0.262314558597,0.38536919595
short__current_state__5.0__top_loop_orientation__bidirectional__677aa601f0,SHORT,2026,primary_cost,,103,66,18,-24.9632842737,-36.8331726453,-0.0137617746218,0.427184466019,0.787760665404,3861.89769637,0.666666666667,-34.9632842737,0.24713290327,0.448937780072
short__current_state__5.0__top_loop_orientation__bidirectional__677aa601f0,SHORT,2026,remove_best_episode,2026-06-05|clock_12,99,65,18,-43.1668212244,-55.9958185239,-0.0348870228388,0.40404040404,0.647245801376,5046.08271671,0.5,-53.1668212244,0.301047040169,0.431822778833
short__current_state__5.0__top_loop_orientation__bidirectional__677aa601f0,SHORT,2026,remove_best_month,2026-02,89,57,18,-37.6305547735,-55.9958185239,-0.0333909908862,0.404494382022,0.70724601124,4121.68679034,0.6,-47.6305547735,0.258950830436,0.505159155676
short__current_state__5.0__top_loop_orientation__bidirectional__677aa601f0,SHORT,2026,remove_best_stock,ASTS,94,64,17,-43.4556694645,-60.6866531438,-0.036462753477,0.393617021277,0.652778987815,4857.40034516,0.5,-53.4556694645,0.290499998936,0.487462255271
short__current_state__5.0__top_loop_orientation__bidirectional__677aa601f0,SHORT,2026,remove_top_five_episodes,2026-06-05|clock_12|2026-03-13|clock_12|2026-04-14|clock_12|2026-02-24|clock_12|2026-02-23|clock_12,93,63,17,-71.6003056978,-70.0938661147,-0.0673482231719,0.365591397849,0.450351871702,6682.17077554,0,-81.6003056978,0.319565363402,0.471237098606
short__current_state__5.0__top_loop_orientation__bidirectional__677aa601f0,SHORT,2026,remove_top_five_stocks,ASTS|MARA|HIMS|MRNA|MSTR,75,57,13,-83.0088167925,-90.9935205184,-0.12264002422,0.306666666667,0.442159737126,6998.22867493,0.333333333333,-93.0088167925,0.386404345149,0.54460408542
short__current_state__5.0__top_loop_orientation__bidirectional__677aa601f0,SHORT,2026,twice_cost,,103,66,18,-34.9632842737,-46.8331726453,-0.0137617746218,0.417475728155,0.716765766219,4300.04189009,0.5,-44.9632842737,0.254355270299,0.493321379659
short__decision_clock__clock_12__historical_activity_bin__middle__previous_state__5.0__3b03fd347e,SHORT,2024,coarse_clock_bin,kept:clock_12,232,138,20,24.9769752657,15.1719683942,0.0495209174902,0.543103448276,1.24252277609,4213.26505196,0.583333333333,14.9769752657,0.215482262986,0.186017895099
short__decision_clock__clock_12__historical_activity_bin__middle__previous_state__5.0__3b03fd347e,SHORT,2024,coarse_clock_bin,kept:clock_36,0,0,0,,,,,,,,,,
short__decision_clock__clock_12__historical_activity_bin__middle__previous_state__5.0__3b03fd347e,SHORT,2024,dead_band_1x_cost,,232,138,20,24.9769752657,15.1719683942,0.0581341231225,0.543103448276,1.24252277609,4213.26505196,0.583333333333,14.9769752657,0.215482262986,0.186017895099
short__decision_clock__clock_12__historical_activity_bin__middle__previous_state__5.0__3b03fd347e,SHORT,2024,dead_band_3x_cost,,232,138,20,24.9769752657,15.1719683942,0.0572279811015,0.543103448276,1.24252277609,4213.26505196,0.583333333333,14.9769752657,0.215482262986,0.186017895099
short__decision_clock__clock_12__historical_activity_bin__middle__previous_state__5.0__3b03fd347e,SHORT,2024,exclude_weakest_historical_activity_cohort,,232,138,20,24.9769752657,15.1719683942,0.0567280194533,0.543103448276,1.24252277609,4213.26505196,0.583333333333,14.9769752657,0.215482262986,0.186017895099
short__decision_clock__clock_12__historical_activity_bin__middle__previous_state__5.0__3b03fd347e,SHORT,2024,movement_permission_off,,181,110,20,33.4820564742,15.3807149544,0.0651034202996,0.558011049724,1.33491569157,4221.83516196,0.583333333333,23.4820564742,0.211242280703,0.235935080922
short__decision_clock__clock_12__historical_activity_bin__middle__previous_state__5.0__3b03fd347e,SHORT,2024,movement_permission_on,,51,46,17,-5.20772470923,-1.61073778584,0.0423623030114,0.490196078431,0.954195261566,2815.39027186,0.416666666667,-15.2077247092,0.179461330088,0.214001297588
short__decision_clock__clock_12__historical_activity_bin__middle__previous_state__5.0__3b03fd347e,SHORT,2024,one_bar_execution_delay_same_terminal,,232,138,20,23.170051508,25.0282159673,0.0772389112192,0.538793103448,1.23047362952,3846.39334444,0.666666666667,13.170051508,0.217185299296,0.170487636537
short__decision_clock__clock_12__historical_activity_bin__middle__previous_state__5.0__3b03fd347e,SHORT,2024,primary_cost,,232,138,20,24.9769752657,15.1719683942,0.0603042803751,0.543103448276,1.24252277609,4213.26505196,0.583333333333,14.9769752657,0.215482262986,0.186017895099
short__decision_clock__clock_12__historical_activity_bin__middle__previous_state__5.0__3b03fd347e,SHORT,2024,remove_best_episode,2024-07-17|clock_12,228,137,20,17.1515101326,13.4735193565,0.0530144521139,0.535087719298,1.16366729828,4213.26505196,0.583333333333,7.15151013264,0.243684518966,0.214870970958
short__decision_clock__clock_12__historical_activity_bin__middle__previous_state__5.0__3b03fd347e,SHORT,2024,remove_best_month,2024-07,207,126,20,15.8120695647,13.5825527317,0.0516158251519,0.536231884058,1.15250485142,4213.26505196,0.545454545455,5.81206956467,0.258553470584,0.227284397293
short__decision_clock__clock_12__historical_activity_bin__middle__previous_state__5.0__3b03fd347e,SHORT,2024,remove_best_stock,RGTI,224,136,19,16.217905566,12.46408546,0.0490274748902,0.53125,1.15238408379,4213.26505196,0.583333333333,6.21790556605,0.248478340983,0.213596851049
short__decision_clock__clock_12__historical_activity_bin__middle__previous_state__5.0__3b03fd347e,SHORT,2024,remove_top_five_episodes,2024-07-17|clock_12|2024-04-23|clock_12|2024-07-01|clock_12|2024-07-11|clock_12|2024-02-27|clock_12,216,133,20,-2.0074885553,3.3951476499,0.0274334251607,0.509259259259,0.981851884634,5803.99647682,0.5,-12.0074885553,0.269058502362,0.241544037398
short__decision_clock__clock_12__historical_activity_bin__middle__previous_state__5.0__3b03fd347e,SHORT,2024,remove_top_five_stocks,RGTI|AAOI|MRNA|IREN|HIMS,158,108,15,-6.72686955128,2.34644524564,0.0160830805199,0.506329113924,0.941453705091,5500.64852516,0.416666666667,-16.7268695513,0.372307889892,0.20809008149
short__decision_clock__clock_12__historical_activity_bin__middle__previous_state__5.0__3b03fd347e,SHORT,2024,twice_cost,,232,138,20,14.9769752657,5.17196839418,0.0603042803751,0.521551724138,1.13910216151,4473.26505196,0.5,4.97697526575,0.249057359008,0.199872579338
short__decision_clock__clock_12__historical_activity_bin__middle__previous_state__5.0__3b03fd347e,SHORT,2025,coarse_clock_bin,kept:clock_12,333,178,20,-28.9346225097,2.30285011277,0.0255491951127,0.504504504505,0.763668966281,11778.4088301,0.416666666667,-38.9346225097,0.0987545873903,0.275038249731
short__decision_clock__clock_12__historical_activity_bin__middle__previous_state__5.0__3b03fd347e,SHORT,2025,coarse_clock_bin,kept:clock_36,0,0,0,,,,,,,,,,
short__decision_clock__clock_12__historical_activity_bin__middle__previous_state__5.0__3b03fd347e,SHORT,2025,dead_band_1x_cost,,333,178,20,-28.9346225097,2.30285011277,0.02605315453,0.504504504505,0.763668966281,11778.4088301,0.416666666667,-38.9346225097,0.0987545873903,0.275038249731
short__decision_clock__clock_12__historical_activity_bin__middle__previous_state__5.0__3b03fd347e,SHORT,2025,dead_band_3x_cost,,333,178,20,-28.9346225097,2.30285011277,0.0208502950225,0.504504504505,0.763668966281,11778.4088301,0.416666666667,-38.9346225097,0.0987545873903,0.275038249731
short__decision_clock__clock_12__historical_activity_bin__middle__previous_state__5.0__3b03fd347e,SHORT,2025,exclude_weakest_historical_activity_cohort,,333,178,20,-28.9346225097,2.30285011277,0.0249142748116,0.504504504505,0.763668966281,11778.4088301,0.416666666667,-38.9346225097,0.0987545873903,0.275038249731
short__decision_clock__clock_12__historical_activity_bin__middle__previous_state__5.0__3b03fd347e,SHORT,2025,movement_permission_off,,277,157,20,-28.3780049378,5.16618764951,0.0329484134524,0.512635379061,0.767272570961,10441.8795902,0.416666666667,-38.3780049378,0.122138747295,0.225517379482
short__decision_clock__clock_12__historical_activity_bin__middle__previous_state__5.0__3b03fd347e,SHORT,2025,movement_permission_on,,56,48,19,-31.6878915703,-10.2472801153,-0.0197355691712,0.464285714286,0.746264915091,3499.37306472,0.333333333333,-41.6878915703,0.200899755903,0.244289970588
short__decision_clock__clock_12__historical_activity_bin__middle__previous_state__5.0__3b03fd347e,SHORT,2025,one_bar_execution_delay_same_terminal,,333,178,20,-32.9770620743,-13.4667368161,0.00566424804835,0.48048048048,0.727929110946,12594.373862,0.416666666667,-42.9770620743,0.1352217746,0.29352297285
short__decision_clock__clock_12__historical_activity_bin__middle__previous_state__5.0__3b03fd347e,SHORT,2025,primary_cost,,333,178,20,-28.9346225097,2.30285011277,0.0246475716674,0.504504504505,0.763668966281,11778.4088301,0.416666666667,-38.9346225097,0.0987545873903,0.275038249731
short__decision_clock__clock_12__historical_activity_bin__middle__previous_state__5.0__3b03fd347e,SHORT,2025,remove_best_episode,2025-08-07|clock_12,328,177,20,-34.7169136202,-1.61230516526,0.0173287142519,0.496951219512,0.720698252552,13067.4226752,0.333333333333,-44.7169136202,0.104464166042,0.288079171339
short__decision_clock__clock_12__historical_activity_bin__middle__previous_state__5.0__3b03fd347e,SHORT,2025,remove_best_month,2025-04,317,168,20,-39.2675883418,-2.13165486494,0.0126723829713,0.495268138801,0.689131286578,14501.5555822,0.363636363636,-49.2675883418,0.10216591171,0.313262997556
short__decision_clock__clock_12__historical_activity_bin__middle__previous_state__5.0__3b03fd347e,SHORT,2025,remove_best_stock,NVTS,321,175,19,-34.1767982056,2.30285011277,0.0265604302907,0.504672897196,0.727330669935,13113.9317584,0.333333333333,-44.1767982056,0.106400941144,0.277324513211
short__decision_clock__clock_12__historical_activity_bin__middle__previous_state__5.0__3b03fd347e,SHORT,2025,remove_top_five_episodes,2025-08-07|clock_12|2025-04-14|clock_12|2025-05-09|clock_12|2025-09-24|clock_12|2025-11-20|clock_12,320,173,20,-48.5455382802,-7.37502322099,0.00738364464341,0.484375,0.618971027521,16599.8470571,0.25,-58.5455382802,0.126139304823,0.275634575611
short__decision_clock__clock_12__historical_activity_bin__middle__previous_state__5.0__3b03fd347e,SHORT,2025,remove_top_five_stocks,NVTS|HIMS|WULF|RIOT|APLD,249,150,15,-56.6653969982,-12.3616537937,0.000226779249481,0.477911646586,0.577885714598,15383.5987227,0.333333333333,-66.6653969982,0.130071583446,0.284361174985
short__decision_clock__clock_12__historical_activity_bin__middle__previous_state__5.0__3b03fd347e,SHORT,2025,twice_cost,,333,178,20,-38.9346225097,-7.69714988723,0.0246475716674,0.48048048048,0.694648947819,14618.4088301,0.416666666667,-48.9346225097,0.0995974664129,0.28288479757
short__decision_clock__clock_12__historical_activity_bin__middle__previous_state__5.0__3b03fd347e,SHORT,2026,coarse_clock_bin,kept:clock_12,147,78,19,7.93220784697,0.832768882132,0.0310232990939,0.517006802721,1.07526582538,2847.63998806,0.5,-2.06779215303,0.140821456501,0.282393240671
short__decision_clock__clock_12__historical_activity_bin__middle__previous_state__5.0__3b03fd347e,SHORT,2026,coarse_clock_bin,kept:clock_36,0,0,0,,,,,,,,,,
short__decision_clock__clock_12__historical_activity_bin__middle__previous_state__5.0__3b03fd347e,SHORT,2026,dead_band_1x_cost,,147,78,19,7.93220784697,0.832768882132,0.0633298420457,0.517006802721,1.07526582538,2847.63998806,0.5,-2.06779215303,0.140821456501,0.282393240671
short__decision_clock__clock_12__historical_activity_bin__middle__previous_state__5.0__3b03fd347e,SHORT,2026,dead_band_3x_cost,,147,78,19,7.93220784697,0.832768882132,0.0726399424467,0.517006802721,1.07526582538,2847.63998806,0.5,-2.06779215303,0.140821456501,0.282393240671
short__decision_clock__clock_12__historical_activity_bin__middle__previous_state__5.0__3b03fd347e,SHORT,2026,exclude_weakest_historical_activity_cohort,,147,78,19,7.93220784697,0.832768882132,0.0548364483674,0.517006802721,1.07526582538,2847.63998806,0.5,-2.06779215303,0.140821456501,0.282393240671
short__decision_clock__clock_12__historical_activity_bin__middle__previous_state__5.0__3b03fd347e,SHORT,2026,movement_permission_off,,123,70,18,11.1080246646,-10,0.0288750636844,0.487804878049,1.10596025449,2468.04307539,0.5,1.10802466457,0.153782668309,0.306137097141
short__decision_clock__clock_12__historical_activity_bin__middle__previous_state__5.0__3b03fd347e,SHORT,2026,movement_permission_on,,24,18,13,-8.34385334326,78.9278828233,0.162280701754,0.666666666667,0.922917039235,1442.06676007,0.666666666667,-18.3438533433,0.188002408079,0.392651088683
short__decision_clock__clock_12__historical_activity_bin__middle__previous_state__5.0__3b03fd347e,SHORT,2026,one_bar_execution_delay_same_terminal,,147,78,19,32.3648675876,27.2368176668,0.0975127220406,0.557823129252,1.36078676122,1680.90374315,0.833333333333,22.3648675876,0.159231631961,0.423155719528
short__decision_clock__clock_12__historical_activity_bin__middle__previous_state__5.0__3b03fd347e,SHORT,2026,primary_cost,,147,78,19,7.93220784697,0.832768882132,0.0517556945018,0.517006802721,1.07526582538,2847.63998806,0.5,-2.06779215303,0.140821456501,0.282393240671
short__decision_clock__clock_12__historical_activity_bin__middle__previous_state__5.0__3b03fd347e,SHORT,2026,remove_best_episode,2026-06-09|clock_12,145,77,19,-4.02580500648,0.530539396179,0.0470356521873,0.510344827586,0.962320325175,2847.63998806,0.5,-14.0258050065,0.169037698392,0.275970992301
short__decision_clock__clock_12__historical_activity_bin__middle__previous_state__5.0__3b03fd347e,SHORT,2026,remove_best_month,2026-06,122,66,19,-10.4987162879,0.416297559434,0.042573884396,0.508196721311,0.909319238074,3271.44861237,0.4,-20.4987162879,0.192435736822,0.306910615738
short__decision_clock__clock_12__historical_activity_bin__middle__previous_state__5.0__3b03fd347e,SHORT,2026,remove_best_stock,ASTS,130,73,18,-0.721430510489,-0.346376889335,0.0314586867848,0.5,0.993203110286,2847.63998806,0.5,-10.7214305105,0.160057602235,0.29318613952
short__decision_clock__clock_12__historical_activity_bin__middle__previous_state__5.0__3b03fd347e,SHORT,2026,remove_top_five_episodes,2026-06-09|clock_12|2026-01-21|clock_12|2026-05-07|clock_12|2026-05-12|clock_12|2026-03-13|clock_12,135,73,19,-36.3681522352,-10,0.0165695988705,0.474074074074,0.68308600866,5080.99065292,0.5,-46.3681522352,0.248314273106,0.576363123915
short__decision_clock__clock_12__historical_activity_bin__middle__previous_state__5.0__3b03fd347e,SHORT,2026,remove_top_five_stocks,ASTS|CIFR|MRNA|MSTR|RGTI,93,62,14,-41.7004707682,-35.3125,-0.0124769931222,0.451612903226,0.684270913314,4836.2146145,0.5,-51.7004707682,0.271435661779,0.326673315779
short__decision_clock__clock_12__historical_activity_bin__middle__previous_state__5.0__3b03fd347e,SHORT,2026,twice_cost,,147,78,19,-2.06779215303,-9.16723111787,0.0517556945018,0.482993197279,0.981286372543,3187.63998806,0.5,-12.067792153,0.153905348812,0.253966401442
short__historical_activity_bin__middle__state_motif_3__6gt5gt6__daa65ab298,SHORT,2024,coarse_clock_bin,kept:clock_12,54,42,16,42.2194726099,77.6091158468,0.120561785945,0.611111111111,1.44771493985,1723.34729107,0.583333333333,32.2194726099,0.125523602165,0.247154788107
short__historical_activity_bin__middle__state_motif_3__6gt5gt6__daa65ab298,SHORT,2024,coarse_clock_bin,kept:clock_36,39,30,13,50.6120871068,40.5040455055,0.113834301618,0.615384615385,1.77005895346,1272.57470108,0.4,40.6120871068,0.203778018898,0.359916860086
short__historical_activity_bin__middle__state_motif_3__6gt5gt6__daa65ab298,SHORT,2024,dead_band_1x_cost,,93,67,17,45.7389561086,60.5467372134,0.127933900653,0.612903225806,1.55564508719,2156.42210618,0.666666666667,35.7389561086,0.185682678381,0.218587179784
short__historical_activity_bin__middle__state_motif_3__6gt5gt6__daa65ab298,SHORT,2024,dead_band_3x_cost,,93,67,17,45.7389561086,60.5467372134,0.114235767531,0.612903225806,1.55564508719,2156.42210618,0.666666666667,35.7389561086,0.185682678381,0.218587179784
short__historical_activity_bin__middle__state_motif_3__6gt5gt6__daa65ab298,SHORT,2024,exclude_weakest_historical_activity_cohort,,93,67,17,45.7389561086,60.5467372134,0.115821456606,0.612903225806,1.55564508719,2156.42210618,0.666666666667,35.7389561086,0.185682678381,0.218587179784
short__historical_activity_bin__middle__state_motif_3__6gt5gt6__daa65ab298,SHORT,2024,motif_length_3,,93,67,17,45.7389561086,60.5467372134,0.119397717528,0.612903225806,1.55564508719,2156.42210618,0.666666666667,35.7389561086,0.185682678381,0.218587179784
short__historical_activity_bin__middle__state_motif_3__6gt5gt6__daa65ab298,SHORT,2024,movement_permission_off,,74,52,17,74.5939319113,61.2993825553,0.142824788076,0.648648648649,2.30366566769,743.683099341,0.666666666667,64.5939319113,0.177365364378,0.198769791637
short__historical_activity_bin__middle__state_motif_3__6gt5gt6__daa65ab298,SHORT,2024,movement_permission_on,,19,17,11,-66.6435812284,-1.61073778584,0.0258504351063,0.473684210526,0.629897557098,2627.82461586,0.555555555556,-76.6435812284,0.218492297552,0.264103371683
short__historical_activity_bin__middle__state_motif_3__6gt5gt6__daa65ab298,SHORT,2024,one_bar_execution_delay_same_terminal,,93,67,17,43.0840301296,50.942503518,0.140596345405,0.602150537634,1.49873397097,2357.51885127,0.583333333333,33.0840301296,0.149538472841,0.220146901474
short__historical_activity_bin__middle__state_motif_3__6gt5gt6__daa65ab298,SHORT,2024,primary_cost,,93,67,17,45.7389561086,60.5467372134,0.119397717528,0.612903225806,1.55564508719,2156.42210618,0.666666666667,35.7389561086,0.185682678381,0.218587179784
short__historical_activity_bin__middle__state_motif_3__6gt5gt6__daa65ab298,SHORT,2024,remove_best_episode,2024-02-27|clock_12,89,66,17,37.7970727004,48.6405120285,0.100629720022,0.595505617978,1.4394165949,2415.07885684,0.666666666667,27.7970727004,0.170627538085,0.242003479192
short__historical_activity_bin__middle__state_motif_3__6gt5gt6__daa65ab298,SHORT,2024,remove_best_month,2024-11,79,57,17,28.4006010257,40.5040455055,0.0954064697609,0.594936708861,1.3311482045,2005.79082273,0.636363636364,18.4006010257,0.197589779721,0.210723415976
short__historical_activity_bin__middle__state_motif_3__6gt5gt6__daa65ab298,SHORT,2024,remove_best_stock,MARA,86,65,16,34.0858904305,54.8073319853,0.108411144767,0.593023255814,1.38478917308,2156.42210618,0.666666666667,24.0858904305,0.185009137446,0.171368426299
short__historical_activity_bin__middle__state_motif_3__6gt5gt6__daa65ab298,SHORT,2024,remove_top_five_episodes,2024-02-27|clock_12|2024-11-25|clock_36|2024-07-11|clock_12|2024-09-06|clock_12|2024-08-07|clock_36,82,63,17,7.00746289086,15.980226643,0.0660224753074,0.560975609756,1.07505902879,3450.26960701,0.583333333333,-2.99253710914,0.1512576712,0.189195023668
short__historical_activity_bin__middle__state_motif_3__6gt5gt6__daa65ab298,SHORT,2024,remove_top_five_stocks,MARA|AAOI|WULF|APLD|MRNA,57,46,12,0.256049604796,5.20296523006,0.0324911993529,0.526315789474,1.00254339103,2156.42210618,0.583333333333,-9.7439503952,0.258773549694,0.259782461806
short__historical_activity_bin__middle__state_motif_3__6gt5gt6__daa65ab298,SHORT,2024,twice_cost,,93,67,17,35.7389561086,50.5467372134,0.119397717528,0.58064516129,1.41384016808,2440.91694315,0.666666666667,25.7389561086,0.189418324358,0.211409223255
short__historical_activity_bin__middle__state_motif_3__6gt5gt6__daa65ab298,SHORT,2025,coarse_clock_bin,kept:clock_12,102,69,19,-52.0120882844,-0.744236959667,0.00585302835766,0.5,0.619100118383,5841.26636924,0.333333333333,-62.0120882844,0.189745251909,0.358192877572
short__historical_activity_bin__middle__state_motif_3__6gt5gt6__daa65ab298,SHORT,2025,coarse_clock_bin,kept:clock_36,51,39,17,-73.2703305753,-37.972027972,-0.00576914554603,0.470588235294,0.508013421289,4331.94238052,0.4,-83.2703305753,0.30612103044,0.408747434833
short__historical_activity_bin__middle__state_motif_3__6gt5gt6__daa65ab298,SHORT,2025,dead_band_1x_cost,,153,99,19,-59.098169048,-2.99229152067,0.0117447284568,0.490196078431,0.579899305928,9852.97605478,0.25,-69.098169048,0.227066486581,0.23226026527
short__historical_activity_bin__middle__state_motif_3__6gt5gt6__daa65ab298,SHORT,2025,dead_band_3x_cost,,153,99,19,-59.098169048,-2.99229152067,-0.00123060941137,0.490196078431,0.579899305928,9852.97605478,0.25,-69.098169048,0.227066486581,0.23226026527
short__historical_activity_bin__middle__state_motif_3__6gt5gt6__daa65ab298,SHORT,2025,exclude_weakest_historical_activity_cohort,,153,99,19,-59.098169048,-2.99229152067,0.00195013420038,0.490196078431,0.579899305928,9852.97605478,0.25,-69.098169048,0.227066486581,0.23226026527
short__historical_activity_bin__middle__state_motif_3__6gt5gt6__daa65ab298,SHORT,2025,motif_length_3,,153,99,19,-59.098169048,-2.99229152067,0.00168343105624,0.490196078431,0.579899305928,9852.97605478,0.25,-69.098169048,0.227066486581,0.23226026527
short__historical_activity_bin__middle__state_motif_3__6gt5gt6__daa65ab298,SHORT,2025,movement_permission_off,,135,89,19,-57.7202622006,0.643180945601,0.00864035087719,0.503703703704,0.586083771448,8401.50950207,0.25,-67.7202622006,0.23585629851,0.211942620033
short__historical_activity_bin__middle__state_motif_3__6gt5gt6__daa65ab298,SHORT,2025,movement_permission_on,,18,17,9,-69.4324704034,-49.3835242399,-0.0594181088538,0.388888888889,0.536743615107,1794.97114198,0.4,-79.4324704034,0.490957887138,0.304952950845
short__historical_activity_bin__middle__state_motif_3__6gt5gt6__daa65ab298,SHORT,2025,one_bar_execution_delay_same_terminal,,153,99,19,-58.1179629566,-17.7134580688,-0.00281481925424,0.464052287582,0.575841510824,10102.3794492,0.166666666667,-68.1179629566,0.274501747589,0.257319322666
short__historical_activity_bin__middle__state_motif_3__6gt5gt6__daa65ab298,SHORT,2025,primary_cost,,153,99,19,-59.098169048,-2.99229152067,0.00168343105624,0.490196078431,0.579899305928,9852.97605478,0.25,-69.098169048,0.227066486581,0.23226026527
short__historical_activity_bin__middle__state_motif_3__6gt5gt6__daa65ab298,SHORT,2025,remove_best_episode,2025-10-15|clock_12,151,99,19,-64.2974668002,-12.3616537937,-0.00490113553002,0.483443708609,0.548914619067,10519.8736773,0.25,-74.2974668002,0.251997391574,0.259130373761
short__historical_activity_bin__middle__state_motif_3__6gt5gt6__daa65ab298,SHORT,2025,remove_best_month,2025-07,143,90,19,-64.6341148607,-12.3616537937,-0.0101901001756,0.482517482517,0.554132351635,9717.48276366,0.181818181818,-74.6341148607,0.232403324206,0.237119705764
short__historical_activity_bin__middle__state_motif_3__6gt5gt6__daa65ab298,SHORT,2025,remove_best_stock,QBTS,143,94,18,-69.6445289958,-13.9596121148,-0.014171303916,0.468531468531,0.531037643852,10770.1238368,0.0833333333333,-79.6445289958,0.24588260971,0.243490490926
short__historical_activity_bin__middle__state_motif_3__6gt5gt6__daa65ab298,SHORT,2025,remove_top_five_episodes,2025-10-15|clock_12|2025-04-08|clock_12|2025-05-12|clock_12|2025-03-10|clock_36|2025-03-06|clock_36,143,96,19,-84.7107780303,-29.23,-0.0321951851545,0.454545454545,0.437188905055,12924.5974488,0.25,-94.7107780303,0.222856338057,0.267551074531
short__historical_activity_bin__middle__state_motif_3__6gt5gt6__daa65ab298,SHORT,2025,remove_top_five_stocks,QBTS|NVTS|APLD|HIMS|ASTS,106,75,14,-98.8622210838,-45.2753779068,-0.0370145039148,0.433962264151,0.415771526024,11290.3516253,0.25,-108.862221084,0.259689146673,0.207152723604
short__historical_activity_bin__middle__state_motif_3__6gt5gt6__daa65ab298,SHORT,2025,twice_cost,,153,99,19,-69.098169048,-12.9922915207,0.00168343105624,0.457516339869,0.52655332722,11322.9760548,0.0833333333333,-79.098169048,0.222819148706,0.22501135977
short__historical_activity_bin__middle__state_motif_3__6gt5gt6__daa65ab298,SHORT,2026,coarse_clock_bin,kept:clock_12,37,31,14,2.74161164827,48.3742305243,0.115597669383,0.567567567568,1.01969183947,1385.58565807,0.833333333333,-7.25838835173,0.175522354509,0.484497344655
short__historical_activity_bin__middle__state_motif_3__6gt5gt6__daa65ab298,SHORT,2026,coarse_clock_bin,kept:clock_36,18,15,9,-44.1090265312,-84.373361257,0.034096540787,0.444444444444,0.657290872156,1097.80304862,0.5,-54.1090265312,0.304562742187,0.499936518092
short__historical_activity_bin__middle__state_motif_3__6gt5gt6__daa65ab298,SHORT,2026,dead_band_1x_cost,,55,40,16,-12.5913244832,33.3678571429,0.0735957665973,0.527272727273,0.9072689297,1487.68895591,0.666666666667,-22.5913244832,0.203764908332,0.375432261897
short__historical_activity_bin__middle__state_motif_3__6gt5gt6__daa65ab298,SHORT,2026,dead_band_3x_cost,,55,40,16,-12.5913244832,33.3678571429,0.11691947244,0.527272727273,0.9072689297,1487.68895591,0.666666666667,-22.5913244832,0.203764908332,0.375432261897
short__historical_activity_bin__middle__state_motif_3__6gt5gt6__daa65ab298,SHORT,2026,exclude_weakest_historical_activity_cohort,,55,40,16,-12.5913244832,33.3678571429,0.0991159783613,0.527272727273,0.9072689297,1487.68895591,0.666666666667,-22.5913244832,0.203764908332,0.375432261897
short__historical_activity_bin__middle__state_motif_3__6gt5gt6__daa65ab298,SHORT,2026,motif_length_3,,55,40,16,-12.5913244832,33.3678571429,0.0960352244956,0.527272727273,0.9072689297,1487.68895591,0.666666666667,-22.5913244832,0.203764908332,0.375432261897
short__historical_activity_bin__middle__state_motif_3__6gt5gt6__daa65ab298,SHORT,2026,movement_permission_off,,46,35,14,8.24333778366,55.3896153231,0.152416951277,0.586956521739,1.06303877351,1095.60124769,0.666666666667,-1.75666221634,0.226430516592,0.42041695267
short__historical_activity_bin__middle__state_motif_3__6gt5gt6__daa65ab298,SHORT,2026,movement_permission_on,,9,8,8,-119.079598291,-107.907540991,-0.198830409357,0.222222222222,0.262327446819,1162.59559054,0.25,-129.079598291,0.256910817299,0.639370483758
short__historical_activity_bin__middle__state_motif_3__6gt5gt6__daa65ab298,SHORT,2026,one_bar_execution_delay_same_terminal,,55,40,16,0.960026462072,8.86136553671,0.0510068469633,0.509090909091,1.00778500134,1374.49345769,0.666666666667,-9.03997353793,0.207605906203,0.39842391306
short__historical_activity_bin__middle__state_motif_3__6gt5gt6__daa65ab298,SHORT,2026,primary_cost,,55,40,16,-12.5913244832,33.3678571429,0.0960352244956,0.527272727273,0.9072689297,1487.68895591,0.666666666667,-22.5913244832,0.203764908332,0.375432261897
short__historical_activity_bin__middle__state_motif_3__6gt5gt6__daa65ab298,SHORT,2026,remove_best_episode,2026-06-09|clock_12,54,39,16,-28.7575753187,33.3543736456,0.0896921017403,0.518518518519,0.792060405526,2074.25252564,0.666666666667,-38.7575753187,0.192670480194,0.453603362013
short__historical_activity_bin__middle__state_motif_3__6gt5gt6__daa65ab298,SHORT,2026,remove_best_month,2026-06,48,35,16,-35.1863614687,33.3543736456,0.0961941029752,0.520833333333,0.755726229795,2305.21326994,0.6,-45.1863614687,0.199754268142,0.469044892992
short__historical_activity_bin__middle__state_motif_3__6gt5gt6__daa65ab298,SHORT,2026,remove_best_stock,APLD,52,37,15,-29.4722395678,33.3543736456,0.0898217636023,0.519230769231,0.793810728891,2092.00116034,0.5,-39.4722395678,0.236608265105,0.352090637373
short__historical_activity_bin__middle__state_motif_3__6gt5gt6__daa65ab298,SHORT,2026,remove_top_five_episodes,2026-06-09|clock_12|2026-01-21|clock_12|2026-05-07|clock_12|2026-05-12|clock_12|2026-02-12|clock_12,49,37,15,-77.8871207735,-35.3125,0.0478814030149,0.469387755102,0.488962350812,4085.34214219,0.333333333333,-87.8871207735,0.233457729338,0.35818117953
short__historical_activity_bin__middle__state_motif_3__6gt5gt6__daa65ab298,SHORT,2026,remove_top_five_stocks,APLD|MARA|RGTI|ASTS|WULF,42,32,11,-72.2810076334,-82.3095593073,0.0232965717705,0.452380952381,0.539386332411,3126.68152652,0.333333333333,-82.2810076334,0.332519231471,0.460157940347
short__historical_activity_bin__middle__state_motif_3__6gt5gt6__daa65ab298,SHORT,2026,twice_cost,,55,40,16,-22.5913244832,23.3678571429,0.0960352244956,0.527272727273,0.839219676575,1643.86630501,0.666666666667,-32.5913244832,0.210289582598,0.396179063255
short__movement_permission__False__state_motif_3__6gt5gt6__7e5860cd65,SHORT,2024,coarse_clock_bin,kept:clock_12,63,50,18,69.0813601509,71.5827695997,0.1470168124,0.634920634921,1.75282351269,1648.48712704,0.583333333333,59.0813601509,0.175207392841,0.21975763949
short__movement_permission__False__state_motif_3__6gt5gt6__7e5860cd65,SHORT,2024,coarse_clock_bin,kept:clock_36,61,43,16,27.062183288,5.20296523006,0.041535016204,0.540983606557,1.3147928916,2314.62156872,0.363636363636,17.062183288,0.155853607553,0.302509406697
short__movement_permission__False__state_motif_3__6gt5gt6__7e5860cd65,SHORT,2024,dead_band_1x_cost,,124,85,18,48.410636049,48.8542193929,0.103740352266,0.588709677419,1.54447594172,2295.89421337,0.583333333333,38.410636049,0.218949518786,0.212634622859
short__movement_permission__False__state_motif_3__6gt5gt6__7e5860cd65,SHORT,2024,dead_band_3x_cost,,124,85,18,48.410636049,48.8542193929,0.0900422191437,0.588709677419,1.54447594172,2295.89421337,0.583333333333,38.410636049,0.218949518786,0.212634622859
short__movement_permission__False__state_motif_3__6gt5gt6__7e5860cd65,SHORT,2024,exclude_weakest_historical_activity_cohort,,114,78,18,56.9467513219,54.8073319853,0.105351733912,0.605263157895,1.70088071258,1486.1865904,0.583333333333,46.9467513219,0.257564896324,0.195983948603
short__movement_permission__False__state_motif_3__6gt5gt6__7e5860cd65,SHORT,2024,motif_length_3,,124,85,18,48.410636049,48.8542193929,0.0952041691404,0.588709677419,1.54447594172,2295.89421337,0.583333333333,38.410636049,0.218949518786,0.212634622859
short__movement_permission__False__state_motif_3__6gt5gt6__7e5860cd65,SHORT,2024,movement_permission_off,,124,85,18,48.410636049,48.8542193929,0.0911682928713,0.588709677419,1.54447594172,2295.89421337,0.583333333333,38.410636049,0.218949518786,0.212634622859
short__movement_permission__False__state_motif_3__6gt5gt6__7e5860cd65,SHORT,2024,movement_permission_on,,0,0,0,,,,,,,,,,
short__movement_permission__False__state_motif_3__6gt5gt6__7e5860cd65,SHORT,2024,one_bar_execution_delay_same_terminal,,124,85,18,45.4773789412,47.0127844237,0.12715548519,0.588709677419,1.52627887995,2303.92015152,0.583333333333,35.4773789412,0.214518722809,0.228584657638
short__movement_permission__False__state_motif_3__6gt5gt6__7e5860cd65,SHORT,2024,primary_cost,,124,85,18,48.410636049,48.8542193929,0.0952041691404,0.588709677419,1.54447594172,2295.89421337,0.583333333333,38.410636049,0.218949518786,0.212634622859
short__movement_permission__False__state_motif_3__6gt5gt6__7e5860cd65,SHORT,2024,remove_best_episode,2024-01-11|clock_12,123,84,18,37.390493487,48.6405120285,0.0919848727176,0.585365853659,1.41714066523,2295.89421337,0.5,27.390493487,0.134329258127,0.223157637875
short__movement_permission__False__state_motif_3__6gt5gt6__7e5860cd65,SHORT,2024,remove_best_month,2024-08,110,75,17,34.7052494968,30.9260047629,0.0766128785327,0.572727272727,1.37979512764,2283.75442842,0.545454545455,24.7052494968,0.274667850393,0.187663921543
short__movement_permission__False__state_motif_3__6gt5gt6__7e5860cd65,SHORT,2024,remove_best_stock,MARA,116,82,17,28.2473651537,44.572278767,0.0817471511822,0.568965517241,1.29821132114,2295.89421337,0.5,18.2473651537,0.152594096026,0.25799503871
short__movement_permission__False__state_motif_3__6gt5gt6__7e5860cd65,SHORT,2024,remove_top_five_episodes,2024-01-11|clock_12|2024-08-07|clock_36|2024-02-27|clock_12|2024-11-25|clock_36|2024-07-11|clock_12,112,81,18,7.47650390088,12.7068184397,0.0502508854782,0.544642857143,1.07595087958,2917.09263709,0.5,-2.52349609912,0.138119019177,0.20119508975
short__movement_permission__False__state_motif_3__6gt5gt6__7e5860cd65,SHORT,2024,remove_top_five_stocks,MARA|IREN|ASTS|AAOI|IONQ,83,64,13,-7.18455796369,15.3807149544,0.0620373355793,0.530120481928,0.931578884502,2295.89421337,0.416666666667,-17.1845579637,0.172753869881,0.295061423303
short__movement_permission__False__state_motif_3__6gt5gt6__7e5860cd65,SHORT,2024,twice_cost,,124,85,18,38.410636049,38.8542193929,0.0952041691404,0.556451612903,1.41214874098,2585.89421337,0.583333333333,28.410636049,0.219154330151,0.208337368569
short__movement_permission__False__state_motif_3__6gt5gt6__7e5860cd65,SHORT,2025,coarse_clock_bin,kept:clock_12,132,80,19,-31.2559589127,2.17090554129,0.0147656843291,0.507575757576,0.741932452705,5842.27391118,0.5,-41.2559589127,0.180432711847,0.380312009545
short__movement_permission__False__state_motif_3__6gt5gt6__7e5860cd65,SHORT,2025,coarse_clock_bin,kept:clock_36,106,66,18,-49.9919777572,-5.74399958115,0.0055146132405,0.5,0.592282196208,6229.01970429,0.181818181818,-59.9919777572,0.332099938999,0.34427418003
short__movement_permission__False__state_motif_3__6gt5gt6__7e5860cd65,SHORT,2025,dead_band_1x_cost,,238,123,20,-39.6005723476,2.17090554129,0.0257503306977,0.504201680672,0.674826567698,11715.0464845,0.166666666667,-49.6005723476,0.21184267382,0.20795141079
short__movement_permission__False__state_motif_3__6gt5gt6__7e5860cd65,SHORT,2025,dead_band_3x_cost,,238,123,20,-39.6005723476,2.17090554129,0.0127749928295,0.504201680672,0.674826567698,11715.0464845,0.166666666667,-49.6005723476,0.21184267382,0.20795141079
short__movement_permission__False__state_motif_3__6gt5gt6__7e5860cd65,SHORT,2025,exclude_weakest_historical_activity_cohort,,229,120,20,-37.9053337656,3.69863013699,0.0160495148551,0.506550218341,0.689947347954,11282.3195395,0.25,-47.9053337656,0.211482425394,0.227683499656
short__movement_permission__False__state_motif_3__6gt5gt6__7e5860cd65,SHORT,2025,motif_length_3,,238,123,20,-39.6005723476,2.17090554129,0.0105536458088,0.504201680672,0.674826567698,11715.0464845,0.166666666667,-49.6005723476,0.21184267382,0.20795141079
short__movement_permission__False__state_motif_3__6gt5gt6__7e5860cd65,SHORT,2025,movement_permission_off,,238,123,20,-39.6005723476,2.17090554129,0.00836023883238,0.504201680672,0.674826567698,11715.0464845,0.166666666667,-49.6005723476,0.21184267382,0.20795141079
short__movement_permission__False__state_motif_3__6gt5gt6__7e5860cd65,SHORT,2025,movement_permission_on,,0,0,0,,,,,,,,,,
short__movement_permission__False__state_motif_3__6gt5gt6__7e5860cd65,SHORT,2025,one_bar_execution_delay_same_terminal,,238,123,20,-40.1140112653,-16.4108661696,-0.00421537947833,0.46218487395,0.648909224943,11991.3094116,0.166666666667,-50.1140112653,0.218005384141,0.182335859821
short__movement_permission__False__state_motif_3__6gt5gt6__7e5860cd65,SHORT,2025,primary_cost,,238,123,20,-39.6005723476,2.17090554129,0.0105536458088,0.504201680672,0.674826567698,11715.0464845,0.166666666667,-49.6005723476,0.21184267382,0.20795141079
short__movement_permission__False__state_motif_3__6gt5gt6__7e5860cd65,SHORT,2025,remove_best_episode,2025-03-06|clock_36,233,122,20,-45.4833851869,-2.99229152067,9.63967339029e-06,0.49356223176,0.634367041383,12887.7390143,0.166666666667,-55.4833851869,0.205163172553,0.207813196386
short__movement_permission__False__state_motif_3__6gt5gt6__7e5860cd65,SHORT,2025,remove_best_month,2025-11,222,113,20,-44.4746290593,-0.744236959667,0.00625369678487,0.5,0.64058299448,12441.8729047,0.0909090909091,-54.4746290593,0.166616764919,0.216745382064
short__movement_permission__False__state_motif_3__6gt5gt6__7e5860cd65,SHORT,2025,remove_best_stock,QBTS,221,119,19,-49.0961825376,-12.3616537937,-0.00676694357046,0.484162895928,0.619973692531,13140.3666065,0.166666666667,-59.0961825376,0.235967285426,0.211133723782
short__movement_permission__False__state_motif_3__6gt5gt6__7e5860cd65,SHORT,2025,remove_top_five_episodes,2025-03-06|clock_36|2025-12-12|clock_12|2025-01-02|clock_12|2025-05-12|clock_12|2025-02-07|clock_12,221,119,20,-62.1550410472,-20.9758392811,-0.0273160472347,0.466063348416,0.526079749352,15044.8605527,0.0833333333333,-72.1550410472,0.246677080382,0.173616897549
short__movement_permission__False__state_motif_3__6gt5gt6__7e5860cd65,SHORT,2025,remove_top_five_stocks,QBTS|HIMS|AAL|SMCI|ASTS,192,112,15,-60.8301794364,-28.361574599,-0.0367931192973,0.453125,0.56641561174,13778.8295536,0.166666666667,-70.8301794364,0.25270826177,0.212697524789
short__movement_permission__False__state_motif_3__6gt5gt6__7e5860cd65,SHORT,2025,twice_cost,,238,123,20,-49.6005723476,-7.82909445871,0.0105536458088,0.466386554622,0.609123551891,13915.6451649,0.166666666667,-59.6005723476,0.204243289663,0.195204252149
short__movement_permission__False__state_motif_3__6gt5gt6__7e5860cd65,SHORT,2026,coarse_clock_bin,kept:clock_12,42,33,13,17.0109189811,33.3543736456,0.0718396256245,0.52380952381,1.1311619901,1245.65339061,0.666666666667,7.01091898115,0.212597198461,0.357783085716
short__movement_permission__False__state_motif_3__6gt5gt6__7e5860cd65,SHORT,2026,coarse_clock_bin,kept:clock_36,39,22,12,-19.1112300518,9.77280290564,0.076831583522,0.512820512821,0.844593219617,1397.64488921,0.6,-29.1112300518,0.224919057372,0.37375507676
short__movement_permission__False__state_motif_3__6gt5gt6__7e5860cd65,SHORT,2026,dead_band_1x_cost,,81,46,15,-0.381226849537,33.3408901484,0.0648415578431,0.518518518519,0.996985375784,1874.62863373,0.5,-10.3812268495,0.194007016336,0.351296999309
short__movement_permission__False__state_motif_3__6gt5gt6__7e5860cd65,SHORT,2026,dead_band_3x_cost,,81,46,15,-0.381226849537,33.3408901484,0.0958195846739,0.518518518519,0.996985375784,1874.62863373,0.5,-10.3812268495,0.194007016336,0.351296999309
short__movement_permission__False__state_motif_3__6gt5gt6__7e5860cd65,SHORT,2026,exclude_weakest_historical_activity_cohort,,77,45,15,1.9868498235,33.3678571429,0.0913237705691,0.532467532468,1.01554162383,1874.62863373,0.5,-8.0131501765,0.209718472159,0.364366495188
short__movement_permission__False__state_motif_3__6gt5gt6__7e5860cd65,SHORT,2026,motif_length_3,,81,46,15,-0.381226849537,33.3408901484,0.074935336729,0.518518518519,0.996985375784,1874.62863373,0.5,-10.3812268495,0.194007016336,0.351296999309
short__movement_permission__False__state_motif_3__6gt5gt6__7e5860cd65,SHORT,2026,movement_permission_off,,81,46,15,-0.381226849537,33.3408901484,0.0716332690443,0.518518518519,0.996985375784,1874.62863373,0.5,-10.3812268495,0.194007016336,0.351296999309
short__movement_permission__False__state_motif_3__6gt5gt6__7e5860cd65,SHORT,2026,movement_permission_on,,0,0,0,,,,,,,,,,
short__movement_permission__False__state_motif_3__6gt5gt6__7e5860cd65,SHORT,2026,one_bar_execution_delay_same_terminal,,81,46,15,5.99860842261,26.4781132075,0.0909619535851,0.543209876543,1.04933000535,1584.8182931,0.666666666667,-4.00139157739,0.178967671898,0.373784880734
short__movement_permission__False__state_motif_3__6gt5gt6__7e5860cd65,SHORT,2026,primary_cost,,81,46,15,-0.381226849537,33.3408901484,0.074935336729,0.518518518519,0.996985375784,1874.62863373,0.5,-10.3812268495,0.194007016336,0.351296999309
short__movement_permission__False__state_motif_3__6gt5gt6__7e5860cd65,SHORT,2026,remove_best_episode,2026-06-09|clock_12,79,46,15,-22.1695628554,9.77280290564,0.0648444692977,0.506329113924,0.829018585563,2770.43943441,0.333333333333,-32.1695628554,0.262493670043,0.365974445375
short__movement_permission__False__state_motif_3__6gt5gt6__7e5860cd65,SHORT,2026,remove_best_month,2026-06,63,37,15,-15.2724477476,33.3678571429,0.0991702934514,0.52380952381,0.876790157655,1662.6331289,0.4,-25.2724477476,0.200671404171,0.476608869614
short__movement_permission__False__state_motif_3__6gt5gt6__7e5860cd65,SHORT,2026,remove_best_stock,APLD,77,43,14,-14.1105903194,9.77280290564,0.064097487878,0.506493506494,0.893561101603,2703.12005406,0.333333333333,-24.1105903194,0.235693778034,0.306890578066
short__movement_permission__False__state_motif_3__6gt5gt6__7e5860cd65,SHORT,2026,remove_top_five_episodes,2026-06-09|clock_12|2026-05-07|clock_36|2026-01-21|clock_12|2026-06-10|clock_36|2026-02-05|clock_36,70,45,15,-66.5693874545,-35.9473259494,0.00641981713248,0.442857142857,0.545077638135,4837.85114019,0.166666666667,-76.5693874545,0.297767129096,0.251862554244
short__movement_permission__False__state_motif_3__6gt5gt6__7e5860cd65,SHORT,2026,remove_top_five_stocks,APLD|MARA|SMCI|MSTR|IREN,56,35,10,-44.7576209091,-41.0954295227,-0.0365333218381,0.410714285714,0.723364180126,3377.62853367,0.166666666667,-54.7576209091,0.331505441308,0.285518692904
short__movement_permission__False__state_motif_3__6gt5gt6__7e5860cd65,SHORT,2026,twice_cost,,81,46,15,-10.3812268495,23.3408901484,0.074935336729,0.506172839506,0.920921073924,1978.19256457,0.5,-20.3812268495,0.210237904638,0.360326749914
short__realised_volatility_bin__high__state_motif_4__7gt5gt7gt5__feadce79fb,SHORT,2024,coarse_clock_bin,kept:clock_12,19,18,14,99.8696704713,7.49492703216,0.00165340387857,0.526315789474,2.27156979678,637.539243251,0.5,89.8696704713,0.248664313385,0.241835437898
short__realised_volatility_bin__high__state_motif_4__7gt5gt7gt5__feadce79fb,SHORT,2024,coarse_clock_bin,kept:clock_36,65,50,14,26.7980350256,-10,0.0266548144386,0.492307692308,1.23778092919,1625.63765769,0.5,16.7980350256,0.221548676748,0.192555340288
short__realised_volatility_bin__high__state_motif_4__7gt5gt7gt5__feadce79fb,SHORT,2024,dead_band_1x_cost,,84,62,16,43.3261430431,-1.25253648392,0.0150306748466,0.5,1.41273276006,1423.11176548,0.545454545455,33.3261430431,0.282975205593,0.193369283086
short__realised_volatility_bin__high__state_motif_4__7gt5gt7gt5__feadce79fb,SHORT,2024,dead_band_3x_cost,,84,62,16,43.3261430431,-1.25253648392,0.0420391469471,0.5,1.41273276006,1423.11176548,0.545454545455,33.3261430431,0.282975205593,0.193369283086
short__realised_volatility_bin__high__state_motif_4__7gt5gt7gt5__feadce79fb,SHORT,2024,exclude_weakest_historical_activity_cohort,,84,62,16,43.3261430431,-1.25253648392,0.0113667715058,0.5,1.41273276006,1423.11176548,0.545454545455,33.3261430431,0.282975205593,0.193369283086
short__realised_volatility_bin__high__state_motif_4__7gt5gt7gt5__feadce79fb,SHORT,2024,motif_length_4,,84,62,16,43.3261430431,-1.25253648392,0.0149430324277,0.5,1.41273276006,1423.11176548,0.545454545455,33.3261430431,0.282975205593,0.193369283086
short__realised_volatility_bin__high__state_motif_4__7gt5gt7gt5__feadce79fb,SHORT,2024,movement_permission_off,,73,54,16,57.9441423321,44.3478457782,0.0552646251736,0.534246575342,1.55169161621,1063.40127226,0.636363636364,47.9441423321,0.250712022293,0.230744904761
short__realised_volatility_bin__high__state_motif_4__7gt5gt7gt5__feadce79fb,SHORT,2024,movement_permission_on,,11,11,7,-53.6842158745,-39.7153024911,-0.266015593602,0.272727272727,0.486773870212,749.194026288,0.166666666667,-63.6842158745,0.403478146873,0.514142123816
short__realised_volatility_bin__high__state_motif_4__7gt5gt7gt5__feadce79fb,SHORT,2024,one_bar_execution_delay_same_terminal,,84,62,16,39.2003675785,16.4115661392,0.038445807771,0.511904761905,1.3793912147,1481.94426725,0.545454545455,29.2003675785,0.275161514904,0.201997397095
short__realised_volatility_bin__high__state_motif_4__7gt5gt7gt5__feadce79fb,SHORT,2024,primary_cost,,84,62,16,43.3261430431,-1.25253648392,0.0149430324277,0.5,1.41273276006,1423.11176548,0.545454545455,33.3261430431,0.282975205593,0.193369283086
short__realised_volatility_bin__high__state_motif_4__7gt5gt7gt5__feadce79fb,SHORT,2024,remove_best_episode,2024-11-18|clock_36,80,61,16,26.4335608968,-14.37346004,-0.0102459016393,0.475,1.23981993716,1423.11176548,0.454545454545,16.4335608968,0.228831865552,0.179803911363
short__realised_volatility_bin__high__state_motif_4__7gt5gt7gt5__feadce79fb,SHORT,2024,remove_best_month,2024-10,69,50,16,31.8361812749,-10,0.00279360658042,0.492753623188,1.28198983532,1668.27426481,0.5,21.8361812749,0.268358770611,0.200421484741
short__realised_volatility_bin__high__state_motif_4__7gt5gt7gt5__feadce79fb,SHORT,2024,remove_best_stock,APLD,76,55,15,22.7731249591,-23.2030335331,-0.0136069261322,0.473684210526,1.2033990514,1423.11176548,0.454545454545,12.7731249591,0.121790998626,0.197679120313
short__realised_volatility_bin__high__state_motif_4__7gt5gt7gt5__feadce79fb,SHORT,2024,remove_top_five_episodes,2024-11-18|clock_36|2024-10-23|clock_36|2024-11-26|clock_36|2024-03-08|clock_12|2024-10-18|clock_12,75,59,15,-16.5325405337,-33.9761611993,-0.044414600551,0.44,0.859382139455,3252.05415478,0.3,-26.5325405337,0.184182934154,0.281748826906
short__realised_volatility_bin__high__state_motif_4__7gt5gt7gt5__feadce79fb,SHORT,2024,remove_top_five_stocks,APLD|ASTS|HIMS|QBTS|RIVN,54,44,11,-1.82339162114,-52.8725234304,-0.0714740528494,0.425925925926,0.983263454603,1423.11176548,0.5,-11.8233916211,0.195878072471,0.149698669895
short__realised_volatility_bin__high__state_motif_4__7gt5gt7gt5__feadce79fb,SHORT,2024,twice_cost,,84,62,16,33.3261430431,-11.2525364839,0.0149430324277,0.47619047619,1.30288055577,1553.11176548,0.545454545455,23.3261430431,0.296621114665,0.178036901858
short__realised_volatility_bin__high__state_motif_4__7gt5gt7gt5__feadce79fb,SHORT,2025,coarse_clock_bin,kept:clock_12,32,29,14,49.8678697332,41.716936637,0.0763187146322,0.5625,1.6214037008,1602.54515382,0.666666666667,39.8678697332,0.172049635083,0.175443846799
short__realised_volatility_bin__high__state_motif_4__7gt5gt7gt5__feadce79fb,SHORT,2025,coarse_clock_bin,kept:clock_36,59,49,15,36.2366482334,17.5590572881,0.102572496195,0.559322033898,1.40246680194,1920.29690158,0.583333333333,26.2366482334,0.169827148426,0.451930151043
short__realised_volatility_bin__high__state_motif_4__7gt5gt7gt5__feadce79fb,SHORT,2025,dead_band_1x_cost,,91,69,16,41.0300448048,17.5590572881,0.081988210465,0.56043956044,1.47381467781,2990.25434495,0.75,31.0300448048,0.161385817805,0.338500755435
short__realised_volatility_bin__high__state_motif_4__7gt5gt7gt5__feadce79fb,SHORT,2025,dead_band_3x_cost,,91,69,16,41.0300448048,17.5590572881,0.0619023360745,0.56043956044,1.47381467781,2990.25434495,0.75,31.0300448048,0.161385817805,0.338500755435
short__realised_volatility_bin__high__state_motif_4__7gt5gt7gt5__feadce79fb,SHORT,2025,exclude_weakest_historical_activity_cohort,,90,68,16,41.2908335549,18.2588781671,0.0888782387755,0.555555555556,1.47158641546,2990.25434495,0.75,31.2908335549,0.161106779328,0.339535539528
short__realised_volatility_bin__high__state_motif_4__7gt5gt7gt5__feadce79fb,SHORT,2025,motif_length_4,,91,69,16,41.0300448048,17.5590572881,0.0936176406375,0.56043956044,1.47381467781,2990.25434495,0.75,31.0300448048,0.161385817805,0.338500755435
short__realised_volatility_bin__high__state_motif_4__7gt5gt7gt5__feadce79fb,SHORT,2025,movement_permission_off,,78,58,15,48.3403679319,19.5227591226,0.106076248313,0.576923076923,1.58548360282,2526.51031593,0.75,38.3403679319,0.193506611161,0.344055824479
short__realised_volatility_bin__high__state_motif_4__7gt5gt7gt5__feadce79fb,SHORT,2025,movement_permission_on,,13,13,9,-2.83189395837,-85.8196752385,0.0132314637958,0.461538461538,0.974436038929,808.667489317,0.4,-12.8318939584,0.189550075318,0.407383721888
short__realised_volatility_bin__high__state_motif_4__7gt5gt7gt5__feadce79fb,SHORT,2025,one_bar_execution_delay_same_terminal,,91,69,16,29.0037471355,27.5025,0.0626883050724,0.538461538462,1.32452981082,3386.96053458,0.666666666667,19.0037471355,0.154143329914,0.352889186944
short__realised_volatility_bin__high__state_motif_4__7gt5gt7gt5__feadce79fb,SHORT,2025,primary_cost,,91,69,16,41.0300448048,17.5590572881,0.0936176406375,0.56043956044,1.47381467781,2990.25434495,0.75,31.0300448048,0.161385817805,0.338500755435
short__realised_volatility_bin__high__state_motif_4__7gt5gt7gt5__feadce79fb,SHORT,2025,remove_best_episode,2025-06-13|clock_36,89,68,16,31.2739809533,15.031295377,0.0846040458615,0.550561797753,1.35321431852,2990.25434495,0.75,21.2739809533,0.178079260052,0.207834765577
short__realised_volatility_bin__high__state_motif_4__7gt5gt7gt5__feadce79fb,SHORT,2025,remove_best_month,2025-06,81,64,16,22.0179867166,10.5978372812,0.0514862061174,0.518518518519,1.23684192052,3040.64539861,0.727272727273,12.0179867166,0.141287767926,0.168551290352
short__realised_volatility_bin__high__state_motif_4__7gt5gt7gt5__feadce79fb,SHORT,2025,remove_best_stock,CIFR,76,59,15,27.6001290991,13.5960040606,0.072267532101,0.526315789474,1.30399565766,2809.85122178,0.583333333333,17.6001290991,0.143653356486,0.233730701795
short__realised_volatility_bin__high__state_motif_4__7gt5gt7gt5__feadce79fb,SHORT,2025,remove_top_five_episodes,2025-06-13|clock_36|2025-04-07|clock_12|2025-06-09|clock_36|2025-01-23|clock_12|2025-10-03|clock_36,84,66,16,5.1376447112,11.8198861171,0.0575558169742,0.52380952381,1.05476567949,2990.25434495,0.583333333333,-4.8623552888,0.163538581761,0.228982271669
short__realised_volatility_bin__high__state_motif_4__7gt5gt7gt5__feadce79fb,SHORT,2025,remove_top_five_stocks,CIFR|NVTS|SMCI|APLD|RGTI,50,43,11,-39.8447145184,-88.3233186897,-0.0291594360087,0.42,0.656844565621,2733.64800928,0.363636363636,-49.8447145184,0.189031011316,0.249860313234
short__realised_volatility_bin__high__state_motif_4__7gt5gt7gt5__feadce79fb,SHORT,2025,twice_cost,,91,69,16,31.0300448048,7.55905728811,0.0936176406375,0.549450549451,1.34084874148,3323.59621619,0.583333333333,21.0300448048,0.147902964791,0.326069650605
short__realised_volatility_bin__high__state_motif_4__7gt5gt7gt5__feadce79fb,SHORT,2026,coarse_clock_bin,kept:clock_12,8,8,5,-41.4419623838,13.1234755599,0.048030101815,0.5,0.72031551909,858.05921952,0.666666666667,-51.4419623838,0.483729913909,0.583408865564
short__realised_volatility_bin__high__state_motif_4__7gt5gt7gt5__feadce79fb,SHORT,2026,coarse_clock_bin,kept:clock_36,30,26,13,-70.9389482282,-83.0331022264,-0.0103479036574,0.4,0.521450436806,2600.64902699,0.166666666667,-80.9389482282,0.198299168788,0.396475919834
short__realised_volatility_bin__high__state_motif_4__7gt5gt7gt5__feadce79fb,SHORT,2026,dead_band_1x_cost,,38,30,14,-64.7290564715,-55.8191314398,-0.0326243290965,0.421052631579,0.563302625277,3458.70824651,0.166666666667,-74.7290564715,0.248444505724,0.450400600142
short__realised_volatility_bin__high__state_motif_4__7gt5gt7gt5__feadce79fb,SHORT,2026,dead_band_3x_cost,,38,30,14,-64.7290564715,-55.8191314398,-0.015616412727,0.421052631579,0.563302625277,3458.70824651,0.166666666667,-74.7290564715,0.248444505724,0.450400600142
short__realised_volatility_bin__high__state_motif_4__7gt5gt7gt5__feadce79fb,SHORT,2026,exclude_weakest_historical_activity_cohort,,37,30,13,-63.4414300528,-53.6949704889,0.00427568352097,0.432432432432,0.574769540531,3346.33701254,0.333333333333,-73.4414300528,0.254561119887,0.461453295331
short__realised_volatility_bin__high__state_motif_4__7gt5gt7gt5__feadce79fb,SHORT,2026,motif_length_4,,38,30,14,-64.7290564715,-55.8191314398,-0.0101848711982,0.421052631579,0.563302625277,3458.70824651,0.166666666667,-74.7290564715,0.248444505724,0.450400600142
short__realised_volatility_bin__high__state_motif_4__7gt5gt7gt5__feadce79fb,SHORT,2026,movement_permission_off,,33,26,13,-78.7526849305,-57.9432923906,-0.0406001765225,0.393939393939,0.506415272319,3542.89849002,0.166666666667,-88.7526849305,0.248745418644,0.434768837219
short__realised_volatility_bin__high__state_motif_4__7gt5gt7gt5__feadce79fb,SHORT,2026,movement_permission_on,,5,5,3,27.8268913577,84.1902435104,0.178947368421,0.6,1.37882275883,367.281145456,0.666666666667,17.8268913577,0.462626625933,0.757138528807
short__realised_volatility_bin__high__state_motif_4__7gt5gt7gt5__feadce79fb,SHORT,2026,one_bar_execution_delay_same_terminal,,38,30,14,-76.0792310366,-61.0144320842,-0.0451654018405,0.421052631579,0.498800740639,3589.70004147,0.333333333333,-86.0792310366,0.312004790821,0.449802216211
short__realised_volatility_bin__high__state_motif_4__7gt5gt7gt5__feadce79fb,SHORT,2026,primary_cost,,38,30,14,-64.7290564715,-55.8191314398,-0.0101848711982,0.421052631579,0.563302625277,3458.70824651,0.166666666667,-74.7290564715,0.248444505724,0.450400600142
short__realised_volatility_bin__high__state_motif_4__7gt5gt7gt5__feadce79fb,SHORT,2026,remove_best_episode,2026-03-06|clock_36,37,29,14,-80.76765156,-57.9432923906,-0.0256521581823,0.405405405405,0.469437089041,3458.70824651,0,-90.76765156,0.2542645583,0.515391531662
short__realised_volatility_bin__high__state_motif_4__7gt5gt7gt5__feadce79fb,SHORT,2026,remove_best_month,2026-03,31,23,14,-94.8277642087,-112.371233964,0.000528099282665,0.41935483871,0.421948661944,3448.70824651,0,-104.827764209,0.257005946441,0.523937221702
short__realised_volatility_bin__high__state_motif_4__7gt5gt7gt5__feadce79fb,SHORT,2026,remove_best_stock,AAOI,26,18,13,-106.829902365,-85.1572631773,-0.0474746927949,0.384615384615,0.355224221326,3458.70824651,0.166666666667,-116.829902365,0.266562807496,0.447687022132
short__realised_volatility_bin__high__state_motif_4__7gt5gt7gt5__feadce79fb,SHORT,2026,remove_top_five_episodes,2026-03-06|clock_36|2026-06-10|clock_12|2026-02-27|clock_36|2026-04-17|clock_36|2026-01-20|clock_36,32,26,12,-134.201869594,-132.139732578,-0.111048094374,0.3125,0.237558982281,4294.45982699,0,-144.201869594,0.260347964302,0.358647587114
short__realised_volatility_bin__high__state_motif_4__7gt5gt7gt5__feadce79fb,SHORT,2026,remove_top_five_stocks,AAOI|APLD|MSTR|MARA|ASTS,18,12,9,-193.555203226,-175.13254937,-0.152219198334,0.277777777778,0.102609094385,3760.059362,0.166666666667,-203.555203226,0.318119487381,0.498040189865
short__realised_volatility_bin__high__state_motif_4__7gt5gt7gt5__feadce79fb,SHORT,2026,twice_cost,,38,30,14,-74.7290564715,-65.8191314398,-0.0101848711982,0.421052631579,0.514789017298,3658.70824651,0.166666666667,-84.7290564715,0.261371425738,0.439990728949
short__state_age_bin__7_plus__state_motif_2__5gt6__c1dba67cba,SHORT,2024,adjacent_threshold_neighbour,state_age_bin:7_plus->4_6,111,68,20,6.04756015693,-1.46308151942,0.0162300337147,0.495495495495,1.05768973713,2595.57922905,0.416666666667,-3.95243984307,0.139501042031,0.217019634375
short__state_age_bin__7_plus__state_motif_2__5gt6__c1dba67cba,SHORT,2024,coarse_clock_bin,kept:clock_12,80,55,20,54.4518427002,79.6522512653,0.102969193352,0.6,1.44185960561,2538.10909033,0.583333333333,44.4518427002,0.160550182916,0.337546406703
short__state_age_bin__7_plus__state_motif_2__5gt6__c1dba67cba,SHORT,2024,coarse_clock_bin,kept:clock_36,43,30,15,49.6624219044,27.6232485729,0.0846154584457,0.604651162791,1.67747416036,785.324481548,0.5,39.6624219044,0.190526312308,0.310385738069
short__state_age_bin__7_plus__state_motif_2__5gt6__c1dba67cba,SHORT,2024,dead_band_1x_cost,,123,75,20,52.7774923407,60.5467372134,0.116656691107,0.60162601626,1.49894196276,2581.52501471,0.583333333333,42.7774923407,0.14569192412,0.224271574206
short__state_age_bin__7_plus__state_motif_2__5gt6__c1dba67cba,SHORT,2024,dead_band_3x_cost,,123,75,20,52.7774923407,60.5467372134,0.110564117911,0.60162601626,1.49894196276,2581.52501471,0.583333333333,42.7774923407,0.14569192412,0.224271574206
short__state_age_bin__7_plus__state_motif_2__5gt6__c1dba67cba,SHORT,2024,exclude_weakest_historical_activity_cohort,,110,70,20,57.7189703766,63.7417123255,0.107903568043,0.609090909091,1.54589826922,2525.00886425,0.666666666667,47.7189703766,0.153615113672,0.223346529039
short__state_age_bin__7_plus__state_motif_2__5gt6__c1dba67cba,SHORT,2024,motif_length_2,,123,75,20,52.7774923407,60.5467372134,0.0997281659933,0.60162601626,1.49894196276,2581.52501471,0.583333333333,42.7774923407,0.14569192412,0.224271574206
short__state_age_bin__7_plus__state_motif_2__5gt6__c1dba67cba,SHORT,2024,movement_permission_off,,123,75,20,52.7774923407,60.5467372134,0.0956922897242,0.60162601626,1.49894196276,2581.52501471,0.583333333333,42.7774923407,0.14569192412,0.224271574206
short__state_age_bin__7_plus__state_motif_2__5gt6__c1dba67cba,SHORT,2024,movement_permission_on,,0,0,0,,,,,,,,,,
short__state_age_bin__7_plus__state_motif_2__5gt6__c1dba67cba,SHORT,2024,one_bar_execution_delay_same_terminal,,123,75,20,54.4508355607,37.4576271186,0.0831612549254,0.569105691057,1.58449629029,2526.03337509,0.666666666667,44.4508355607,0.161634540162,0.238983249597
short__state_age_bin__7_plus__state_motif_2__5gt6__c1dba67cba,SHORT,2024,primary_cost,,123,75,20,52.7774923407,60.5467372134,0.0997281659933,0.60162601626,1.49894196276,2581.52501471,0.583333333333,42.7774923407,0.14569192412,0.224271574206
short__state_age_bin__7_plus__state_motif_2__5gt6__c1dba67cba,SHORT,2024,remove_best_episode,2024-07-11|clock_12,121,74,20,42.02724217,40.5040455055,0.0931657295759,0.595041322314,1.3908520833,2815.17483054,0.583333333333,32.02724217,0.154447524873,0.1392760906
short__state_age_bin__7_plus__state_motif_2__5gt6__c1dba67cba,SHORT,2024,remove_best_month,2024-07,108,67,20,32.2295206629,31.1579979951,0.0858348267622,0.592592592593,1.28725861872,2581.52501471,0.545454545455,22.2295206629,0.158952407459,0.160734367363
short__state_age_bin__7_plus__state_motif_2__5gt6__c1dba67cba,SHORT,2024,remove_best_stock,MARA,117,73,19,35.0832115624,40.5040455055,0.0941992584619,0.598290598291,1.32287744122,2581.52501471,0.583333333333,25.0832115624,0.160659456533,0.245593439384
short__state_age_bin__7_plus__state_motif_2__5gt6__c1dba67cba,SHORT,2024,remove_top_five_episodes,2024-07-11|clock_12|2024-01-11|clock_12|2024-08-07|clock_36|2024-07-01|clock_12|2024-09-06|clock_12,114,72,20,4.14635068351,24.5989155904,0.0681546324489,0.570175438596,1.03633013821,3290.88995406,0.583333333333,-5.85364931649,0.18730761268,0.222196505659
short__state_age_bin__7_plus__state_motif_2__5gt6__c1dba67cba,SHORT,2024,remove_top_five_stocks,MARA|IREN|ASTS|RIOT|AAOI,82,61,15,-24.265268228,2.62915470229,0.0185603969484,0.524390243902,0.812469733446,2569.36160687,0.666666666667,-34.265268228,0.278344209203,0.285993692874
short__state_age_bin__7_plus__state_motif_2__5gt6__c1dba67cba,SHORT,2024,twice_cost,,123,75,20,42.7774923407,50.5467372134,0.0997281659933,0.560975609756,1.38883274105,2681.52501471,0.583333333333,32.7774923407,0.142814170927,0.214536615876
short__state_age_bin__7_plus__state_motif_2__5gt6__c1dba67cba,SHORT,2025,adjacent_threshold_neighbour,state_age_bin:7_plus->4_6,157,97,20,-69.4863547561,-41.4678537387,-0.0545590234627,0.43949044586,0.529680789696,12784.5400676,0.25,-79.4863547561,0.11669088462,0.244374843851
short__state_age_bin__7_plus__state_motif_2__5gt6__c1dba67cba,SHORT,2025,coarse_clock_bin,kept:clock_12,113,67,20,-27.1811968301,20.748451187,0.0760421659596,0.530973451327,0.809897439852,4050.51340878,0.583333333333,-37.1811968301,0.158880378937,0.205519854714
short__state_age_bin__7_plus__state_motif_2__5gt6__c1dba67cba,SHORT,2025,coarse_clock_bin,kept:clock_36,64,37,18,57.6104215571,95.8123508589,0.152625462297,0.640625,1.75965132356,1012.49123236,0.545454545455,47.6104215571,0.186144528718,0.441715318369
short__state_age_bin__7_plus__state_motif_2__5gt6__c1dba67cba,SHORT,2025,dead_band_1x_cost,,177,93,20,3.47791942291,41.3112884835,0.092170118952,0.570621468927,1.02929914713,2809.91928066,0.666666666667,-6.52208057709,0.11853001916,0.242354585467
short__state_age_bin__7_plus__state_motif_2__5gt6__c1dba67cba,SHORT,2025,dead_band_3x_cost,,177,93,20,3.47791942291,41.3112884835,0.104120005411,0.570621468927,1.02929914713,2809.91928066,0.666666666667,-6.52208057709,0.11853001916,0.242354585467
short__state_age_bin__7_plus__state_motif_2__5gt6__c1dba67cba,SHORT,2025,exclude_weakest_historical_activity_cohort,,161,87,20,4.26097468116,44.7283936375,0.103440005511,0.571428571429,1.03465623959,2809.91928066,0.666666666667,-5.73902531884,0.144647890558,0.221382003966
short__state_age_bin__7_plus__state_motif_2__5gt6__c1dba67cba,SHORT,2025,motif_length_2,,177,93,20,3.47791942291,41.3112884835,0.103489125085,0.570621468927,1.02929914713,2809.91928066,0.666666666667,-6.52208057709,0.11853001916,0.242354585467
short__state_age_bin__7_plus__state_motif_2__5gt6__c1dba67cba,SHORT,2025,movement_permission_off,,177,93,20,3.47791942291,41.3112884835,0.101295718109,0.570621468927,1.02929914713,2809.91928066,0.666666666667,-6.52208057709,0.11853001916,0.242354585467
short__state_age_bin__7_plus__state_motif_2__5gt6__c1dba67cba,SHORT,2025,movement_permission_on,,0,0,0,,,,,,,,,,
short__state_age_bin__7_plus__state_motif_2__5gt6__c1dba67cba,SHORT,2025,one_bar_execution_delay_same_terminal,,177,93,20,-10.8247951406,21.4597539442,0.0659787998883,0.525423728814,0.908663424026,3138.86906818,0.5,-20.8247951406,0.127388439708,0.255552658166
short__state_age_bin__7_plus__state_motif_2__5gt6__c1dba67cba,SHORT,2025,primary_cost,,177,93,20,3.47791942291,41.3112884835,0.103489125085,0.570621468927,1.02929914713,2809.91928066,0.666666666667,-6.52208057709,0.11853001916,0.242354585467
short__state_age_bin__7_plus__state_motif_2__5gt6__c1dba67cba,SHORT,2025,remove_best_episode,2025-03-06|clock_36,170,92,20,-7.95338742173,32.6322867762,0.086250487944,0.552941176471,0.935647821165,2939.48406467,0.583333333333,-17.9533874217,0.119484914128,0.213028504684
short__state_age_bin__7_plus__state_motif_2__5gt6__c1dba67cba,SHORT,2025,remove_best_month,2025-08,163,85,20,-9.97432513262,24.7315793914,0.074346096466,0.546012269939,0.922146955218,3144.71441837,0.636363636364,-19.9743251326,0.155107428339,0.28782328993
short__state_age_bin__7_plus__state_motif_2__5gt6__c1dba67cba,SHORT,2025,remove_best_stock,IONQ,163,89,19,-5.0205358314,37.6863955119,0.102791003098,0.564417177914,0.958552224569,3154.25727917,0.5,-15.0205358314,0.129015173706,0.250527636901
short__state_age_bin__7_plus__state_motif_2__5gt6__c1dba67cba,SHORT,2025,remove_top_five_episodes,2025-03-06|clock_36|2025-08-07|clock_12|2025-03-20|clock_36|2025-04-14|clock_12|2025-01-08|clock_12,155,89,20,-42.5144775702,16.3011553937,0.0507198889874,0.516129032258,0.684137389856,7777.08270128,0.5,-52.5144775702,0.167611018617,0.2424248264
short__state_age_bin__7_plus__state_motif_2__5gt6__c1dba67cba,SHORT,2025,remove_top_five_stocks,IONQ|RGTI|IREN|APLD|HIMS,112,72,15,-40.5852994279,10.4395861579,0.0460829493088,0.508928571429,0.699469453532,5732.89221383,0.5,-50.5852994279,0.198338789124,0.257278080647
short__state_age_bin__7_plus__state_motif_2__5gt6__c1dba67cba,SHORT,2025,twice_cost,,177,93,20,-6.52208057709,31.3112884835,0.103489125085,0.559322033898,0.946987199906,3099.91928066,0.5,-16.5220805771,0.12294446215,0.249269487279
short__state_age_bin__7_plus__state_motif_2__5gt6__c1dba67cba,SHORT,2026,adjacent_threshold_neighbour,state_age_bin:7_plus->4_6,64,46,17,-15.0354168465,-14.2784259693,0.0531374972228,0.484375,0.877405551884,2539.68075932,0.333333333333,-25.0354168465,0.204461567867,0.263540859422
short__state_age_bin__7_plus__state_motif_2__5gt6__c1dba67cba,SHORT,2026,coarse_clock_bin,kept:clock_12,55,32,17,-42.3184760938,-99.3066219055,-0.161060807276,0.290909090909,0.709216629115,3248.2977455,0.333333333333,-52.3184760938,0.19888816009,0.244704597321
short__state_age_bin__7_plus__state_motif_2__5gt6__c1dba67cba,SHORT,2026,coarse_clock_bin,kept:clock_36,29,17,14,-20.7909574521,42.8334942817,0.141376234274,0.586206896552,0.850847372421,1566.17130465,0.666666666667,-30.7909574521,0.190261092579,0.393114072983
short__state_age_bin__7_plus__state_motif_2__5gt6__c1dba67cba,SHORT,2026,dead_band_1x_cost,,84,43,18,-34.8863565627,-70.4212317824,-0.0608198178183,0.392857142857,0.756742533628,3723.16311052,0.333333333333,-44.8863565627,0.295882762733,0.3655943486
short__state_age_bin__7_plus__state_motif_2__5gt6__c1dba67cba,SHORT,2026,dead_band_3x_cost,,84,43,18,-34.8863565627,-70.4212317824,-0.0294008738799,0.392857142857,0.756742533628,3723.16311052,0.333333333333,-44.8863565627,0.295882762733,0.3655943486
short__state_age_bin__7_plus__state_motif_2__5gt6__c1dba67cba,SHORT,2026,exclude_weakest_historical_activity_cohort,,77,42,17,-29.5783049914,-69.9113337868,-0.0385463593011,0.402597402597,0.792855850552,3161.32062966,0.333333333333,-39.5783049914,0.302985787475,0.421689752905
short__state_age_bin__7_plus__state_motif_2__5gt6__c1dba67cba,SHORT,2026,motif_length_2,,84,43,18,-34.8863565627,-70.4212317824,-0.0502851218248,0.392857142857,0.756742533628,3723.16311052,0.333333333333,-44.8863565627,0.295882762733,0.3655943486
short__state_age_bin__7_plus__state_motif_2__5gt6__c1dba67cba,SHORT,2026,movement_permission_off,,84,43,18,-34.8863565627,-70.4212317824,-0.0535871895095,0.392857142857,0.756742533628,3723.16311052,0.333333333333,-44.8863565627,0.295882762733,0.3655943486
short__state_age_bin__7_plus__state_motif_2__5gt6__c1dba67cba,SHORT,2026,movement_permission_on,,0,0,0,,,,,,,,,,
short__state_age_bin__7_plus__state_motif_2__5gt6__c1dba67cba,SHORT,2026,one_bar_execution_delay_same_terminal,,84,43,18,-13.1108887549,-44.9108843722,0.0124787084352,0.452380952381,0.899543048539,2726.08475767,0.5,-23.1108887549,0.260559851057,0.430454738198
short__state_age_bin__7_plus__state_motif_2__5gt6__c1dba67cba,SHORT,2026,primary_cost,,84,43,18,-34.8863565627,-70.4212317824,-0.0502851218248,0.392857142857,0.756742533628,3723.16311052,0.333333333333,-44.8863565627,0.295882762733,0.3655943486
short__state_age_bin__7_plus__state_motif_2__5gt6__c1dba67cba,SHORT,2026,remove_best_episode,2026-06-09|clock_12,81,43,18,-68.6812097297,-75.2508949319,-0.0708017254202,0.37037037037,0.538199676614,6355.88714736,0.166666666667,-78.6812097297,0.313832507688,0.323877992281
short__state_age_bin__7_plus__state_motif_2__5gt6__c1dba67cba,SHORT,2026,remove_best_month,2026-06,66,35,18,-52.5890574651,-70.4212317824,-0.0306998364187,0.393939393939,0.616757198744,3861.31274161,0.2,-62.5890574651,0.282397538744,0.410828489273
short__state_age_bin__7_plus__state_motif_2__5gt6__c1dba67cba,SHORT,2026,remove_best_stock,MP,81,42,17,-42.3426651532,-70.931129778,-0.0511886230756,0.395061728395,0.711640779516,4222.46503666,0.166666666667,-52.3426651532,0.321733943533,0.397826330357
short__state_age_bin__7_plus__state_motif_2__5gt6__c1dba67cba,SHORT,2026,remove_top_five_episodes,2026-06-09|clock_12|2026-06-05|clock_36|2026-05-07|clock_36|2026-01-21|clock_12|2026-02-05|clock_36,72,42,18,-118.023857042,-101.525998433,-0.143370395583,0.291666666667,0.294603049997,8726.97573382,0,-128.023857042,0.30135664972,0.347094440814
short__state_age_bin__7_plus__state_motif_2__5gt6__c1dba67cba,SHORT,2026,remove_top_five_stocks,MP|ASTS|MARA|RIOT|RGTI,69,36,13,-62.4831809565,-81.1010665312,-0.0716547488561,0.36231884058,0.600141102234,4711.30337408,0.166666666667,-72.4831809565,0.380418306258,0.269022874629
short__state_age_bin__7_plus__state_motif_2__5gt6__c1dba67cba,SHORT,2026,twice_cost,,84,43,18,-44.8863565627,-80.4212317824,-0.0502851218248,0.380952380952,0.699731576895,4433.16311052,0.333333333333,-54.8863565627,0.302203628599,0.361283392391
short__state_motif_3__2gt1gt3__c1d3d1595a,SHORT,2024,coarse_clock_bin,kept:clock_12,21,20,13,23.8433178453,35.8722653493,0.0993977647808,0.619047619048,1.56102218726,534.391436684,0.5,13.8433178453,0.216570018072,0.521818992702
short__state_motif_3__2gt1gt3__c1d3d1595a,SHORT,2024,coarse_clock_bin,kept:clock_36,114,83,20,16.649235663,12.3736859602,0.0672755971646,0.543859649123,1.37869322653,1393.51821218,0.666666666667,6.64923566301,0.146118828598,0.179130150268
short__state_motif_3__2gt1gt3__c1d3d1595a,SHORT,2024,dead_band_1x_cost,,135,94,20,17.7683151136,13.2558139535,0.0705862304022,0.555555555556,1.40625317182,1393.51821218,0.833333333333,7.76831511359,0.110253100628,0.223775995942
short__state_motif_3__2gt1gt3__c1d3d1595a,SHORT,2024,dead_band_3x_cost,,135,94,20,17.7683151136,13.2558139535,0.0473301522381,0.555555555556,1.40625317182,1393.51821218,0.833333333333,7.76831511359,0.110253100628,0.223775995942
short__state_motif_3__2gt1gt3__c1d3d1595a,SHORT,2024,exclude_weakest_historical_activity_cohort,,74,58,18,25.0528104981,22.416138228,0.0757168358559,0.581081081081,1.78195302166,739.180997158,0.666666666667,15.0528104981,0.200860102612,0.265148661614
short__state_motif_3__2gt1gt3__c1d3d1595a,SHORT,2024,motif_length_3,,135,94,20,17.7683151136,13.2558139535,0.0646784821631,0.555555555556,1.40625317182,1393.51821218,0.833333333333,7.76831511359,0.110253100628,0.223775995942
short__state_motif_3__2gt1gt3__c1d3d1595a,SHORT,2024,movement_permission_off,,94,68,19,23.7833835548,12.4192738832,0.0666315735851,0.563829787234,1.59859848145,863.254351575,0.666666666667,13.7833835548,0.1112673506,0.195883104181
short__state_motif_3__2gt1gt3__c1d3d1595a,SHORT,2024,movement_permission_on,,41,37,18,3.97767039477,16.315791205,0.0643613465312,0.536585365854,1.07516403671,756.469485578,0.5,-6.02232960523,0.144621574075,0.204839822605
short__state_motif_3__2gt1gt3__c1d3d1595a,SHORT,2024,one_bar_execution_delay_same_terminal,,135,94,20,17.29726205,6.12581165349,0.0273346966598,0.525925925926,1.39195310803,989.147824403,0.75,7.29726204995,0.11075019835,0.160125629231
short__state_motif_3__2gt1gt3__c1d3d1595a,SHORT,2024,primary_cost,,135,94,20,17.7683151136,13.2558139535,0.0646784821631,0.555555555556,1.40625317182,1393.51821218,0.833333333333,7.76831511359,0.110253100628,0.223775995942
short__state_motif_3__2gt1gt3__c1d3d1595a,SHORT,2024,remove_best_episode,2024-08-12|clock_36,134,93,20,13.9720642503,12.4192738832,0.0615274039638,0.55223880597,1.31708968974,1393.51821218,0.75,3.97206425026,0.120412810739,0.196139372769
short__state_motif_3__2gt1gt3__c1d3d1595a,SHORT,2024,remove_best_month,2024-12,124,88,20,12.8027189076,9.19866246623,0.0396188565697,0.532258064516,1.27168929235,1416.83622689,0.818181818182,2.80271890761,0.111618609007,0.202106709896
short__state_motif_3__2gt1gt3__c1d3d1595a,SHORT,2024,remove_best_stock,WULF,132,92,19,13.3610039397,12.4192738832,0.0634656216671,0.55303030303,1.30295644313,1393.51821218,0.75,3.36100393973,0.122065647264,0.232486391082
short__state_motif_3__2gt1gt3__c1d3d1595a,SHORT,2024,remove_top_five_episodes,2024-08-12|clock_36|2024-01-24|clock_36|2024-10-23|clock_36|2024-04-18|clock_36|2024-07-30|clock_12,126,90,20,-0.233578903169,7.78357961133,0.0352453102453,0.52380952381,0.99501550794,1516.77789694,0.5,-10.2335789032,0.109013465865,0.232642927726
short__state_motif_3__2gt1gt3__c1d3d1595a,SHORT,2024,remove_top_five_stocks,WULF|IREN|NVTS|HIMS|ASTS,101,76,15,-4.11077230848,-0.0615229589695,0.0114584036848,0.49504950495,0.913328601085,1709.92261973,0.5,-14.1107723085,0.159025512013,0.183919244603
short__state_motif_3__2gt1gt3__c1d3d1595a,SHORT,2024,twice_cost,,135,94,20,7.76831511359,3.25581395349,0.0646784821631,0.525925925926,1.16069442718,1703.51821218,0.583333333333,-2.23168488641,0.111072834833,0.221356856166
short__state_motif_3__2gt1gt3__c1d3d1595a,SHORT,2025,coarse_clock_bin,kept:clock_12,8,7,5,4.83751693524,17.0079522748,0.0450687146322,0.625,1.18550441309,187.98968805,0.666666666667,-5.16248306476,0.488641233647,0.420215435757
short__state_motif_3__2gt1gt3__c1d3d1595a,SHORT,2025,coarse_clock_bin,kept:clock_36,119,84,20,-11.5855374989,-1.86519465427,0.0306454202803,0.495798319328,0.831157673416,1833.24401994,0.5,-21.5855374989,0.118783409508,0.378095483147
short__state_motif_3__2gt1gt3__c1d3d1595a,SHORT,2025,dead_band_1x_cost,,127,90,20,-10.551014385,2.22716945958,0.0254856578995,0.503937007874,0.839985390009,1791.69443983,0.5,-20.551014385,0.126291385028,0.343384848886
short__state_motif_3__2gt1gt3__c1d3d1595a,SHORT,2025,dead_band_3x_cost,,127,90,20,-10.551014385,2.22716945958,0.0240897549549,0.503937007874,0.839985390009,1791.69443983,0.5,-20.551014385,0.126291385028,0.343384848886
short__state_motif_3__2gt1gt3__c1d3d1595a,SHORT,2025,exclude_weakest_historical_activity_cohort,,83,67,19,-14.6597278247,-4.92900582804,-0.00978307313878,0.469879518072,0.757362010288,1323.10382904,0.333333333333,-24.6597278247,0.162738967692,0.22127145983
short__state_motif_3__2gt1gt3__c1d3d1595a,SHORT,2025,motif_length_3,,127,90,20,-10.551014385,2.22716945958,0.0323560675649,0.503937007874,0.839985390009,1791.69443983,0.5,-20.551014385,0.126291385028,0.343384848886
short__state_motif_3__2gt1gt3__c1d3d1595a,SHORT,2025,movement_permission_off,,101,75,19,-16.7947719335,-2.07606941664,0.027122199062,0.485148514851,0.770276900921,2068.15015077,0.583333333333,-26.7947719335,0.157183313791,0.320689737664
short__state_motif_3__2gt1gt3__c1d3d1595a,SHORT,2025,movement_permission_on,,26,25,13,13.7035822458,9.85339827025,0.0516930022573,0.576923076923,1.35984924007,361.882074517,0.583333333333,3.70358224584,0.227937346976,0.220694614954
short__state_motif_3__2gt1gt3__c1d3d1595a,SHORT,2025,one_bar_execution_delay_same_terminal,,127,90,20,-11.6842207334,5.56459143969,0.0343937649668,0.527559055118,0.815231912329,1749.07643915,0.416666666667,-21.6842207334,0.148535459216,0.346736116961
short__state_motif_3__2gt1gt3__c1d3d1595a,SHORT,2025,primary_cost,,127,90,20,-10.551014385,2.22716945958,0.0323560675649,0.503937007874,0.839985390009,1791.69443983,0.5,-20.551014385,0.126291385028,0.343384848886
short__state_motif_3__2gt1gt3__c1d3d1595a,SHORT,2025,remove_best_episode,2025-11-04|clock_36,125,89,20,-15.0639490045,-1.86519465427,0.0250740173558,0.496,0.775140857031,1975.96218476,0.416666666667,-25.0639490045,0.134549896346,0.332887536169
short__state_motif_3__2gt1gt3__c1d3d1595a,SHORT,2025,remove_best_month,2025-10,118,84,20,-15.666896591,-5.03290753149,0.0064267596582,0.474576271186,0.776960865799,2245.21980709,0.454545454545,-25.666896591,0.115694787011,0.391183067546
short__state_motif_3__2gt1gt3__c1d3d1595a,SHORT,2025,remove_best_stock,RGTI,123,88,19,-15.7910265191,-1.86519465427,0.0332399631392,0.49593495935,0.765308776426,2035.26482104,0.416666666667,-25.7910265191,0.141652701888,0.314679163392
short__state_motif_3__2gt1gt3__c1d3d1595a,SHORT,2025,remove_top_five_episodes,2025-11-04|clock_36|2025-04-16|clock_36|2025-06-11|clock_36|2025-02-27|clock_36|2025-02-18|clock_36,117,85,20,-28.0902704557,-6.49859919458,-0.00712529307486,0.461538461538,0.607532694537,3379.53020251,0.416666666667,-38.0902704557,0.151849082647,0.250891485157
short__state_motif_3__2gt1gt3__c1d3d1595a,SHORT,2025,remove_top_five_stocks,RGTI|RIOT|QBTS|AAOI|IONQ,95,70,15,-35.2588613536,-6.8348520171,0.0104478676366,0.473684210526,0.548911038715,3349.59182859,0.25,-45.2588613536,0.197892534067,0.297143267156
short__state_motif_3__2gt1gt3__c1d3d1595a,SHORT,2025,twice_cost,,127,90,20,-20.551014385,-7.77283054042,0.0323560675649,0.488188976378,0.710400999896,2609.97882689,0.333333333333,-30.551014385,0.135013243035,0.352134652707
short__state_motif_3__2gt1gt3__c1d3d1595a,SHORT,2026,coarse_clock_bin,kept:clock_12,4,4,4,139.6537872,98.7061845543,0.298030101815,0.75,9.82075993069,63.3295944101,0.75,129.6537872,0.619507182445,0.619507182445
short__state_motif_3__2gt1gt3__c1d3d1595a,SHORT,2026,coarse_clock_bin,kept:clock_36,56,33,17,-13.4853276978,-3.80155770974,0.0717949534854,0.5,0.806286095433,1003.07062709,0.333333333333,-23.4853276978,0.203725992302,0.238394089801
short__state_motif_3__2gt1gt3__c1d3d1595a,SHORT,2026,dead_band_1x_cost,,60,34,17,-3.27605337129,9.79900998753,0.0629897059913,0.516666666667,0.950384760921,1003.07062709,0.5,-13.2760533713,0.190832772651,0.253417116045
short__state_motif_3__2gt1gt3__c1d3d1595a,SHORT,2026,dead_band_3x_cost,,60,34,17,-3.27605337129,9.79900998753,0.0563134118344,0.516666666667,0.950384760921,1003.07062709,0.5,-13.2760533713,0.190832772651,0.253417116045
short__state_motif_3__2gt1gt3__c1d3d1595a,SHORT,2026,exclude_weakest_historical_activity_cohort,,26,19,10,-6.16977776839,16.6081626592,0.0718432510885,0.538461538462,0.91268356638,712.863091242,0.6,-16.1697777684,0.240526868178,0.461315869449
short__state_motif_3__2gt1gt3__c1d3d1595a,SHORT,2026,motif_length_3,,60,34,17,-3.27605337129,9.79900998753,0.0687624972228,0.516666666667,0.950384760921,1003.07062709,0.5,-13.2760533713,0.190832772651,0.253417116045
short__state_motif_3__2gt1gt3__c1d3d1595a,SHORT,2026,movement_permission_off,,48,31,17,-23.5469550677,-3.80155770974,0.0446270962048,0.5,0.680996853807,1390.39983826,0.333333333333,-33.5469550677,0.21110041735,0.327470268624
short__state_motif_3__2gt1gt3__c1d3d1595a,SHORT,2026,movement_permission_on,,12,11,8,77.8075534145,75.1206904372,0.162280701754,0.583333333333,3.23013489045,188.920080303,0.75,67.8075534145,0.302209490525,0.396200888082
short__state_motif_3__2gt1gt3__c1d3d1595a,SHORT,2026,one_bar_execution_delay_same_terminal,,60,34,17,-8.3801731783,-4.15300308771,0.0267644227209,0.483333333333,0.868743649377,895.431388456,0.5,-18.3801731783,0.180523565687,0.275973074458
short__state_motif_3__2gt1gt3__c1d3d1595a,SHORT,2026,primary_cost,,60,34,17,-3.27605337129,9.79900998753,0.0687624972228,0.516666666667,0.950384760921,1003.07062709,0.5,-13.2760533713,0.190832772651,0.253417116045
short__state_motif_3__2gt1gt3__c1d3d1595a,SHORT,2026,remove_best_episode,2026-04-01|clock_36,57,33,17,-12.7659758548,-15.0621708169,0.0448577937481,0.491228070175,0.816328512173,1220.19926566,0.333333333333,-22.7659758548,0.187958232595,0.26021455494
short__state_motif_3__2gt1gt3__c1d3d1595a,SHORT,2026,remove_best_month,2026-03,39,27,16,-22.3608724819,-46.61554258,-0.0342113548116,0.410256410256,0.70644843104,1168.09608628,0.4,-32.3608724819,0.259036832623,0.312887269729
short__state_motif_3__2gt1gt3__c1d3d1595a,SHORT,2026,remove_best_stock,MSTR,55,34,16,-9.62893987972,-15.0621708169,0.0415066154503,0.490909090909,0.864152256741,1003.07062709,0.5,-19.6289398797,0.208427303695,0.266947425974
short__state_motif_3__2gt1gt3__c1d3d1595a,SHORT,2026,remove_top_five_episodes,2026-04-01|clock_36|2026-03-30|clock_36|2026-06-05|clock_12|2026-03-27|clock_36|2026-04-22|clock_36,49,30,17,-46.2105210929,-46.61554258,-0.0337156197023,0.408163265306,0.428455808382,2455.39504207,0,-56.2105210929,0.20712169604,0.274995346844
short__state_motif_3__2gt1gt3__c1d3d1595a,SHORT,2026,remove_top_five_stocks,MSTR|ASTS|RIVN|SOFI|RGTI,41,26,12,-41.8465438484,-46.61554258,-0.013808697943,0.439024390244,0.511034547879,1906.7878063,0.333333333333,-51.8465438484,0.310333080529,0.393315973181
short__state_motif_3__2gt1gt3__c1d3d1595a,SHORT,2026,twice_cost,,60,34,17,-13.2760533713,-0.20099001247,0.0687624972228,0.5,0.812762431213,1121.91688398,0.5,-23.2760533713,0.193936002426,0.284356531879
short__top_parent_loop__cycle_07__4fd224b93f,SHORT,2024,coarse_clock_bin,kept:clock_12,125,94,20,18.1163457899,2.79028132992,0.0159691933522,0.504,1.15805407585,1735.19982016,0.5,8.11634578994,0.120690311754,0.172769107605
short__top_parent_loop__cycle_07__4fd224b93f,SHORT,2024,coarse_clock_bin,kept:clock_36,63,54,15,28.2926776127,5.56498054475,0.041795229579,0.52380952381,1.30912414349,1283.40127408,0.545454545455,18.2926776127,0.227347541468,0.160728957927
short__top_parent_loop__cycle_07__4fd224b93f,SHORT,2024,dead_band_1x_cost,,188,129,20,21.526499539,5.39241810219,0.025668972719,0.510638297872,1.20140509188,2032.8884471,0.666666666667,11.526499539,0.174318524847,0.129925620915
short__top_parent_loop__cycle_07__4fd224b93f,SHORT,2024,dead_band_3x_cost,,188,129,20,21.526499539,5.39241810219,0.0392529260758,0.510638297872,1.20140509188,2032.8884471,0.666666666667,11.526499539,0.174318524847,0.129925620915
short__top_parent_loop__cycle_07__4fd224b93f,SHORT,2024,exclude_weakest_historical_activity_cohort,,183,129,20,23.6757586969,5.56498054475,0.0324440548782,0.51912568306,1.22387357752,2466.4388229,0.666666666667,13.6757586969,0.164890854006,0.17658859773
short__top_parent_loop__cycle_07__4fd224b93f,SHORT,2024,movement_permission_off,,0,0,0,,,,,,,,,,
short__top_parent_loop__cycle_07__4fd224b93f,SHORT,2024,movement_permission_on,,188,129,20,21.526499539,5.39241810219,0.0415279267077,0.510638297872,1.20140509188,2032.8884471,0.666666666667,11.526499539,0.174318524847,0.129925620915
short__top_parent_loop__cycle_07__4fd224b93f,SHORT,2024,one_bar_execution_delay_same_terminal,,188,129,20,22.7996093719,-6.50362094845,0.0331266588348,0.494680851064,1.20839459991,1727.69233981,0.583333333333,12.7996093719,0.135278580311,0.149741430972
short__top_parent_loop__cycle_07__4fd224b93f,SHORT,2024,primary_cost,,188,129,20,21.526499539,5.39241810219,0.0281142583649,0.510638297872,1.20140509188,2032.8884471,0.666666666667,11.526499539,0.174318524847,0.129925620915
short__top_parent_loop__cycle_07__4fd224b93f,SHORT,2024,remove_best_episode,2024-12-31|clock_12,185,128,20,15.9763576321,2.79028132992,0.0209376384581,0.502702702703,1.14709187525,2217.20735037,0.583333333333,5.97635763214,0.177427736457,0.134333816704
short__top_parent_loop__cycle_07__4fd224b93f,SHORT,2024,remove_best_month,2024-03,171,117,20,15.3718991769,5.23545790778,0.0211219387456,0.508771929825,1.14243864401,2566.5332763,0.636363636364,5.37189917687,0.18622661471,0.140598278185
short__top_parent_loop__cycle_07__4fd224b93f,SHORT,2024,remove_best_stock,APLD,173,122,19,11.8365553795,2.79028132992,0.0187934389423,0.50289017341,1.10908793845,2032.8884471,0.666666666667,1.83655537949,0.120496868926,0.19272768339
short__top_parent_loop__cycle_07__4fd224b93f,SHORT,2024,remove_top_five_episodes,2024-12-31|clock_12|2024-10-30|clock_12|2024-07-11|clock_12|2024-03-28|clock_12|2024-08-29|clock_36,179,126,20,-1.7326553151,-2.43610678532,0.0055259938132,0.486033519553,0.984565079789,3944.45165258,0.5,-11.7326553151,0.177643097334,0.156425510144
short__top_parent_loop__cycle_07__4fd224b93f,SHORT,2024,remove_top_five_stocks,APLD|QBTS|RGTI|MARA|NVTS,141,106,15,-12.1111039642,-1.61073778584,0.00578018522428,0.489361702128,0.895183565352,3400.597818,0.416666666667,-22.1111039642,0.128801397825,0.20256878
short__top_parent_loop__cycle_07__4fd224b93f,SHORT,2024,twice_cost,,188,129,20,11.526499539,-4.60758189781,0.0281142583649,0.489361702128,1.10301986908,2435.27035126,0.583333333333,1.52649953905,0.160849344557,0.123943720786
short__top_parent_loop__cycle_07__4fd224b93f,SHORT,2025,coarse_clock_bin,kept:clock_12,152,103,20,7.25900518039,42.3202137679,0.0911213462111,0.546052631579,1.06055268025,3170.22035531,0.5,-2.74099481961,0.136884938722,0.177990201648
short__top_parent_loop__cycle_07__4fd224b93f,SHORT,2025,coarse_clock_bin,kept:clock_36,70,55,18,-9.17746962948,-17.9277165139,0.0146790337257,0.471428571429,0.891303510291,1606.3915904,0.5,-19.1774696295,0.202491430892,0.18047845143
short__top_parent_loop__cycle_07__4fd224b93f,SHORT,2025,dead_band_1x_cost,,222,128,20,2.07633294304,23.3802520496,0.044071172548,0.522522522523,1.01910111981,3150.45550221,0.5,-7.92366705696,0.141489402359,0.196116026096
short__top_parent_loop__cycle_07__4fd224b93f,SHORT,2025,dead_band_3x_cost,,222,128,20,2.07633294304,23.3802520496,0.067396841569,0.522522522523,1.01910111981,3150.45550221,0.5,-7.92366705696,0.141489402359,0.196116026096
short__top_parent_loop__cycle_07__4fd224b93f,SHORT,2025,exclude_weakest_historical_activity_cohort,,212,126,20,2.58319608723,28.6461352375,0.0727356811235,0.528301886792,1.02382007327,3287.33887027,0.5,-7.41680391277,0.121164007701,0.214498816309
short__top_parent_loop__cycle_07__4fd224b93f,SHORT,2025,movement_permission_off,,0,0,0,,,,,,,,,,
short__top_parent_loop__cycle_07__4fd224b93f,SHORT,2025,movement_permission_on,,222,128,20,2.07633294304,23.3802520496,0.0742155247799,0.522522522523,1.01910111981,3150.45550221,0.5,-7.92366705696,0.141489402359,0.196116026096
short__top_parent_loop__cycle_07__4fd224b93f,SHORT,2025,one_bar_execution_delay_same_terminal,,222,128,20,3.70864050936,21.6572024826,0.0642228066069,0.531531531532,1.03630533328,2877.81253556,0.5,-6.29135949064,0.11977469507,0.199451019724
short__top_parent_loop__cycle_07__4fd224b93f,SHORT,2025,primary_cost,,222,128,20,2.07633294304,23.3802520496,0.0666896137095,0.522522522523,1.01910111981,3150.45550221,0.5,-7.92366705696,0.141489402359,0.196116026096
short__top_parent_loop__cycle_07__4fd224b93f,SHORT,2025,remove_best_episode,2025-04-10|clock_12,219,128,20,-2.22384352785,19.7648531026,0.0611486229826,0.51598173516,0.979818325329,3640.99617923,0.5,-12.2238435279,0.145145874345,0.210879292972
short__top_parent_loop__cycle_07__4fd224b93f,SHORT,2025,remove_best_month,2025-10,197,113,20,-5.20884942177,19.7648531026,0.071642280608,0.522842639594,0.95309818476,3669.21233961,0.454545454545,-15.2088494218,0.175790958563,0.22031119253
short__top_parent_loop__cycle_07__4fd224b93f,SHORT,2025,remove_best_stock,AAOI,209,122,19,-3.17327678242,18.5967642701,0.0603086432429,0.516746411483,0.971521718078,3150.45550221,0.5,-13.1732767824,0.158376254877,0.202583658451
short__top_parent_loop__cycle_07__4fd224b93f,SHORT,2025,remove_top_five_episodes,2025-04-10|clock_12|2025-11-20|clock_12|2025-09-25|clock_36|2025-10-15|clock_12|2025-10-31|clock_12,211,127,20,-18.1195749896,13.2692607004,0.0504248236282,0.502369668246,0.841401854784,5797.7129846,0.333333333333,-28.1195749896,0.204577623953,0.233442422142
short__top_parent_loop__cycle_07__4fd224b93f,SHORT,2025,remove_top_five_stocks,AAOI|HIMS|NVTS|IREN|MARA,163,107,15,-22.7893993707,13.3957219251,0.0595489684598,0.509202453988,0.813729277467,5419.32648248,0.416666666667,-32.7893993707,0.234273711901,0.238183042862
short__top_parent_loop__cycle_07__4fd224b93f,SHORT,2025,twice_cost,,222,128,20,-7.92366705696,13.3802520496,0.0666896137095,0.522522522523,0.930173764262,4363.02853328,0.5,-17.923667057,0.152004320559,0.210850664432
short__top_parent_loop__cycle_07__4fd224b93f,SHORT,2026,coarse_clock_bin,kept:clock_12,59,40,18,-11.3967239083,0.0820970761928,0.0395555255438,0.508474576271,0.916248161402,2638.12002127,0.5,-21.3967239083,0.154230636335,0.371190540059
short__top_parent_loop__cycle_07__4fd224b93f,SHORT,2026,coarse_clock_bin,kept:clock_36,40,31,13,-69.3514860811,-86.2850497554,-0.0353479036574,0.375,0.459596076871,3409.25246584,0.333333333333,-79.3514860811,0.344308407691,0.28032914072
short__top_parent_loop__cycle_07__4fd224b93f,SHORT,2026,dead_band_1x_cost,,99,58,18,-34.8127894327,-36.8331726453,0.000868493870049,0.454545454545,0.738147642586,4426.48023768,0.5,-44.8127894327,0.233941832283,0.288684444921
short__top_parent_loop__cycle_07__4fd224b93f,SHORT,2026,dead_band_3x_cost,,99,58,18,-34.8127894327,-36.8331726453,0.0239901795112,0.454545454545,0.738147642586,4426.48023768,0.5,-44.8127894327,0.233941832283,0.288684444921
short__top_parent_loop__cycle_07__4fd224b93f,SHORT,2026,exclude_weakest_historical_activity_cohort,,94,56,18,-45.6585970786,-53.1932219709,-0.00262483401785,0.436170212766,0.667973593037,4874.12166081,0.5,-55.6585970786,0.234501955632,0.338358441762
short__top_parent_loop__cycle_07__4fd224b93f,SHORT,2026,movement_permission_off,,0,0,0,,,,,,,,,,
short__top_parent_loop__cycle_07__4fd224b93f,SHORT,2026,movement_permission_on,,99,58,18,-34.8127894327,-36.8331726453,0.0233918128655,0.454545454545,0.738147642586,4426.48023768,0.5,-44.8127894327,0.233941832283,0.288684444921
short__top_parent_loop__cycle_07__4fd224b93f,SHORT,2026,one_bar_execution_delay_same_terminal,,99,58,18,-31.0701699888,-28.3246073298,0.0146432105997,0.454545454545,0.764335046843,3971.44949539,0.5,-41.0701699888,0.20841717248,0.248053058373
short__top_parent_loop__cycle_07__4fd224b93f,SHORT,2026,primary_cost,,99,58,18,-34.8127894327,-36.8331726453,0.0132069416673,0.454545454545,0.738147642586,4426.48023768,0.5,-44.8127894327,0.233941832283,0.288684444921
short__top_parent_loop__cycle_07__4fd224b93f,SHORT,2026,remove_best_episode,2026-06-05|clock_12,95,57,18,-54.1975071037,-60.8391815231,-0.00777378519928,0.431578947368,0.608812123804,5759.48431258,0.5,-64.1975071037,0.287605450167,0.359465693968
short__top_parent_loop__cycle_07__4fd224b93f,SHORT,2026,remove_best_month,2026-06,84,52,18,-61.6190381012,-72.642128301,-0.0198773255962,0.404761904762,0.575170269758,5786.72033822,0.4,-71.6190381012,0.302437383524,0.360881382492
short__top_parent_loop__cycle_07__4fd224b93f,SHORT,2026,remove_best_stock,ASTS,90,55,17,-53.1525609703,-62.5940005614,-0.00785755253141,0.422222222222,0.622042333654,5394.45162505,0.5,-63.1525609703,0.267164628688,0.292454442397
short__top_parent_loop__cycle_07__4fd224b93f,SHORT,2026,remove_top_five_episodes,2026-06-05|clock_12|2026-01-20|clock_36|2026-06-23|clock_12|2026-04-14|clock_12|2026-01-09|clock_36,85,55,18,-89.5275888431,-88.6529928583,-0.0698304270676,0.364705882353,0.421826364343,8220.56618939,0.333333333333,-99.5275888431,0.294940725123,0.413257823421
short__top_parent_loop__cycle_07__4fd224b93f,SHORT,2026,remove_top_five_stocks,ASTS|MARA|MSTR|HIMS|IONQ,65,46,13,-105.591412539,-111.961800097,-0.105624257668,0.323076923077,0.394655674473,7474.16295277,0.166666666667,-115.591412539,0.342896154758,0.324540439854
short__top_parent_loop__cycle_07__4fd224b93f,SHORT,2026,twice_cost,,99,58,18,-44.8127894327,-46.8331726453,0.0132069416673,0.444444444444,0.676448699133,4977.18729156,0.5,-54.8127894327,0.246755222795,0.31571675634
