record_type,draw,metric,value,confidence_level,lower,upper
draw,0,movement_M2_minus_M1_brier_improvement,-0.000580665986294,,,
draw,0,movement_M3_minus_M2_brier_improvement,-0.000988344565688,,,
draw,0,direction_M2_minus_M1_brier_improvement,-0.00110695558029,,,
draw,0,direction_M3_minus_M2_brier_improvement,-0.00305591399273,,,
draw,0,movement_M2_minus_M1_log_loss_improvement,-0.000229325826072,,,
draw,0,movement_M3_minus_M2_log_loss_improvement,-0.00293439966032,,,
draw,0,direction_M2_minus_M1_log_loss_improvement,-0.00317673660491,,,
draw,0,direction_M3_minus_M2_log_loss_improvement,-0.00757275631688,,,
draw,0,M3_minus_M1_top_one_cohort_relative_bps,14.2483030276,,,
draw,1,movement_M2_minus_M1_brier_improvement,-0.000763895262737,,,
draw,1,movement_M3_minus_M2_brier_improvement,-0.00105570483703,,,
draw,1,direction_M2_minus_M1_brier_improvement,-4.71927184831e-05,,,
draw,1,direction_M3_minus_M2_brier_improvement,-0.00344515161358,,,
draw,1,movement_M2_minus_M1_log_loss_improvement,-0.00106515356062,,,
draw,1,movement_M3_minus_M2_log_loss_improvement,-0.00308791543894,,,
draw,1,direction_M2_minus_M1_log_loss_improvement,-0.0015831479869,,,
draw,1,direction_M3_minus_M2_log_loss_improvement,-0.00804700904761,,,
draw,1,M3_minus_M1_top_one_cohort_relative_bps,36.6745967882,,,
draw,2,movement_M2_minus_M1_brier_improvement,-0.00043159214974,,,
draw,2,movement_M3_minus_M2_brier_improvement,-0.000630192831583,,,
draw,2,direction_M2_minus_M1_brier_improvement,0.00147789631219,,,
draw,2,direction_M3_minus_M2_brier_improvement,-0.00263887703567,,,
draw,2,movement_M2_minus_M1_log_loss_improvement,0.000595664549457,,,
draw,2,movement_M3_minus_M2_log_loss_improvement,-0.00187156626453,,,
draw,2,direction_M2_minus_M1_log_loss_improvement,0.00216561170913,,,
draw,2,direction_M3_minus_M2_log_loss_improvement,-0.00615012402452,,,
draw,2,M3_minus_M1_top_one_cohort_relative_bps,8.5743139551,,,
draw,3,movement_M2_minus_M1_brier_improvement,-0.000795115130598,,,
draw,3,movement_M3_minus_M2_brier_improvement,-0.00070144956691,,,
draw,3,direction_M2_minus_M1_brier_improvement,0.000804519358559,,,
draw,3,direction_M3_minus_M2_brier_improvement,-0.00309531481891,,,
draw,3,movement_M2_minus_M1_log_loss_improvement,-0.00090730474843,,,
draw,3,movement_M3_minus_M2_log_loss_improvement,-0.00203989634098,,,
draw,3,direction_M2_minus_M1_log_loss_improvement,0.000454441891995,,,
draw,3,direction_M3_minus_M2_log_loss_improvement,-0.00640669456462,,,
draw,3,M3_minus_M1_top_one_cohort_relative_bps,23.6882115522,,,
draw,4,movement_M2_minus_M1_brier_improvement,-0.00122980324426,,,
draw,4,movement_M3_minus_M2_brier_improvement,-0.000671726815319,,,
draw,4,direction_M2_minus_M1_brier_improvement,-0.00141176548048,,,
draw,4,direction_M3_minus_M2_brier_improvement,-0.00248086242081,,,
draw,4,movement_M2_minus_M1_log_loss_improvement,-0.00160676858389,,,
draw,4,movement_M3_minus_M2_log_loss_improvement,-0.00243454850234,,,
draw,4,direction_M2_minus_M1_log_loss_improvement,-0.00505656511566,,,
draw,4,direction_M3_minus_M2_log_loss_improvement,-0.00506190125399,,,
draw,4,M3_minus_M1_top_one_cohort_relative_bps,10.6324029629,,,
draw,5,movement_M2_minus_M1_brier_improvement,-0.000754553664203,,,
draw,5,movement_M3_minus_M2_brier_improvement,-0.000720186279298,,,
draw,5,direction_M2_minus_M1_brier_improvement,0.00115378194453,,,
draw,5,direction_M3_minus_M2_brier_improvement,-0.00373443167413,,,
draw,5,movement_M2_minus_M1_log_loss_improvement,-0.00115794735235,,,
draw,5,movement_M3_minus_M2_log_loss_improvement,-0.00201860478226,,,
draw,5,direction_M2_minus_M1_log_loss_improvement,0.00139907923866,,,
draw,5,direction_M3_minus_M2_log_loss_improvement,-0.00992834704194,,,
draw,5,M3_minus_M1_top_one_cohort_relative_bps,-20.1729861351,,,
draw,6,movement_M2_minus_M1_brier_improvement,-0.00108285024881,,,
draw,6,movement_M3_minus_M2_brier_improvement,-0.00058003183887,,,
draw,6,direction_M2_minus_M1_brier_improvement,0.00244110367884,,,
draw,6,direction_M3_minus_M2_brier_improvement,0.000651093782519,,,
draw,6,movement_M2_minus_M1_log_loss_improvement,-0.00164908442158,,,
draw,6,movement_M3_minus_M2_log_loss_improvement,-0.00219280069156,,,
draw,6,direction_M2_minus_M1_log_loss_improvement,0.0045430838666,,,
draw,6,direction_M3_minus_M2_log_loss_improvement,0.00177017769683,,,
draw,6,M3_minus_M1_top_one_cohort_relative_bps,-3.69969419677,,,
draw,7,movement_M2_minus_M1_brier_improvement,-0.00133231273575,,,
draw,7,movement_M3_minus_M2_brier_improvement,-0.000451835110409,,,
draw,7,direction_M2_minus_M1_brier_improvement,-0.00290202876232,,,
draw,7,direction_M3_minus_M2_brier_improvement,-0.00071149272582,,,
draw,7,movement_M2_minus_M1_log_loss_improvement,-0.00302871750118,,,
draw,7,movement_M3_minus_M2_log_loss_improvement,-0.0021740458675,,,
draw,7,direction_M2_minus_M1_log_loss_improvement,-0.00909002513634,,,
draw,7,direction_M3_minus_M2_log_loss_improvement,-0.00116612723722,,,
draw,7,M3_minus_M1_top_one_cohort_relative_bps,32.3646393482,,,
draw,8,movement_M2_minus_M1_brier_improvement,-0.00124028958861,,,
draw,8,movement_M3_minus_M2_brier_improvement,-0.00055056087319,,,
draw,8,direction_M2_minus_M1_brier_improvement,0.000320553253718,,,
draw,8,direction_M3_minus_M2_brier_improvement,-0.00263485585891,,,
draw,8,movement_M2_minus_M1_log_loss_improvement,-0.00237822230696,,,
draw,8,movement_M3_minus_M2_log_loss_improvement,-0.00193414699635,,,
draw,8,direction_M2_minus_M1_log_loss_improvement,-0.000635532336609,,,
draw,8,direction_M3_minus_M2_log_loss_improvement,-0.00630284371172,,,
draw,8,M3_minus_M1_top_one_cohort_relative_bps,-27.4940973684,,,
draw,9,movement_M2_minus_M1_brier_improvement,-0.000865074887165,,,
draw,9,movement_M3_minus_M2_brier_improvement,-0.000430070616545,,,
draw,9,direction_M2_minus_M1_brier_improvement,0.00249742508371,,,
draw,9,direction_M3_minus_M2_brier_improvement,-0.00644004249047,,,
draw,9,movement_M2_minus_M1_log_loss_improvement,-0.00164448335853,,,
draw,9,movement_M3_minus_M2_log_loss_improvement,-0.00105077823279,,,
draw,9,direction_M2_minus_M1_log_loss_improvement,0.00426151330502,,,
draw,9,direction_M3_minus_M2_log_loss_improvement,-0.014903149145,,,
draw,9,M3_minus_M1_top_one_cohort_relative_bps,21.3668307097,,,
draw,10,movement_M2_minus_M1_brier_improvement,-0.00122391258234,,,
draw,10,movement_M3_minus_M2_brier_improvement,-0.000621553791545,,,
draw,10,direction_M2_minus_M1_brier_improvement,-0.000936952627704,,,
draw,10,direction_M3_minus_M2_brier_improvement,-0.00450060104996,,,
draw,10,movement_M2_minus_M1_log_loss_improvement,-0.00289887491071,,,
draw,10,movement_M3_minus_M2_log_loss_improvement,-0.00226828808697,,,
draw,10,direction_M2_minus_M1_log_loss_improvement,-0.00398726963317,,,
draw,10,direction_M3_minus_M2_log_loss_improvement,-0.0102617369939,,,
draw,10,M3_minus_M1_top_one_cohort_relative_bps,43.3240244741,,,
draw,11,movement_M2_minus_M1_brier_improvement,-0.00124576839375,,,
draw,11,movement_M3_minus_M2_brier_improvement,-0.000924127619861,,,
draw,11,direction_M2_minus_M1_brier_improvement,-0.00144466134223,,,
draw,11,direction_M3_minus_M2_brier_improvement,-0.00304420548883,,,
draw,11,movement_M2_minus_M1_log_loss_improvement,-0.00282912474541,,,
draw,11,movement_M3_minus_M2_log_loss_improvement,-0.00344303943933,,,
draw,11,direction_M2_minus_M1_log_loss_improvement,-0.00409787254867,,,
draw,11,direction_M3_minus_M2_log_loss_improvement,-0.00709039589808,,,
draw,11,M3_minus_M1_top_one_cohort_relative_bps,0.860831405318,,,
draw,12,movement_M2_minus_M1_brier_improvement,-0.000410136519287,,,
draw,12,movement_M3_minus_M2_brier_improvement,-0.00101802592828,,,
draw,12,direction_M2_minus_M1_brier_improvement,0.00205295889657,,,
draw,12,direction_M3_minus_M2_brier_improvement,-0.00221329206647,,,
draw,12,movement_M2_minus_M1_log_loss_improvement,0.000587713787549,,,
draw,12,movement_M3_minus_M2_log_loss_improvement,-0.00315525374477,,,
draw,12,direction_M2_minus_M1_log_loss_improvement,0.00411568425512,,,
draw,12,direction_M3_minus_M2_log_loss_improvement,-0.00539362453812,,,
draw,12,M3_minus_M1_top_one_cohort_relative_bps,1.03712948314,,,
draw,13,movement_M2_minus_M1_brier_improvement,-0.00171248244073,,,
draw,13,movement_M3_minus_M2_brier_improvement,-0.000779120412193,,,
draw,13,direction_M2_minus_M1_brier_improvement,0.00162269726534,,,
draw,13,direction_M3_minus_M2_brier_improvement,-0.00244844945289,,,
draw,13,movement_M2_minus_M1_log_loss_improvement,-0.00348874689389,,,
draw,13,movement_M3_minus_M2_log_loss_improvement,-0.0022361935064,,,
draw,13,direction_M2_minus_M1_log_loss_improvement,0.00163027845739,,,
draw,13,direction_M3_minus_M2_log_loss_improvement,-0.00508058593104,,,
draw,13,M3_minus_M1_top_one_cohort_relative_bps,8.22449058582,,,
draw,14,movement_M2_minus_M1_brier_improvement,-0.00119617926376,,,
draw,14,movement_M3_minus_M2_brier_improvement,-0.000759648261615,,,
draw,14,direction_M2_minus_M1_brier_improvement,0.000321221128585,,,
draw,14,direction_M3_minus_M2_brier_improvement,-0.000785869796519,,,
draw,14,movement_M2_minus_M1_log_loss_improvement,-0.00236773210728,,,
draw,14,movement_M3_minus_M2_log_loss_improvement,-0.00283342554111,,,
draw,14,direction_M2_minus_M1_log_loss_improvement,-8.35095111525e-05,,,
draw,14,direction_M3_minus_M2_log_loss_improvement,-0.00194909481207,,,
draw,14,M3_minus_M1_top_one_cohort_relative_bps,1.23238415817,,,
draw,15,movement_M2_minus_M1_brier_improvement,-0.00169859008203,,,
draw,15,movement_M3_minus_M2_brier_improvement,-0.000600667627449,,,
draw,15,direction_M2_minus_M1_brier_improvement,0.000232404191115,,,
draw,15,direction_M3_minus_M2_brier_improvement,-0.000501176710985,,,
draw,15,movement_M2_minus_M1_log_loss_improvement,-0.00336184332809,,,
draw,15,movement_M3_minus_M2_log_loss_improvement,-0.00239656413085,,,
draw,15,direction_M2_minus_M1_log_loss_improvement,-0.000774549824178,,,
draw,15,direction_M3_minus_M2_log_loss_improvement,-0.00176796560083,,,
draw,15,M3_minus_M1_top_one_cohort_relative_bps,4.43931148389,,,
draw,16,movement_M2_minus_M1_brier_improvement,-0.000548739328736,,,
draw,16,movement_M3_minus_M2_brier_improvement,-0.000965916282601,,,
draw,16,direction_M2_minus_M1_brier_improvement,-2.09002824318e-05,,,
draw,16,direction_M3_minus_M2_brier_improvement,-0.00286620232155,,,
draw,16,movement_M2_minus_M1_log_loss_improvement,1.68548072223e-05,,,
draw,16,movement_M3_minus_M2_log_loss_improvement,-0.00305795174832,,,
draw,16,direction_M2_minus_M1_log_loss_improvement,-0.00149602806418,,,
draw,16,direction_M3_minus_M2_log_loss_improvement,-0.0065675335381,,,
draw,16,M3_minus_M1_top_one_cohort_relative_bps,20.5919694034,,,
draw,17,movement_M2_minus_M1_brier_improvement,-6.33054797695e-05,,,
draw,17,movement_M3_minus_M2_brier_improvement,-0.000723598629985,,,
draw,17,direction_M2_minus_M1_brier_improvement,0.00325914982709,,,
draw,17,direction_M3_minus_M2_brier_improvement,-0.00212863989214,,,
draw,17,movement_M2_minus_M1_log_loss_improvement,0.00206807895632,,,
draw,17,movement_M3_minus_M2_log_loss_improvement,-0.00226775431663,,,
draw,17,direction_M2_minus_M1_log_loss_improvement,0.00595350212845,,,
draw,17,direction_M3_minus_M2_log_loss_improvement,-0.00509687120755,,,
draw,17,M3_minus_M1_top_one_cohort_relative_bps,-22.178446062,,,
draw,18,movement_M2_minus_M1_brier_improvement,-0.00117645198664,,,
draw,18,movement_M3_minus_M2_brier_improvement,-0.000626820878995,,,
draw,18,direction_M2_minus_M1_brier_improvement,-0.00204234466765,,,
draw,18,direction_M3_minus_M2_brier_improvement,-0.000521289737663,,,
draw,18,movement_M2_minus_M1_log_loss_improvement,-0.00197142890994,,,
draw,18,movement_M3_minus_M2_log_loss_improvement,-0.00213132340714,,,
draw,18,direction_M2_minus_M1_log_loss_improvement,-0.00552519396413,,,
draw,18,direction_M3_minus_M2_log_loss_improvement,-0.000828185971132,,,
draw,18,M3_minus_M1_top_one_cohort_relative_bps,38.1611491988,,,
draw,19,movement_M2_minus_M1_brier_improvement,-0.00111564298815,,,
draw,19,movement_M3_minus_M2_brier_improvement,-0.00101459862007,,,
draw,19,direction_M2_minus_M1_brier_improvement,0.0002414628792,,,
draw,19,direction_M3_minus_M2_brier_improvement,-0.00375106491896,,,
draw,19,movement_M2_minus_M1_log_loss_improvement,-0.00320949380499,,,
draw,19,movement_M3_minus_M2_log_loss_improvement,-0.00310613212948,,,
draw,19,direction_M2_minus_M1_log_loss_improvement,-0.000742830583832,,,
draw,19,direction_M3_minus_M2_log_loss_improvement,-0.00924990633192,,,
draw,19,M3_minus_M1_top_one_cohort_relative_bps,-16.6512473099,,,
draw,20,movement_M2_minus_M1_brier_improvement,-0.00195635813003,,,
draw,20,movement_M3_minus_M2_brier_improvement,-0.000942809891396,,,
draw,20,direction_M2_minus_M1_brier_improvement,-0.0040821428447,,,
draw,20,direction_M3_minus_M2_brier_improvement,-0.00188827993892,,,
draw,20,movement_M2_minus_M1_log_loss_improvement,-0.0051680105307,,,
draw,20,movement_M3_minus_M2_log_loss_improvement,-0.00287696667703,,,
draw,20,direction_M2_minus_M1_log_loss_improvement,-0.0091381047856,,,
draw,20,direction_M3_minus_M2_log_loss_improvement,-0.00537569293396,,,
draw,20,M3_minus_M1_top_one_cohort_relative_bps,13.1994896914,,,
draw,21,movement_M2_minus_M1_brier_improvement,-0.00144191139765,,,
draw,21,movement_M3_minus_M2_brier_improvement,-0.000953508636129,,,
draw,21,direction_M2_minus_M1_brier_improvement,0.0015997255002,,,
draw,21,direction_M3_minus_M2_brier_improvement,-0.00122628926999,,,
draw,21,movement_M2_minus_M1_log_loss_improvement,-0.00337817306973,,,
draw,21,movement_M3_minus_M2_log_loss_improvement,-0.00286202958477,,,
draw,21,direction_M2_minus_M1_log_loss_improvement,0.00305244388563,,,
draw,21,direction_M3_minus_M2_log_loss_improvement,-0.0032892390228,,,
draw,21,M3_minus_M1_top_one_cohort_relative_bps,-28.7907056196,,,
draw,22,movement_M2_minus_M1_brier_improvement,-0.00132582648504,,,
draw,22,movement_M3_minus_M2_brier_improvement,-0.00103733059033,,,
draw,22,direction_M2_minus_M1_brier_improvement,0.000261437388875,,,
draw,22,direction_M3_minus_M2_brier_improvement,0.00318766746137,,,
draw,22,movement_M2_minus_M1_log_loss_improvement,-0.00253616586838,,,
draw,22,movement_M3_minus_M2_log_loss_improvement,-0.00330884347312,,,
draw,22,direction_M2_minus_M1_log_loss_improvement,-0.00119192965397,,,
draw,22,direction_M3_minus_M2_log_loss_improvement,0.00684379469665,,,
draw,22,M3_minus_M1_top_one_cohort_relative_bps,48.3518867805,,,
draw,23,movement_M2_minus_M1_brier_improvement,-0.00106685908738,,,
draw,23,movement_M3_minus_M2_brier_improvement,-0.000927155033158,,,
draw,23,direction_M2_minus_M1_brier_improvement,-0.000891258095051,,,
draw,23,direction_M3_minus_M2_brier_improvement,-0.00225384264673,,,
draw,23,movement_M2_minus_M1_log_loss_improvement,-0.00224664836613,,,
draw,23,movement_M3_minus_M2_log_loss_improvement,-0.00281284371898,,,
draw,23,direction_M2_minus_M1_log_loss_improvement,-0.00348791089288,,,
draw,23,direction_M3_minus_M2_log_loss_improvement,-0.00527805138302,,,
draw,23,M3_minus_M1_top_one_cohort_relative_bps,-16.0285093438,,,
draw,24,movement_M2_minus_M1_brier_improvement,-0.000819028287794,,,
draw,24,movement_M3_minus_M2_brier_improvement,-0.000549232740902,,,
draw,24,direction_M2_minus_M1_brier_improvement,0.00079407839146,,,
draw,24,direction_M3_minus_M2_brier_improvement,-0.00295105753859,,,
draw,24,movement_M2_minus_M1_log_loss_improvement,-0.00111846781787,,,
draw,24,movement_M3_minus_M2_log_loss_improvement,-0.00188330735484,,,
draw,24,direction_M2_minus_M1_log_loss_improvement,0.000770091807682,,,
draw,24,direction_M3_minus_M2_log_loss_improvement,-0.00737534285271,,,
draw,24,M3_minus_M1_top_one_cohort_relative_bps,15.1969823128,,,
draw,25,movement_M2_minus_M1_brier_improvement,-0.00120337142663,,,
draw,25,movement_M3_minus_M2_brier_improvement,-0.000635796480804,,,
draw,25,direction_M2_minus_M1_brier_improvement,0.000398246710442,,,
draw,25,direction_M3_minus_M2_brier_improvement,-0.00493951805693,,,
draw,25,movement_M2_minus_M1_log_loss_improvement,-0.00244661582497,,,
draw,25,movement_M3_minus_M2_log_loss_improvement,-0.00192873832246,,,
draw,25,direction_M2_minus_M1_log_loss_improvement,-0.00033432652086,,,
draw,25,direction_M3_minus_M2_log_loss_improvement,-0.0112384794004,,,
draw,25,M3_minus_M1_top_one_cohort_relative_bps,8.63486437379,,,
draw,26,movement_M2_minus_M1_brier_improvement,-0.000658562434721,,,
draw,26,movement_M3_minus_M2_brier_improvement,-0.000436065308899,,,
draw,26,direction_M2_minus_M1_brier_improvement,0.000142827060305,,,
draw,26,direction_M3_minus_M2_brier_improvement,-0.00160385800805,,,
draw,26,movement_M2_minus_M1_log_loss_improvement,-0.000259353383234,,,
draw,26,movement_M3_minus_M2_log_loss_improvement,-0.00181031145645,,,
draw,26,direction_M2_minus_M1_log_loss_improvement,-0.00132395465371,,,
draw,26,direction_M3_minus_M2_log_loss_improvement,-0.00353116982684,,,
draw,26,M3_minus_M1_top_one_cohort_relative_bps,-9.25584262205,,,
draw,27,movement_M2_minus_M1_brier_improvement,-0.00119115446944,,,
draw,27,movement_M3_minus_M2_brier_improvement,-0.000745354016621,,,
draw,27,direction_M2_minus_M1_brier_improvement,-0.00175866242273,,,
draw,27,direction_M3_minus_M2_brier_improvement,-0.00194151663573,,,
draw,27,movement_M2_minus_M1_log_loss_improvement,-0.00244347621691,,,
draw,27,movement_M3_minus_M2_log_loss_improvement,-0.00209935934907,,,
draw,27,direction_M2_minus_M1_log_loss_improvement,-0.00449441070482,,,
draw,27,direction_M3_minus_M2_log_loss_improvement,-0.00423874141974,,,
draw,27,M3_minus_M1_top_one_cohort_relative_bps,-4.03766514415,,,
draw,28,movement_M2_minus_M1_brier_improvement,-0.00143317770149,,,
draw,28,movement_M3_minus_M2_brier_improvement,-0.000687779232687,,,
draw,28,direction_M2_minus_M1_brier_improvement,-0.000840968200749,,,
draw,28,direction_M3_minus_M2_brier_improvement,-0.00291776706006,,,
draw,28,movement_M2_minus_M1_log_loss_improvement,-0.00308725443996,,,
draw,28,movement_M3_minus_M2_log_loss_improvement,-0.00176087784784,,,
draw,28,direction_M2_minus_M1_log_loss_improvement,-0.00347216821527,,,
draw,28,direction_M3_minus_M2_log_loss_improvement,-0.00634915397989,,,
draw,28,M3_minus_M1_top_one_cohort_relative_bps,3.81832802089,,,
draw,29,movement_M2_minus_M1_brier_improvement,-0.000628018732227,,,
draw,29,movement_M3_minus_M2_brier_improvement,-0.000526237145518,,,
draw,29,direction_M2_minus_M1_brier_improvement,0.00205976683723,,,
draw,29,direction_M3_minus_M2_brier_improvement,-0.00326323097528,,,
draw,29,movement_M2_minus_M1_log_loss_improvement,-5.92592189674e-05,,,
draw,29,movement_M3_minus_M2_log_loss_improvement,-0.00176075572947,,,
draw,29,direction_M2_minus_M1_log_loss_improvement,0.00353245389022,,,
draw,29,direction_M3_minus_M2_log_loss_improvement,-0.00771752443041,,,
draw,29,M3_minus_M1_top_one_cohort_relative_bps,13.5778438816,,,
draw,30,movement_M2_minus_M1_brier_improvement,-0.00126684266661,,,
draw,30,movement_M3_minus_M2_brier_improvement,-0.00084491724959,,,
draw,30,direction_M2_minus_M1_brier_improvement,0.00237304533064,,,
draw,30,direction_M3_minus_M2_brier_improvement,-0.00193788032905,,,
draw,30,movement_M2_minus_M1_log_loss_improvement,-0.00253513669027,,,
draw,30,movement_M3_minus_M2_log_loss_improvement,-0.00234770971523,,,
draw,30,direction_M2_minus_M1_log_loss_improvement,0.00360081915125,,,
draw,30,direction_M3_minus_M2_log_loss_improvement,-0.00512337143087,,,
draw,30,M3_minus_M1_top_one_cohort_relative_bps,-8.95365151121,,,
draw,31,movement_M2_minus_M1_brier_improvement,-0.000634718296496,,,
draw,31,movement_M3_minus_M2_brier_improvement,-0.000802380777635,,,
draw,31,direction_M2_minus_M1_brier_improvement,-0.00119367970542,,,
draw,31,direction_M3_minus_M2_brier_improvement,-0.00301428559238,,,
draw,31,movement_M2_minus_M1_log_loss_improvement,-0.000902445762194,,,
draw,31,movement_M3_minus_M2_log_loss_improvement,-0.00274270717938,,,
draw,31,direction_M2_minus_M1_log_loss_improvement,-0.00437408032651,,,
draw,31,direction_M3_minus_M2_log_loss_improvement,-0.00671311772812,,,
draw,31,M3_minus_M1_top_one_cohort_relative_bps,21.561421267,,,
draw,32,movement_M2_minus_M1_brier_improvement,-0.000497213969485,,,
draw,32,movement_M3_minus_M2_brier_improvement,-0.0013776921832,,,
draw,32,direction_M2_minus_M1_brier_improvement,-0.00100750873141,,,
draw,32,direction_M3_minus_M2_brier_improvement,-0.00201585953882,,,
draw,32,movement_M2_minus_M1_log_loss_improvement,-0.000373543029579,,,
draw,32,movement_M3_minus_M2_log_loss_improvement,-0.003836209568,,,
draw,32,direction_M2_minus_M1_log_loss_improvement,-0.00432205279311,,,
draw,32,direction_M3_minus_M2_log_loss_improvement,-0.00535427762914,,,
draw,32,M3_minus_M1_top_one_cohort_relative_bps,10.8666246974,,,
draw,33,movement_M2_minus_M1_brier_improvement,-0.00137407143894,,,
draw,33,movement_M3_minus_M2_brier_improvement,-0.00116729112787,,,
draw,33,direction_M2_minus_M1_brier_improvement,-0.000268675771028,,,
draw,33,direction_M3_minus_M2_brier_improvement,-0.00423352031792,,,
draw,33,movement_M2_minus_M1_log_loss_improvement,-0.00281960476334,,,
draw,33,movement_M3_minus_M2_log_loss_improvement,-0.00354776871484,,,
draw,33,direction_M2_minus_M1_log_loss_improvement,-0.00189588607978,,,
draw,33,direction_M3_minus_M2_log_loss_improvement,-0.00955530607058,,,
draw,33,M3_minus_M1_top_one_cohort_relative_bps,-6.23401749604,,,
draw,34,movement_M2_minus_M1_brier_improvement,-0.000751866900528,,,
draw,34,movement_M3_minus_M2_brier_improvement,-0.000946470244073,,,
draw,34,direction_M2_minus_M1_brier_improvement,0.0031255470425,,,
draw,34,direction_M3_minus_M2_brier_improvement,0.000134846831594,,,
draw,34,movement_M2_minus_M1_log_loss_improvement,0.000488811841576,,,
draw,34,movement_M3_minus_M2_log_loss_improvement,-0.00239895935635,,,
draw,34,direction_M2_minus_M1_log_loss_improvement,0.00456580034992,,,
draw,34,direction_M3_minus_M2_log_loss_improvement,0.000416123275152,,,
draw,34,M3_minus_M1_top_one_cohort_relative_bps,-13.4552771583,,,
draw,35,movement_M2_minus_M1_brier_improvement,-0.000194815374156,,,
draw,35,movement_M3_minus_M2_brier_improvement,-0.000804824598779,,,
draw,35,direction_M2_minus_M1_brier_improvement,0.00198813111247,,,
draw,35,direction_M3_minus_M2_brier_improvement,-0.00196105449246,,,
draw,35,movement_M2_minus_M1_log_loss_improvement,0.00178915295184,,,
draw,35,movement_M3_minus_M2_log_loss_improvement,-0.00252317544474,,,
draw,35,direction_M2_minus_M1_log_loss_improvement,0.00327580880406,,,
draw,35,direction_M3_minus_M2_log_loss_improvement,-0.00483909845719,,,
draw,35,M3_minus_M1_top_one_cohort_relative_bps,-21.5264591456,,,
draw,36,movement_M2_minus_M1_brier_improvement,8.94310856944e-05,,,
draw,36,movement_M3_minus_M2_brier_improvement,-0.000949720850535,,,
draw,36,direction_M2_minus_M1_brier_improvement,6.87716404891e-05,,,
draw,36,direction_M3_minus_M2_brier_improvement,-0.00181140800353,,,
draw,36,movement_M2_minus_M1_log_loss_improvement,0.00226525808148,,,
draw,36,movement_M3_minus_M2_log_loss_improvement,-0.00268231836364,,,
draw,36,direction_M2_minus_M1_log_loss_improvement,-0.00160196795042,,,
draw,36,direction_M3_minus_M2_log_loss_improvement,-0.00396256709274,,,
draw,36,M3_minus_M1_top_one_cohort_relative_bps,22.4451802227,,,
draw,37,movement_M2_minus_M1_brier_improvement,-0.000879716166537,,,
draw,37,movement_M3_minus_M2_brier_improvement,-0.000849311680134,,,
draw,37,direction_M2_minus_M1_brier_improvement,0.00255641279176,,,
draw,37,direction_M3_minus_M2_brier_improvement,-0.00328938737899,,,
draw,37,movement_M2_minus_M1_log_loss_improvement,-0.00190775192417,,,
draw,37,movement_M3_minus_M2_log_loss_improvement,-0.00260784137378,,,
draw,37,direction_M2_minus_M1_log_loss_improvement,0.00391529418005,,,
draw,37,direction_M3_minus_M2_log_loss_improvement,-0.00743744712194,,,
draw,37,M3_minus_M1_top_one_cohort_relative_bps,21.8737868261,,,
draw,38,movement_M2_minus_M1_brier_improvement,-0.00133167839062,,,
draw,38,movement_M3_minus_M2_brier_improvement,-0.000829241086269,,,
draw,38,direction_M2_minus_M1_brier_improvement,-0.001894425346,,,
draw,38,direction_M3_minus_M2_brier_improvement,-0.00185710580823,,,
draw,38,movement_M2_minus_M1_log_loss_improvement,-0.0029564938253,,,
draw,38,movement_M3_minus_M2_log_loss_improvement,-0.00275312853118,,,
draw,38,direction_M2_minus_M1_log_loss_improvement,-0.00596412722439,,,
draw,38,direction_M3_minus_M2_log_loss_improvement,-0.00456383365839,,,
draw,38,M3_minus_M1_top_one_cohort_relative_bps,11.1844589963,,,
draw,39,movement_M2_minus_M1_brier_improvement,0.000186192413276,,,
draw,39,movement_M3_minus_M2_brier_improvement,-0.000835578211116,,,
draw,39,direction_M2_minus_M1_brier_improvement,-0.00126703781762,,,
draw,39,direction_M3_minus_M2_brier_improvement,-0.0014019692511,,,
draw,39,movement_M2_minus_M1_log_loss_improvement,0.00238354851098,,,
draw,39,movement_M3_minus_M2_log_loss_improvement,-0.0021001621006,,,
draw,39,direction_M2_minus_M1_log_loss_improvement,-0.00332469065616,,,
draw,39,direction_M3_minus_M2_log_loss_improvement,-0.00329369361998,,,
draw,39,M3_minus_M1_top_one_cohort_relative_bps,29.3220965531,,,
draw,40,movement_M2_minus_M1_brier_improvement,-0.000509146417607,,,
draw,40,movement_M3_minus_M2_brier_improvement,-0.000950193268856,,,
draw,40,direction_M2_minus_M1_brier_improvement,0.000189521529706,,,
draw,40,direction_M3_minus_M2_brier_improvement,-0.00208297703127,,,
draw,40,movement_M2_minus_M1_log_loss_improvement,-0.000230799395911,,,
draw,40,movement_M3_minus_M2_log_loss_improvement,-0.00274547956682,,,
draw,40,direction_M2_minus_M1_log_loss_improvement,-0.000489039448989,,,
draw,40,direction_M3_minus_M2_log_loss_improvement,-0.00534907915561,,,
draw,40,M3_minus_M1_top_one_cohort_relative_bps,16.5202397084,,,
draw,41,movement_M2_minus_M1_brier_improvement,-0.00157476748164,,,
draw,41,movement_M3_minus_M2_brier_improvement,-0.0011471921705,,,
draw,41,direction_M2_minus_M1_brier_improvement,0.000184151291533,,,
draw,41,direction_M3_minus_M2_brier_improvement,-0.00106329676062,,,
draw,41,movement_M2_minus_M1_log_loss_improvement,-0.00363867390674,,,
draw,41,movement_M3_minus_M2_log_loss_improvement,-0.00396891537786,,,
draw,41,direction_M2_minus_M1_log_loss_improvement,-0.000675971104183,,,
draw,41,direction_M3_minus_M2_log_loss_improvement,-0.00236246272014,,,
draw,41,M3_minus_M1_top_one_cohort_relative_bps,22.7682811734,,,
draw,42,movement_M2_minus_M1_brier_improvement,-0.00131771206072,,,
draw,42,movement_M3_minus_M2_brier_improvement,-0.000993782015552,,,
draw,42,direction_M2_minus_M1_brier_improvement,-0.000376038312197,,,
draw,42,direction_M3_minus_M2_brier_improvement,-0.00275643852536,,,
draw,42,movement_M2_minus_M1_log_loss_improvement,-0.00244224503404,,,
draw,42,movement_M3_minus_M2_log_loss_improvement,-0.00312375587434,,,
draw,42,direction_M2_minus_M1_log_loss_improvement,-0.0011957436509,,,
draw,42,direction_M3_minus_M2_log_loss_improvement,-0.00603371270711,,,
draw,42,M3_minus_M1_top_one_cohort_relative_bps,1.65127512523,,,
draw,43,movement_M2_minus_M1_brier_improvement,-0.0017079259566,,,
draw,43,movement_M3_minus_M2_brier_improvement,-0.000608104477563,,,
draw,43,direction_M2_minus_M1_brier_improvement,0.0024509058215,,,
draw,43,direction_M3_minus_M2_brier_improvement,-0.00415368394417,,,
draw,43,movement_M2_minus_M1_log_loss_improvement,-0.00449023321009,,,
draw,43,movement_M3_minus_M2_log_loss_improvement,-0.00189157643061,,,
draw,43,direction_M2_minus_M1_log_loss_improvement,0.00381404720434,,,
draw,43,direction_M3_minus_M2_log_loss_improvement,-0.00959999135864,,,
draw,43,M3_minus_M1_top_one_cohort_relative_bps,29.4850738209,,,
draw,44,movement_M2_minus_M1_brier_improvement,-0.000601511437651,,,
draw,44,movement_M3_minus_M2_brier_improvement,-0.00076794097556,,,
draw,44,direction_M2_minus_M1_brier_improvement,0.000332732632905,,,
draw,44,direction_M3_minus_M2_brier_improvement,-0.00193045753447,,,
draw,44,movement_M2_minus_M1_log_loss_improvement,-0.00040448772308,,,
draw,44,movement_M3_minus_M2_log_loss_improvement,-0.00274231366381,,,
draw,44,direction_M2_minus_M1_log_loss_improvement,-0.000914561287153,,,
draw,44,direction_M3_minus_M2_log_loss_improvement,-0.00470418157224,,,
draw,44,M3_minus_M1_top_one_cohort_relative_bps,-4.91964032868,,,
draw,45,movement_M2_minus_M1_brier_improvement,-0.00157913630333,,,
draw,45,movement_M3_minus_M2_brier_improvement,-0.000663099716648,,,
draw,45,direction_M2_minus_M1_brier_improvement,-0.00325529659842,,,
draw,45,direction_M3_minus_M2_brier_improvement,-0.00194366119644,,,
draw,45,movement_M2_minus_M1_log_loss_improvement,-0.00500112364986,,,
draw,45,movement_M3_minus_M2_log_loss_improvement,-0.00167843445209,,,
draw,45,direction_M2_minus_M1_log_loss_improvement,-0.00891856395106,,,
draw,45,direction_M3_minus_M2_log_loss_improvement,-0.00434817317356,,,
draw,45,M3_minus_M1_top_one_cohort_relative_bps,18.5736213948,,,
draw,46,movement_M2_minus_M1_brier_improvement,-0.00091199722865,,,
draw,46,movement_M3_minus_M2_brier_improvement,-0.000516749072265,,,
draw,46,direction_M2_minus_M1_brier_improvement,-0.00053748807527,,,
draw,46,direction_M3_minus_M2_brier_improvement,-0.00342755355025,,,
draw,46,movement_M2_minus_M1_log_loss_improvement,-0.00126093511172,,,
draw,46,movement_M3_minus_M2_log_loss_improvement,-0.00192340841497,,,
draw,46,direction_M2_minus_M1_log_loss_improvement,-0.00224102347496,,,
draw,46,direction_M3_minus_M2_log_loss_improvement,-0.0081852212882,,,
draw,46,M3_minus_M1_top_one_cohort_relative_bps,-10.000570857,,,
draw,47,movement_M2_minus_M1_brier_improvement,-0.00199853365943,,,
draw,47,movement_M3_minus_M2_brier_improvement,-0.00114923092666,,,
draw,47,direction_M2_minus_M1_brier_improvement,0.00351645037843,,,
draw,47,direction_M3_minus_M2_brier_improvement,-0.00204260011468,,,
draw,47,movement_M2_minus_M1_log_loss_improvement,-0.0045558378267,,,
draw,47,movement_M3_minus_M2_log_loss_improvement,-0.00355147906356,,,
draw,47,direction_M2_minus_M1_log_loss_improvement,0.00610418583269,,,
draw,47,direction_M3_minus_M2_log_loss_improvement,-0.00454394624695,,,
draw,47,M3_minus_M1_top_one_cohort_relative_bps,19.4307158087,,,
draw,48,movement_M2_minus_M1_brier_improvement,-0.000713590948493,,,
draw,48,movement_M3_minus_M2_brier_improvement,-0.000525745013421,,,
draw,48,direction_M2_minus_M1_brier_improvement,0.00132311694496,,,
draw,48,direction_M3_minus_M2_brier_improvement,0.00211468221002,,,
draw,48,movement_M2_minus_M1_log_loss_improvement,-0.00122931719051,,,
draw,48,movement_M3_minus_M2_log_loss_improvement,-0.00175134980965,,,
draw,48,direction_M2_minus_M1_log_loss_improvement,0.00209730794707,,,
draw,48,direction_M3_minus_M2_log_loss_improvement,0.00475772144908,,,
draw,48,M3_minus_M1_top_one_cohort_relative_bps,4.3095385761,,,
draw,49,movement_M2_minus_M1_brier_improvement,-0.00112963867909,,,
draw,49,movement_M3_minus_M2_brier_improvement,-0.000719500536914,,,
draw,49,direction_M2_minus_M1_brier_improvement,0.00163958399823,,,
draw,49,direction_M3_minus_M2_brier_improvement,-0.00296461038695,,,
draw,49,movement_M2_minus_M1_log_loss_improvement,-0.00183460788465,,,
draw,49,movement_M3_minus_M2_log_loss_improvement,-0.00168036305366,,,
draw,49,direction_M2_minus_M1_log_loss_improvement,0.00183323422244,,,
draw,49,direction_M3_minus_M2_log_loss_improvement,-0.00781763781872,,,
draw,49,M3_minus_M1_top_one_cohort_relative_bps,-20.0219903017,,,
draw,50,movement_M2_minus_M1_brier_improvement,-0.00135417789555,,,
draw,50,movement_M3_minus_M2_brier_improvement,-0.000510535651501,,,
draw,50,direction_M2_minus_M1_brier_improvement,-0.00108818763175,,,
draw,50,direction_M3_minus_M2_brier_improvement,-0.0024818959973,,,
draw,50,movement_M2_minus_M1_log_loss_improvement,-0.00213736550412,,,
draw,50,movement_M3_minus_M2_log_loss_improvement,-0.00102928393531,,,
draw,50,direction_M2_minus_M1_log_loss_improvement,-0.0029653746923,,,
draw,50,direction_M3_minus_M2_log_loss_improvement,-0.006311511504,,,
draw,50,M3_minus_M1_top_one_cohort_relative_bps,0.347651502313,,,
draw,51,movement_M2_minus_M1_brier_improvement,-0.00109850904815,,,
draw,51,movement_M3_minus_M2_brier_improvement,-0.0008697462612,,,
draw,51,direction_M2_minus_M1_brier_improvement,0.00240389077796,,,
draw,51,direction_M3_minus_M2_brier_improvement,-0.00207881685433,,,
draw,51,movement_M2_minus_M1_log_loss_improvement,-0.00222434406884,,,
draw,51,movement_M3_minus_M2_log_loss_improvement,-0.00291802403477,,,
draw,51,direction_M2_minus_M1_log_loss_improvement,0.00335382655692,,,
draw,51,direction_M3_minus_M2_log_loss_improvement,-0.00408531620515,,,
draw,51,M3_minus_M1_top_one_cohort_relative_bps,26.534965238,,,
draw,52,movement_M2_minus_M1_brier_improvement,-0.000486721602991,,,
draw,52,movement_M3_minus_M2_brier_improvement,-0.000520102308399,,,
draw,52,direction_M2_minus_M1_brier_improvement,-0.00318726161843,,,
draw,52,direction_M3_minus_M2_brier_improvement,-0.00562027483393,,,
draw,52,movement_M2_minus_M1_log_loss_improvement,-0.000244508360043,,,
draw,52,movement_M3_minus_M2_log_loss_improvement,-0.0017970475371,,,
draw,52,direction_M2_minus_M1_log_loss_improvement,-0.00847902366011,,,
draw,52,direction_M3_minus_M2_log_loss_improvement,-0.0126723896443,,,
draw,52,M3_minus_M1_top_one_cohort_relative_bps,1.67042112923,,,
draw,53,movement_M2_minus_M1_brier_improvement,-0.00102960528866,,,
draw,53,movement_M3_minus_M2_brier_improvement,-0.000882227826683,,,
draw,53,direction_M2_minus_M1_brier_improvement,-0.00133197698123,,,
draw,53,direction_M3_minus_M2_brier_improvement,-0.00215445974195,,,
draw,53,movement_M2_minus_M1_log_loss_improvement,-0.00170383509304,,,
draw,53,movement_M3_minus_M2_log_loss_improvement,-0.00315640531279,,,
draw,53,direction_M2_minus_M1_log_loss_improvement,-0.00381796221233,,,
draw,53,direction_M3_minus_M2_log_loss_improvement,-0.00486851910811,,,
draw,53,M3_minus_M1_top_one_cohort_relative_bps,47.7823186527,,,
draw,54,movement_M2_minus_M1_brier_improvement,-0.00102328445868,,,
draw,54,movement_M3_minus_M2_brier_improvement,-0.00123626850615,,,
draw,54,direction_M2_minus_M1_brier_improvement,0.00203539867141,,,
draw,54,direction_M3_minus_M2_brier_improvement,0.000191872462485,,,
draw,54,movement_M2_minus_M1_log_loss_improvement,-0.00166016433696,,,
draw,54,movement_M3_minus_M2_log_loss_improvement,-0.00382391864703,,,
draw,54,direction_M2_minus_M1_log_loss_improvement,0.00307093214951,,,
draw,54,direction_M3_minus_M2_log_loss_improvement,0.000153515449837,,,
draw,54,M3_minus_M1_top_one_cohort_relative_bps,10.2114575916,,,
draw,55,movement_M2_minus_M1_brier_improvement,-0.00105903600383,,,
draw,55,movement_M3_minus_M2_brier_improvement,-0.000527348722815,,,
draw,55,direction_M2_minus_M1_brier_improvement,0.00116789501363,,,
draw,55,direction_M3_minus_M2_brier_improvement,-0.00512175603421,,,
draw,55,movement_M2_minus_M1_log_loss_improvement,-0.00169441601819,,,
draw,55,movement_M3_minus_M2_log_loss_improvement,-0.0015406598839,,,
draw,55,direction_M2_minus_M1_log_loss_improvement,0.00094983711801,,,
draw,55,direction_M3_minus_M2_log_loss_improvement,-0.0118876621219,,,
draw,55,M3_minus_M1_top_one_cohort_relative_bps,-33.5962079028,,,
draw,56,movement_M2_minus_M1_brier_improvement,-0.00125561344401,,,
draw,56,movement_M3_minus_M2_brier_improvement,-0.000735266422596,,,
draw,56,direction_M2_minus_M1_brier_improvement,0.00212258562071,,,
draw,56,direction_M3_minus_M2_brier_improvement,-0.00522822628195,,,
draw,56,movement_M2_minus_M1_log_loss_improvement,-0.00328813755439,,,
draw,56,movement_M3_minus_M2_log_loss_improvement,-0.00229931471778,,,
draw,56,direction_M2_minus_M1_log_loss_improvement,0.0036838837694,,,
draw,56,direction_M3_minus_M2_log_loss_improvement,-0.0120000858487,,,
draw,56,M3_minus_M1_top_one_cohort_relative_bps,27.3087228769,,,
draw,57,movement_M2_minus_M1_brier_improvement,-0.00153144932426,,,
draw,57,movement_M3_minus_M2_brier_improvement,-0.000685199368027,,,
draw,57,direction_M2_minus_M1_brier_improvement,-0.000531802213658,,,
draw,57,direction_M3_minus_M2_brier_improvement,-0.00139251614794,,,
draw,57,movement_M2_minus_M1_log_loss_improvement,-0.00335574118576,,,
draw,57,movement_M3_minus_M2_log_loss_improvement,-0.00235553452608,,,
draw,57,direction_M2_minus_M1_log_loss_improvement,-0.00148101883458,,,
draw,57,direction_M3_minus_M2_log_loss_improvement,-0.00360087836223,,,
draw,57,M3_minus_M1_top_one_cohort_relative_bps,-27.9676357431,,,
draw,58,movement_M2_minus_M1_brier_improvement,-0.000750693724496,,,
draw,58,movement_M3_minus_M2_brier_improvement,-0.000635271590339,,,
draw,58,direction_M2_minus_M1_brier_improvement,0.00138969641509,,,
draw,58,direction_M3_minus_M2_brier_improvement,-0.00126160263709,,,
draw,58,movement_M2_minus_M1_log_loss_improvement,-0.00157655616052,,,
draw,58,movement_M3_minus_M2_log_loss_improvement,-0.00208931531893,,,
draw,58,direction_M2_minus_M1_log_loss_improvement,0.00074358990745,,,
draw,58,direction_M3_minus_M2_log_loss_improvement,-0.00280028320777,,,
draw,58,M3_minus_M1_top_one_cohort_relative_bps,2.52069821617,,,
draw,59,movement_M2_minus_M1_brier_improvement,-0.000819853321931,,,
draw,59,movement_M3_minus_M2_brier_improvement,-0.00100305897737,,,
draw,59,direction_M2_minus_M1_brier_improvement,0.00195401824401,,,
draw,59,direction_M3_minus_M2_brier_improvement,-0.000769416368144,,,
draw,59,movement_M2_minus_M1_log_loss_improvement,-0.000628101024574,,,
draw,59,movement_M3_minus_M2_log_loss_improvement,-0.00331848801653,,,
draw,59,direction_M2_minus_M1_log_loss_improvement,0.0030418782757,,,
draw,59,direction_M3_minus_M2_log_loss_improvement,-0.00287829587562,,,
draw,59,M3_minus_M1_top_one_cohort_relative_bps,15.3841679272,,,
draw,60,movement_M2_minus_M1_brier_improvement,-0.00072225126623,,,
draw,60,movement_M3_minus_M2_brier_improvement,-0.000677643338952,,,
draw,60,direction_M2_minus_M1_brier_improvement,-0.00213486573062,,,
draw,60,direction_M3_minus_M2_brier_improvement,-0.00112803431903,,,
draw,60,movement_M2_minus_M1_log_loss_improvement,-0.000979680822359,,,
draw,60,movement_M3_minus_M2_log_loss_improvement,-0.00193848537015,,,
draw,60,direction_M2_minus_M1_log_loss_improvement,-0.00654386432844,,,
draw,60,direction_M3_minus_M2_log_loss_improvement,-0.00220248045259,,,
draw,60,M3_minus_M1_top_one_cohort_relative_bps,-5.7837397185,,,
draw,61,movement_M2_minus_M1_brier_improvement,-0.000137423554682,,,
draw,61,movement_M3_minus_M2_brier_improvement,-0.000746113319697,,,
draw,61,direction_M2_minus_M1_brier_improvement,0.00227937520209,,,
draw,61,direction_M3_minus_M2_brier_improvement,-0.00294600548879,,,
draw,61,movement_M2_minus_M1_log_loss_improvement,0.00142498682197,,,
draw,61,movement_M3_minus_M2_log_loss_improvement,-0.00257226913444,,,
draw,61,direction_M2_minus_M1_log_loss_improvement,0.00431743838456,,,
draw,61,direction_M3_minus_M2_log_loss_improvement,-0.00726252730357,,,
draw,61,M3_minus_M1_top_one_cohort_relative_bps,8.87364101791,,,
draw,62,movement_M2_minus_M1_brier_improvement,-0.00126872221601,,,
draw,62,movement_M3_minus_M2_brier_improvement,-0.000846364092622,,,
draw,62,direction_M2_minus_M1_brier_improvement,-0.00113755406242,,,
draw,62,direction_M3_minus_M2_brier_improvement,-0.000701999636467,,,
draw,62,movement_M2_minus_M1_log_loss_improvement,-0.00225283073696,,,
draw,62,movement_M3_minus_M2_log_loss_improvement,-0.00215065537424,,,
draw,62,direction_M2_minus_M1_log_loss_improvement,-0.00325711165918,,,
draw,62,direction_M3_minus_M2_log_loss_improvement,-0.0020206381474,,,
draw,62,M3_minus_M1_top_one_cohort_relative_bps,53.909547751,,,
draw,63,movement_M2_minus_M1_brier_improvement,-0.00131159202807,,,
draw,63,movement_M3_minus_M2_brier_improvement,-0.000682049993861,,,
draw,63,direction_M2_minus_M1_brier_improvement,0.00092649222665,,,
draw,63,direction_M3_minus_M2_brier_improvement,-0.00258231482673,,,
draw,63,movement_M2_minus_M1_log_loss_improvement,-0.00305309118468,,,
draw,63,movement_M3_minus_M2_log_loss_improvement,-0.00200003195789,,,
draw,63,direction_M2_minus_M1_log_loss_improvement,0.00144648310404,,,
draw,63,direction_M3_minus_M2_log_loss_improvement,-0.00667548345089,,,
draw,63,M3_minus_M1_top_one_cohort_relative_bps,23.7915541201,,,
draw,64,movement_M2_minus_M1_brier_improvement,-0.000944955091596,,,
draw,64,movement_M3_minus_M2_brier_improvement,-0.000718328626591,,,
draw,64,direction_M2_minus_M1_brier_improvement,-0.00011857252275,,,
draw,64,direction_M3_minus_M2_brier_improvement,-0.00252771393613,,,
draw,64,movement_M2_minus_M1_log_loss_improvement,-0.000358528873003,,,
draw,64,movement_M3_minus_M2_log_loss_improvement,-0.00212062839756,,,
draw,64,direction_M2_minus_M1_log_loss_improvement,-0.0013666610141,,,
draw,64,direction_M3_minus_M2_log_loss_improvement,-0.00525832566892,,,
draw,64,M3_minus_M1_top_one_cohort_relative_bps,10.05435584,,,
draw,65,movement_M2_minus_M1_brier_improvement,0.000173004268039,,,
draw,65,movement_M3_minus_M2_brier_improvement,-0.000408481280796,,,
draw,65,direction_M2_minus_M1_brier_improvement,0.000354231322846,,,
draw,65,direction_M3_minus_M2_brier_improvement,-0.000966783884508,,,
draw,65,movement_M2_minus_M1_log_loss_improvement,0.00249534493784,,,
draw,65,movement_M3_minus_M2_log_loss_improvement,-0.0013098622196,,,
draw,65,direction_M2_minus_M1_log_loss_improvement,-0.000695578022419,,,
draw,65,direction_M3_minus_M2_log_loss_improvement,-0.00174727215595,,,
draw,65,M3_minus_M1_top_one_cohort_relative_bps,19.2994239967,,,
draw,66,movement_M2_minus_M1_brier_improvement,-0.00155367307979,,,
draw,66,movement_M3_minus_M2_brier_improvement,-0.000629929490881,,,
draw,66,direction_M2_minus_M1_brier_improvement,0.000776734763974,,,
draw,66,direction_M3_minus_M2_brier_improvement,-0.0031079012095,,,
draw,66,movement_M2_minus_M1_log_loss_improvement,-0.00318181696363,,,
draw,66,movement_M3_minus_M2_log_loss_improvement,-0.00193837761616,,,
draw,66,direction_M2_minus_M1_log_loss_improvement,0.000621749982826,,,
draw,66,direction_M3_minus_M2_log_loss_improvement,-0.00804725610759,,,
draw,66,M3_minus_M1_top_one_cohort_relative_bps,-10.6063970765,,,
draw,67,movement_M2_minus_M1_brier_improvement,-0.00100200044424,,,
draw,67,movement_M3_minus_M2_brier_improvement,-0.000876247254584,,,
draw,67,direction_M2_minus_M1_brier_improvement,-0.000691344662387,,,
draw,67,direction_M3_minus_M2_brier_improvement,-0.00449507947076,,,
draw,67,movement_M2_minus_M1_log_loss_improvement,-0.00208132221072,,,
draw,67,movement_M3_minus_M2_log_loss_improvement,-0.0026906985726,,,
draw,67,direction_M2_minus_M1_log_loss_improvement,-0.00351239233724,,,
draw,67,direction_M3_minus_M2_log_loss_improvement,-0.00985014437158,,,
draw,67,M3_minus_M1_top_one_cohort_relative_bps,-4.08539798027,,,
draw,68,movement_M2_minus_M1_brier_improvement,-0.00189515084502,,,
draw,68,movement_M3_minus_M2_brier_improvement,-0.00092549788808,,,
draw,68,direction_M2_minus_M1_brier_improvement,0.000353234448962,,,
draw,68,direction_M3_minus_M2_brier_improvement,-0.00327232509825,,,
draw,68,movement_M2_minus_M1_log_loss_improvement,-0.00464650535017,,,
draw,68,movement_M3_minus_M2_log_loss_improvement,-0.00329522057132,,,
draw,68,direction_M2_minus_M1_log_loss_improvement,-0.000436888183254,,,
draw,68,direction_M3_minus_M2_log_loss_improvement,-0.00742173296703,,,
draw,68,M3_minus_M1_top_one_cohort_relative_bps,26.5855842432,,,
draw,69,movement_M2_minus_M1_brier_improvement,-0.00113360555541,,,
draw,69,movement_M3_minus_M2_brier_improvement,-0.000891080101949,,,
draw,69,direction_M2_minus_M1_brier_improvement,0.00230502187486,,,
draw,69,direction_M3_minus_M2_brier_improvement,-0.00253304470106,,,
draw,69,movement_M2_minus_M1_log_loss_improvement,-0.00218884096646,,,
draw,69,movement_M3_minus_M2_log_loss_improvement,-0.00308769169671,,,
draw,69,direction_M2_minus_M1_log_loss_improvement,0.00379691772894,,,
draw,69,direction_M3_minus_M2_log_loss_improvement,-0.00562896990077,,,
draw,69,M3_minus_M1_top_one_cohort_relative_bps,-16.5168276414,,,
draw,70,movement_M2_minus_M1_brier_improvement,-0.000645985979089,,,
draw,70,movement_M3_minus_M2_brier_improvement,-0.000678563862521,,,
draw,70,direction_M2_minus_M1_brier_improvement,0.00125465891,,,
draw,70,direction_M3_minus_M2_brier_improvement,-0.00182271737497,,,
draw,70,movement_M2_minus_M1_log_loss_improvement,-0.000622466654372,,,
draw,70,movement_M3_minus_M2_log_loss_improvement,-0.00174904005986,,,
draw,70,direction_M2_minus_M1_log_loss_improvement,-0.000401344180012,,,
draw,70,direction_M3_minus_M2_log_loss_improvement,-0.00378797062453,,,
draw,70,M3_minus_M1_top_one_cohort_relative_bps,7.20237643818,,,
draw,71,movement_M2_minus_M1_brier_improvement,-0.000585694317788,,,
draw,71,movement_M3_minus_M2_brier_improvement,-0.000625709439725,,,
draw,71,direction_M2_minus_M1_brier_improvement,-0.000252426997728,,,
draw,71,direction_M3_minus_M2_brier_improvement,-0.00442517944973,,,
draw,71,movement_M2_minus_M1_log_loss_improvement,-0.00073930284661,,,
draw,71,movement_M3_minus_M2_log_loss_improvement,-0.00184668888167,,,
draw,71,direction_M2_minus_M1_log_loss_improvement,-0.00203836534001,,,
draw,71,direction_M3_minus_M2_log_loss_improvement,-0.0104989932077,,,
draw,71,M3_minus_M1_top_one_cohort_relative_bps,-28.3179736883,,,
draw,72,movement_M2_minus_M1_brier_improvement,-0.000878903498149,,,
draw,72,movement_M3_minus_M2_brier_improvement,-0.0010358380893,,,
draw,72,direction_M2_minus_M1_brier_improvement,0.00073296973098,,,
draw,72,direction_M3_minus_M2_brier_improvement,-0.00286782607345,,,
draw,72,movement_M2_minus_M1_log_loss_improvement,-0.000169796645059,,,
draw,72,movement_M3_minus_M2_log_loss_improvement,-0.00300119887394,,,
draw,72,direction_M2_minus_M1_log_loss_improvement,-0.000254516692079,,,
draw,72,direction_M3_minus_M2_log_loss_improvement,-0.00575440913027,,,
draw,72,M3_minus_M1_top_one_cohort_relative_bps,10.8931356852,,,
draw,73,movement_M2_minus_M1_brier_improvement,-0.000906138408804,,,
draw,73,movement_M3_minus_M2_brier_improvement,-0.000915351836394,,,
draw,73,direction_M2_minus_M1_brier_improvement,-0.000901776126542,,,
draw,73,direction_M3_minus_M2_brier_improvement,-0.00246634808083,,,
draw,73,movement_M2_minus_M1_log_loss_improvement,-0.000472808125264,,,
draw,73,movement_M3_minus_M2_log_loss_improvement,-0.0026777855906,,,
draw,73,direction_M2_minus_M1_log_loss_improvement,-0.00314504385956,,,
draw,73,direction_M3_minus_M2_log_loss_improvement,-0.00566972685597,,,
draw,73,M3_minus_M1_top_one_cohort_relative_bps,18.4179388123,,,
draw,74,movement_M2_minus_M1_brier_improvement,-0.00133676567199,,,
draw,74,movement_M3_minus_M2_brier_improvement,-0.00123573470833,,,
draw,74,direction_M2_minus_M1_brier_improvement,0.00471494696544,,,
draw,74,direction_M3_minus_M2_brier_improvement,-0.00080561982252,,,
draw,74,movement_M2_minus_M1_log_loss_improvement,-0.00248541949787,,,
draw,74,movement_M3_minus_M2_log_loss_improvement,-0.00363350490684,,,
draw,74,direction_M2_minus_M1_log_loss_improvement,0.00841560730707,,,
draw,74,direction_M3_minus_M2_log_loss_improvement,-0.00169776283593,,,
draw,74,M3_minus_M1_top_one_cohort_relative_bps,29.3676707864,,,
draw,75,movement_M2_minus_M1_brier_improvement,-0.000860151435477,,,
draw,75,movement_M3_minus_M2_brier_improvement,-0.000650698490487,,,
draw,75,direction_M2_minus_M1_brier_improvement,0.00209108383027,,,
draw,75,direction_M3_minus_M2_brier_improvement,-0.00419264917701,,,
draw,75,movement_M2_minus_M1_log_loss_improvement,-0.00223410913759,,,
draw,75,movement_M3_minus_M2_log_loss_improvement,-0.00249452195006,,,
draw,75,direction_M2_minus_M1_log_loss_improvement,0.00291499448115,,,
draw,75,direction_M3_minus_M2_log_loss_improvement,-0.00975342742782,,,
draw,75,M3_minus_M1_top_one_cohort_relative_bps,26.7514493505,,,
draw,76,movement_M2_minus_M1_brier_improvement,-0.000882851905326,,,
draw,76,movement_M3_minus_M2_brier_improvement,-0.000520012245979,,,
draw,76,direction_M2_minus_M1_brier_improvement,-0.00262741669231,,,
draw,76,direction_M3_minus_M2_brier_improvement,-0.00286302101453,,,
draw,76,movement_M2_minus_M1_log_loss_improvement,-0.00146776586013,,,
draw,76,movement_M3_minus_M2_log_loss_improvement,-0.00134839257583,,,
draw,76,direction_M2_minus_M1_log_loss_improvement,-0.00693461672409,,,
draw,76,direction_M3_minus_M2_log_loss_improvement,-0.00588909195372,,,
draw,76,M3_minus_M1_top_one_cohort_relative_bps,34.2895656686,,,
draw,77,movement_M2_minus_M1_brier_improvement,-0.00087361156878,,,
draw,77,movement_M3_minus_M2_brier_improvement,-0.000781431903806,,,
draw,77,direction_M2_minus_M1_brier_improvement,-0.000803085054644,,,
draw,77,direction_M3_minus_M2_brier_improvement,-0.000509820543349,,,
draw,77,movement_M2_minus_M1_log_loss_improvement,-0.00225333194415,,,
draw,77,movement_M3_minus_M2_log_loss_improvement,-0.00296206854919,,,
draw,77,direction_M2_minus_M1_log_loss_improvement,-0.00305847015428,,,
draw,77,direction_M3_minus_M2_log_loss_improvement,-0.00135511054533,,,
draw,77,M3_minus_M1_top_one_cohort_relative_bps,5.52023754978,,,
draw,78,movement_M2_minus_M1_brier_improvement,-0.00098546303893,,,
draw,78,movement_M3_minus_M2_brier_improvement,-0.000690528568353,,,
draw,78,direction_M2_minus_M1_brier_improvement,-0.000230361019649,,,
draw,78,direction_M3_minus_M2_brier_improvement,-0.00167764524024,,,
draw,78,movement_M2_minus_M1_log_loss_improvement,-0.00140984966609,,,
draw,78,movement_M3_minus_M2_log_loss_improvement,-0.00240990653468,,,
draw,78,direction_M2_minus_M1_log_loss_improvement,-0.00220723493199,,,
draw,78,direction_M3_minus_M2_log_loss_improvement,-0.00375224805272,,,
draw,78,M3_minus_M1_top_one_cohort_relative_bps,17.60552009,,,
draw,79,movement_M2_minus_M1_brier_improvement,-0.00122495248512,,,
draw,79,movement_M3_minus_M2_brier_improvement,-0.000510539612238,,,
draw,79,direction_M2_minus_M1_brier_improvement,-0.00139670536866,,,
draw,79,direction_M3_minus_M2_brier_improvement,-0.00187482619171,,,
draw,79,movement_M2_minus_M1_log_loss_improvement,-0.002820707637,,,
draw,79,movement_M3_minus_M2_log_loss_improvement,-0.00159757814922,,,
draw,79,direction_M2_minus_M1_log_loss_improvement,-0.00429801991173,,,
draw,79,direction_M3_minus_M2_log_loss_improvement,-0.00470462562896,,,
draw,79,M3_minus_M1_top_one_cohort_relative_bps,30.0149262945,,,
draw,80,movement_M2_minus_M1_brier_improvement,-0.00144535326236,,,
draw,80,movement_M3_minus_M2_brier_improvement,-0.00068876738829,,,
draw,80,direction_M2_minus_M1_brier_improvement,0.00052925325178,,,
draw,80,direction_M3_minus_M2_brier_improvement,-0.00383095144894,,,
draw,80,movement_M2_minus_M1_log_loss_improvement,-0.00307623081689,,,
draw,80,movement_M3_minus_M2_log_loss_improvement,-0.00274581634703,,,
draw,80,direction_M2_minus_M1_log_loss_improvement,-0.000274263228587,,,
draw,80,direction_M3_minus_M2_log_loss_improvement,-0.00789876286851,,,
draw,80,M3_minus_M1_top_one_cohort_relative_bps,15.1910136924,,,
draw,81,movement_M2_minus_M1_brier_improvement,-0.00115357778207,,,
draw,81,movement_M3_minus_M2_brier_improvement,-0.000537523966836,,,
draw,81,direction_M2_minus_M1_brier_improvement,-0.00162309378765,,,
draw,81,direction_M3_minus_M2_brier_improvement,-0.00280172342471,,,
draw,81,movement_M2_minus_M1_log_loss_improvement,-0.0031829754758,,,
draw,81,movement_M3_minus_M2_log_loss_improvement,-0.00193176531272,,,
draw,81,direction_M2_minus_M1_log_loss_improvement,-0.00542251443334,,,
draw,81,direction_M3_minus_M2_log_loss_improvement,-0.00670759368984,,,
draw,81,M3_minus_M1_top_one_cohort_relative_bps,16.9220165283,,,
draw,82,movement_M2_minus_M1_brier_improvement,-0.000626941071601,,,
draw,82,movement_M3_minus_M2_brier_improvement,-0.000668545545702,,,
draw,82,direction_M2_minus_M1_brier_improvement,-0.000624316395994,,,
draw,82,direction_M3_minus_M2_brier_improvement,-0.00183126013375,,,
draw,82,movement_M2_minus_M1_log_loss_improvement,-0.00141286681717,,,
draw,82,movement_M3_minus_M2_log_loss_improvement,-0.00201659055085,,,
draw,82,direction_M2_minus_M1_log_loss_improvement,-0.00309939043516,,,
draw,82,direction_M3_minus_M2_log_loss_improvement,-0.00441217918454,,,
draw,82,M3_minus_M1_top_one_cohort_relative_bps,25.9401878996,,,
draw,83,movement_M2_minus_M1_brier_improvement,-0.00191165412074,,,
draw,83,movement_M3_minus_M2_brier_improvement,-0.00108797691896,,,
draw,83,direction_M2_minus_M1_brier_improvement,0.00209868800497,,,
draw,83,direction_M3_minus_M2_brier_improvement,-0.00311595717369,,,
draw,83,movement_M2_minus_M1_log_loss_improvement,-0.00469825037438,,,
draw,83,movement_M3_minus_M2_log_loss_improvement,-0.0035378514333,,,
draw,83,direction_M2_minus_M1_log_loss_improvement,0.00354717860134,,,
draw,83,direction_M3_minus_M2_log_loss_improvement,-0.00648321619718,,,
draw,83,M3_minus_M1_top_one_cohort_relative_bps,14.1162398902,,,
draw,84,movement_M2_minus_M1_brier_improvement,-0.00131638083273,,,
draw,84,movement_M3_minus_M2_brier_improvement,-0.00142090427551,,,
draw,84,direction_M2_minus_M1_brier_improvement,-0.00337333967884,,,
draw,84,direction_M3_minus_M2_brier_improvement,0.00100005838254,,,
draw,84,movement_M2_minus_M1_log_loss_improvement,-0.00303925602289,,,
draw,84,movement_M3_minus_M2_log_loss_improvement,-0.00447332275621,,,
draw,84,direction_M2_minus_M1_log_loss_improvement,-0.00917284214043,,,
draw,84,direction_M3_minus_M2_log_loss_improvement,0.00142271126721,,,
draw,84,M3_minus_M1_top_one_cohort_relative_bps,4.45525094735,,,
draw,85,movement_M2_minus_M1_brier_improvement,-0.00109608324898,,,
draw,85,movement_M3_minus_M2_brier_improvement,-0.000634457760295,,,
draw,85,direction_M2_minus_M1_brier_improvement,0.000936998776569,,,
draw,85,direction_M3_minus_M2_brier_improvement,6.53890322822e-05,,,
draw,85,movement_M2_minus_M1_log_loss_improvement,-0.00233480885904,,,
draw,85,movement_M3_minus_M2_log_loss_improvement,-0.00209117429552,,,
draw,85,direction_M2_minus_M1_log_loss_improvement,0.000191679823889,,,
draw,85,direction_M3_minus_M2_log_loss_improvement,-0.000322508395932,,,
draw,85,M3_minus_M1_top_one_cohort_relative_bps,27.5398270931,,,
draw,86,movement_M2_minus_M1_brier_improvement,-0.00027509990295,,,
draw,86,movement_M3_minus_M2_brier_improvement,-0.000866820048314,,,
draw,86,direction_M2_minus_M1_brier_improvement,-0.00116408517484,,,
draw,86,direction_M3_minus_M2_brier_improvement,-0.00293234262924,,,
draw,86,movement_M2_minus_M1_log_loss_improvement,0.000829870427313,,,
draw,86,movement_M3_minus_M2_log_loss_improvement,-0.00258383480264,,,
draw,86,direction_M2_minus_M1_log_loss_improvement,-0.00403606101354,,,
draw,86,direction_M3_minus_M2_log_loss_improvement,-0.00677932977899,,,
draw,86,M3_minus_M1_top_one_cohort_relative_bps,29.4186990136,,,
draw,87,movement_M2_minus_M1_brier_improvement,-0.00100266411711,,,
draw,87,movement_M3_minus_M2_brier_improvement,-0.000676163683652,,,
draw,87,direction_M2_minus_M1_brier_improvement,-8.14356120998e-06,,,
draw,87,direction_M3_minus_M2_brier_improvement,-0.00197025440496,,,
draw,87,movement_M2_minus_M1_log_loss_improvement,-0.00193342144154,,,
draw,87,movement_M3_minus_M2_log_loss_improvement,-0.00224380635875,,,
draw,87,direction_M2_minus_M1_log_loss_improvement,-0.00130234634041,,,
draw,87,direction_M3_minus_M2_log_loss_improvement,-0.00459016704934,,,
draw,87,M3_minus_M1_top_one_cohort_relative_bps,24.6720906008,,,
draw,88,movement_M2_minus_M1_brier_improvement,-0.00126498737691,,,
draw,88,movement_M3_minus_M2_brier_improvement,-0.000915160129081,,,
draw,88,direction_M2_minus_M1_brier_improvement,0.00211917029343,,,
draw,88,direction_M3_minus_M2_brier_improvement,-0.00281676621512,,,
draw,88,movement_M2_minus_M1_log_loss_improvement,-0.00205123155639,,,
draw,88,movement_M3_minus_M2_log_loss_improvement,-0.00297989112696,,,
draw,88,direction_M2_minus_M1_log_loss_improvement,0.00438916886976,,,
draw,88,direction_M3_minus_M2_log_loss_improvement,-0.00603040752771,,,
draw,88,M3_minus_M1_top_one_cohort_relative_bps,20.3371183255,,,
draw,89,movement_M2_minus_M1_brier_improvement,-0.000638243486765,,,
draw,89,movement_M3_minus_M2_brier_improvement,-0.000795953532109,,,
draw,89,direction_M2_minus_M1_brier_improvement,0.00168988414364,,,
draw,89,direction_M3_minus_M2_brier_improvement,-0.00143717181318,,,
draw,89,movement_M2_minus_M1_log_loss_improvement,-0.000435609610177,,,
draw,89,movement_M3_minus_M2_log_loss_improvement,-0.00246750698437,,,
draw,89,direction_M2_minus_M1_log_loss_improvement,0.00221303691129,,,
draw,89,direction_M3_minus_M2_log_loss_improvement,-0.0033674607581,,,
draw,89,M3_minus_M1_top_one_cohort_relative_bps,1.39880508019,,,
draw,90,movement_M2_minus_M1_brier_improvement,-0.000532133938698,,,
draw,90,movement_M3_minus_M2_brier_improvement,-0.000379136636986,,,
draw,90,direction_M2_minus_M1_brier_improvement,0.00044212961486,,,
draw,90,direction_M3_minus_M2_brier_improvement,-0.00245176160599,,,
draw,90,movement_M2_minus_M1_log_loss_improvement,-0.000999091224304,,,
draw,90,movement_M3_minus_M2_log_loss_improvement,-0.00129057610148,,,
draw,90,direction_M2_minus_M1_log_loss_improvement,-0.000929637244124,,,
draw,90,direction_M3_minus_M2_log_loss_improvement,-0.00575852457658,,,
draw,90,M3_minus_M1_top_one_cohort_relative_bps,-30.6124896006,,,
draw,91,movement_M2_minus_M1_brier_improvement,-0.000780735175739,,,
draw,91,movement_M3_minus_M2_brier_improvement,-0.000598755863924,,,
draw,91,direction_M2_minus_M1_brier_improvement,9.5375254014e-05,,,
draw,91,direction_M3_minus_M2_brier_improvement,0.000455742374694,,,
draw,91,movement_M2_minus_M1_log_loss_improvement,-0.000537422275342,,,
draw,91,movement_M3_minus_M2_log_loss_improvement,-0.00174050397381,,,
draw,91,direction_M2_minus_M1_log_loss_improvement,-0.00220603073815,,,
draw,91,direction_M3_minus_M2_log_loss_improvement,0.0014531554225,,,
draw,91,M3_minus_M1_top_one_cohort_relative_bps,54.5185160069,,,
draw,92,movement_M2_minus_M1_brier_improvement,-0.00127867274419,,,
draw,92,movement_M3_minus_M2_brier_improvement,-0.000838799490627,,,
draw,92,direction_M2_minus_M1_brier_improvement,-0.00139679759756,,,
draw,92,direction_M3_minus_M2_brier_improvement,-0.00379407010238,,,
draw,92,movement_M2_minus_M1_log_loss_improvement,-0.00281541603595,,,
draw,92,movement_M3_minus_M2_log_loss_improvement,-0.00271377565238,,,
draw,92,direction_M2_minus_M1_log_loss_improvement,-0.00278143235834,,,
draw,92,direction_M3_minus_M2_log_loss_improvement,-0.00889732318177,,,
draw,92,M3_minus_M1_top_one_cohort_relative_bps,32.459190949,,,
draw,93,movement_M2_minus_M1_brier_improvement,-0.000725471652474,,,
draw,93,movement_M3_minus_M2_brier_improvement,-0.000904378381334,,,
draw,93,direction_M2_minus_M1_brier_improvement,0.0014538932467,,,
draw,93,direction_M3_minus_M2_brier_improvement,-0.000475505025551,,,
draw,93,movement_M2_minus_M1_log_loss_improvement,-0.000856460016349,,,
draw,93,movement_M3_minus_M2_log_loss_improvement,-0.00316478480772,,,
draw,93,direction_M2_minus_M1_log_loss_improvement,0.00190550964913,,,
draw,93,direction_M3_minus_M2_log_loss_improvement,-0.00142162815199,,,
draw,93,M3_minus_M1_top_one_cohort_relative_bps,19.8883290565,,,
draw,94,movement_M2_minus_M1_brier_improvement,-9.887380494e-05,,,
draw,94,movement_M3_minus_M2_brier_improvement,-0.000569436527639,,,
draw,94,direction_M2_minus_M1_brier_improvement,-0.000548335097638,,,
draw,94,direction_M3_minus_M2_brier_improvement,-0.00386714088215,,,
draw,94,movement_M2_minus_M1_log_loss_improvement,0.000930070375205,,,
draw,94,movement_M3_minus_M2_log_loss_improvement,-0.00165662304196,,,
draw,94,direction_M2_minus_M1_log_loss_improvement,-0.00247747422666,,,
draw,94,direction_M3_minus_M2_log_loss_improvement,-0.0088738126468,,,
draw,94,M3_minus_M1_top_one_cohort_relative_bps,17.0683721058,,,
draw,95,movement_M2_minus_M1_brier_improvement,-0.00105497729136,,,
draw,95,movement_M3_minus_M2_brier_improvement,-0.000822739501968,,,
draw,95,direction_M2_minus_M1_brier_improvement,0.00219533148468,,,
draw,95,direction_M3_minus_M2_brier_improvement,-0.00160770806745,,,
draw,95,movement_M2_minus_M1_log_loss_improvement,-0.00239787142035,,,
draw,95,movement_M3_minus_M2_log_loss_improvement,-0.00266271815911,,,
draw,95,direction_M2_minus_M1_log_loss_improvement,0.00205642496687,,,
draw,95,direction_M3_minus_M2_log_loss_improvement,-0.00378473296878,,,
draw,95,M3_minus_M1_top_one_cohort_relative_bps,11.5860343587,,,
draw,96,movement_M2_minus_M1_brier_improvement,-0.00136886426211,,,
draw,96,movement_M3_minus_M2_brier_improvement,-0.00046250929252,,,
draw,96,direction_M2_minus_M1_brier_improvement,-0.000358283223814,,,
draw,96,direction_M3_minus_M2_brier_improvement,-0.00468512417353,,,
draw,96,movement_M2_minus_M1_log_loss_improvement,-0.00239902090972,,,
draw,96,movement_M3_minus_M2_log_loss_improvement,-0.0015673625937,,,
draw,96,direction_M2_minus_M1_log_loss_improvement,-0.00190842536173,,,
draw,96,direction_M3_minus_M2_log_loss_improvement,-0.0108170410391,,,
draw,96,M3_minus_M1_top_one_cohort_relative_bps,-38.3825200062,,,
draw,97,movement_M2_minus_M1_brier_improvement,-0.00122135301452,,,
draw,97,movement_M3_minus_M2_brier_improvement,-0.00106530900047,,,
draw,97,direction_M2_minus_M1_brier_improvement,0.000716926482645,,,
draw,97,direction_M3_minus_M2_brier_improvement,-0.000251169850426,,,
draw,97,movement_M2_minus_M1_log_loss_improvement,-0.00293311994328,,,
draw,97,movement_M3_minus_M2_log_loss_improvement,-0.00310288957652,,,
draw,97,direction_M2_minus_M1_log_loss_improvement,-0.000149332202659,,,
draw,97,direction_M3_minus_M2_log_loss_improvement,-0.00117271504707,,,
draw,97,M3_minus_M1_top_one_cohort_relative_bps,3.03548570141,,,
draw,98,movement_M2_minus_M1_brier_improvement,-0.00107067856125,,,
draw,98,movement_M3_minus_M2_brier_improvement,-0.000764213895594,,,
draw,98,direction_M2_minus_M1_brier_improvement,-0.00304491259963,,,
draw,98,direction_M3_minus_M2_brier_improvement,-0.00247849026237,,,
draw,98,movement_M2_minus_M1_log_loss_improvement,-0.00139100310974,,,
draw,98,movement_M3_minus_M2_log_loss_improvement,-0.00189443025374,,,
draw,98,direction_M2_minus_M1_log_loss_improvement,-0.00764084855307,,,
draw,98,direction_M3_minus_M2_log_loss_improvement,-0.00640408485372,,,
draw,98,M3_minus_M1_top_one_cohort_relative_bps,17.6031249245,,,
draw,99,movement_M2_minus_M1_brier_improvement,-0.00017957003265,,,
draw,99,movement_M3_minus_M2_brier_improvement,-0.000828900910051,,,
draw,99,direction_M2_minus_M1_brier_improvement,-0.00284657330548,,,
draw,99,direction_M3_minus_M2_brier_improvement,-0.000641064044492,,,
draw,99,movement_M2_minus_M1_log_loss_improvement,0.00103702790418,,,
draw,99,movement_M3_minus_M2_log_loss_improvement,-0.00269129043153,,,
draw,99,direction_M2_minus_M1_log_loss_improvement,-0.00740185144384,,,
draw,99,direction_M3_minus_M2_log_loss_improvement,-0.00197103619903,,,
draw,99,M3_minus_M1_top_one_cohort_relative_bps,-20.0096457621,,,
draw,100,movement_M2_minus_M1_brier_improvement,-0.00066171187435,,,
draw,100,movement_M3_minus_M2_brier_improvement,-0.000922705709078,,,
draw,100,direction_M2_minus_M1_brier_improvement,-0.00117038288483,,,
draw,100,direction_M3_minus_M2_brier_improvement,-0.00365175323626,,,
draw,100,movement_M2_minus_M1_log_loss_improvement,-0.00138941750627,,,
draw,100,movement_M3_minus_M2_log_loss_improvement,-0.00248484602834,,,
draw,100,direction_M2_minus_M1_log_loss_improvement,-0.00433058315219,,,
draw,100,direction_M3_minus_M2_log_loss_improvement,-0.00899640933425,,,
draw,100,M3_minus_M1_top_one_cohort_relative_bps,-12.8917805517,,,
draw,101,movement_M2_minus_M1_brier_improvement,-0.00165419697043,,,
draw,101,movement_M3_minus_M2_brier_improvement,-0.000989396676389,,,
draw,101,direction_M2_minus_M1_brier_improvement,-0.00123334656461,,,
draw,101,direction_M3_minus_M2_brier_improvement,0.000990071624444,,,
draw,101,movement_M2_minus_M1_log_loss_improvement,-0.00384409942931,,,
draw,101,movement_M3_minus_M2_log_loss_improvement,-0.00319335821754,,,
draw,101,direction_M2_minus_M1_log_loss_improvement,-0.00357170619619,,,
draw,101,direction_M3_minus_M2_log_loss_improvement,0.00125362847652,,,
draw,101,M3_minus_M1_top_one_cohort_relative_bps,2.43090973606,,,
draw,102,movement_M2_minus_M1_brier_improvement,-0.000609380740351,,,
draw,102,movement_M3_minus_M2_brier_improvement,-0.000992076912689,,,
draw,102,direction_M2_minus_M1_brier_improvement,-0.000999806472746,,,
draw,102,direction_M3_minus_M2_brier_improvement,-0.00126353614496,,,
draw,102,movement_M2_minus_M1_log_loss_improvement,-0.000777663137191,,,
draw,102,movement_M3_minus_M2_log_loss_improvement,-0.00324480187091,,,
draw,102,direction_M2_minus_M1_log_loss_improvement,-0.0044701319892,,,
draw,102,direction_M3_minus_M2_log_loss_improvement,-0.00296624309517,,,
draw,102,M3_minus_M1_top_one_cohort_relative_bps,22.7456075788,,,
draw,103,movement_M2_minus_M1_brier_improvement,-0.00157505412072,,,
draw,103,movement_M3_minus_M2_brier_improvement,-0.000709851567878,,,
draw,103,direction_M2_minus_M1_brier_improvement,0.00204939974492,,,
draw,103,direction_M3_minus_M2_brier_improvement,-0.00115354881595,,,
draw,103,movement_M2_minus_M1_log_loss_improvement,-0.0043774576923,,,
draw,103,movement_M3_minus_M2_log_loss_improvement,-0.00291083859694,,,
draw,103,direction_M2_minus_M1_log_loss_improvement,0.00251749573512,,,
draw,103,direction_M3_minus_M2_log_loss_improvement,-0.0019500809254,,,
draw,103,M3_minus_M1_top_one_cohort_relative_bps,4.63126291326,,,
draw,104,movement_M2_minus_M1_brier_improvement,-0.000432749099881,,,
draw,104,movement_M3_minus_M2_brier_improvement,-0.000794195088739,,,
draw,104,direction_M2_minus_M1_brier_improvement,-0.000135489855327,,,
draw,104,direction_M3_minus_M2_brier_improvement,-0.00138185469975,,,
draw,104,movement_M2_minus_M1_log_loss_improvement,-0.000604075447557,,,
draw,104,movement_M3_minus_M2_log_loss_improvement,-0.00242896648018,,,
draw,104,direction_M2_minus_M1_log_loss_improvement,-0.00222603159312,,,
draw,104,direction_M3_minus_M2_log_loss_improvement,-0.0040015427748,,,
draw,104,M3_minus_M1_top_one_cohort_relative_bps,17.7330186519,,,
draw,105,movement_M2_minus_M1_brier_improvement,-0.00084076744486,,,
draw,105,movement_M3_minus_M2_brier_improvement,-0.00101888265514,,,
draw,105,direction_M2_minus_M1_brier_improvement,-0.000810717829818,,,
draw,105,direction_M3_minus_M2_brier_improvement,0.000480022229086,,,
draw,105,movement_M2_minus_M1_log_loss_improvement,-0.000223759209876,,,
draw,105,movement_M3_minus_M2_log_loss_improvement,-0.00280900896435,,,
draw,105,direction_M2_minus_M1_log_loss_improvement,-0.00185164075828,,,
draw,105,direction_M3_minus_M2_log_loss_improvement,0.000542895118841,,,
draw,105,M3_minus_M1_top_one_cohort_relative_bps,-0.678636438837,,,
draw,106,movement_M2_minus_M1_brier_improvement,-0.000853901906123,,,
draw,106,movement_M3_minus_M2_brier_improvement,-0.000797860140285,,,
draw,106,direction_M2_minus_M1_brier_improvement,1.59093870293e-05,,,
draw,106,direction_M3_minus_M2_brier_improvement,-0.000981645197583,,,
draw,106,movement_M2_minus_M1_log_loss_improvement,-0.00133829516015,,,
draw,106,movement_M3_minus_M2_log_loss_improvement,-0.00251262801013,,,
draw,106,direction_M2_minus_M1_log_loss_improvement,-0.00143732521112,,,
draw,106,direction_M3_minus_M2_log_loss_improvement,-0.00261380216419,,,
draw,106,M3_minus_M1_top_one_cohort_relative_bps,11.2678758314,,,
draw,107,movement_M2_minus_M1_brier_improvement,-0.00165152131595,,,
draw,107,movement_M3_minus_M2_brier_improvement,-0.000840899959347,,,
draw,107,direction_M2_minus_M1_brier_improvement,0.00204150643792,,,
draw,107,direction_M3_minus_M2_brier_improvement,-0.000540688714296,,,
draw,107,movement_M2_minus_M1_log_loss_improvement,-0.00321732304072,,,
draw,107,movement_M3_minus_M2_log_loss_improvement,-0.00220098613172,,,
draw,107,direction_M2_minus_M1_log_loss_improvement,0.00236558997301,,,
draw,107,direction_M3_minus_M2_log_loss_improvement,-0.00157877281432,,,
draw,107,M3_minus_M1_top_one_cohort_relative_bps,42.4348595949,,,
draw,108,movement_M2_minus_M1_brier_improvement,-0.00156290839124,,,
draw,108,movement_M3_minus_M2_brier_improvement,-0.000487581087953,,,
draw,108,direction_M2_minus_M1_brier_improvement,-0.000985363996173,,,
draw,108,direction_M3_minus_M2_brier_improvement,-0.00456225297753,,,
draw,108,movement_M2_minus_M1_log_loss_improvement,-0.00272085865181,,,
draw,108,movement_M3_minus_M2_log_loss_improvement,-0.00155513072173,,,
draw,108,direction_M2_minus_M1_log_loss_improvement,-0.00245601298022,,,
draw,108,direction_M3_minus_M2_log_loss_improvement,-0.0110112834759,,,
draw,108,M3_minus_M1_top_one_cohort_relative_bps,-29.0362804126,,,
draw,109,movement_M2_minus_M1_brier_improvement,-0.000413814372102,,,
draw,109,movement_M3_minus_M2_brier_improvement,-0.000568897665445,,,
draw,109,direction_M2_minus_M1_brier_improvement,0.0010436986989,,,
draw,109,direction_M3_minus_M2_brier_improvement,-0.00343628349104,,,
draw,109,movement_M2_minus_M1_log_loss_improvement,-0.00014383660532,,,
draw,109,movement_M3_minus_M2_log_loss_improvement,-0.0017630355348,,,
draw,109,direction_M2_minus_M1_log_loss_improvement,2.405123648e-05,,,
draw,109,direction_M3_minus_M2_log_loss_improvement,-0.00684046727068,,,
draw,109,M3_minus_M1_top_one_cohort_relative_bps,16.4140791429,,,
draw,110,movement_M2_minus_M1_brier_improvement,-0.00122284464614,,,
draw,110,movement_M3_minus_M2_brier_improvement,-0.00139675889773,,,
draw,110,direction_M2_minus_M1_brier_improvement,0.00253620427248,,,
draw,110,direction_M3_minus_M2_brier_improvement,-0.000407472265931,,,
draw,110,movement_M2_minus_M1_log_loss_improvement,-0.00207168507255,,,
draw,110,movement_M3_minus_M2_log_loss_improvement,-0.00404958989048,,,
draw,110,direction_M2_minus_M1_log_loss_improvement,0.00477720207353,,,
draw,110,direction_M3_minus_M2_log_loss_improvement,-0.00124223989511,,,
draw,110,M3_minus_M1_top_one_cohort_relative_bps,19.3647131692,,,
draw,111,movement_M2_minus_M1_brier_improvement,-0.000454503619924,,,
draw,111,movement_M3_minus_M2_brier_improvement,-0.000702131695296,,,
draw,111,direction_M2_minus_M1_brier_improvement,-0.000431612784392,,,
draw,111,direction_M3_minus_M2_brier_improvement,0.00024674922494,,,
draw,111,movement_M2_minus_M1_log_loss_improvement,-0.000814943082235,,,
draw,111,movement_M3_minus_M2_log_loss_improvement,-0.00175763485755,,,
draw,111,direction_M2_minus_M1_log_loss_improvement,-0.00279720502696,,,
draw,111,direction_M3_minus_M2_log_loss_improvement,0.000804045290901,,,
draw,111,M3_minus_M1_top_one_cohort_relative_bps,33.1496977219,,,
draw,112,movement_M2_minus_M1_brier_improvement,-0.00129787046483,,,
draw,112,movement_M3_minus_M2_brier_improvement,-0.000610314659076,,,
draw,112,direction_M2_minus_M1_brier_improvement,-0.00142272128303,,,
draw,112,direction_M3_minus_M2_brier_improvement,-0.00646278078493,,,
draw,112,movement_M2_minus_M1_log_loss_improvement,-0.00257479813705,,,
draw,112,movement_M3_minus_M2_log_loss_improvement,-0.00227167495073,,,
draw,112,direction_M2_minus_M1_log_loss_improvement,-0.0057044918106,,,
draw,112,direction_M3_minus_M2_log_loss_improvement,-0.0140083372235,,,
draw,112,M3_minus_M1_top_one_cohort_relative_bps,23.1445566386,,,
draw,113,movement_M2_minus_M1_brier_improvement,-0.00132230233223,,,
draw,113,movement_M3_minus_M2_brier_improvement,-0.000734995443451,,,
draw,113,direction_M2_minus_M1_brier_improvement,0.00050722224419,,,
draw,113,direction_M3_minus_M2_brier_improvement,-0.000675853765724,,,
draw,113,movement_M2_minus_M1_log_loss_improvement,-0.0024744721213,,,
draw,113,movement_M3_minus_M2_log_loss_improvement,-0.00191554017057,,,
draw,113,direction_M2_minus_M1_log_loss_improvement,-0.000361719525946,,,
draw,113,direction_M3_minus_M2_log_loss_improvement,-0.001750643123,,,
draw,113,M3_minus_M1_top_one_cohort_relative_bps,11.9965288907,,,
draw,114,movement_M2_minus_M1_brier_improvement,-0.000628242427908,,,
draw,114,movement_M3_minus_M2_brier_improvement,-0.000735093306668,,,
draw,114,direction_M2_minus_M1_brier_improvement,-0.000550586409074,,,
draw,114,direction_M3_minus_M2_brier_improvement,-0.00298393031551,,,
draw,114,movement_M2_minus_M1_log_loss_improvement,-0.00125580566503,,,
draw,114,movement_M3_minus_M2_log_loss_improvement,-0.00214426099972,,,
draw,114,direction_M2_minus_M1_log_loss_improvement,-0.00252356195367,,,
draw,114,direction_M3_minus_M2_log_loss_improvement,-0.00665629919746,,,
draw,114,M3_minus_M1_top_one_cohort_relative_bps,8.79024638262,,,
draw,115,movement_M2_minus_M1_brier_improvement,-0.00112421924624,,,
draw,115,movement_M3_minus_M2_brier_improvement,-0.000956209667093,,,
draw,115,direction_M2_minus_M1_brier_improvement,-0.000746697816303,,,
draw,115,direction_M3_minus_M2_brier_improvement,-0.00376547781603,,,
draw,115,movement_M2_minus_M1_log_loss_improvement,-0.0026160353601,,,
draw,115,movement_M3_minus_M2_log_loss_improvement,-0.00294335078323,,,
draw,115,direction_M2_minus_M1_log_loss_improvement,-0.00289891654077,,,
draw,115,direction_M3_minus_M2_log_loss_improvement,-0.0088084189878,,,
draw,115,M3_minus_M1_top_one_cohort_relative_bps,7.89525465928,,,
draw,116,movement_M2_minus_M1_brier_improvement,-0.00148623620511,,,
draw,116,movement_M3_minus_M2_brier_improvement,-0.000431304997233,,,
draw,116,direction_M2_minus_M1_brier_improvement,-0.00116341667929,,,
draw,116,direction_M3_minus_M2_brier_improvement,-0.00337856677904,,,
draw,116,movement_M2_minus_M1_log_loss_improvement,-0.00287458454755,,,
draw,116,movement_M3_minus_M2_log_loss_improvement,-0.00129744922444,,,
draw,116,direction_M2_minus_M1_log_loss_improvement,-0.00555784891232,,,
draw,116,direction_M3_minus_M2_log_loss_improvement,-0.00757591202746,,,
draw,116,M3_minus_M1_top_one_cohort_relative_bps,10.971742546,,,
draw,117,movement_M2_minus_M1_brier_improvement,-0.00136154053714,,,
draw,117,movement_M3_minus_M2_brier_improvement,-0.000908562057061,,,
draw,117,direction_M2_minus_M1_brier_improvement,-0.00191587917448,,,
draw,117,direction_M3_minus_M2_brier_improvement,-0.00278166044608,,,
draw,117,movement_M2_minus_M1_log_loss_improvement,-0.00326444114623,,,
draw,117,movement_M3_minus_M2_log_loss_improvement,-0.00320760062676,,,
draw,117,direction_M2_minus_M1_log_loss_improvement,-0.00552044714828,,,
draw,117,direction_M3_minus_M2_log_loss_improvement,-0.00598156190138,,,
draw,117,M3_minus_M1_top_one_cohort_relative_bps,19.93446075,,,
draw,118,movement_M2_minus_M1_brier_improvement,-0.000956868730258,,,
draw,118,movement_M3_minus_M2_brier_improvement,-0.000660479976577,,,
draw,118,direction_M2_minus_M1_brier_improvement,0.000582779884853,,,
draw,118,direction_M3_minus_M2_brier_improvement,-0.00224596425614,,,
draw,118,movement_M2_minus_M1_log_loss_improvement,-0.000908821829409,,,
draw,118,movement_M3_minus_M2_log_loss_improvement,-0.00216642066199,,,
draw,118,direction_M2_minus_M1_log_loss_improvement,0.000866230138546,,,
draw,118,direction_M3_minus_M2_log_loss_improvement,-0.00509755470013,,,
draw,118,M3_minus_M1_top_one_cohort_relative_bps,21.5241684218,,,
draw,119,movement_M2_minus_M1_brier_improvement,-0.000536299309803,,,
draw,119,movement_M3_minus_M2_brier_improvement,-0.000720808423076,,,
draw,119,direction_M2_minus_M1_brier_improvement,-0.0029621856191,,,
draw,119,direction_M3_minus_M2_brier_improvement,-0.0020228716413,,,
draw,119,movement_M2_minus_M1_log_loss_improvement,5.57659779221e-06,,,
draw,119,movement_M3_minus_M2_log_loss_improvement,-0.00215169509118,,,
draw,119,direction_M2_minus_M1_log_loss_improvement,-0.00843304448422,,,
draw,119,direction_M3_minus_M2_log_loss_improvement,-0.00477410919607,,,
draw,119,M3_minus_M1_top_one_cohort_relative_bps,35.2869711351,,,
draw,120,movement_M2_minus_M1_brier_improvement,-0.000740572916013,,,
draw,120,movement_M3_minus_M2_brier_improvement,-0.000646138833648,,,
draw,120,direction_M2_minus_M1_brier_improvement,-0.00126438388931,,,
draw,120,direction_M3_minus_M2_brier_improvement,-0.00188319381222,,,
draw,120,movement_M2_minus_M1_log_loss_improvement,-0.000799619161666,,,
draw,120,movement_M3_minus_M2_log_loss_improvement,-0.00164016191484,,,
draw,120,direction_M2_minus_M1_log_loss_improvement,-0.00428592055724,,,
draw,120,direction_M3_minus_M2_log_loss_improvement,-0.0046901592693,,,
draw,120,M3_minus_M1_top_one_cohort_relative_bps,17.8935965807,,,
draw,121,movement_M2_minus_M1_brier_improvement,-0.00117340291051,,,
draw,121,movement_M3_minus_M2_brier_improvement,-0.000661228347704,,,
draw,121,direction_M2_minus_M1_brier_improvement,-0.00255399957896,,,
draw,121,direction_M3_minus_M2_brier_improvement,-0.00544322513425,,,
draw,121,movement_M2_minus_M1_log_loss_improvement,-0.0024790066206,,,
draw,121,movement_M3_minus_M2_log_loss_improvement,-0.00188198018508,,,
draw,121,direction_M2_minus_M1_log_loss_improvement,-0.00656112909153,,,
draw,121,direction_M3_minus_M2_log_loss_improvement,-0.0129465286848,,,
draw,121,M3_minus_M1_top_one_cohort_relative_bps,-32.8904844647,,,
draw,122,movement_M2_minus_M1_brier_improvement,-0.00170954222894,,,
draw,122,movement_M3_minus_M2_brier_improvement,-0.000608197546698,,,
draw,122,direction_M2_minus_M1_brier_improvement,-0.000463029389226,,,
draw,122,direction_M3_minus_M2_brier_improvement,-0.00432825112021,,,
draw,122,movement_M2_minus_M1_log_loss_improvement,-0.00480755348405,,,
draw,122,movement_M3_minus_M2_log_loss_improvement,-0.00181362823481,,,
draw,122,direction_M2_minus_M1_log_loss_improvement,-0.00227392919237,,,
draw,122,direction_M3_minus_M2_log_loss_improvement,-0.0104318806077,,,
draw,122,M3_minus_M1_top_one_cohort_relative_bps,9.81442040032,,,
draw,123,movement_M2_minus_M1_brier_improvement,-0.000587928846268,,,
draw,123,movement_M3_minus_M2_brier_improvement,-0.000857105546653,,,
draw,123,direction_M2_minus_M1_brier_improvement,-0.000831045358663,,,
draw,123,direction_M3_minus_M2_brier_improvement,-0.003455030438,,,
draw,123,movement_M2_minus_M1_log_loss_improvement,-0.000909611107008,,,
draw,123,movement_M3_minus_M2_log_loss_improvement,-0.00257580513022,,,
draw,123,direction_M2_minus_M1_log_loss_improvement,-0.00340511506204,,,
draw,123,direction_M3_minus_M2_log_loss_improvement,-0.00806416785384,,,
draw,123,M3_minus_M1_top_one_cohort_relative_bps,-1.06760769544,,,
draw,124,movement_M2_minus_M1_brier_improvement,-0.000700001471999,,,
draw,124,movement_M3_minus_M2_brier_improvement,-0.000578887141417,,,
draw,124,direction_M2_minus_M1_brier_improvement,0.000555667224445,,,
draw,124,direction_M3_minus_M2_brier_improvement,-0.002575139429,,,
draw,124,movement_M2_minus_M1_log_loss_improvement,-0.00077754628674,,,
draw,124,movement_M3_minus_M2_log_loss_improvement,-0.00220598790318,,,
draw,124,direction_M2_minus_M1_log_loss_improvement,-0.000103709761309,,,
draw,124,direction_M3_minus_M2_log_loss_improvement,-0.00607040287316,,,
draw,124,M3_minus_M1_top_one_cohort_relative_bps,11.0533296237,,,
draw,125,movement_M2_minus_M1_brier_improvement,-0.00154885586294,,,
draw,125,movement_M3_minus_M2_brier_improvement,-0.000882324184693,,,
draw,125,direction_M2_minus_M1_brier_improvement,0.0015106454241,,,
draw,125,direction_M3_minus_M2_brier_improvement,-0.00385592213598,,,
draw,125,movement_M2_minus_M1_log_loss_improvement,-0.00331653978733,,,
draw,125,movement_M3_minus_M2_log_loss_improvement,-0.00250240999067,,,
draw,125,direction_M2_minus_M1_log_loss_improvement,0.00238721523701,,,
draw,125,direction_M3_minus_M2_log_loss_improvement,-0.00867332804091,,,
draw,125,M3_minus_M1_top_one_cohort_relative_bps,-22.0066653619,,,
draw,126,movement_M2_minus_M1_brier_improvement,-0.000624963231674,,,
draw,126,movement_M3_minus_M2_brier_improvement,-0.000552274608606,,,
draw,126,direction_M2_minus_M1_brier_improvement,0.00119626831335,,,
draw,126,direction_M3_minus_M2_brier_improvement,-0.00394824216816,,,
draw,126,movement_M2_minus_M1_log_loss_improvement,-0.000473542248486,,,
draw,126,movement_M3_minus_M2_log_loss_improvement,-0.00195638094731,,,
draw,126,direction_M2_minus_M1_log_loss_improvement,0.000988631815076,,,
draw,126,direction_M3_minus_M2_log_loss_improvement,-0.00845636179763,,,
draw,126,M3_minus_M1_top_one_cohort_relative_bps,-13.0919432358,,,
draw,127,movement_M2_minus_M1_brier_improvement,-0.00119123888655,,,
draw,127,movement_M3_minus_M2_brier_improvement,-0.000826303576598,,,
draw,127,direction_M2_minus_M1_brier_improvement,0.000999193294582,,,
draw,127,direction_M3_minus_M2_brier_improvement,-0.00169297658483,,,
draw,127,movement_M2_minus_M1_log_loss_improvement,-0.00284434543373,,,
draw,127,movement_M3_minus_M2_log_loss_improvement,-0.00235268195289,,,
draw,127,direction_M2_minus_M1_log_loss_improvement,0.00155812900912,,,
draw,127,direction_M3_minus_M2_log_loss_improvement,-0.00393927353968,,,
draw,127,M3_minus_M1_top_one_cohort_relative_bps,42.6503510107,,,
draw,128,movement_M2_minus_M1_brier_improvement,-0.000669054594212,,,
draw,128,movement_M3_minus_M2_brier_improvement,-0.000532124476115,,,
draw,128,direction_M2_minus_M1_brier_improvement,-0.00156837196447,,,
draw,128,direction_M3_minus_M2_brier_improvement,-0.00291324082237,,,
draw,128,movement_M2_minus_M1_log_loss_improvement,-0.000742051663716,,,
draw,128,movement_M3_minus_M2_log_loss_improvement,-0.00148953893492,,,
draw,128,direction_M2_minus_M1_log_loss_improvement,-0.0040994518854,,,
draw,128,direction_M3_minus_M2_log_loss_improvement,-0.0069428451729,,,
draw,128,M3_minus_M1_top_one_cohort_relative_bps,9.35616138733,,,
draw,129,movement_M2_minus_M1_brier_improvement,-0.000663477085308,,,
draw,129,movement_M3_minus_M2_brier_improvement,-0.000738490622083,,,
draw,129,direction_M2_minus_M1_brier_improvement,-0.000693047837761,,,
draw,129,direction_M3_minus_M2_brier_improvement,-0.00123835594921,,,
draw,129,movement_M2_minus_M1_log_loss_improvement,-0.000792444914928,,,
draw,129,movement_M3_minus_M2_log_loss_improvement,-0.00224882242127,,,
draw,129,direction_M2_minus_M1_log_loss_improvement,-0.00233318414123,,,
draw,129,direction_M3_minus_M2_log_loss_improvement,-0.00355883192503,,,
draw,129,M3_minus_M1_top_one_cohort_relative_bps,23.0289952459,,,
draw,130,movement_M2_minus_M1_brier_improvement,-0.00150857675055,,,
draw,130,movement_M3_minus_M2_brier_improvement,-0.000664971428628,,,
draw,130,direction_M2_minus_M1_brier_improvement,-0.00201866886965,,,
draw,130,direction_M3_minus_M2_brier_improvement,-0.0033649107733,,,
draw,130,movement_M2_minus_M1_log_loss_improvement,-0.00330323558277,,,
draw,130,movement_M3_minus_M2_log_loss_improvement,-0.00214473718621,,,
draw,130,direction_M2_minus_M1_log_loss_improvement,-0.00495916575623,,,
draw,130,direction_M3_minus_M2_log_loss_improvement,-0.00824338473157,,,
draw,130,M3_minus_M1_top_one_cohort_relative_bps,-9.35032984674,,,
draw,131,movement_M2_minus_M1_brier_improvement,-0.00143906358728,,,
draw,131,movement_M3_minus_M2_brier_improvement,-0.000931190648326,,,
draw,131,direction_M2_minus_M1_brier_improvement,-0.00292466856369,,,
draw,131,direction_M3_minus_M2_brier_improvement,-0.00193334241207,,,
draw,131,movement_M2_minus_M1_log_loss_improvement,-0.00219339367812,,,
draw,131,movement_M3_minus_M2_log_loss_improvement,-0.00260132054279,,,
draw,131,direction_M2_minus_M1_log_loss_improvement,-0.00726284364137,,,
draw,131,direction_M3_minus_M2_log_loss_improvement,-0.0043343688925,,,
draw,131,M3_minus_M1_top_one_cohort_relative_bps,-4.50027670168,,,
draw,132,movement_M2_minus_M1_brier_improvement,-0.00133380940436,,,
draw,132,movement_M3_minus_M2_brier_improvement,-0.00114160797195,,,
draw,132,direction_M2_minus_M1_brier_improvement,0.00391964540126,,,
draw,132,direction_M3_minus_M2_brier_improvement,-0.00502922116725,,,
draw,132,movement_M2_minus_M1_log_loss_improvement,-0.00323411461371,,,
draw,132,movement_M3_minus_M2_log_loss_improvement,-0.0039240816553,,,
draw,132,direction_M2_minus_M1_log_loss_improvement,0.00659149357722,,,
draw,132,direction_M3_minus_M2_log_loss_improvement,-0.0117115210773,,,
draw,132,M3_minus_M1_top_one_cohort_relative_bps,1.48697708802,,,
draw,133,movement_M2_minus_M1_brier_improvement,-0.000868607545222,,,
draw,133,movement_M3_minus_M2_brier_improvement,-0.000830032631014,,,
draw,133,direction_M2_minus_M1_brier_improvement,-0.00303190780688,,,
draw,133,direction_M3_minus_M2_brier_improvement,-0.00107177014504,,,
draw,133,movement_M2_minus_M1_log_loss_improvement,-0.00224609734606,,,
draw,133,movement_M3_minus_M2_log_loss_improvement,-0.00233915139064,,,
draw,133,direction_M2_minus_M1_log_loss_improvement,-0.00837734349812,,,
draw,133,direction_M3_minus_M2_log_loss_improvement,-0.00218726942367,,,
draw,133,M3_minus_M1_top_one_cohort_relative_bps,18.2912440636,,,
draw,134,movement_M2_minus_M1_brier_improvement,-0.00127443142652,,,
draw,134,movement_M3_minus_M2_brier_improvement,-0.000847096565165,,,
draw,134,direction_M2_minus_M1_brier_improvement,-0.00318101002405,,,
draw,134,direction_M3_minus_M2_brier_improvement,-0.00255617749338,,,
draw,134,movement_M2_minus_M1_log_loss_improvement,-0.00326434601071,,,
draw,134,movement_M3_minus_M2_log_loss_improvement,-0.00294253520095,,,
draw,134,direction_M2_minus_M1_log_loss_improvement,-0.00809355695967,,,
draw,134,direction_M3_minus_M2_log_loss_improvement,-0.00560823365228,,,
draw,134,M3_minus_M1_top_one_cohort_relative_bps,-3.0912809346,,,
draw,135,movement_M2_minus_M1_brier_improvement,-0.00160510284926,,,
draw,135,movement_M3_minus_M2_brier_improvement,-0.000790351894343,,,
draw,135,direction_M2_minus_M1_brier_improvement,-0.000742685816772,,,
draw,135,direction_M3_minus_M2_brier_improvement,-0.0070135131633,,,
draw,135,movement_M2_minus_M1_log_loss_improvement,-0.00360384557113,,,
draw,135,movement_M3_minus_M2_log_loss_improvement,-0.00226780311434,,,
draw,135,direction_M2_minus_M1_log_loss_improvement,-0.00217385733883,,,
draw,135,direction_M3_minus_M2_log_loss_improvement,-0.0165249777657,,,
draw,135,M3_minus_M1_top_one_cohort_relative_bps,-13.7243779325,,,
draw,136,movement_M2_minus_M1_brier_improvement,-0.00109560709066,,,
draw,136,movement_M3_minus_M2_brier_improvement,-0.00105126464605,,,
draw,136,direction_M2_minus_M1_brier_improvement,0.000868662542272,,,
draw,136,direction_M3_minus_M2_brier_improvement,-0.00188079001874,,,
draw,136,movement_M2_minus_M1_log_loss_improvement,-0.000965409625625,,,
draw,136,movement_M3_minus_M2_log_loss_improvement,-0.00285219498536,,,
draw,136,direction_M2_minus_M1_log_loss_improvement,0.0010820444536,,,
draw,136,direction_M3_minus_M2_log_loss_improvement,-0.00468807991847,,,
draw,136,M3_minus_M1_top_one_cohort_relative_bps,7.0421847919,,,
draw,137,movement_M2_minus_M1_brier_improvement,-0.00117907347056,,,
draw,137,movement_M3_minus_M2_brier_improvement,-0.00095568693383,,,
draw,137,direction_M2_minus_M1_brier_improvement,4.49397252904e-05,,,
draw,137,direction_M3_minus_M2_brier_improvement,-0.000544790011219,,,
draw,137,movement_M2_minus_M1_log_loss_improvement,-0.0018363906948,,,
draw,137,movement_M3_minus_M2_log_loss_improvement,-0.00260732390396,,,
draw,137,direction_M2_minus_M1_log_loss_improvement,-0.000860112704722,,,
draw,137,direction_M3_minus_M2_log_loss_improvement,-0.00215846118955,,,
draw,137,M3_minus_M1_top_one_cohort_relative_bps,-21.4843915525,,,
draw,138,movement_M2_minus_M1_brier_improvement,-0.0012002335911,,,
draw,138,movement_M3_minus_M2_brier_improvement,-0.000872525393304,,,
draw,138,direction_M2_minus_M1_brier_improvement,-0.00144358644495,,,
draw,138,direction_M3_minus_M2_brier_improvement,0.000879608246231,,,
draw,138,movement_M2_minus_M1_log_loss_improvement,-0.00241449309755,,,
draw,138,movement_M3_minus_M2_log_loss_improvement,-0.00274835728916,,,
draw,138,direction_M2_minus_M1_log_loss_improvement,-0.00386497067906,,,
draw,138,direction_M3_minus_M2_log_loss_improvement,0.0012599367908,,,
draw,138,M3_minus_M1_top_one_cohort_relative_bps,29.5472517386,,,
draw,139,movement_M2_minus_M1_brier_improvement,-0.00099476950905,,,
draw,139,movement_M3_minus_M2_brier_improvement,-0.000921279327546,,,
draw,139,direction_M2_minus_M1_brier_improvement,0.000680012637436,,,
draw,139,direction_M3_minus_M2_brier_improvement,-0.00317917046688,,,
draw,139,movement_M2_minus_M1_log_loss_improvement,-0.00169746647568,,,
draw,139,movement_M3_minus_M2_log_loss_improvement,-0.0027203175341,,,
draw,139,direction_M2_minus_M1_log_loss_improvement,0.000152945658974,,,
draw,139,direction_M3_minus_M2_log_loss_improvement,-0.00765496611821,,,
draw,139,M3_minus_M1_top_one_cohort_relative_bps,-8.12131377122,,,
draw,140,movement_M2_minus_M1_brier_improvement,-0.001029587743,,,
draw,140,movement_M3_minus_M2_brier_improvement,-0.000847171258244,,,
draw,140,direction_M2_minus_M1_brier_improvement,-0.000391878977419,,,
draw,140,direction_M3_minus_M2_brier_improvement,-0.00316400576936,,,
draw,140,movement_M2_minus_M1_log_loss_improvement,-0.00252184069667,,,
draw,140,movement_M3_minus_M2_log_loss_improvement,-0.0028489751627,,,
draw,140,direction_M2_minus_M1_log_loss_improvement,-0.00123223812842,,,
draw,140,direction_M3_minus_M2_log_loss_improvement,-0.00798373855835,,,
draw,140,M3_minus_M1_top_one_cohort_relative_bps,3.84596773289,,,
draw,141,movement_M2_minus_M1_brier_improvement,-0.0011034361663,,,
draw,141,movement_M3_minus_M2_brier_improvement,-0.000904317393475,,,
draw,141,direction_M2_minus_M1_brier_improvement,-0.00221298272689,,,
draw,141,direction_M3_minus_M2_brier_improvement,-0.002313346027,,,
draw,141,movement_M2_minus_M1_log_loss_improvement,-0.0026750706373,,,
draw,141,movement_M3_minus_M2_log_loss_improvement,-0.00287981195027,,,
draw,141,direction_M2_minus_M1_log_loss_improvement,-0.00608673800434,,,
draw,141,direction_M3_minus_M2_log_loss_improvement,-0.00537234546493,,,
draw,141,M3_minus_M1_top_one_cohort_relative_bps,-13.1520921091,,,
draw,142,movement_M2_minus_M1_brier_improvement,-0.000429538528557,,,
draw,142,movement_M3_minus_M2_brier_improvement,-0.000642059185232,,,
draw,142,direction_M2_minus_M1_brier_improvement,0.000282645634123,,,
draw,142,direction_M3_minus_M2_brier_improvement,-0.0021648159451,,,
draw,142,movement_M2_minus_M1_log_loss_improvement,0.000275585471428,,,
draw,142,movement_M3_minus_M2_log_loss_improvement,-0.00189175863304,,,
draw,142,direction_M2_minus_M1_log_loss_improvement,-0.000465890703475,,,
draw,142,direction_M3_minus_M2_log_loss_improvement,-0.00418561788344,,,
draw,142,M3_minus_M1_top_one_cohort_relative_bps,12.8547940357,,,
draw,143,movement_M2_minus_M1_brier_improvement,-0.000838779256549,,,
draw,143,movement_M3_minus_M2_brier_improvement,-0.000952097810629,,,
draw,143,direction_M2_minus_M1_brier_improvement,-0.00202899608455,,,
draw,143,direction_M3_minus_M2_brier_improvement,-0.000872742258824,,,
draw,143,movement_M2_minus_M1_log_loss_improvement,-0.00115970008922,,,
draw,143,movement_M3_minus_M2_log_loss_improvement,-0.00290839855135,,,
draw,143,direction_M2_minus_M1_log_loss_improvement,-0.00595722363909,,,
draw,143,direction_M3_minus_M2_log_loss_improvement,-0.00271591883188,,,
draw,143,M3_minus_M1_top_one_cohort_relative_bps,7.1833552477,,,
draw,144,movement_M2_minus_M1_brier_improvement,-0.000988741619588,,,
draw,144,movement_M3_minus_M2_brier_improvement,-0.000723116468762,,,
draw,144,direction_M2_minus_M1_brier_improvement,-0.000421757012057,,,
draw,144,direction_M3_minus_M2_brier_improvement,-0.00198909647115,,,
draw,144,movement_M2_minus_M1_log_loss_improvement,-0.00175858691072,,,
draw,144,movement_M3_minus_M2_log_loss_improvement,-0.00246089338939,,,
draw,144,direction_M2_minus_M1_log_loss_improvement,-0.00169501056325,,,
draw,144,direction_M3_minus_M2_log_loss_improvement,-0.00495180831569,,,
draw,144,M3_minus_M1_top_one_cohort_relative_bps,-9.22663890155,,,
draw,145,movement_M2_minus_M1_brier_improvement,-0.00196580400814,,,
draw,145,movement_M3_minus_M2_brier_improvement,-0.000714476112929,,,
draw,145,direction_M2_minus_M1_brier_improvement,-0.00331681951438,,,
draw,145,direction_M3_minus_M2_brier_improvement,-0.0018822022782,,,
draw,145,movement_M2_minus_M1_log_loss_improvement,-0.00549787951232,,,
draw,145,movement_M3_minus_M2_log_loss_improvement,-0.00217939748462,,,
draw,145,direction_M2_minus_M1_log_loss_improvement,-0.00959475123927,,,
draw,145,direction_M3_minus_M2_log_loss_improvement,-0.00494308683204,,,
draw,145,M3_minus_M1_top_one_cohort_relative_bps,30.5991381135,,,
draw,146,movement_M2_minus_M1_brier_improvement,-0.000952194769663,,,
draw,146,movement_M3_minus_M2_brier_improvement,-0.000858687110426,,,
draw,146,direction_M2_minus_M1_brier_improvement,0.0013750991758,,,
draw,146,direction_M3_minus_M2_brier_improvement,-0.00209789713209,,,
draw,146,movement_M2_minus_M1_log_loss_improvement,-0.00154382788957,,,
draw,146,movement_M3_minus_M2_log_loss_improvement,-0.00286960452201,,,
draw,146,direction_M2_minus_M1_log_loss_improvement,0.00178858194806,,,
draw,146,direction_M3_minus_M2_log_loss_improvement,-0.00459584330301,,,
draw,146,M3_minus_M1_top_one_cohort_relative_bps,15.6253049205,,,
draw,147,movement_M2_minus_M1_brier_improvement,-0.000444000755668,,,
draw,147,movement_M3_minus_M2_brier_improvement,-0.000847550711567,,,
draw,147,direction_M2_minus_M1_brier_improvement,0.00397900549766,,,
draw,147,direction_M3_minus_M2_brier_improvement,-0.00349763588145,,,
draw,147,movement_M2_minus_M1_log_loss_improvement,0.000264455502455,,,
draw,147,movement_M3_minus_M2_log_loss_improvement,-0.00264791341854,,,
draw,147,direction_M2_minus_M1_log_loss_improvement,0.00732365675528,,,
draw,147,direction_M3_minus_M2_log_loss_improvement,-0.00805546543884,,,
draw,147,M3_minus_M1_top_one_cohort_relative_bps,-5.04212238347,,,
draw,148,movement_M2_minus_M1_brier_improvement,-0.000975826923162,,,
draw,148,movement_M3_minus_M2_brier_improvement,-0.000672807292042,,,
draw,148,direction_M2_minus_M1_brier_improvement,0.00204365578126,,,
draw,148,direction_M3_minus_M2_brier_improvement,0.000144570309143,,,
draw,148,movement_M2_minus_M1_log_loss_improvement,-0.00189784988755,,,
draw,148,movement_M3_minus_M2_log_loss_improvement,-0.0021911875336,,,
draw,148,direction_M2_minus_M1_log_loss_improvement,0.00364290279362,,,
draw,148,direction_M3_minus_M2_log_loss_improvement,0.000335383766082,,,
draw,148,M3_minus_M1_top_one_cohort_relative_bps,-7.01027445638,,,
draw,149,movement_M2_minus_M1_brier_improvement,-0.00192518807418,,,
draw,149,movement_M3_minus_M2_brier_improvement,-0.000954591843703,,,
draw,149,direction_M2_minus_M1_brier_improvement,0.00101175046423,,,
draw,149,direction_M3_minus_M2_brier_improvement,-0.00191266974529,,,
draw,149,movement_M2_minus_M1_log_loss_improvement,-0.00454406543697,,,
draw,149,movement_M3_minus_M2_log_loss_improvement,-0.00306112629224,,,
draw,149,direction_M2_minus_M1_log_loss_improvement,0.00212778073722,,,
draw,149,direction_M3_minus_M2_log_loss_improvement,-0.00457156632848,,,
draw,149,M3_minus_M1_top_one_cohort_relative_bps,31.6858271922,,,
draw,150,movement_M2_minus_M1_brier_improvement,-0.000751958778351,,,
draw,150,movement_M3_minus_M2_brier_improvement,-0.0010979377729,,,
draw,150,direction_M2_minus_M1_brier_improvement,0.00154158985707,,,
draw,150,direction_M3_minus_M2_brier_improvement,-0.000170904905793,,,
draw,150,movement_M2_minus_M1_log_loss_improvement,-0.000860040634765,,,
draw,150,movement_M3_minus_M2_log_loss_improvement,-0.00356076907062,,,
draw,150,direction_M2_minus_M1_log_loss_improvement,0.00155255900597,,,
draw,150,direction_M3_minus_M2_log_loss_improvement,-0.00132850488349,,,
draw,150,M3_minus_M1_top_one_cohort_relative_bps,-8.85902092935,,,
draw,151,movement_M2_minus_M1_brier_improvement,-0.00153630317921,,,
draw,151,movement_M3_minus_M2_brier_improvement,-0.000945611520374,,,
draw,151,direction_M2_minus_M1_brier_improvement,0.000306253153826,,,
draw,151,direction_M3_minus_M2_brier_improvement,0.00135136177658,,,
draw,151,movement_M2_minus_M1_log_loss_improvement,-0.00298904942453,,,
draw,151,movement_M3_minus_M2_log_loss_improvement,-0.00272352427202,,,
draw,151,direction_M2_minus_M1_log_loss_improvement,-0.000558096419553,,,
draw,151,direction_M3_minus_M2_log_loss_improvement,0.00218390898311,,,
draw,151,M3_minus_M1_top_one_cohort_relative_bps,40.8903370563,,,
draw,152,movement_M2_minus_M1_brier_improvement,-0.000804757686322,,,
draw,152,movement_M3_minus_M2_brier_improvement,-0.000371288917884,,,
draw,152,direction_M2_minus_M1_brier_improvement,-0.000313502199045,,,
draw,152,direction_M3_minus_M2_brier_improvement,0.00101369347605,,,
draw,152,movement_M2_minus_M1_log_loss_improvement,-0.000644959907965,,,
draw,152,movement_M3_minus_M2_log_loss_improvement,-0.00129601376281,,,
draw,152,direction_M2_minus_M1_log_loss_improvement,-0.00186302043336,,,
draw,152,direction_M3_minus_M2_log_loss_improvement,0.00230903215519,,,
draw,152,M3_minus_M1_top_one_cohort_relative_bps,-20.0329507815,,,
draw,153,movement_M2_minus_M1_brier_improvement,-0.000946998253561,,,
draw,153,movement_M3_minus_M2_brier_improvement,-0.000778326275759,,,
draw,153,direction_M2_minus_M1_brier_improvement,-0.00186278272638,,,
draw,153,direction_M3_minus_M2_brier_improvement,-0.00137235374762,,,
draw,153,movement_M2_minus_M1_log_loss_improvement,-7.31469528795e-05,,,
draw,153,movement_M3_minus_M2_log_loss_improvement,-0.0024762675705,,,
draw,153,direction_M2_minus_M1_log_loss_improvement,-0.00464517325017,,,
draw,153,direction_M3_minus_M2_log_loss_improvement,-0.0033599340962,,,
draw,153,M3_minus_M1_top_one_cohort_relative_bps,28.2548957952,,,
draw,154,movement_M2_minus_M1_brier_improvement,-0.000232130481403,,,
draw,154,movement_M3_minus_M2_brier_improvement,-0.00112392130919,,,
draw,154,direction_M2_minus_M1_brier_improvement,0.00156592626894,,,
draw,154,direction_M3_minus_M2_brier_improvement,-0.00279697294956,,,
draw,154,movement_M2_minus_M1_log_loss_improvement,0.000493081209143,,,
draw,154,movement_M3_minus_M2_log_loss_improvement,-0.0033815902327,,,
draw,154,direction_M2_minus_M1_log_loss_improvement,0.00210707945499,,,
draw,154,direction_M3_minus_M2_log_loss_improvement,-0.00793031012144,,,
draw,154,M3_minus_M1_top_one_cohort_relative_bps,-48.493718729,,,
draw,155,movement_M2_minus_M1_brier_improvement,-0.000846205337702,,,
draw,155,movement_M3_minus_M2_brier_improvement,-0.000750572190133,,,
draw,155,direction_M2_minus_M1_brier_improvement,-0.00087311264655,,,
draw,155,direction_M3_minus_M2_brier_improvement,-0.00214529058015,,,
draw,155,movement_M2_minus_M1_log_loss_improvement,-0.00103004235247,,,
draw,155,movement_M3_minus_M2_log_loss_improvement,-0.00210714150227,,,
draw,155,direction_M2_minus_M1_log_loss_improvement,-0.00360870036666,,,
draw,155,direction_M3_minus_M2_log_loss_improvement,-0.00501918905978,,,
draw,155,M3_minus_M1_top_one_cohort_relative_bps,1.89306789844,,,
draw,156,movement_M2_minus_M1_brier_improvement,-0.00200022218644,,,
draw,156,movement_M3_minus_M2_brier_improvement,-0.00103246751677,,,
draw,156,direction_M2_minus_M1_brier_improvement,0.00191359239344,,,
draw,156,direction_M3_minus_M2_brier_improvement,-0.00399826372628,,,
draw,156,movement_M2_minus_M1_log_loss_improvement,-0.00516817904964,,,
draw,156,movement_M3_minus_M2_log_loss_improvement,-0.0032518350234,,,
draw,156,direction_M2_minus_M1_log_loss_improvement,0.00224571390063,,,
draw,156,direction_M3_minus_M2_log_loss_improvement,-0.00877261450958,,,
draw,156,M3_minus_M1_top_one_cohort_relative_bps,-3.45936474037,,,
draw,157,movement_M2_minus_M1_brier_improvement,-0.00112894424197,,,
draw,157,movement_M3_minus_M2_brier_improvement,-0.000932199349227,,,
draw,157,direction_M2_minus_M1_brier_improvement,0.00113262129976,,,
draw,157,direction_M3_minus_M2_brier_improvement,4.60487454863e-05,,,
draw,157,movement_M2_minus_M1_log_loss_improvement,-0.00269658114063,,,
draw,157,movement_M3_minus_M2_log_loss_improvement,-0.00266316144582,,,
draw,157,direction_M2_minus_M1_log_loss_improvement,0.000574566492714,,,
draw,157,direction_M3_minus_M2_log_loss_improvement,0.000890092190919,,,
draw,157,M3_minus_M1_top_one_cohort_relative_bps,40.7641111003,,,
draw,158,movement_M2_minus_M1_brier_improvement,-0.00106977377141,,,
draw,158,movement_M3_minus_M2_brier_improvement,-0.000818675406817,,,
draw,158,direction_M2_minus_M1_brier_improvement,-0.0030261171248,,,
draw,158,direction_M3_minus_M2_brier_improvement,-0.00535823287309,,,
draw,158,movement_M2_minus_M1_log_loss_improvement,-0.0032199854551,,,
draw,158,movement_M3_minus_M2_log_loss_improvement,-0.00283158090176,,,
draw,158,direction_M2_minus_M1_log_loss_improvement,-0.00853776951335,,,
draw,158,direction_M3_minus_M2_log_loss_improvement,-0.0122268051663,,,
draw,158,M3_minus_M1_top_one_cohort_relative_bps,13.352042589,,,
draw,159,movement_M2_minus_M1_brier_improvement,-0.000853826249834,,,
draw,159,movement_M3_minus_M2_brier_improvement,-0.000779738333651,,,
draw,159,direction_M2_minus_M1_brier_improvement,-0.00331980172972,,,
draw,159,direction_M3_minus_M2_brier_improvement,-0.00204546084137,,,
draw,159,movement_M2_minus_M1_log_loss_improvement,-0.00042848452367,,,
draw,159,movement_M3_minus_M2_log_loss_improvement,-0.00226919405393,,,
draw,159,direction_M2_minus_M1_log_loss_improvement,-0.00889777094053,,,
draw,159,direction_M3_minus_M2_log_loss_improvement,-0.00531058078468,,,
draw,159,M3_minus_M1_top_one_cohort_relative_bps,6.01381829248,,,
draw,160,movement_M2_minus_M1_brier_improvement,-0.000944248586097,,,
draw,160,movement_M3_minus_M2_brier_improvement,-0.00125310632624,,,
draw,160,direction_M2_minus_M1_brier_improvement,-0.00169050350394,,,
draw,160,direction_M3_minus_M2_brier_improvement,-0.0031103471287,,,
draw,160,movement_M2_minus_M1_log_loss_improvement,-0.00100054390393,,,
draw,160,movement_M3_minus_M2_log_loss_improvement,-0.00415395631622,,,
draw,160,direction_M2_minus_M1_log_loss_improvement,-0.00545646323461,,,
draw,160,direction_M3_minus_M2_log_loss_improvement,-0.00807376612371,,,
draw,160,M3_minus_M1_top_one_cohort_relative_bps,-32.082964602,,,
draw,161,movement_M2_minus_M1_brier_improvement,-0.000601243775009,,,
draw,161,movement_M3_minus_M2_brier_improvement,-0.000978628573756,,,
draw,161,direction_M2_minus_M1_brier_improvement,0.00124642925179,,,
draw,161,direction_M3_minus_M2_brier_improvement,-0.000328994514618,,,
draw,161,movement_M2_minus_M1_log_loss_improvement,-9.535685567e-06,,,
draw,161,movement_M3_minus_M2_log_loss_improvement,-0.00274253868819,,,
draw,161,direction_M2_minus_M1_log_loss_improvement,0.00243836468337,,,
draw,161,direction_M3_minus_M2_log_loss_improvement,-0.000585563394224,,,
draw,161,M3_minus_M1_top_one_cohort_relative_bps,34.2815141187,,,
draw,162,movement_M2_minus_M1_brier_improvement,-0.00145171260441,,,
draw,162,movement_M3_minus_M2_brier_improvement,-0.000799841842542,,,
draw,162,direction_M2_minus_M1_brier_improvement,-0.000212934865829,,,
draw,162,direction_M3_minus_M2_brier_improvement,-0.00114394405266,,,
draw,162,movement_M2_minus_M1_log_loss_improvement,-0.002822999675,,,
draw,162,movement_M3_minus_M2_log_loss_improvement,-0.00231313500212,,,
draw,162,direction_M2_minus_M1_log_loss_improvement,-0.00165339979983,,,
draw,162,direction_M3_minus_M2_log_loss_improvement,-0.00303570448181,,,
draw,162,M3_minus_M1_top_one_cohort_relative_bps,22.0998757804,,,
draw,163,movement_M2_minus_M1_brier_improvement,-0.00106921508643,,,
draw,163,movement_M3_minus_M2_brier_improvement,-0.000648434592243,,,
draw,163,direction_M2_minus_M1_brier_improvement,0.000284660636961,,,
draw,163,direction_M3_minus_M2_brier_improvement,-0.00610033764644,,,
draw,163,movement_M2_minus_M1_log_loss_improvement,-0.00263359046176,,,
draw,163,movement_M3_minus_M2_log_loss_improvement,-0.00226770699756,,,
draw,163,direction_M2_minus_M1_log_loss_improvement,-0.000432213873957,,,
draw,163,direction_M3_minus_M2_log_loss_improvement,-0.0139076536652,,,
draw,163,M3_minus_M1_top_one_cohort_relative_bps,-22.5832726301,,,
draw,164,movement_M2_minus_M1_brier_improvement,-0.000779153506602,,,
draw,164,movement_M3_minus_M2_brier_improvement,-0.000960998578673,,,
draw,164,direction_M2_minus_M1_brier_improvement,-0.00257892147506,,,
draw,164,direction_M3_minus_M2_brier_improvement,-0.00283909735897,,,
draw,164,movement_M2_minus_M1_log_loss_improvement,-0.00054775633394,,,
draw,164,movement_M3_minus_M2_log_loss_improvement,-0.00277329890711,,,
draw,164,direction_M2_minus_M1_log_loss_improvement,-0.00584734553842,,,
draw,164,direction_M3_minus_M2_log_loss_improvement,-0.00657210399507,,,
draw,164,M3_minus_M1_top_one_cohort_relative_bps,-33.271809049,,,
draw,165,movement_M2_minus_M1_brier_improvement,-0.00137649614834,,,
draw,165,movement_M3_minus_M2_brier_improvement,-0.000579522982975,,,
draw,165,direction_M2_minus_M1_brier_improvement,0.00311143682118,,,
draw,165,direction_M3_minus_M2_brier_improvement,-0.00184897527134,,,
draw,165,movement_M2_minus_M1_log_loss_improvement,-0.00232741854235,,,
draw,165,movement_M3_minus_M2_log_loss_improvement,-0.00189703252939,,,
draw,165,direction_M2_minus_M1_log_loss_improvement,0.00466919335924,,,
draw,165,direction_M3_minus_M2_log_loss_improvement,-0.00460073490985,,,
draw,165,M3_minus_M1_top_one_cohort_relative_bps,4.74586510855,,,
draw,166,movement_M2_minus_M1_brier_improvement,-0.000888372381528,,,
draw,166,movement_M3_minus_M2_brier_improvement,-0.000721998850501,,,
draw,166,direction_M2_minus_M1_brier_improvement,0.0015286873843,,,
draw,166,direction_M3_minus_M2_brier_improvement,-0.0026170668951,,,
draw,166,movement_M2_minus_M1_log_loss_improvement,-0.00102190723378,,,
draw,166,movement_M3_minus_M2_log_loss_improvement,-0.00227420628397,,,
draw,166,direction_M2_minus_M1_log_loss_improvement,0.00238427051612,,,
draw,166,direction_M3_minus_M2_log_loss_improvement,-0.00570836798701,,,
draw,166,M3_minus_M1_top_one_cohort_relative_bps,69.474293067,,,
draw,167,movement_M2_minus_M1_brier_improvement,-0.00114016991727,,,
draw,167,movement_M3_minus_M2_brier_improvement,-0.000512395824042,,,
draw,167,direction_M2_minus_M1_brier_improvement,-0.00115791915925,,,
draw,167,direction_M3_minus_M2_brier_improvement,-0.00530444737903,,,
draw,167,movement_M2_minus_M1_log_loss_improvement,-0.00183991927674,,,
draw,167,movement_M3_minus_M2_log_loss_improvement,-0.0014562148688,,,
draw,167,direction_M2_minus_M1_log_loss_improvement,-0.00454681403738,,,
draw,167,direction_M3_minus_M2_log_loss_improvement,-0.0129353363893,,,
draw,167,M3_minus_M1_top_one_cohort_relative_bps,-22.5199215617,,,
draw,168,movement_M2_minus_M1_brier_improvement,-0.000975732797095,,,
draw,168,movement_M3_minus_M2_brier_improvement,-0.000577615521805,,,
draw,168,direction_M2_minus_M1_brier_improvement,0.000801602544608,,,
draw,168,direction_M3_minus_M2_brier_improvement,-0.000501851630382,,,
draw,168,movement_M2_minus_M1_log_loss_improvement,-0.0020639349079,,,
draw,168,movement_M3_minus_M2_log_loss_improvement,-0.00183053737196,,,
draw,168,direction_M2_minus_M1_log_loss_improvement,0.000604954249183,,,
draw,168,direction_M3_minus_M2_log_loss_improvement,-0.00186782139936,,,
draw,168,M3_minus_M1_top_one_cohort_relative_bps,23.0736532674,,,
draw,169,movement_M2_minus_M1_brier_improvement,-0.000377813001131,,,
draw,169,movement_M3_minus_M2_brier_improvement,-0.000763593837103,,,
draw,169,direction_M2_minus_M1_brier_improvement,-0.00126163134804,,,
draw,169,direction_M3_minus_M2_brier_improvement,-5.21922737864e-05,,,
draw,169,movement_M2_minus_M1_log_loss_improvement,0.0010613305176,,,
draw,169,movement_M3_minus_M2_log_loss_improvement,-0.00221000883993,,,
draw,169,direction_M2_minus_M1_log_loss_improvement,-0.00405452881551,,,
draw,169,direction_M3_minus_M2_log_loss_improvement,-0.000447245673198,,,
draw,169,M3_minus_M1_top_one_cohort_relative_bps,-15.2970899199,,,
draw,170,movement_M2_minus_M1_brier_improvement,-0.000741361643171,,,
draw,170,movement_M3_minus_M2_brier_improvement,-0.000431809759973,,,
draw,170,direction_M2_minus_M1_brier_improvement,-0.00124844215306,,,
draw,170,direction_M3_minus_M2_brier_improvement,-0.00426498562516,,,
draw,170,movement_M2_minus_M1_log_loss_improvement,-0.00139294819142,,,
draw,170,movement_M3_minus_M2_log_loss_improvement,-0.00130116524064,,,
draw,170,direction_M2_minus_M1_log_loss_improvement,-0.00443322670451,,,
draw,170,direction_M3_minus_M2_log_loss_improvement,-0.010074026313,,,
draw,170,M3_minus_M1_top_one_cohort_relative_bps,7.92576429248,,,
draw,171,movement_M2_minus_M1_brier_improvement,-0.000997955165212,,,
draw,171,movement_M3_minus_M2_brier_improvement,-0.00105049991803,,,
draw,171,direction_M2_minus_M1_brier_improvement,-8.70072809947e-05,,,
draw,171,direction_M3_minus_M2_brier_improvement,-0.00218635792013,,,
draw,171,movement_M2_minus_M1_log_loss_improvement,-0.00112408912876,,,
draw,171,movement_M3_minus_M2_log_loss_improvement,-0.00309993236222,,,
draw,171,direction_M2_minus_M1_log_loss_improvement,-0.00158797410877,,,
draw,171,direction_M3_minus_M2_log_loss_improvement,-0.00579195047217,,,
draw,171,M3_minus_M1_top_one_cohort_relative_bps,-0.43274923461,,,
draw,172,movement_M2_minus_M1_brier_improvement,-0.00150137080695,,,
draw,172,movement_M3_minus_M2_brier_improvement,-0.000641437516838,,,
draw,172,direction_M2_minus_M1_brier_improvement,-0.00246921941743,,,
draw,172,direction_M3_minus_M2_brier_improvement,-0.00509589678169,,,
draw,172,movement_M2_minus_M1_log_loss_improvement,-0.00310594744192,,,
draw,172,movement_M3_minus_M2_log_loss_improvement,-0.00233572431082,,,
draw,172,direction_M2_minus_M1_log_loss_improvement,-0.00691309624579,,,
draw,172,direction_M3_minus_M2_log_loss_improvement,-0.0111720024832,,,
draw,172,M3_minus_M1_top_one_cohort_relative_bps,-39.0774072377,,,
draw,173,movement_M2_minus_M1_brier_improvement,-0.00122847963454,,,
draw,173,movement_M3_minus_M2_brier_improvement,-0.000977341701926,,,
draw,173,direction_M2_minus_M1_brier_improvement,-0.00373436067658,,,
draw,173,direction_M3_minus_M2_brier_improvement,-0.00430003330463,,,
draw,173,movement_M2_minus_M1_log_loss_improvement,-0.00330161375438,,,
draw,173,movement_M3_minus_M2_log_loss_improvement,-0.00303761649024,,,
draw,173,direction_M2_minus_M1_log_loss_improvement,-0.0100188437646,,,
draw,173,direction_M3_minus_M2_log_loss_improvement,-0.00901376764078,,,
draw,173,M3_minus_M1_top_one_cohort_relative_bps,34.0940906394,,,
draw,174,movement_M2_minus_M1_brier_improvement,-0.00134085784775,,,
draw,174,movement_M3_minus_M2_brier_improvement,-0.00106986812448,,,
draw,174,direction_M2_minus_M1_brier_improvement,0.00053880883877,,,
draw,174,direction_M3_minus_M2_brier_improvement,-0.000237374044899,,,
draw,174,movement_M2_minus_M1_log_loss_improvement,-0.00224236758854,,,
draw,174,movement_M3_minus_M2_log_loss_improvement,-0.00332604950882,,,
draw,174,direction_M2_minus_M1_log_loss_improvement,-0.000631433539615,,,
draw,174,direction_M3_minus_M2_log_loss_improvement,-0.000553177968663,,,
draw,174,M3_minus_M1_top_one_cohort_relative_bps,9.5896475807,,,
draw,175,movement_M2_minus_M1_brier_improvement,-0.00180535344482,,,
draw,175,movement_M3_minus_M2_brier_improvement,-0.00105394463341,,,
draw,175,direction_M2_minus_M1_brier_improvement,0.00203123648335,,,
draw,175,direction_M3_minus_M2_brier_improvement,-0.0036920251343,,,
draw,175,movement_M2_minus_M1_log_loss_improvement,-0.0040032162998,,,
draw,175,movement_M3_minus_M2_log_loss_improvement,-0.00361473068137,,,
draw,175,direction_M2_minus_M1_log_loss_improvement,0.00265977754947,,,
draw,175,direction_M3_minus_M2_log_loss_improvement,-0.00849756311703,,,
draw,175,M3_minus_M1_top_one_cohort_relative_bps,20.7530523116,,,
draw,176,movement_M2_minus_M1_brier_improvement,-0.000957932899522,,,
draw,176,movement_M3_minus_M2_brier_improvement,-0.000828684078851,,,
draw,176,direction_M2_minus_M1_brier_improvement,0.00060123580672,,,
draw,176,direction_M3_minus_M2_brier_improvement,-0.00525804993322,,,
draw,176,movement_M2_minus_M1_log_loss_improvement,-0.00195410475887,,,
draw,176,movement_M3_minus_M2_log_loss_improvement,-0.00238620765218,,,
draw,176,direction_M2_minus_M1_log_loss_improvement,-3.05514609665e-05,,,
draw,176,direction_M3_minus_M2_log_loss_improvement,-0.0126434358699,,,
draw,176,M3_minus_M1_top_one_cohort_relative_bps,0.509128525984,,,
draw,177,movement_M2_minus_M1_brier_improvement,-0.00134979838362,,,
draw,177,movement_M3_minus_M2_brier_improvement,-0.000902605426048,,,
draw,177,direction_M2_minus_M1_brier_improvement,0.00200543427932,,,
draw,177,direction_M3_minus_M2_brier_improvement,-0.00405798338392,,,
draw,177,movement_M2_minus_M1_log_loss_improvement,-0.00305376277021,,,
draw,177,movement_M3_minus_M2_log_loss_improvement,-0.00305236649204,,,
draw,177,direction_M2_minus_M1_log_loss_improvement,0.00248763555311,,,
draw,177,direction_M3_minus_M2_log_loss_improvement,-0.00956576943437,,,
draw,177,M3_minus_M1_top_one_cohort_relative_bps,-1.22558747826,,,
draw,178,movement_M2_minus_M1_brier_improvement,-0.00141836906804,,,
draw,178,movement_M3_minus_M2_brier_improvement,-0.000791711798913,,,
draw,178,direction_M2_minus_M1_brier_improvement,0.00124594966858,,,
draw,178,direction_M3_minus_M2_brier_improvement,-0.00189207646399,,,
draw,178,movement_M2_minus_M1_log_loss_improvement,-0.00267372838287,,,
draw,178,movement_M3_minus_M2_log_loss_improvement,-0.00249649757151,,,
draw,178,direction_M2_minus_M1_log_loss_improvement,0.00132085363705,,,
draw,178,direction_M3_minus_M2_log_loss_improvement,-0.00431280663817,,,
draw,178,M3_minus_M1_top_one_cohort_relative_bps,14.5730733129,,,
draw,179,movement_M2_minus_M1_brier_improvement,-0.000883360610436,,,
draw,179,movement_M3_minus_M2_brier_improvement,-0.000854869673032,,,
draw,179,direction_M2_minus_M1_brier_improvement,0.00173916594884,,,
draw,179,direction_M3_minus_M2_brier_improvement,-0.0025410577844,,,
draw,179,movement_M2_minus_M1_log_loss_improvement,-0.000839083841071,,,
draw,179,movement_M3_minus_M2_log_loss_improvement,-0.00278535782067,,,
draw,179,direction_M2_minus_M1_log_loss_improvement,0.00284481990157,,,
draw,179,direction_M3_minus_M2_log_loss_improvement,-0.00608000502776,,,
draw,179,M3_minus_M1_top_one_cohort_relative_bps,19.478322145,,,
draw,180,movement_M2_minus_M1_brier_improvement,-0.00110381690595,,,
draw,180,movement_M3_minus_M2_brier_improvement,-0.000781229823614,,,
draw,180,direction_M2_minus_M1_brier_improvement,0.00284971671554,,,
draw,180,direction_M3_minus_M2_brier_improvement,-0.00249661276124,,,
draw,180,movement_M2_minus_M1_log_loss_improvement,-0.00263098751836,,,
draw,180,movement_M3_minus_M2_log_loss_improvement,-0.00302708957918,,,
draw,180,direction_M2_minus_M1_log_loss_improvement,0.00506924102959,,,
draw,180,direction_M3_minus_M2_log_loss_improvement,-0.0065646898659,,,
draw,180,M3_minus_M1_top_one_cohort_relative_bps,-14.4709542844,,,
draw,181,movement_M2_minus_M1_brier_improvement,-0.000417269155757,,,
draw,181,movement_M3_minus_M2_brier_improvement,-0.000354079687819,,,
draw,181,direction_M2_minus_M1_brier_improvement,-0.000317686225737,,,
draw,181,direction_M3_minus_M2_brier_improvement,-0.00247209053646,,,
draw,181,movement_M2_minus_M1_log_loss_improvement,0.000455434805622,,,
draw,181,movement_M3_minus_M2_log_loss_improvement,-0.00128639553358,,,
draw,181,direction_M2_minus_M1_log_loss_improvement,-0.00284377529232,,,
draw,181,direction_M3_minus_M2_log_loss_improvement,-0.00454393795262,,,
draw,181,M3_minus_M1_top_one_cohort_relative_bps,14.8662568035,,,
draw,182,movement_M2_minus_M1_brier_improvement,-0.000865768000725,,,
draw,182,movement_M3_minus_M2_brier_improvement,-0.000720220830019,,,
draw,182,direction_M2_minus_M1_brier_improvement,-0.00108840536437,,,
draw,182,direction_M3_minus_M2_brier_improvement,-0.000876672517304,,,
draw,182,movement_M2_minus_M1_log_loss_improvement,-0.00130932175617,,,
draw,182,movement_M3_minus_M2_log_loss_improvement,-0.00234530340202,,,
draw,182,direction_M2_minus_M1_log_loss_improvement,-0.00382722873214,,,
draw,182,direction_M3_minus_M2_log_loss_improvement,-0.0022703837867,,,
draw,182,M3_minus_M1_top_one_cohort_relative_bps,26.5934010138,,,
draw,183,movement_M2_minus_M1_brier_improvement,-0.00117407480482,,,
draw,183,movement_M3_minus_M2_brier_improvement,-0.000852638104593,,,
draw,183,direction_M2_minus_M1_brier_improvement,2.76312064318e-05,,,
draw,183,direction_M3_minus_M2_brier_improvement,-0.00372443419174,,,
draw,183,movement_M2_minus_M1_log_loss_improvement,-0.00268102538264,,,
draw,183,movement_M3_minus_M2_log_loss_improvement,-0.00235795102097,,,
draw,183,direction_M2_minus_M1_log_loss_improvement,-0.00180030849692,,,
draw,183,direction_M3_minus_M2_log_loss_improvement,-0.00904544202542,,,
draw,183,M3_minus_M1_top_one_cohort_relative_bps,-13.1527381471,,,
draw,184,movement_M2_minus_M1_brier_improvement,-0.00102690260252,,,
draw,184,movement_M3_minus_M2_brier_improvement,-0.00106087129129,,,
draw,184,direction_M2_minus_M1_brier_improvement,0.00123801988045,,,
draw,184,direction_M3_minus_M2_brier_improvement,-0.00136284650622,,,
draw,184,movement_M2_minus_M1_log_loss_improvement,-0.00209601070503,,,
draw,184,movement_M3_minus_M2_log_loss_improvement,-0.00338628043034,,,
draw,184,direction_M2_minus_M1_log_loss_improvement,0.00131742799508,,,
draw,184,direction_M3_minus_M2_log_loss_improvement,-0.00314171720708,,,
draw,184,M3_minus_M1_top_one_cohort_relative_bps,25.388122178,,,
draw,185,movement_M2_minus_M1_brier_improvement,-0.00068920617711,,,
draw,185,movement_M3_minus_M2_brier_improvement,-0.00074855205657,,,
draw,185,direction_M2_minus_M1_brier_improvement,0.00288810655579,,,
draw,185,direction_M3_minus_M2_brier_improvement,-0.00276243996108,,,
draw,185,movement_M2_minus_M1_log_loss_improvement,-0.000313610290281,,,
draw,185,movement_M3_minus_M2_log_loss_improvement,-0.00218276238073,,,
draw,185,direction_M2_minus_M1_log_loss_improvement,0.00563959790062,,,
draw,185,direction_M3_minus_M2_log_loss_improvement,-0.00670963840249,,,
draw,185,M3_minus_M1_top_one_cohort_relative_bps,-20.7399360122,,,
draw,186,movement_M2_minus_M1_brier_improvement,-9.03088220031e-05,,,
draw,186,movement_M3_minus_M2_brier_improvement,-0.000696382259164,,,
draw,186,direction_M2_minus_M1_brier_improvement,-0.00317372348009,,,
draw,186,direction_M3_minus_M2_brier_improvement,-0.000193986833641,,,
draw,186,movement_M2_minus_M1_log_loss_improvement,0.00081424827018,,,
draw,186,movement_M3_minus_M2_log_loss_improvement,-0.0020366429511,,,
draw,186,direction_M2_minus_M1_log_loss_improvement,-0.00902535563165,,,
draw,186,direction_M3_minus_M2_log_loss_improvement,-0.000741447386097,,,
draw,186,M3_minus_M1_top_one_cohort_relative_bps,42.3613303256,,,
draw,187,movement_M2_minus_M1_brier_improvement,-0.00120812178262,,,
draw,187,movement_M3_minus_M2_brier_improvement,-0.000882142889777,,,
draw,187,direction_M2_minus_M1_brier_improvement,-0.00214273537005,,,
draw,187,direction_M3_minus_M2_brier_improvement,-0.00306544996956,,,
draw,187,movement_M2_minus_M1_log_loss_improvement,-0.00241747735152,,,
draw,187,movement_M3_minus_M2_log_loss_improvement,-0.00283369078565,,,
draw,187,direction_M2_minus_M1_log_loss_improvement,-0.0056793714629,,,
draw,187,direction_M3_minus_M2_log_loss_improvement,-0.00708161822767,,,
draw,187,M3_minus_M1_top_one_cohort_relative_bps,25.8454850098,,,
draw,188,movement_M2_minus_M1_brier_improvement,-0.00152098089747,,,
draw,188,movement_M3_minus_M2_brier_improvement,-0.000783585992844,,,
draw,188,direction_M2_minus_M1_brier_improvement,-0.00157684884538,,,
draw,188,direction_M3_minus_M2_brier_improvement,-0.00504773349867,,,
draw,188,movement_M2_minus_M1_log_loss_improvement,-0.00348364668917,,,
draw,188,movement_M3_minus_M2_log_loss_improvement,-0.00244714004589,,,
draw,188,direction_M2_minus_M1_log_loss_improvement,-0.0044492073729,,,
draw,188,direction_M3_minus_M2_log_loss_improvement,-0.0110453771274,,,
draw,188,M3_minus_M1_top_one_cohort_relative_bps,4.90205140116,,,
draw,189,movement_M2_minus_M1_brier_improvement,-0.000849088941902,,,
draw,189,movement_M3_minus_M2_brier_improvement,-0.00103497808478,,,
draw,189,direction_M2_minus_M1_brier_improvement,-0.00212067149915,,,
draw,189,direction_M3_minus_M2_brier_improvement,-0.00309443437841,,,
draw,189,movement_M2_minus_M1_log_loss_improvement,-0.00181220277983,,,
draw,189,movement_M3_minus_M2_log_loss_improvement,-0.00314877118311,,,
draw,189,direction_M2_minus_M1_log_loss_improvement,-0.00678102564762,,,
draw,189,direction_M3_minus_M2_log_loss_improvement,-0.00656531930653,,,
draw,189,M3_minus_M1_top_one_cohort_relative_bps,-2.17715897134,,,
draw,190,movement_M2_minus_M1_brier_improvement,-0.00119171690836,,,
draw,190,movement_M3_minus_M2_brier_improvement,-0.000704838825105,,,
draw,190,direction_M2_minus_M1_brier_improvement,-0.000826013471268,,,
draw,190,direction_M3_minus_M2_brier_improvement,-0.00262487040433,,,
draw,190,movement_M2_minus_M1_log_loss_improvement,-0.00286961315811,,,
draw,190,movement_M3_minus_M2_log_loss_improvement,-0.00178455640444,,,
draw,190,direction_M2_minus_M1_log_loss_improvement,-0.0030345633834,,,
draw,190,direction_M3_minus_M2_log_loss_improvement,-0.00693041245093,,,
draw,190,M3_minus_M1_top_one_cohort_relative_bps,53.3541196086,,,
draw,191,movement_M2_minus_M1_brier_improvement,-0.000673029801837,,,
draw,191,movement_M3_minus_M2_brier_improvement,-0.000915367690544,,,
draw,191,direction_M2_minus_M1_brier_improvement,0.000479110437616,,,
draw,191,direction_M3_minus_M2_brier_improvement,-0.0051683397065,,,
draw,191,movement_M2_minus_M1_log_loss_improvement,-0.00168786584235,,,
draw,191,movement_M3_minus_M2_log_loss_improvement,-0.00280755115182,,,
draw,191,direction_M2_minus_M1_log_loss_improvement,-0.00101526792028,,,
draw,191,direction_M3_minus_M2_log_loss_improvement,-0.0122105330557,,,
draw,191,M3_minus_M1_top_one_cohort_relative_bps,0.415634138197,,,
draw,192,movement_M2_minus_M1_brier_improvement,-0.000652699182231,,,
draw,192,movement_M3_minus_M2_brier_improvement,-0.000621352460862,,,
draw,192,direction_M2_minus_M1_brier_improvement,-0.000112771057566,,,
draw,192,direction_M3_minus_M2_brier_improvement,-0.0031459482855,,,
draw,192,movement_M2_minus_M1_log_loss_improvement,-0.000550456220781,,,
draw,192,movement_M3_minus_M2_log_loss_improvement,-0.00232556181539,,,
draw,192,direction_M2_minus_M1_log_loss_improvement,-0.00236844339411,,,
draw,192,direction_M3_minus_M2_log_loss_improvement,-0.00741123380404,,,
draw,192,M3_minus_M1_top_one_cohort_relative_bps,13.2214427311,,,
draw,193,movement_M2_minus_M1_brier_improvement,-0.00129012448102,,,
draw,193,movement_M3_minus_M2_brier_improvement,-0.000916905336232,,,
draw,193,direction_M2_minus_M1_brier_improvement,-0.00121885156643,,,
draw,193,direction_M3_minus_M2_brier_improvement,-0.00245575047158,,,
draw,193,movement_M2_minus_M1_log_loss_improvement,-0.00368620897168,,,
draw,193,movement_M3_minus_M2_log_loss_improvement,-0.00258022633628,,,
draw,193,direction_M2_minus_M1_log_loss_improvement,-0.00435734668459,,,
draw,193,direction_M3_minus_M2_log_loss_improvement,-0.00620884941419,,,
draw,193,M3_minus_M1_top_one_cohort_relative_bps,11.8412553761,,,
draw,194,movement_M2_minus_M1_brier_improvement,-0.00216870890243,,,
draw,194,movement_M3_minus_M2_brier_improvement,-0.000882006415861,,,
draw,194,direction_M2_minus_M1_brier_improvement,0.001530786629,,,
draw,194,direction_M3_minus_M2_brier_improvement,-0.00181956592537,,,
draw,194,movement_M2_minus_M1_log_loss_improvement,-0.00600140822171,,,
draw,194,movement_M3_minus_M2_log_loss_improvement,-0.00346157141509,,,
draw,194,direction_M2_minus_M1_log_loss_improvement,0.00226139757404,,,
draw,194,direction_M3_minus_M2_log_loss_improvement,-0.00402689122742,,,
draw,194,M3_minus_M1_top_one_cohort_relative_bps,0.74189212515,,,
draw,195,movement_M2_minus_M1_brier_improvement,-0.00116549454004,,,
draw,195,movement_M3_minus_M2_brier_improvement,-0.000915507486287,,,
draw,195,direction_M2_minus_M1_brier_improvement,-0.00196247419961,,,
draw,195,direction_M3_minus_M2_brier_improvement,-0.00147324866601,,,
draw,195,movement_M2_minus_M1_log_loss_improvement,-0.00257505486164,,,
draw,195,movement_M3_minus_M2_log_loss_improvement,-0.00281963954977,,,
draw,195,direction_M2_minus_M1_log_loss_improvement,-0.0053018241503,,,
draw,195,direction_M3_minus_M2_log_loss_improvement,-0.00373690739747,,,
draw,195,M3_minus_M1_top_one_cohort_relative_bps,-31.2412495884,,,
draw,196,movement_M2_minus_M1_brier_improvement,-0.00169702799985,,,
draw,196,movement_M3_minus_M2_brier_improvement,-0.000585937522303,,,
draw,196,direction_M2_minus_M1_brier_improvement,-0.00255961879561,,,
draw,196,direction_M3_minus_M2_brier_improvement,-0.00223680196367,,,
draw,196,movement_M2_minus_M1_log_loss_improvement,-0.00435607849927,,,
draw,196,movement_M3_minus_M2_log_loss_improvement,-0.00136595694387,,,
draw,196,direction_M2_minus_M1_log_loss_improvement,-0.00721565397404,,,
draw,196,direction_M3_minus_M2_log_loss_improvement,-0.00526321532185,,,
draw,196,M3_minus_M1_top_one_cohort_relative_bps,6.45249785653,,,
draw,197,movement_M2_minus_M1_brier_improvement,-0.000619823357647,,,
draw,197,movement_M3_minus_M2_brier_improvement,-0.000604978662757,,,
draw,197,direction_M2_minus_M1_brier_improvement,0.00561198669643,,,
draw,197,direction_M3_minus_M2_brier_improvement,-0.00197451299184,,,
draw,197,movement_M2_minus_M1_log_loss_improvement,-0.000722006499866,,,
draw,197,movement_M3_minus_M2_log_loss_improvement,-0.00172312337912,,,
draw,197,direction_M2_minus_M1_log_loss_improvement,0.0106398244395,,,
draw,197,direction_M3_minus_M2_log_loss_improvement,-0.00444358852903,,,
draw,197,M3_minus_M1_top_one_cohort_relative_bps,34.5262284671,,,
draw,198,movement_M2_minus_M1_brier_improvement,-0.00192379882187,,,
draw,198,movement_M3_minus_M2_brier_improvement,-0.00085907329286,,,
draw,198,direction_M2_minus_M1_brier_improvement,-0.00322313086015,,,
draw,198,direction_M3_minus_M2_brier_improvement,-0.00255278541795,,,
draw,198,movement_M2_minus_M1_log_loss_improvement,-0.00396764856724,,,
draw,198,movement_M3_minus_M2_log_loss_improvement,-0.0023889590758,,,
draw,198,direction_M2_minus_M1_log_loss_improvement,-0.00861476700409,,,
draw,198,direction_M3_minus_M2_log_loss_improvement,-0.0063279286861,,,
draw,198,M3_minus_M1_top_one_cohort_relative_bps,-31.638292302,,,
draw,199,movement_M2_minus_M1_brier_improvement,-0.000409924065354,,,
draw,199,movement_M3_minus_M2_brier_improvement,-0.000802364375574,,,
draw,199,direction_M2_minus_M1_brier_improvement,0.00576915220905,,,
draw,199,direction_M3_minus_M2_brier_improvement,-0.00144329719747,,,
draw,199,movement_M2_minus_M1_log_loss_improvement,0.000390434766461,,,
draw,199,movement_M3_minus_M2_log_loss_improvement,-0.00211847695657,,,
draw,199,direction_M2_minus_M1_log_loss_improvement,0.0117148000548,,,
draw,199,direction_M3_minus_M2_log_loss_improvement,-0.00375638357821,,,
draw,199,M3_minus_M1_top_one_cohort_relative_bps,53.2394570113,,,
draw,200,movement_M2_minus_M1_brier_improvement,-0.000552198618999,,,
draw,200,movement_M3_minus_M2_brier_improvement,-0.000855460625754,,,
draw,200,direction_M2_minus_M1_brier_improvement,-0.00222678872531,,,
draw,200,direction_M3_minus_M2_brier_improvement,-0.00205238971647,,,
draw,200,movement_M2_minus_M1_log_loss_improvement,-0.000849340761366,,,
draw,200,movement_M3_minus_M2_log_loss_improvement,-0.00255964425543,,,
draw,200,direction_M2_minus_M1_log_loss_improvement,-0.00695946299096,,,
draw,200,direction_M3_minus_M2_log_loss_improvement,-0.00376109858257,,,
draw,200,M3_minus_M1_top_one_cohort_relative_bps,31.63613847,,,
draw,201,movement_M2_minus_M1_brier_improvement,-0.00112361354907,,,
draw,201,movement_M3_minus_M2_brier_improvement,-0.000777772081309,,,
draw,201,direction_M2_minus_M1_brier_improvement,0.000220411271855,,,
draw,201,direction_M3_minus_M2_brier_improvement,-0.00118413776903,,,
draw,201,movement_M2_minus_M1_log_loss_improvement,-0.00262187281341,,,
draw,201,movement_M3_minus_M2_log_loss_improvement,-0.00228588842791,,,
draw,201,direction_M2_minus_M1_log_loss_improvement,-0.000501656219507,,,
draw,201,direction_M3_minus_M2_log_loss_improvement,-0.00340877020845,,,
draw,201,M3_minus_M1_top_one_cohort_relative_bps,2.27968464756,,,
draw,202,movement_M2_minus_M1_brier_improvement,-0.00110319097352,,,
draw,202,movement_M3_minus_M2_brier_improvement,-0.000607745984376,,,
draw,202,direction_M2_minus_M1_brier_improvement,0.000615971522532,,,
draw,202,direction_M3_minus_M2_brier_improvement,-0.00294823532414,,,
draw,202,movement_M2_minus_M1_log_loss_improvement,-0.00284072250228,,,
draw,202,movement_M3_minus_M2_log_loss_improvement,-0.00158863931013,,,
draw,202,direction_M2_minus_M1_log_loss_improvement,-0.000464224856445,,,
draw,202,direction_M3_minus_M2_log_loss_improvement,-0.00683413505794,,,
draw,202,M3_minus_M1_top_one_cohort_relative_bps,23.6417308643,,,
draw,203,movement_M2_minus_M1_brier_improvement,-0.000120356787476,,,
draw,203,movement_M3_minus_M2_brier_improvement,-0.000694250851634,,,
draw,203,direction_M2_minus_M1_brier_improvement,-0.000258450101019,,,
draw,203,direction_M3_minus_M2_brier_improvement,-0.000932848437562,,,
draw,203,movement_M2_minus_M1_log_loss_improvement,-0.000455705441037,,,
draw,203,movement_M3_minus_M2_log_loss_improvement,-0.00226992116284,,,
draw,203,direction_M2_minus_M1_log_loss_improvement,-0.00230290512105,,,
draw,203,direction_M3_minus_M2_log_loss_improvement,-0.0018339664228,,,
draw,203,M3_minus_M1_top_one_cohort_relative_bps,33.2477184403,,,
draw,204,movement_M2_minus_M1_brier_improvement,-0.00125303748995,,,
draw,204,movement_M3_minus_M2_brier_improvement,-0.00102743332692,,,
draw,204,direction_M2_minus_M1_brier_improvement,4.50632754025e-05,,,
draw,204,direction_M3_minus_M2_brier_improvement,0.000475587355474,,,
draw,204,movement_M2_minus_M1_log_loss_improvement,-0.0020653274009,,,
draw,204,movement_M3_minus_M2_log_loss_improvement,-0.00321880408581,,,
draw,204,direction_M2_minus_M1_log_loss_improvement,-0.00189211845113,,,
draw,204,direction_M3_minus_M2_log_loss_improvement,0.000827016428849,,,
draw,204,M3_minus_M1_top_one_cohort_relative_bps,-14.4005613113,,,
draw,205,movement_M2_minus_M1_brier_improvement,-0.000668922053154,,,
draw,205,movement_M3_minus_M2_brier_improvement,-0.0010029462004,,,
draw,205,direction_M2_minus_M1_brier_improvement,0.00142041868196,,,
draw,205,direction_M3_minus_M2_brier_improvement,-0.0028024961968,,,
draw,205,movement_M2_minus_M1_log_loss_improvement,-0.000153447190269,,,
draw,205,movement_M3_minus_M2_log_loss_improvement,-0.00280628850496,,,
draw,205,direction_M2_minus_M1_log_loss_improvement,0.00224572076321,,,
draw,205,direction_M3_minus_M2_log_loss_improvement,-0.00693166042163,,,
draw,205,M3_minus_M1_top_one_cohort_relative_bps,33.2670891347,,,
draw,206,movement_M2_minus_M1_brier_improvement,-0.00112990888743,,,
draw,206,movement_M3_minus_M2_brier_improvement,-0.00110992956207,,,
draw,206,direction_M2_minus_M1_brier_improvement,-7.23551638404e-05,,,
draw,206,direction_M3_minus_M2_brier_improvement,3.90496428841e-05,,,
draw,206,movement_M2_minus_M1_log_loss_improvement,-0.0017183920406,,,
draw,206,movement_M3_minus_M2_log_loss_improvement,-0.00282304129919,,,
draw,206,direction_M2_minus_M1_log_loss_improvement,-0.000670484448815,,,
draw,206,direction_M3_minus_M2_log_loss_improvement,-8.51926387323e-05,,,
draw,206,M3_minus_M1_top_one_cohort_relative_bps,25.1932673288,,,
draw,207,movement_M2_minus_M1_brier_improvement,-0.00135671873178,,,
draw,207,movement_M3_minus_M2_brier_improvement,-0.000877468063163,,,
draw,207,direction_M2_minus_M1_brier_improvement,0.00107303711327,,,
draw,207,direction_M3_minus_M2_brier_improvement,-0.00544699889816,,,
draw,207,movement_M2_minus_M1_log_loss_improvement,-0.00293695840738,,,
draw,207,movement_M3_minus_M2_log_loss_improvement,-0.00312899006127,,,
draw,207,direction_M2_minus_M1_log_loss_improvement,0.00151930895663,,,
draw,207,direction_M3_minus_M2_log_loss_improvement,-0.0118707729045,,,
draw,207,M3_minus_M1_top_one_cohort_relative_bps,1.53129780166,,,
draw,208,movement_M2_minus_M1_brier_improvement,-0.00110484729602,,,
draw,208,movement_M3_minus_M2_brier_improvement,-0.000581030798542,,,
draw,208,direction_M2_minus_M1_brier_improvement,-0.00153508852213,,,
draw,208,direction_M3_minus_M2_brier_improvement,-0.00310071294598,,,
draw,208,movement_M2_minus_M1_log_loss_improvement,-0.00200557779577,,,
draw,208,movement_M3_minus_M2_log_loss_improvement,-0.00203645965184,,,
draw,208,direction_M2_minus_M1_log_loss_improvement,-0.00559082410157,,,
draw,208,direction_M3_minus_M2_log_loss_improvement,-0.0072504502078,,,
draw,208,M3_minus_M1_top_one_cohort_relative_bps,-24.0718554088,,,
draw,209,movement_M2_minus_M1_brier_improvement,-0.000788031444918,,,
draw,209,movement_M3_minus_M2_brier_improvement,-0.000703283038384,,,
draw,209,direction_M2_minus_M1_brier_improvement,-0.000976416858713,,,
draw,209,direction_M3_minus_M2_brier_improvement,-0.000704942451812,,,
draw,209,movement_M2_minus_M1_log_loss_improvement,-0.00082712525505,,,
draw,209,movement_M3_minus_M2_log_loss_improvement,-0.00201637943463,,,
draw,209,direction_M2_minus_M1_log_loss_improvement,-0.00316674517645,,,
draw,209,direction_M3_minus_M2_log_loss_improvement,-0.0022731801955,,,
draw,209,M3_minus_M1_top_one_cohort_relative_bps,-12.500413588,,,
draw,210,movement_M2_minus_M1_brier_improvement,-0.00146820693209,,,
draw,210,movement_M3_minus_M2_brier_improvement,-0.000705024124152,,,
draw,210,direction_M2_minus_M1_brier_improvement,3.00795471178e-05,,,
draw,210,direction_M3_minus_M2_brier_improvement,-0.00472995190477,,,
draw,210,movement_M2_minus_M1_log_loss_improvement,-0.0036245561302,,,
draw,210,movement_M3_minus_M2_log_loss_improvement,-0.00304930028082,,,
draw,210,direction_M2_minus_M1_log_loss_improvement,-0.000282044635015,,,
draw,210,direction_M3_minus_M2_log_loss_improvement,-0.0102202439709,,,
draw,210,M3_minus_M1_top_one_cohort_relative_bps,-6.55349504765,,,
draw,211,movement_M2_minus_M1_brier_improvement,-0.00125478597055,,,
draw,211,movement_M3_minus_M2_brier_improvement,-0.000710969922463,,,
draw,211,direction_M2_minus_M1_brier_improvement,0.000113715762468,,,
draw,211,direction_M3_minus_M2_brier_improvement,-0.00302867190689,,,
draw,211,movement_M2_minus_M1_log_loss_improvement,-0.0021779020607,,,
draw,211,movement_M3_minus_M2_log_loss_improvement,-0.00248087455968,,,
draw,211,direction_M2_minus_M1_log_loss_improvement,-0.0015880535473,,,
draw,211,direction_M3_minus_M2_log_loss_improvement,-0.00707138620528,,,
draw,211,M3_minus_M1_top_one_cohort_relative_bps,7.17268320711,,,
draw,212,movement_M2_minus_M1_brier_improvement,-0.00132134057074,,,
draw,212,movement_M3_minus_M2_brier_improvement,-0.000843735705069,,,
draw,212,direction_M2_minus_M1_brier_improvement,0.00119800085629,,,
draw,212,direction_M3_minus_M2_brier_improvement,-0.00336480111386,,,
draw,212,movement_M2_minus_M1_log_loss_improvement,-0.00414435305285,,,
draw,212,movement_M3_minus_M2_log_loss_improvement,-0.00251150256976,,,
draw,212,direction_M2_minus_M1_log_loss_improvement,0.00167345871005,,,
draw,212,direction_M3_minus_M2_log_loss_improvement,-0.00701253713416,,,
draw,212,M3_minus_M1_top_one_cohort_relative_bps,70.6820309067,,,
draw,213,movement_M2_minus_M1_brier_improvement,-0.000782743515585,,,
draw,213,movement_M3_minus_M2_brier_improvement,-0.000665115572797,,,
draw,213,direction_M2_minus_M1_brier_improvement,-0.00231265421378,,,
draw,213,direction_M3_minus_M2_brier_improvement,-0.00356399352021,,,
draw,213,movement_M2_minus_M1_log_loss_improvement,-0.00127220602411,,,
draw,213,movement_M3_minus_M2_log_loss_improvement,-0.00187588563976,,,
draw,213,direction_M2_minus_M1_log_loss_improvement,-0.0063216522765,,,
draw,213,direction_M3_minus_M2_log_loss_improvement,-0.00871370171587,,,
draw,213,M3_minus_M1_top_one_cohort_relative_bps,37.7101840578,,,
draw,214,movement_M2_minus_M1_brier_improvement,-0.000679448925849,,,
draw,214,movement_M3_minus_M2_brier_improvement,-0.000688199502771,,,
draw,214,direction_M2_minus_M1_brier_improvement,-0.00177285528145,,,
draw,214,direction_M3_minus_M2_brier_improvement,-0.00272847269275,,,
draw,214,movement_M2_minus_M1_log_loss_improvement,-0.000438517674764,,,
draw,214,movement_M3_minus_M2_log_loss_improvement,-0.00177402278846,,,
draw,214,direction_M2_minus_M1_log_loss_improvement,-0.00476137778233,,,
draw,214,direction_M3_minus_M2_log_loss_improvement,-0.00614312159903,,,
draw,214,M3_minus_M1_top_one_cohort_relative_bps,45.349015608,,,
draw,215,movement_M2_minus_M1_brier_improvement,-0.000978297262924,,,
draw,215,movement_M3_minus_M2_brier_improvement,-0.00081814063173,,,
draw,215,direction_M2_minus_M1_brier_improvement,-0.000547161257618,,,
draw,215,direction_M3_minus_M2_brier_improvement,-0.00291009906321,,,
draw,215,movement_M2_minus_M1_log_loss_improvement,-0.00199933370545,,,
draw,215,movement_M3_minus_M2_log_loss_improvement,-0.00281324938886,,,
draw,215,direction_M2_minus_M1_log_loss_improvement,-0.00227809485418,,,
draw,215,direction_M3_minus_M2_log_loss_improvement,-0.00783920617047,,,
draw,215,M3_minus_M1_top_one_cohort_relative_bps,-8.08599920073,,,
draw,216,movement_M2_minus_M1_brier_improvement,-0.000743096048385,,,
draw,216,movement_M3_minus_M2_brier_improvement,-0.000647120933062,,,
draw,216,direction_M2_minus_M1_brier_improvement,0.00337216290599,,,
draw,216,direction_M3_minus_M2_brier_improvement,-0.00286886438563,,,
draw,216,movement_M2_minus_M1_log_loss_improvement,-0.00108483378475,,,
draw,216,movement_M3_minus_M2_log_loss_improvement,-0.0019464771583,,,
draw,216,direction_M2_minus_M1_log_loss_improvement,0.00616927941176,,,
draw,216,direction_M3_minus_M2_log_loss_improvement,-0.00590118995486,,,
draw,216,M3_minus_M1_top_one_cohort_relative_bps,25.0956005848,,,
draw,217,movement_M2_minus_M1_brier_improvement,-0.00112837592582,,,
draw,217,movement_M3_minus_M2_brier_improvement,-0.000650052445845,,,
draw,217,direction_M2_minus_M1_brier_improvement,0.000778208492837,,,
draw,217,direction_M3_minus_M2_brier_improvement,-0.000313693348122,,,
draw,217,movement_M2_minus_M1_log_loss_improvement,-0.00194119555399,,,
draw,217,movement_M3_minus_M2_log_loss_improvement,-0.00183724985521,,,
draw,217,direction_M2_minus_M1_log_loss_improvement,0.000280390164066,,,
draw,217,direction_M3_minus_M2_log_loss_improvement,-0.000893166104754,,,
draw,217,M3_minus_M1_top_one_cohort_relative_bps,7.68144172155,,,
draw,218,movement_M2_minus_M1_brier_improvement,-0.00125915022142,,,
draw,218,movement_M3_minus_M2_brier_improvement,-0.000841626107867,,,
draw,218,direction_M2_minus_M1_brier_improvement,-0.00057353743567,,,
draw,218,direction_M3_minus_M2_brier_improvement,-0.00118643911676,,,
draw,218,movement_M2_minus_M1_log_loss_improvement,-0.00271637413734,,,
draw,218,movement_M3_minus_M2_log_loss_improvement,-0.00230998339736,,,
draw,218,direction_M2_minus_M1_log_loss_improvement,-0.00277844136274,,,
draw,218,direction_M3_minus_M2_log_loss_improvement,-0.00327654104363,,,
draw,218,M3_minus_M1_top_one_cohort_relative_bps,15.6348542079,,,
draw,219,movement_M2_minus_M1_brier_improvement,-0.001541421778,,,
draw,219,movement_M3_minus_M2_brier_improvement,-0.00081802534597,,,
draw,219,direction_M2_minus_M1_brier_improvement,-0.001283234001,,,
draw,219,direction_M3_minus_M2_brier_improvement,-0.00298794278678,,,
draw,219,movement_M2_minus_M1_log_loss_improvement,-0.00345234629656,,,
draw,219,movement_M3_minus_M2_log_loss_improvement,-0.00320892664025,,,
draw,219,direction_M2_minus_M1_log_loss_improvement,-0.00333765255177,,,
draw,219,direction_M3_minus_M2_log_loss_improvement,-0.00617620908001,,,
draw,219,M3_minus_M1_top_one_cohort_relative_bps,-18.2165329319,,,
draw,220,movement_M2_minus_M1_brier_improvement,-0.000406441941758,,,
draw,220,movement_M3_minus_M2_brier_improvement,-0.000813462803014,,,
draw,220,direction_M2_minus_M1_brier_improvement,-0.00143838523501,,,
draw,220,direction_M3_minus_M2_brier_improvement,-0.00380523796596,,,
draw,220,movement_M2_minus_M1_log_loss_improvement,0.00123531212761,,,
draw,220,movement_M3_minus_M2_log_loss_improvement,-0.00236905739097,,,
draw,220,direction_M2_minus_M1_log_loss_improvement,-0.00423511394418,,,
draw,220,direction_M3_minus_M2_log_loss_improvement,-0.00910901810329,,,
draw,220,M3_minus_M1_top_one_cohort_relative_bps,-24.0522404825,,,
draw,221,movement_M2_minus_M1_brier_improvement,-0.0011800067708,,,
draw,221,movement_M3_minus_M2_brier_improvement,-0.000750204538961,,,
draw,221,direction_M2_minus_M1_brier_improvement,0.000530930177509,,,
draw,221,direction_M3_minus_M2_brier_improvement,0.0014049462932,,,
draw,221,movement_M2_minus_M1_log_loss_improvement,-0.00233609686743,,,
draw,221,movement_M3_minus_M2_log_loss_improvement,-0.00235052665871,,,
draw,221,direction_M2_minus_M1_log_loss_improvement,-0.000486480519876,,,
draw,221,direction_M3_minus_M2_log_loss_improvement,0.00335373576373,,,
draw,221,M3_minus_M1_top_one_cohort_relative_bps,3.67732123421,,,
draw,222,movement_M2_minus_M1_brier_improvement,-0.00108670477096,,,
draw,222,movement_M3_minus_M2_brier_improvement,-0.00076095131961,,,
draw,222,direction_M2_minus_M1_brier_improvement,-0.0014912564125,,,
draw,222,direction_M3_minus_M2_brier_improvement,-0.00542149728693,,,
draw,222,movement_M2_minus_M1_log_loss_improvement,-0.00183275104612,,,
draw,222,movement_M3_minus_M2_log_loss_improvement,-0.00218823354563,,,
draw,222,direction_M2_minus_M1_log_loss_improvement,-0.00555865764354,,,
draw,222,direction_M3_minus_M2_log_loss_improvement,-0.0118561930605,,,
draw,222,M3_minus_M1_top_one_cohort_relative_bps,-39.441896375,,,
draw,223,movement_M2_minus_M1_brier_improvement,-0.00101571012987,,,
draw,223,movement_M3_minus_M2_brier_improvement,-0.000612429719371,,,
draw,223,direction_M2_minus_M1_brier_improvement,0.000160702169001,,,
draw,223,direction_M3_minus_M2_brier_improvement,-0.00387709217895,,,
draw,223,movement_M2_minus_M1_log_loss_improvement,-0.00234732227692,,,
draw,223,movement_M3_minus_M2_log_loss_improvement,-0.00173933002214,,,
draw,223,direction_M2_minus_M1_log_loss_improvement,-0.000441434438385,,,
draw,223,direction_M3_minus_M2_log_loss_improvement,-0.00908368807137,,,
draw,223,M3_minus_M1_top_one_cohort_relative_bps,13.8872044994,,,
draw,224,movement_M2_minus_M1_brier_improvement,-0.000871148014402,,,
draw,224,movement_M3_minus_M2_brier_improvement,-0.000841964499092,,,
draw,224,direction_M2_minus_M1_brier_improvement,-0.0015295107676,,,
draw,224,direction_M3_minus_M2_brier_improvement,-0.00544395752174,,,
draw,224,movement_M2_minus_M1_log_loss_improvement,-0.00155089469228,,,
draw,224,movement_M3_minus_M2_log_loss_improvement,-0.00209254930063,,,
draw,224,direction_M2_minus_M1_log_loss_improvement,-0.0039357973014,,,
draw,224,direction_M3_minus_M2_log_loss_improvement,-0.0121386436331,,,
draw,224,M3_minus_M1_top_one_cohort_relative_bps,-13.3761282136,,,
draw,225,movement_M2_minus_M1_brier_improvement,-0.000730063725551,,,
draw,225,movement_M3_minus_M2_brier_improvement,-0.000692668421564,,,
draw,225,direction_M2_minus_M1_brier_improvement,-0.00157326619276,,,
draw,225,direction_M3_minus_M2_brier_improvement,-0.00531705438097,,,
draw,225,movement_M2_minus_M1_log_loss_improvement,-0.00144968599447,,,
draw,225,movement_M3_minus_M2_log_loss_improvement,-0.00242881470568,,,
draw,225,direction_M2_minus_M1_log_loss_improvement,-0.00445804173935,,,
draw,225,direction_M3_minus_M2_log_loss_improvement,-0.0124367918203,,,
draw,225,M3_minus_M1_top_one_cohort_relative_bps,-17.9516460365,,,
draw,226,movement_M2_minus_M1_brier_improvement,-0.000790721048934,,,
draw,226,movement_M3_minus_M2_brier_improvement,-0.000736674347723,,,
draw,226,direction_M2_minus_M1_brier_improvement,-0.00137266059394,,,
draw,226,direction_M3_minus_M2_brier_improvement,-0.00157015754132,,,
draw,226,movement_M2_minus_M1_log_loss_improvement,-0.000409852097886,,,
draw,226,movement_M3_minus_M2_log_loss_improvement,-0.00206988157244,,,
draw,226,direction_M2_minus_M1_log_loss_improvement,-0.00463769252193,,,
draw,226,direction_M3_minus_M2_log_loss_improvement,-0.00419215247097,,,
draw,226,M3_minus_M1_top_one_cohort_relative_bps,16.8553549111,,,
draw,227,movement_M2_minus_M1_brier_improvement,-0.00113357929838,,,
draw,227,movement_M3_minus_M2_brier_improvement,-0.000951255072511,,,
draw,227,direction_M2_minus_M1_brier_improvement,0.00117745590713,,,
draw,227,direction_M3_minus_M2_brier_improvement,-0.00299083584394,,,
draw,227,movement_M2_minus_M1_log_loss_improvement,-0.00182470634637,,,
draw,227,movement_M3_minus_M2_log_loss_improvement,-0.00291214797824,,,
draw,227,direction_M2_minus_M1_log_loss_improvement,0.000454847896184,,,
draw,227,direction_M3_minus_M2_log_loss_improvement,-0.00584646848432,,,
draw,227,M3_minus_M1_top_one_cohort_relative_bps,17.9107637889,,,
draw,228,movement_M2_minus_M1_brier_improvement,-0.000826161168149,,,
draw,228,movement_M3_minus_M2_brier_improvement,-0.00124075214257,,,
draw,228,direction_M2_minus_M1_brier_improvement,-0.00288826231728,,,
draw,228,direction_M3_minus_M2_brier_improvement,0.00268758350186,,,
draw,228,movement_M2_minus_M1_log_loss_improvement,-0.000295453261736,,,
draw,228,movement_M3_minus_M2_log_loss_improvement,-0.0036487647997,,,
draw,228,direction_M2_minus_M1_log_loss_improvement,-0.00680086621035,,,
draw,228,direction_M3_minus_M2_log_loss_improvement,0.00537375163261,,,
draw,228,M3_minus_M1_top_one_cohort_relative_bps,21.0575206132,,,
draw,229,movement_M2_minus_M1_brier_improvement,-0.000639082974586,,,
draw,229,movement_M3_minus_M2_brier_improvement,-0.00097108124399,,,
draw,229,direction_M2_minus_M1_brier_improvement,0.00211316935722,,,
draw,229,direction_M3_minus_M2_brier_improvement,-0.00348804029259,,,
draw,229,movement_M2_minus_M1_log_loss_improvement,-0.000564668107714,,,
draw,229,movement_M3_minus_M2_log_loss_improvement,-0.00299946713822,,,
draw,229,direction_M2_minus_M1_log_loss_improvement,0.00364472722599,,,
draw,229,direction_M3_minus_M2_log_loss_improvement,-0.0085076300855,,,
draw,229,M3_minus_M1_top_one_cohort_relative_bps,5.7389064394,,,
draw,230,movement_M2_minus_M1_brier_improvement,-0.00102456164583,,,
draw,230,movement_M3_minus_M2_brier_improvement,-0.000943284704569,,,
draw,230,direction_M2_minus_M1_brier_improvement,0.00219346583578,,,
draw,230,direction_M3_minus_M2_brier_improvement,-0.00138486395916,,,
draw,230,movement_M2_minus_M1_log_loss_improvement,-0.0022286340647,,,
draw,230,movement_M3_minus_M2_log_loss_improvement,-0.00294398483004,,,
draw,230,direction_M2_minus_M1_log_loss_improvement,0.00371192790608,,,
draw,230,direction_M3_minus_M2_log_loss_improvement,-0.00339508973076,,,
draw,230,M3_minus_M1_top_one_cohort_relative_bps,-4.32598460519,,,
draw,231,movement_M2_minus_M1_brier_improvement,-0.000650931960553,,,
draw,231,movement_M3_minus_M2_brier_improvement,-0.000748960320388,,,
draw,231,direction_M2_minus_M1_brier_improvement,-0.000607138958537,,,
draw,231,direction_M3_minus_M2_brier_improvement,-0.00358780695435,,,
draw,231,movement_M2_minus_M1_log_loss_improvement,5.6740088115e-05,,,
draw,231,movement_M3_minus_M2_log_loss_improvement,-0.00225552746668,,,
draw,231,direction_M2_minus_M1_log_loss_improvement,-0.00211785166999,,,
draw,231,direction_M3_minus_M2_log_loss_improvement,-0.00836920513599,,,
draw,231,M3_minus_M1_top_one_cohort_relative_bps,1.78218061046,,,
draw,232,movement_M2_minus_M1_brier_improvement,-0.00100904924635,,,
draw,232,movement_M3_minus_M2_brier_improvement,-0.000907619466176,,,
draw,232,direction_M2_minus_M1_brier_improvement,0.00123909497199,,,
draw,232,direction_M3_minus_M2_brier_improvement,-0.00218900692733,,,
draw,232,movement_M2_minus_M1_log_loss_improvement,-0.00118348153962,,,
draw,232,movement_M3_minus_M2_log_loss_improvement,-0.00292413902709,,,
draw,232,direction_M2_minus_M1_log_loss_improvement,0.00230093515031,,,
draw,232,direction_M3_minus_M2_log_loss_improvement,-0.00473444263786,,,
draw,232,M3_minus_M1_top_one_cohort_relative_bps,34.7899911102,,,
draw,233,movement_M2_minus_M1_brier_improvement,-0.00104794733742,,,
draw,233,movement_M3_minus_M2_brier_improvement,-0.000636989287061,,,
draw,233,direction_M2_minus_M1_brier_improvement,0.00384144898406,,,
draw,233,direction_M3_minus_M2_brier_improvement,-0.00187729641936,,,
draw,233,movement_M2_minus_M1_log_loss_improvement,-0.000945302730487,,,
draw,233,movement_M3_minus_M2_log_loss_improvement,-0.001542375379,,,
draw,233,direction_M2_minus_M1_log_loss_improvement,0.00784579908543,,,
draw,233,direction_M3_minus_M2_log_loss_improvement,-0.00468429059068,,,
draw,233,M3_minus_M1_top_one_cohort_relative_bps,3.11775715956,,,
draw,234,movement_M2_minus_M1_brier_improvement,-0.00103182391968,,,
draw,234,movement_M3_minus_M2_brier_improvement,-0.000807470897298,,,
draw,234,direction_M2_minus_M1_brier_improvement,0.00452757396851,,,
draw,234,direction_M3_minus_M2_brier_improvement,0.00309138233786,,,
draw,234,movement_M2_minus_M1_log_loss_improvement,-0.00114985876173,,,
draw,234,movement_M3_minus_M2_log_loss_improvement,-0.00267297366082,,,
draw,234,direction_M2_minus_M1_log_loss_improvement,0.00901411226982,,,
draw,234,direction_M3_minus_M2_log_loss_improvement,0.00619389856498,,,
draw,234,M3_minus_M1_top_one_cohort_relative_bps,-56.3103741485,,,
draw,235,movement_M2_minus_M1_brier_improvement,-0.00090959137319,,,
draw,235,movement_M3_minus_M2_brier_improvement,-0.000592548604538,,,
draw,235,direction_M2_minus_M1_brier_improvement,0.000306056897025,,,
draw,235,direction_M3_minus_M2_brier_improvement,-0.00360686826091,,,
draw,235,movement_M2_minus_M1_log_loss_improvement,-0.00160471676359,,,
draw,235,movement_M3_minus_M2_log_loss_improvement,-0.0024695875858,,,
draw,235,direction_M2_minus_M1_log_loss_improvement,-0.000424787083183,,,
draw,235,direction_M3_minus_M2_log_loss_improvement,-0.00802818108732,,,
draw,235,M3_minus_M1_top_one_cohort_relative_bps,-18.0217901542,,,
draw,236,movement_M2_minus_M1_brier_improvement,-0.000960861553602,,,
draw,236,movement_M3_minus_M2_brier_improvement,-0.000912256882844,,,
draw,236,direction_M2_minus_M1_brier_improvement,-0.00116695553102,,,
draw,236,direction_M3_minus_M2_brier_improvement,-0.00196526817559,,,
draw,236,movement_M2_minus_M1_log_loss_improvement,-0.00213110518277,,,
draw,236,movement_M3_minus_M2_log_loss_improvement,-0.00324664404922,,,
draw,236,direction_M2_minus_M1_log_loss_improvement,-0.00416140009711,,,
draw,236,direction_M3_minus_M2_log_loss_improvement,-0.00366793573678,,,
draw,236,M3_minus_M1_top_one_cohort_relative_bps,30.5314688256,,,
draw,237,movement_M2_minus_M1_brier_improvement,-0.00144622947098,,,
draw,237,movement_M3_minus_M2_brier_improvement,-0.000492785849084,,,
draw,237,direction_M2_minus_M1_brier_improvement,0.00274400690704,,,
draw,237,direction_M3_minus_M2_brier_improvement,-0.00330149451885,,,
draw,237,movement_M2_minus_M1_log_loss_improvement,-0.00303532986814,,,
draw,237,movement_M3_minus_M2_log_loss_improvement,-0.00204746584045,,,
draw,237,direction_M2_minus_M1_log_loss_improvement,0.00434459819904,,,
draw,237,direction_M3_minus_M2_log_loss_improvement,-0.00761373317796,,,
draw,237,M3_minus_M1_top_one_cohort_relative_bps,-18.5729641182,,,
draw,238,movement_M2_minus_M1_brier_improvement,-0.000992697607672,,,
draw,238,movement_M3_minus_M2_brier_improvement,-0.00114143163919,,,
draw,238,direction_M2_minus_M1_brier_improvement,0.00239101176876,,,
draw,238,direction_M3_minus_M2_brier_improvement,-0.00550765358544,,,
draw,238,movement_M2_minus_M1_log_loss_improvement,-0.00229653123551,,,
draw,238,movement_M3_minus_M2_log_loss_improvement,-0.00361836882947,,,
draw,238,direction_M2_minus_M1_log_loss_improvement,0.00436986761042,,,
draw,238,direction_M3_minus_M2_log_loss_improvement,-0.012666256662,,,
draw,238,M3_minus_M1_top_one_cohort_relative_bps,-35.7136117911,,,
draw,239,movement_M2_minus_M1_brier_improvement,-0.00030019015236,,,
draw,239,movement_M3_minus_M2_brier_improvement,-0.000868332316463,,,
draw,239,direction_M2_minus_M1_brier_improvement,0.000542513319787,,,
draw,239,direction_M3_minus_M2_brier_improvement,-0.00151796904792,,,
draw,239,movement_M2_minus_M1_log_loss_improvement,0.000328936359499,,,
draw,239,movement_M3_minus_M2_log_loss_improvement,-0.00280251962353,,,
draw,239,direction_M2_minus_M1_log_loss_improvement,0.000396366688831,,,
draw,239,direction_M3_minus_M2_log_loss_improvement,-0.00343710610627,,,
draw,239,M3_minus_M1_top_one_cohort_relative_bps,16.5811464215,,,
draw,240,movement_M2_minus_M1_brier_improvement,-0.000713364822789,,,
draw,240,movement_M3_minus_M2_brier_improvement,-0.000811293252927,,,
draw,240,direction_M2_minus_M1_brier_improvement,0.000380289198097,,,
draw,240,direction_M3_minus_M2_brier_improvement,-0.00132907146791,,,
draw,240,movement_M2_minus_M1_log_loss_improvement,-0.000630000975298,,,
draw,240,movement_M3_minus_M2_log_loss_improvement,-0.00231871118439,,,
draw,240,direction_M2_minus_M1_log_loss_improvement,-0.000493213716828,,,
draw,240,direction_M3_minus_M2_log_loss_improvement,-0.003789939824,,,
draw,240,M3_minus_M1_top_one_cohort_relative_bps,-19.8354308235,,,
draw,241,movement_M2_minus_M1_brier_improvement,-0.000462994484693,,,
draw,241,movement_M3_minus_M2_brier_improvement,-0.000635986159784,,,
draw,241,direction_M2_minus_M1_brier_improvement,0.00141664269766,,,
draw,241,direction_M3_minus_M2_brier_improvement,-0.00340877810836,,,
draw,241,movement_M2_minus_M1_log_loss_improvement,-0.000102782352898,,,
draw,241,movement_M3_minus_M2_log_loss_improvement,-0.00201553986892,,,
draw,241,direction_M2_minus_M1_log_loss_improvement,0.00176978369193,,,
draw,241,direction_M3_minus_M2_log_loss_improvement,-0.00749526688061,,,
draw,241,M3_minus_M1_top_one_cohort_relative_bps,33.8766122632,,,
draw,242,movement_M2_minus_M1_brier_improvement,-0.00135179088791,,,
draw,242,movement_M3_minus_M2_brier_improvement,-0.000564146032774,,,
draw,242,direction_M2_minus_M1_brier_improvement,0.00290656794661,,,
draw,242,direction_M3_minus_M2_brier_improvement,-0.00369949326235,,,
draw,242,movement_M2_minus_M1_log_loss_improvement,-0.00275940110528,,,
draw,242,movement_M3_minus_M2_log_loss_improvement,-0.00171774856963,,,
draw,242,direction_M2_minus_M1_log_loss_improvement,0.00484060259627,,,
draw,242,direction_M3_minus_M2_log_loss_improvement,-0.00879405569415,,,
draw,242,M3_minus_M1_top_one_cohort_relative_bps,-17.0344703275,,,
draw,243,movement_M2_minus_M1_brier_improvement,-0.00119849470119,,,
draw,243,movement_M3_minus_M2_brier_improvement,-0.000705445889249,,,
draw,243,direction_M2_minus_M1_brier_improvement,-0.000640836985249,,,
draw,243,direction_M3_minus_M2_brier_improvement,-0.00031884118859,,,
draw,243,movement_M2_minus_M1_log_loss_improvement,-0.00273065561324,,,
draw,243,movement_M3_minus_M2_log_loss_improvement,-0.00246474626418,,,
draw,243,direction_M2_minus_M1_log_loss_improvement,-0.00316102967665,,,
draw,243,direction_M3_minus_M2_log_loss_improvement,-0.00114228959336,,,
draw,243,M3_minus_M1_top_one_cohort_relative_bps,20.0601247156,,,
draw,244,movement_M2_minus_M1_brier_improvement,-0.000558332387133,,,
draw,244,movement_M3_minus_M2_brier_improvement,-0.000920072027103,,,
draw,244,direction_M2_minus_M1_brier_improvement,0.00202573724122,,,
draw,244,direction_M3_minus_M2_brier_improvement,-0.00181453582627,,,
draw,244,movement_M2_minus_M1_log_loss_improvement,0.000675846951543,,,
draw,244,movement_M3_minus_M2_log_loss_improvement,-0.00286614893937,,,
draw,244,direction_M2_minus_M1_log_loss_improvement,0.00336222254755,,,
draw,244,direction_M3_minus_M2_log_loss_improvement,-0.00453977775981,,,
draw,244,M3_minus_M1_top_one_cohort_relative_bps,20.9734994107,,,
draw,245,movement_M2_minus_M1_brier_improvement,-0.00134063073535,,,
draw,245,movement_M3_minus_M2_brier_improvement,-0.000994375248533,,,
draw,245,direction_M2_minus_M1_brier_improvement,0.00189020345407,,,
draw,245,direction_M3_minus_M2_brier_improvement,0.000334002320327,,,
draw,245,movement_M2_minus_M1_log_loss_improvement,-0.00245928516487,,,
draw,245,movement_M3_minus_M2_log_loss_improvement,-0.00308626154556,,,
draw,245,direction_M2_minus_M1_log_loss_improvement,0.00274124128416,,,
draw,245,direction_M3_minus_M2_log_loss_improvement,0.000805313321611,,,
draw,245,M3_minus_M1_top_one_cohort_relative_bps,3.04327515671,,,
draw,246,movement_M2_minus_M1_brier_improvement,-0.00162396494437,,,
draw,246,movement_M3_minus_M2_brier_improvement,-0.000822256007633,,,
draw,246,direction_M2_minus_M1_brier_improvement,0.00290183451532,,,
draw,246,direction_M3_minus_M2_brier_improvement,-0.00429068695458,,,
draw,246,movement_M2_minus_M1_log_loss_improvement,-0.00445838312943,,,
draw,246,movement_M3_minus_M2_log_loss_improvement,-0.00285879990692,,,
draw,246,direction_M2_minus_M1_log_loss_improvement,0.00493827928623,,,
draw,246,direction_M3_minus_M2_log_loss_improvement,-0.00928903317259,,,
draw,246,M3_minus_M1_top_one_cohort_relative_bps,-7.15960887901,,,
draw,247,movement_M2_minus_M1_brier_improvement,-0.00168560898902,,,
draw,247,movement_M3_minus_M2_brier_improvement,-0.000634942668681,,,
draw,247,direction_M2_minus_M1_brier_improvement,-0.00121333598418,,,
draw,247,direction_M3_minus_M2_brier_improvement,-0.00125531605553,,,
draw,247,movement_M2_minus_M1_log_loss_improvement,-0.00428644407328,,,
draw,247,movement_M3_minus_M2_log_loss_improvement,-0.002110179196,,,
draw,247,direction_M2_minus_M1_log_loss_improvement,-0.00377033041762,,,
draw,247,direction_M3_minus_M2_log_loss_improvement,-0.00280809627138,,,
draw,247,M3_minus_M1_top_one_cohort_relative_bps,-10.6377535671,,,
draw,248,movement_M2_minus_M1_brier_improvement,-0.000553432550489,,,
draw,248,movement_M3_minus_M2_brier_improvement,-0.000408204783609,,,
draw,248,direction_M2_minus_M1_brier_improvement,-0.000118485934142,,,
draw,248,direction_M3_minus_M2_brier_improvement,-0.00217834853102,,,
draw,248,movement_M2_minus_M1_log_loss_improvement,0.000283457949334,,,
draw,248,movement_M3_minus_M2_log_loss_improvement,-0.00130613519369,,,
draw,248,direction_M2_minus_M1_log_loss_improvement,-0.00114877418318,,,
draw,248,direction_M3_minus_M2_log_loss_improvement,-0.00565664286144,,,
draw,248,M3_minus_M1_top_one_cohort_relative_bps,-10.94155506,,,
draw,249,movement_M2_minus_M1_brier_improvement,-0.00119467507841,,,
draw,249,movement_M3_minus_M2_brier_improvement,-0.000861433274928,,,
draw,249,direction_M2_minus_M1_brier_improvement,0.000188654632115,,,
draw,249,direction_M3_minus_M2_brier_improvement,0.00140981222005,,,
draw,249,movement_M2_minus_M1_log_loss_improvement,-0.00225948105641,,,
draw,249,movement_M3_minus_M2_log_loss_improvement,-0.00268266469301,,,
draw,249,direction_M2_minus_M1_log_loss_improvement,-6.16986229171e-05,,,
draw,249,direction_M3_minus_M2_log_loss_improvement,0.00290944344803,,,
draw,249,M3_minus_M1_top_one_cohort_relative_bps,6.21982459287,,,
draw,250,movement_M2_minus_M1_brier_improvement,-0.00116642723029,,,
draw,250,movement_M3_minus_M2_brier_improvement,-0.000536413776664,,,
draw,250,direction_M2_minus_M1_brier_improvement,-0.002933083131,,,
draw,250,direction_M3_minus_M2_brier_improvement,-0.00306347699858,,,
draw,250,movement_M2_minus_M1_log_loss_improvement,-0.0020124583592,,,
draw,250,movement_M3_minus_M2_log_loss_improvement,-0.00143192898145,,,
draw,250,direction_M2_minus_M1_log_loss_improvement,-0.00857703034954,,,
draw,250,direction_M3_minus_M2_log_loss_improvement,-0.00601806194119,,,
draw,250,M3_minus_M1_top_one_cohort_relative_bps,-4.33695305737,,,
draw,251,movement_M2_minus_M1_brier_improvement,-0.00104390163877,,,
draw,251,movement_M3_minus_M2_brier_improvement,-0.000684916147551,,,
draw,251,direction_M2_minus_M1_brier_improvement,0.00136204537265,,,
draw,251,direction_M3_minus_M2_brier_improvement,-0.00568580571326,,,
draw,251,movement_M2_minus_M1_log_loss_improvement,-0.002479727791,,,
draw,251,movement_M3_minus_M2_log_loss_improvement,-0.0022812097071,,,
draw,251,direction_M2_minus_M1_log_loss_improvement,0.00132270105376,,,
draw,251,direction_M3_minus_M2_log_loss_improvement,-0.0130191667821,,,
draw,251,M3_minus_M1_top_one_cohort_relative_bps,4.04999998708,,,
draw,252,movement_M2_minus_M1_brier_improvement,-0.000990877989114,,,
draw,252,movement_M3_minus_M2_brier_improvement,-0.000622676087655,,,
draw,252,direction_M2_minus_M1_brier_improvement,0.00340143072904,,,
draw,252,direction_M3_minus_M2_brier_improvement,-0.00235523031276,,,
draw,252,movement_M2_minus_M1_log_loss_improvement,-0.0016590332107,,,
draw,252,movement_M3_minus_M2_log_loss_improvement,-0.00177482715931,,,
draw,252,direction_M2_minus_M1_log_loss_improvement,0.00594986597826,,,
draw,252,direction_M3_minus_M2_log_loss_improvement,-0.00532035032295,,,
draw,252,M3_minus_M1_top_one_cohort_relative_bps,6.71586572929,,,
draw,253,movement_M2_minus_M1_brier_improvement,-0.000882483493221,,,
draw,253,movement_M3_minus_M2_brier_improvement,-0.000678923185308,,,
draw,253,direction_M2_minus_M1_brier_improvement,-0.00315490973814,,,
draw,253,direction_M3_minus_M2_brier_improvement,0.000412941841085,,,
draw,253,movement_M2_minus_M1_log_loss_improvement,-0.00086251685239,,,
draw,253,movement_M3_minus_M2_log_loss_improvement,-0.00225097600783,,,
draw,253,direction_M2_minus_M1_log_loss_improvement,-0.0085081150764,,,
draw,253,direction_M3_minus_M2_log_loss_improvement,0.00113362013087,,,
draw,253,M3_minus_M1_top_one_cohort_relative_bps,25.0399668239,,,
draw,254,movement_M2_minus_M1_brier_improvement,-0.000808732663004,,,
draw,254,movement_M3_minus_M2_brier_improvement,-0.000528434646181,,,
draw,254,direction_M2_minus_M1_brier_improvement,-0.00103911528948,,,
draw,254,direction_M3_minus_M2_brier_improvement,-0.00366593482037,,,
draw,254,movement_M2_minus_M1_log_loss_improvement,-0.00197303710744,,,
draw,254,movement_M3_minus_M2_log_loss_improvement,-0.0019311531524,,,
draw,254,direction_M2_minus_M1_log_loss_improvement,-0.00375898860062,,,
draw,254,direction_M3_minus_M2_log_loss_improvement,-0.00883580352272,,,
draw,254,M3_minus_M1_top_one_cohort_relative_bps,12.1608979763,,,
draw,255,movement_M2_minus_M1_brier_improvement,-0.00149087201424,,,
draw,255,movement_M3_minus_M2_brier_improvement,-0.000832442051562,,,
draw,255,direction_M2_minus_M1_brier_improvement,-0.00187487531825,,,
draw,255,direction_M3_minus_M2_brier_improvement,-0.00388728697916,,,
draw,255,movement_M2_minus_M1_log_loss_improvement,-0.00321135802884,,,
draw,255,movement_M3_minus_M2_log_loss_improvement,-0.00267390281184,,,
draw,255,direction_M2_minus_M1_log_loss_improvement,-0.00566135131191,,,
draw,255,direction_M3_minus_M2_log_loss_improvement,-0.00856681720194,,,
draw,255,M3_minus_M1_top_one_cohort_relative_bps,-9.14384498226,,,
draw,256,movement_M2_minus_M1_brier_improvement,-0.00104562994573,,,
draw,256,movement_M3_minus_M2_brier_improvement,-0.000430267120012,,,
draw,256,direction_M2_minus_M1_brier_improvement,-0.00361661816106,,,
draw,256,direction_M3_minus_M2_brier_improvement,-0.00353101742184,,,
draw,256,movement_M2_minus_M1_log_loss_improvement,-0.00257281322564,,,
draw,256,movement_M3_minus_M2_log_loss_improvement,-0.00131651043217,,,
draw,256,direction_M2_minus_M1_log_loss_improvement,-0.00917248824439,,,
draw,256,direction_M3_minus_M2_log_loss_improvement,-0.00780164910799,,,
draw,256,M3_minus_M1_top_one_cohort_relative_bps,-47.8443212463,,,
draw,257,movement_M2_minus_M1_brier_improvement,-8.39993265355e-05,,,
draw,257,movement_M3_minus_M2_brier_improvement,-0.00120121911138,,,
draw,257,direction_M2_minus_M1_brier_improvement,0.000345544482902,,,
draw,257,direction_M3_minus_M2_brier_improvement,-0.00346701733273,,,
draw,257,movement_M2_minus_M1_log_loss_improvement,0.00197902819976,,,
draw,257,movement_M3_minus_M2_log_loss_improvement,-0.00400489737648,,,
draw,257,direction_M2_minus_M1_log_loss_improvement,-0.000483297418536,,,
draw,257,direction_M3_minus_M2_log_loss_improvement,-0.00827400097552,,,
draw,257,M3_minus_M1_top_one_cohort_relative_bps,0.423335581446,,,
draw,258,movement_M2_minus_M1_brier_improvement,-0.000913345089776,,,
draw,258,movement_M3_minus_M2_brier_improvement,-0.000678501266294,,,
draw,258,direction_M2_minus_M1_brier_improvement,0.00325198419103,,,
draw,258,direction_M3_minus_M2_brier_improvement,-0.00428938297666,,,
draw,258,movement_M2_minus_M1_log_loss_improvement,-0.00158765346402,,,
draw,258,movement_M3_minus_M2_log_loss_improvement,-0.0021777060779,,,
draw,258,direction_M2_minus_M1_log_loss_improvement,0.00682620636598,,,
draw,258,direction_M3_minus_M2_log_loss_improvement,-0.0102664874371,,,
draw,258,M3_minus_M1_top_one_cohort_relative_bps,-25.324234718,,,
draw,259,movement_M2_minus_M1_brier_improvement,-0.000801812211063,,,
draw,259,movement_M3_minus_M2_brier_improvement,-0.00093194908202,,,
draw,259,direction_M2_minus_M1_brier_improvement,-0.00434197043751,,,
draw,259,direction_M3_minus_M2_brier_improvement,-0.00183459164572,,,
draw,259,movement_M2_minus_M1_log_loss_improvement,-0.00126522803443,,,
draw,259,movement_M3_minus_M2_log_loss_improvement,-0.00251958426423,,,
draw,259,direction_M2_minus_M1_log_loss_improvement,-0.0106466831965,,,
draw,259,direction_M3_minus_M2_log_loss_improvement,-0.0050206886909,,,
draw,259,M3_minus_M1_top_one_cohort_relative_bps,23.3638394324,,,
draw,260,movement_M2_minus_M1_brier_improvement,-0.0011704988284,,,
draw,260,movement_M3_minus_M2_brier_improvement,-0.000584985218785,,,
draw,260,direction_M2_minus_M1_brier_improvement,0.00156218597423,,,
draw,260,direction_M3_minus_M2_brier_improvement,-0.00122883633025,,,
draw,260,movement_M2_minus_M1_log_loss_improvement,-0.0026786561164,,,
draw,260,movement_M3_minus_M2_log_loss_improvement,-0.00190034880198,,,
draw,260,direction_M2_minus_M1_log_loss_improvement,0.00158840187396,,,
draw,260,direction_M3_minus_M2_log_loss_improvement,-0.00306232634976,,,
draw,260,M3_minus_M1_top_one_cohort_relative_bps,-2.29041299523,,,
draw,261,movement_M2_minus_M1_brier_improvement,-0.00145280566931,,,
draw,261,movement_M3_minus_M2_brier_improvement,-0.000803534069663,,,
draw,261,direction_M2_minus_M1_brier_improvement,-0.000878654605058,,,
draw,261,direction_M3_minus_M2_brier_improvement,-0.00118161319696,,,
draw,261,movement_M2_minus_M1_log_loss_improvement,-0.00277343365939,,,
draw,261,movement_M3_minus_M2_log_loss_improvement,-0.00249307328462,,,
draw,261,direction_M2_minus_M1_log_loss_improvement,-0.00292273627918,,,
draw,261,direction_M3_minus_M2_log_loss_improvement,-0.00350373351828,,,
draw,261,M3_minus_M1_top_one_cohort_relative_bps,29.4969556107,,,
draw,262,movement_M2_minus_M1_brier_improvement,-0.000365482568563,,,
draw,262,movement_M3_minus_M2_brier_improvement,-0.000923259172728,,,
draw,262,direction_M2_minus_M1_brier_improvement,-0.000559212292495,,,
draw,262,direction_M3_minus_M2_brier_improvement,-0.00551251940546,,,
draw,262,movement_M2_minus_M1_log_loss_improvement,-0.000175090435127,,,
draw,262,movement_M3_minus_M2_log_loss_improvement,-0.00270678590035,,,
draw,262,direction_M2_minus_M1_log_loss_improvement,-0.00255458677369,,,
draw,262,direction_M3_minus_M2_log_loss_improvement,-0.0137414686117,,,
draw,262,M3_minus_M1_top_one_cohort_relative_bps,-11.1764907951,,,
draw,263,movement_M2_minus_M1_brier_improvement,-0.000879489297785,,,
draw,263,movement_M3_minus_M2_brier_improvement,-0.000894454958293,,,
draw,263,direction_M2_minus_M1_brier_improvement,0.000574531032822,,,
draw,263,direction_M3_minus_M2_brier_improvement,-0.00300964057803,,,
draw,263,movement_M2_minus_M1_log_loss_improvement,-0.00159396493458,,,
draw,263,movement_M3_minus_M2_log_loss_improvement,-0.00305523412001,,,
draw,263,direction_M2_minus_M1_log_loss_improvement,-0.000144583108613,,,
draw,263,direction_M3_minus_M2_log_loss_improvement,-0.00657355208798,,,
draw,263,M3_minus_M1_top_one_cohort_relative_bps,17.3603040257,,,
draw,264,movement_M2_minus_M1_brier_improvement,-0.00100897283388,,,
draw,264,movement_M3_minus_M2_brier_improvement,-0.000606514688655,,,
draw,264,direction_M2_minus_M1_brier_improvement,0.000153082111663,,,
draw,264,direction_M3_minus_M2_brier_improvement,-0.00324187404506,,,
draw,264,movement_M2_minus_M1_log_loss_improvement,-0.00204118459059,,,
draw,264,movement_M3_minus_M2_log_loss_improvement,-0.00183492905106,,,
draw,264,direction_M2_minus_M1_log_loss_improvement,-0.000530431835669,,,
draw,264,direction_M3_minus_M2_log_loss_improvement,-0.00726312955742,,,
draw,264,M3_minus_M1_top_one_cohort_relative_bps,7.9266276302,,,
draw,265,movement_M2_minus_M1_brier_improvement,-0.00095805174711,,,
draw,265,movement_M3_minus_M2_brier_improvement,-0.000575285666381,,,
draw,265,direction_M2_minus_M1_brier_improvement,-0.000362955396205,,,
draw,265,direction_M3_minus_M2_brier_improvement,-0.00111590080371,,,
draw,265,movement_M2_minus_M1_log_loss_improvement,-0.00211970605962,,,
draw,265,movement_M3_minus_M2_log_loss_improvement,-0.00212472881576,,,
draw,265,direction_M2_minus_M1_log_loss_improvement,-0.00221721501448,,,
draw,265,direction_M3_minus_M2_log_loss_improvement,-0.00322824095748,,,
draw,265,M3_minus_M1_top_one_cohort_relative_bps,21.291890057,,,
draw,266,movement_M2_minus_M1_brier_improvement,-0.00119704422379,,,
draw,266,movement_M3_minus_M2_brier_improvement,-0.000707246086837,,,
draw,266,direction_M2_minus_M1_brier_improvement,0.00325895339671,,,
draw,266,direction_M3_minus_M2_brier_improvement,-0.00111586557218,,,
draw,266,movement_M2_minus_M1_log_loss_improvement,-0.00218933475344,,,
draw,266,movement_M3_minus_M2_log_loss_improvement,-0.00242211977878,,,
draw,266,direction_M2_minus_M1_log_loss_improvement,0.00563638735078,,,
draw,266,direction_M3_minus_M2_log_loss_improvement,-0.00283175064149,,,
draw,266,M3_minus_M1_top_one_cohort_relative_bps,20.8167061636,,,
draw,267,movement_M2_minus_M1_brier_improvement,-0.00079859634734,,,
draw,267,movement_M3_minus_M2_brier_improvement,-0.000434637556067,,,
draw,267,direction_M2_minus_M1_brier_improvement,-0.00157573826087,,,
draw,267,direction_M3_minus_M2_brier_improvement,-0.00379607394958,,,
draw,267,movement_M2_minus_M1_log_loss_improvement,-0.00131156883709,,,
draw,267,movement_M3_minus_M2_log_loss_improvement,-0.00155213466651,,,
draw,267,direction_M2_minus_M1_log_loss_improvement,-0.00550774387433,,,
draw,267,direction_M3_minus_M2_log_loss_improvement,-0.009302970709,,,
draw,267,M3_minus_M1_top_one_cohort_relative_bps,23.7427251454,,,
draw,268,movement_M2_minus_M1_brier_improvement,-0.00146154834984,,,
draw,268,movement_M3_minus_M2_brier_improvement,-0.00111061907307,,,
draw,268,direction_M2_minus_M1_brier_improvement,0.00102475483595,,,
draw,268,direction_M3_minus_M2_brier_improvement,-0.002499554271,,,
draw,268,movement_M2_minus_M1_log_loss_improvement,-0.0034340111785,,,
draw,268,movement_M3_minus_M2_log_loss_improvement,-0.00292058973504,,,
draw,268,direction_M2_minus_M1_log_loss_improvement,0.00104485914978,,,
draw,268,direction_M3_minus_M2_log_loss_improvement,-0.00629139656304,,,
draw,268,M3_minus_M1_top_one_cohort_relative_bps,4.59759344477,,,
draw,269,movement_M2_minus_M1_brier_improvement,-0.00146452646604,,,
draw,269,movement_M3_minus_M2_brier_improvement,-0.000743232909883,,,
draw,269,direction_M2_minus_M1_brier_improvement,-0.00298649963385,,,
draw,269,direction_M3_minus_M2_brier_improvement,-0.00282818325786,,,
draw,269,movement_M2_minus_M1_log_loss_improvement,-0.00318722493792,,,
draw,269,movement_M3_minus_M2_log_loss_improvement,-0.00231308223091,,,
draw,269,direction_M2_minus_M1_log_loss_improvement,-0.00742863477955,,,
draw,269,direction_M3_minus_M2_log_loss_improvement,-0.00630781015095,,,
draw,269,M3_minus_M1_top_one_cohort_relative_bps,20.0707241364,,,
draw,270,movement_M2_minus_M1_brier_improvement,-0.000896668925326,,,
draw,270,movement_M3_minus_M2_brier_improvement,-0.00122715213543,,,
draw,270,direction_M2_minus_M1_brier_improvement,-0.0011022458115,,,
draw,270,direction_M3_minus_M2_brier_improvement,-0.00221444647175,,,
draw,270,movement_M2_minus_M1_log_loss_improvement,-0.000423063858631,,,
draw,270,movement_M3_minus_M2_log_loss_improvement,-0.00365577721455,,,
draw,270,direction_M2_minus_M1_log_loss_improvement,-0.00263901427764,,,
draw,270,direction_M3_minus_M2_log_loss_improvement,-0.00504963593771,,,
draw,270,M3_minus_M1_top_one_cohort_relative_bps,5.65758955,,,
draw,271,movement_M2_minus_M1_brier_improvement,-0.000756766170156,,,
draw,271,movement_M3_minus_M2_brier_improvement,-0.000506724142648,,,
draw,271,direction_M2_minus_M1_brier_improvement,-0.00050223451067,,,
draw,271,direction_M3_minus_M2_brier_improvement,-0.00411137250793,,,
draw,271,movement_M2_minus_M1_log_loss_improvement,-0.00115823651578,,,
draw,271,movement_M3_minus_M2_log_loss_improvement,-0.00156422281094,,,
draw,271,direction_M2_minus_M1_log_loss_improvement,-0.00237550411147,,,
draw,271,direction_M3_minus_M2_log_loss_improvement,-0.00967259901634,,,
draw,271,M3_minus_M1_top_one_cohort_relative_bps,-2.63457322774,,,
draw,272,movement_M2_minus_M1_brier_improvement,-0.00120383478799,,,
draw,272,movement_M3_minus_M2_brier_improvement,-0.000382992301057,,,
draw,272,direction_M2_minus_M1_brier_improvement,-0.000413580969493,,,
draw,272,direction_M3_minus_M2_brier_improvement,-0.00118388088388,,,
draw,272,movement_M2_minus_M1_log_loss_improvement,-0.00261351295464,,,
draw,272,movement_M3_minus_M2_log_loss_improvement,-0.00171602915339,,,
draw,272,direction_M2_minus_M1_log_loss_improvement,-0.00290447442597,,,
draw,272,direction_M3_minus_M2_log_loss_improvement,-0.00218344121339,,,
draw,272,M3_minus_M1_top_one_cohort_relative_bps,24.9072322626,,,
draw,273,movement_M2_minus_M1_brier_improvement,-0.00110252041525,,,
draw,273,movement_M3_minus_M2_brier_improvement,-0.000670922378181,,,
draw,273,direction_M2_minus_M1_brier_improvement,-0.00152920943252,,,
draw,273,direction_M3_minus_M2_brier_improvement,-0.00192811518207,,,
draw,273,movement_M2_minus_M1_log_loss_improvement,-0.0026246616003,,,
draw,273,movement_M3_minus_M2_log_loss_improvement,-0.00236700407345,,,
draw,273,direction_M2_minus_M1_log_loss_improvement,-0.00526386532748,,,
draw,273,direction_M3_minus_M2_log_loss_improvement,-0.00461587605333,,,
draw,273,M3_minus_M1_top_one_cohort_relative_bps,-3.31567589954,,,
draw,274,movement_M2_minus_M1_brier_improvement,-0.00110735185989,,,
draw,274,movement_M3_minus_M2_brier_improvement,-0.000605076544845,,,
draw,274,direction_M2_minus_M1_brier_improvement,0.000222951698539,,,
draw,274,direction_M3_minus_M2_brier_improvement,-0.00356444399889,,,
draw,274,movement_M2_minus_M1_log_loss_improvement,-0.0029614886246,,,
draw,274,movement_M3_minus_M2_log_loss_improvement,-0.00198392808513,,,
draw,274,direction_M2_minus_M1_log_loss_improvement,-0.00118854858977,,,
draw,274,direction_M3_minus_M2_log_loss_improvement,-0.00840184262847,,,
draw,274,M3_minus_M1_top_one_cohort_relative_bps,15.4194068161,,,
draw,275,movement_M2_minus_M1_brier_improvement,-0.000516733374908,,,
draw,275,movement_M3_minus_M2_brier_improvement,-0.00123376783692,,,
draw,275,direction_M2_minus_M1_brier_improvement,-0.000957763000593,,,
draw,275,direction_M3_minus_M2_brier_improvement,-0.00152611609635,,,
draw,275,movement_M2_minus_M1_log_loss_improvement,-0.000156237873879,,,
draw,275,movement_M3_minus_M2_log_loss_improvement,-0.00311797506227,,,
draw,275,direction_M2_minus_M1_log_loss_improvement,-0.00342110903122,,,
draw,275,direction_M3_minus_M2_log_loss_improvement,-0.00367909106265,,,
draw,275,M3_minus_M1_top_one_cohort_relative_bps,-4.24736673768,,,
draw,276,movement_M2_minus_M1_brier_improvement,-0.000805720700464,,,
draw,276,movement_M3_minus_M2_brier_improvement,-0.000772706526135,,,
draw,276,direction_M2_minus_M1_brier_improvement,0.000441442637558,,,
draw,276,direction_M3_minus_M2_brier_improvement,-0.00376546436237,,,
draw,276,movement_M2_minus_M1_log_loss_improvement,-0.000386368785785,,,
draw,276,movement_M3_minus_M2_log_loss_improvement,-0.00263494100784,,,
draw,276,direction_M2_minus_M1_log_loss_improvement,-0.000827031044914,,,
draw,276,direction_M3_minus_M2_log_loss_improvement,-0.00899467046251,,,
draw,276,M3_minus_M1_top_one_cohort_relative_bps,-13.9779959008,,,
draw,277,movement_M2_minus_M1_brier_improvement,-0.000702064921008,,,
draw,277,movement_M3_minus_M2_brier_improvement,-0.000401835105746,,,
draw,277,direction_M2_minus_M1_brier_improvement,0.0029878804419,,,
draw,277,direction_M3_minus_M2_brier_improvement,-0.00232215939518,,,
draw,277,movement_M2_minus_M1_log_loss_improvement,-0.000747013661584,,,
draw,277,movement_M3_minus_M2_log_loss_improvement,-0.0013169285335,,,
draw,277,direction_M2_minus_M1_log_loss_improvement,0.00577861045656,,,
draw,277,direction_M3_minus_M2_log_loss_improvement,-0.0053272503149,,,
draw,277,M3_minus_M1_top_one_cohort_relative_bps,-12.7033985244,,,
draw,278,movement_M2_minus_M1_brier_improvement,-8.94962193751e-05,,,
draw,278,movement_M3_minus_M2_brier_improvement,-0.000602962351192,,,
draw,278,direction_M2_minus_M1_brier_improvement,-0.0024163067811,,,
draw,278,direction_M3_minus_M2_brier_improvement,-0.00273490830732,,,
draw,278,movement_M2_minus_M1_log_loss_improvement,0.000928123500846,,,
draw,278,movement_M3_minus_M2_log_loss_improvement,-0.00154008147566,,,
draw,278,direction_M2_minus_M1_log_loss_improvement,-0.00723586497338,,,
draw,278,direction_M3_minus_M2_log_loss_improvement,-0.00688570018421,,,
draw,278,M3_minus_M1_top_one_cohort_relative_bps,-7.76443883422,,,
draw,279,movement_M2_minus_M1_brier_improvement,-0.000740857913968,,,
draw,279,movement_M3_minus_M2_brier_improvement,-0.000595542873126,,,
draw,279,direction_M2_minus_M1_brier_improvement,0.0001625379767,,,
draw,279,direction_M3_minus_M2_brier_improvement,-0.00341026115004,,,
draw,279,movement_M2_minus_M1_log_loss_improvement,-0.00115553093742,,,
draw,279,movement_M3_minus_M2_log_loss_improvement,-0.00182135818331,,,
draw,279,direction_M2_minus_M1_log_loss_improvement,-0.000833878301506,,,
draw,279,direction_M3_minus_M2_log_loss_improvement,-0.00774216952043,,,
draw,279,M3_minus_M1_top_one_cohort_relative_bps,-18.0180078444,,,
draw,280,movement_M2_minus_M1_brier_improvement,-0.00103803059365,,,
draw,280,movement_M3_minus_M2_brier_improvement,-0.000921408103766,,,
draw,280,direction_M2_minus_M1_brier_improvement,-0.000753643853386,,,
draw,280,direction_M3_minus_M2_brier_improvement,-0.000975076707791,,,
draw,280,movement_M2_minus_M1_log_loss_improvement,-0.00231204476985,,,
draw,280,movement_M3_minus_M2_log_loss_improvement,-0.00298984505547,,,
draw,280,direction_M2_minus_M1_log_loss_improvement,-0.00235977430804,,,
draw,280,direction_M3_minus_M2_log_loss_improvement,-0.00258876601275,,,
draw,280,M3_minus_M1_top_one_cohort_relative_bps,9.55074406052,,,
draw,281,movement_M2_minus_M1_brier_improvement,-0.00051908132894,,,
draw,281,movement_M3_minus_M2_brier_improvement,-0.000573863405206,,,
draw,281,direction_M2_minus_M1_brier_improvement,-0.00348797739328,,,
draw,281,direction_M3_minus_M2_brier_improvement,-0.00257132952213,,,
draw,281,movement_M2_minus_M1_log_loss_improvement,-0.000281704193649,,,
draw,281,movement_M3_minus_M2_log_loss_improvement,-0.00162251872902,,,
draw,281,direction_M2_minus_M1_log_loss_improvement,-0.00896394719636,,,
draw,281,direction_M3_minus_M2_log_loss_improvement,-0.00629791517626,,,
draw,281,M3_minus_M1_top_one_cohort_relative_bps,-2.00879967826,,,
draw,282,movement_M2_minus_M1_brier_improvement,-0.00145620648847,,,
draw,282,movement_M3_minus_M2_brier_improvement,-0.00149270154684,,,
draw,282,direction_M2_minus_M1_brier_improvement,0.000866621445549,,,
draw,282,direction_M3_minus_M2_brier_improvement,-0.00376180070959,,,
draw,282,movement_M2_minus_M1_log_loss_improvement,-0.00298718729461,,,
draw,282,movement_M3_minus_M2_log_loss_improvement,-0.00459898783911,,,
draw,282,direction_M2_minus_M1_log_loss_improvement,0.00175811220942,,,
draw,282,direction_M3_minus_M2_log_loss_improvement,-0.00872561970232,,,
draw,282,M3_minus_M1_top_one_cohort_relative_bps,0.0190197446524,,,
draw,283,movement_M2_minus_M1_brier_improvement,-0.00115374578922,,,
draw,283,movement_M3_minus_M2_brier_improvement,-0.000602750852745,,,
draw,283,direction_M2_minus_M1_brier_improvement,0.000853248087693,,,
draw,283,direction_M3_minus_M2_brier_improvement,-0.00384884524609,,,
draw,283,movement_M2_minus_M1_log_loss_improvement,-0.00283473855663,,,
draw,283,movement_M3_minus_M2_log_loss_improvement,-0.00224691933173,,,
draw,283,direction_M2_minus_M1_log_loss_improvement,0.00122605273008,,,
draw,283,direction_M3_minus_M2_log_loss_improvement,-0.00825189756064,,,
draw,283,M3_minus_M1_top_one_cohort_relative_bps,26.6854725395,,,
draw,284,movement_M2_minus_M1_brier_improvement,-0.00140953528292,,,
draw,284,movement_M3_minus_M2_brier_improvement,-0.000736500441994,,,
draw,284,direction_M2_minus_M1_brier_improvement,-0.00160156182237,,,
draw,284,direction_M3_minus_M2_brier_improvement,-0.0032302393839,,,
draw,284,movement_M2_minus_M1_log_loss_improvement,-0.00255628221147,,,
draw,284,movement_M3_minus_M2_log_loss_improvement,-0.00217623756851,,,
draw,284,direction_M2_minus_M1_log_loss_improvement,-0.00439853028131,,,
draw,284,direction_M3_minus_M2_log_loss_improvement,-0.00781905563905,,,
draw,284,M3_minus_M1_top_one_cohort_relative_bps,27.4340612661,,,
draw,285,movement_M2_minus_M1_brier_improvement,-0.00136829522276,,,
draw,285,movement_M3_minus_M2_brier_improvement,-0.000678501781856,,,
draw,285,direction_M2_minus_M1_brier_improvement,0.0013100121388,,,
draw,285,direction_M3_minus_M2_brier_improvement,-0.00308913348976,,,
draw,285,movement_M2_minus_M1_log_loss_improvement,-0.00348120561596,,,
draw,285,movement_M3_minus_M2_log_loss_improvement,-0.00219748830752,,,
draw,285,direction_M2_minus_M1_log_loss_improvement,0.0011279006412,,,
draw,285,direction_M3_minus_M2_log_loss_improvement,-0.00778143063024,,,
draw,285,M3_minus_M1_top_one_cohort_relative_bps,3.26763441207,,,
draw,286,movement_M2_minus_M1_brier_improvement,-0.000792480261767,,,
draw,286,movement_M3_minus_M2_brier_improvement,-0.00074844602579,,,
draw,286,direction_M2_minus_M1_brier_improvement,0.00130883320591,,,
draw,286,direction_M3_minus_M2_brier_improvement,-0.00256329919331,,,
draw,286,movement_M2_minus_M1_log_loss_improvement,-0.000805734215366,,,
draw,286,movement_M3_minus_M2_log_loss_improvement,-0.00243190718926,,,
draw,286,direction_M2_minus_M1_log_loss_improvement,0.00058841483811,,,
draw,286,direction_M3_minus_M2_log_loss_improvement,-0.00488685155428,,,
draw,286,M3_minus_M1_top_one_cohort_relative_bps,19.8544705033,,,
draw,287,movement_M2_minus_M1_brier_improvement,-0.00147970041585,,,
draw,287,movement_M3_minus_M2_brier_improvement,-0.000796442929725,,,
draw,287,direction_M2_minus_M1_brier_improvement,-0.000993050699437,,,
draw,287,direction_M3_minus_M2_brier_improvement,-0.00106779849797,,,
draw,287,movement_M2_minus_M1_log_loss_improvement,-0.00266415202204,,,
draw,287,movement_M3_minus_M2_log_loss_improvement,-0.00262111335195,,,
draw,287,direction_M2_minus_M1_log_loss_improvement,-0.00301086062907,,,
draw,287,direction_M3_minus_M2_log_loss_improvement,-0.00280689826127,,,
draw,287,M3_minus_M1_top_one_cohort_relative_bps,-0.368479526869,,,
draw,288,movement_M2_minus_M1_brier_improvement,-0.00118774217547,,,
draw,288,movement_M3_minus_M2_brier_improvement,-0.000642737891016,,,
draw,288,direction_M2_minus_M1_brier_improvement,0.00232376798893,,,
draw,288,direction_M3_minus_M2_brier_improvement,-0.00599526648984,,,
draw,288,movement_M2_minus_M1_log_loss_improvement,-0.00241423235611,,,
draw,288,movement_M3_minus_M2_log_loss_improvement,-0.00241912540986,,,
draw,288,direction_M2_minus_M1_log_loss_improvement,0.00368265141959,,,
draw,288,direction_M3_minus_M2_log_loss_improvement,-0.0136054583324,,,
draw,288,M3_minus_M1_top_one_cohort_relative_bps,-0.706483061559,,,
draw,289,movement_M2_minus_M1_brier_improvement,-0.000673949319054,,,
draw,289,movement_M3_minus_M2_brier_improvement,-0.00082983836779,,,
draw,289,direction_M2_minus_M1_brier_improvement,0.00182832837646,,,
draw,289,direction_M3_minus_M2_brier_improvement,-0.000953786149091,,,
draw,289,movement_M2_minus_M1_log_loss_improvement,-0.000988611488543,,,
draw,289,movement_M3_minus_M2_log_loss_improvement,-0.00261962737734,,,
draw,289,direction_M2_minus_M1_log_loss_improvement,0.00125884163171,,,
draw,289,direction_M3_minus_M2_log_loss_improvement,-0.00228730512112,,,
draw,289,M3_minus_M1_top_one_cohort_relative_bps,0.0742141125608,,,
draw,290,movement_M2_minus_M1_brier_improvement,-0.000996942993978,,,
draw,290,movement_M3_minus_M2_brier_improvement,-0.000738191066421,,,
draw,290,direction_M2_minus_M1_brier_improvement,-0.000633454984784,,,
draw,290,direction_M3_minus_M2_brier_improvement,-0.00219554541599,,,
draw,290,movement_M2_minus_M1_log_loss_improvement,-0.000887917587472,,,
draw,290,movement_M3_minus_M2_log_loss_improvement,-0.00210819384831,,,
draw,290,direction_M2_minus_M1_log_loss_improvement,-0.00328257622264,,,
draw,290,direction_M3_minus_M2_log_loss_improvement,-0.00448583527015,,,
draw,290,M3_minus_M1_top_one_cohort_relative_bps,10.3991163248,,,
draw,291,movement_M2_minus_M1_brier_improvement,-0.00185837441186,,,
draw,291,movement_M3_minus_M2_brier_improvement,-0.000777602869534,,,
draw,291,direction_M2_minus_M1_brier_improvement,-0.00440191580352,,,
draw,291,direction_M3_minus_M2_brier_improvement,-0.00343640991824,,,
draw,291,movement_M2_minus_M1_log_loss_improvement,-0.00467123385159,,,
draw,291,movement_M3_minus_M2_log_loss_improvement,-0.00225855113717,,,
draw,291,direction_M2_minus_M1_log_loss_improvement,-0.010496535342,,,
draw,291,direction_M3_minus_M2_log_loss_improvement,-0.00798151401384,,,
draw,291,M3_minus_M1_top_one_cohort_relative_bps,-12.2455228584,,,
draw,292,movement_M2_minus_M1_brier_improvement,-0.000289166742969,,,
draw,292,movement_M3_minus_M2_brier_improvement,-0.000627325352714,,,
draw,292,direction_M2_minus_M1_brier_improvement,-0.00208726075088,,,
draw,292,direction_M3_minus_M2_brier_improvement,0.000741251256445,,,
draw,292,movement_M2_minus_M1_log_loss_improvement,0.000441316421462,,,
draw,292,movement_M3_minus_M2_log_loss_improvement,-0.0021784280641,,,
draw,292,direction_M2_minus_M1_log_loss_improvement,-0.00550088689274,,,
draw,292,direction_M3_minus_M2_log_loss_improvement,0.00112789017791,,,
draw,292,M3_minus_M1_top_one_cohort_relative_bps,-3.04399421137,,,
draw,293,movement_M2_minus_M1_brier_improvement,-0.000577473491531,,,
draw,293,movement_M3_minus_M2_brier_improvement,-0.000593173602555,,,
draw,293,direction_M2_minus_M1_brier_improvement,0.00052472222333,,,
draw,293,direction_M3_minus_M2_brier_improvement,-0.00150243480852,,,
draw,293,movement_M2_minus_M1_log_loss_improvement,0.00019993026258,,,
draw,293,movement_M3_minus_M2_log_loss_improvement,-0.00165834910153,,,
draw,293,direction_M2_minus_M1_log_loss_improvement,-0.00133360219898,,,
draw,293,direction_M3_minus_M2_log_loss_improvement,-0.0030687823204,,,
draw,293,M3_minus_M1_top_one_cohort_relative_bps,20.8181023847,,,
draw,294,movement_M2_minus_M1_brier_improvement,-0.000733043191102,,,
draw,294,movement_M3_minus_M2_brier_improvement,-0.000412187095071,,,
draw,294,direction_M2_minus_M1_brier_improvement,0.000690656227858,,,
draw,294,direction_M3_minus_M2_brier_improvement,0.00012607938711,,,
draw,294,movement_M2_minus_M1_log_loss_improvement,-0.00083894870263,,,
draw,294,movement_M3_minus_M2_log_loss_improvement,-0.00161854930424,,,
draw,294,direction_M2_minus_M1_log_loss_improvement,-0.000108917673149,,,
draw,294,direction_M3_minus_M2_log_loss_improvement,0.000454775636326,,,
draw,294,M3_minus_M1_top_one_cohort_relative_bps,52.8614732449,,,
draw,295,movement_M2_minus_M1_brier_improvement,-0.00106562478516,,,
draw,295,movement_M3_minus_M2_brier_improvement,-0.000890796048495,,,
draw,295,direction_M2_minus_M1_brier_improvement,0.00152725591791,,,
draw,295,direction_M3_minus_M2_brier_improvement,-0.00269142441062,,,
draw,295,movement_M2_minus_M1_log_loss_improvement,-0.00167982999951,,,
draw,295,movement_M3_minus_M2_log_loss_improvement,-0.00226402916473,,,
draw,295,direction_M2_minus_M1_log_loss_improvement,0.00324531967297,,,
draw,295,direction_M3_minus_M2_log_loss_improvement,-0.00735241926173,,,
draw,295,M3_minus_M1_top_one_cohort_relative_bps,-9.70202006958,,,
draw,296,movement_M2_minus_M1_brier_improvement,-0.00153380846923,,,
draw,296,movement_M3_minus_M2_brier_improvement,-0.000770179965099,,,
draw,296,direction_M2_minus_M1_brier_improvement,0.00111663832194,,,
draw,296,direction_M3_minus_M2_brier_improvement,-0.00286941110992,,,
draw,296,movement_M2_minus_M1_log_loss_improvement,-0.00320561854401,,,
draw,296,movement_M3_minus_M2_log_loss_improvement,-0.00210817974292,,,
draw,296,direction_M2_minus_M1_log_loss_improvement,0.00170133253304,,,
draw,296,direction_M3_minus_M2_log_loss_improvement,-0.00725013479653,,,
draw,296,M3_minus_M1_top_one_cohort_relative_bps,31.4813072183,,,
draw,297,movement_M2_minus_M1_brier_improvement,-0.00133283863429,,,
draw,297,movement_M3_minus_M2_brier_improvement,-0.000536615416608,,,
draw,297,direction_M2_minus_M1_brier_improvement,-0.00157192588949,,,
draw,297,direction_M3_minus_M2_brier_improvement,-0.00429521815239,,,
draw,297,movement_M2_minus_M1_log_loss_improvement,-0.00265129848986,,,
draw,297,movement_M3_minus_M2_log_loss_improvement,-0.00198905197639,,,
draw,297,direction_M2_minus_M1_log_loss_improvement,-0.00428259693457,,,
draw,297,direction_M3_minus_M2_log_loss_improvement,-0.00970717031617,,,
draw,297,M3_minus_M1_top_one_cohort_relative_bps,6.3728882253,,,
draw,298,movement_M2_minus_M1_brier_improvement,-0.0007337552348,,,
draw,298,movement_M3_minus_M2_brier_improvement,-0.000570044942131,,,
draw,298,direction_M2_minus_M1_brier_improvement,0.0045051790044,,,
draw,298,direction_M3_minus_M2_brier_improvement,-0.000448135052523,,,
draw,298,movement_M2_minus_M1_log_loss_improvement,3.87334281973e-05,,,
draw,298,movement_M3_minus_M2_log_loss_improvement,-0.00172434604612,,,
draw,298,direction_M2_minus_M1_log_loss_improvement,0.00821941235165,,,
draw,298,direction_M3_minus_M2_log_loss_improvement,-0.001260819791,,,
draw,298,M3_minus_M1_top_one_cohort_relative_bps,5.40470773001,,,
draw,299,movement_M2_minus_M1_brier_improvement,-0.00104461366659,,,
draw,299,movement_M3_minus_M2_brier_improvement,-0.00080688727941,,,
draw,299,direction_M2_minus_M1_brier_improvement,-0.00323240702206,,,
draw,299,direction_M3_minus_M2_brier_improvement,-1.3155781884e-05,,,
draw,299,movement_M2_minus_M1_log_loss_improvement,-0.00210624968513,,,
draw,299,movement_M3_minus_M2_log_loss_improvement,-0.002544481714,,,
draw,299,direction_M2_minus_M1_log_loss_improvement,-0.00818866417254,,,
draw,299,direction_M3_minus_M2_log_loss_improvement,-0.000348707739267,,,
draw,299,M3_minus_M1_top_one_cohort_relative_bps,32.2294562654,,,
interval,-1,M3_minus_M1_top_one_cohort_relative_bps,7.37036960938,0.9,-28.8029843592,40.7704223981
interval,-1,M3_minus_M1_top_one_cohort_relative_bps,7.37036960938,0.95,-33.4421184473,48.0813419198
interval,-1,direction_M2_minus_M1_brier_improvement,2.22044617599e-05,0.9,-0.00315585042524,0.00311214233225
interval,-1,direction_M2_minus_M1_brier_improvement,2.22044617599e-05,0.95,-0.00331838517743,0.00368707464639
interval,-1,direction_M2_minus_M1_log_loss_improvement,-0.00127877556757,0.9,-0.00850959779825,0.00563654787828
interval,-1,direction_M2_minus_M1_log_loss_improvement,-0.00127877556757,0.95,-0.00905930712161,0.00671471779132
interval,-1,direction_M3_minus_M2_brier_improvement,-0.00235130457201,0.9,-0.00530507772912,0.000456734623733
interval,-1,direction_M3_minus_M2_brier_improvement,-0.00235130457201,0.95,-0.00551020814095,0.00100721680663
interval,-1,direction_M3_minus_M2_log_loss_improvement,-0.00552266184054,0.9,-0.0121422381042,0.000901982090269
interval,-1,direction_M3_minus_M2_log_loss_improvement,-0.00552266184054,0.95,-0.0129412123445,0.00198738662213
interval,-1,movement_M2_minus_M1_brier_improvement,-0.00100903798264,0.9,-0.00169710610396,-0.00029963898189
interval,-1,movement_M2_minus_M1_brier_improvement,-0.00100903798264,0.95,-0.00190381506478,-0.000109078221644
interval,-1,movement_M2_minus_M1_log_loss_improvement,-0.00176549394844,0.9,-0.00428992579458,0.000599673669561
interval,-1,movement_M2_minus_M1_log_loss_improvement,-0.00176549394844,0.95,-0.00465948781342,0.00115267086285
interval,-1,movement_M3_minus_M2_brier_improvement,-0.000780938879394,0.9,-0.00114144045583,-0.000461975583414
interval,-1,movement_M3_minus_M2_brier_improvement,-0.000780938879394,0.95,-0.00123480044441,-0.000420681767771
interval,-1,movement_M3_minus_M2_log_loss_improvement,-0.00243740556869,0.9,-0.00355194356391,-0.00148787273161
interval,-1,movement_M3_minus_M2_log_loss_improvement,-0.00243740556869,0.95,-0.00383037138054,-0.001307905531
