model_id,state_count,seed,candidate_state,reference_state,centroid_distance,transition_distance,duration_distance,total_cost,run_id,git_sha,contract_hash,data_snapshot_hash,panel_hash,implementation_source_hash,state_model_version,state_model_hash,model_lineage,symbol,session,segment_id,timestamp,state,age,source_artifact,source_hash,research_only,execution_enabled,order_placement,broker_connected,economic_outcomes_used,payoff_selection_used,production_runtime_modified,strategy_promotion,part_b_interaction_scoring_enabled,semantic_dictionary_promotion_enabled
regime_k6_seed20260710,6,20260710,0,1,0.287177560722,0.216189943419,0.00521760995551,0.227136663782,143cc35bbab621d585cb9bf2,91996a9cf747a614ff6d9e08eaafc3583a58b91c,7c23ba6c613d79731d3e3f1f37122ff5f97e6e6845274121313ccb1ba1459e88,67417cf1fd1267cb4a945de8dff854916bd4d5bbde0c55f5d6545b1c4b6881e3,801c0bf9d69ecdd58b21fb2ba4392137048b466668344ebfc4c8faf6a0d3e2f1,177788fe59872f782f56492a52f86c3b5177023ac875c509339d328f5ce5306f,regime_model_v2_full_right_censored_refit,4fc1a02dce9ac2311dabaeb4623a559d37286dfe58baffef53828cc7415a3425,MODEL_FULL_REFIT,not_applicable,not_applicable,not_applicable,not_applicable,-1,-1,not_applicable,not_applicable,True,False,disabled,False,False,False,False,False,False,False
regime_k6_seed20260710,6,20260710,1,3,0.0991001196257,0.206915330045,0.00394481949862,0.111780627212,143cc35bbab621d585cb9bf2,91996a9cf747a614ff6d9e08eaafc3583a58b91c,7c23ba6c613d79731d3e3f1f37122ff5f97e6e6845274121313ccb1ba1459e88,67417cf1fd1267cb4a945de8dff854916bd4d5bbde0c55f5d6545b1c4b6881e3,801c0bf9d69ecdd58b21fb2ba4392137048b466668344ebfc4c8faf6a0d3e2f1,177788fe59872f782f56492a52f86c3b5177023ac875c509339d328f5ce5306f,regime_model_v2_full_right_censored_refit,4fc1a02dce9ac2311dabaeb4623a559d37286dfe58baffef53828cc7415a3425,MODEL_FULL_REFIT,not_applicable,not_applicable,not_applicable,not_applicable,-1,-1,not_applicable,not_applicable,True,False,disabled,False,False,False,False,False,False,False
regime_k6_seed20260710,6,20260710,2,2,0.327021139748,0.204686497453,0.00234615481681,0.247736231434,143cc35bbab621d585cb9bf2,91996a9cf747a614ff6d9e08eaafc3583a58b91c,7c23ba6c613d79731d3e3f1f37122ff5f97e6e6845274121313ccb1ba1459e88,67417cf1fd1267cb4a945de8dff854916bd4d5bbde0c55f5d6545b1c4b6881e3,801c0bf9d69ecdd58b21fb2ba4392137048b466668344ebfc4c8faf6a0d3e2f1,177788fe59872f782f56492a52f86c3b5177023ac875c509339d328f5ce5306f,regime_model_v2_full_right_censored_refit,4fc1a02dce9ac2311dabaeb4623a559d37286dfe58baffef53828cc7415a3425,MODEL_FULL_REFIT,not_applicable,not_applicable,not_applicable,not_applicable,-1,-1,not_applicable,not_applicable,True,False,disabled,False,False,False,False,False,False,False
regime_k6_seed20260710,6,20260710,3,5,0.213356941028,0.144989239397,0.00102464958423,0.164415171904,143cc35bbab621d585cb9bf2,91996a9cf747a614ff6d9e08eaafc3583a58b91c,7c23ba6c613d79731d3e3f1f37122ff5f97e6e6845274121313ccb1ba1459e88,67417cf1fd1267cb4a945de8dff854916bd4d5bbde0c55f5d6545b1c4b6881e3,801c0bf9d69ecdd58b21fb2ba4392137048b466668344ebfc4c8faf6a0d3e2f1,177788fe59872f782f56492a52f86c3b5177023ac875c509339d328f5ce5306f,regime_model_v2_full_right_censored_refit,4fc1a02dce9ac2311dabaeb4623a559d37286dfe58baffef53828cc7415a3425,MODEL_FULL_REFIT,not_applicable,not_applicable,not_applicable,not_applicable,-1,-1,not_applicable,not_applicable,True,False,disabled,False,False,False,False,False,False,False
regime_k6_seed20260710,6,20260710,4,7,0.408182012282,0.361537787637,0.00371135434259,0.33585035743,143cc35bbab621d585cb9bf2,91996a9cf747a614ff6d9e08eaafc3583a58b91c,7c23ba6c613d79731d3e3f1f37122ff5f97e6e6845274121313ccb1ba1459e88,67417cf1fd1267cb4a945de8dff854916bd4d5bbde0c55f5d6545b1c4b6881e3,801c0bf9d69ecdd58b21fb2ba4392137048b466668344ebfc4c8faf6a0d3e2f1,177788fe59872f782f56492a52f86c3b5177023ac875c509339d328f5ce5306f,regime_model_v2_full_right_censored_refit,4fc1a02dce9ac2311dabaeb4623a559d37286dfe58baffef53828cc7415a3425,MODEL_FULL_REFIT,not_applicable,not_applicable,not_applicable,not_applicable,-1,-1,not_applicable,not_applicable,True,False,disabled,False,False,False,False,False,False,False
regime_k6_seed20260710,6,20260710,5,6,0.106216832224,0.193559240794,0.00324978297286,0.112607376979,143cc35bbab621d585cb9bf2,91996a9cf747a614ff6d9e08eaafc3583a58b91c,7c23ba6c613d79731d3e3f1f37122ff5f97e6e6845274121313ccb1ba1459e88,67417cf1fd1267cb4a945de8dff854916bd4d5bbde0c55f5d6545b1c4b6881e3,801c0bf9d69ecdd58b21fb2ba4392137048b466668344ebfc4c8faf6a0d3e2f1,177788fe59872f782f56492a52f86c3b5177023ac875c509339d328f5ce5306f,regime_model_v2_full_right_censored_refit,4fc1a02dce9ac2311dabaeb4623a559d37286dfe58baffef53828cc7415a3425,MODEL_FULL_REFIT,not_applicable,not_applicable,not_applicable,not_applicable,-1,-1,not_applicable,not_applicable,True,False,disabled,False,False,False,False,False,False,False
regime_k6_seed20260711,6,20260711,0,0,0.127947840361,0.230078526173,0.00216955833403,0.13461376951,143cc35bbab621d585cb9bf2,91996a9cf747a614ff6d9e08eaafc3583a58b91c,7c23ba6c613d79731d3e3f1f37122ff5f97e6e6845274121313ccb1ba1459e88,67417cf1fd1267cb4a945de8dff854916bd4d5bbde0c55f5d6545b1c4b6881e3,801c0bf9d69ecdd58b21fb2ba4392137048b466668344ebfc4c8faf6a0d3e2f1,177788fe59872f782f56492a52f86c3b5177023ac875c509339d328f5ce5306f,regime_model_v2_full_right_censored_refit,4fc1a02dce9ac2311dabaeb4623a559d37286dfe58baffef53828cc7415a3425,MODEL_FULL_REFIT,not_applicable,not_applicable,not_applicable,not_applicable,-1,-1,not_applicable,not_applicable,True,False,disabled,False,False,False,False,False,False,False
regime_k6_seed20260711,6,20260711,1,2,0.257914879989,0.207054642957,0.0233125490084,0.210009471084,143cc35bbab621d585cb9bf2,91996a9cf747a614ff6d9e08eaafc3583a58b91c,7c23ba6c613d79731d3e3f1f37122ff5f97e6e6845274121313ccb1ba1459e88,67417cf1fd1267cb4a945de8dff854916bd4d5bbde0c55f5d6545b1c4b6881e3,801c0bf9d69ecdd58b21fb2ba4392137048b466668344ebfc4c8faf6a0d3e2f1,177788fe59872f782f56492a52f86c3b5177023ac875c509339d328f5ce5306f,regime_model_v2_full_right_censored_refit,4fc1a02dce9ac2311dabaeb4623a559d37286dfe58baffef53828cc7415a3425,MODEL_FULL_REFIT,not_applicable,not_applicable,not_applicable,not_applicable,-1,-1,not_applicable,not_applicable,True,False,disabled,False,False,False,False,False,False,False
regime_k6_seed20260711,6,20260711,2,3,0.293048261173,0.206267891434,0.0143668466405,0.229550956558,143cc35bbab621d585cb9bf2,91996a9cf747a614ff6d9e08eaafc3583a58b91c,7c23ba6c613d79731d3e3f1f37122ff5f97e6e6845274121313ccb1ba1459e88,67417cf1fd1267cb4a945de8dff854916bd4d5bbde0c55f5d6545b1c4b6881e3,801c0bf9d69ecdd58b21fb2ba4392137048b466668344ebfc4c8faf6a0d3e2f1,177788fe59872f782f56492a52f86c3b5177023ac875c509339d328f5ce5306f,regime_model_v2_full_right_censored_refit,4fc1a02dce9ac2311dabaeb4623a559d37286dfe58baffef53828cc7415a3425,MODEL_FULL_REFIT,not_applicable,not_applicable,not_applicable,not_applicable,-1,-1,not_applicable,not_applicable,True,False,disabled,False,False,False,False,False,False,False
regime_k6_seed20260711,6,20260711,3,1,0.240914159881,0.199610148475,0.00251583335164,0.19482840805,143cc35bbab621d585cb9bf2,91996a9cf747a614ff6d9e08eaafc3583a58b91c,7c23ba6c613d79731d3e3f1f37122ff5f97e6e6845274121313ccb1ba1459e88,67417cf1fd1267cb4a945de8dff854916bd4d5bbde0c55f5d6545b1c4b6881e3,801c0bf9d69ecdd58b21fb2ba4392137048b466668344ebfc4c8faf6a0d3e2f1,177788fe59872f782f56492a52f86c3b5177023ac875c509339d328f5ce5306f,regime_model_v2_full_right_censored_refit,4fc1a02dce9ac2311dabaeb4623a559d37286dfe58baffef53828cc7415a3425,MODEL_FULL_REFIT,not_applicable,not_applicable,not_applicable,not_applicable,-1,-1,not_applicable,not_applicable,True,False,disabled,False,False,False,False,False,False,False
regime_k6_seed20260711,6,20260711,4,6,0.158054047637,0.186103897969,0.00629231531231,0.142302250371,143cc35bbab621d585cb9bf2,91996a9cf747a614ff6d9e08eaafc3583a58b91c,7c23ba6c613d79731d3e3f1f37122ff5f97e6e6845274121313ccb1ba1459e88,67417cf1fd1267cb4a945de8dff854916bd4d5bbde0c55f5d6545b1c4b6881e3,801c0bf9d69ecdd58b21fb2ba4392137048b466668344ebfc4c8faf6a0d3e2f1,177788fe59872f782f56492a52f86c3b5177023ac875c509339d328f5ce5306f,regime_model_v2_full_right_censored_refit,4fc1a02dce9ac2311dabaeb4623a559d37286dfe58baffef53828cc7415a3425,MODEL_FULL_REFIT,not_applicable,not_applicable,not_applicable,not_applicable,-1,-1,not_applicable,not_applicable,True,False,disabled,False,False,False,False,False,False,False
regime_k6_seed20260711,6,20260711,5,4,0.439273933172,0.162717589106,0.00563260712692,0.305088648249,143cc35bbab621d585cb9bf2,91996a9cf747a614ff6d9e08eaafc3583a58b91c,7c23ba6c613d79731d3e3f1f37122ff5f97e6e6845274121313ccb1ba1459e88,67417cf1fd1267cb4a945de8dff854916bd4d5bbde0c55f5d6545b1c4b6881e3,801c0bf9d69ecdd58b21fb2ba4392137048b466668344ebfc4c8faf6a0d3e2f1,177788fe59872f782f56492a52f86c3b5177023ac875c509339d328f5ce5306f,regime_model_v2_full_right_censored_refit,4fc1a02dce9ac2311dabaeb4623a559d37286dfe58baffef53828cc7415a3425,MODEL_FULL_REFIT,not_applicable,not_applicable,not_applicable,not_applicable,-1,-1,not_applicable,not_applicable,True,False,disabled,False,False,False,False,False,False,False
regime_k6_seed20260712,6,20260712,0,0,0.286215274588,0.23478108274,0.00403861778617,0.231030228105,143cc35bbab621d585cb9bf2,91996a9cf747a614ff6d9e08eaafc3583a58b91c,7c23ba6c613d79731d3e3f1f37122ff5f97e6e6845274121313ccb1ba1459e88,67417cf1fd1267cb4a945de8dff854916bd4d5bbde0c55f5d6545b1c4b6881e3,801c0bf9d69ecdd58b21fb2ba4392137048b466668344ebfc4c8faf6a0d3e2f1,177788fe59872f782f56492a52f86c3b5177023ac875c509339d328f5ce5306f,regime_model_v2_full_right_censored_refit,4fc1a02dce9ac2311dabaeb4623a559d37286dfe58baffef53828cc7415a3425,MODEL_FULL_REFIT,not_applicable,not_applicable,not_applicable,not_applicable,-1,-1,not_applicable,not_applicable,True,False,disabled,False,False,False,False,False,False,False
regime_k6_seed20260712,6,20260712,1,2,0.366607004907,0.207641504101,0.00932372110469,0.273273137135,143cc35bbab621d585cb9bf2,91996a9cf747a614ff6d9e08eaafc3583a58b91c,7c23ba6c613d79731d3e3f1f37122ff5f97e6e6845274121313ccb1ba1459e88,67417cf1fd1267cb4a945de8dff854916bd4d5bbde0c55f5d6545b1c4b6881e3,801c0bf9d69ecdd58b21fb2ba4392137048b466668344ebfc4c8faf6a0d3e2f1,177788fe59872f782f56492a52f86c3b5177023ac875c509339d328f5ce5306f,regime_model_v2_full_right_censored_refit,4fc1a02dce9ac2311dabaeb4623a559d37286dfe58baffef53828cc7415a3425,MODEL_FULL_REFIT,not_applicable,not_applicable,not_applicable,not_applicable,-1,-1,not_applicable,not_applicable,True,False,disabled,False,False,False,False,False,False,False
regime_k6_seed20260712,6,20260712,2,3,0.173157376958,0.212107510891,0.00837949998769,0.158178228896,143cc35bbab621d585cb9bf2,91996a9cf747a614ff6d9e08eaafc3583a58b91c,7c23ba6c613d79731d3e3f1f37122ff5f97e6e6845274121313ccb1ba1459e88,67417cf1fd1267cb4a945de8dff854916bd4d5bbde0c55f5d6545b1c4b6881e3,801c0bf9d69ecdd58b21fb2ba4392137048b466668344ebfc4c8faf6a0d3e2f1,177788fe59872f782f56492a52f86c3b5177023ac875c509339d328f5ce5306f,regime_model_v2_full_right_censored_refit,4fc1a02dce9ac2311dabaeb4623a559d37286dfe58baffef53828cc7415a3425,MODEL_FULL_REFIT,not_applicable,not_applicable,not_applicable,not_applicable,-1,-1,not_applicable,not_applicable,True,False,disabled,False,False,False,False,False,False,False
regime_k6_seed20260712,6,20260712,3,5,0.289414332785,0.146572138909,0.00218853329216,0.210619914392,143cc35bbab621d585cb9bf2,91996a9cf747a614ff6d9e08eaafc3583a58b91c,7c23ba6c613d79731d3e3f1f37122ff5f97e6e6845274121313ccb1ba1459e88,67417cf1fd1267cb4a945de8dff854916bd4d5bbde0c55f5d6545b1c4b6881e3,801c0bf9d69ecdd58b21fb2ba4392137048b466668344ebfc4c8faf6a0d3e2f1,177788fe59872f782f56492a52f86c3b5177023ac875c509339d328f5ce5306f,regime_model_v2_full_right_censored_refit,4fc1a02dce9ac2311dabaeb4623a559d37286dfe58baffef53828cc7415a3425,MODEL_FULL_REFIT,not_applicable,not_applicable,not_applicable,not_applicable,-1,-1,not_applicable,not_applicable,True,False,disabled,False,False,False,False,False,False,False
regime_k6_seed20260712,6,20260712,4,6,0.175439527592,0.19438775817,0.00648524903945,0.154833443454,143cc35bbab621d585cb9bf2,91996a9cf747a614ff6d9e08eaafc3583a58b91c,7c23ba6c613d79731d3e3f1f37122ff5f97e6e6845274121313ccb1ba1459e88,67417cf1fd1267cb4a945de8dff854916bd4d5bbde0c55f5d6545b1c4b6881e3,801c0bf9d69ecdd58b21fb2ba4392137048b466668344ebfc4c8faf6a0d3e2f1,177788fe59872f782f56492a52f86c3b5177023ac875c509339d328f5ce5306f,regime_model_v2_full_right_censored_refit,4fc1a02dce9ac2311dabaeb4623a559d37286dfe58baffef53828cc7415a3425,MODEL_FULL_REFIT,not_applicable,not_applicable,not_applicable,not_applicable,-1,-1,not_applicable,not_applicable,True,False,disabled,False,False,False,False,False,False,False
regime_k6_seed20260712,6,20260712,5,7,0.39398640331,0.369877725477,0.00349985501847,0.329386251608,143cc35bbab621d585cb9bf2,91996a9cf747a614ff6d9e08eaafc3583a58b91c,7c23ba6c613d79731d3e3f1f37122ff5f97e6e6845274121313ccb1ba1459e88,67417cf1fd1267cb4a945de8dff854916bd4d5bbde0c55f5d6545b1c4b6881e3,801c0bf9d69ecdd58b21fb2ba4392137048b466668344ebfc4c8faf6a0d3e2f1,177788fe59872f782f56492a52f86c3b5177023ac875c509339d328f5ce5306f,regime_model_v2_full_right_censored_refit,4fc1a02dce9ac2311dabaeb4623a559d37286dfe58baffef53828cc7415a3425,MODEL_FULL_REFIT,not_applicable,not_applicable,not_applicable,not_applicable,-1,-1,not_applicable,not_applicable,True,False,disabled,False,False,False,False,False,False,False
regime_k6_seed20260713,6,20260713,0,0,0.670423375368,0.228843161462,0.0137135664496,0.461521850554,143cc35bbab621d585cb9bf2,91996a9cf747a614ff6d9e08eaafc3583a58b91c,7c23ba6c613d79731d3e3f1f37122ff5f97e6e6845274121313ccb1ba1459e88,67417cf1fd1267cb4a945de8dff854916bd4d5bbde0c55f5d6545b1c4b6881e3,801c0bf9d69ecdd58b21fb2ba4392137048b466668344ebfc4c8faf6a0d3e2f1,177788fe59872f782f56492a52f86c3b5177023ac875c509339d328f5ce5306f,regime_model_v2_full_right_censored_refit,4fc1a02dce9ac2311dabaeb4623a559d37286dfe58baffef53828cc7415a3425,MODEL_FULL_REFIT,not_applicable,not_applicable,not_applicable,not_applicable,-1,-1,not_applicable,not_applicable,True,False,disabled,False,False,False,False,False,False,False
regime_k6_seed20260713,6,20260713,1,1,0.344712457918,0.220411879004,0.0104892570217,0.263503833055,143cc35bbab621d585cb9bf2,91996a9cf747a614ff6d9e08eaafc3583a58b91c,7c23ba6c613d79731d3e3f1f37122ff5f97e6e6845274121313ccb1ba1459e88,67417cf1fd1267cb4a945de8dff854916bd4d5bbde0c55f5d6545b1c4b6881e3,801c0bf9d69ecdd58b21fb2ba4392137048b466668344ebfc4c8faf6a0d3e2f1,177788fe59872f782f56492a52f86c3b5177023ac875c509339d328f5ce5306f,regime_model_v2_full_right_censored_refit,4fc1a02dce9ac2311dabaeb4623a559d37286dfe58baffef53828cc7415a3425,MODEL_FULL_REFIT,not_applicable,not_applicable,not_applicable,not_applicable,-1,-1,not_applicable,not_applicable,True,False,disabled,False,False,False,False,False,False,False
regime_k6_seed20260713,6,20260713,2,3,0.224250431798,0.222295688795,0.0118145462976,0.191896363222,143cc35bbab621d585cb9bf2,91996a9cf747a614ff6d9e08eaafc3583a58b91c,7c23ba6c613d79731d3e3f1f37122ff5f97e6e6845274121313ccb1ba1459e88,67417cf1fd1267cb4a945de8dff854916bd4d5bbde0c55f5d6545b1c4b6881e3,801c0bf9d69ecdd58b21fb2ba4392137048b466668344ebfc4c8faf6a0d3e2f1,177788fe59872f782f56492a52f86c3b5177023ac875c509339d328f5ce5306f,regime_model_v2_full_right_censored_refit,4fc1a02dce9ac2311dabaeb4623a559d37286dfe58baffef53828cc7415a3425,MODEL_FULL_REFIT,not_applicable,not_applicable,not_applicable,not_applicable,-1,-1,not_applicable,not_applicable,True,False,disabled,False,False,False,False,False,False,False
regime_k6_seed20260713,6,20260713,3,5,0.219791895621,0.15644344487,0.00227303935049,0.171326954492,143cc35bbab621d585cb9bf2,91996a9cf747a614ff6d9e08eaafc3583a58b91c,7c23ba6c613d79731d3e3f1f37122ff5f97e6e6845274121313ccb1ba1459e88,67417cf1fd1267cb4a945de8dff854916bd4d5bbde0c55f5d6545b1c4b6881e3,801c0bf9d69ecdd58b21fb2ba4392137048b466668344ebfc4c8faf6a0d3e2f1,177788fe59872f782f56492a52f86c3b5177023ac875c509339d328f5ce5306f,regime_model_v2_full_right_censored_refit,4fc1a02dce9ac2311dabaeb4623a559d37286dfe58baffef53828cc7415a3425,MODEL_FULL_REFIT,not_applicable,not_applicable,not_applicable,not_applicable,-1,-1,not_applicable,not_applicable,True,False,disabled,False,False,False,False,False,False,False
regime_k6_seed20260713,6,20260713,4,6,0.22244164182,0.191791647052,0.00582658203536,0.18228688416,143cc35bbab621d585cb9bf2,91996a9cf747a614ff6d9e08eaafc3583a58b91c,7c23ba6c613d79731d3e3f1f37122ff5f97e6e6845274121313ccb1ba1459e88,67417cf1fd1267cb4a945de8dff854916bd4d5bbde0c55f5d6545b1c4b6881e3,801c0bf9d69ecdd58b21fb2ba4392137048b466668344ebfc4c8faf6a0d3e2f1,177788fe59872f782f56492a52f86c3b5177023ac875c509339d328f5ce5306f,regime_model_v2_full_right_censored_refit,4fc1a02dce9ac2311dabaeb4623a559d37286dfe58baffef53828cc7415a3425,MODEL_FULL_REFIT,not_applicable,not_applicable,not_applicable,not_applicable,-1,-1,not_applicable,not_applicable,True,False,disabled,False,False,False,False,False,False,False
regime_k6_seed20260713,6,20260713,5,7,0.390472201532,0.379405756089,0.00352792559102,0.32966394878,143cc35bbab621d585cb9bf2,91996a9cf747a614ff6d9e08eaafc3583a58b91c,7c23ba6c613d79731d3e3f1f37122ff5f97e6e6845274121313ccb1ba1459e88,67417cf1fd1267cb4a945de8dff854916bd4d5bbde0c55f5d6545b1c4b6881e3,801c0bf9d69ecdd58b21fb2ba4392137048b466668344ebfc4c8faf6a0d3e2f1,177788fe59872f782f56492a52f86c3b5177023ac875c509339d328f5ce5306f,regime_model_v2_full_right_censored_refit,4fc1a02dce9ac2311dabaeb4623a559d37286dfe58baffef53828cc7415a3425,MODEL_FULL_REFIT,not_applicable,not_applicable,not_applicable,not_applicable,-1,-1,not_applicable,not_applicable,True,False,disabled,False,False,False,False,False,False,False
regime_k6_seed20260714,6,20260714,0,0,0.210961837216,0.236920887241,0.0176838631751,0.188459903616,143cc35bbab621d585cb9bf2,91996a9cf747a614ff6d9e08eaafc3583a58b91c,7c23ba6c613d79731d3e3f1f37122ff5f97e6e6845274121313ccb1ba1459e88,67417cf1fd1267cb4a945de8dff854916bd4d5bbde0c55f5d6545b1c4b6881e3,801c0bf9d69ecdd58b21fb2ba4392137048b466668344ebfc4c8faf6a0d3e2f1,177788fe59872f782f56492a52f86c3b5177023ac875c509339d328f5ce5306f,regime_model_v2_full_right_censored_refit,4fc1a02dce9ac2311dabaeb4623a559d37286dfe58baffef53828cc7415a3425,MODEL_FULL_REFIT,not_applicable,not_applicable,not_applicable,not_applicable,-1,-1,not_applicable,not_applicable,True,False,disabled,False,False,False,False,False,False,False
regime_k6_seed20260714,6,20260714,1,3,0.205923425606,0.204079946743,0.00644005778872,0.175540050717,143cc35bbab621d585cb9bf2,91996a9cf747a614ff6d9e08eaafc3583a58b91c,7c23ba6c613d79731d3e3f1f37122ff5f97e6e6845274121313ccb1ba1459e88,67417cf1fd1267cb4a945de8dff854916bd4d5bbde0c55f5d6545b1c4b6881e3,801c0bf9d69ecdd58b21fb2ba4392137048b466668344ebfc4c8faf6a0d3e2f1,177788fe59872f782f56492a52f86c3b5177023ac875c509339d328f5ce5306f,regime_model_v2_full_right_censored_refit,4fc1a02dce9ac2311dabaeb4623a559d37286dfe58baffef53828cc7415a3425,MODEL_FULL_REFIT,not_applicable,not_applicable,not_applicable,not_applicable,-1,-1,not_applicable,not_applicable,True,False,disabled,False,False,False,False,False,False,False
regime_k6_seed20260714,6,20260714,2,2,0.364644175709,0.203482220667,0.0030941588879,0.270121184425,143cc35bbab621d585cb9bf2,91996a9cf747a614ff6d9e08eaafc3583a58b91c,7c23ba6c613d79731d3e3f1f37122ff5f97e6e6845274121313ccb1ba1459e88,67417cf1fd1267cb4a945de8dff854916bd4d5bbde0c55f5d6545b1c4b6881e3,801c0bf9d69ecdd58b21fb2ba4392137048b466668344ebfc4c8faf6a0d3e2f1,177788fe59872f782f56492a52f86c3b5177023ac875c509339d328f5ce5306f,regime_model_v2_full_right_censored_refit,4fc1a02dce9ac2311dabaeb4623a559d37286dfe58baffef53828cc7415a3425,MODEL_FULL_REFIT,not_applicable,not_applicable,not_applicable,not_applicable,-1,-1,not_applicable,not_applicable,True,False,disabled,False,False,False,False,False,False,False
regime_k6_seed20260714,6,20260714,3,5,0.255932670177,0.150663418103,0.00399406599197,0.191824566531,143cc35bbab621d585cb9bf2,91996a9cf747a614ff6d9e08eaafc3583a58b91c,7c23ba6c613d79731d3e3f1f37122ff5f97e6e6845274121313ccb1ba1459e88,67417cf1fd1267cb4a945de8dff854916bd4d5bbde0c55f5d6545b1c4b6881e3,801c0bf9d69ecdd58b21fb2ba4392137048b466668344ebfc4c8faf6a0d3e2f1,177788fe59872f782f56492a52f86c3b5177023ac875c509339d328f5ce5306f,regime_model_v2_full_right_censored_refit,4fc1a02dce9ac2311dabaeb4623a559d37286dfe58baffef53828cc7415a3425,MODEL_FULL_REFIT,not_applicable,not_applicable,not_applicable,not_applicable,-1,-1,not_applicable,not_applicable,True,False,disabled,False,False,False,False,False,False,False
regime_k6_seed20260714,6,20260714,4,6,0.197877505981,0.193844041925,0.0035814185117,0.167724726846,143cc35bbab621d585cb9bf2,91996a9cf747a614ff6d9e08eaafc3583a58b91c,7c23ba6c613d79731d3e3f1f37122ff5f97e6e6845274121313ccb1ba1459e88,67417cf1fd1267cb4a945de8dff854916bd4d5bbde0c55f5d6545b1c4b6881e3,801c0bf9d69ecdd58b21fb2ba4392137048b466668344ebfc4c8faf6a0d3e2f1,177788fe59872f782f56492a52f86c3b5177023ac875c509339d328f5ce5306f,regime_model_v2_full_right_censored_refit,4fc1a02dce9ac2311dabaeb4623a559d37286dfe58baffef53828cc7415a3425,MODEL_FULL_REFIT,not_applicable,not_applicable,not_applicable,not_applicable,-1,-1,not_applicable,not_applicable,True,False,disabled,False,False,False,False,False,False,False
regime_k6_seed20260714,6,20260714,5,4,0.499743659516,0.149249863285,0.00526281426732,0.337948083671,143cc35bbab621d585cb9bf2,91996a9cf747a614ff6d9e08eaafc3583a58b91c,7c23ba6c613d79731d3e3f1f37122ff5f97e6e6845274121313ccb1ba1459e88,67417cf1fd1267cb4a945de8dff854916bd4d5bbde0c55f5d6545b1c4b6881e3,801c0bf9d69ecdd58b21fb2ba4392137048b466668344ebfc4c8faf6a0d3e2f1,177788fe59872f782f56492a52f86c3b5177023ac875c509339d328f5ce5306f,regime_model_v2_full_right_censored_refit,4fc1a02dce9ac2311dabaeb4623a559d37286dfe58baffef53828cc7415a3425,MODEL_FULL_REFIT,not_applicable,not_applicable,not_applicable,not_applicable,-1,-1,not_applicable,not_applicable,True,False,disabled,False,False,False,False,False,False,False
regime_k8_seed20260710,8,20260710,0,0,0.172280468311,0.0672191821331,0.00989225685736,0.121656915048,143cc35bbab621d585cb9bf2,91996a9cf747a614ff6d9e08eaafc3583a58b91c,7c23ba6c613d79731d3e3f1f37122ff5f97e6e6845274121313ccb1ba1459e88,67417cf1fd1267cb4a945de8dff854916bd4d5bbde0c55f5d6545b1c4b6881e3,801c0bf9d69ecdd58b21fb2ba4392137048b466668344ebfc4c8faf6a0d3e2f1,177788fe59872f782f56492a52f86c3b5177023ac875c509339d328f5ce5306f,regime_model_v2_full_right_censored_refit,4fc1a02dce9ac2311dabaeb4623a559d37286dfe58baffef53828cc7415a3425,MODEL_FULL_REFIT,not_applicable,not_applicable,not_applicable,not_applicable,-1,-1,not_applicable,not_applicable,True,False,disabled,False,False,False,False,False,False,False
regime_k8_seed20260710,8,20260710,1,1,0.142956244788,0.0643264213673,0.00675133288387,0.102868052147,143cc35bbab621d585cb9bf2,91996a9cf747a614ff6d9e08eaafc3583a58b91c,7c23ba6c613d79731d3e3f1f37122ff5f97e6e6845274121313ccb1ba1459e88,67417cf1fd1267cb4a945de8dff854916bd4d5bbde0c55f5d6545b1c4b6881e3,801c0bf9d69ecdd58b21fb2ba4392137048b466668344ebfc4c8faf6a0d3e2f1,177788fe59872f782f56492a52f86c3b5177023ac875c509339d328f5ce5306f,regime_model_v2_full_right_censored_refit,4fc1a02dce9ac2311dabaeb4623a559d37286dfe58baffef53828cc7415a3425,MODEL_FULL_REFIT,not_applicable,not_applicable,not_applicable,not_applicable,-1,-1,not_applicable,not_applicable,True,False,disabled,False,False,False,False,False,False,False
regime_k8_seed20260710,8,20260710,2,3,0.152573361125,0.0604030011105,0.00424772917211,0.107281926328,143cc35bbab621d585cb9bf2,91996a9cf747a614ff6d9e08eaafc3583a58b91c,7c23ba6c613d79731d3e3f1f37122ff5f97e6e6845274121313ccb1ba1459e88,67417cf1fd1267cb4a945de8dff854916bd4d5bbde0c55f5d6545b1c4b6881e3,801c0bf9d69ecdd58b21fb2ba4392137048b466668344ebfc4c8faf6a0d3e2f1,177788fe59872f782f56492a52f86c3b5177023ac875c509339d328f5ce5306f,regime_model_v2_full_right_censored_refit,4fc1a02dce9ac2311dabaeb4623a559d37286dfe58baffef53828cc7415a3425,MODEL_FULL_REFIT,not_applicable,not_applicable,not_applicable,not_applicable,-1,-1,not_applicable,not_applicable,True,False,disabled,False,False,False,False,False,False,False
regime_k8_seed20260710,8,20260710,3,2,0.328334529002,0.0588985742623,0.0025837532412,0.212112923953,143cc35bbab621d585cb9bf2,91996a9cf747a614ff6d9e08eaafc3583a58b91c,7c23ba6c613d79731d3e3f1f37122ff5f97e6e6845274121313ccb1ba1459e88,67417cf1fd1267cb4a945de8dff854916bd4d5bbde0c55f5d6545b1c4b6881e3,801c0bf9d69ecdd58b21fb2ba4392137048b466668344ebfc4c8faf6a0d3e2f1,177788fe59872f782f56492a52f86c3b5177023ac875c509339d328f5ce5306f,regime_model_v2_full_right_censored_refit,4fc1a02dce9ac2311dabaeb4623a559d37286dfe58baffef53828cc7415a3425,MODEL_FULL_REFIT,not_applicable,not_applicable,not_applicable,not_applicable,-1,-1,not_applicable,not_applicable,True,False,disabled,False,False,False,False,False,False,False
regime_k8_seed20260710,8,20260710,4,5,0.370867311431,0.0251761537244,0.0122206129982,0.23064751724,143cc35bbab621d585cb9bf2,91996a9cf747a614ff6d9e08eaafc3583a58b91c,7c23ba6c613d79731d3e3f1f37122ff5f97e6e6845274121313ccb1ba1459e88,67417cf1fd1267cb4a945de8dff854916bd4d5bbde0c55f5d6545b1c4b6881e3,801c0bf9d69ecdd58b21fb2ba4392137048b466668344ebfc4c8faf6a0d3e2f1,177788fe59872f782f56492a52f86c3b5177023ac875c509339d328f5ce5306f,regime_model_v2_full_right_censored_refit,4fc1a02dce9ac2311dabaeb4623a559d37286dfe58baffef53828cc7415a3425,MODEL_FULL_REFIT,not_applicable,not_applicable,not_applicable,not_applicable,-1,-1,not_applicable,not_applicable,True,False,disabled,False,False,False,False,False,False,False
regime_k8_seed20260710,8,20260710,5,4,0.48252851998,0.0553120794463,0.0194353324173,0.306260431712,143cc35bbab621d585cb9bf2,91996a9cf747a614ff6d9e08eaafc3583a58b91c,7c23ba6c613d79731d3e3f1f37122ff5f97e6e6845274121313ccb1ba1459e88,67417cf1fd1267cb4a945de8dff854916bd4d5bbde0c55f5d6545b1c4b6881e3,801c0bf9d69ecdd58b21fb2ba4392137048b466668344ebfc4c8faf6a0d3e2f1,177788fe59872f782f56492a52f86c3b5177023ac875c509339d328f5ce5306f,regime_model_v2_full_right_censored_refit,4fc1a02dce9ac2311dabaeb4623a559d37286dfe58baffef53828cc7415a3425,MODEL_FULL_REFIT,not_applicable,not_applicable,not_applicable,not_applicable,-1,-1,not_applicable,not_applicable,True,False,disabled,False,False,False,False,False,False,False
regime_k8_seed20260710,8,20260710,6,7,0.242874879887,0.165879881433,0.00400794137912,0.187796089498,143cc35bbab621d585cb9bf2,91996a9cf747a614ff6d9e08eaafc3583a58b91c,7c23ba6c613d79731d3e3f1f37122ff5f97e6e6845274121313ccb1ba1459e88,67417cf1fd1267cb4a945de8dff854916bd4d5bbde0c55f5d6545b1c4b6881e3,801c0bf9d69ecdd58b21fb2ba4392137048b466668344ebfc4c8faf6a0d3e2f1,177788fe59872f782f56492a52f86c3b5177023ac875c509339d328f5ce5306f,regime_model_v2_full_right_censored_refit,4fc1a02dce9ac2311dabaeb4623a559d37286dfe58baffef53828cc7415a3425,MODEL_FULL_REFIT,not_applicable,not_applicable,not_applicable,not_applicable,-1,-1,not_applicable,not_applicable,True,False,disabled,False,False,False,False,False,False,False
regime_k8_seed20260710,8,20260710,7,6,0.254989707587,0.0312080949248,0.00577838730722,0.16166260638,143cc35bbab621d585cb9bf2,91996a9cf747a614ff6d9e08eaafc3583a58b91c,7c23ba6c613d79731d3e3f1f37122ff5f97e6e6845274121313ccb1ba1459e88,67417cf1fd1267cb4a945de8dff854916bd4d5bbde0c55f5d6545b1c4b6881e3,801c0bf9d69ecdd58b21fb2ba4392137048b466668344ebfc4c8faf6a0d3e2f1,177788fe59872f782f56492a52f86c3b5177023ac875c509339d328f5ce5306f,regime_model_v2_full_right_censored_refit,4fc1a02dce9ac2311dabaeb4623a559d37286dfe58baffef53828cc7415a3425,MODEL_FULL_REFIT,not_applicable,not_applicable,not_applicable,not_applicable,-1,-1,not_applicable,not_applicable,True,False,disabled,False,False,False,False,False,False,False
regime_k8_seed20260711,8,20260711,0,1,0.314509417173,0.0506290967062,0.00343687954822,0.201878456412,143cc35bbab621d585cb9bf2,91996a9cf747a614ff6d9e08eaafc3583a58b91c,7c23ba6c613d79731d3e3f1f37122ff5f97e6e6845274121313ccb1ba1459e88,67417cf1fd1267cb4a945de8dff854916bd4d5bbde0c55f5d6545b1c4b6881e3,801c0bf9d69ecdd58b21fb2ba4392137048b466668344ebfc4c8faf6a0d3e2f1,177788fe59872f782f56492a52f86c3b5177023ac875c509339d328f5ce5306f,regime_model_v2_full_right_censored_refit,4fc1a02dce9ac2311dabaeb4623a559d37286dfe58baffef53828cc7415a3425,MODEL_FULL_REFIT,not_applicable,not_applicable,not_applicable,not_applicable,-1,-1,not_applicable,not_applicable,True,False,disabled,False,False,False,False,False,False,False
regime_k8_seed20260711,8,20260711,1,0,0.409129846301,0.0514225585301,0.0110534923089,0.259991571259,143cc35bbab621d585cb9bf2,91996a9cf747a614ff6d9e08eaafc3583a58b91c,7c23ba6c613d79731d3e3f1f37122ff5f97e6e6845274121313ccb1ba1459e88,67417cf1fd1267cb4a945de8dff854916bd4d5bbde0c55f5d6545b1c4b6881e3,801c0bf9d69ecdd58b21fb2ba4392137048b466668344ebfc4c8faf6a0d3e2f1,177788fe59872f782f56492a52f86c3b5177023ac875c509339d328f5ce5306f,regime_model_v2_full_right_censored_refit,4fc1a02dce9ac2311dabaeb4623a559d37286dfe58baffef53828cc7415a3425,MODEL_FULL_REFIT,not_applicable,not_applicable,not_applicable,not_applicable,-1,-1,not_applicable,not_applicable,True,False,disabled,False,False,False,False,False,False,False
regime_k8_seed20260711,8,20260711,2,3,0.156150296742,0.0450787663562,0.00282963343492,0.105384314649,143cc35bbab621d585cb9bf2,91996a9cf747a614ff6d9e08eaafc3583a58b91c,7c23ba6c613d79731d3e3f1f37122ff5f97e6e6845274121313ccb1ba1459e88,67417cf1fd1267cb4a945de8dff854916bd4d5bbde0c55f5d6545b1c4b6881e3,801c0bf9d69ecdd58b21fb2ba4392137048b466668344ebfc4c8faf6a0d3e2f1,177788fe59872f782f56492a52f86c3b5177023ac875c509339d328f5ce5306f,regime_model_v2_full_right_censored_refit,4fc1a02dce9ac2311dabaeb4623a559d37286dfe58baffef53828cc7415a3425,MODEL_FULL_REFIT,not_applicable,not_applicable,not_applicable,not_applicable,-1,-1,not_applicable,not_applicable,True,False,disabled,False,False,False,False,False,False,False
regime_k8_seed20260711,8,20260711,3,2,0.37360645946,0.0635027865707,0.00163462557738,0.240284766155,143cc35bbab621d585cb9bf2,91996a9cf747a614ff6d9e08eaafc3583a58b91c,7c23ba6c613d79731d3e3f1f37122ff5f97e6e6845274121313ccb1ba1459e88,67417cf1fd1267cb4a945de8dff854916bd4d5bbde0c55f5d6545b1c4b6881e3,801c0bf9d69ecdd58b21fb2ba4392137048b466668344ebfc4c8faf6a0d3e2f1,177788fe59872f782f56492a52f86c3b5177023ac875c509339d328f5ce5306f,regime_model_v2_full_right_censored_refit,4fc1a02dce9ac2311dabaeb4623a559d37286dfe58baffef53828cc7415a3425,MODEL_FULL_REFIT,not_applicable,not_applicable,not_applicable,not_applicable,-1,-1,not_applicable,not_applicable,True,False,disabled,False,False,False,False,False,False,False
regime_k8_seed20260711,8,20260711,4,5,0.351632045316,0.0185908076967,0.00581092640574,0.216498568074,143cc35bbab621d585cb9bf2,91996a9cf747a614ff6d9e08eaafc3583a58b91c,7c23ba6c613d79731d3e3f1f37122ff5f97e6e6845274121313ccb1ba1459e88,67417cf1fd1267cb4a945de8dff854916bd4d5bbde0c55f5d6545b1c4b6881e3,801c0bf9d69ecdd58b21fb2ba4392137048b466668344ebfc4c8faf6a0d3e2f1,177788fe59872f782f56492a52f86c3b5177023ac875c509339d328f5ce5306f,regime_model_v2_full_right_censored_refit,4fc1a02dce9ac2311dabaeb4623a559d37286dfe58baffef53828cc7415a3425,MODEL_FULL_REFIT,not_applicable,not_applicable,not_applicable,not_applicable,-1,-1,not_applicable,not_applicable,True,False,disabled,False,False,False,False,False,False,False
regime_k8_seed20260711,8,20260711,5,6,0.152256655919,0.0349783726112,0.00147900770228,0.10032043786,143cc35bbab621d585cb9bf2,91996a9cf747a614ff6d9e08eaafc3583a58b91c,7c23ba6c613d79731d3e3f1f37122ff5f97e6e6845274121313ccb1ba1459e88,67417cf1fd1267cb4a945de8dff854916bd4d5bbde0c55f5d6545b1c4b6881e3,801c0bf9d69ecdd58b21fb2ba4392137048b466668344ebfc4c8faf6a0d3e2f1,177788fe59872f782f56492a52f86c3b5177023ac875c509339d328f5ce5306f,regime_model_v2_full_right_censored_refit,4fc1a02dce9ac2311dabaeb4623a559d37286dfe58baffef53828cc7415a3425,MODEL_FULL_REFIT,not_applicable,not_applicable,not_applicable,not_applicable,-1,-1,not_applicable,not_applicable,True,False,disabled,False,False,False,False,False,False,False
regime_k8_seed20260711,8,20260711,6,7,0.147824175011,0.098451216611,0.00364405419184,0.113853917288,143cc35bbab621d585cb9bf2,91996a9cf747a614ff6d9e08eaafc3583a58b91c,7c23ba6c613d79731d3e3f1f37122ff5f97e6e6845274121313ccb1ba1459e88,67417cf1fd1267cb4a945de8dff854916bd4d5bbde0c55f5d6545b1c4b6881e3,801c0bf9d69ecdd58b21fb2ba4392137048b466668344ebfc4c8faf6a0d3e2f1,177788fe59872f782f56492a52f86c3b5177023ac875c509339d328f5ce5306f,regime_model_v2_full_right_censored_refit,4fc1a02dce9ac2311dabaeb4623a559d37286dfe58baffef53828cc7415a3425,MODEL_FULL_REFIT,not_applicable,not_applicable,not_applicable,not_applicable,-1,-1,not_applicable,not_applicable,True,False,disabled,False,False,False,False,False,False,False
regime_k8_seed20260711,8,20260711,7,4,0.412802768344,0.0792900963439,0.0141432863281,0.269625678042,143cc35bbab621d585cb9bf2,91996a9cf747a614ff6d9e08eaafc3583a58b91c,7c23ba6c613d79731d3e3f1f37122ff5f97e6e6845274121313ccb1ba1459e88,67417cf1fd1267cb4a945de8dff854916bd4d5bbde0c55f5d6545b1c4b6881e3,801c0bf9d69ecdd58b21fb2ba4392137048b466668344ebfc4c8faf6a0d3e2f1,177788fe59872f782f56492a52f86c3b5177023ac875c509339d328f5ce5306f,regime_model_v2_full_right_censored_refit,4fc1a02dce9ac2311dabaeb4623a559d37286dfe58baffef53828cc7415a3425,MODEL_FULL_REFIT,not_applicable,not_applicable,not_applicable,not_applicable,-1,-1,not_applicable,not_applicable,True,False,disabled,False,False,False,False,False,False,False
regime_k8_seed20260712,8,20260712,0,0,0.210696170216,0.0308783682826,0.00771052050593,0.135293872276,143cc35bbab621d585cb9bf2,91996a9cf747a614ff6d9e08eaafc3583a58b91c,7c23ba6c613d79731d3e3f1f37122ff5f97e6e6845274121313ccb1ba1459e88,67417cf1fd1267cb4a945de8dff854916bd4d5bbde0c55f5d6545b1c4b6881e3,801c0bf9d69ecdd58b21fb2ba4392137048b466668344ebfc4c8faf6a0d3e2f1,177788fe59872f782f56492a52f86c3b5177023ac875c509339d328f5ce5306f,regime_model_v2_full_right_censored_refit,4fc1a02dce9ac2311dabaeb4623a559d37286dfe58baffef53828cc7415a3425,MODEL_FULL_REFIT,not_applicable,not_applicable,not_applicable,not_applicable,-1,-1,not_applicable,not_applicable,True,False,disabled,False,False,False,False,False,False,False
regime_k8_seed20260712,8,20260712,1,2,0.398298748378,0.0307994582386,0.00782757064658,0.247853249183,143cc35bbab621d585cb9bf2,91996a9cf747a614ff6d9e08eaafc3583a58b91c,7c23ba6c613d79731d3e3f1f37122ff5f97e6e6845274121313ccb1ba1459e88,67417cf1fd1267cb4a945de8dff854916bd4d5bbde0c55f5d6545b1c4b6881e3,801c0bf9d69ecdd58b21fb2ba4392137048b466668344ebfc4c8faf6a0d3e2f1,177788fe59872f782f56492a52f86c3b5177023ac875c509339d328f5ce5306f,regime_model_v2_full_right_censored_refit,4fc1a02dce9ac2311dabaeb4623a559d37286dfe58baffef53828cc7415a3425,MODEL_FULL_REFIT,not_applicable,not_applicable,not_applicable,not_applicable,-1,-1,not_applicable,not_applicable,True,False,disabled,False,False,False,False,False,False,False
regime_k8_seed20260712,8,20260712,2,1,0.168083826533,0.033760976072,0.00832979016971,0.110540008463,143cc35bbab621d585cb9bf2,91996a9cf747a614ff6d9e08eaafc3583a58b91c,7c23ba6c613d79731d3e3f1f37122ff5f97e6e6845274121313ccb1ba1459e88,67417cf1fd1267cb4a945de8dff854916bd4d5bbde0c55f5d6545b1c4b6881e3,801c0bf9d69ecdd58b21fb2ba4392137048b466668344ebfc4c8faf6a0d3e2f1,177788fe59872f782f56492a52f86c3b5177023ac875c509339d328f5ce5306f,regime_model_v2_full_right_censored_refit,4fc1a02dce9ac2311dabaeb4623a559d37286dfe58baffef53828cc7415a3425,MODEL_FULL_REFIT,not_applicable,not_applicable,not_applicable,not_applicable,-1,-1,not_applicable,not_applicable,True,False,disabled,False,False,False,False,False,False,False
regime_k8_seed20260712,8,20260712,3,3,0.109127348189,0.0278754382971,0.00600179462436,0.0733455376812,143cc35bbab621d585cb9bf2,91996a9cf747a614ff6d9e08eaafc3583a58b91c,7c23ba6c613d79731d3e3f1f37122ff5f97e6e6845274121313ccb1ba1459e88,67417cf1fd1267cb4a945de8dff854916bd4d5bbde0c55f5d6545b1c4b6881e3,801c0bf9d69ecdd58b21fb2ba4392137048b466668344ebfc4c8faf6a0d3e2f1,177788fe59872f782f56492a52f86c3b5177023ac875c509339d328f5ce5306f,regime_model_v2_full_right_censored_refit,4fc1a02dce9ac2311dabaeb4623a559d37286dfe58baffef53828cc7415a3425,MODEL_FULL_REFIT,not_applicable,not_applicable,not_applicable,not_applicable,-1,-1,not_applicable,not_applicable,True,False,disabled,False,False,False,False,False,False,False
regime_k8_seed20260712,8,20260712,4,4,0.152333852344,0.0389352338039,0.0037963540345,0.101703572963,143cc35bbab621d585cb9bf2,91996a9cf747a614ff6d9e08eaafc3583a58b91c,7c23ba6c613d79731d3e3f1f37122ff5f97e6e6845274121313ccb1ba1459e88,67417cf1fd1267cb4a945de8dff854916bd4d5bbde0c55f5d6545b1c4b6881e3,801c0bf9d69ecdd58b21fb2ba4392137048b466668344ebfc4c8faf6a0d3e2f1,177788fe59872f782f56492a52f86c3b5177023ac875c509339d328f5ce5306f,regime_model_v2_full_right_censored_refit,4fc1a02dce9ac2311dabaeb4623a559d37286dfe58baffef53828cc7415a3425,MODEL_FULL_REFIT,not_applicable,not_applicable,not_applicable,not_applicable,-1,-1,not_applicable,not_applicable,True,False,disabled,False,False,False,False,False,False,False
regime_k8_seed20260712,8,20260712,5,5,0.122031845338,0.0221530051949,0.00123237370847,0.0789422145579,143cc35bbab621d585cb9bf2,91996a9cf747a614ff6d9e08eaafc3583a58b91c,7c23ba6c613d79731d3e3f1f37122ff5f97e6e6845274121313ccb1ba1459e88,67417cf1fd1267cb4a945de8dff854916bd4d5bbde0c55f5d6545b1c4b6881e3,801c0bf9d69ecdd58b21fb2ba4392137048b466668344ebfc4c8faf6a0d3e2f1,177788fe59872f782f56492a52f86c3b5177023ac875c509339d328f5ce5306f,regime_model_v2_full_right_censored_refit,4fc1a02dce9ac2311dabaeb4623a559d37286dfe58baffef53828cc7415a3425,MODEL_FULL_REFIT,not_applicable,not_applicable,not_applicable,not_applicable,-1,-1,not_applicable,not_applicable,True,False,disabled,False,False,False,False,False,False,False
regime_k8_seed20260712,8,20260712,6,6,0.0934021423252,0.0534216232968,0.0033948300305,0.0699059157239,143cc35bbab621d585cb9bf2,91996a9cf747a614ff6d9e08eaafc3583a58b91c,7c23ba6c613d79731d3e3f1f37122ff5f97e6e6845274121313ccb1ba1459e88,67417cf1fd1267cb4a945de8dff854916bd4d5bbde0c55f5d6545b1c4b6881e3,801c0bf9d69ecdd58b21fb2ba4392137048b466668344ebfc4c8faf6a0d3e2f1,177788fe59872f782f56492a52f86c3b5177023ac875c509339d328f5ce5306f,regime_model_v2_full_right_censored_refit,4fc1a02dce9ac2311dabaeb4623a559d37286dfe58baffef53828cc7415a3425,MODEL_FULL_REFIT,not_applicable,not_applicable,not_applicable,not_applicable,-1,-1,not_applicable,not_applicable,True,False,disabled,False,False,False,False,False,False,False
regime_k8_seed20260712,8,20260712,7,7,0.209049308303,0.0330957135073,0.000609933286117,0.133795003351,143cc35bbab621d585cb9bf2,91996a9cf747a614ff6d9e08eaafc3583a58b91c,7c23ba6c613d79731d3e3f1f37122ff5f97e6e6845274121313ccb1ba1459e88,67417cf1fd1267cb4a945de8dff854916bd4d5bbde0c55f5d6545b1c4b6881e3,801c0bf9d69ecdd58b21fb2ba4392137048b466668344ebfc4c8faf6a0d3e2f1,177788fe59872f782f56492a52f86c3b5177023ac875c509339d328f5ce5306f,regime_model_v2_full_right_censored_refit,4fc1a02dce9ac2311dabaeb4623a559d37286dfe58baffef53828cc7415a3425,MODEL_FULL_REFIT,not_applicable,not_applicable,not_applicable,not_applicable,-1,-1,not_applicable,not_applicable,True,False,disabled,False,False,False,False,False,False,False
regime_k8_seed20260713,8,20260713,0,0,0.253211833124,0.0743488073847,0.0183009299557,0.173259441214,143cc35bbab621d585cb9bf2,91996a9cf747a614ff6d9e08eaafc3583a58b91c,7c23ba6c613d79731d3e3f1f37122ff5f97e6e6845274121313ccb1ba1459e88,67417cf1fd1267cb4a945de8dff854916bd4d5bbde0c55f5d6545b1c4b6881e3,801c0bf9d69ecdd58b21fb2ba4392137048b466668344ebfc4c8faf6a0d3e2f1,177788fe59872f782f56492a52f86c3b5177023ac875c509339d328f5ce5306f,regime_model_v2_full_right_censored_refit,4fc1a02dce9ac2311dabaeb4623a559d37286dfe58baffef53828cc7415a3425,MODEL_FULL_REFIT,not_applicable,not_applicable,not_applicable,not_applicable,-1,-1,not_applicable,not_applicable,True,False,disabled,False,False,False,False,False,False,False
regime_k8_seed20260713,8,20260713,1,1,0.233345238995,0.0690927312051,0.0119655422948,0.159075157542,143cc35bbab621d585cb9bf2,91996a9cf747a614ff6d9e08eaafc3583a58b91c,7c23ba6c613d79731d3e3f1f37122ff5f97e6e6845274121313ccb1ba1459e88,67417cf1fd1267cb4a945de8dff854916bd4d5bbde0c55f5d6545b1c4b6881e3,801c0bf9d69ecdd58b21fb2ba4392137048b466668344ebfc4c8faf6a0d3e2f1,177788fe59872f782f56492a52f86c3b5177023ac875c509339d328f5ce5306f,regime_model_v2_full_right_censored_refit,4fc1a02dce9ac2311dabaeb4623a559d37286dfe58baffef53828cc7415a3425,MODEL_FULL_REFIT,not_applicable,not_applicable,not_applicable,not_applicable,-1,-1,not_applicable,not_applicable,True,False,disabled,False,False,False,False,False,False,False
regime_k8_seed20260713,8,20260713,2,4,0.808193288584,0.0402118529265,0.0460962531241,0.50188337435,143cc35bbab621d585cb9bf2,91996a9cf747a614ff6d9e08eaafc3583a58b91c,7c23ba6c613d79731d3e3f1f37122ff5f97e6e6845274121313ccb1ba1459e88,67417cf1fd1267cb4a945de8dff854916bd4d5bbde0c55f5d6545b1c4b6881e3,801c0bf9d69ecdd58b21fb2ba4392137048b466668344ebfc4c8faf6a0d3e2f1,177788fe59872f782f56492a52f86c3b5177023ac875c509339d328f5ce5306f,regime_model_v2_full_right_censored_refit,4fc1a02dce9ac2311dabaeb4623a559d37286dfe58baffef53828cc7415a3425,MODEL_FULL_REFIT,not_applicable,not_applicable,not_applicable,not_applicable,-1,-1,not_applicable,not_applicable,True,False,disabled,False,False,False,False,False,False,False
regime_k8_seed20260713,8,20260713,3,2,0.176663176906,0.0741314499659,0.00097467098413,0.124676969283,143cc35bbab621d585cb9bf2,91996a9cf747a614ff6d9e08eaafc3583a58b91c,7c23ba6c613d79731d3e3f1f37122ff5f97e6e6845274121313ccb1ba1459e88,67417cf1fd1267cb4a945de8dff854916bd4d5bbde0c55f5d6545b1c4b6881e3,801c0bf9d69ecdd58b21fb2ba4392137048b466668344ebfc4c8faf6a0d3e2f1,177788fe59872f782f56492a52f86c3b5177023ac875c509339d328f5ce5306f,regime_model_v2_full_right_censored_refit,4fc1a02dce9ac2311dabaeb4623a559d37286dfe58baffef53828cc7415a3425,MODEL_FULL_REFIT,not_applicable,not_applicable,not_applicable,not_applicable,-1,-1,not_applicable,not_applicable,True,False,disabled,False,False,False,False,False,False,False
regime_k8_seed20260713,8,20260713,4,3,0.236165040802,0.033436706271,0.00428372505981,0.150700759808,143cc35bbab621d585cb9bf2,91996a9cf747a614ff6d9e08eaafc3583a58b91c,7c23ba6c613d79731d3e3f1f37122ff5f97e6e6845274121313ccb1ba1459e88,67417cf1fd1267cb4a945de8dff854916bd4d5bbde0c55f5d6545b1c4b6881e3,801c0bf9d69ecdd58b21fb2ba4392137048b466668344ebfc4c8faf6a0d3e2f1,177788fe59872f782f56492a52f86c3b5177023ac875c509339d328f5ce5306f,regime_model_v2_full_right_censored_refit,4fc1a02dce9ac2311dabaeb4623a559d37286dfe58baffef53828cc7415a3425,MODEL_FULL_REFIT,not_applicable,not_applicable,not_applicable,not_applicable,-1,-1,not_applicable,not_applicable,True,False,disabled,False,False,False,False,False,False,False
regime_k8_seed20260713,8,20260713,5,6,0.319707755305,0.0425524525508,0.00282359122719,0.202886305005,143cc35bbab621d585cb9bf2,91996a9cf747a614ff6d9e08eaafc3583a58b91c,7c23ba6c613d79731d3e3f1f37122ff5f97e6e6845274121313ccb1ba1459e88,67417cf1fd1267cb4a945de8dff854916bd4d5bbde0c55f5d6545b1c4b6881e3,801c0bf9d69ecdd58b21fb2ba4392137048b466668344ebfc4c8faf6a0d3e2f1,177788fe59872f782f56492a52f86c3b5177023ac875c509339d328f5ce5306f,regime_model_v2_full_right_censored_refit,4fc1a02dce9ac2311dabaeb4623a559d37286dfe58baffef53828cc7415a3425,MODEL_FULL_REFIT,not_applicable,not_applicable,not_applicable,not_applicable,-1,-1,not_applicable,not_applicable,True,False,disabled,False,False,False,False,False,False,False
regime_k8_seed20260713,8,20260713,6,5,0.218636700581,0.0184836925112,0.00458771438845,0.136491100635,143cc35bbab621d585cb9bf2,91996a9cf747a614ff6d9e08eaafc3583a58b91c,7c23ba6c613d79731d3e3f1f37122ff5f97e6e6845274121313ccb1ba1459e88,67417cf1fd1267cb4a945de8dff854916bd4d5bbde0c55f5d6545b1c4b6881e3,801c0bf9d69ecdd58b21fb2ba4392137048b466668344ebfc4c8faf6a0d3e2f1,177788fe59872f782f56492a52f86c3b5177023ac875c509339d328f5ce5306f,regime_model_v2_full_right_censored_refit,4fc1a02dce9ac2311dabaeb4623a559d37286dfe58baffef53828cc7415a3425,MODEL_FULL_REFIT,not_applicable,not_applicable,not_applicable,not_applicable,-1,-1,not_applicable,not_applicable,True,False,disabled,False,False,False,False,False,False,False
regime_k8_seed20260713,8,20260713,7,7,0.399311513637,0.157034184744,0.00275304376714,0.279258410933,143cc35bbab621d585cb9bf2,91996a9cf747a614ff6d9e08eaafc3583a58b91c,7c23ba6c613d79731d3e3f1f37122ff5f97e6e6845274121313ccb1ba1459e88,67417cf1fd1267cb4a945de8dff854916bd4d5bbde0c55f5d6545b1c4b6881e3,801c0bf9d69ecdd58b21fb2ba4392137048b466668344ebfc4c8faf6a0d3e2f1,177788fe59872f782f56492a52f86c3b5177023ac875c509339d328f5ce5306f,regime_model_v2_full_right_censored_refit,4fc1a02dce9ac2311dabaeb4623a559d37286dfe58baffef53828cc7415a3425,MODEL_FULL_REFIT,not_applicable,not_applicable,not_applicable,not_applicable,-1,-1,not_applicable,not_applicable,True,False,disabled,False,False,False,False,False,False,False
regime_k8_seed20260714,8,20260714,0,0,0.213873991118,0.0705059761136,0.00753687786351,0.147081420378,143cc35bbab621d585cb9bf2,91996a9cf747a614ff6d9e08eaafc3583a58b91c,7c23ba6c613d79731d3e3f1f37122ff5f97e6e6845274121313ccb1ba1459e88,67417cf1fd1267cb4a945de8dff854916bd4d5bbde0c55f5d6545b1c4b6881e3,801c0bf9d69ecdd58b21fb2ba4392137048b466668344ebfc4c8faf6a0d3e2f1,177788fe59872f782f56492a52f86c3b5177023ac875c509339d328f5ce5306f,regime_model_v2_full_right_censored_refit,4fc1a02dce9ac2311dabaeb4623a559d37286dfe58baffef53828cc7415a3425,MODEL_FULL_REFIT,not_applicable,not_applicable,not_applicable,not_applicable,-1,-1,not_applicable,not_applicable,True,False,disabled,False,False,False,False,False,False,False
regime_k8_seed20260714,8,20260714,1,1,0.195447030616,0.0597075942173,0.0115081949229,0.133921346162,143cc35bbab621d585cb9bf2,91996a9cf747a614ff6d9e08eaafc3583a58b91c,7c23ba6c613d79731d3e3f1f37122ff5f97e6e6845274121313ccb1ba1459e88,67417cf1fd1267cb4a945de8dff854916bd4d5bbde0c55f5d6545b1c4b6881e3,801c0bf9d69ecdd58b21fb2ba4392137048b466668344ebfc4c8faf6a0d3e2f1,177788fe59872f782f56492a52f86c3b5177023ac875c509339d328f5ce5306f,regime_model_v2_full_right_censored_refit,4fc1a02dce9ac2311dabaeb4623a559d37286dfe58baffef53828cc7415a3425,MODEL_FULL_REFIT,not_applicable,not_applicable,not_applicable,not_applicable,-1,-1,not_applicable,not_applicable,True,False,disabled,False,False,False,False,False,False,False
regime_k8_seed20260714,8,20260714,2,3,0.495304004618,0.0304204166941,0.0042169455856,0.305420048782,143cc35bbab621d585cb9bf2,91996a9cf747a614ff6d9e08eaafc3583a58b91c,7c23ba6c613d79731d3e3f1f37122ff5f97e6e6845274121313ccb1ba1459e88,67417cf1fd1267cb4a945de8dff854916bd4d5bbde0c55f5d6545b1c4b6881e3,801c0bf9d69ecdd58b21fb2ba4392137048b466668344ebfc4c8faf6a0d3e2f1,177788fe59872f782f56492a52f86c3b5177023ac875c509339d328f5ce5306f,regime_model_v2_full_right_censored_refit,4fc1a02dce9ac2311dabaeb4623a559d37286dfe58baffef53828cc7415a3425,MODEL_FULL_REFIT,not_applicable,not_applicable,not_applicable,not_applicable,-1,-1,not_applicable,not_applicable,True,False,disabled,False,False,False,False,False,False,False
regime_k8_seed20260714,8,20260714,3,2,0.193539515193,0.0642428887603,0.0042925047427,0.132828307017,143cc35bbab621d585cb9bf2,91996a9cf747a614ff6d9e08eaafc3583a58b91c,7c23ba6c613d79731d3e3f1f37122ff5f97e6e6845274121313ccb1ba1459e88,67417cf1fd1267cb4a945de8dff854916bd4d5bbde0c55f5d6545b1c4b6881e3,801c0bf9d69ecdd58b21fb2ba4392137048b466668344ebfc4c8faf6a0d3e2f1,177788fe59872f782f56492a52f86c3b5177023ac875c509339d328f5ce5306f,regime_model_v2_full_right_censored_refit,4fc1a02dce9ac2311dabaeb4623a559d37286dfe58baffef53828cc7415a3425,MODEL_FULL_REFIT,not_applicable,not_applicable,not_applicable,not_applicable,-1,-1,not_applicable,not_applicable,True,False,disabled,False,False,False,False,False,False,False
regime_k8_seed20260714,8,20260714,4,6,0.323468058129,0.0509728963955,0.000779612354739,0.206941000829,143cc35bbab621d585cb9bf2,91996a9cf747a614ff6d9e08eaafc3583a58b91c,7c23ba6c613d79731d3e3f1f37122ff5f97e6e6845274121313ccb1ba1459e88,67417cf1fd1267cb4a945de8dff854916bd4d5bbde0c55f5d6545b1c4b6881e3,801c0bf9d69ecdd58b21fb2ba4392137048b466668344ebfc4c8faf6a0d3e2f1,177788fe59872f782f56492a52f86c3b5177023ac875c509339d328f5ce5306f,regime_model_v2_full_right_censored_refit,4fc1a02dce9ac2311dabaeb4623a559d37286dfe58baffef53828cc7415a3425,MODEL_FULL_REFIT,not_applicable,not_applicable,not_applicable,not_applicable,-1,-1,not_applicable,not_applicable,True,False,disabled,False,False,False,False,False,False,False
regime_k8_seed20260714,8,20260714,5,4,0.0712048671521,0.025967547545,0.0015262066323,0.0494437381724,143cc35bbab621d585cb9bf2,91996a9cf747a614ff6d9e08eaafc3583a58b91c,7c23ba6c613d79731d3e3f1f37122ff5f97e6e6845274121313ccb1ba1459e88,67417cf1fd1267cb4a945de8dff854916bd4d5bbde0c55f5d6545b1c4b6881e3,801c0bf9d69ecdd58b21fb2ba4392137048b466668344ebfc4c8faf6a0d3e2f1,177788fe59872f782f56492a52f86c3b5177023ac875c509339d328f5ce5306f,regime_model_v2_full_right_censored_refit,4fc1a02dce9ac2311dabaeb4623a559d37286dfe58baffef53828cc7415a3425,MODEL_FULL_REFIT,not_applicable,not_applicable,not_applicable,not_applicable,-1,-1,not_applicable,not_applicable,True,False,disabled,False,False,False,False,False,False,False
regime_k8_seed20260714,8,20260714,6,5,0.0692834368092,0.0264814553532,0.00182350487725,0.0484639516554,143cc35bbab621d585cb9bf2,91996a9cf747a614ff6d9e08eaafc3583a58b91c,7c23ba6c613d79731d3e3f1f37122ff5f97e6e6845274121313ccb1ba1459e88,67417cf1fd1267cb4a945de8dff854916bd4d5bbde0c55f5d6545b1c4b6881e3,801c0bf9d69ecdd58b21fb2ba4392137048b466668344ebfc4c8faf6a0d3e2f1,177788fe59872f782f56492a52f86c3b5177023ac875c509339d328f5ce5306f,regime_model_v2_full_right_censored_refit,4fc1a02dce9ac2311dabaeb4623a559d37286dfe58baffef53828cc7415a3425,MODEL_FULL_REFIT,not_applicable,not_applicable,not_applicable,not_applicable,-1,-1,not_applicable,not_applicable,True,False,disabled,False,False,False,False,False,False,False
regime_k8_seed20260714,8,20260714,7,7,0.0499888564989,0.0382488651156,0.00126687762408,0.0397455618218,143cc35bbab621d585cb9bf2,91996a9cf747a614ff6d9e08eaafc3583a58b91c,7c23ba6c613d79731d3e3f1f37122ff5f97e6e6845274121313ccb1ba1459e88,67417cf1fd1267cb4a945de8dff854916bd4d5bbde0c55f5d6545b1c4b6881e3,801c0bf9d69ecdd58b21fb2ba4392137048b466668344ebfc4c8faf6a0d3e2f1,177788fe59872f782f56492a52f86c3b5177023ac875c509339d328f5ce5306f,regime_model_v2_full_right_censored_refit,4fc1a02dce9ac2311dabaeb4623a559d37286dfe58baffef53828cc7415a3425,MODEL_FULL_REFIT,not_applicable,not_applicable,not_applicable,not_applicable,-1,-1,not_applicable,not_applicable,True,False,disabled,False,False,False,False,False,False,False
regime_k10_seed20260710,10,20260710,1,0,0.330623524784,0.205941665517,0.0140426386643,0.251965927049,143cc35bbab621d585cb9bf2,91996a9cf747a614ff6d9e08eaafc3583a58b91c,7c23ba6c613d79731d3e3f1f37122ff5f97e6e6845274121313ccb1ba1459e88,67417cf1fd1267cb4a945de8dff854916bd4d5bbde0c55f5d6545b1c4b6881e3,801c0bf9d69ecdd58b21fb2ba4392137048b466668344ebfc4c8faf6a0d3e2f1,177788fe59872f782f56492a52f86c3b5177023ac875c509339d328f5ce5306f,regime_model_v2_full_right_censored_refit,4fc1a02dce9ac2311dabaeb4623a559d37286dfe58baffef53828cc7415a3425,MODEL_FULL_REFIT,not_applicable,not_applicable,not_applicable,not_applicable,-1,-1,not_applicable,not_applicable,True,False,disabled,False,False,False,False,False,False,False
regime_k10_seed20260710,10,20260710,2,1,0.0615763135715,0.150148406737,0.00201738991784,0.0747854983148,143cc35bbab621d585cb9bf2,91996a9cf747a614ff6d9e08eaafc3583a58b91c,7c23ba6c613d79731d3e3f1f37122ff5f97e6e6845274121313ccb1ba1459e88,67417cf1fd1267cb4a945de8dff854916bd4d5bbde0c55f5d6545b1c4b6881e3,801c0bf9d69ecdd58b21fb2ba4392137048b466668344ebfc4c8faf6a0d3e2f1,177788fe59872f782f56492a52f86c3b5177023ac875c509339d328f5ce5306f,regime_model_v2_full_right_censored_refit,4fc1a02dce9ac2311dabaeb4623a559d37286dfe58baffef53828cc7415a3425,MODEL_FULL_REFIT,not_applicable,not_applicable,not_applicable,not_applicable,-1,-1,not_applicable,not_applicable,True,False,disabled,False,False,False,False,False,False,False
regime_k10_seed20260710,10,20260710,3,2,0.396052252768,0.138505962659,0.010365208935,0.273812623666,143cc35bbab621d585cb9bf2,91996a9cf747a614ff6d9e08eaafc3583a58b91c,7c23ba6c613d79731d3e3f1f37122ff5f97e6e6845274121313ccb1ba1459e88,67417cf1fd1267cb4a945de8dff854916bd4d5bbde0c55f5d6545b1c4b6881e3,801c0bf9d69ecdd58b21fb2ba4392137048b466668344ebfc4c8faf6a0d3e2f1,177788fe59872f782f56492a52f86c3b5177023ac875c509339d328f5ce5306f,regime_model_v2_full_right_censored_refit,4fc1a02dce9ac2311dabaeb4623a559d37286dfe58baffef53828cc7415a3425,MODEL_FULL_REFIT,not_applicable,not_applicable,not_applicable,not_applicable,-1,-1,not_applicable,not_applicable,True,False,disabled,False,False,False,False,False,False,False
regime_k10_seed20260710,10,20260710,4,3,0.12824667017,0.138167269992,0.00144013161993,0.111705839343,143cc35bbab621d585cb9bf2,91996a9cf747a614ff6d9e08eaafc3583a58b91c,7c23ba6c613d79731d3e3f1f37122ff5f97e6e6845274121313ccb1ba1459e88,67417cf1fd1267cb4a945de8dff854916bd4d5bbde0c55f5d6545b1c4b6881e3,801c0bf9d69ecdd58b21fb2ba4392137048b466668344ebfc4c8faf6a0d3e2f1,177788fe59872f782f56492a52f86c3b5177023ac875c509339d328f5ce5306f,regime_model_v2_full_right_censored_refit,4fc1a02dce9ac2311dabaeb4623a559d37286dfe58baffef53828cc7415a3425,MODEL_FULL_REFIT,not_applicable,not_applicable,not_applicable,not_applicable,-1,-1,not_applicable,not_applicable,True,False,disabled,False,False,False,False,False,False,False
regime_k10_seed20260710,10,20260710,6,4,0.127752066466,0.128480259585,0.00448811139453,0.109444521485,143cc35bbab621d585cb9bf2,91996a9cf747a614ff6d9e08eaafc3583a58b91c,7c23ba6c613d79731d3e3f1f37122ff5f97e6e6845274121313ccb1ba1459e88,67417cf1fd1267cb4a945de8dff854916bd4d5bbde0c55f5d6545b1c4b6881e3,801c0bf9d69ecdd58b21fb2ba4392137048b466668344ebfc4c8faf6a0d3e2f1,177788fe59872f782f56492a52f86c3b5177023ac875c509339d328f5ce5306f,regime_model_v2_full_right_censored_refit,4fc1a02dce9ac2311dabaeb4623a559d37286dfe58baffef53828cc7415a3425,MODEL_FULL_REFIT,not_applicable,not_applicable,not_applicable,not_applicable,-1,-1,not_applicable,not_applicable,True,False,disabled,False,False,False,False,False,False,False
regime_k10_seed20260710,10,20260710,7,5,0.111518723167,0.106011700669,0.0042071532724,0.0940452320583,143cc35bbab621d585cb9bf2,91996a9cf747a614ff6d9e08eaafc3583a58b91c,7c23ba6c613d79731d3e3f1f37122ff5f97e6e6845274121313ccb1ba1459e88,67417cf1fd1267cb4a945de8dff854916bd4d5bbde0c55f5d6545b1c4b6881e3,801c0bf9d69ecdd58b21fb2ba4392137048b466668344ebfc4c8faf6a0d3e2f1,177788fe59872f782f56492a52f86c3b5177023ac875c509339d328f5ce5306f,regime_model_v2_full_right_censored_refit,4fc1a02dce9ac2311dabaeb4623a559d37286dfe58baffef53828cc7415a3425,MODEL_FULL_REFIT,not_applicable,not_applicable,not_applicable,not_applicable,-1,-1,not_applicable,not_applicable,True,False,disabled,False,False,False,False,False,False,False
regime_k10_seed20260710,10,20260710,8,6,0.130836487736,0.150373875103,0.00243547266433,0.116460682317,143cc35bbab621d585cb9bf2,91996a9cf747a614ff6d9e08eaafc3583a58b91c,7c23ba6c613d79731d3e3f1f37122ff5f97e6e6845274121313ccb1ba1459e88,67417cf1fd1267cb4a945de8dff854916bd4d5bbde0c55f5d6545b1c4b6881e3,801c0bf9d69ecdd58b21fb2ba4392137048b466668344ebfc4c8faf6a0d3e2f1,177788fe59872f782f56492a52f86c3b5177023ac875c509339d328f5ce5306f,regime_model_v2_full_right_censored_refit,4fc1a02dce9ac2311dabaeb4623a559d37286dfe58baffef53828cc7415a3425,MODEL_FULL_REFIT,not_applicable,not_applicable,not_applicable,not_applicable,-1,-1,not_applicable,not_applicable,True,False,disabled,False,False,False,False,False,False,False
regime_k10_seed20260710,10,20260710,9,7,0.0469334706389,0.390464133808,0.000667621530364,0.125876259065,143cc35bbab621d585cb9bf2,91996a9cf747a614ff6d9e08eaafc3583a58b91c,7c23ba6c613d79731d3e3f1f37122ff5f97e6e6845274121313ccb1ba1459e88,67417cf1fd1267cb4a945de8dff854916bd4d5bbde0c55f5d6545b1c4b6881e3,801c0bf9d69ecdd58b21fb2ba4392137048b466668344ebfc4c8faf6a0d3e2f1,177788fe59872f782f56492a52f86c3b5177023ac875c509339d328f5ce5306f,regime_model_v2_full_right_censored_refit,4fc1a02dce9ac2311dabaeb4623a559d37286dfe58baffef53828cc7415a3425,MODEL_FULL_REFIT,not_applicable,not_applicable,not_applicable,not_applicable,-1,-1,not_applicable,not_applicable,True,False,disabled,False,False,False,False,False,False,False
regime_k10_seed20260711,10,20260711,0,0,0.242156150032,0.170439616983,0.0148061955776,0.190124523602,143cc35bbab621d585cb9bf2,91996a9cf747a614ff6d9e08eaafc3583a58b91c,7c23ba6c613d79731d3e3f1f37122ff5f97e6e6845274121313ccb1ba1459e88,67417cf1fd1267cb4a945de8dff854916bd4d5bbde0c55f5d6545b1c4b6881e3,801c0bf9d69ecdd58b21fb2ba4392137048b466668344ebfc4c8faf6a0d3e2f1,177788fe59872f782f56492a52f86c3b5177023ac875c509339d328f5ce5306f,regime_model_v2_full_right_censored_refit,4fc1a02dce9ac2311dabaeb4623a559d37286dfe58baffef53828cc7415a3425,MODEL_FULL_REFIT,not_applicable,not_applicable,not_applicable,not_applicable,-1,-1,not_applicable,not_applicable,True,False,disabled,False,False,False,False,False,False,False
regime_k10_seed20260711,10,20260711,1,1,0.0704106109335,0.158226880751,0.00717034203593,0.0828786380532,143cc35bbab621d585cb9bf2,91996a9cf747a614ff6d9e08eaafc3583a58b91c,7c23ba6c613d79731d3e3f1f37122ff5f97e6e6845274121313ccb1ba1459e88,67417cf1fd1267cb4a945de8dff854916bd4d5bbde0c55f5d6545b1c4b6881e3,801c0bf9d69ecdd58b21fb2ba4392137048b466668344ebfc4c8faf6a0d3e2f1,177788fe59872f782f56492a52f86c3b5177023ac875c509339d328f5ce5306f,regime_model_v2_full_right_censored_refit,4fc1a02dce9ac2311dabaeb4623a559d37286dfe58baffef53828cc7415a3425,MODEL_FULL_REFIT,not_applicable,not_applicable,not_applicable,not_applicable,-1,-1,not_applicable,not_applicable,True,False,disabled,False,False,False,False,False,False,False
regime_k10_seed20260711,10,20260711,3,2,0.286623859576,0.158109319226,0.0199071136883,0.214487712606,143cc35bbab621d585cb9bf2,91996a9cf747a614ff6d9e08eaafc3583a58b91c,7c23ba6c613d79731d3e3f1f37122ff5f97e6e6845274121313ccb1ba1459e88,67417cf1fd1267cb4a945de8dff854916bd4d5bbde0c55f5d6545b1c4b6881e3,801c0bf9d69ecdd58b21fb2ba4392137048b466668344ebfc4c8faf6a0d3e2f1,177788fe59872f782f56492a52f86c3b5177023ac875c509339d328f5ce5306f,regime_model_v2_full_right_censored_refit,4fc1a02dce9ac2311dabaeb4623a559d37286dfe58baffef53828cc7415a3425,MODEL_FULL_REFIT,not_applicable,not_applicable,not_applicable,not_applicable,-1,-1,not_applicable,not_applicable,True,False,disabled,False,False,False,False,False,False,False
regime_k10_seed20260711,10,20260711,4,3,0.25221238826,0.173664659026,0.0170741444303,0.197304719377,143cc35bbab621d585cb9bf2,91996a9cf747a614ff6d9e08eaafc3583a58b91c,7c23ba6c613d79731d3e3f1f37122ff5f97e6e6845274121313ccb1ba1459e88,67417cf1fd1267cb4a945de8dff854916bd4d5bbde0c55f5d6545b1c4b6881e3,801c0bf9d69ecdd58b21fb2ba4392137048b466668344ebfc4c8faf6a0d3e2f1,177788fe59872f782f56492a52f86c3b5177023ac875c509339d328f5ce5306f,regime_model_v2_full_right_censored_refit,4fc1a02dce9ac2311dabaeb4623a559d37286dfe58baffef53828cc7415a3425,MODEL_FULL_REFIT,not_applicable,not_applicable,not_applicable,not_applicable,-1,-1,not_applicable,not_applicable,True,False,disabled,False,False,False,False,False,False,False
regime_k10_seed20260711,10,20260711,5,4,0.257973943018,0.123887754065,0.0169451372452,0.188298074914,143cc35bbab621d585cb9bf2,91996a9cf747a614ff6d9e08eaafc3583a58b91c,7c23ba6c613d79731d3e3f1f37122ff5f97e6e6845274121313ccb1ba1459e88,67417cf1fd1267cb4a945de8dff854916bd4d5bbde0c55f5d6545b1c4b6881e3,801c0bf9d69ecdd58b21fb2ba4392137048b466668344ebfc4c8faf6a0d3e2f1,177788fe59872f782f56492a52f86c3b5177023ac875c509339d328f5ce5306f,regime_model_v2_full_right_censored_refit,4fc1a02dce9ac2311dabaeb4623a559d37286dfe58baffef53828cc7415a3425,MODEL_FULL_REFIT,not_applicable,not_applicable,not_applicable,not_applicable,-1,-1,not_applicable,not_applicable,True,False,disabled,False,False,False,False,False,False,False
regime_k10_seed20260711,10,20260711,6,5,0.0724555905614,0.112817568915,0.00153686401901,0.0719082761684,143cc35bbab621d585cb9bf2,91996a9cf747a614ff6d9e08eaafc3583a58b91c,7c23ba6c613d79731d3e3f1f37122ff5f97e6e6845274121313ccb1ba1459e88,67417cf1fd1267cb4a945de8dff854916bd4d5bbde0c55f5d6545b1c4b6881e3,801c0bf9d69ecdd58b21fb2ba4392137048b466668344ebfc4c8faf6a0d3e2f1,177788fe59872f782f56492a52f86c3b5177023ac875c509339d328f5ce5306f,regime_model_v2_full_right_censored_refit,4fc1a02dce9ac2311dabaeb4623a559d37286dfe58baffef53828cc7415a3425,MODEL_FULL_REFIT,not_applicable,not_applicable,not_applicable,not_applicable,-1,-1,not_applicable,not_applicable,True,False,disabled,False,False,False,False,False,False,False
regime_k10_seed20260711,10,20260711,8,6,0.139436646144,0.180550452327,0.000491613587077,0.128873342806,143cc35bbab621d585cb9bf2,91996a9cf747a614ff6d9e08eaafc3583a58b91c,7c23ba6c613d79731d3e3f1f37122ff5f97e6e6845274121313ccb1ba1459e88,67417cf1fd1267cb4a945de8dff854916bd4d5bbde0c55f5d6545b1c4b6881e3,801c0bf9d69ecdd58b21fb2ba4392137048b466668344ebfc4c8faf6a0d3e2f1,177788fe59872f782f56492a52f86c3b5177023ac875c509339d328f5ce5306f,regime_model_v2_full_right_censored_refit,4fc1a02dce9ac2311dabaeb4623a559d37286dfe58baffef53828cc7415a3425,MODEL_FULL_REFIT,not_applicable,not_applicable,not_applicable,not_applicable,-1,-1,not_applicable,not_applicable,True,False,disabled,False,False,False,False,False,False,False
regime_k10_seed20260711,10,20260711,9,7,0.153630044531,0.375788902118,0.00171574351312,0.186382613775,143cc35bbab621d585cb9bf2,91996a9cf747a614ff6d9e08eaafc3583a58b91c,7c23ba6c613d79731d3e3f1f37122ff5f97e6e6845274121313ccb1ba1459e88,67417cf1fd1267cb4a945de8dff854916bd4d5bbde0c55f5d6545b1c4b6881e3,801c0bf9d69ecdd58b21fb2ba4392137048b466668344ebfc4c8faf6a0d3e2f1,177788fe59872f782f56492a52f86c3b5177023ac875c509339d328f5ce5306f,regime_model_v2_full_right_censored_refit,4fc1a02dce9ac2311dabaeb4623a559d37286dfe58baffef53828cc7415a3425,MODEL_FULL_REFIT,not_applicable,not_applicable,not_applicable,not_applicable,-1,-1,not_applicable,not_applicable,True,False,disabled,False,False,False,False,False,False,False
regime_k10_seed20260712,10,20260712,0,0,0.22063094541,0.16728505483,0.0125561758698,0.176083257334,143cc35bbab621d585cb9bf2,91996a9cf747a614ff6d9e08eaafc3583a58b91c,7c23ba6c613d79731d3e3f1f37122ff5f97e6e6845274121313ccb1ba1459e88,67417cf1fd1267cb4a945de8dff854916bd4d5bbde0c55f5d6545b1c4b6881e3,801c0bf9d69ecdd58b21fb2ba4392137048b466668344ebfc4c8faf6a0d3e2f1,177788fe59872f782f56492a52f86c3b5177023ac875c509339d328f5ce5306f,regime_model_v2_full_right_censored_refit,4fc1a02dce9ac2311dabaeb4623a559d37286dfe58baffef53828cc7415a3425,MODEL_FULL_REFIT,not_applicable,not_applicable,not_applicable,not_applicable,-1,-1,not_applicable,not_applicable,True,False,disabled,False,False,False,False,False,False,False
regime_k10_seed20260712,10,20260712,1,2,0.197342982211,0.143425769993,0.00797155513806,0.155457965096,143cc35bbab621d585cb9bf2,91996a9cf747a614ff6d9e08eaafc3583a58b91c,7c23ba6c613d79731d3e3f1f37122ff5f97e6e6845274121313ccb1ba1459e88,67417cf1fd1267cb4a945de8dff854916bd4d5bbde0c55f5d6545b1c4b6881e3,801c0bf9d69ecdd58b21fb2ba4392137048b466668344ebfc4c8faf6a0d3e2f1,177788fe59872f782f56492a52f86c3b5177023ac875c509339d328f5ce5306f,regime_model_v2_full_right_censored_refit,4fc1a02dce9ac2311dabaeb4623a559d37286dfe58baffef53828cc7415a3425,MODEL_FULL_REFIT,not_applicable,not_applicable,not_applicable,not_applicable,-1,-1,not_applicable,not_applicable,True,False,disabled,False,False,False,False,False,False,False
regime_k10_seed20260712,10,20260712,3,1,0.100645125552,0.126509182725,0.00434445717046,0.0926660395878,143cc35bbab621d585cb9bf2,91996a9cf747a614ff6d9e08eaafc3583a58b91c,7c23ba6c613d79731d3e3f1f37122ff5f97e6e6845274121313ccb1ba1459e88,67417cf1fd1267cb4a945de8dff854916bd4d5bbde0c55f5d6545b1c4b6881e3,801c0bf9d69ecdd58b21fb2ba4392137048b466668344ebfc4c8faf6a0d3e2f1,177788fe59872f782f56492a52f86c3b5177023ac875c509339d328f5ce5306f,regime_model_v2_full_right_censored_refit,4fc1a02dce9ac2311dabaeb4623a559d37286dfe58baffef53828cc7415a3425,MODEL_FULL_REFIT,not_applicable,not_applicable,not_applicable,not_applicable,-1,-1,not_applicable,not_applicable,True,False,disabled,False,False,False,False,False,False,False
regime_k10_seed20260712,10,20260712,4,3,0.123278783081,0.13824493047,0.00648453873984,0.109501183277,143cc35bbab621d585cb9bf2,91996a9cf747a614ff6d9e08eaafc3583a58b91c,7c23ba6c613d79731d3e3f1f37122ff5f97e6e6845274121313ccb1ba1459e88,67417cf1fd1267cb4a945de8dff854916bd4d5bbde0c55f5d6545b1c4b6881e3,801c0bf9d69ecdd58b21fb2ba4392137048b466668344ebfc4c8faf6a0d3e2f1,177788fe59872f782f56492a52f86c3b5177023ac875c509339d328f5ce5306f,regime_model_v2_full_right_censored_refit,4fc1a02dce9ac2311dabaeb4623a559d37286dfe58baffef53828cc7415a3425,MODEL_FULL_REFIT,not_applicable,not_applicable,not_applicable,not_applicable,-1,-1,not_applicable,not_applicable,True,False,disabled,False,False,False,False,False,False,False
regime_k10_seed20260712,10,20260712,5,4,0.215782619447,0.106258575478,0.0047540675253,0.156747325667,143cc35bbab621d585cb9bf2,91996a9cf747a614ff6d9e08eaafc3583a58b91c,7c23ba6c613d79731d3e3f1f37122ff5f97e6e6845274121313ccb1ba1459e88,67417cf1fd1267cb4a945de8dff854916bd4d5bbde0c55f5d6545b1c4b6881e3,801c0bf9d69ecdd58b21fb2ba4392137048b466668344ebfc4c8faf6a0d3e2f1,177788fe59872f782f56492a52f86c3b5177023ac875c509339d328f5ce5306f,regime_model_v2_full_right_censored_refit,4fc1a02dce9ac2311dabaeb4623a559d37286dfe58baffef53828cc7415a3425,MODEL_FULL_REFIT,not_applicable,not_applicable,not_applicable,not_applicable,-1,-1,not_applicable,not_applicable,True,False,disabled,False,False,False,False,False,False,False
regime_k10_seed20260712,10,20260712,6,5,0.302797141524,0.115095465534,0.00950787448524,0.21187833247,143cc35bbab621d585cb9bf2,91996a9cf747a614ff6d9e08eaafc3583a58b91c,7c23ba6c613d79731d3e3f1f37122ff5f97e6e6845274121313ccb1ba1459e88,67417cf1fd1267cb4a945de8dff854916bd4d5bbde0c55f5d6545b1c4b6881e3,801c0bf9d69ecdd58b21fb2ba4392137048b466668344ebfc4c8faf6a0d3e2f1,177788fe59872f782f56492a52f86c3b5177023ac875c509339d328f5ce5306f,regime_model_v2_full_right_censored_refit,4fc1a02dce9ac2311dabaeb4623a559d37286dfe58baffef53828cc7415a3425,MODEL_FULL_REFIT,not_applicable,not_applicable,not_applicable,not_applicable,-1,-1,not_applicable,not_applicable,True,False,disabled,False,False,False,False,False,False,False
regime_k10_seed20260712,10,20260712,8,6,0.10204319174,0.180157337668,0.000584923424941,0.106352987975,143cc35bbab621d585cb9bf2,91996a9cf747a614ff6d9e08eaafc3583a58b91c,7c23ba6c613d79731d3e3f1f37122ff5f97e6e6845274121313ccb1ba1459e88,67417cf1fd1267cb4a945de8dff854916bd4d5bbde0c55f5d6545b1c4b6881e3,801c0bf9d69ecdd58b21fb2ba4392137048b466668344ebfc4c8faf6a0d3e2f1,177788fe59872f782f56492a52f86c3b5177023ac875c509339d328f5ce5306f,regime_model_v2_full_right_censored_refit,4fc1a02dce9ac2311dabaeb4623a559d37286dfe58baffef53828cc7415a3425,MODEL_FULL_REFIT,not_applicable,not_applicable,not_applicable,not_applicable,-1,-1,not_applicable,not_applicable,True,False,disabled,False,False,False,False,False,False,False
regime_k10_seed20260712,10,20260712,9,7,0.028945147042,0.325064666731,0.00179805858436,0.0989029636955,143cc35bbab621d585cb9bf2,91996a9cf747a614ff6d9e08eaafc3583a58b91c,7c23ba6c613d79731d3e3f1f37122ff5f97e6e6845274121313ccb1ba1459e88,67417cf1fd1267cb4a945de8dff854916bd4d5bbde0c55f5d6545b1c4b6881e3,801c0bf9d69ecdd58b21fb2ba4392137048b466668344ebfc4c8faf6a0d3e2f1,177788fe59872f782f56492a52f86c3b5177023ac875c509339d328f5ce5306f,regime_model_v2_full_right_censored_refit,4fc1a02dce9ac2311dabaeb4623a559d37286dfe58baffef53828cc7415a3425,MODEL_FULL_REFIT,not_applicable,not_applicable,not_applicable,not_applicable,-1,-1,not_applicable,not_applicable,True,False,disabled,False,False,False,False,False,False,False
regime_k10_seed20260713,10,20260713,0,0,0.2369595027,0.169547244266,0.00930211084603,0.185957829313,143cc35bbab621d585cb9bf2,91996a9cf747a614ff6d9e08eaafc3583a58b91c,7c23ba6c613d79731d3e3f1f37122ff5f97e6e6845274121313ccb1ba1459e88,67417cf1fd1267cb4a945de8dff854916bd4d5bbde0c55f5d6545b1c4b6881e3,801c0bf9d69ecdd58b21fb2ba4392137048b466668344ebfc4c8faf6a0d3e2f1,177788fe59872f782f56492a52f86c3b5177023ac875c509339d328f5ce5306f,regime_model_v2_full_right_censored_refit,4fc1a02dce9ac2311dabaeb4623a559d37286dfe58baffef53828cc7415a3425,MODEL_FULL_REFIT,not_applicable,not_applicable,not_applicable,not_applicable,-1,-1,not_applicable,not_applicable,True,False,disabled,False,False,False,False,False,False,False
regime_k10_seed20260713,10,20260713,1,1,0.167251698982,0.153396025429,0.00896108949367,0.140044189171,143cc35bbab621d585cb9bf2,91996a9cf747a614ff6d9e08eaafc3583a58b91c,7c23ba6c613d79731d3e3f1f37122ff5f97e6e6845274121313ccb1ba1459e88,67417cf1fd1267cb4a945de8dff854916bd4d5bbde0c55f5d6545b1c4b6881e3,801c0bf9d69ecdd58b21fb2ba4392137048b466668344ebfc4c8faf6a0d3e2f1,177788fe59872f782f56492a52f86c3b5177023ac875c509339d328f5ce5306f,regime_model_v2_full_right_censored_refit,4fc1a02dce9ac2311dabaeb4623a559d37286dfe58baffef53828cc7415a3425,MODEL_FULL_REFIT,not_applicable,not_applicable,not_applicable,not_applicable,-1,-1,not_applicable,not_applicable,True,False,disabled,False,False,False,False,False,False,False
regime_k10_seed20260713,10,20260713,2,2,0.229197731494,0.175471061546,0.00271933905749,0.181794305142,143cc35bbab621d585cb9bf2,91996a9cf747a614ff6d9e08eaafc3583a58b91c,7c23ba6c613d79731d3e3f1f37122ff5f97e6e6845274121313ccb1ba1459e88,67417cf1fd1267cb4a945de8dff854916bd4d5bbde0c55f5d6545b1c4b6881e3,801c0bf9d69ecdd58b21fb2ba4392137048b466668344ebfc4c8faf6a0d3e2f1,177788fe59872f782f56492a52f86c3b5177023ac875c509339d328f5ce5306f,regime_model_v2_full_right_censored_refit,4fc1a02dce9ac2311dabaeb4623a559d37286dfe58baffef53828cc7415a3425,MODEL_FULL_REFIT,not_applicable,not_applicable,not_applicable,not_applicable,-1,-1,not_applicable,not_applicable,True,False,disabled,False,False,False,False,False,False,False
regime_k10_seed20260713,10,20260713,4,3,0.0495289678902,0.159106841341,0.00486411306073,0.0702237080285,143cc35bbab621d585cb9bf2,91996a9cf747a614ff6d9e08eaafc3583a58b91c,7c23ba6c613d79731d3e3f1f37122ff5f97e6e6845274121313ccb1ba1459e88,67417cf1fd1267cb4a945de8dff854916bd4d5bbde0c55f5d6545b1c4b6881e3,801c0bf9d69ecdd58b21fb2ba4392137048b466668344ebfc4c8faf6a0d3e2f1,177788fe59872f782f56492a52f86c3b5177023ac875c509339d328f5ce5306f,regime_model_v2_full_right_censored_refit,4fc1a02dce9ac2311dabaeb4623a559d37286dfe58baffef53828cc7415a3425,MODEL_FULL_REFIT,not_applicable,not_applicable,not_applicable,not_applicable,-1,-1,not_applicable,not_applicable,True,False,disabled,False,False,False,False,False,False,False
regime_k10_seed20260713,10,20260713,5,4,0.201661880172,0.123323492657,0.0144998190106,0.154002974119,143cc35bbab621d585cb9bf2,91996a9cf747a614ff6d9e08eaafc3583a58b91c,7c23ba6c613d79731d3e3f1f37122ff5f97e6e6845274121313ccb1ba1459e88,67417cf1fd1267cb4a945de8dff854916bd4d5bbde0c55f5d6545b1c4b6881e3,801c0bf9d69ecdd58b21fb2ba4392137048b466668344ebfc4c8faf6a0d3e2f1,177788fe59872f782f56492a52f86c3b5177023ac875c509339d328f5ce5306f,regime_model_v2_full_right_censored_refit,4fc1a02dce9ac2311dabaeb4623a559d37286dfe58baffef53828cc7415a3425,MODEL_FULL_REFIT,not_applicable,not_applicable,not_applicable,not_applicable,-1,-1,not_applicable,not_applicable,True,False,disabled,False,False,False,False,False,False,False
regime_k10_seed20260713,10,20260713,6,5,0.136210032341,0.103011268298,0.00397673619723,0.108075346909,143cc35bbab621d585cb9bf2,91996a9cf747a614ff6d9e08eaafc3583a58b91c,7c23ba6c613d79731d3e3f1f37122ff5f97e6e6845274121313ccb1ba1459e88,67417cf1fd1267cb4a945de8dff854916bd4d5bbde0c55f5d6545b1c4b6881e3,801c0bf9d69ecdd58b21fb2ba4392137048b466668344ebfc4c8faf6a0d3e2f1,177788fe59872f782f56492a52f86c3b5177023ac875c509339d328f5ce5306f,regime_model_v2_full_right_censored_refit,4fc1a02dce9ac2311dabaeb4623a559d37286dfe58baffef53828cc7415a3425,MODEL_FULL_REFIT,not_applicable,not_applicable,not_applicable,not_applicable,-1,-1,not_applicable,not_applicable,True,False,disabled,False,False,False,False,False,False,False
regime_k10_seed20260713,10,20260713,8,6,0.141666003297,0.170439881942,0.0036741451801,0.128160694241,143cc35bbab621d585cb9bf2,91996a9cf747a614ff6d9e08eaafc3583a58b91c,7c23ba6c613d79731d3e3f1f37122ff5f97e6e6845274121313ccb1ba1459e88,67417cf1fd1267cb4a945de8dff854916bd4d5bbde0c55f5d6545b1c4b6881e3,801c0bf9d69ecdd58b21fb2ba4392137048b466668344ebfc4c8faf6a0d3e2f1,177788fe59872f782f56492a52f86c3b5177023ac875c509339d328f5ce5306f,regime_model_v2_full_right_censored_refit,4fc1a02dce9ac2311dabaeb4623a559d37286dfe58baffef53828cc7415a3425,MODEL_FULL_REFIT,not_applicable,not_applicable,not_applicable,not_applicable,-1,-1,not_applicable,not_applicable,True,False,disabled,False,False,False,False,False,False,False
regime_k10_seed20260713,10,20260713,9,7,0.145254066056,0.369149361783,0.00125233105203,0.179627629737,143cc35bbab621d585cb9bf2,91996a9cf747a614ff6d9e08eaafc3583a58b91c,7c23ba6c613d79731d3e3f1f37122ff5f97e6e6845274121313ccb1ba1459e88,67417cf1fd1267cb4a945de8dff854916bd4d5bbde0c55f5d6545b1c4b6881e3,801c0bf9d69ecdd58b21fb2ba4392137048b466668344ebfc4c8faf6a0d3e2f1,177788fe59872f782f56492a52f86c3b5177023ac875c509339d328f5ce5306f,regime_model_v2_full_right_censored_refit,4fc1a02dce9ac2311dabaeb4623a559d37286dfe58baffef53828cc7415a3425,MODEL_FULL_REFIT,not_applicable,not_applicable,not_applicable,not_applicable,-1,-1,not_applicable,not_applicable,True,False,disabled,False,False,False,False,False,False,False
regime_k10_seed20260714,10,20260714,0,0,0.173045702694,0.156059728414,0.00385886897317,0.143421184066,143cc35bbab621d585cb9bf2,91996a9cf747a614ff6d9e08eaafc3583a58b91c,7c23ba6c613d79731d3e3f1f37122ff5f97e6e6845274121313ccb1ba1459e88,67417cf1fd1267cb4a945de8dff854916bd4d5bbde0c55f5d6545b1c4b6881e3,801c0bf9d69ecdd58b21fb2ba4392137048b466668344ebfc4c8faf6a0d3e2f1,177788fe59872f782f56492a52f86c3b5177023ac875c509339d328f5ce5306f,regime_model_v2_full_right_censored_refit,4fc1a02dce9ac2311dabaeb4623a559d37286dfe58baffef53828cc7415a3425,MODEL_FULL_REFIT,not_applicable,not_applicable,not_applicable,not_applicable,-1,-1,not_applicable,not_applicable,True,False,disabled,False,False,False,False,False,False,False
regime_k10_seed20260714,10,20260714,2,1,0.184308404844,0.178921458013,0.0167154037765,0.157822717976,143cc35bbab621d585cb9bf2,91996a9cf747a614ff6d9e08eaafc3583a58b91c,7c23ba6c613d79731d3e3f1f37122ff5f97e6e6845274121313ccb1ba1459e88,67417cf1fd1267cb4a945de8dff854916bd4d5bbde0c55f5d6545b1c4b6881e3,801c0bf9d69ecdd58b21fb2ba4392137048b466668344ebfc4c8faf6a0d3e2f1,177788fe59872f782f56492a52f86c3b5177023ac875c509339d328f5ce5306f,regime_model_v2_full_right_censored_refit,4fc1a02dce9ac2311dabaeb4623a559d37286dfe58baffef53828cc7415a3425,MODEL_FULL_REFIT,not_applicable,not_applicable,not_applicable,not_applicable,-1,-1,not_applicable,not_applicable,True,False,disabled,False,False,False,False,False,False,False
regime_k10_seed20260714,10,20260714,3,3,0.0377483171003,0.151005417751,0.00270102821491,0.0608054989301,143cc35bbab621d585cb9bf2,91996a9cf747a614ff6d9e08eaafc3583a58b91c,7c23ba6c613d79731d3e3f1f37122ff5f97e6e6845274121313ccb1ba1459e88,67417cf1fd1267cb4a945de8dff854916bd4d5bbde0c55f5d6545b1c4b6881e3,801c0bf9d69ecdd58b21fb2ba4392137048b466668344ebfc4c8faf6a0d3e2f1,177788fe59872f782f56492a52f86c3b5177023ac875c509339d328f5ce5306f,regime_model_v2_full_right_censored_refit,4fc1a02dce9ac2311dabaeb4623a559d37286dfe58baffef53828cc7415a3425,MODEL_FULL_REFIT,not_applicable,not_applicable,not_applicable,not_applicable,-1,-1,not_applicable,not_applicable,True,False,disabled,False,False,False,False,False,False,False
regime_k10_seed20260714,10,20260714,4,2,0.222374830193,0.152946532117,0.00601764402933,0.172564177749,143cc35bbab621d585cb9bf2,91996a9cf747a614ff6d9e08eaafc3583a58b91c,7c23ba6c613d79731d3e3f1f37122ff5f97e6e6845274121313ccb1ba1459e88,67417cf1fd1267cb4a945de8dff854916bd4d5bbde0c55f5d6545b1c4b6881e3,801c0bf9d69ecdd58b21fb2ba4392137048b466668344ebfc4c8faf6a0d3e2f1,177788fe59872f782f56492a52f86c3b5177023ac875c509339d328f5ce5306f,regime_model_v2_full_right_censored_refit,4fc1a02dce9ac2311dabaeb4623a559d37286dfe58baffef53828cc7415a3425,MODEL_FULL_REFIT,not_applicable,not_applicable,not_applicable,not_applicable,-1,-1,not_applicable,not_applicable,True,False,disabled,False,False,False,False,False,False,False
regime_k10_seed20260714,10,20260714,5,4,0.0786420622947,0.117639976804,0.0075307360445,0.0777248419845,143cc35bbab621d585cb9bf2,91996a9cf747a614ff6d9e08eaafc3583a58b91c,7c23ba6c613d79731d3e3f1f37122ff5f97e6e6845274121313ccb1ba1459e88,67417cf1fd1267cb4a945de8dff854916bd4d5bbde0c55f5d6545b1c4b6881e3,801c0bf9d69ecdd58b21fb2ba4392137048b466668344ebfc4c8faf6a0d3e2f1,177788fe59872f782f56492a52f86c3b5177023ac875c509339d328f5ce5306f,regime_model_v2_full_right_censored_refit,4fc1a02dce9ac2311dabaeb4623a559d37286dfe58baffef53828cc7415a3425,MODEL_FULL_REFIT,not_applicable,not_applicable,not_applicable,not_applicable,-1,-1,not_applicable,not_applicable,True,False,disabled,False,False,False,False,False,False,False
regime_k10_seed20260714,10,20260714,6,5,0.0973522622696,0.105061161486,0.00304573329587,0.0851335077276,143cc35bbab621d585cb9bf2,91996a9cf747a614ff6d9e08eaafc3583a58b91c,7c23ba6c613d79731d3e3f1f37122ff5f97e6e6845274121313ccb1ba1459e88,67417cf1fd1267cb4a945de8dff854916bd4d5bbde0c55f5d6545b1c4b6881e3,801c0bf9d69ecdd58b21fb2ba4392137048b466668344ebfc4c8faf6a0d3e2f1,177788fe59872f782f56492a52f86c3b5177023ac875c509339d328f5ce5306f,regime_model_v2_full_right_censored_refit,4fc1a02dce9ac2311dabaeb4623a559d37286dfe58baffef53828cc7415a3425,MODEL_FULL_REFIT,not_applicable,not_applicable,not_applicable,not_applicable,-1,-1,not_applicable,not_applicable,True,False,disabled,False,False,False,False,False,False,False
regime_k10_seed20260714,10,20260714,7,6,0.155592321416,0.164487353894,0.00230651102166,0.134823207977,143cc35bbab621d585cb9bf2,91996a9cf747a614ff6d9e08eaafc3583a58b91c,7c23ba6c613d79731d3e3f1f37122ff5f97e6e6845274121313ccb1ba1459e88,67417cf1fd1267cb4a945de8dff854916bd4d5bbde0c55f5d6545b1c4b6881e3,801c0bf9d69ecdd58b21fb2ba4392137048b466668344ebfc4c8faf6a0d3e2f1,177788fe59872f782f56492a52f86c3b5177023ac875c509339d328f5ce5306f,regime_model_v2_full_right_censored_refit,4fc1a02dce9ac2311dabaeb4623a559d37286dfe58baffef53828cc7415a3425,MODEL_FULL_REFIT,not_applicable,not_applicable,not_applicable,not_applicable,-1,-1,not_applicable,not_applicable,True,False,disabled,False,False,False,False,False,False,False
regime_k10_seed20260714,10,20260714,9,7,0.188815952571,0.347973475861,0.00151164398472,0.200509687106,143cc35bbab621d585cb9bf2,91996a9cf747a614ff6d9e08eaafc3583a58b91c,7c23ba6c613d79731d3e3f1f37122ff5f97e6e6845274121313ccb1ba1459e88,67417cf1fd1267cb4a945de8dff854916bd4d5bbde0c55f5d6545b1c4b6881e3,801c0bf9d69ecdd58b21fb2ba4392137048b466668344ebfc4c8faf6a0d3e2f1,177788fe59872f782f56492a52f86c3b5177023ac875c509339d328f5ce5306f,regime_model_v2_full_right_censored_refit,4fc1a02dce9ac2311dabaeb4623a559d37286dfe58baffef53828cc7415a3425,MODEL_FULL_REFIT,not_applicable,not_applicable,not_applicable,not_applicable,-1,-1,not_applicable,not_applicable,True,False,disabled,False,False,False,False,False,False,False
regime_k12_seed20260710,12,20260710,1,0,0.373504401071,0.182103172478,0.00339967779035,0.27013838543,143cc35bbab621d585cb9bf2,91996a9cf747a614ff6d9e08eaafc3583a58b91c,7c23ba6c613d79731d3e3f1f37122ff5f97e6e6845274121313ccb1ba1459e88,67417cf1fd1267cb4a945de8dff854916bd4d5bbde0c55f5d6545b1c4b6881e3,801c0bf9d69ecdd58b21fb2ba4392137048b466668344ebfc4c8faf6a0d3e2f1,177788fe59872f782f56492a52f86c3b5177023ac875c509339d328f5ce5306f,regime_model_v2_full_right_censored_refit,4fc1a02dce9ac2311dabaeb4623a559d37286dfe58baffef53828cc7415a3425,MODEL_FULL_REFIT,not_applicable,not_applicable,not_applicable,not_applicable,-1,-1,not_applicable,not_applicable,True,False,disabled,False,False,False,False,False,False,False
regime_k12_seed20260710,12,20260710,2,2,0.311044278856,0.172615503417,0.00211114572078,0.230097115026,143cc35bbab621d585cb9bf2,91996a9cf747a614ff6d9e08eaafc3583a58b91c,7c23ba6c613d79731d3e3f1f37122ff5f97e6e6845274121313ccb1ba1459e88,67417cf1fd1267cb4a945de8dff854916bd4d5bbde0c55f5d6545b1c4b6881e3,801c0bf9d69ecdd58b21fb2ba4392137048b466668344ebfc4c8faf6a0d3e2f1,177788fe59872f782f56492a52f86c3b5177023ac875c509339d328f5ce5306f,regime_model_v2_full_right_censored_refit,4fc1a02dce9ac2311dabaeb4623a559d37286dfe58baffef53828cc7415a3425,MODEL_FULL_REFIT,not_applicable,not_applicable,not_applicable,not_applicable,-1,-1,not_applicable,not_applicable,True,False,disabled,False,False,False,False,False,False,False
regime_k12_seed20260710,12,20260710,3,1,0.0820674318834,0.160940600813,0.00570322801519,0.0903310935356,143cc35bbab621d585cb9bf2,91996a9cf747a614ff6d9e08eaafc3583a58b91c,7c23ba6c613d79731d3e3f1f37122ff5f97e6e6845274121313ccb1ba1459e88,67417cf1fd1267cb4a945de8dff854916bd4d5bbde0c55f5d6545b1c4b6881e3,801c0bf9d69ecdd58b21fb2ba4392137048b466668344ebfc4c8faf6a0d3e2f1,177788fe59872f782f56492a52f86c3b5177023ac875c509339d328f5ce5306f,regime_model_v2_full_right_censored_refit,4fc1a02dce9ac2311dabaeb4623a559d37286dfe58baffef53828cc7415a3425,MODEL_FULL_REFIT,not_applicable,not_applicable,not_applicable,not_applicable,-1,-1,not_applicable,not_applicable,True,False,disabled,False,False,False,False,False,False,False
regime_k12_seed20260710,12,20260710,5,3,0.254939042885,0.144889823895,0.0014313359289,0.189400582094,143cc35bbab621d585cb9bf2,91996a9cf747a614ff6d9e08eaafc3583a58b91c,7c23ba6c613d79731d3e3f1f37122ff5f97e6e6845274121313ccb1ba1459e88,67417cf1fd1267cb4a945de8dff854916bd4d5bbde0c55f5d6545b1c4b6881e3,801c0bf9d69ecdd58b21fb2ba4392137048b466668344ebfc4c8faf6a0d3e2f1,177788fe59872f782f56492a52f86c3b5177023ac875c509339d328f5ce5306f,regime_model_v2_full_right_censored_refit,4fc1a02dce9ac2311dabaeb4623a559d37286dfe58baffef53828cc7415a3425,MODEL_FULL_REFIT,not_applicable,not_applicable,not_applicable,not_applicable,-1,-1,not_applicable,not_applicable,True,False,disabled,False,False,False,False,False,False,False
regime_k12_seed20260710,12,20260710,7,4,0.0660719133182,0.134891140856,0.0062123313792,0.0742977829118,143cc35bbab621d585cb9bf2,91996a9cf747a614ff6d9e08eaafc3583a58b91c,7c23ba6c613d79731d3e3f1f37122ff5f97e6e6845274121313ccb1ba1459e88,67417cf1fd1267cb4a945de8dff854916bd4d5bbde0c55f5d6545b1c4b6881e3,801c0bf9d69ecdd58b21fb2ba4392137048b466668344ebfc4c8faf6a0d3e2f1,177788fe59872f782f56492a52f86c3b5177023ac875c509339d328f5ce5306f,regime_model_v2_full_right_censored_refit,4fc1a02dce9ac2311dabaeb4623a559d37286dfe58baffef53828cc7415a3425,MODEL_FULL_REFIT,not_applicable,not_applicable,not_applicable,not_applicable,-1,-1,not_applicable,not_applicable,True,False,disabled,False,False,False,False,False,False,False
regime_k12_seed20260710,12,20260710,9,5,0.177362380765,0.167213345297,0.00683226632148,0.149245604731,143cc35bbab621d585cb9bf2,91996a9cf747a614ff6d9e08eaafc3583a58b91c,7c23ba6c613d79731d3e3f1f37122ff5f97e6e6845274121313ccb1ba1459e88,67417cf1fd1267cb4a945de8dff854916bd4d5bbde0c55f5d6545b1c4b6881e3,801c0bf9d69ecdd58b21fb2ba4392137048b466668344ebfc4c8faf6a0d3e2f1,177788fe59872f782f56492a52f86c3b5177023ac875c509339d328f5ce5306f,regime_model_v2_full_right_censored_refit,4fc1a02dce9ac2311dabaeb4623a559d37286dfe58baffef53828cc7415a3425,MODEL_FULL_REFIT,not_applicable,not_applicable,not_applicable,not_applicable,-1,-1,not_applicable,not_applicable,True,False,disabled,False,False,False,False,False,False,False
regime_k12_seed20260710,12,20260710,10,6,0.0990674828134,0.167930007762,0.00163605503361,0.101668399884,143cc35bbab621d585cb9bf2,91996a9cf747a614ff6d9e08eaafc3583a58b91c,7c23ba6c613d79731d3e3f1f37122ff5f97e6e6845274121313ccb1ba1459e88,67417cf1fd1267cb4a945de8dff854916bd4d5bbde0c55f5d6545b1c4b6881e3,801c0bf9d69ecdd58b21fb2ba4392137048b466668344ebfc4c8faf6a0d3e2f1,177788fe59872f782f56492a52f86c3b5177023ac875c509339d328f5ce5306f,regime_model_v2_full_right_censored_refit,4fc1a02dce9ac2311dabaeb4623a559d37286dfe58baffef53828cc7415a3425,MODEL_FULL_REFIT,not_applicable,not_applicable,not_applicable,not_applicable,-1,-1,not_applicable,not_applicable,True,False,disabled,False,False,False,False,False,False,False
regime_k12_seed20260710,12,20260710,11,7,0.041828311358,0.340444546024,0.000632158950005,0.110302947163,143cc35bbab621d585cb9bf2,91996a9cf747a614ff6d9e08eaafc3583a58b91c,7c23ba6c613d79731d3e3f1f37122ff5f97e6e6845274121313ccb1ba1459e88,67417cf1fd1267cb4a945de8dff854916bd4d5bbde0c55f5d6545b1c4b6881e3,801c0bf9d69ecdd58b21fb2ba4392137048b466668344ebfc4c8faf6a0d3e2f1,177788fe59872f782f56492a52f86c3b5177023ac875c509339d328f5ce5306f,regime_model_v2_full_right_censored_refit,4fc1a02dce9ac2311dabaeb4623a559d37286dfe58baffef53828cc7415a3425,MODEL_FULL_REFIT,not_applicable,not_applicable,not_applicable,not_applicable,-1,-1,not_applicable,not_applicable,True,False,disabled,False,False,False,False,False,False,False
regime_k12_seed20260711,12,20260711,0,0,0.282913294432,0.172409342069,0.0120082555513,0.214651550509,143cc35bbab621d585cb9bf2,91996a9cf747a614ff6d9e08eaafc3583a58b91c,7c23ba6c613d79731d3e3f1f37122ff5f97e6e6845274121313ccb1ba1459e88,67417cf1fd1267cb4a945de8dff854916bd4d5bbde0c55f5d6545b1c4b6881e3,801c0bf9d69ecdd58b21fb2ba4392137048b466668344ebfc4c8faf6a0d3e2f1,177788fe59872f782f56492a52f86c3b5177023ac875c509339d328f5ce5306f,regime_model_v2_full_right_censored_refit,4fc1a02dce9ac2311dabaeb4623a559d37286dfe58baffef53828cc7415a3425,MODEL_FULL_REFIT,not_applicable,not_applicable,not_applicable,not_applicable,-1,-1,not_applicable,not_applicable,True,False,disabled,False,False,False,False,False,False,False
regime_k12_seed20260711,12,20260711,3,1,0.0706462477484,0.155801878799,0.00808833129006,0.0825514680424,143cc35bbab621d585cb9bf2,91996a9cf747a614ff6d9e08eaafc3583a58b91c,7c23ba6c613d79731d3e3f1f37122ff5f97e6e6845274121313ccb1ba1459e88,67417cf1fd1267cb4a945de8dff854916bd4d5bbde0c55f5d6545b1c4b6881e3,801c0bf9d69ecdd58b21fb2ba4392137048b466668344ebfc4c8faf6a0d3e2f1,177788fe59872f782f56492a52f86c3b5177023ac875c509339d328f5ce5306f,regime_model_v2_full_right_censored_refit,4fc1a02dce9ac2311dabaeb4623a559d37286dfe58baffef53828cc7415a3425,MODEL_FULL_REFIT,not_applicable,not_applicable,not_applicable,not_applicable,-1,-1,not_applicable,not_applicable,True,False,disabled,False,False,False,False,False,False,False
regime_k12_seed20260711,12,20260711,4,2,0.273041978563,0.144772616851,0.0110765068586,0.20167981738,143cc35bbab621d585cb9bf2,91996a9cf747a614ff6d9e08eaafc3583a58b91c,7c23ba6c613d79731d3e3f1f37122ff5f97e6e6845274121313ccb1ba1459e88,67417cf1fd1267cb4a945de8dff854916bd4d5bbde0c55f5d6545b1c4b6881e3,801c0bf9d69ecdd58b21fb2ba4392137048b466668344ebfc4c8faf6a0d3e2f1,177788fe59872f782f56492a52f86c3b5177023ac875c509339d328f5ce5306f,regime_model_v2_full_right_censored_refit,4fc1a02dce9ac2311dabaeb4623a559d37286dfe58baffef53828cc7415a3425,MODEL_FULL_REFIT,not_applicable,not_applicable,not_applicable,not_applicable,-1,-1,not_applicable,not_applicable,True,False,disabled,False,False,False,False,False,False,False
regime_k12_seed20260711,12,20260711,5,3,0.217396924203,0.15746918534,0.00136255077467,0.170009833473,143cc35bbab621d585cb9bf2,91996a9cf747a614ff6d9e08eaafc3583a58b91c,7c23ba6c613d79731d3e3f1f37122ff5f97e6e6845274121313ccb1ba1459e88,67417cf1fd1267cb4a945de8dff854916bd4d5bbde0c55f5d6545b1c4b6881e3,801c0bf9d69ecdd58b21fb2ba4392137048b466668344ebfc4c8faf6a0d3e2f1,177788fe59872f782f56492a52f86c3b5177023ac875c509339d328f5ce5306f,regime_model_v2_full_right_censored_refit,4fc1a02dce9ac2311dabaeb4623a559d37286dfe58baffef53828cc7415a3425,MODEL_FULL_REFIT,not_applicable,not_applicable,not_applicable,not_applicable,-1,-1,not_applicable,not_applicable,True,False,disabled,False,False,False,False,False,False,False
regime_k12_seed20260711,12,20260711,7,4,0.241212014317,0.129857850184,0.016199552312,0.179621603983,143cc35bbab621d585cb9bf2,91996a9cf747a614ff6d9e08eaafc3583a58b91c,7c23ba6c613d79731d3e3f1f37122ff5f97e6e6845274121313ccb1ba1459e88,67417cf1fd1267cb4a945de8dff854916bd4d5bbde0c55f5d6545b1c4b6881e3,801c0bf9d69ecdd58b21fb2ba4392137048b466668344ebfc4c8faf6a0d3e2f1,177788fe59872f782f56492a52f86c3b5177023ac875c509339d328f5ce5306f,regime_model_v2_full_right_censored_refit,4fc1a02dce9ac2311dabaeb4623a559d37286dfe58baffef53828cc7415a3425,MODEL_FULL_REFIT,not_applicable,not_applicable,not_applicable,not_applicable,-1,-1,not_applicable,not_applicable,True,False,disabled,False,False,False,False,False,False,False
regime_k12_seed20260711,12,20260711,9,5,0.0335394403305,0.128586067887,0.00167121654206,0.0525208636515,143cc35bbab621d585cb9bf2,91996a9cf747a614ff6d9e08eaafc3583a58b91c,7c23ba6c613d79731d3e3f1f37122ff5f97e6e6845274121313ccb1ba1459e88,67417cf1fd1267cb4a945de8dff854916bd4d5bbde0c55f5d6545b1c4b6881e3,801c0bf9d69ecdd58b21fb2ba4392137048b466668344ebfc4c8faf6a0d3e2f1,177788fe59872f782f56492a52f86c3b5177023ac875c509339d328f5ce5306f,regime_model_v2_full_right_censored_refit,4fc1a02dce9ac2311dabaeb4623a559d37286dfe58baffef53828cc7415a3425,MODEL_FULL_REFIT,not_applicable,not_applicable,not_applicable,not_applicable,-1,-1,not_applicable,not_applicable,True,False,disabled,False,False,False,False,False,False,False
regime_k12_seed20260711,12,20260711,10,6,0.114550738933,0.168511189278,0.00101849879142,0.111011015498,143cc35bbab621d585cb9bf2,91996a9cf747a614ff6d9e08eaafc3583a58b91c,7c23ba6c613d79731d3e3f1f37122ff5f97e6e6845274121313ccb1ba1459e88,67417cf1fd1267cb4a945de8dff854916bd4d5bbde0c55f5d6545b1c4b6881e3,801c0bf9d69ecdd58b21fb2ba4392137048b466668344ebfc4c8faf6a0d3e2f1,177788fe59872f782f56492a52f86c3b5177023ac875c509339d328f5ce5306f,regime_model_v2_full_right_censored_refit,4fc1a02dce9ac2311dabaeb4623a559d37286dfe58baffef53828cc7415a3425,MODEL_FULL_REFIT,not_applicable,not_applicable,not_applicable,not_applicable,-1,-1,not_applicable,not_applicable,True,False,disabled,False,False,False,False,False,False,False
regime_k12_seed20260711,12,20260711,11,7,0.185168312163,0.346928333863,0.00154695270244,0.198065113669,143cc35bbab621d585cb9bf2,91996a9cf747a614ff6d9e08eaafc3583a58b91c,7c23ba6c613d79731d3e3f1f37122ff5f97e6e6845274121313ccb1ba1459e88,67417cf1fd1267cb4a945de8dff854916bd4d5bbde0c55f5d6545b1c4b6881e3,801c0bf9d69ecdd58b21fb2ba4392137048b466668344ebfc4c8faf6a0d3e2f1,177788fe59872f782f56492a52f86c3b5177023ac875c509339d328f5ce5306f,regime_model_v2_full_right_censored_refit,4fc1a02dce9ac2311dabaeb4623a559d37286dfe58baffef53828cc7415a3425,MODEL_FULL_REFIT,not_applicable,not_applicable,not_applicable,not_applicable,-1,-1,not_applicable,not_applicable,True,False,disabled,False,False,False,False,False,False,False
regime_k12_seed20260712,12,20260712,1,0,0.295454382014,0.185214948765,0.0140416899678,0.225682619895,143cc35bbab621d585cb9bf2,91996a9cf747a614ff6d9e08eaafc3583a58b91c,7c23ba6c613d79731d3e3f1f37122ff5f97e6e6845274121313ccb1ba1459e88,67417cf1fd1267cb4a945de8dff854916bd4d5bbde0c55f5d6545b1c4b6881e3,801c0bf9d69ecdd58b21fb2ba4392137048b466668344ebfc4c8faf6a0d3e2f1,177788fe59872f782f56492a52f86c3b5177023ac875c509339d328f5ce5306f,regime_model_v2_full_right_censored_refit,4fc1a02dce9ac2311dabaeb4623a559d37286dfe58baffef53828cc7415a3425,MODEL_FULL_REFIT,not_applicable,not_applicable,not_applicable,not_applicable,-1,-1,not_applicable,not_applicable,True,False,disabled,False,False,False,False,False,False,False
regime_k12_seed20260712,12,20260712,3,3,0.208933264931,0.157259314945,0.00730128777632,0.165769980861,143cc35bbab621d585cb9bf2,91996a9cf747a614ff6d9e08eaafc3583a58b91c,7c23ba6c613d79731d3e3f1f37122ff5f97e6e6845274121313ccb1ba1459e88,67417cf1fd1267cb4a945de8dff854916bd4d5bbde0c55f5d6545b1c4b6881e3,801c0bf9d69ecdd58b21fb2ba4392137048b466668344ebfc4c8faf6a0d3e2f1,177788fe59872f782f56492a52f86c3b5177023ac875c509339d328f5ce5306f,regime_model_v2_full_right_censored_refit,4fc1a02dce9ac2311dabaeb4623a559d37286dfe58baffef53828cc7415a3425,MODEL_FULL_REFIT,not_applicable,not_applicable,not_applicable,not_applicable,-1,-1,not_applicable,not_applicable,True,False,disabled,False,False,False,False,False,False,False
regime_k12_seed20260712,12,20260712,4,2,0.304185438492,0.150997987322,0.0221701393258,0.223586280825,143cc35bbab621d585cb9bf2,91996a9cf747a614ff6d9e08eaafc3583a58b91c,7c23ba6c613d79731d3e3f1f37122ff5f97e6e6845274121313ccb1ba1459e88,67417cf1fd1267cb4a945de8dff854916bd4d5bbde0c55f5d6545b1c4b6881e3,801c0bf9d69ecdd58b21fb2ba4392137048b466668344ebfc4c8faf6a0d3e2f1,177788fe59872f782f56492a52f86c3b5177023ac875c509339d328f5ce5306f,regime_model_v2_full_right_censored_refit,4fc1a02dce9ac2311dabaeb4623a559d37286dfe58baffef53828cc7415a3425,MODEL_FULL_REFIT,not_applicable,not_applicable,not_applicable,not_applicable,-1,-1,not_applicable,not_applicable,True,False,disabled,False,False,False,False,False,False,False
regime_k12_seed20260712,12,20260712,6,1,0.26246350097,0.15288450848,0.00632570045382,0.19664808277,143cc35bbab621d585cb9bf2,91996a9cf747a614ff6d9e08eaafc3583a58b91c,7c23ba6c613d79731d3e3f1f37122ff5f97e6e6845274121313ccb1ba1459e88,67417cf1fd1267cb4a945de8dff854916bd4d5bbde0c55f5d6545b1c4b6881e3,801c0bf9d69ecdd58b21fb2ba4392137048b466668344ebfc4c8faf6a0d3e2f1,177788fe59872f782f56492a52f86c3b5177023ac875c509339d328f5ce5306f,regime_model_v2_full_right_censored_refit,4fc1a02dce9ac2311dabaeb4623a559d37286dfe58baffef53828cc7415a3425,MODEL_FULL_REFIT,not_applicable,not_applicable,not_applicable,not_applicable,-1,-1,not_applicable,not_applicable,True,False,disabled,False,False,False,False,False,False,False
regime_k12_seed20260712,12,20260712,7,4,0.184103284195,0.126826997347,0.00243183633973,0.142533495305,143cc35bbab621d585cb9bf2,91996a9cf747a614ff6d9e08eaafc3583a58b91c,7c23ba6c613d79731d3e3f1f37122ff5f97e6e6845274121313ccb1ba1459e88,67417cf1fd1267cb4a945de8dff854916bd4d5bbde0c55f5d6545b1c4b6881e3,801c0bf9d69ecdd58b21fb2ba4392137048b466668344ebfc4c8faf6a0d3e2f1,177788fe59872f782f56492a52f86c3b5177023ac875c509339d328f5ce5306f,regime_model_v2_full_right_censored_refit,4fc1a02dce9ac2311dabaeb4623a559d37286dfe58baffef53828cc7415a3425,MODEL_FULL_REFIT,not_applicable,not_applicable,not_applicable,not_applicable,-1,-1,not_applicable,not_applicable,True,False,disabled,False,False,False,False,False,False,False
regime_k12_seed20260712,12,20260712,8,5,0.18134749763,0.132417750011,0.00301223957345,0.142364772017,143cc35bbab621d585cb9bf2,91996a9cf747a614ff6d9e08eaafc3583a58b91c,7c23ba6c613d79731d3e3f1f37122ff5f97e6e6845274121313ccb1ba1459e88,67417cf1fd1267cb4a945de8dff854916bd4d5bbde0c55f5d6545b1c4b6881e3,801c0bf9d69ecdd58b21fb2ba4392137048b466668344ebfc4c8faf6a0d3e2f1,177788fe59872f782f56492a52f86c3b5177023ac875c509339d328f5ce5306f,regime_model_v2_full_right_censored_refit,4fc1a02dce9ac2311dabaeb4623a559d37286dfe58baffef53828cc7415a3425,MODEL_FULL_REFIT,not_applicable,not_applicable,not_applicable,not_applicable,-1,-1,not_applicable,not_applicable,True,False,disabled,False,False,False,False,False,False,False
regime_k12_seed20260712,12,20260712,9,6,0.118263153257,0.16340445566,0.00204848655713,0.112116278853,143cc35bbab621d585cb9bf2,91996a9cf747a614ff6d9e08eaafc3583a58b91c,7c23ba6c613d79731d3e3f1f37122ff5f97e6e6845274121313ccb1ba1459e88,67417cf1fd1267cb4a945de8dff854916bd4d5bbde0c55f5d6545b1c4b6881e3,801c0bf9d69ecdd58b21fb2ba4392137048b466668344ebfc4c8faf6a0d3e2f1,177788fe59872f782f56492a52f86c3b5177023ac875c509339d328f5ce5306f,regime_model_v2_full_right_censored_refit,4fc1a02dce9ac2311dabaeb4623a559d37286dfe58baffef53828cc7415a3425,MODEL_FULL_REFIT,not_applicable,not_applicable,not_applicable,not_applicable,-1,-1,not_applicable,not_applicable,True,False,disabled,False,False,False,False,False,False,False
regime_k12_seed20260712,12,20260712,11,7,0.298875405652,0.318946400206,0.00204306643081,0.259368303407,143cc35bbab621d585cb9bf2,91996a9cf747a614ff6d9e08eaafc3583a58b91c,7c23ba6c613d79731d3e3f1f37122ff5f97e6e6845274121313ccb1ba1459e88,67417cf1fd1267cb4a945de8dff854916bd4d5bbde0c55f5d6545b1c4b6881e3,801c0bf9d69ecdd58b21fb2ba4392137048b466668344ebfc4c8faf6a0d3e2f1,177788fe59872f782f56492a52f86c3b5177023ac875c509339d328f5ce5306f,regime_model_v2_full_right_censored_refit,4fc1a02dce9ac2311dabaeb4623a559d37286dfe58baffef53828cc7415a3425,MODEL_FULL_REFIT,not_applicable,not_applicable,not_applicable,not_applicable,-1,-1,not_applicable,not_applicable,True,False,disabled,False,False,False,False,False,False,False
regime_k12_seed20260713,12,20260713,1,0,0.354760177849,0.171678800092,0.00810939182287,0.256992215506,143cc35bbab621d585cb9bf2,91996a9cf747a614ff6d9e08eaafc3583a58b91c,7c23ba6c613d79731d3e3f1f37122ff5f97e6e6845274121313ccb1ba1459e88,67417cf1fd1267cb4a945de8dff854916bd4d5bbde0c55f5d6545b1c4b6881e3,801c0bf9d69ecdd58b21fb2ba4392137048b466668344ebfc4c8faf6a0d3e2f1,177788fe59872f782f56492a52f86c3b5177023ac875c509339d328f5ce5306f,regime_model_v2_full_right_censored_refit,4fc1a02dce9ac2311dabaeb4623a559d37286dfe58baffef53828cc7415a3425,MODEL_FULL_REFIT,not_applicable,not_applicable,not_applicable,not_applicable,-1,-1,not_applicable,not_applicable,True,False,disabled,False,False,False,False,False,False,False
regime_k12_seed20260713,12,20260713,2,1,0.112326708037,0.164602251826,0.00687415321802,0.109577710761,143cc35bbab621d585cb9bf2,91996a9cf747a614ff6d9e08eaafc3583a58b91c,7c23ba6c613d79731d3e3f1f37122ff5f97e6e6845274121313ccb1ba1459e88,67417cf1fd1267cb4a945de8dff854916bd4d5bbde0c55f5d6545b1c4b6881e3,801c0bf9d69ecdd58b21fb2ba4392137048b466668344ebfc4c8faf6a0d3e2f1,177788fe59872f782f56492a52f86c3b5177023ac875c509339d328f5ce5306f,regime_model_v2_full_right_censored_refit,4fc1a02dce9ac2311dabaeb4623a559d37286dfe58baffef53828cc7415a3425,MODEL_FULL_REFIT,not_applicable,not_applicable,not_applicable,not_applicable,-1,-1,not_applicable,not_applicable,True,False,disabled,False,False,False,False,False,False,False
regime_k12_seed20260713,12,20260713,3,2,0.290276255905,0.151149972832,0.0212593841035,0.215142154367,143cc35bbab621d585cb9bf2,91996a9cf747a614ff6d9e08eaafc3583a58b91c,7c23ba6c613d79731d3e3f1f37122ff5f97e6e6845274121313ccb1ba1459e88,67417cf1fd1267cb4a945de8dff854916bd4d5bbde0c55f5d6545b1c4b6881e3,801c0bf9d69ecdd58b21fb2ba4392137048b466668344ebfc4c8faf6a0d3e2f1,177788fe59872f782f56492a52f86c3b5177023ac875c509339d328f5ce5306f,regime_model_v2_full_right_censored_refit,4fc1a02dce9ac2311dabaeb4623a559d37286dfe58baffef53828cc7415a3425,MODEL_FULL_REFIT,not_applicable,not_applicable,not_applicable,not_applicable,-1,-1,not_applicable,not_applicable,True,False,disabled,False,False,False,False,False,False,False
regime_k12_seed20260713,12,20260713,7,3,0.215487051362,0.146106908248,0.00337622461745,0.166325391572,143cc35bbab621d585cb9bf2,91996a9cf747a614ff6d9e08eaafc3583a58b91c,7c23ba6c613d79731d3e3f1f37122ff5f97e6e6845274121313ccb1ba1459e88,67417cf1fd1267cb4a945de8dff854916bd4d5bbde0c55f5d6545b1c4b6881e3,801c0bf9d69ecdd58b21fb2ba4392137048b466668344ebfc4c8faf6a0d3e2f1,177788fe59872f782f56492a52f86c3b5177023ac875c509339d328f5ce5306f,regime_model_v2_full_right_censored_refit,4fc1a02dce9ac2311dabaeb4623a559d37286dfe58baffef53828cc7415a3425,MODEL_FULL_REFIT,not_applicable,not_applicable,not_applicable,not_applicable,-1,-1,not_applicable,not_applicable,True,False,disabled,False,False,False,False,False,False,False
regime_k12_seed20260713,12,20260713,8,4,0.196147239336,0.152272640933,0.0158404001572,0.158132563858,143cc35bbab621d585cb9bf2,91996a9cf747a614ff6d9e08eaafc3583a58b91c,7c23ba6c613d79731d3e3f1f37122ff5f97e6e6845274121313ccb1ba1459e88,67417cf1fd1267cb4a945de8dff854916bd4d5bbde0c55f5d6545b1c4b6881e3,801c0bf9d69ecdd58b21fb2ba4392137048b466668344ebfc4c8faf6a0d3e2f1,177788fe59872f782f56492a52f86c3b5177023ac875c509339d328f5ce5306f,regime_model_v2_full_right_censored_refit,4fc1a02dce9ac2311dabaeb4623a559d37286dfe58baffef53828cc7415a3425,MODEL_FULL_REFIT,not_applicable,not_applicable,not_applicable,not_applicable,-1,-1,not_applicable,not_applicable,True,False,disabled,False,False,False,False,False,False,False
regime_k12_seed20260713,12,20260713,9,5,0.0731081954542,0.12599609129,0.00370104928059,0.075919097487,143cc35bbab621d585cb9bf2,91996a9cf747a614ff6d9e08eaafc3583a58b91c,7c23ba6c613d79731d3e3f1f37122ff5f97e6e6845274121313ccb1ba1459e88,67417cf1fd1267cb4a945de8dff854916bd4d5bbde0c55f5d6545b1c4b6881e3,801c0bf9d69ecdd58b21fb2ba4392137048b466668344ebfc4c8faf6a0d3e2f1,177788fe59872f782f56492a52f86c3b5177023ac875c509339d328f5ce5306f,regime_model_v2_full_right_censored_refit,4fc1a02dce9ac2311dabaeb4623a559d37286dfe58baffef53828cc7415a3425,MODEL_FULL_REFIT,not_applicable,not_applicable,not_applicable,not_applicable,-1,-1,not_applicable,not_applicable,True,False,disabled,False,False,False,False,False,False,False
regime_k12_seed20260713,12,20260713,10,6,0.124778402023,0.159434492684,0.00206592309677,0.115035552849,143cc35bbab621d585cb9bf2,91996a9cf747a614ff6d9e08eaafc3583a58b91c,7c23ba6c613d79731d3e3f1f37122ff5f97e6e6845274121313ccb1ba1459e88,67417cf1fd1267cb4a945de8dff854916bd4d5bbde0c55f5d6545b1c4b6881e3,801c0bf9d69ecdd58b21fb2ba4392137048b466668344ebfc4c8faf6a0d3e2f1,177788fe59872f782f56492a52f86c3b5177023ac875c509339d328f5ce5306f,regime_model_v2_full_right_censored_refit,4fc1a02dce9ac2311dabaeb4623a559d37286dfe58baffef53828cc7415a3425,MODEL_FULL_REFIT,not_applicable,not_applicable,not_applicable,not_applicable,-1,-1,not_applicable,not_applicable,True,False,disabled,False,False,False,False,False,False,False
regime_k12_seed20260713,12,20260713,11,7,0.0483526570663,0.310439466271,0.000863938881111,0.10675105164,143cc35bbab621d585cb9bf2,91996a9cf747a614ff6d9e08eaafc3583a58b91c,7c23ba6c613d79731d3e3f1f37122ff5f97e6e6845274121313ccb1ba1459e88,67417cf1fd1267cb4a945de8dff854916bd4d5bbde0c55f5d6545b1c4b6881e3,801c0bf9d69ecdd58b21fb2ba4392137048b466668344ebfc4c8faf6a0d3e2f1,177788fe59872f782f56492a52f86c3b5177023ac875c509339d328f5ce5306f,regime_model_v2_full_right_censored_refit,4fc1a02dce9ac2311dabaeb4623a559d37286dfe58baffef53828cc7415a3425,MODEL_FULL_REFIT,not_applicable,not_applicable,not_applicable,not_applicable,-1,-1,not_applicable,not_applicable,True,False,disabled,False,False,False,False,False,False,False
regime_k12_seed20260714,12,20260714,0,0,0.299235192124,0.193119990078,0.00180594726851,0.228092004884,143cc35bbab621d585cb9bf2,91996a9cf747a614ff6d9e08eaafc3583a58b91c,7c23ba6c613d79731d3e3f1f37122ff5f97e6e6845274121313ccb1ba1459e88,67417cf1fd1267cb4a945de8dff854916bd4d5bbde0c55f5d6545b1c4b6881e3,801c0bf9d69ecdd58b21fb2ba4392137048b466668344ebfc4c8faf6a0d3e2f1,177788fe59872f782f56492a52f86c3b5177023ac875c509339d328f5ce5306f,regime_model_v2_full_right_censored_refit,4fc1a02dce9ac2311dabaeb4623a559d37286dfe58baffef53828cc7415a3425,MODEL_FULL_REFIT,not_applicable,not_applicable,not_applicable,not_applicable,-1,-1,not_applicable,not_applicable,True,False,disabled,False,False,False,False,False,False,False
regime_k12_seed20260714,12,20260714,1,3,0.187543859811,0.146554590221,0.00580049014009,0.150035036963,143cc35bbab621d585cb9bf2,91996a9cf747a614ff6d9e08eaafc3583a58b91c,7c23ba6c613d79731d3e3f1f37122ff5f97e6e6845274121313ccb1ba1459e88,67417cf1fd1267cb4a945de8dff854916bd4d5bbde0c55f5d6545b1c4b6881e3,801c0bf9d69ecdd58b21fb2ba4392137048b466668344ebfc4c8faf6a0d3e2f1,177788fe59872f782f56492a52f86c3b5177023ac875c509339d328f5ce5306f,regime_model_v2_full_right_censored_refit,4fc1a02dce9ac2311dabaeb4623a559d37286dfe58baffef53828cc7415a3425,MODEL_FULL_REFIT,not_applicable,not_applicable,not_applicable,not_applicable,-1,-1,not_applicable,not_applicable,True,False,disabled,False,False,False,False,False,False,False
regime_k12_seed20260714,12,20260714,4,1,0.184360348164,0.160910668195,0.0138685926395,0.152924164843,143cc35bbab621d585cb9bf2,91996a9cf747a614ff6d9e08eaafc3583a58b91c,7c23ba6c613d79731d3e3f1f37122ff5f97e6e6845274121313ccb1ba1459e88,67417cf1fd1267cb4a945de8dff854916bd4d5bbde0c55f5d6545b1c4b6881e3,801c0bf9d69ecdd58b21fb2ba4392137048b466668344ebfc4c8faf6a0d3e2f1,177788fe59872f782f56492a52f86c3b5177023ac875c509339d328f5ce5306f,regime_model_v2_full_right_censored_refit,4fc1a02dce9ac2311dabaeb4623a559d37286dfe58baffef53828cc7415a3425,MODEL_FULL_REFIT,not_applicable,not_applicable,not_applicable,not_applicable,-1,-1,not_applicable,not_applicable,True,False,disabled,False,False,False,False,False,False,False
regime_k12_seed20260714,12,20260714,5,2,0.307950638065,0.148728460947,0.0101005885463,0.223467586358,143cc35bbab621d585cb9bf2,91996a9cf747a614ff6d9e08eaafc3583a58b91c,7c23ba6c613d79731d3e3f1f37122ff5f97e6e6845274121313ccb1ba1459e88,67417cf1fd1267cb4a945de8dff854916bd4d5bbde0c55f5d6545b1c4b6881e3,801c0bf9d69ecdd58b21fb2ba4392137048b466668344ebfc4c8faf6a0d3e2f1,177788fe59872f782f56492a52f86c3b5177023ac875c509339d328f5ce5306f,regime_model_v2_full_right_censored_refit,4fc1a02dce9ac2311dabaeb4623a559d37286dfe58baffef53828cc7415a3425,MODEL_FULL_REFIT,not_applicable,not_applicable,not_applicable,not_applicable,-1,-1,not_applicable,not_applicable,True,False,disabled,False,False,False,False,False,False,False
regime_k12_seed20260714,12,20260714,6,4,0.0759656377273,0.127865412384,0.00743535612344,0.078661039151,143cc35bbab621d585cb9bf2,91996a9cf747a614ff6d9e08eaafc3583a58b91c,7c23ba6c613d79731d3e3f1f37122ff5f97e6e6845274121313ccb1ba1459e88,67417cf1fd1267cb4a945de8dff854916bd4d5bbde0c55f5d6545b1c4b6881e3,801c0bf9d69ecdd58b21fb2ba4392137048b466668344ebfc4c8faf6a0d3e2f1,177788fe59872f782f56492a52f86c3b5177023ac875c509339d328f5ce5306f,regime_model_v2_full_right_censored_refit,4fc1a02dce9ac2311dabaeb4623a559d37286dfe58baffef53828cc7415a3425,MODEL_FULL_REFIT,not_applicable,not_applicable,not_applicable,not_applicable,-1,-1,not_applicable,not_applicable,True,False,disabled,False,False,False,False,False,False,False
regime_k12_seed20260714,12,20260714,8,6,0.188564551922,0.165560072077,0.00109099353995,0.154692398204,143cc35bbab621d585cb9bf2,91996a9cf747a614ff6d9e08eaafc3583a58b91c,7c23ba6c613d79731d3e3f1f37122ff5f97e6e6845274121313ccb1ba1459e88,67417cf1fd1267cb4a945de8dff854916bd4d5bbde0c55f5d6545b1c4b6881e3,801c0bf9d69ecdd58b21fb2ba4392137048b466668344ebfc4c8faf6a0d3e2f1,177788fe59872f782f56492a52f86c3b5177023ac875c509339d328f5ce5306f,regime_model_v2_full_right_censored_refit,4fc1a02dce9ac2311dabaeb4623a559d37286dfe58baffef53828cc7415a3425,MODEL_FULL_REFIT,not_applicable,not_applicable,not_applicable,not_applicable,-1,-1,not_applicable,not_applicable,True,False,disabled,False,False,False,False,False,False,False
regime_k12_seed20260714,12,20260714,9,5,0.114468905249,0.132840760362,0.00430190509198,0.102536819004,143cc35bbab621d585cb9bf2,91996a9cf747a614ff6d9e08eaafc3583a58b91c,7c23ba6c613d79731d3e3f1f37122ff5f97e6e6845274121313ccb1ba1459e88,67417cf1fd1267cb4a945de8dff854916bd4d5bbde0c55f5d6545b1c4b6881e3,801c0bf9d69ecdd58b21fb2ba4392137048b466668344ebfc4c8faf6a0d3e2f1,177788fe59872f782f56492a52f86c3b5177023ac875c509339d328f5ce5306f,regime_model_v2_full_right_censored_refit,4fc1a02dce9ac2311dabaeb4623a559d37286dfe58baffef53828cc7415a3425,MODEL_FULL_REFIT,not_applicable,not_applicable,not_applicable,not_applicable,-1,-1,not_applicable,not_applicable,True,False,disabled,False,False,False,False,False,False,False
regime_k12_seed20260714,12,20260714,11,7,0.169345730025,0.318171457348,0.000595451759154,0.181239620116,143cc35bbab621d585cb9bf2,91996a9cf747a614ff6d9e08eaafc3583a58b91c,7c23ba6c613d79731d3e3f1f37122ff5f97e6e6845274121313ccb1ba1459e88,67417cf1fd1267cb4a945de8dff854916bd4d5bbde0c55f5d6545b1c4b6881e3,801c0bf9d69ecdd58b21fb2ba4392137048b466668344ebfc4c8faf6a0d3e2f1,177788fe59872f782f56492a52f86c3b5177023ac875c509339d328f5ce5306f,regime_model_v2_full_right_censored_refit,4fc1a02dce9ac2311dabaeb4623a559d37286dfe58baffef53828cc7415a3425,MODEL_FULL_REFIT,not_applicable,not_applicable,not_applicable,not_applicable,-1,-1,not_applicable,not_applicable,True,False,disabled,False,False,False,False,False,False,False
