model_lineage,state,age,survival,run_id,git_sha,contract_hash,data_snapshot_hash,panel_hash,implementation_source_hash,state_model_version,state_model_hash,symbol,session,segment_id,timestamp,source_artifact,source_hash,research_only,execution_enabled,order_placement,broker_connected,economic_outcomes_used,payoff_selection_used,production_runtime_modified,strategy_promotion,part_b_interaction_scoring_enabled,semantic_dictionary_promotion_enabled
MODEL_FULL_REFIT,0,1,0.731967430746,143cc35bbab621d585cb9bf2,91996a9cf747a614ff6d9e08eaafc3583a58b91c,7c23ba6c613d79731d3e3f1f37122ff5f97e6e6845274121313ccb1ba1459e88,67417cf1fd1267cb4a945de8dff854916bd4d5bbde0c55f5d6545b1c4b6881e3,801c0bf9d69ecdd58b21fb2ba4392137048b466668344ebfc4c8faf6a0d3e2f1,177788fe59872f782f56492a52f86c3b5177023ac875c509339d328f5ce5306f,regime_model_v2_full_right_censored_refit,4fc1a02dce9ac2311dabaeb4623a559d37286dfe58baffef53828cc7415a3425,not_applicable,not_applicable,not_applicable,not_applicable,not_applicable,not_applicable,True,False,disabled,False,False,False,False,False,False,False
MODEL_FULL_REFIT,0,2,0.569014122885,143cc35bbab621d585cb9bf2,91996a9cf747a614ff6d9e08eaafc3583a58b91c,7c23ba6c613d79731d3e3f1f37122ff5f97e6e6845274121313ccb1ba1459e88,67417cf1fd1267cb4a945de8dff854916bd4d5bbde0c55f5d6545b1c4b6881e3,801c0bf9d69ecdd58b21fb2ba4392137048b466668344ebfc4c8faf6a0d3e2f1,177788fe59872f782f56492a52f86c3b5177023ac875c509339d328f5ce5306f,regime_model_v2_full_right_censored_refit,4fc1a02dce9ac2311dabaeb4623a559d37286dfe58baffef53828cc7415a3425,not_applicable,not_applicable,not_applicable,not_applicable,not_applicable,not_applicable,True,False,disabled,False,False,False,False,False,False,False
MODEL_FULL_REFIT,0,3,0.399331147072,143cc35bbab621d585cb9bf2,91996a9cf747a614ff6d9e08eaafc3583a58b91c,7c23ba6c613d79731d3e3f1f37122ff5f97e6e6845274121313ccb1ba1459e88,67417cf1fd1267cb4a945de8dff854916bd4d5bbde0c55f5d6545b1c4b6881e3,801c0bf9d69ecdd58b21fb2ba4392137048b466668344ebfc4c8faf6a0d3e2f1,177788fe59872f782f56492a52f86c3b5177023ac875c509339d328f5ce5306f,regime_model_v2_full_right_censored_refit,4fc1a02dce9ac2311dabaeb4623a559d37286dfe58baffef53828cc7415a3425,not_applicable,not_applicable,not_applicable,not_applicable,not_applicable,not_applicable,True,False,disabled,False,False,False,False,False,False,False
MODEL_FULL_REFIT,0,4,0.27635708803,143cc35bbab621d585cb9bf2,91996a9cf747a614ff6d9e08eaafc3583a58b91c,7c23ba6c613d79731d3e3f1f37122ff5f97e6e6845274121313ccb1ba1459e88,67417cf1fd1267cb4a945de8dff854916bd4d5bbde0c55f5d6545b1c4b6881e3,801c0bf9d69ecdd58b21fb2ba4392137048b466668344ebfc4c8faf6a0d3e2f1,177788fe59872f782f56492a52f86c3b5177023ac875c509339d328f5ce5306f,regime_model_v2_full_right_censored_refit,4fc1a02dce9ac2311dabaeb4623a559d37286dfe58baffef53828cc7415a3425,not_applicable,not_applicable,not_applicable,not_applicable,not_applicable,not_applicable,True,False,disabled,False,False,False,False,False,False,False
MODEL_FULL_REFIT,0,5,0.198782339235,143cc35bbab621d585cb9bf2,91996a9cf747a614ff6d9e08eaafc3583a58b91c,7c23ba6c613d79731d3e3f1f37122ff5f97e6e6845274121313ccb1ba1459e88,67417cf1fd1267cb4a945de8dff854916bd4d5bbde0c55f5d6545b1c4b6881e3,801c0bf9d69ecdd58b21fb2ba4392137048b466668344ebfc4c8faf6a0d3e2f1,177788fe59872f782f56492a52f86c3b5177023ac875c509339d328f5ce5306f,regime_model_v2_full_right_censored_refit,4fc1a02dce9ac2311dabaeb4623a559d37286dfe58baffef53828cc7415a3425,not_applicable,not_applicable,not_applicable,not_applicable,not_applicable,not_applicable,True,False,disabled,False,False,False,False,False,False,False
MODEL_FULL_REFIT,0,6,0.147970545002,143cc35bbab621d585cb9bf2,91996a9cf747a614ff6d9e08eaafc3583a58b91c,7c23ba6c613d79731d3e3f1f37122ff5f97e6e6845274121313ccb1ba1459e88,67417cf1fd1267cb4a945de8dff854916bd4d5bbde0c55f5d6545b1c4b6881e3,801c0bf9d69ecdd58b21fb2ba4392137048b466668344ebfc4c8faf6a0d3e2f1,177788fe59872f782f56492a52f86c3b5177023ac875c509339d328f5ce5306f,regime_model_v2_full_right_censored_refit,4fc1a02dce9ac2311dabaeb4623a559d37286dfe58baffef53828cc7415a3425,not_applicable,not_applicable,not_applicable,not_applicable,not_applicable,not_applicable,True,False,disabled,False,False,False,False,False,False,False
MODEL_FULL_REFIT,0,7,0.114101951759,143cc35bbab621d585cb9bf2,91996a9cf747a614ff6d9e08eaafc3583a58b91c,7c23ba6c613d79731d3e3f1f37122ff5f97e6e6845274121313ccb1ba1459e88,67417cf1fd1267cb4a945de8dff854916bd4d5bbde0c55f5d6545b1c4b6881e3,801c0bf9d69ecdd58b21fb2ba4392137048b466668344ebfc4c8faf6a0d3e2f1,177788fe59872f782f56492a52f86c3b5177023ac875c509339d328f5ce5306f,regime_model_v2_full_right_censored_refit,4fc1a02dce9ac2311dabaeb4623a559d37286dfe58baffef53828cc7415a3425,not_applicable,not_applicable,not_applicable,not_applicable,not_applicable,not_applicable,True,False,disabled,False,False,False,False,False,False,False
MODEL_FULL_REFIT,0,8,0.0873404074198,143cc35bbab621d585cb9bf2,91996a9cf747a614ff6d9e08eaafc3583a58b91c,7c23ba6c613d79731d3e3f1f37122ff5f97e6e6845274121313ccb1ba1459e88,67417cf1fd1267cb4a945de8dff854916bd4d5bbde0c55f5d6545b1c4b6881e3,801c0bf9d69ecdd58b21fb2ba4392137048b466668344ebfc4c8faf6a0d3e2f1,177788fe59872f782f56492a52f86c3b5177023ac875c509339d328f5ce5306f,regime_model_v2_full_right_censored_refit,4fc1a02dce9ac2311dabaeb4623a559d37286dfe58baffef53828cc7415a3425,not_applicable,not_applicable,not_applicable,not_applicable,not_applicable,not_applicable,True,False,disabled,False,False,False,False,False,False,False
MODEL_FULL_REFIT,0,9,0.0659414944386,143cc35bbab621d585cb9bf2,91996a9cf747a614ff6d9e08eaafc3583a58b91c,7c23ba6c613d79731d3e3f1f37122ff5f97e6e6845274121313ccb1ba1459e88,67417cf1fd1267cb4a945de8dff854916bd4d5bbde0c55f5d6545b1c4b6881e3,801c0bf9d69ecdd58b21fb2ba4392137048b466668344ebfc4c8faf6a0d3e2f1,177788fe59872f782f56492a52f86c3b5177023ac875c509339d328f5ce5306f,regime_model_v2_full_right_censored_refit,4fc1a02dce9ac2311dabaeb4623a559d37286dfe58baffef53828cc7415a3425,not_applicable,not_applicable,not_applicable,not_applicable,not_applicable,not_applicable,True,False,disabled,False,False,False,False,False,False,False
MODEL_FULL_REFIT,0,10,0.0503182719052,143cc35bbab621d585cb9bf2,91996a9cf747a614ff6d9e08eaafc3583a58b91c,7c23ba6c613d79731d3e3f1f37122ff5f97e6e6845274121313ccb1ba1459e88,67417cf1fd1267cb4a945de8dff854916bd4d5bbde0c55f5d6545b1c4b6881e3,801c0bf9d69ecdd58b21fb2ba4392137048b466668344ebfc4c8faf6a0d3e2f1,177788fe59872f782f56492a52f86c3b5177023ac875c509339d328f5ce5306f,regime_model_v2_full_right_censored_refit,4fc1a02dce9ac2311dabaeb4623a559d37286dfe58baffef53828cc7415a3425,not_applicable,not_applicable,not_applicable,not_applicable,not_applicable,not_applicable,True,False,disabled,False,False,False,False,False,False,False
MODEL_FULL_REFIT,0,11,0.0404756810618,143cc35bbab621d585cb9bf2,91996a9cf747a614ff6d9e08eaafc3583a58b91c,7c23ba6c613d79731d3e3f1f37122ff5f97e6e6845274121313ccb1ba1459e88,67417cf1fd1267cb4a945de8dff854916bd4d5bbde0c55f5d6545b1c4b6881e3,801c0bf9d69ecdd58b21fb2ba4392137048b466668344ebfc4c8faf6a0d3e2f1,177788fe59872f782f56492a52f86c3b5177023ac875c509339d328f5ce5306f,regime_model_v2_full_right_censored_refit,4fc1a02dce9ac2311dabaeb4623a559d37286dfe58baffef53828cc7415a3425,not_applicable,not_applicable,not_applicable,not_applicable,not_applicable,not_applicable,True,False,disabled,False,False,False,False,False,False,False
MODEL_FULL_REFIT,0,12,0.033092321918,143cc35bbab621d585cb9bf2,91996a9cf747a614ff6d9e08eaafc3583a58b91c,7c23ba6c613d79731d3e3f1f37122ff5f97e6e6845274121313ccb1ba1459e88,67417cf1fd1267cb4a945de8dff854916bd4d5bbde0c55f5d6545b1c4b6881e3,801c0bf9d69ecdd58b21fb2ba4392137048b466668344ebfc4c8faf6a0d3e2f1,177788fe59872f782f56492a52f86c3b5177023ac875c509339d328f5ce5306f,regime_model_v2_full_right_censored_refit,4fc1a02dce9ac2311dabaeb4623a559d37286dfe58baffef53828cc7415a3425,not_applicable,not_applicable,not_applicable,not_applicable,not_applicable,not_applicable,True,False,disabled,False,False,False,False,False,False,False
MODEL_FULL_REFIT,0,13,0.0271984279816,143cc35bbab621d585cb9bf2,91996a9cf747a614ff6d9e08eaafc3583a58b91c,7c23ba6c613d79731d3e3f1f37122ff5f97e6e6845274121313ccb1ba1459e88,67417cf1fd1267cb4a945de8dff854916bd4d5bbde0c55f5d6545b1c4b6881e3,801c0bf9d69ecdd58b21fb2ba4392137048b466668344ebfc4c8faf6a0d3e2f1,177788fe59872f782f56492a52f86c3b5177023ac875c509339d328f5ce5306f,regime_model_v2_full_right_censored_refit,4fc1a02dce9ac2311dabaeb4623a559d37286dfe58baffef53828cc7415a3425,not_applicable,not_applicable,not_applicable,not_applicable,not_applicable,not_applicable,True,False,disabled,False,False,False,False,False,False,False
MODEL_FULL_REFIT,0,14,0.0231510428653,143cc35bbab621d585cb9bf2,91996a9cf747a614ff6d9e08eaafc3583a58b91c,7c23ba6c613d79731d3e3f1f37122ff5f97e6e6845274121313ccb1ba1459e88,67417cf1fd1267cb4a945de8dff854916bd4d5bbde0c55f5d6545b1c4b6881e3,801c0bf9d69ecdd58b21fb2ba4392137048b466668344ebfc4c8faf6a0d3e2f1,177788fe59872f782f56492a52f86c3b5177023ac875c509339d328f5ce5306f,regime_model_v2_full_right_censored_refit,4fc1a02dce9ac2311dabaeb4623a559d37286dfe58baffef53828cc7415a3425,not_applicable,not_applicable,not_applicable,not_applicable,not_applicable,not_applicable,True,False,disabled,False,False,False,False,False,False,False
MODEL_FULL_REFIT,0,15,0.0186403936685,143cc35bbab621d585cb9bf2,91996a9cf747a614ff6d9e08eaafc3583a58b91c,7c23ba6c613d79731d3e3f1f37122ff5f97e6e6845274121313ccb1ba1459e88,67417cf1fd1267cb4a945de8dff854916bd4d5bbde0c55f5d6545b1c4b6881e3,801c0bf9d69ecdd58b21fb2ba4392137048b466668344ebfc4c8faf6a0d3e2f1,177788fe59872f782f56492a52f86c3b5177023ac875c509339d328f5ce5306f,regime_model_v2_full_right_censored_refit,4fc1a02dce9ac2311dabaeb4623a559d37286dfe58baffef53828cc7415a3425,not_applicable,not_applicable,not_applicable,not_applicable,not_applicable,not_applicable,True,False,disabled,False,False,False,False,False,False,False
MODEL_FULL_REFIT,0,16,0.0153349750238,143cc35bbab621d585cb9bf2,91996a9cf747a614ff6d9e08eaafc3583a58b91c,7c23ba6c613d79731d3e3f1f37122ff5f97e6e6845274121313ccb1ba1459e88,67417cf1fd1267cb4a945de8dff854916bd4d5bbde0c55f5d6545b1c4b6881e3,801c0bf9d69ecdd58b21fb2ba4392137048b466668344ebfc4c8faf6a0d3e2f1,177788fe59872f782f56492a52f86c3b5177023ac875c509339d328f5ce5306f,regime_model_v2_full_right_censored_refit,4fc1a02dce9ac2311dabaeb4623a559d37286dfe58baffef53828cc7415a3425,not_applicable,not_applicable,not_applicable,not_applicable,not_applicable,not_applicable,True,False,disabled,False,False,False,False,False,False,False
MODEL_FULL_REFIT,0,17,0.0124731663046,143cc35bbab621d585cb9bf2,91996a9cf747a614ff6d9e08eaafc3583a58b91c,7c23ba6c613d79731d3e3f1f37122ff5f97e6e6845274121313ccb1ba1459e88,67417cf1fd1267cb4a945de8dff854916bd4d5bbde0c55f5d6545b1c4b6881e3,801c0bf9d69ecdd58b21fb2ba4392137048b466668344ebfc4c8faf6a0d3e2f1,177788fe59872f782f56492a52f86c3b5177023ac875c509339d328f5ce5306f,regime_model_v2_full_right_censored_refit,4fc1a02dce9ac2311dabaeb4623a559d37286dfe58baffef53828cc7415a3425,not_applicable,not_applicable,not_applicable,not_applicable,not_applicable,not_applicable,True,False,disabled,False,False,False,False,False,False,False
MODEL_FULL_REFIT,0,18,0.0103763840379,143cc35bbab621d585cb9bf2,91996a9cf747a614ff6d9e08eaafc3583a58b91c,7c23ba6c613d79731d3e3f1f37122ff5f97e6e6845274121313ccb1ba1459e88,67417cf1fd1267cb4a945de8dff854916bd4d5bbde0c55f5d6545b1c4b6881e3,801c0bf9d69ecdd58b21fb2ba4392137048b466668344ebfc4c8faf6a0d3e2f1,177788fe59872f782f56492a52f86c3b5177023ac875c509339d328f5ce5306f,regime_model_v2_full_right_censored_refit,4fc1a02dce9ac2311dabaeb4623a559d37286dfe58baffef53828cc7415a3425,not_applicable,not_applicable,not_applicable,not_applicable,not_applicable,not_applicable,True,False,disabled,False,False,False,False,False,False,False
MODEL_FULL_REFIT,0,19,0.00837676836391,143cc35bbab621d585cb9bf2,91996a9cf747a614ff6d9e08eaafc3583a58b91c,7c23ba6c613d79731d3e3f1f37122ff5f97e6e6845274121313ccb1ba1459e88,67417cf1fd1267cb4a945de8dff854916bd4d5bbde0c55f5d6545b1c4b6881e3,801c0bf9d69ecdd58b21fb2ba4392137048b466668344ebfc4c8faf6a0d3e2f1,177788fe59872f782f56492a52f86c3b5177023ac875c509339d328f5ce5306f,regime_model_v2_full_right_censored_refit,4fc1a02dce9ac2311dabaeb4623a559d37286dfe58baffef53828cc7415a3425,not_applicable,not_applicable,not_applicable,not_applicable,not_applicable,not_applicable,True,False,disabled,False,False,False,False,False,False,False
MODEL_FULL_REFIT,0,20,0.00690811417024,143cc35bbab621d585cb9bf2,91996a9cf747a614ff6d9e08eaafc3583a58b91c,7c23ba6c613d79731d3e3f1f37122ff5f97e6e6845274121313ccb1ba1459e88,67417cf1fd1267cb4a945de8dff854916bd4d5bbde0c55f5d6545b1c4b6881e3,801c0bf9d69ecdd58b21fb2ba4392137048b466668344ebfc4c8faf6a0d3e2f1,177788fe59872f782f56492a52f86c3b5177023ac875c509339d328f5ce5306f,regime_model_v2_full_right_censored_refit,4fc1a02dce9ac2311dabaeb4623a559d37286dfe58baffef53828cc7415a3425,not_applicable,not_applicable,not_applicable,not_applicable,not_applicable,not_applicable,True,False,disabled,False,False,False,False,False,False,False
MODEL_FULL_REFIT,0,21,0.00630502483792,143cc35bbab621d585cb9bf2,91996a9cf747a614ff6d9e08eaafc3583a58b91c,7c23ba6c613d79731d3e3f1f37122ff5f97e6e6845274121313ccb1ba1459e88,67417cf1fd1267cb4a945de8dff854916bd4d5bbde0c55f5d6545b1c4b6881e3,801c0bf9d69ecdd58b21fb2ba4392137048b466668344ebfc4c8faf6a0d3e2f1,177788fe59872f782f56492a52f86c3b5177023ac875c509339d328f5ce5306f,regime_model_v2_full_right_censored_refit,4fc1a02dce9ac2311dabaeb4623a559d37286dfe58baffef53828cc7415a3425,not_applicable,not_applicable,not_applicable,not_applicable,not_applicable,not_applicable,True,False,disabled,False,False,False,False,False,False,False
MODEL_FULL_REFIT,0,22,0.00531256722454,143cc35bbab621d585cb9bf2,91996a9cf747a614ff6d9e08eaafc3583a58b91c,7c23ba6c613d79731d3e3f1f37122ff5f97e6e6845274121313ccb1ba1459e88,67417cf1fd1267cb4a945de8dff854916bd4d5bbde0c55f5d6545b1c4b6881e3,801c0bf9d69ecdd58b21fb2ba4392137048b466668344ebfc4c8faf6a0d3e2f1,177788fe59872f782f56492a52f86c3b5177023ac875c509339d328f5ce5306f,regime_model_v2_full_right_censored_refit,4fc1a02dce9ac2311dabaeb4623a559d37286dfe58baffef53828cc7415a3425,not_applicable,not_applicable,not_applicable,not_applicable,not_applicable,not_applicable,True,False,disabled,False,False,False,False,False,False,False
MODEL_FULL_REFIT,0,23,0.00456187837759,143cc35bbab621d585cb9bf2,91996a9cf747a614ff6d9e08eaafc3583a58b91c,7c23ba6c613d79731d3e3f1f37122ff5f97e6e6845274121313ccb1ba1459e88,67417cf1fd1267cb4a945de8dff854916bd4d5bbde0c55f5d6545b1c4b6881e3,801c0bf9d69ecdd58b21fb2ba4392137048b466668344ebfc4c8faf6a0d3e2f1,177788fe59872f782f56492a52f86c3b5177023ac875c509339d328f5ce5306f,regime_model_v2_full_right_censored_refit,4fc1a02dce9ac2311dabaeb4623a559d37286dfe58baffef53828cc7415a3425,not_applicable,not_applicable,not_applicable,not_applicable,not_applicable,not_applicable,True,False,disabled,False,False,False,False,False,False,False
MODEL_FULL_REFIT,0,24,0.00402165593814,143cc35bbab621d585cb9bf2,91996a9cf747a614ff6d9e08eaafc3583a58b91c,7c23ba6c613d79731d3e3f1f37122ff5f97e6e6845274121313ccb1ba1459e88,67417cf1fd1267cb4a945de8dff854916bd4d5bbde0c55f5d6545b1c4b6881e3,801c0bf9d69ecdd58b21fb2ba4392137048b466668344ebfc4c8faf6a0d3e2f1,177788fe59872f782f56492a52f86c3b5177023ac875c509339d328f5ce5306f,regime_model_v2_full_right_censored_refit,4fc1a02dce9ac2311dabaeb4623a559d37286dfe58baffef53828cc7415a3425,not_applicable,not_applicable,not_applicable,not_applicable,not_applicable,not_applicable,True,False,disabled,False,False,False,False,False,False,False
MODEL_FULL_REFIT,0,25,0.00345611057184,143cc35bbab621d585cb9bf2,91996a9cf747a614ff6d9e08eaafc3583a58b91c,7c23ba6c613d79731d3e3f1f37122ff5f97e6e6845274121313ccb1ba1459e88,67417cf1fd1267cb4a945de8dff854916bd4d5bbde0c55f5d6545b1c4b6881e3,801c0bf9d69ecdd58b21fb2ba4392137048b466668344ebfc4c8faf6a0d3e2f1,177788fe59872f782f56492a52f86c3b5177023ac875c509339d328f5ce5306f,regime_model_v2_full_right_censored_refit,4fc1a02dce9ac2311dabaeb4623a559d37286dfe58baffef53828cc7415a3425,not_applicable,not_applicable,not_applicable,not_applicable,not_applicable,not_applicable,True,False,disabled,False,False,False,False,False,False,False
MODEL_FULL_REFIT,0,26,0.00314752927078,143cc35bbab621d585cb9bf2,91996a9cf747a614ff6d9e08eaafc3583a58b91c,7c23ba6c613d79731d3e3f1f37122ff5f97e6e6845274121313ccb1ba1459e88,67417cf1fd1267cb4a945de8dff854916bd4d5bbde0c55f5d6545b1c4b6881e3,801c0bf9d69ecdd58b21fb2ba4392137048b466668344ebfc4c8faf6a0d3e2f1,177788fe59872f782f56492a52f86c3b5177023ac875c509339d328f5ce5306f,regime_model_v2_full_right_censored_refit,4fc1a02dce9ac2311dabaeb4623a559d37286dfe58baffef53828cc7415a3425,not_applicable,not_applicable,not_applicable,not_applicable,not_applicable,not_applicable,True,False,disabled,False,False,False,False,False,False,False
MODEL_FULL_REFIT,0,27,0.00236064695309,143cc35bbab621d585cb9bf2,91996a9cf747a614ff6d9e08eaafc3583a58b91c,7c23ba6c613d79731d3e3f1f37122ff5f97e6e6845274121313ccb1ba1459e88,67417cf1fd1267cb4a945de8dff854916bd4d5bbde0c55f5d6545b1c4b6881e3,801c0bf9d69ecdd58b21fb2ba4392137048b466668344ebfc4c8faf6a0d3e2f1,177788fe59872f782f56492a52f86c3b5177023ac875c509339d328f5ce5306f,regime_model_v2_full_right_censored_refit,4fc1a02dce9ac2311dabaeb4623a559d37286dfe58baffef53828cc7415a3425,not_applicable,not_applicable,not_applicable,not_applicable,not_applicable,not_applicable,True,False,disabled,False,False,False,False,False,False,False
MODEL_FULL_REFIT,0,28,0.00218359843161,143cc35bbab621d585cb9bf2,91996a9cf747a614ff6d9e08eaafc3583a58b91c,7c23ba6c613d79731d3e3f1f37122ff5f97e6e6845274121313ccb1ba1459e88,67417cf1fd1267cb4a945de8dff854916bd4d5bbde0c55f5d6545b1c4b6881e3,801c0bf9d69ecdd58b21fb2ba4392137048b466668344ebfc4c8faf6a0d3e2f1,177788fe59872f782f56492a52f86c3b5177023ac875c509339d328f5ce5306f,regime_model_v2_full_right_censored_refit,4fc1a02dce9ac2311dabaeb4623a559d37286dfe58baffef53828cc7415a3425,not_applicable,not_applicable,not_applicable,not_applicable,not_applicable,not_applicable,True,False,disabled,False,False,False,False,False,False,False
MODEL_FULL_REFIT,0,29,0.00188032087166,143cc35bbab621d585cb9bf2,91996a9cf747a614ff6d9e08eaafc3583a58b91c,7c23ba6c613d79731d3e3f1f37122ff5f97e6e6845274121313ccb1ba1459e88,67417cf1fd1267cb4a945de8dff854916bd4d5bbde0c55f5d6545b1c4b6881e3,801c0bf9d69ecdd58b21fb2ba4392137048b466668344ebfc4c8faf6a0d3e2f1,177788fe59872f782f56492a52f86c3b5177023ac875c509339d328f5ce5306f,regime_model_v2_full_right_censored_refit,4fc1a02dce9ac2311dabaeb4623a559d37286dfe58baffef53828cc7415a3425,not_applicable,not_applicable,not_applicable,not_applicable,not_applicable,not_applicable,True,False,disabled,False,False,False,False,False,False,False
MODEL_FULL_REFIT,0,30,0.00170404078994,143cc35bbab621d585cb9bf2,91996a9cf747a614ff6d9e08eaafc3583a58b91c,7c23ba6c613d79731d3e3f1f37122ff5f97e6e6845274121313ccb1ba1459e88,67417cf1fd1267cb4a945de8dff854916bd4d5bbde0c55f5d6545b1c4b6881e3,801c0bf9d69ecdd58b21fb2ba4392137048b466668344ebfc4c8faf6a0d3e2f1,177788fe59872f782f56492a52f86c3b5177023ac875c509339d328f5ce5306f,regime_model_v2_full_right_censored_refit,4fc1a02dce9ac2311dabaeb4623a559d37286dfe58baffef53828cc7415a3425,not_applicable,not_applicable,not_applicable,not_applicable,not_applicable,not_applicable,True,False,disabled,False,False,False,False,False,False,False
MODEL_FULL_REFIT,0,31,0.00153363671095,143cc35bbab621d585cb9bf2,91996a9cf747a614ff6d9e08eaafc3583a58b91c,7c23ba6c613d79731d3e3f1f37122ff5f97e6e6845274121313ccb1ba1459e88,67417cf1fd1267cb4a945de8dff854916bd4d5bbde0c55f5d6545b1c4b6881e3,801c0bf9d69ecdd58b21fb2ba4392137048b466668344ebfc4c8faf6a0d3e2f1,177788fe59872f782f56492a52f86c3b5177023ac875c509339d328f5ce5306f,regime_model_v2_full_right_censored_refit,4fc1a02dce9ac2311dabaeb4623a559d37286dfe58baffef53828cc7415a3425,not_applicable,not_applicable,not_applicable,not_applicable,not_applicable,not_applicable,True,False,disabled,False,False,False,False,False,False,False
MODEL_FULL_REFIT,0,32,0.00147886397127,143cc35bbab621d585cb9bf2,91996a9cf747a614ff6d9e08eaafc3583a58b91c,7c23ba6c613d79731d3e3f1f37122ff5f97e6e6845274121313ccb1ba1459e88,67417cf1fd1267cb4a945de8dff854916bd4d5bbde0c55f5d6545b1c4b6881e3,801c0bf9d69ecdd58b21fb2ba4392137048b466668344ebfc4c8faf6a0d3e2f1,177788fe59872f782f56492a52f86c3b5177023ac875c509339d328f5ce5306f,regime_model_v2_full_right_censored_refit,4fc1a02dce9ac2311dabaeb4623a559d37286dfe58baffef53828cc7415a3425,not_applicable,not_applicable,not_applicable,not_applicable,not_applicable,not_applicable,True,False,disabled,False,False,False,False,False,False,False
MODEL_FULL_REFIT,0,33,0.00121478111926,143cc35bbab621d585cb9bf2,91996a9cf747a614ff6d9e08eaafc3583a58b91c,7c23ba6c613d79731d3e3f1f37122ff5f97e6e6845274121313ccb1ba1459e88,67417cf1fd1267cb4a945de8dff854916bd4d5bbde0c55f5d6545b1c4b6881e3,801c0bf9d69ecdd58b21fb2ba4392137048b466668344ebfc4c8faf6a0d3e2f1,177788fe59872f782f56492a52f86c3b5177023ac875c509339d328f5ce5306f,regime_model_v2_full_right_censored_refit,4fc1a02dce9ac2311dabaeb4623a559d37286dfe58baffef53828cc7415a3425,not_applicable,not_applicable,not_applicable,not_applicable,not_applicable,not_applicable,True,False,disabled,False,False,False,False,False,False,False
MODEL_FULL_REFIT,0,34,0.000860469959475,143cc35bbab621d585cb9bf2,91996a9cf747a614ff6d9e08eaafc3583a58b91c,7c23ba6c613d79731d3e3f1f37122ff5f97e6e6845274121313ccb1ba1459e88,67417cf1fd1267cb4a945de8dff854916bd4d5bbde0c55f5d6545b1c4b6881e3,801c0bf9d69ecdd58b21fb2ba4392137048b466668344ebfc4c8faf6a0d3e2f1,177788fe59872f782f56492a52f86c3b5177023ac875c509339d328f5ce5306f,regime_model_v2_full_right_censored_refit,4fc1a02dce9ac2311dabaeb4623a559d37286dfe58baffef53828cc7415a3425,not_applicable,not_applicable,not_applicable,not_applicable,not_applicable,not_applicable,True,False,disabled,False,False,False,False,False,False,False
MODEL_FULL_REFIT,0,35,0.000717058299563,143cc35bbab621d585cb9bf2,91996a9cf747a614ff6d9e08eaafc3583a58b91c,7c23ba6c613d79731d3e3f1f37122ff5f97e6e6845274121313ccb1ba1459e88,67417cf1fd1267cb4a945de8dff854916bd4d5bbde0c55f5d6545b1c4b6881e3,801c0bf9d69ecdd58b21fb2ba4392137048b466668344ebfc4c8faf6a0d3e2f1,177788fe59872f782f56492a52f86c3b5177023ac875c509339d328f5ce5306f,regime_model_v2_full_right_censored_refit,4fc1a02dce9ac2311dabaeb4623a559d37286dfe58baffef53828cc7415a3425,not_applicable,not_applicable,not_applicable,not_applicable,not_applicable,not_applicable,True,False,disabled,False,False,False,False,False,False,False
MODEL_FULL_REFIT,0,36,0.000403345293504,143cc35bbab621d585cb9bf2,91996a9cf747a614ff6d9e08eaafc3583a58b91c,7c23ba6c613d79731d3e3f1f37122ff5f97e6e6845274121313ccb1ba1459e88,67417cf1fd1267cb4a945de8dff854916bd4d5bbde0c55f5d6545b1c4b6881e3,801c0bf9d69ecdd58b21fb2ba4392137048b466668344ebfc4c8faf6a0d3e2f1,177788fe59872f782f56492a52f86c3b5177023ac875c509339d328f5ce5306f,regime_model_v2_full_right_censored_refit,4fc1a02dce9ac2311dabaeb4623a559d37286dfe58baffef53828cc7415a3425,not_applicable,not_applicable,not_applicable,not_applicable,not_applicable,not_applicable,True,False,disabled,False,False,False,False,False,False,False
MODEL_FULL_REFIT,0,37,0.000368510038631,143cc35bbab621d585cb9bf2,91996a9cf747a614ff6d9e08eaafc3583a58b91c,7c23ba6c613d79731d3e3f1f37122ff5f97e6e6845274121313ccb1ba1459e88,67417cf1fd1267cb4a945de8dff854916bd4d5bbde0c55f5d6545b1c4b6881e3,801c0bf9d69ecdd58b21fb2ba4392137048b466668344ebfc4c8faf6a0d3e2f1,177788fe59872f782f56492a52f86c3b5177023ac875c509339d328f5ce5306f,regime_model_v2_full_right_censored_refit,4fc1a02dce9ac2311dabaeb4623a559d37286dfe58baffef53828cc7415a3425,not_applicable,not_applicable,not_applicable,not_applicable,not_applicable,not_applicable,True,False,disabled,False,False,False,False,False,False,False
MODEL_FULL_REFIT,0,38,0.000277792283313,143cc35bbab621d585cb9bf2,91996a9cf747a614ff6d9e08eaafc3583a58b91c,7c23ba6c613d79731d3e3f1f37122ff5f97e6e6845274121313ccb1ba1459e88,67417cf1fd1267cb4a945de8dff854916bd4d5bbde0c55f5d6545b1c4b6881e3,801c0bf9d69ecdd58b21fb2ba4392137048b466668344ebfc4c8faf6a0d3e2f1,177788fe59872f782f56492a52f86c3b5177023ac875c509339d328f5ce5306f,regime_model_v2_full_right_censored_refit,4fc1a02dce9ac2311dabaeb4623a559d37286dfe58baffef53828cc7415a3425,not_applicable,not_applicable,not_applicable,not_applicable,not_applicable,not_applicable,True,False,disabled,False,False,False,False,False,False,False
MODEL_FULL_REFIT,0,39,0.000254508711638,143cc35bbab621d585cb9bf2,91996a9cf747a614ff6d9e08eaafc3583a58b91c,7c23ba6c613d79731d3e3f1f37122ff5f97e6e6845274121313ccb1ba1459e88,67417cf1fd1267cb4a945de8dff854916bd4d5bbde0c55f5d6545b1c4b6881e3,801c0bf9d69ecdd58b21fb2ba4392137048b466668344ebfc4c8faf6a0d3e2f1,177788fe59872f782f56492a52f86c3b5177023ac875c509339d328f5ce5306f,regime_model_v2_full_right_censored_refit,4fc1a02dce9ac2311dabaeb4623a559d37286dfe58baffef53828cc7415a3425,not_applicable,not_applicable,not_applicable,not_applicable,not_applicable,not_applicable,True,False,disabled,False,False,False,False,False,False,False
MODEL_FULL_REFIT,0,40,0.000231255838545,143cc35bbab621d585cb9bf2,91996a9cf747a614ff6d9e08eaafc3583a58b91c,7c23ba6c613d79731d3e3f1f37122ff5f97e6e6845274121313ccb1ba1459e88,67417cf1fd1267cb4a945de8dff854916bd4d5bbde0c55f5d6545b1c4b6881e3,801c0bf9d69ecdd58b21fb2ba4392137048b466668344ebfc4c8faf6a0d3e2f1,177788fe59872f782f56492a52f86c3b5177023ac875c509339d328f5ce5306f,regime_model_v2_full_right_censored_refit,4fc1a02dce9ac2311dabaeb4623a559d37286dfe58baffef53828cc7415a3425,not_applicable,not_applicable,not_applicable,not_applicable,not_applicable,not_applicable,True,False,disabled,False,False,False,False,False,False,False
MODEL_FULL_REFIT,0,41,0.000209666665962,143cc35bbab621d585cb9bf2,91996a9cf747a614ff6d9e08eaafc3583a58b91c,7c23ba6c613d79731d3e3f1f37122ff5f97e6e6845274121313ccb1ba1459e88,67417cf1fd1267cb4a945de8dff854916bd4d5bbde0c55f5d6545b1c4b6881e3,801c0bf9d69ecdd58b21fb2ba4392137048b466668344ebfc4c8faf6a0d3e2f1,177788fe59872f782f56492a52f86c3b5177023ac875c509339d328f5ce5306f,regime_model_v2_full_right_censored_refit,4fc1a02dce9ac2311dabaeb4623a559d37286dfe58baffef53828cc7415a3425,not_applicable,not_applicable,not_applicable,not_applicable,not_applicable,not_applicable,True,False,disabled,False,False,False,False,False,False,False
MODEL_FULL_REFIT,0,42,0.000191335914539,143cc35bbab621d585cb9bf2,91996a9cf747a614ff6d9e08eaafc3583a58b91c,7c23ba6c613d79731d3e3f1f37122ff5f97e6e6845274121313ccb1ba1459e88,67417cf1fd1267cb4a945de8dff854916bd4d5bbde0c55f5d6545b1c4b6881e3,801c0bf9d69ecdd58b21fb2ba4392137048b466668344ebfc4c8faf6a0d3e2f1,177788fe59872f782f56492a52f86c3b5177023ac875c509339d328f5ce5306f,regime_model_v2_full_right_censored_refit,4fc1a02dce9ac2311dabaeb4623a559d37286dfe58baffef53828cc7415a3425,not_applicable,not_applicable,not_applicable,not_applicable,not_applicable,not_applicable,True,False,disabled,False,False,False,False,False,False,False
MODEL_FULL_REFIT,0,43,0.000174731236795,143cc35bbab621d585cb9bf2,91996a9cf747a614ff6d9e08eaafc3583a58b91c,7c23ba6c613d79731d3e3f1f37122ff5f97e6e6845274121313ccb1ba1459e88,67417cf1fd1267cb4a945de8dff854916bd4d5bbde0c55f5d6545b1c4b6881e3,801c0bf9d69ecdd58b21fb2ba4392137048b466668344ebfc4c8faf6a0d3e2f1,177788fe59872f782f56492a52f86c3b5177023ac875c509339d328f5ce5306f,regime_model_v2_full_right_censored_refit,4fc1a02dce9ac2311dabaeb4623a559d37286dfe58baffef53828cc7415a3425,not_applicable,not_applicable,not_applicable,not_applicable,not_applicable,not_applicable,True,False,disabled,False,False,False,False,False,False,False
MODEL_FULL_REFIT,0,44,0.000160366464435,143cc35bbab621d585cb9bf2,91996a9cf747a614ff6d9e08eaafc3583a58b91c,7c23ba6c613d79731d3e3f1f37122ff5f97e6e6845274121313ccb1ba1459e88,67417cf1fd1267cb4a945de8dff854916bd4d5bbde0c55f5d6545b1c4b6881e3,801c0bf9d69ecdd58b21fb2ba4392137048b466668344ebfc4c8faf6a0d3e2f1,177788fe59872f782f56492a52f86c3b5177023ac875c509339d328f5ce5306f,regime_model_v2_full_right_censored_refit,4fc1a02dce9ac2311dabaeb4623a559d37286dfe58baffef53828cc7415a3425,not_applicable,not_applicable,not_applicable,not_applicable,not_applicable,not_applicable,True,False,disabled,False,False,False,False,False,False,False
MODEL_FULL_REFIT,0,45,0.000122864274373,143cc35bbab621d585cb9bf2,91996a9cf747a614ff6d9e08eaafc3583a58b91c,7c23ba6c613d79731d3e3f1f37122ff5f97e6e6845274121313ccb1ba1459e88,67417cf1fd1267cb4a945de8dff854916bd4d5bbde0c55f5d6545b1c4b6881e3,801c0bf9d69ecdd58b21fb2ba4392137048b466668344ebfc4c8faf6a0d3e2f1,177788fe59872f782f56492a52f86c3b5177023ac875c509339d328f5ce5306f,regime_model_v2_full_right_censored_refit,4fc1a02dce9ac2311dabaeb4623a559d37286dfe58baffef53828cc7415a3425,not_applicable,not_applicable,not_applicable,not_applicable,not_applicable,not_applicable,True,False,disabled,False,False,False,False,False,False,False
MODEL_FULL_REFIT,0,46,0.000112716647723,143cc35bbab621d585cb9bf2,91996a9cf747a614ff6d9e08eaafc3583a58b91c,7c23ba6c613d79731d3e3f1f37122ff5f97e6e6845274121313ccb1ba1459e88,67417cf1fd1267cb4a945de8dff854916bd4d5bbde0c55f5d6545b1c4b6881e3,801c0bf9d69ecdd58b21fb2ba4392137048b466668344ebfc4c8faf6a0d3e2f1,177788fe59872f782f56492a52f86c3b5177023ac875c509339d328f5ce5306f,regime_model_v2_full_right_censored_refit,4fc1a02dce9ac2311dabaeb4623a559d37286dfe58baffef53828cc7415a3425,not_applicable,not_applicable,not_applicable,not_applicable,not_applicable,not_applicable,True,False,disabled,False,False,False,False,False,False,False
MODEL_FULL_REFIT,0,47,8.85658029336e-05,143cc35bbab621d585cb9bf2,91996a9cf747a614ff6d9e08eaafc3583a58b91c,7c23ba6c613d79731d3e3f1f37122ff5f97e6e6845274121313ccb1ba1459e88,67417cf1fd1267cb4a945de8dff854916bd4d5bbde0c55f5d6545b1c4b6881e3,801c0bf9d69ecdd58b21fb2ba4392137048b466668344ebfc4c8faf6a0d3e2f1,177788fe59872f782f56492a52f86c3b5177023ac875c509339d328f5ce5306f,regime_model_v2_full_right_censored_refit,4fc1a02dce9ac2311dabaeb4623a559d37286dfe58baffef53828cc7415a3425,not_applicable,not_applicable,not_applicable,not_applicable,not_applicable,not_applicable,True,False,disabled,False,False,False,False,False,False,False
MODEL_FULL_REFIT,0,48,8.36896816543e-05,143cc35bbab621d585cb9bf2,91996a9cf747a614ff6d9e08eaafc3583a58b91c,7c23ba6c613d79731d3e3f1f37122ff5f97e6e6845274121313ccb1ba1459e88,67417cf1fd1267cb4a945de8dff854916bd4d5bbde0c55f5d6545b1c4b6881e3,801c0bf9d69ecdd58b21fb2ba4392137048b466668344ebfc4c8faf6a0d3e2f1,177788fe59872f782f56492a52f86c3b5177023ac875c509339d328f5ce5306f,regime_model_v2_full_right_censored_refit,4fc1a02dce9ac2311dabaeb4623a559d37286dfe58baffef53828cc7415a3425,not_applicable,not_applicable,not_applicable,not_applicable,not_applicable,not_applicable,True,False,disabled,False,False,False,False,False,False,False
MODEL_FULL_REFIT,0,49,6.92284974532e-05,143cc35bbab621d585cb9bf2,91996a9cf747a614ff6d9e08eaafc3583a58b91c,7c23ba6c613d79731d3e3f1f37122ff5f97e6e6845274121313ccb1ba1459e88,67417cf1fd1267cb4a945de8dff854916bd4d5bbde0c55f5d6545b1c4b6881e3,801c0bf9d69ecdd58b21fb2ba4392137048b466668344ebfc4c8faf6a0d3e2f1,177788fe59872f782f56492a52f86c3b5177023ac875c509339d328f5ce5306f,regime_model_v2_full_right_censored_refit,4fc1a02dce9ac2311dabaeb4623a559d37286dfe58baffef53828cc7415a3425,not_applicable,not_applicable,not_applicable,not_applicable,not_applicable,not_applicable,True,False,disabled,False,False,False,False,False,False,False
MODEL_FULL_REFIT,0,50,6.74515958158e-05,143cc35bbab621d585cb9bf2,91996a9cf747a614ff6d9e08eaafc3583a58b91c,7c23ba6c613d79731d3e3f1f37122ff5f97e6e6845274121313ccb1ba1459e88,67417cf1fd1267cb4a945de8dff854916bd4d5bbde0c55f5d6545b1c4b6881e3,801c0bf9d69ecdd58b21fb2ba4392137048b466668344ebfc4c8faf6a0d3e2f1,177788fe59872f782f56492a52f86c3b5177023ac875c509339d328f5ce5306f,regime_model_v2_full_right_censored_refit,4fc1a02dce9ac2311dabaeb4623a559d37286dfe58baffef53828cc7415a3425,not_applicable,not_applicable,not_applicable,not_applicable,not_applicable,not_applicable,True,False,disabled,False,False,False,False,False,False,False
MODEL_FULL_REFIT,0,51,6.64436605872e-05,143cc35bbab621d585cb9bf2,91996a9cf747a614ff6d9e08eaafc3583a58b91c,7c23ba6c613d79731d3e3f1f37122ff5f97e6e6845274121313ccb1ba1459e88,67417cf1fd1267cb4a945de8dff854916bd4d5bbde0c55f5d6545b1c4b6881e3,801c0bf9d69ecdd58b21fb2ba4392137048b466668344ebfc4c8faf6a0d3e2f1,177788fe59872f782f56492a52f86c3b5177023ac875c509339d328f5ce5306f,regime_model_v2_full_right_censored_refit,4fc1a02dce9ac2311dabaeb4623a559d37286dfe58baffef53828cc7415a3425,not_applicable,not_applicable,not_applicable,not_applicable,not_applicable,not_applicable,True,False,disabled,False,False,False,False,False,False,False
MODEL_FULL_REFIT,0,52,6.56915030294e-05,143cc35bbab621d585cb9bf2,91996a9cf747a614ff6d9e08eaafc3583a58b91c,7c23ba6c613d79731d3e3f1f37122ff5f97e6e6845274121313ccb1ba1459e88,67417cf1fd1267cb4a945de8dff854916bd4d5bbde0c55f5d6545b1c4b6881e3,801c0bf9d69ecdd58b21fb2ba4392137048b466668344ebfc4c8faf6a0d3e2f1,177788fe59872f782f56492a52f86c3b5177023ac875c509339d328f5ce5306f,regime_model_v2_full_right_censored_refit,4fc1a02dce9ac2311dabaeb4623a559d37286dfe58baffef53828cc7415a3425,not_applicable,not_applicable,not_applicable,not_applicable,not_applicable,not_applicable,True,False,disabled,False,False,False,False,False,False,False
MODEL_FULL_REFIT,0,53,6.3524977242e-05,143cc35bbab621d585cb9bf2,91996a9cf747a614ff6d9e08eaafc3583a58b91c,7c23ba6c613d79731d3e3f1f37122ff5f97e6e6845274121313ccb1ba1459e88,67417cf1fd1267cb4a945de8dff854916bd4d5bbde0c55f5d6545b1c4b6881e3,801c0bf9d69ecdd58b21fb2ba4392137048b466668344ebfc4c8faf6a0d3e2f1,177788fe59872f782f56492a52f86c3b5177023ac875c509339d328f5ce5306f,regime_model_v2_full_right_censored_refit,4fc1a02dce9ac2311dabaeb4623a559d37286dfe58baffef53828cc7415a3425,not_applicable,not_applicable,not_applicable,not_applicable,not_applicable,not_applicable,True,False,disabled,False,False,False,False,False,False,False
MODEL_FULL_REFIT,0,54,6.18720177647e-05,143cc35bbab621d585cb9bf2,91996a9cf747a614ff6d9e08eaafc3583a58b91c,7c23ba6c613d79731d3e3f1f37122ff5f97e6e6845274121313ccb1ba1459e88,67417cf1fd1267cb4a945de8dff854916bd4d5bbde0c55f5d6545b1c4b6881e3,801c0bf9d69ecdd58b21fb2ba4392137048b466668344ebfc4c8faf6a0d3e2f1,177788fe59872f782f56492a52f86c3b5177023ac875c509339d328f5ce5306f,regime_model_v2_full_right_censored_refit,4fc1a02dce9ac2311dabaeb4623a559d37286dfe58baffef53828cc7415a3425,not_applicable,not_applicable,not_applicable,not_applicable,not_applicable,not_applicable,True,False,disabled,False,False,False,False,False,False,False
MODEL_FULL_REFIT,0,55,6.0750910839e-05,143cc35bbab621d585cb9bf2,91996a9cf747a614ff6d9e08eaafc3583a58b91c,7c23ba6c613d79731d3e3f1f37122ff5f97e6e6845274121313ccb1ba1459e88,67417cf1fd1267cb4a945de8dff854916bd4d5bbde0c55f5d6545b1c4b6881e3,801c0bf9d69ecdd58b21fb2ba4392137048b466668344ebfc4c8faf6a0d3e2f1,177788fe59872f782f56492a52f86c3b5177023ac875c509339d328f5ce5306f,regime_model_v2_full_right_censored_refit,4fc1a02dce9ac2311dabaeb4623a559d37286dfe58baffef53828cc7415a3425,not_applicable,not_applicable,not_applicable,not_applicable,not_applicable,not_applicable,True,False,disabled,False,False,False,False,False,False,False
MODEL_FULL_REFIT,0,56,5.96172554492e-05,143cc35bbab621d585cb9bf2,91996a9cf747a614ff6d9e08eaafc3583a58b91c,7c23ba6c613d79731d3e3f1f37122ff5f97e6e6845274121313ccb1ba1459e88,67417cf1fd1267cb4a945de8dff854916bd4d5bbde0c55f5d6545b1c4b6881e3,801c0bf9d69ecdd58b21fb2ba4392137048b466668344ebfc4c8faf6a0d3e2f1,177788fe59872f782f56492a52f86c3b5177023ac875c509339d328f5ce5306f,regime_model_v2_full_right_censored_refit,4fc1a02dce9ac2311dabaeb4623a559d37286dfe58baffef53828cc7415a3425,not_applicable,not_applicable,not_applicable,not_applicable,not_applicable,not_applicable,True,False,disabled,False,False,False,False,False,False,False
MODEL_FULL_REFIT,0,57,5.7840926819e-05,143cc35bbab621d585cb9bf2,91996a9cf747a614ff6d9e08eaafc3583a58b91c,7c23ba6c613d79731d3e3f1f37122ff5f97e6e6845274121313ccb1ba1459e88,67417cf1fd1267cb4a945de8dff854916bd4d5bbde0c55f5d6545b1c4b6881e3,801c0bf9d69ecdd58b21fb2ba4392137048b466668344ebfc4c8faf6a0d3e2f1,177788fe59872f782f56492a52f86c3b5177023ac875c509339d328f5ce5306f,regime_model_v2_full_right_censored_refit,4fc1a02dce9ac2311dabaeb4623a559d37286dfe58baffef53828cc7415a3425,not_applicable,not_applicable,not_applicable,not_applicable,not_applicable,not_applicable,True,False,disabled,False,False,False,False,False,False,False
MODEL_FULL_REFIT,0,58,5.60233547884e-05,143cc35bbab621d585cb9bf2,91996a9cf747a614ff6d9e08eaafc3583a58b91c,7c23ba6c613d79731d3e3f1f37122ff5f97e6e6845274121313ccb1ba1459e88,67417cf1fd1267cb4a945de8dff854916bd4d5bbde0c55f5d6545b1c4b6881e3,801c0bf9d69ecdd58b21fb2ba4392137048b466668344ebfc4c8faf6a0d3e2f1,177788fe59872f782f56492a52f86c3b5177023ac875c509339d328f5ce5306f,regime_model_v2_full_right_censored_refit,4fc1a02dce9ac2311dabaeb4623a559d37286dfe58baffef53828cc7415a3425,not_applicable,not_applicable,not_applicable,not_applicable,not_applicable,not_applicable,True,False,disabled,False,False,False,False,False,False,False
MODEL_FULL_REFIT,0,59,5.54595188221e-05,143cc35bbab621d585cb9bf2,91996a9cf747a614ff6d9e08eaafc3583a58b91c,7c23ba6c613d79731d3e3f1f37122ff5f97e6e6845274121313ccb1ba1459e88,67417cf1fd1267cb4a945de8dff854916bd4d5bbde0c55f5d6545b1c4b6881e3,801c0bf9d69ecdd58b21fb2ba4392137048b466668344ebfc4c8faf6a0d3e2f1,177788fe59872f782f56492a52f86c3b5177023ac875c509339d328f5ce5306f,regime_model_v2_full_right_censored_refit,4fc1a02dce9ac2311dabaeb4623a559d37286dfe58baffef53828cc7415a3425,not_applicable,not_applicable,not_applicable,not_applicable,not_applicable,not_applicable,True,False,disabled,False,False,False,False,False,False,False
MODEL_FULL_REFIT,0,60,5.42358692272e-05,143cc35bbab621d585cb9bf2,91996a9cf747a614ff6d9e08eaafc3583a58b91c,7c23ba6c613d79731d3e3f1f37122ff5f97e6e6845274121313ccb1ba1459e88,67417cf1fd1267cb4a945de8dff854916bd4d5bbde0c55f5d6545b1c4b6881e3,801c0bf9d69ecdd58b21fb2ba4392137048b466668344ebfc4c8faf6a0d3e2f1,177788fe59872f782f56492a52f86c3b5177023ac875c509339d328f5ce5306f,regime_model_v2_full_right_censored_refit,4fc1a02dce9ac2311dabaeb4623a559d37286dfe58baffef53828cc7415a3425,not_applicable,not_applicable,not_applicable,not_applicable,not_applicable,not_applicable,True,False,disabled,False,False,False,False,False,False,False
MODEL_FULL_REFIT,0,61,5.33315935874e-05,143cc35bbab621d585cb9bf2,91996a9cf747a614ff6d9e08eaafc3583a58b91c,7c23ba6c613d79731d3e3f1f37122ff5f97e6e6845274121313ccb1ba1459e88,67417cf1fd1267cb4a945de8dff854916bd4d5bbde0c55f5d6545b1c4b6881e3,801c0bf9d69ecdd58b21fb2ba4392137048b466668344ebfc4c8faf6a0d3e2f1,177788fe59872f782f56492a52f86c3b5177023ac875c509339d328f5ce5306f,regime_model_v2_full_right_censored_refit,4fc1a02dce9ac2311dabaeb4623a559d37286dfe58baffef53828cc7415a3425,not_applicable,not_applicable,not_applicable,not_applicable,not_applicable,not_applicable,True,False,disabled,False,False,False,False,False,False,False
MODEL_FULL_REFIT,0,62,5.27478566278e-05,143cc35bbab621d585cb9bf2,91996a9cf747a614ff6d9e08eaafc3583a58b91c,7c23ba6c613d79731d3e3f1f37122ff5f97e6e6845274121313ccb1ba1459e88,67417cf1fd1267cb4a945de8dff854916bd4d5bbde0c55f5d6545b1c4b6881e3,801c0bf9d69ecdd58b21fb2ba4392137048b466668344ebfc4c8faf6a0d3e2f1,177788fe59872f782f56492a52f86c3b5177023ac875c509339d328f5ce5306f,regime_model_v2_full_right_censored_refit,4fc1a02dce9ac2311dabaeb4623a559d37286dfe58baffef53828cc7415a3425,not_applicable,not_applicable,not_applicable,not_applicable,not_applicable,not_applicable,True,False,disabled,False,False,False,False,False,False,False
MODEL_FULL_REFIT,0,63,5.18176418095e-05,143cc35bbab621d585cb9bf2,91996a9cf747a614ff6d9e08eaafc3583a58b91c,7c23ba6c613d79731d3e3f1f37122ff5f97e6e6845274121313ccb1ba1459e88,67417cf1fd1267cb4a945de8dff854916bd4d5bbde0c55f5d6545b1c4b6881e3,801c0bf9d69ecdd58b21fb2ba4392137048b466668344ebfc4c8faf6a0d3e2f1,177788fe59872f782f56492a52f86c3b5177023ac875c509339d328f5ce5306f,regime_model_v2_full_right_censored_refit,4fc1a02dce9ac2311dabaeb4623a559d37286dfe58baffef53828cc7415a3425,not_applicable,not_applicable,not_applicable,not_applicable,not_applicable,not_applicable,True,False,disabled,False,False,False,False,False,False,False
MODEL_FULL_REFIT,0,64,5.08608924639e-05,143cc35bbab621d585cb9bf2,91996a9cf747a614ff6d9e08eaafc3583a58b91c,7c23ba6c613d79731d3e3f1f37122ff5f97e6e6845274121313ccb1ba1459e88,67417cf1fd1267cb4a945de8dff854916bd4d5bbde0c55f5d6545b1c4b6881e3,801c0bf9d69ecdd58b21fb2ba4392137048b466668344ebfc4c8faf6a0d3e2f1,177788fe59872f782f56492a52f86c3b5177023ac875c509339d328f5ce5306f,regime_model_v2_full_right_censored_refit,4fc1a02dce9ac2311dabaeb4623a559d37286dfe58baffef53828cc7415a3425,not_applicable,not_applicable,not_applicable,not_applicable,not_applicable,not_applicable,True,False,disabled,False,False,False,False,False,False,False
MODEL_FULL_REFIT,0,65,5.02291382062e-05,143cc35bbab621d585cb9bf2,91996a9cf747a614ff6d9e08eaafc3583a58b91c,7c23ba6c613d79731d3e3f1f37122ff5f97e6e6845274121313ccb1ba1459e88,67417cf1fd1267cb4a945de8dff854916bd4d5bbde0c55f5d6545b1c4b6881e3,801c0bf9d69ecdd58b21fb2ba4392137048b466668344ebfc4c8faf6a0d3e2f1,177788fe59872f782f56492a52f86c3b5177023ac875c509339d328f5ce5306f,regime_model_v2_full_right_censored_refit,4fc1a02dce9ac2311dabaeb4623a559d37286dfe58baffef53828cc7415a3425,not_applicable,not_applicable,not_applicable,not_applicable,not_applicable,not_applicable,True,False,disabled,False,False,False,False,False,False,False
MODEL_FULL_REFIT,0,66,4.92204704074e-05,143cc35bbab621d585cb9bf2,91996a9cf747a614ff6d9e08eaafc3583a58b91c,7c23ba6c613d79731d3e3f1f37122ff5f97e6e6845274121313ccb1ba1459e88,67417cf1fd1267cb4a945de8dff854916bd4d5bbde0c55f5d6545b1c4b6881e3,801c0bf9d69ecdd58b21fb2ba4392137048b466668344ebfc4c8faf6a0d3e2f1,177788fe59872f782f56492a52f86c3b5177023ac875c509339d328f5ce5306f,regime_model_v2_full_right_censored_refit,4fc1a02dce9ac2311dabaeb4623a559d37286dfe58baffef53828cc7415a3425,not_applicable,not_applicable,not_applicable,not_applicable,not_applicable,not_applicable,True,False,disabled,False,False,False,False,False,False,False
MODEL_FULL_REFIT,0,67,4.8562394521e-05,143cc35bbab621d585cb9bf2,91996a9cf747a614ff6d9e08eaafc3583a58b91c,7c23ba6c613d79731d3e3f1f37122ff5f97e6e6845274121313ccb1ba1459e88,67417cf1fd1267cb4a945de8dff854916bd4d5bbde0c55f5d6545b1c4b6881e3,801c0bf9d69ecdd58b21fb2ba4392137048b466668344ebfc4c8faf6a0d3e2f1,177788fe59872f782f56492a52f86c3b5177023ac875c509339d328f5ce5306f,regime_model_v2_full_right_censored_refit,4fc1a02dce9ac2311dabaeb4623a559d37286dfe58baffef53828cc7415a3425,not_applicable,not_applicable,not_applicable,not_applicable,not_applicable,not_applicable,True,False,disabled,False,False,False,False,False,False,False
MODEL_FULL_REFIT,0,68,4.82703021615e-05,143cc35bbab621d585cb9bf2,91996a9cf747a614ff6d9e08eaafc3583a58b91c,7c23ba6c613d79731d3e3f1f37122ff5f97e6e6845274121313ccb1ba1459e88,67417cf1fd1267cb4a945de8dff854916bd4d5bbde0c55f5d6545b1c4b6881e3,801c0bf9d69ecdd58b21fb2ba4392137048b466668344ebfc4c8faf6a0d3e2f1,177788fe59872f782f56492a52f86c3b5177023ac875c509339d328f5ce5306f,regime_model_v2_full_right_censored_refit,4fc1a02dce9ac2311dabaeb4623a559d37286dfe58baffef53828cc7415a3425,not_applicable,not_applicable,not_applicable,not_applicable,not_applicable,not_applicable,True,False,disabled,False,False,False,False,False,False,False
MODEL_FULL_REFIT,0,69,4.79728108947e-05,143cc35bbab621d585cb9bf2,91996a9cf747a614ff6d9e08eaafc3583a58b91c,7c23ba6c613d79731d3e3f1f37122ff5f97e6e6845274121313ccb1ba1459e88,67417cf1fd1267cb4a945de8dff854916bd4d5bbde0c55f5d6545b1c4b6881e3,801c0bf9d69ecdd58b21fb2ba4392137048b466668344ebfc4c8faf6a0d3e2f1,177788fe59872f782f56492a52f86c3b5177023ac875c509339d328f5ce5306f,regime_model_v2_full_right_censored_refit,4fc1a02dce9ac2311dabaeb4623a559d37286dfe58baffef53828cc7415a3425,not_applicable,not_applicable,not_applicable,not_applicable,not_applicable,not_applicable,True,False,disabled,False,False,False,False,False,False,False
MODEL_FULL_REFIT,0,70,4.76671071418e-05,143cc35bbab621d585cb9bf2,91996a9cf747a614ff6d9e08eaafc3583a58b91c,7c23ba6c613d79731d3e3f1f37122ff5f97e6e6845274121313ccb1ba1459e88,67417cf1fd1267cb4a945de8dff854916bd4d5bbde0c55f5d6545b1c4b6881e3,801c0bf9d69ecdd58b21fb2ba4392137048b466668344ebfc4c8faf6a0d3e2f1,177788fe59872f782f56492a52f86c3b5177023ac875c509339d328f5ce5306f,regime_model_v2_full_right_censored_refit,4fc1a02dce9ac2311dabaeb4623a559d37286dfe58baffef53828cc7415a3425,not_applicable,not_applicable,not_applicable,not_applicable,not_applicable,not_applicable,True,False,disabled,False,False,False,False,False,False,False
MODEL_FULL_REFIT,0,71,4.73498781301e-05,143cc35bbab621d585cb9bf2,91996a9cf747a614ff6d9e08eaafc3583a58b91c,7c23ba6c613d79731d3e3f1f37122ff5f97e6e6845274121313ccb1ba1459e88,67417cf1fd1267cb4a945de8dff854916bd4d5bbde0c55f5d6545b1c4b6881e3,801c0bf9d69ecdd58b21fb2ba4392137048b466668344ebfc4c8faf6a0d3e2f1,177788fe59872f782f56492a52f86c3b5177023ac875c509339d328f5ce5306f,regime_model_v2_full_right_censored_refit,4fc1a02dce9ac2311dabaeb4623a559d37286dfe58baffef53828cc7415a3425,not_applicable,not_applicable,not_applicable,not_applicable,not_applicable,not_applicable,True,False,disabled,False,False,False,False,False,False,False
MODEL_FULL_REFIT,0,72,4.70261448e-05,143cc35bbab621d585cb9bf2,91996a9cf747a614ff6d9e08eaafc3583a58b91c,7c23ba6c613d79731d3e3f1f37122ff5f97e6e6845274121313ccb1ba1459e88,67417cf1fd1267cb4a945de8dff854916bd4d5bbde0c55f5d6545b1c4b6881e3,801c0bf9d69ecdd58b21fb2ba4392137048b466668344ebfc4c8faf6a0d3e2f1,177788fe59872f782f56492a52f86c3b5177023ac875c509339d328f5ce5306f,regime_model_v2_full_right_censored_refit,4fc1a02dce9ac2311dabaeb4623a559d37286dfe58baffef53828cc7415a3425,not_applicable,not_applicable,not_applicable,not_applicable,not_applicable,not_applicable,True,False,disabled,False,False,False,False,False,False,False
MODEL_FULL_REFIT,0,73,4.66827165716e-05,143cc35bbab621d585cb9bf2,91996a9cf747a614ff6d9e08eaafc3583a58b91c,7c23ba6c613d79731d3e3f1f37122ff5f97e6e6845274121313ccb1ba1459e88,67417cf1fd1267cb4a945de8dff854916bd4d5bbde0c55f5d6545b1c4b6881e3,801c0bf9d69ecdd58b21fb2ba4392137048b466668344ebfc4c8faf6a0d3e2f1,177788fe59872f782f56492a52f86c3b5177023ac875c509339d328f5ce5306f,regime_model_v2_full_right_censored_refit,4fc1a02dce9ac2311dabaeb4623a559d37286dfe58baffef53828cc7415a3425,not_applicable,not_applicable,not_applicable,not_applicable,not_applicable,not_applicable,True,False,disabled,False,False,False,False,False,False,False
MODEL_FULL_REFIT,0,74,4.63384452363e-05,143cc35bbab621d585cb9bf2,91996a9cf747a614ff6d9e08eaafc3583a58b91c,7c23ba6c613d79731d3e3f1f37122ff5f97e6e6845274121313ccb1ba1459e88,67417cf1fd1267cb4a945de8dff854916bd4d5bbde0c55f5d6545b1c4b6881e3,801c0bf9d69ecdd58b21fb2ba4392137048b466668344ebfc4c8faf6a0d3e2f1,177788fe59872f782f56492a52f86c3b5177023ac875c509339d328f5ce5306f,regime_model_v2_full_right_censored_refit,4fc1a02dce9ac2311dabaeb4623a559d37286dfe58baffef53828cc7415a3425,not_applicable,not_applicable,not_applicable,not_applicable,not_applicable,not_applicable,True,False,disabled,False,False,False,False,False,False,False
MODEL_FULL_REFIT,0,75,4.59898599093e-05,143cc35bbab621d585cb9bf2,91996a9cf747a614ff6d9e08eaafc3583a58b91c,7c23ba6c613d79731d3e3f1f37122ff5f97e6e6845274121313ccb1ba1459e88,67417cf1fd1267cb4a945de8dff854916bd4d5bbde0c55f5d6545b1c4b6881e3,801c0bf9d69ecdd58b21fb2ba4392137048b466668344ebfc4c8faf6a0d3e2f1,177788fe59872f782f56492a52f86c3b5177023ac875c509339d328f5ce5306f,regime_model_v2_full_right_censored_refit,4fc1a02dce9ac2311dabaeb4623a559d37286dfe58baffef53828cc7415a3425,not_applicable,not_applicable,not_applicable,not_applicable,not_applicable,not_applicable,True,False,disabled,False,False,False,False,False,False,False
MODEL_FULL_REFIT,0,76,4.56294419788e-05,143cc35bbab621d585cb9bf2,91996a9cf747a614ff6d9e08eaafc3583a58b91c,7c23ba6c613d79731d3e3f1f37122ff5f97e6e6845274121313ccb1ba1459e88,67417cf1fd1267cb4a945de8dff854916bd4d5bbde0c55f5d6545b1c4b6881e3,801c0bf9d69ecdd58b21fb2ba4392137048b466668344ebfc4c8faf6a0d3e2f1,177788fe59872f782f56492a52f86c3b5177023ac875c509339d328f5ce5306f,regime_model_v2_full_right_censored_refit,4fc1a02dce9ac2311dabaeb4623a559d37286dfe58baffef53828cc7415a3425,not_applicable,not_applicable,not_applicable,not_applicable,not_applicable,not_applicable,True,False,disabled,False,False,False,False,False,False,False
MODEL_FULL_REFIT,0,77,4.52436410963e-05,143cc35bbab621d585cb9bf2,91996a9cf747a614ff6d9e08eaafc3583a58b91c,7c23ba6c613d79731d3e3f1f37122ff5f97e6e6845274121313ccb1ba1459e88,67417cf1fd1267cb4a945de8dff854916bd4d5bbde0c55f5d6545b1c4b6881e3,801c0bf9d69ecdd58b21fb2ba4392137048b466668344ebfc4c8faf6a0d3e2f1,177788fe59872f782f56492a52f86c3b5177023ac875c509339d328f5ce5306f,regime_model_v2_full_right_censored_refit,4fc1a02dce9ac2311dabaeb4623a559d37286dfe58baffef53828cc7415a3425,not_applicable,not_applicable,not_applicable,not_applicable,not_applicable,not_applicable,True,False,disabled,False,False,False,False,False,False,False
MODEL_FULL_REFIT,0,78,4.48611021936e-05,143cc35bbab621d585cb9bf2,91996a9cf747a614ff6d9e08eaafc3583a58b91c,7c23ba6c613d79731d3e3f1f37122ff5f97e6e6845274121313ccb1ba1459e88,67417cf1fd1267cb4a945de8dff854916bd4d5bbde0c55f5d6545b1c4b6881e3,801c0bf9d69ecdd58b21fb2ba4392137048b466668344ebfc4c8faf6a0d3e2f1,177788fe59872f782f56492a52f86c3b5177023ac875c509339d328f5ce5306f,regime_model_v2_full_right_censored_refit,4fc1a02dce9ac2311dabaeb4623a559d37286dfe58baffef53828cc7415a3425,not_applicable,not_applicable,not_applicable,not_applicable,not_applicable,not_applicable,True,False,disabled,False,False,False,False,False,False,False
MODEL_FULL_REFIT,1,1,0.779600480435,143cc35bbab621d585cb9bf2,91996a9cf747a614ff6d9e08eaafc3583a58b91c,7c23ba6c613d79731d3e3f1f37122ff5f97e6e6845274121313ccb1ba1459e88,67417cf1fd1267cb4a945de8dff854916bd4d5bbde0c55f5d6545b1c4b6881e3,801c0bf9d69ecdd58b21fb2ba4392137048b466668344ebfc4c8faf6a0d3e2f1,177788fe59872f782f56492a52f86c3b5177023ac875c509339d328f5ce5306f,regime_model_v2_full_right_censored_refit,4fc1a02dce9ac2311dabaeb4623a559d37286dfe58baffef53828cc7415a3425,not_applicable,not_applicable,not_applicable,not_applicable,not_applicable,not_applicable,True,False,disabled,False,False,False,False,False,False,False
MODEL_FULL_REFIT,1,2,0.704662288569,143cc35bbab621d585cb9bf2,91996a9cf747a614ff6d9e08eaafc3583a58b91c,7c23ba6c613d79731d3e3f1f37122ff5f97e6e6845274121313ccb1ba1459e88,67417cf1fd1267cb4a945de8dff854916bd4d5bbde0c55f5d6545b1c4b6881e3,801c0bf9d69ecdd58b21fb2ba4392137048b466668344ebfc4c8faf6a0d3e2f1,177788fe59872f782f56492a52f86c3b5177023ac875c509339d328f5ce5306f,regime_model_v2_full_right_censored_refit,4fc1a02dce9ac2311dabaeb4623a559d37286dfe58baffef53828cc7415a3425,not_applicable,not_applicable,not_applicable,not_applicable,not_applicable,not_applicable,True,False,disabled,False,False,False,False,False,False,False
MODEL_FULL_REFIT,1,3,0.592621894264,143cc35bbab621d585cb9bf2,91996a9cf747a614ff6d9e08eaafc3583a58b91c,7c23ba6c613d79731d3e3f1f37122ff5f97e6e6845274121313ccb1ba1459e88,67417cf1fd1267cb4a945de8dff854916bd4d5bbde0c55f5d6545b1c4b6881e3,801c0bf9d69ecdd58b21fb2ba4392137048b466668344ebfc4c8faf6a0d3e2f1,177788fe59872f782f56492a52f86c3b5177023ac875c509339d328f5ce5306f,regime_model_v2_full_right_censored_refit,4fc1a02dce9ac2311dabaeb4623a559d37286dfe58baffef53828cc7415a3425,not_applicable,not_applicable,not_applicable,not_applicable,not_applicable,not_applicable,True,False,disabled,False,False,False,False,False,False,False
MODEL_FULL_REFIT,1,4,0.489827602728,143cc35bbab621d585cb9bf2,91996a9cf747a614ff6d9e08eaafc3583a58b91c,7c23ba6c613d79731d3e3f1f37122ff5f97e6e6845274121313ccb1ba1459e88,67417cf1fd1267cb4a945de8dff854916bd4d5bbde0c55f5d6545b1c4b6881e3,801c0bf9d69ecdd58b21fb2ba4392137048b466668344ebfc4c8faf6a0d3e2f1,177788fe59872f782f56492a52f86c3b5177023ac875c509339d328f5ce5306f,regime_model_v2_full_right_censored_refit,4fc1a02dce9ac2311dabaeb4623a559d37286dfe58baffef53828cc7415a3425,not_applicable,not_applicable,not_applicable,not_applicable,not_applicable,not_applicable,True,False,disabled,False,False,False,False,False,False,False
MODEL_FULL_REFIT,1,5,0.411116247642,143cc35bbab621d585cb9bf2,91996a9cf747a614ff6d9e08eaafc3583a58b91c,7c23ba6c613d79731d3e3f1f37122ff5f97e6e6845274121313ccb1ba1459e88,67417cf1fd1267cb4a945de8dff854916bd4d5bbde0c55f5d6545b1c4b6881e3,801c0bf9d69ecdd58b21fb2ba4392137048b466668344ebfc4c8faf6a0d3e2f1,177788fe59872f782f56492a52f86c3b5177023ac875c509339d328f5ce5306f,regime_model_v2_full_right_censored_refit,4fc1a02dce9ac2311dabaeb4623a559d37286dfe58baffef53828cc7415a3425,not_applicable,not_applicable,not_applicable,not_applicable,not_applicable,not_applicable,True,False,disabled,False,False,False,False,False,False,False
MODEL_FULL_REFIT,1,6,0.335489005822,143cc35bbab621d585cb9bf2,91996a9cf747a614ff6d9e08eaafc3583a58b91c,7c23ba6c613d79731d3e3f1f37122ff5f97e6e6845274121313ccb1ba1459e88,67417cf1fd1267cb4a945de8dff854916bd4d5bbde0c55f5d6545b1c4b6881e3,801c0bf9d69ecdd58b21fb2ba4392137048b466668344ebfc4c8faf6a0d3e2f1,177788fe59872f782f56492a52f86c3b5177023ac875c509339d328f5ce5306f,regime_model_v2_full_right_censored_refit,4fc1a02dce9ac2311dabaeb4623a559d37286dfe58baffef53828cc7415a3425,not_applicable,not_applicable,not_applicable,not_applicable,not_applicable,not_applicable,True,False,disabled,False,False,False,False,False,False,False
MODEL_FULL_REFIT,1,7,0.277132162056,143cc35bbab621d585cb9bf2,91996a9cf747a614ff6d9e08eaafc3583a58b91c,7c23ba6c613d79731d3e3f1f37122ff5f97e6e6845274121313ccb1ba1459e88,67417cf1fd1267cb4a945de8dff854916bd4d5bbde0c55f5d6545b1c4b6881e3,801c0bf9d69ecdd58b21fb2ba4392137048b466668344ebfc4c8faf6a0d3e2f1,177788fe59872f782f56492a52f86c3b5177023ac875c509339d328f5ce5306f,regime_model_v2_full_right_censored_refit,4fc1a02dce9ac2311dabaeb4623a559d37286dfe58baffef53828cc7415a3425,not_applicable,not_applicable,not_applicable,not_applicable,not_applicable,not_applicable,True,False,disabled,False,False,False,False,False,False,False
MODEL_FULL_REFIT,1,8,0.230219853689,143cc35bbab621d585cb9bf2,91996a9cf747a614ff6d9e08eaafc3583a58b91c,7c23ba6c613d79731d3e3f1f37122ff5f97e6e6845274121313ccb1ba1459e88,67417cf1fd1267cb4a945de8dff854916bd4d5bbde0c55f5d6545b1c4b6881e3,801c0bf9d69ecdd58b21fb2ba4392137048b466668344ebfc4c8faf6a0d3e2f1,177788fe59872f782f56492a52f86c3b5177023ac875c509339d328f5ce5306f,regime_model_v2_full_right_censored_refit,4fc1a02dce9ac2311dabaeb4623a559d37286dfe58baffef53828cc7415a3425,not_applicable,not_applicable,not_applicable,not_applicable,not_applicable,not_applicable,True,False,disabled,False,False,False,False,False,False,False
MODEL_FULL_REFIT,1,9,0.193198625574,143cc35bbab621d585cb9bf2,91996a9cf747a614ff6d9e08eaafc3583a58b91c,7c23ba6c613d79731d3e3f1f37122ff5f97e6e6845274121313ccb1ba1459e88,67417cf1fd1267cb4a945de8dff854916bd4d5bbde0c55f5d6545b1c4b6881e3,801c0bf9d69ecdd58b21fb2ba4392137048b466668344ebfc4c8faf6a0d3e2f1,177788fe59872f782f56492a52f86c3b5177023ac875c509339d328f5ce5306f,regime_model_v2_full_right_censored_refit,4fc1a02dce9ac2311dabaeb4623a559d37286dfe58baffef53828cc7415a3425,not_applicable,not_applicable,not_applicable,not_applicable,not_applicable,not_applicable,True,False,disabled,False,False,False,False,False,False,False
MODEL_FULL_REFIT,1,10,0.161636087592,143cc35bbab621d585cb9bf2,91996a9cf747a614ff6d9e08eaafc3583a58b91c,7c23ba6c613d79731d3e3f1f37122ff5f97e6e6845274121313ccb1ba1459e88,67417cf1fd1267cb4a945de8dff854916bd4d5bbde0c55f5d6545b1c4b6881e3,801c0bf9d69ecdd58b21fb2ba4392137048b466668344ebfc4c8faf6a0d3e2f1,177788fe59872f782f56492a52f86c3b5177023ac875c509339d328f5ce5306f,regime_model_v2_full_right_censored_refit,4fc1a02dce9ac2311dabaeb4623a559d37286dfe58baffef53828cc7415a3425,not_applicable,not_applicable,not_applicable,not_applicable,not_applicable,not_applicable,True,False,disabled,False,False,False,False,False,False,False
MODEL_FULL_REFIT,1,11,0.137920365703,143cc35bbab621d585cb9bf2,91996a9cf747a614ff6d9e08eaafc3583a58b91c,7c23ba6c613d79731d3e3f1f37122ff5f97e6e6845274121313ccb1ba1459e88,67417cf1fd1267cb4a945de8dff854916bd4d5bbde0c55f5d6545b1c4b6881e3,801c0bf9d69ecdd58b21fb2ba4392137048b466668344ebfc4c8faf6a0d3e2f1,177788fe59872f782f56492a52f86c3b5177023ac875c509339d328f5ce5306f,regime_model_v2_full_right_censored_refit,4fc1a02dce9ac2311dabaeb4623a559d37286dfe58baffef53828cc7415a3425,not_applicable,not_applicable,not_applicable,not_applicable,not_applicable,not_applicable,True,False,disabled,False,False,False,False,False,False,False
MODEL_FULL_REFIT,1,12,0.11641175098,143cc35bbab621d585cb9bf2,91996a9cf747a614ff6d9e08eaafc3583a58b91c,7c23ba6c613d79731d3e3f1f37122ff5f97e6e6845274121313ccb1ba1459e88,67417cf1fd1267cb4a945de8dff854916bd4d5bbde0c55f5d6545b1c4b6881e3,801c0bf9d69ecdd58b21fb2ba4392137048b466668344ebfc4c8faf6a0d3e2f1,177788fe59872f782f56492a52f86c3b5177023ac875c509339d328f5ce5306f,regime_model_v2_full_right_censored_refit,4fc1a02dce9ac2311dabaeb4623a559d37286dfe58baffef53828cc7415a3425,not_applicable,not_applicable,not_applicable,not_applicable,not_applicable,not_applicable,True,False,disabled,False,False,False,False,False,False,False
MODEL_FULL_REFIT,1,13,0.0981318676816,143cc35bbab621d585cb9bf2,91996a9cf747a614ff6d9e08eaafc3583a58b91c,7c23ba6c613d79731d3e3f1f37122ff5f97e6e6845274121313ccb1ba1459e88,67417cf1fd1267cb4a945de8dff854916bd4d5bbde0c55f5d6545b1c4b6881e3,801c0bf9d69ecdd58b21fb2ba4392137048b466668344ebfc4c8faf6a0d3e2f1,177788fe59872f782f56492a52f86c3b5177023ac875c509339d328f5ce5306f,regime_model_v2_full_right_censored_refit,4fc1a02dce9ac2311dabaeb4623a559d37286dfe58baffef53828cc7415a3425,not_applicable,not_applicable,not_applicable,not_applicable,not_applicable,not_applicable,True,False,disabled,False,False,False,False,False,False,False
MODEL_FULL_REFIT,1,14,0.0815579025072,143cc35bbab621d585cb9bf2,91996a9cf747a614ff6d9e08eaafc3583a58b91c,7c23ba6c613d79731d3e3f1f37122ff5f97e6e6845274121313ccb1ba1459e88,67417cf1fd1267cb4a945de8dff854916bd4d5bbde0c55f5d6545b1c4b6881e3,801c0bf9d69ecdd58b21fb2ba4392137048b466668344ebfc4c8faf6a0d3e2f1,177788fe59872f782f56492a52f86c3b5177023ac875c509339d328f5ce5306f,regime_model_v2_full_right_censored_refit,4fc1a02dce9ac2311dabaeb4623a559d37286dfe58baffef53828cc7415a3425,not_applicable,not_applicable,not_applicable,not_applicable,not_applicable,not_applicable,True,False,disabled,False,False,False,False,False,False,False
MODEL_FULL_REFIT,1,15,0.0674386417303,143cc35bbab621d585cb9bf2,91996a9cf747a614ff6d9e08eaafc3583a58b91c,7c23ba6c613d79731d3e3f1f37122ff5f97e6e6845274121313ccb1ba1459e88,67417cf1fd1267cb4a945de8dff854916bd4d5bbde0c55f5d6545b1c4b6881e3,801c0bf9d69ecdd58b21fb2ba4392137048b466668344ebfc4c8faf6a0d3e2f1,177788fe59872f782f56492a52f86c3b5177023ac875c509339d328f5ce5306f,regime_model_v2_full_right_censored_refit,4fc1a02dce9ac2311dabaeb4623a559d37286dfe58baffef53828cc7415a3425,not_applicable,not_applicable,not_applicable,not_applicable,not_applicable,not_applicable,True,False,disabled,False,False,False,False,False,False,False
MODEL_FULL_REFIT,1,16,0.0546612793778,143cc35bbab621d585cb9bf2,91996a9cf747a614ff6d9e08eaafc3583a58b91c,7c23ba6c613d79731d3e3f1f37122ff5f97e6e6845274121313ccb1ba1459e88,67417cf1fd1267cb4a945de8dff854916bd4d5bbde0c55f5d6545b1c4b6881e3,801c0bf9d69ecdd58b21fb2ba4392137048b466668344ebfc4c8faf6a0d3e2f1,177788fe59872f782f56492a52f86c3b5177023ac875c509339d328f5ce5306f,regime_model_v2_full_right_censored_refit,4fc1a02dce9ac2311dabaeb4623a559d37286dfe58baffef53828cc7415a3425,not_applicable,not_applicable,not_applicable,not_applicable,not_applicable,not_applicable,True,False,disabled,False,False,False,False,False,False,False
MODEL_FULL_REFIT,1,17,0.0454566597935,143cc35bbab621d585cb9bf2,91996a9cf747a614ff6d9e08eaafc3583a58b91c,7c23ba6c613d79731d3e3f1f37122ff5f97e6e6845274121313ccb1ba1459e88,67417cf1fd1267cb4a945de8dff854916bd4d5bbde0c55f5d6545b1c4b6881e3,801c0bf9d69ecdd58b21fb2ba4392137048b466668344ebfc4c8faf6a0d3e2f1,177788fe59872f782f56492a52f86c3b5177023ac875c509339d328f5ce5306f,regime_model_v2_full_right_censored_refit,4fc1a02dce9ac2311dabaeb4623a559d37286dfe58baffef53828cc7415a3425,not_applicable,not_applicable,not_applicable,not_applicable,not_applicable,not_applicable,True,False,disabled,False,False,False,False,False,False,False
MODEL_FULL_REFIT,1,18,0.038369331116,143cc35bbab621d585cb9bf2,91996a9cf747a614ff6d9e08eaafc3583a58b91c,7c23ba6c613d79731d3e3f1f37122ff5f97e6e6845274121313ccb1ba1459e88,67417cf1fd1267cb4a945de8dff854916bd4d5bbde0c55f5d6545b1c4b6881e3,801c0bf9d69ecdd58b21fb2ba4392137048b466668344ebfc4c8faf6a0d3e2f1,177788fe59872f782f56492a52f86c3b5177023ac875c509339d328f5ce5306f,regime_model_v2_full_right_censored_refit,4fc1a02dce9ac2311dabaeb4623a559d37286dfe58baffef53828cc7415a3425,not_applicable,not_applicable,not_applicable,not_applicable,not_applicable,not_applicable,True,False,disabled,False,False,False,False,False,False,False
MODEL_FULL_REFIT,1,19,0.0328809345259,143cc35bbab621d585cb9bf2,91996a9cf747a614ff6d9e08eaafc3583a58b91c,7c23ba6c613d79731d3e3f1f37122ff5f97e6e6845274121313ccb1ba1459e88,67417cf1fd1267cb4a945de8dff854916bd4d5bbde0c55f5d6545b1c4b6881e3,801c0bf9d69ecdd58b21fb2ba4392137048b466668344ebfc4c8faf6a0d3e2f1,177788fe59872f782f56492a52f86c3b5177023ac875c509339d328f5ce5306f,regime_model_v2_full_right_censored_refit,4fc1a02dce9ac2311dabaeb4623a559d37286dfe58baffef53828cc7415a3425,not_applicable,not_applicable,not_applicable,not_applicable,not_applicable,not_applicable,True,False,disabled,False,False,False,False,False,False,False
MODEL_FULL_REFIT,1,20,0.0285544957725,143cc35bbab621d585cb9bf2,91996a9cf747a614ff6d9e08eaafc3583a58b91c,7c23ba6c613d79731d3e3f1f37122ff5f97e6e6845274121313ccb1ba1459e88,67417cf1fd1267cb4a945de8dff854916bd4d5bbde0c55f5d6545b1c4b6881e3,801c0bf9d69ecdd58b21fb2ba4392137048b466668344ebfc4c8faf6a0d3e2f1,177788fe59872f782f56492a52f86c3b5177023ac875c509339d328f5ce5306f,regime_model_v2_full_right_censored_refit,4fc1a02dce9ac2311dabaeb4623a559d37286dfe58baffef53828cc7415a3425,not_applicable,not_applicable,not_applicable,not_applicable,not_applicable,not_applicable,True,False,disabled,False,False,False,False,False,False,False
MODEL_FULL_REFIT,1,21,0.0237602907628,143cc35bbab621d585cb9bf2,91996a9cf747a614ff6d9e08eaafc3583a58b91c,7c23ba6c613d79731d3e3f1f37122ff5f97e6e6845274121313ccb1ba1459e88,67417cf1fd1267cb4a945de8dff854916bd4d5bbde0c55f5d6545b1c4b6881e3,801c0bf9d69ecdd58b21fb2ba4392137048b466668344ebfc4c8faf6a0d3e2f1,177788fe59872f782f56492a52f86c3b5177023ac875c509339d328f5ce5306f,regime_model_v2_full_right_censored_refit,4fc1a02dce9ac2311dabaeb4623a559d37286dfe58baffef53828cc7415a3425,not_applicable,not_applicable,not_applicable,not_applicable,not_applicable,not_applicable,True,False,disabled,False,False,False,False,False,False,False
MODEL_FULL_REFIT,1,22,0.0201422464875,143cc35bbab621d585cb9bf2,91996a9cf747a614ff6d9e08eaafc3583a58b91c,7c23ba6c613d79731d3e3f1f37122ff5f97e6e6845274121313ccb1ba1459e88,67417cf1fd1267cb4a945de8dff854916bd4d5bbde0c55f5d6545b1c4b6881e3,801c0bf9d69ecdd58b21fb2ba4392137048b466668344ebfc4c8faf6a0d3e2f1,177788fe59872f782f56492a52f86c3b5177023ac875c509339d328f5ce5306f,regime_model_v2_full_right_censored_refit,4fc1a02dce9ac2311dabaeb4623a559d37286dfe58baffef53828cc7415a3425,not_applicable,not_applicable,not_applicable,not_applicable,not_applicable,not_applicable,True,False,disabled,False,False,False,False,False,False,False
MODEL_FULL_REFIT,1,23,0.017527092938,143cc35bbab621d585cb9bf2,91996a9cf747a614ff6d9e08eaafc3583a58b91c,7c23ba6c613d79731d3e3f1f37122ff5f97e6e6845274121313ccb1ba1459e88,67417cf1fd1267cb4a945de8dff854916bd4d5bbde0c55f5d6545b1c4b6881e3,801c0bf9d69ecdd58b21fb2ba4392137048b466668344ebfc4c8faf6a0d3e2f1,177788fe59872f782f56492a52f86c3b5177023ac875c509339d328f5ce5306f,regime_model_v2_full_right_censored_refit,4fc1a02dce9ac2311dabaeb4623a559d37286dfe58baffef53828cc7415a3425,not_applicable,not_applicable,not_applicable,not_applicable,not_applicable,not_applicable,True,False,disabled,False,False,False,False,False,False,False
MODEL_FULL_REFIT,1,24,0.0153077532478,143cc35bbab621d585cb9bf2,91996a9cf747a614ff6d9e08eaafc3583a58b91c,7c23ba6c613d79731d3e3f1f37122ff5f97e6e6845274121313ccb1ba1459e88,67417cf1fd1267cb4a945de8dff854916bd4d5bbde0c55f5d6545b1c4b6881e3,801c0bf9d69ecdd58b21fb2ba4392137048b466668344ebfc4c8faf6a0d3e2f1,177788fe59872f782f56492a52f86c3b5177023ac875c509339d328f5ce5306f,regime_model_v2_full_right_censored_refit,4fc1a02dce9ac2311dabaeb4623a559d37286dfe58baffef53828cc7415a3425,not_applicable,not_applicable,not_applicable,not_applicable,not_applicable,not_applicable,True,False,disabled,False,False,False,False,False,False,False
MODEL_FULL_REFIT,1,25,0.0129482875217,143cc35bbab621d585cb9bf2,91996a9cf747a614ff6d9e08eaafc3583a58b91c,7c23ba6c613d79731d3e3f1f37122ff5f97e6e6845274121313ccb1ba1459e88,67417cf1fd1267cb4a945de8dff854916bd4d5bbde0c55f5d6545b1c4b6881e3,801c0bf9d69ecdd58b21fb2ba4392137048b466668344ebfc4c8faf6a0d3e2f1,177788fe59872f782f56492a52f86c3b5177023ac875c509339d328f5ce5306f,regime_model_v2_full_right_censored_refit,4fc1a02dce9ac2311dabaeb4623a559d37286dfe58baffef53828cc7415a3425,not_applicable,not_applicable,not_applicable,not_applicable,not_applicable,not_applicable,True,False,disabled,False,False,False,False,False,False,False
MODEL_FULL_REFIT,1,26,0.0108694340205,143cc35bbab621d585cb9bf2,91996a9cf747a614ff6d9e08eaafc3583a58b91c,7c23ba6c613d79731d3e3f1f37122ff5f97e6e6845274121313ccb1ba1459e88,67417cf1fd1267cb4a945de8dff854916bd4d5bbde0c55f5d6545b1c4b6881e3,801c0bf9d69ecdd58b21fb2ba4392137048b466668344ebfc4c8faf6a0d3e2f1,177788fe59872f782f56492a52f86c3b5177023ac875c509339d328f5ce5306f,regime_model_v2_full_right_censored_refit,4fc1a02dce9ac2311dabaeb4623a559d37286dfe58baffef53828cc7415a3425,not_applicable,not_applicable,not_applicable,not_applicable,not_applicable,not_applicable,True,False,disabled,False,False,False,False,False,False,False
MODEL_FULL_REFIT,1,27,0.0088986025772,143cc35bbab621d585cb9bf2,91996a9cf747a614ff6d9e08eaafc3583a58b91c,7c23ba6c613d79731d3e3f1f37122ff5f97e6e6845274121313ccb1ba1459e88,67417cf1fd1267cb4a945de8dff854916bd4d5bbde0c55f5d6545b1c4b6881e3,801c0bf9d69ecdd58b21fb2ba4392137048b466668344ebfc4c8faf6a0d3e2f1,177788fe59872f782f56492a52f86c3b5177023ac875c509339d328f5ce5306f,regime_model_v2_full_right_censored_refit,4fc1a02dce9ac2311dabaeb4623a559d37286dfe58baffef53828cc7415a3425,not_applicable,not_applicable,not_applicable,not_applicable,not_applicable,not_applicable,True,False,disabled,False,False,False,False,False,False,False
MODEL_FULL_REFIT,1,28,0.00751571163615,143cc35bbab621d585cb9bf2,91996a9cf747a614ff6d9e08eaafc3583a58b91c,7c23ba6c613d79731d3e3f1f37122ff5f97e6e6845274121313ccb1ba1459e88,67417cf1fd1267cb4a945de8dff854916bd4d5bbde0c55f5d6545b1c4b6881e3,801c0bf9d69ecdd58b21fb2ba4392137048b466668344ebfc4c8faf6a0d3e2f1,177788fe59872f782f56492a52f86c3b5177023ac875c509339d328f5ce5306f,regime_model_v2_full_right_censored_refit,4fc1a02dce9ac2311dabaeb4623a559d37286dfe58baffef53828cc7415a3425,not_applicable,not_applicable,not_applicable,not_applicable,not_applicable,not_applicable,True,False,disabled,False,False,False,False,False,False,False
MODEL_FULL_REFIT,1,29,0.00650168705032,143cc35bbab621d585cb9bf2,91996a9cf747a614ff6d9e08eaafc3583a58b91c,7c23ba6c613d79731d3e3f1f37122ff5f97e6e6845274121313ccb1ba1459e88,67417cf1fd1267cb4a945de8dff854916bd4d5bbde0c55f5d6545b1c4b6881e3,801c0bf9d69ecdd58b21fb2ba4392137048b466668344ebfc4c8faf6a0d3e2f1,177788fe59872f782f56492a52f86c3b5177023ac875c509339d328f5ce5306f,regime_model_v2_full_right_censored_refit,4fc1a02dce9ac2311dabaeb4623a559d37286dfe58baffef53828cc7415a3425,not_applicable,not_applicable,not_applicable,not_applicable,not_applicable,not_applicable,True,False,disabled,False,False,False,False,False,False,False
MODEL_FULL_REFIT,1,30,0.00545896365546,143cc35bbab621d585cb9bf2,91996a9cf747a614ff6d9e08eaafc3583a58b91c,7c23ba6c613d79731d3e3f1f37122ff5f97e6e6845274121313ccb1ba1459e88,67417cf1fd1267cb4a945de8dff854916bd4d5bbde0c55f5d6545b1c4b6881e3,801c0bf9d69ecdd58b21fb2ba4392137048b466668344ebfc4c8faf6a0d3e2f1,177788fe59872f782f56492a52f86c3b5177023ac875c509339d328f5ce5306f,regime_model_v2_full_right_censored_refit,4fc1a02dce9ac2311dabaeb4623a559d37286dfe58baffef53828cc7415a3425,not_applicable,not_applicable,not_applicable,not_applicable,not_applicable,not_applicable,True,False,disabled,False,False,False,False,False,False,False
MODEL_FULL_REFIT,1,31,0.0042803237753,143cc35bbab621d585cb9bf2,91996a9cf747a614ff6d9e08eaafc3583a58b91c,7c23ba6c613d79731d3e3f1f37122ff5f97e6e6845274121313ccb1ba1459e88,67417cf1fd1267cb4a945de8dff854916bd4d5bbde0c55f5d6545b1c4b6881e3,801c0bf9d69ecdd58b21fb2ba4392137048b466668344ebfc4c8faf6a0d3e2f1,177788fe59872f782f56492a52f86c3b5177023ac875c509339d328f5ce5306f,regime_model_v2_full_right_censored_refit,4fc1a02dce9ac2311dabaeb4623a559d37286dfe58baffef53828cc7415a3425,not_applicable,not_applicable,not_applicable,not_applicable,not_applicable,not_applicable,True,False,disabled,False,False,False,False,False,False,False
MODEL_FULL_REFIT,1,32,0.00385229139777,143cc35bbab621d585cb9bf2,91996a9cf747a614ff6d9e08eaafc3583a58b91c,7c23ba6c613d79731d3e3f1f37122ff5f97e6e6845274121313ccb1ba1459e88,67417cf1fd1267cb4a945de8dff854916bd4d5bbde0c55f5d6545b1c4b6881e3,801c0bf9d69ecdd58b21fb2ba4392137048b466668344ebfc4c8faf6a0d3e2f1,177788fe59872f782f56492a52f86c3b5177023ac875c509339d328f5ce5306f,regime_model_v2_full_right_censored_refit,4fc1a02dce9ac2311dabaeb4623a559d37286dfe58baffef53828cc7415a3425,not_applicable,not_applicable,not_applicable,not_applicable,not_applicable,not_applicable,True,False,disabled,False,False,False,False,False,False,False
MODEL_FULL_REFIT,1,33,0.00314603797485,143cc35bbab621d585cb9bf2,91996a9cf747a614ff6d9e08eaafc3583a58b91c,7c23ba6c613d79731d3e3f1f37122ff5f97e6e6845274121313ccb1ba1459e88,67417cf1fd1267cb4a945de8dff854916bd4d5bbde0c55f5d6545b1c4b6881e3,801c0bf9d69ecdd58b21fb2ba4392137048b466668344ebfc4c8faf6a0d3e2f1,177788fe59872f782f56492a52f86c3b5177023ac875c509339d328f5ce5306f,regime_model_v2_full_right_censored_refit,4fc1a02dce9ac2311dabaeb4623a559d37286dfe58baffef53828cc7415a3425,not_applicable,not_applicable,not_applicable,not_applicable,not_applicable,not_applicable,True,False,disabled,False,False,False,False,False,False,False
MODEL_FULL_REFIT,1,34,0.00283143417736,143cc35bbab621d585cb9bf2,91996a9cf747a614ff6d9e08eaafc3583a58b91c,7c23ba6c613d79731d3e3f1f37122ff5f97e6e6845274121313ccb1ba1459e88,67417cf1fd1267cb4a945de8dff854916bd4d5bbde0c55f5d6545b1c4b6881e3,801c0bf9d69ecdd58b21fb2ba4392137048b466668344ebfc4c8faf6a0d3e2f1,177788fe59872f782f56492a52f86c3b5177023ac875c509339d328f5ce5306f,regime_model_v2_full_right_censored_refit,4fc1a02dce9ac2311dabaeb4623a559d37286dfe58baffef53828cc7415a3425,not_applicable,not_applicable,not_applicable,not_applicable,not_applicable,not_applicable,True,False,disabled,False,False,False,False,False,False,False
MODEL_FULL_REFIT,1,35,0.00252366959287,143cc35bbab621d585cb9bf2,91996a9cf747a614ff6d9e08eaafc3583a58b91c,7c23ba6c613d79731d3e3f1f37122ff5f97e6e6845274121313ccb1ba1459e88,67417cf1fd1267cb4a945de8dff854916bd4d5bbde0c55f5d6545b1c4b6881e3,801c0bf9d69ecdd58b21fb2ba4392137048b466668344ebfc4c8faf6a0d3e2f1,177788fe59872f782f56492a52f86c3b5177023ac875c509339d328f5ce5306f,regime_model_v2_full_right_censored_refit,4fc1a02dce9ac2311dabaeb4623a559d37286dfe58baffef53828cc7415a3425,not_applicable,not_applicable,not_applicable,not_applicable,not_applicable,not_applicable,True,False,disabled,False,False,False,False,False,False,False
MODEL_FULL_REFIT,1,36,0.00234340747909,143cc35bbab621d585cb9bf2,91996a9cf747a614ff6d9e08eaafc3583a58b91c,7c23ba6c613d79731d3e3f1f37122ff5f97e6e6845274121313ccb1ba1459e88,67417cf1fd1267cb4a945de8dff854916bd4d5bbde0c55f5d6545b1c4b6881e3,801c0bf9d69ecdd58b21fb2ba4392137048b466668344ebfc4c8faf6a0d3e2f1,177788fe59872f782f56492a52f86c3b5177023ac875c509339d328f5ce5306f,regime_model_v2_full_right_censored_refit,4fc1a02dce9ac2311dabaeb4623a559d37286dfe58baffef53828cc7415a3425,not_applicable,not_applicable,not_applicable,not_applicable,not_applicable,not_applicable,True,False,disabled,False,False,False,False,False,False,False
MODEL_FULL_REFIT,1,37,0.00178838991825,143cc35bbab621d585cb9bf2,91996a9cf747a614ff6d9e08eaafc3583a58b91c,7c23ba6c613d79731d3e3f1f37122ff5f97e6e6845274121313ccb1ba1459e88,67417cf1fd1267cb4a945de8dff854916bd4d5bbde0c55f5d6545b1c4b6881e3,801c0bf9d69ecdd58b21fb2ba4392137048b466668344ebfc4c8faf6a0d3e2f1,177788fe59872f782f56492a52f86c3b5177023ac875c509339d328f5ce5306f,regime_model_v2_full_right_censored_refit,4fc1a02dce9ac2311dabaeb4623a559d37286dfe58baffef53828cc7415a3425,not_applicable,not_applicable,not_applicable,not_applicable,not_applicable,not_applicable,True,False,disabled,False,False,False,False,False,False,False
MODEL_FULL_REFIT,1,38,0.00159677671273,143cc35bbab621d585cb9bf2,91996a9cf747a614ff6d9e08eaafc3583a58b91c,7c23ba6c613d79731d3e3f1f37122ff5f97e6e6845274121313ccb1ba1459e88,67417cf1fd1267cb4a945de8dff854916bd4d5bbde0c55f5d6545b1c4b6881e3,801c0bf9d69ecdd58b21fb2ba4392137048b466668344ebfc4c8faf6a0d3e2f1,177788fe59872f782f56492a52f86c3b5177023ac875c509339d328f5ce5306f,regime_model_v2_full_right_censored_refit,4fc1a02dce9ac2311dabaeb4623a559d37286dfe58baffef53828cc7415a3425,not_applicable,not_applicable,not_applicable,not_applicable,not_applicable,not_applicable,True,False,disabled,False,False,False,False,False,False,False
MODEL_FULL_REFIT,1,39,0.00141253324587,143cc35bbab621d585cb9bf2,91996a9cf747a614ff6d9e08eaafc3583a58b91c,7c23ba6c613d79731d3e3f1f37122ff5f97e6e6845274121313ccb1ba1459e88,67417cf1fd1267cb4a945de8dff854916bd4d5bbde0c55f5d6545b1c4b6881e3,801c0bf9d69ecdd58b21fb2ba4392137048b466668344ebfc4c8faf6a0d3e2f1,177788fe59872f782f56492a52f86c3b5177023ac875c509339d328f5ce5306f,regime_model_v2_full_right_censored_refit,4fc1a02dce9ac2311dabaeb4623a559d37286dfe58baffef53828cc7415a3425,not_applicable,not_applicable,not_applicable,not_applicable,not_applicable,not_applicable,True,False,disabled,False,False,False,False,False,False,False
MODEL_FULL_REFIT,1,40,0.00121991507598,143cc35bbab621d585cb9bf2,91996a9cf747a614ff6d9e08eaafc3583a58b91c,7c23ba6c613d79731d3e3f1f37122ff5f97e6e6845274121313ccb1ba1459e88,67417cf1fd1267cb4a945de8dff854916bd4d5bbde0c55f5d6545b1c4b6881e3,801c0bf9d69ecdd58b21fb2ba4392137048b466668344ebfc4c8faf6a0d3e2f1,177788fe59872f782f56492a52f86c3b5177023ac875c509339d328f5ce5306f,regime_model_v2_full_right_censored_refit,4fc1a02dce9ac2311dabaeb4623a559d37286dfe58baffef53828cc7415a3425,not_applicable,not_applicable,not_applicable,not_applicable,not_applicable,not_applicable,True,False,disabled,False,False,False,False,False,False,False
MODEL_FULL_REFIT,1,41,0.000881049777097,143cc35bbab621d585cb9bf2,91996a9cf747a614ff6d9e08eaafc3583a58b91c,7c23ba6c613d79731d3e3f1f37122ff5f97e6e6845274121313ccb1ba1459e88,67417cf1fd1267cb4a945de8dff854916bd4d5bbde0c55f5d6545b1c4b6881e3,801c0bf9d69ecdd58b21fb2ba4392137048b466668344ebfc4c8faf6a0d3e2f1,177788fe59872f782f56492a52f86c3b5177023ac875c509339d328f5ce5306f,regime_model_v2_full_right_censored_refit,4fc1a02dce9ac2311dabaeb4623a559d37286dfe58baffef53828cc7415a3425,not_applicable,not_applicable,not_applicable,not_applicable,not_applicable,not_applicable,True,False,disabled,False,False,False,False,False,False,False
MODEL_FULL_REFIT,1,42,0.000818117650162,143cc35bbab621d585cb9bf2,91996a9cf747a614ff6d9e08eaafc3583a58b91c,7c23ba6c613d79731d3e3f1f37122ff5f97e6e6845274121313ccb1ba1459e88,67417cf1fd1267cb4a945de8dff854916bd4d5bbde0c55f5d6545b1c4b6881e3,801c0bf9d69ecdd58b21fb2ba4392137048b466668344ebfc4c8faf6a0d3e2f1,177788fe59872f782f56492a52f86c3b5177023ac875c509339d328f5ce5306f,regime_model_v2_full_right_censored_refit,4fc1a02dce9ac2311dabaeb4623a559d37286dfe58baffef53828cc7415a3425,not_applicable,not_applicable,not_applicable,not_applicable,not_applicable,not_applicable,True,False,disabled,False,False,False,False,False,False,False
MODEL_FULL_REFIT,1,43,0.00075968067515,143cc35bbab621d585cb9bf2,91996a9cf747a614ff6d9e08eaafc3583a58b91c,7c23ba6c613d79731d3e3f1f37122ff5f97e6e6845274121313ccb1ba1459e88,67417cf1fd1267cb4a945de8dff854916bd4d5bbde0c55f5d6545b1c4b6881e3,801c0bf9d69ecdd58b21fb2ba4392137048b466668344ebfc4c8faf6a0d3e2f1,177788fe59872f782f56492a52f86c3b5177023ac875c509339d328f5ce5306f,regime_model_v2_full_right_censored_refit,4fc1a02dce9ac2311dabaeb4623a559d37286dfe58baffef53828cc7415a3425,not_applicable,not_applicable,not_applicable,not_applicable,not_applicable,not_applicable,True,False,disabled,False,False,False,False,False,False,False
MODEL_FULL_REFIT,1,44,0.000705417769782,143cc35bbab621d585cb9bf2,91996a9cf747a614ff6d9e08eaafc3583a58b91c,7c23ba6c613d79731d3e3f1f37122ff5f97e6e6845274121313ccb1ba1459e88,67417cf1fd1267cb4a945de8dff854916bd4d5bbde0c55f5d6545b1c4b6881e3,801c0bf9d69ecdd58b21fb2ba4392137048b466668344ebfc4c8faf6a0d3e2f1,177788fe59872f782f56492a52f86c3b5177023ac875c509339d328f5ce5306f,regime_model_v2_full_right_censored_refit,4fc1a02dce9ac2311dabaeb4623a559d37286dfe58baffef53828cc7415a3425,not_applicable,not_applicable,not_applicable,not_applicable,not_applicable,not_applicable,True,False,disabled,False,False,False,False,False,False,False
MODEL_FULL_REFIT,1,45,0.000646632955634,143cc35bbab621d585cb9bf2,91996a9cf747a614ff6d9e08eaafc3583a58b91c,7c23ba6c613d79731d3e3f1f37122ff5f97e6e6845274121313ccb1ba1459e88,67417cf1fd1267cb4a945de8dff854916bd4d5bbde0c55f5d6545b1c4b6881e3,801c0bf9d69ecdd58b21fb2ba4392137048b466668344ebfc4c8faf6a0d3e2f1,177788fe59872f782f56492a52f86c3b5177023ac875c509339d328f5ce5306f,regime_model_v2_full_right_censored_refit,4fc1a02dce9ac2311dabaeb4623a559d37286dfe58baffef53828cc7415a3425,not_applicable,not_applicable,not_applicable,not_applicable,not_applicable,not_applicable,True,False,disabled,False,False,False,False,False,False,False
MODEL_FULL_REFIT,1,46,0.000591469668096,143cc35bbab621d585cb9bf2,91996a9cf747a614ff6d9e08eaafc3583a58b91c,7c23ba6c613d79731d3e3f1f37122ff5f97e6e6845274121313ccb1ba1459e88,67417cf1fd1267cb4a945de8dff854916bd4d5bbde0c55f5d6545b1c4b6881e3,801c0bf9d69ecdd58b21fb2ba4392137048b466668344ebfc4c8faf6a0d3e2f1,177788fe59872f782f56492a52f86c3b5177023ac875c509339d328f5ce5306f,regime_model_v2_full_right_censored_refit,4fc1a02dce9ac2311dabaeb4623a559d37286dfe58baffef53828cc7415a3425,not_applicable,not_applicable,not_applicable,not_applicable,not_applicable,not_applicable,True,False,disabled,False,False,False,False,False,False,False
MODEL_FULL_REFIT,1,47,0.000541340334577,143cc35bbab621d585cb9bf2,91996a9cf747a614ff6d9e08eaafc3583a58b91c,7c23ba6c613d79731d3e3f1f37122ff5f97e6e6845274121313ccb1ba1459e88,67417cf1fd1267cb4a945de8dff854916bd4d5bbde0c55f5d6545b1c4b6881e3,801c0bf9d69ecdd58b21fb2ba4392137048b466668344ebfc4c8faf6a0d3e2f1,177788fe59872f782f56492a52f86c3b5177023ac875c509339d328f5ce5306f,regime_model_v2_full_right_censored_refit,4fc1a02dce9ac2311dabaeb4623a559d37286dfe58baffef53828cc7415a3425,not_applicable,not_applicable,not_applicable,not_applicable,not_applicable,not_applicable,True,False,disabled,False,False,False,False,False,False,False
MODEL_FULL_REFIT,1,48,0.000499371171436,143cc35bbab621d585cb9bf2,91996a9cf747a614ff6d9e08eaafc3583a58b91c,7c23ba6c613d79731d3e3f1f37122ff5f97e6e6845274121313ccb1ba1459e88,67417cf1fd1267cb4a945de8dff854916bd4d5bbde0c55f5d6545b1c4b6881e3,801c0bf9d69ecdd58b21fb2ba4392137048b466668344ebfc4c8faf6a0d3e2f1,177788fe59872f782f56492a52f86c3b5177023ac875c509339d328f5ce5306f,regime_model_v2_full_right_censored_refit,4fc1a02dce9ac2311dabaeb4623a559d37286dfe58baffef53828cc7415a3425,not_applicable,not_applicable,not_applicable,not_applicable,not_applicable,not_applicable,True,False,disabled,False,False,False,False,False,False,False
MODEL_FULL_REFIT,1,49,0.000456226674097,143cc35bbab621d585cb9bf2,91996a9cf747a614ff6d9e08eaafc3583a58b91c,7c23ba6c613d79731d3e3f1f37122ff5f97e6e6845274121313ccb1ba1459e88,67417cf1fd1267cb4a945de8dff854916bd4d5bbde0c55f5d6545b1c4b6881e3,801c0bf9d69ecdd58b21fb2ba4392137048b466668344ebfc4c8faf6a0d3e2f1,177788fe59872f782f56492a52f86c3b5177023ac875c509339d328f5ce5306f,regime_model_v2_full_right_censored_refit,4fc1a02dce9ac2311dabaeb4623a559d37286dfe58baffef53828cc7415a3425,not_applicable,not_applicable,not_applicable,not_applicable,not_applicable,not_applicable,True,False,disabled,False,False,False,False,False,False,False
MODEL_FULL_REFIT,1,50,0.000417325649162,143cc35bbab621d585cb9bf2,91996a9cf747a614ff6d9e08eaafc3583a58b91c,7c23ba6c613d79731d3e3f1f37122ff5f97e6e6845274121313ccb1ba1459e88,67417cf1fd1267cb4a945de8dff854916bd4d5bbde0c55f5d6545b1c4b6881e3,801c0bf9d69ecdd58b21fb2ba4392137048b466668344ebfc4c8faf6a0d3e2f1,177788fe59872f782f56492a52f86c3b5177023ac875c509339d328f5ce5306f,regime_model_v2_full_right_censored_refit,4fc1a02dce9ac2311dabaeb4623a559d37286dfe58baffef53828cc7415a3425,not_applicable,not_applicable,not_applicable,not_applicable,not_applicable,not_applicable,True,False,disabled,False,False,False,False,False,False,False
MODEL_FULL_REFIT,1,51,0.000383531771676,143cc35bbab621d585cb9bf2,91996a9cf747a614ff6d9e08eaafc3583a58b91c,7c23ba6c613d79731d3e3f1f37122ff5f97e6e6845274121313ccb1ba1459e88,67417cf1fd1267cb4a945de8dff854916bd4d5bbde0c55f5d6545b1c4b6881e3,801c0bf9d69ecdd58b21fb2ba4392137048b466668344ebfc4c8faf6a0d3e2f1,177788fe59872f782f56492a52f86c3b5177023ac875c509339d328f5ce5306f,regime_model_v2_full_right_censored_refit,4fc1a02dce9ac2311dabaeb4623a559d37286dfe58baffef53828cc7415a3425,not_applicable,not_applicable,not_applicable,not_applicable,not_applicable,not_applicable,True,False,disabled,False,False,False,False,False,False,False
MODEL_FULL_REFIT,1,52,0.000355357986046,143cc35bbab621d585cb9bf2,91996a9cf747a614ff6d9e08eaafc3583a58b91c,7c23ba6c613d79731d3e3f1f37122ff5f97e6e6845274121313ccb1ba1459e88,67417cf1fd1267cb4a945de8dff854916bd4d5bbde0c55f5d6545b1c4b6881e3,801c0bf9d69ecdd58b21fb2ba4392137048b466668344ebfc4c8faf6a0d3e2f1,177788fe59872f782f56492a52f86c3b5177023ac875c509339d328f5ce5306f,regime_model_v2_full_right_censored_refit,4fc1a02dce9ac2311dabaeb4623a559d37286dfe58baffef53828cc7415a3425,not_applicable,not_applicable,not_applicable,not_applicable,not_applicable,not_applicable,True,False,disabled,False,False,False,False,False,False,False
MODEL_FULL_REFIT,1,53,0.000328214235012,143cc35bbab621d585cb9bf2,91996a9cf747a614ff6d9e08eaafc3583a58b91c,7c23ba6c613d79731d3e3f1f37122ff5f97e6e6845274121313ccb1ba1459e88,67417cf1fd1267cb4a945de8dff854916bd4d5bbde0c55f5d6545b1c4b6881e3,801c0bf9d69ecdd58b21fb2ba4392137048b466668344ebfc4c8faf6a0d3e2f1,177788fe59872f782f56492a52f86c3b5177023ac875c509339d328f5ce5306f,regime_model_v2_full_right_censored_refit,4fc1a02dce9ac2311dabaeb4623a559d37286dfe58baffef53828cc7415a3425,not_applicable,not_applicable,not_applicable,not_applicable,not_applicable,not_applicable,True,False,disabled,False,False,False,False,False,False,False
MODEL_FULL_REFIT,1,54,0.000304971252191,143cc35bbab621d585cb9bf2,91996a9cf747a614ff6d9e08eaafc3583a58b91c,7c23ba6c613d79731d3e3f1f37122ff5f97e6e6845274121313ccb1ba1459e88,67417cf1fd1267cb4a945de8dff854916bd4d5bbde0c55f5d6545b1c4b6881e3,801c0bf9d69ecdd58b21fb2ba4392137048b466668344ebfc4c8faf6a0d3e2f1,177788fe59872f782f56492a52f86c3b5177023ac875c509339d328f5ce5306f,regime_model_v2_full_right_censored_refit,4fc1a02dce9ac2311dabaeb4623a559d37286dfe58baffef53828cc7415a3425,not_applicable,not_applicable,not_applicable,not_applicable,not_applicable,not_applicable,True,False,disabled,False,False,False,False,False,False,False
MODEL_FULL_REFIT,1,55,0.000285301881658,143cc35bbab621d585cb9bf2,91996a9cf747a614ff6d9e08eaafc3583a58b91c,7c23ba6c613d79731d3e3f1f37122ff5f97e6e6845274121313ccb1ba1459e88,67417cf1fd1267cb4a945de8dff854916bd4d5bbde0c55f5d6545b1c4b6881e3,801c0bf9d69ecdd58b21fb2ba4392137048b466668344ebfc4c8faf6a0d3e2f1,177788fe59872f782f56492a52f86c3b5177023ac875c509339d328f5ce5306f,regime_model_v2_full_right_censored_refit,4fc1a02dce9ac2311dabaeb4623a559d37286dfe58baffef53828cc7415a3425,not_applicable,not_applicable,not_applicable,not_applicable,not_applicable,not_applicable,True,False,disabled,False,False,False,False,False,False,False
MODEL_FULL_REFIT,1,56,0.000266777638056,143cc35bbab621d585cb9bf2,91996a9cf747a614ff6d9e08eaafc3583a58b91c,7c23ba6c613d79731d3e3f1f37122ff5f97e6e6845274121313ccb1ba1459e88,67417cf1fd1267cb4a945de8dff854916bd4d5bbde0c55f5d6545b1c4b6881e3,801c0bf9d69ecdd58b21fb2ba4392137048b466668344ebfc4c8faf6a0d3e2f1,177788fe59872f782f56492a52f86c3b5177023ac875c509339d328f5ce5306f,regime_model_v2_full_right_censored_refit,4fc1a02dce9ac2311dabaeb4623a559d37286dfe58baffef53828cc7415a3425,not_applicable,not_applicable,not_applicable,not_applicable,not_applicable,not_applicable,True,False,disabled,False,False,False,False,False,False,False
MODEL_FULL_REFIT,1,57,0.000247079728012,143cc35bbab621d585cb9bf2,91996a9cf747a614ff6d9e08eaafc3583a58b91c,7c23ba6c613d79731d3e3f1f37122ff5f97e6e6845274121313ccb1ba1459e88,67417cf1fd1267cb4a945de8dff854916bd4d5bbde0c55f5d6545b1c4b6881e3,801c0bf9d69ecdd58b21fb2ba4392137048b466668344ebfc4c8faf6a0d3e2f1,177788fe59872f782f56492a52f86c3b5177023ac875c509339d328f5ce5306f,regime_model_v2_full_right_censored_refit,4fc1a02dce9ac2311dabaeb4623a559d37286dfe58baffef53828cc7415a3425,not_applicable,not_applicable,not_applicable,not_applicable,not_applicable,not_applicable,True,False,disabled,False,False,False,False,False,False,False
MODEL_FULL_REFIT,1,58,0.000228514427545,143cc35bbab621d585cb9bf2,91996a9cf747a614ff6d9e08eaafc3583a58b91c,7c23ba6c613d79731d3e3f1f37122ff5f97e6e6845274121313ccb1ba1459e88,67417cf1fd1267cb4a945de8dff854916bd4d5bbde0c55f5d6545b1c4b6881e3,801c0bf9d69ecdd58b21fb2ba4392137048b466668344ebfc4c8faf6a0d3e2f1,177788fe59872f782f56492a52f86c3b5177023ac875c509339d328f5ce5306f,regime_model_v2_full_right_censored_refit,4fc1a02dce9ac2311dabaeb4623a559d37286dfe58baffef53828cc7415a3425,not_applicable,not_applicable,not_applicable,not_applicable,not_applicable,not_applicable,True,False,disabled,False,False,False,False,False,False,False
MODEL_FULL_REFIT,1,59,0.000226214589316,143cc35bbab621d585cb9bf2,91996a9cf747a614ff6d9e08eaafc3583a58b91c,7c23ba6c613d79731d3e3f1f37122ff5f97e6e6845274121313ccb1ba1459e88,67417cf1fd1267cb4a945de8dff854916bd4d5bbde0c55f5d6545b1c4b6881e3,801c0bf9d69ecdd58b21fb2ba4392137048b466668344ebfc4c8faf6a0d3e2f1,177788fe59872f782f56492a52f86c3b5177023ac875c509339d328f5ce5306f,regime_model_v2_full_right_censored_refit,4fc1a02dce9ac2311dabaeb4623a559d37286dfe58baffef53828cc7415a3425,not_applicable,not_applicable,not_applicable,not_applicable,not_applicable,not_applicable,True,False,disabled,False,False,False,False,False,False,False
MODEL_FULL_REFIT,1,60,0.000221223428259,143cc35bbab621d585cb9bf2,91996a9cf747a614ff6d9e08eaafc3583a58b91c,7c23ba6c613d79731d3e3f1f37122ff5f97e6e6845274121313ccb1ba1459e88,67417cf1fd1267cb4a945de8dff854916bd4d5bbde0c55f5d6545b1c4b6881e3,801c0bf9d69ecdd58b21fb2ba4392137048b466668344ebfc4c8faf6a0d3e2f1,177788fe59872f782f56492a52f86c3b5177023ac875c509339d328f5ce5306f,regime_model_v2_full_right_censored_refit,4fc1a02dce9ac2311dabaeb4623a559d37286dfe58baffef53828cc7415a3425,not_applicable,not_applicable,not_applicable,not_applicable,not_applicable,not_applicable,True,False,disabled,False,False,False,False,False,False,False
MODEL_FULL_REFIT,1,61,0.000217534965993,143cc35bbab621d585cb9bf2,91996a9cf747a614ff6d9e08eaafc3583a58b91c,7c23ba6c613d79731d3e3f1f37122ff5f97e6e6845274121313ccb1ba1459e88,67417cf1fd1267cb4a945de8dff854916bd4d5bbde0c55f5d6545b1c4b6881e3,801c0bf9d69ecdd58b21fb2ba4392137048b466668344ebfc4c8faf6a0d3e2f1,177788fe59872f782f56492a52f86c3b5177023ac875c509339d328f5ce5306f,regime_model_v2_full_right_censored_refit,4fc1a02dce9ac2311dabaeb4623a559d37286dfe58baffef53828cc7415a3425,not_applicable,not_applicable,not_applicable,not_applicable,not_applicable,not_applicable,True,False,disabled,False,False,False,False,False,False,False
MODEL_FULL_REFIT,1,62,0.00021515395333,143cc35bbab621d585cb9bf2,91996a9cf747a614ff6d9e08eaafc3583a58b91c,7c23ba6c613d79731d3e3f1f37122ff5f97e6e6845274121313ccb1ba1459e88,67417cf1fd1267cb4a945de8dff854916bd4d5bbde0c55f5d6545b1c4b6881e3,801c0bf9d69ecdd58b21fb2ba4392137048b466668344ebfc4c8faf6a0d3e2f1,177788fe59872f782f56492a52f86c3b5177023ac875c509339d328f5ce5306f,regime_model_v2_full_right_censored_refit,4fc1a02dce9ac2311dabaeb4623a559d37286dfe58baffef53828cc7415a3425,not_applicable,not_applicable,not_applicable,not_applicable,not_applicable,not_applicable,True,False,disabled,False,False,False,False,False,False,False
MODEL_FULL_REFIT,1,63,0.000211359687393,143cc35bbab621d585cb9bf2,91996a9cf747a614ff6d9e08eaafc3583a58b91c,7c23ba6c613d79731d3e3f1f37122ff5f97e6e6845274121313ccb1ba1459e88,67417cf1fd1267cb4a945de8dff854916bd4d5bbde0c55f5d6545b1c4b6881e3,801c0bf9d69ecdd58b21fb2ba4392137048b466668344ebfc4c8faf6a0d3e2f1,177788fe59872f782f56492a52f86c3b5177023ac875c509339d328f5ce5306f,regime_model_v2_full_right_censored_refit,4fc1a02dce9ac2311dabaeb4623a559d37286dfe58baffef53828cc7415a3425,not_applicable,not_applicable,not_applicable,not_applicable,not_applicable,not_applicable,True,False,disabled,False,False,False,False,False,False,False
MODEL_FULL_REFIT,1,64,0.000207457189412,143cc35bbab621d585cb9bf2,91996a9cf747a614ff6d9e08eaafc3583a58b91c,7c23ba6c613d79731d3e3f1f37122ff5f97e6e6845274121313ccb1ba1459e88,67417cf1fd1267cb4a945de8dff854916bd4d5bbde0c55f5d6545b1c4b6881e3,801c0bf9d69ecdd58b21fb2ba4392137048b466668344ebfc4c8faf6a0d3e2f1,177788fe59872f782f56492a52f86c3b5177023ac875c509339d328f5ce5306f,regime_model_v2_full_right_censored_refit,4fc1a02dce9ac2311dabaeb4623a559d37286dfe58baffef53828cc7415a3425,not_applicable,not_applicable,not_applicable,not_applicable,not_applicable,not_applicable,True,False,disabled,False,False,False,False,False,False,False
MODEL_FULL_REFIT,1,65,0.000204880318335,143cc35bbab621d585cb9bf2,91996a9cf747a614ff6d9e08eaafc3583a58b91c,7c23ba6c613d79731d3e3f1f37122ff5f97e6e6845274121313ccb1ba1459e88,67417cf1fd1267cb4a945de8dff854916bd4d5bbde0c55f5d6545b1c4b6881e3,801c0bf9d69ecdd58b21fb2ba4392137048b466668344ebfc4c8faf6a0d3e2f1,177788fe59872f782f56492a52f86c3b5177023ac875c509339d328f5ce5306f,regime_model_v2_full_right_censored_refit,4fc1a02dce9ac2311dabaeb4623a559d37286dfe58baffef53828cc7415a3425,not_applicable,not_applicable,not_applicable,not_applicable,not_applicable,not_applicable,True,False,disabled,False,False,False,False,False,False,False
MODEL_FULL_REFIT,1,66,0.000200766049465,143cc35bbab621d585cb9bf2,91996a9cf747a614ff6d9e08eaafc3583a58b91c,7c23ba6c613d79731d3e3f1f37122ff5f97e6e6845274121313ccb1ba1459e88,67417cf1fd1267cb4a945de8dff854916bd4d5bbde0c55f5d6545b1c4b6881e3,801c0bf9d69ecdd58b21fb2ba4392137048b466668344ebfc4c8faf6a0d3e2f1,177788fe59872f782f56492a52f86c3b5177023ac875c509339d328f5ce5306f,regime_model_v2_full_right_censored_refit,4fc1a02dce9ac2311dabaeb4623a559d37286dfe58baffef53828cc7415a3425,not_applicable,not_applicable,not_applicable,not_applicable,not_applicable,not_applicable,True,False,disabled,False,False,False,False,False,False,False
MODEL_FULL_REFIT,1,67,0.000198081814738,143cc35bbab621d585cb9bf2,91996a9cf747a614ff6d9e08eaafc3583a58b91c,7c23ba6c613d79731d3e3f1f37122ff5f97e6e6845274121313ccb1ba1459e88,67417cf1fd1267cb4a945de8dff854916bd4d5bbde0c55f5d6545b1c4b6881e3,801c0bf9d69ecdd58b21fb2ba4392137048b466668344ebfc4c8faf6a0d3e2f1,177788fe59872f782f56492a52f86c3b5177023ac875c509339d328f5ce5306f,regime_model_v2_full_right_censored_refit,4fc1a02dce9ac2311dabaeb4623a559d37286dfe58baffef53828cc7415a3425,not_applicable,not_applicable,not_applicable,not_applicable,not_applicable,not_applicable,True,False,disabled,False,False,False,False,False,False,False
MODEL_FULL_REFIT,1,68,0.00019689039522,143cc35bbab621d585cb9bf2,91996a9cf747a614ff6d9e08eaafc3583a58b91c,7c23ba6c613d79731d3e3f1f37122ff5f97e6e6845274121313ccb1ba1459e88,67417cf1fd1267cb4a945de8dff854916bd4d5bbde0c55f5d6545b1c4b6881e3,801c0bf9d69ecdd58b21fb2ba4392137048b466668344ebfc4c8faf6a0d3e2f1,177788fe59872f782f56492a52f86c3b5177023ac875c509339d328f5ce5306f,regime_model_v2_full_right_censored_refit,4fc1a02dce9ac2311dabaeb4623a559d37286dfe58baffef53828cc7415a3425,not_applicable,not_applicable,not_applicable,not_applicable,not_applicable,not_applicable,True,False,disabled,False,False,False,False,False,False,False
MODEL_FULL_REFIT,1,69,0.000195676954026,143cc35bbab621d585cb9bf2,91996a9cf747a614ff6d9e08eaafc3583a58b91c,7c23ba6c613d79731d3e3f1f37122ff5f97e6e6845274121313ccb1ba1459e88,67417cf1fd1267cb4a945de8dff854916bd4d5bbde0c55f5d6545b1c4b6881e3,801c0bf9d69ecdd58b21fb2ba4392137048b466668344ebfc4c8faf6a0d3e2f1,177788fe59872f782f56492a52f86c3b5177023ac875c509339d328f5ce5306f,regime_model_v2_full_right_censored_refit,4fc1a02dce9ac2311dabaeb4623a559d37286dfe58baffef53828cc7415a3425,not_applicable,not_applicable,not_applicable,not_applicable,not_applicable,not_applicable,True,False,disabled,False,False,False,False,False,False,False
MODEL_FULL_REFIT,1,70,0.00019443001481,143cc35bbab621d585cb9bf2,91996a9cf747a614ff6d9e08eaafc3583a58b91c,7c23ba6c613d79731d3e3f1f37122ff5f97e6e6845274121313ccb1ba1459e88,67417cf1fd1267cb4a945de8dff854916bd4d5bbde0c55f5d6545b1c4b6881e3,801c0bf9d69ecdd58b21fb2ba4392137048b466668344ebfc4c8faf6a0d3e2f1,177788fe59872f782f56492a52f86c3b5177023ac875c509339d328f5ce5306f,regime_model_v2_full_right_censored_refit,4fc1a02dce9ac2311dabaeb4623a559d37286dfe58baffef53828cc7415a3425,not_applicable,not_applicable,not_applicable,not_applicable,not_applicable,not_applicable,True,False,disabled,False,False,False,False,False,False,False
MODEL_FULL_REFIT,1,71,0.000193136065059,143cc35bbab621d585cb9bf2,91996a9cf747a614ff6d9e08eaafc3583a58b91c,7c23ba6c613d79731d3e3f1f37122ff5f97e6e6845274121313ccb1ba1459e88,67417cf1fd1267cb4a945de8dff854916bd4d5bbde0c55f5d6545b1c4b6881e3,801c0bf9d69ecdd58b21fb2ba4392137048b466668344ebfc4c8faf6a0d3e2f1,177788fe59872f782f56492a52f86c3b5177023ac875c509339d328f5ce5306f,regime_model_v2_full_right_censored_refit,4fc1a02dce9ac2311dabaeb4623a559d37286dfe58baffef53828cc7415a3425,not_applicable,not_applicable,not_applicable,not_applicable,not_applicable,not_applicable,True,False,disabled,False,False,False,False,False,False,False
MODEL_FULL_REFIT,1,72,0.000191815584754,143cc35bbab621d585cb9bf2,91996a9cf747a614ff6d9e08eaafc3583a58b91c,7c23ba6c613d79731d3e3f1f37122ff5f97e6e6845274121313ccb1ba1459e88,67417cf1fd1267cb4a945de8dff854916bd4d5bbde0c55f5d6545b1c4b6881e3,801c0bf9d69ecdd58b21fb2ba4392137048b466668344ebfc4c8faf6a0d3e2f1,177788fe59872f782f56492a52f86c3b5177023ac875c509339d328f5ce5306f,regime_model_v2_full_right_censored_refit,4fc1a02dce9ac2311dabaeb4623a559d37286dfe58baffef53828cc7415a3425,not_applicable,not_applicable,not_applicable,not_applicable,not_applicable,not_applicable,True,False,disabled,False,False,False,False,False,False,False
MODEL_FULL_REFIT,1,73,0.000190414770659,143cc35bbab621d585cb9bf2,91996a9cf747a614ff6d9e08eaafc3583a58b91c,7c23ba6c613d79731d3e3f1f37122ff5f97e6e6845274121313ccb1ba1459e88,67417cf1fd1267cb4a945de8dff854916bd4d5bbde0c55f5d6545b1c4b6881e3,801c0bf9d69ecdd58b21fb2ba4392137048b466668344ebfc4c8faf6a0d3e2f1,177788fe59872f782f56492a52f86c3b5177023ac875c509339d328f5ce5306f,regime_model_v2_full_right_censored_refit,4fc1a02dce9ac2311dabaeb4623a559d37286dfe58baffef53828cc7415a3425,not_applicable,not_applicable,not_applicable,not_applicable,not_applicable,not_applicable,True,False,disabled,False,False,False,False,False,False,False
MODEL_FULL_REFIT,1,74,0.000189010517604,143cc35bbab621d585cb9bf2,91996a9cf747a614ff6d9e08eaafc3583a58b91c,7c23ba6c613d79731d3e3f1f37122ff5f97e6e6845274121313ccb1ba1459e88,67417cf1fd1267cb4a945de8dff854916bd4d5bbde0c55f5d6545b1c4b6881e3,801c0bf9d69ecdd58b21fb2ba4392137048b466668344ebfc4c8faf6a0d3e2f1,177788fe59872f782f56492a52f86c3b5177023ac875c509339d328f5ce5306f,regime_model_v2_full_right_censored_refit,4fc1a02dce9ac2311dabaeb4623a559d37286dfe58baffef53828cc7415a3425,not_applicable,not_applicable,not_applicable,not_applicable,not_applicable,not_applicable,True,False,disabled,False,False,False,False,False,False,False
MODEL_FULL_REFIT,1,75,0.00018758866815,143cc35bbab621d585cb9bf2,91996a9cf747a614ff6d9e08eaafc3583a58b91c,7c23ba6c613d79731d3e3f1f37122ff5f97e6e6845274121313ccb1ba1459e88,67417cf1fd1267cb4a945de8dff854916bd4d5bbde0c55f5d6545b1c4b6881e3,801c0bf9d69ecdd58b21fb2ba4392137048b466668344ebfc4c8faf6a0d3e2f1,177788fe59872f782f56492a52f86c3b5177023ac875c509339d328f5ce5306f,regime_model_v2_full_right_censored_refit,4fc1a02dce9ac2311dabaeb4623a559d37286dfe58baffef53828cc7415a3425,not_applicable,not_applicable,not_applicable,not_applicable,not_applicable,not_applicable,True,False,disabled,False,False,False,False,False,False,False
MODEL_FULL_REFIT,1,76,0.000186118554527,143cc35bbab621d585cb9bf2,91996a9cf747a614ff6d9e08eaafc3583a58b91c,7c23ba6c613d79731d3e3f1f37122ff5f97e6e6845274121313ccb1ba1459e88,67417cf1fd1267cb4a945de8dff854916bd4d5bbde0c55f5d6545b1c4b6881e3,801c0bf9d69ecdd58b21fb2ba4392137048b466668344ebfc4c8faf6a0d3e2f1,177788fe59872f782f56492a52f86c3b5177023ac875c509339d328f5ce5306f,regime_model_v2_full_right_censored_refit,4fc1a02dce9ac2311dabaeb4623a559d37286dfe58baffef53828cc7415a3425,not_applicable,not_applicable,not_applicable,not_applicable,not_applicable,not_applicable,True,False,disabled,False,False,False,False,False,False,False
MODEL_FULL_REFIT,1,77,0.000184544906034,143cc35bbab621d585cb9bf2,91996a9cf747a614ff6d9e08eaafc3583a58b91c,7c23ba6c613d79731d3e3f1f37122ff5f97e6e6845274121313ccb1ba1459e88,67417cf1fd1267cb4a945de8dff854916bd4d5bbde0c55f5d6545b1c4b6881e3,801c0bf9d69ecdd58b21fb2ba4392137048b466668344ebfc4c8faf6a0d3e2f1,177788fe59872f782f56492a52f86c3b5177023ac875c509339d328f5ce5306f,regime_model_v2_full_right_censored_refit,4fc1a02dce9ac2311dabaeb4623a559d37286dfe58baffef53828cc7415a3425,not_applicable,not_applicable,not_applicable,not_applicable,not_applicable,not_applicable,True,False,disabled,False,False,False,False,False,False,False
MODEL_FULL_REFIT,1,78,0.000182984562876,143cc35bbab621d585cb9bf2,91996a9cf747a614ff6d9e08eaafc3583a58b91c,7c23ba6c613d79731d3e3f1f37122ff5f97e6e6845274121313ccb1ba1459e88,67417cf1fd1267cb4a945de8dff854916bd4d5bbde0c55f5d6545b1c4b6881e3,801c0bf9d69ecdd58b21fb2ba4392137048b466668344ebfc4c8faf6a0d3e2f1,177788fe59872f782f56492a52f86c3b5177023ac875c509339d328f5ce5306f,regime_model_v2_full_right_censored_refit,4fc1a02dce9ac2311dabaeb4623a559d37286dfe58baffef53828cc7415a3425,not_applicable,not_applicable,not_applicable,not_applicable,not_applicable,not_applicable,True,False,disabled,False,False,False,False,False,False,False
MODEL_FULL_REFIT,2,1,0.65191226784,143cc35bbab621d585cb9bf2,91996a9cf747a614ff6d9e08eaafc3583a58b91c,7c23ba6c613d79731d3e3f1f37122ff5f97e6e6845274121313ccb1ba1459e88,67417cf1fd1267cb4a945de8dff854916bd4d5bbde0c55f5d6545b1c4b6881e3,801c0bf9d69ecdd58b21fb2ba4392137048b466668344ebfc4c8faf6a0d3e2f1,177788fe59872f782f56492a52f86c3b5177023ac875c509339d328f5ce5306f,regime_model_v2_full_right_censored_refit,4fc1a02dce9ac2311dabaeb4623a559d37286dfe58baffef53828cc7415a3425,not_applicable,not_applicable,not_applicable,not_applicable,not_applicable,not_applicable,True,False,disabled,False,False,False,False,False,False,False
MODEL_FULL_REFIT,2,2,0.486123966516,143cc35bbab621d585cb9bf2,91996a9cf747a614ff6d9e08eaafc3583a58b91c,7c23ba6c613d79731d3e3f1f37122ff5f97e6e6845274121313ccb1ba1459e88,67417cf1fd1267cb4a945de8dff854916bd4d5bbde0c55f5d6545b1c4b6881e3,801c0bf9d69ecdd58b21fb2ba4392137048b466668344ebfc4c8faf6a0d3e2f1,177788fe59872f782f56492a52f86c3b5177023ac875c509339d328f5ce5306f,regime_model_v2_full_right_censored_refit,4fc1a02dce9ac2311dabaeb4623a559d37286dfe58baffef53828cc7415a3425,not_applicable,not_applicable,not_applicable,not_applicable,not_applicable,not_applicable,True,False,disabled,False,False,False,False,False,False,False
MODEL_FULL_REFIT,2,3,0.32252032022,143cc35bbab621d585cb9bf2,91996a9cf747a614ff6d9e08eaafc3583a58b91c,7c23ba6c613d79731d3e3f1f37122ff5f97e6e6845274121313ccb1ba1459e88,67417cf1fd1267cb4a945de8dff854916bd4d5bbde0c55f5d6545b1c4b6881e3,801c0bf9d69ecdd58b21fb2ba4392137048b466668344ebfc4c8faf6a0d3e2f1,177788fe59872f782f56492a52f86c3b5177023ac875c509339d328f5ce5306f,regime_model_v2_full_right_censored_refit,4fc1a02dce9ac2311dabaeb4623a559d37286dfe58baffef53828cc7415a3425,not_applicable,not_applicable,not_applicable,not_applicable,not_applicable,not_applicable,True,False,disabled,False,False,False,False,False,False,False
MODEL_FULL_REFIT,2,4,0.187600820487,143cc35bbab621d585cb9bf2,91996a9cf747a614ff6d9e08eaafc3583a58b91c,7c23ba6c613d79731d3e3f1f37122ff5f97e6e6845274121313ccb1ba1459e88,67417cf1fd1267cb4a945de8dff854916bd4d5bbde0c55f5d6545b1c4b6881e3,801c0bf9d69ecdd58b21fb2ba4392137048b466668344ebfc4c8faf6a0d3e2f1,177788fe59872f782f56492a52f86c3b5177023ac875c509339d328f5ce5306f,regime_model_v2_full_right_censored_refit,4fc1a02dce9ac2311dabaeb4623a559d37286dfe58baffef53828cc7415a3425,not_applicable,not_applicable,not_applicable,not_applicable,not_applicable,not_applicable,True,False,disabled,False,False,False,False,False,False,False
MODEL_FULL_REFIT,2,5,0.118257167453,143cc35bbab621d585cb9bf2,91996a9cf747a614ff6d9e08eaafc3583a58b91c,7c23ba6c613d79731d3e3f1f37122ff5f97e6e6845274121313ccb1ba1459e88,67417cf1fd1267cb4a945de8dff854916bd4d5bbde0c55f5d6545b1c4b6881e3,801c0bf9d69ecdd58b21fb2ba4392137048b466668344ebfc4c8faf6a0d3e2f1,177788fe59872f782f56492a52f86c3b5177023ac875c509339d328f5ce5306f,regime_model_v2_full_right_censored_refit,4fc1a02dce9ac2311dabaeb4623a559d37286dfe58baffef53828cc7415a3425,not_applicable,not_applicable,not_applicable,not_applicable,not_applicable,not_applicable,True,False,disabled,False,False,False,False,False,False,False
MODEL_FULL_REFIT,2,6,0.0734844855427,143cc35bbab621d585cb9bf2,91996a9cf747a614ff6d9e08eaafc3583a58b91c,7c23ba6c613d79731d3e3f1f37122ff5f97e6e6845274121313ccb1ba1459e88,67417cf1fd1267cb4a945de8dff854916bd4d5bbde0c55f5d6545b1c4b6881e3,801c0bf9d69ecdd58b21fb2ba4392137048b466668344ebfc4c8faf6a0d3e2f1,177788fe59872f782f56492a52f86c3b5177023ac875c509339d328f5ce5306f,regime_model_v2_full_right_censored_refit,4fc1a02dce9ac2311dabaeb4623a559d37286dfe58baffef53828cc7415a3425,not_applicable,not_applicable,not_applicable,not_applicable,not_applicable,not_applicable,True,False,disabled,False,False,False,False,False,False,False
MODEL_FULL_REFIT,2,7,0.046427876969,143cc35bbab621d585cb9bf2,91996a9cf747a614ff6d9e08eaafc3583a58b91c,7c23ba6c613d79731d3e3f1f37122ff5f97e6e6845274121313ccb1ba1459e88,67417cf1fd1267cb4a945de8dff854916bd4d5bbde0c55f5d6545b1c4b6881e3,801c0bf9d69ecdd58b21fb2ba4392137048b466668344ebfc4c8faf6a0d3e2f1,177788fe59872f782f56492a52f86c3b5177023ac875c509339d328f5ce5306f,regime_model_v2_full_right_censored_refit,4fc1a02dce9ac2311dabaeb4623a559d37286dfe58baffef53828cc7415a3425,not_applicable,not_applicable,not_applicable,not_applicable,not_applicable,not_applicable,True,False,disabled,False,False,False,False,False,False,False
MODEL_FULL_REFIT,2,8,0.0292046322869,143cc35bbab621d585cb9bf2,91996a9cf747a614ff6d9e08eaafc3583a58b91c,7c23ba6c613d79731d3e3f1f37122ff5f97e6e6845274121313ccb1ba1459e88,67417cf1fd1267cb4a945de8dff854916bd4d5bbde0c55f5d6545b1c4b6881e3,801c0bf9d69ecdd58b21fb2ba4392137048b466668344ebfc4c8faf6a0d3e2f1,177788fe59872f782f56492a52f86c3b5177023ac875c509339d328f5ce5306f,regime_model_v2_full_right_censored_refit,4fc1a02dce9ac2311dabaeb4623a559d37286dfe58baffef53828cc7415a3425,not_applicable,not_applicable,not_applicable,not_applicable,not_applicable,not_applicable,True,False,disabled,False,False,False,False,False,False,False
MODEL_FULL_REFIT,2,9,0.0178914517104,143cc35bbab621d585cb9bf2,91996a9cf747a614ff6d9e08eaafc3583a58b91c,7c23ba6c613d79731d3e3f1f37122ff5f97e6e6845274121313ccb1ba1459e88,67417cf1fd1267cb4a945de8dff854916bd4d5bbde0c55f5d6545b1c4b6881e3,801c0bf9d69ecdd58b21fb2ba4392137048b466668344ebfc4c8faf6a0d3e2f1,177788fe59872f782f56492a52f86c3b5177023ac875c509339d328f5ce5306f,regime_model_v2_full_right_censored_refit,4fc1a02dce9ac2311dabaeb4623a559d37286dfe58baffef53828cc7415a3425,not_applicable,not_applicable,not_applicable,not_applicable,not_applicable,not_applicable,True,False,disabled,False,False,False,False,False,False,False
MODEL_FULL_REFIT,2,10,0.0105310443612,143cc35bbab621d585cb9bf2,91996a9cf747a614ff6d9e08eaafc3583a58b91c,7c23ba6c613d79731d3e3f1f37122ff5f97e6e6845274121313ccb1ba1459e88,67417cf1fd1267cb4a945de8dff854916bd4d5bbde0c55f5d6545b1c4b6881e3,801c0bf9d69ecdd58b21fb2ba4392137048b466668344ebfc4c8faf6a0d3e2f1,177788fe59872f782f56492a52f86c3b5177023ac875c509339d328f5ce5306f,regime_model_v2_full_right_censored_refit,4fc1a02dce9ac2311dabaeb4623a559d37286dfe58baffef53828cc7415a3425,not_applicable,not_applicable,not_applicable,not_applicable,not_applicable,not_applicable,True,False,disabled,False,False,False,False,False,False,False
MODEL_FULL_REFIT,2,11,0.00675360453599,143cc35bbab621d585cb9bf2,91996a9cf747a614ff6d9e08eaafc3583a58b91c,7c23ba6c613d79731d3e3f1f37122ff5f97e6e6845274121313ccb1ba1459e88,67417cf1fd1267cb4a945de8dff854916bd4d5bbde0c55f5d6545b1c4b6881e3,801c0bf9d69ecdd58b21fb2ba4392137048b466668344ebfc4c8faf6a0d3e2f1,177788fe59872f782f56492a52f86c3b5177023ac875c509339d328f5ce5306f,regime_model_v2_full_right_censored_refit,4fc1a02dce9ac2311dabaeb4623a559d37286dfe58baffef53828cc7415a3425,not_applicable,not_applicable,not_applicable,not_applicable,not_applicable,not_applicable,True,False,disabled,False,False,False,False,False,False,False
MODEL_FULL_REFIT,2,12,0.00492935503489,143cc35bbab621d585cb9bf2,91996a9cf747a614ff6d9e08eaafc3583a58b91c,7c23ba6c613d79731d3e3f1f37122ff5f97e6e6845274121313ccb1ba1459e88,67417cf1fd1267cb4a945de8dff854916bd4d5bbde0c55f5d6545b1c4b6881e3,801c0bf9d69ecdd58b21fb2ba4392137048b466668344ebfc4c8faf6a0d3e2f1,177788fe59872f782f56492a52f86c3b5177023ac875c509339d328f5ce5306f,regime_model_v2_full_right_censored_refit,4fc1a02dce9ac2311dabaeb4623a559d37286dfe58baffef53828cc7415a3425,not_applicable,not_applicable,not_applicable,not_applicable,not_applicable,not_applicable,True,False,disabled,False,False,False,False,False,False,False
MODEL_FULL_REFIT,2,13,0.00311935748302,143cc35bbab621d585cb9bf2,91996a9cf747a614ff6d9e08eaafc3583a58b91c,7c23ba6c613d79731d3e3f1f37122ff5f97e6e6845274121313ccb1ba1459e88,67417cf1fd1267cb4a945de8dff854916bd4d5bbde0c55f5d6545b1c4b6881e3,801c0bf9d69ecdd58b21fb2ba4392137048b466668344ebfc4c8faf6a0d3e2f1,177788fe59872f782f56492a52f86c3b5177023ac875c509339d328f5ce5306f,regime_model_v2_full_right_censored_refit,4fc1a02dce9ac2311dabaeb4623a559d37286dfe58baffef53828cc7415a3425,not_applicable,not_applicable,not_applicable,not_applicable,not_applicable,not_applicable,True,False,disabled,False,False,False,False,False,False,False
MODEL_FULL_REFIT,2,14,0.0023785100808,143cc35bbab621d585cb9bf2,91996a9cf747a614ff6d9e08eaafc3583a58b91c,7c23ba6c613d79731d3e3f1f37122ff5f97e6e6845274121313ccb1ba1459e88,67417cf1fd1267cb4a945de8dff854916bd4d5bbde0c55f5d6545b1c4b6881e3,801c0bf9d69ecdd58b21fb2ba4392137048b466668344ebfc4c8faf6a0d3e2f1,177788fe59872f782f56492a52f86c3b5177023ac875c509339d328f5ce5306f,regime_model_v2_full_right_censored_refit,4fc1a02dce9ac2311dabaeb4623a559d37286dfe58baffef53828cc7415a3425,not_applicable,not_applicable,not_applicable,not_applicable,not_applicable,not_applicable,True,False,disabled,False,False,False,False,False,False,False
MODEL_FULL_REFIT,2,15,0.00135329021839,143cc35bbab621d585cb9bf2,91996a9cf747a614ff6d9e08eaafc3583a58b91c,7c23ba6c613d79731d3e3f1f37122ff5f97e6e6845274121313ccb1ba1459e88,67417cf1fd1267cb4a945de8dff854916bd4d5bbde0c55f5d6545b1c4b6881e3,801c0bf9d69ecdd58b21fb2ba4392137048b466668344ebfc4c8faf6a0d3e2f1,177788fe59872f782f56492a52f86c3b5177023ac875c509339d328f5ce5306f,regime_model_v2_full_right_censored_refit,4fc1a02dce9ac2311dabaeb4623a559d37286dfe58baffef53828cc7415a3425,not_applicable,not_applicable,not_applicable,not_applicable,not_applicable,not_applicable,True,False,disabled,False,False,False,False,False,False,False
MODEL_FULL_REFIT,2,16,0.000718935428518,143cc35bbab621d585cb9bf2,91996a9cf747a614ff6d9e08eaafc3583a58b91c,7c23ba6c613d79731d3e3f1f37122ff5f97e6e6845274121313ccb1ba1459e88,67417cf1fd1267cb4a945de8dff854916bd4d5bbde0c55f5d6545b1c4b6881e3,801c0bf9d69ecdd58b21fb2ba4392137048b466668344ebfc4c8faf6a0d3e2f1,177788fe59872f782f56492a52f86c3b5177023ac875c509339d328f5ce5306f,regime_model_v2_full_right_censored_refit,4fc1a02dce9ac2311dabaeb4623a559d37286dfe58baffef53828cc7415a3425,not_applicable,not_applicable,not_applicable,not_applicable,not_applicable,not_applicable,True,False,disabled,False,False,False,False,False,False,False
MODEL_FULL_REFIT,2,17,0.000519231142818,143cc35bbab621d585cb9bf2,91996a9cf747a614ff6d9e08eaafc3583a58b91c,7c23ba6c613d79731d3e3f1f37122ff5f97e6e6845274121313ccb1ba1459e88,67417cf1fd1267cb4a945de8dff854916bd4d5bbde0c55f5d6545b1c4b6881e3,801c0bf9d69ecdd58b21fb2ba4392137048b466668344ebfc4c8faf6a0d3e2f1,177788fe59872f782f56492a52f86c3b5177023ac875c509339d328f5ce5306f,regime_model_v2_full_right_censored_refit,4fc1a02dce9ac2311dabaeb4623a559d37286dfe58baffef53828cc7415a3425,not_applicable,not_applicable,not_applicable,not_applicable,not_applicable,not_applicable,True,False,disabled,False,False,False,False,False,False,False
MODEL_FULL_REFIT,2,18,0.000333791448955,143cc35bbab621d585cb9bf2,91996a9cf747a614ff6d9e08eaafc3583a58b91c,7c23ba6c613d79731d3e3f1f37122ff5f97e6e6845274121313ccb1ba1459e88,67417cf1fd1267cb4a945de8dff854916bd4d5bbde0c55f5d6545b1c4b6881e3,801c0bf9d69ecdd58b21fb2ba4392137048b466668344ebfc4c8faf6a0d3e2f1,177788fe59872f782f56492a52f86c3b5177023ac875c509339d328f5ce5306f,regime_model_v2_full_right_censored_refit,4fc1a02dce9ac2311dabaeb4623a559d37286dfe58baffef53828cc7415a3425,not_applicable,not_applicable,not_applicable,not_applicable,not_applicable,not_applicable,True,False,disabled,False,False,False,False,False,False,False
MODEL_FULL_REFIT,2,19,0.000192593878774,143cc35bbab621d585cb9bf2,91996a9cf747a614ff6d9e08eaafc3583a58b91c,7c23ba6c613d79731d3e3f1f37122ff5f97e6e6845274121313ccb1ba1459e88,67417cf1fd1267cb4a945de8dff854916bd4d5bbde0c55f5d6545b1c4b6881e3,801c0bf9d69ecdd58b21fb2ba4392137048b466668344ebfc4c8faf6a0d3e2f1,177788fe59872f782f56492a52f86c3b5177023ac875c509339d328f5ce5306f,regime_model_v2_full_right_censored_refit,4fc1a02dce9ac2311dabaeb4623a559d37286dfe58baffef53828cc7415a3425,not_applicable,not_applicable,not_applicable,not_applicable,not_applicable,not_applicable,True,False,disabled,False,False,False,False,False,False,False
MODEL_FULL_REFIT,2,20,0.000141935553194,143cc35bbab621d585cb9bf2,91996a9cf747a614ff6d9e08eaafc3583a58b91c,7c23ba6c613d79731d3e3f1f37122ff5f97e6e6845274121313ccb1ba1459e88,67417cf1fd1267cb4a945de8dff854916bd4d5bbde0c55f5d6545b1c4b6881e3,801c0bf9d69ecdd58b21fb2ba4392137048b466668344ebfc4c8faf6a0d3e2f1,177788fe59872f782f56492a52f86c3b5177023ac875c509339d328f5ce5306f,regime_model_v2_full_right_censored_refit,4fc1a02dce9ac2311dabaeb4623a559d37286dfe58baffef53828cc7415a3425,not_applicable,not_applicable,not_applicable,not_applicable,not_applicable,not_applicable,True,False,disabled,False,False,False,False,False,False,False
MODEL_FULL_REFIT,2,21,0.000124548931996,143cc35bbab621d585cb9bf2,91996a9cf747a614ff6d9e08eaafc3583a58b91c,7c23ba6c613d79731d3e3f1f37122ff5f97e6e6845274121313ccb1ba1459e88,67417cf1fd1267cb4a945de8dff854916bd4d5bbde0c55f5d6545b1c4b6881e3,801c0bf9d69ecdd58b21fb2ba4392137048b466668344ebfc4c8faf6a0d3e2f1,177788fe59872f782f56492a52f86c3b5177023ac875c509339d328f5ce5306f,regime_model_v2_full_right_censored_refit,4fc1a02dce9ac2311dabaeb4623a559d37286dfe58baffef53828cc7415a3425,not_applicable,not_applicable,not_applicable,not_applicable,not_applicable,not_applicable,True,False,disabled,False,False,False,False,False,False,False
MODEL_FULL_REFIT,2,22,9.66043214112e-05,143cc35bbab621d585cb9bf2,91996a9cf747a614ff6d9e08eaafc3583a58b91c,7c23ba6c613d79731d3e3f1f37122ff5f97e6e6845274121313ccb1ba1459e88,67417cf1fd1267cb4a945de8dff854916bd4d5bbde0c55f5d6545b1c4b6881e3,801c0bf9d69ecdd58b21fb2ba4392137048b466668344ebfc4c8faf6a0d3e2f1,177788fe59872f782f56492a52f86c3b5177023ac875c509339d328f5ce5306f,regime_model_v2_full_right_censored_refit,4fc1a02dce9ac2311dabaeb4623a559d37286dfe58baffef53828cc7415a3425,not_applicable,not_applicable,not_applicable,not_applicable,not_applicable,not_applicable,True,False,disabled,False,False,False,False,False,False,False
MODEL_FULL_REFIT,2,23,8.78931242448e-05,143cc35bbab621d585cb9bf2,91996a9cf747a614ff6d9e08eaafc3583a58b91c,7c23ba6c613d79731d3e3f1f37122ff5f97e6e6845274121313ccb1ba1459e88,67417cf1fd1267cb4a945de8dff854916bd4d5bbde0c55f5d6545b1c4b6881e3,801c0bf9d69ecdd58b21fb2ba4392137048b466668344ebfc4c8faf6a0d3e2f1,177788fe59872f782f56492a52f86c3b5177023ac875c509339d328f5ce5306f,regime_model_v2_full_right_censored_refit,4fc1a02dce9ac2311dabaeb4623a559d37286dfe58baffef53828cc7415a3425,not_applicable,not_applicable,not_applicable,not_applicable,not_applicable,not_applicable,True,False,disabled,False,False,False,False,False,False,False
MODEL_FULL_REFIT,2,24,8.09959662546e-05,143cc35bbab621d585cb9bf2,91996a9cf747a614ff6d9e08eaafc3583a58b91c,7c23ba6c613d79731d3e3f1f37122ff5f97e6e6845274121313ccb1ba1459e88,67417cf1fd1267cb4a945de8dff854916bd4d5bbde0c55f5d6545b1c4b6881e3,801c0bf9d69ecdd58b21fb2ba4392137048b466668344ebfc4c8faf6a0d3e2f1,177788fe59872f782f56492a52f86c3b5177023ac875c509339d328f5ce5306f,regime_model_v2_full_right_censored_refit,4fc1a02dce9ac2311dabaeb4623a559d37286dfe58baffef53828cc7415a3425,not_applicable,not_applicable,not_applicable,not_applicable,not_applicable,not_applicable,True,False,disabled,False,False,False,False,False,False,False
MODEL_FULL_REFIT,2,25,7.51064954425e-05,143cc35bbab621d585cb9bf2,91996a9cf747a614ff6d9e08eaafc3583a58b91c,7c23ba6c613d79731d3e3f1f37122ff5f97e6e6845274121313ccb1ba1459e88,67417cf1fd1267cb4a945de8dff854916bd4d5bbde0c55f5d6545b1c4b6881e3,801c0bf9d69ecdd58b21fb2ba4392137048b466668344ebfc4c8faf6a0d3e2f1,177788fe59872f782f56492a52f86c3b5177023ac875c509339d328f5ce5306f,regime_model_v2_full_right_censored_refit,4fc1a02dce9ac2311dabaeb4623a559d37286dfe58baffef53828cc7415a3425,not_applicable,not_applicable,not_applicable,not_applicable,not_applicable,not_applicable,True,False,disabled,False,False,False,False,False,False,False
MODEL_FULL_REFIT,2,26,6.95579090015e-05,143cc35bbab621d585cb9bf2,91996a9cf747a614ff6d9e08eaafc3583a58b91c,7c23ba6c613d79731d3e3f1f37122ff5f97e6e6845274121313ccb1ba1459e88,67417cf1fd1267cb4a945de8dff854916bd4d5bbde0c55f5d6545b1c4b6881e3,801c0bf9d69ecdd58b21fb2ba4392137048b466668344ebfc4c8faf6a0d3e2f1,177788fe59872f782f56492a52f86c3b5177023ac875c509339d328f5ce5306f,regime_model_v2_full_right_censored_refit,4fc1a02dce9ac2311dabaeb4623a559d37286dfe58baffef53828cc7415a3425,not_applicable,not_applicable,not_applicable,not_applicable,not_applicable,not_applicable,True,False,disabled,False,False,False,False,False,False,False
MODEL_FULL_REFIT,2,27,6.4647199439e-05,143cc35bbab621d585cb9bf2,91996a9cf747a614ff6d9e08eaafc3583a58b91c,7c23ba6c613d79731d3e3f1f37122ff5f97e6e6845274121313ccb1ba1459e88,67417cf1fd1267cb4a945de8dff854916bd4d5bbde0c55f5d6545b1c4b6881e3,801c0bf9d69ecdd58b21fb2ba4392137048b466668344ebfc4c8faf6a0d3e2f1,177788fe59872f782f56492a52f86c3b5177023ac875c509339d328f5ce5306f,regime_model_v2_full_right_censored_refit,4fc1a02dce9ac2311dabaeb4623a559d37286dfe58baffef53828cc7415a3425,not_applicable,not_applicable,not_applicable,not_applicable,not_applicable,not_applicable,True,False,disabled,False,False,False,False,False,False,False
MODEL_FULL_REFIT,2,28,5.97685856966e-05,143cc35bbab621d585cb9bf2,91996a9cf747a614ff6d9e08eaafc3583a58b91c,7c23ba6c613d79731d3e3f1f37122ff5f97e6e6845274121313ccb1ba1459e88,67417cf1fd1267cb4a945de8dff854916bd4d5bbde0c55f5d6545b1c4b6881e3,801c0bf9d69ecdd58b21fb2ba4392137048b466668344ebfc4c8faf6a0d3e2f1,177788fe59872f782f56492a52f86c3b5177023ac875c509339d328f5ce5306f,regime_model_v2_full_right_censored_refit,4fc1a02dce9ac2311dabaeb4623a559d37286dfe58baffef53828cc7415a3425,not_applicable,not_applicable,not_applicable,not_applicable,not_applicable,not_applicable,True,False,disabled,False,False,False,False,False,False,False
MODEL_FULL_REFIT,2,29,5.53053626429e-05,143cc35bbab621d585cb9bf2,91996a9cf747a614ff6d9e08eaafc3583a58b91c,7c23ba6c613d79731d3e3f1f37122ff5f97e6e6845274121313ccb1ba1459e88,67417cf1fd1267cb4a945de8dff854916bd4d5bbde0c55f5d6545b1c4b6881e3,801c0bf9d69ecdd58b21fb2ba4392137048b466668344ebfc4c8faf6a0d3e2f1,177788fe59872f782f56492a52f86c3b5177023ac875c509339d328f5ce5306f,regime_model_v2_full_right_censored_refit,4fc1a02dce9ac2311dabaeb4623a559d37286dfe58baffef53828cc7415a3425,not_applicable,not_applicable,not_applicable,not_applicable,not_applicable,not_applicable,True,False,disabled,False,False,False,False,False,False,False
MODEL_FULL_REFIT,2,30,5.21868075929e-05,143cc35bbab621d585cb9bf2,91996a9cf747a614ff6d9e08eaafc3583a58b91c,7c23ba6c613d79731d3e3f1f37122ff5f97e6e6845274121313ccb1ba1459e88,67417cf1fd1267cb4a945de8dff854916bd4d5bbde0c55f5d6545b1c4b6881e3,801c0bf9d69ecdd58b21fb2ba4392137048b466668344ebfc4c8faf6a0d3e2f1,177788fe59872f782f56492a52f86c3b5177023ac875c509339d328f5ce5306f,regime_model_v2_full_right_censored_refit,4fc1a02dce9ac2311dabaeb4623a559d37286dfe58baffef53828cc7415a3425,not_applicable,not_applicable,not_applicable,not_applicable,not_applicable,not_applicable,True,False,disabled,False,False,False,False,False,False,False
MODEL_FULL_REFIT,2,31,4.92266365373e-05,143cc35bbab621d585cb9bf2,91996a9cf747a614ff6d9e08eaafc3583a58b91c,7c23ba6c613d79731d3e3f1f37122ff5f97e6e6845274121313ccb1ba1459e88,67417cf1fd1267cb4a945de8dff854916bd4d5bbde0c55f5d6545b1c4b6881e3,801c0bf9d69ecdd58b21fb2ba4392137048b466668344ebfc4c8faf6a0d3e2f1,177788fe59872f782f56492a52f86c3b5177023ac875c509339d328f5ce5306f,regime_model_v2_full_right_censored_refit,4fc1a02dce9ac2311dabaeb4623a559d37286dfe58baffef53828cc7415a3425,not_applicable,not_applicable,not_applicable,not_applicable,not_applicable,not_applicable,True,False,disabled,False,False,False,False,False,False,False
MODEL_FULL_REFIT,2,32,4.74842842361e-05,143cc35bbab621d585cb9bf2,91996a9cf747a614ff6d9e08eaafc3583a58b91c,7c23ba6c613d79731d3e3f1f37122ff5f97e6e6845274121313ccb1ba1459e88,67417cf1fd1267cb4a945de8dff854916bd4d5bbde0c55f5d6545b1c4b6881e3,801c0bf9d69ecdd58b21fb2ba4392137048b466668344ebfc4c8faf6a0d3e2f1,177788fe59872f782f56492a52f86c3b5177023ac875c509339d328f5ce5306f,regime_model_v2_full_right_censored_refit,4fc1a02dce9ac2311dabaeb4623a559d37286dfe58baffef53828cc7415a3425,not_applicable,not_applicable,not_applicable,not_applicable,not_applicable,not_applicable,True,False,disabled,False,False,False,False,False,False,False
MODEL_FULL_REFIT,2,33,4.56217061845e-05,143cc35bbab621d585cb9bf2,91996a9cf747a614ff6d9e08eaafc3583a58b91c,7c23ba6c613d79731d3e3f1f37122ff5f97e6e6845274121313ccb1ba1459e88,67417cf1fd1267cb4a945de8dff854916bd4d5bbde0c55f5d6545b1c4b6881e3,801c0bf9d69ecdd58b21fb2ba4392137048b466668344ebfc4c8faf6a0d3e2f1,177788fe59872f782f56492a52f86c3b5177023ac875c509339d328f5ce5306f,regime_model_v2_full_right_censored_refit,4fc1a02dce9ac2311dabaeb4623a559d37286dfe58baffef53828cc7415a3425,not_applicable,not_applicable,not_applicable,not_applicable,not_applicable,not_applicable,True,False,disabled,False,False,False,False,False,False,False
MODEL_FULL_REFIT,2,34,4.38445193481e-05,143cc35bbab621d585cb9bf2,91996a9cf747a614ff6d9e08eaafc3583a58b91c,7c23ba6c613d79731d3e3f1f37122ff5f97e6e6845274121313ccb1ba1459e88,67417cf1fd1267cb4a945de8dff854916bd4d5bbde0c55f5d6545b1c4b6881e3,801c0bf9d69ecdd58b21fb2ba4392137048b466668344ebfc4c8faf6a0d3e2f1,177788fe59872f782f56492a52f86c3b5177023ac875c509339d328f5ce5306f,regime_model_v2_full_right_censored_refit,4fc1a02dce9ac2311dabaeb4623a559d37286dfe58baffef53828cc7415a3425,not_applicable,not_applicable,not_applicable,not_applicable,not_applicable,not_applicable,True,False,disabled,False,False,False,False,False,False,False
MODEL_FULL_REFIT,2,35,4.13202829904e-05,143cc35bbab621d585cb9bf2,91996a9cf747a614ff6d9e08eaafc3583a58b91c,7c23ba6c613d79731d3e3f1f37122ff5f97e6e6845274121313ccb1ba1459e88,67417cf1fd1267cb4a945de8dff854916bd4d5bbde0c55f5d6545b1c4b6881e3,801c0bf9d69ecdd58b21fb2ba4392137048b466668344ebfc4c8faf6a0d3e2f1,177788fe59872f782f56492a52f86c3b5177023ac875c509339d328f5ce5306f,regime_model_v2_full_right_censored_refit,4fc1a02dce9ac2311dabaeb4623a559d37286dfe58baffef53828cc7415a3425,not_applicable,not_applicable,not_applicable,not_applicable,not_applicable,not_applicable,True,False,disabled,False,False,False,False,False,False,False
MODEL_FULL_REFIT,2,36,3.98772642387e-05,143cc35bbab621d585cb9bf2,91996a9cf747a614ff6d9e08eaafc3583a58b91c,7c23ba6c613d79731d3e3f1f37122ff5f97e6e6845274121313ccb1ba1459e88,67417cf1fd1267cb4a945de8dff854916bd4d5bbde0c55f5d6545b1c4b6881e3,801c0bf9d69ecdd58b21fb2ba4392137048b466668344ebfc4c8faf6a0d3e2f1,177788fe59872f782f56492a52f86c3b5177023ac875c509339d328f5ce5306f,regime_model_v2_full_right_censored_refit,4fc1a02dce9ac2311dabaeb4623a559d37286dfe58baffef53828cc7415a3425,not_applicable,not_applicable,not_applicable,not_applicable,not_applicable,not_applicable,True,False,disabled,False,False,False,False,False,False,False
MODEL_FULL_REFIT,2,37,3.86080029238e-05,143cc35bbab621d585cb9bf2,91996a9cf747a614ff6d9e08eaafc3583a58b91c,7c23ba6c613d79731d3e3f1f37122ff5f97e6e6845274121313ccb1ba1459e88,67417cf1fd1267cb4a945de8dff854916bd4d5bbde0c55f5d6545b1c4b6881e3,801c0bf9d69ecdd58b21fb2ba4392137048b466668344ebfc4c8faf6a0d3e2f1,177788fe59872f782f56492a52f86c3b5177023ac875c509339d328f5ce5306f,regime_model_v2_full_right_censored_refit,4fc1a02dce9ac2311dabaeb4623a559d37286dfe58baffef53828cc7415a3425,not_applicable,not_applicable,not_applicable,not_applicable,not_applicable,not_applicable,True,False,disabled,False,False,False,False,False,False,False
MODEL_FULL_REFIT,2,38,3.74160874043e-05,143cc35bbab621d585cb9bf2,91996a9cf747a614ff6d9e08eaafc3583a58b91c,7c23ba6c613d79731d3e3f1f37122ff5f97e6e6845274121313ccb1ba1459e88,67417cf1fd1267cb4a945de8dff854916bd4d5bbde0c55f5d6545b1c4b6881e3,801c0bf9d69ecdd58b21fb2ba4392137048b466668344ebfc4c8faf6a0d3e2f1,177788fe59872f782f56492a52f86c3b5177023ac875c509339d328f5ce5306f,regime_model_v2_full_right_censored_refit,4fc1a02dce9ac2311dabaeb4623a559d37286dfe58baffef53828cc7415a3425,not_applicable,not_applicable,not_applicable,not_applicable,not_applicable,not_applicable,True,False,disabled,False,False,False,False,False,False,False
MODEL_FULL_REFIT,2,39,3.65913918322e-05,143cc35bbab621d585cb9bf2,91996a9cf747a614ff6d9e08eaafc3583a58b91c,7c23ba6c613d79731d3e3f1f37122ff5f97e6e6845274121313ccb1ba1459e88,67417cf1fd1267cb4a945de8dff854916bd4d5bbde0c55f5d6545b1c4b6881e3,801c0bf9d69ecdd58b21fb2ba4392137048b466668344ebfc4c8faf6a0d3e2f1,177788fe59872f782f56492a52f86c3b5177023ac875c509339d328f5ce5306f,regime_model_v2_full_right_censored_refit,4fc1a02dce9ac2311dabaeb4623a559d37286dfe58baffef53828cc7415a3425,not_applicable,not_applicable,not_applicable,not_applicable,not_applicable,not_applicable,True,False,disabled,False,False,False,False,False,False,False
MODEL_FULL_REFIT,2,40,3.50944598589e-05,143cc35bbab621d585cb9bf2,91996a9cf747a614ff6d9e08eaafc3583a58b91c,7c23ba6c613d79731d3e3f1f37122ff5f97e6e6845274121313ccb1ba1459e88,67417cf1fd1267cb4a945de8dff854916bd4d5bbde0c55f5d6545b1c4b6881e3,801c0bf9d69ecdd58b21fb2ba4392137048b466668344ebfc4c8faf6a0d3e2f1,177788fe59872f782f56492a52f86c3b5177023ac875c509339d328f5ce5306f,regime_model_v2_full_right_censored_refit,4fc1a02dce9ac2311dabaeb4623a559d37286dfe58baffef53828cc7415a3425,not_applicable,not_applicable,not_applicable,not_applicable,not_applicable,not_applicable,True,False,disabled,False,False,False,False,False,False,False
MODEL_FULL_REFIT,2,41,3.34839551705e-05,143cc35bbab621d585cb9bf2,91996a9cf747a614ff6d9e08eaafc3583a58b91c,7c23ba6c613d79731d3e3f1f37122ff5f97e6e6845274121313ccb1ba1459e88,67417cf1fd1267cb4a945de8dff854916bd4d5bbde0c55f5d6545b1c4b6881e3,801c0bf9d69ecdd58b21fb2ba4392137048b466668344ebfc4c8faf6a0d3e2f1,177788fe59872f782f56492a52f86c3b5177023ac875c509339d328f5ce5306f,regime_model_v2_full_right_censored_refit,4fc1a02dce9ac2311dabaeb4623a559d37286dfe58baffef53828cc7415a3425,not_applicable,not_applicable,not_applicable,not_applicable,not_applicable,not_applicable,True,False,disabled,False,False,False,False,False,False,False
MODEL_FULL_REFIT,2,42,3.24436030337e-05,143cc35bbab621d585cb9bf2,91996a9cf747a614ff6d9e08eaafc3583a58b91c,7c23ba6c613d79731d3e3f1f37122ff5f97e6e6845274121313ccb1ba1459e88,67417cf1fd1267cb4a945de8dff854916bd4d5bbde0c55f5d6545b1c4b6881e3,801c0bf9d69ecdd58b21fb2ba4392137048b466668344ebfc4c8faf6a0d3e2f1,177788fe59872f782f56492a52f86c3b5177023ac875c509339d328f5ce5306f,regime_model_v2_full_right_censored_refit,4fc1a02dce9ac2311dabaeb4623a559d37286dfe58baffef53828cc7415a3425,not_applicable,not_applicable,not_applicable,not_applicable,not_applicable,not_applicable,True,False,disabled,False,False,False,False,False,False,False
MODEL_FULL_REFIT,2,43,3.1487907012e-05,143cc35bbab621d585cb9bf2,91996a9cf747a614ff6d9e08eaafc3583a58b91c,7c23ba6c613d79731d3e3f1f37122ff5f97e6e6845274121313ccb1ba1459e88,67417cf1fd1267cb4a945de8dff854916bd4d5bbde0c55f5d6545b1c4b6881e3,801c0bf9d69ecdd58b21fb2ba4392137048b466668344ebfc4c8faf6a0d3e2f1,177788fe59872f782f56492a52f86c3b5177023ac875c509339d328f5ce5306f,regime_model_v2_full_right_censored_refit,4fc1a02dce9ac2311dabaeb4623a559d37286dfe58baffef53828cc7415a3425,not_applicable,not_applicable,not_applicable,not_applicable,not_applicable,not_applicable,True,False,disabled,False,False,False,False,False,False,False
MODEL_FULL_REFIT,2,44,3.09202846046e-05,143cc35bbab621d585cb9bf2,91996a9cf747a614ff6d9e08eaafc3583a58b91c,7c23ba6c613d79731d3e3f1f37122ff5f97e6e6845274121313ccb1ba1459e88,67417cf1fd1267cb4a945de8dff854916bd4d5bbde0c55f5d6545b1c4b6881e3,801c0bf9d69ecdd58b21fb2ba4392137048b466668344ebfc4c8faf6a0d3e2f1,177788fe59872f782f56492a52f86c3b5177023ac875c509339d328f5ce5306f,regime_model_v2_full_right_censored_refit,4fc1a02dce9ac2311dabaeb4623a559d37286dfe58baffef53828cc7415a3425,not_applicable,not_applicable,not_applicable,not_applicable,not_applicable,not_applicable,True,False,disabled,False,False,False,False,False,False,False
MODEL_FULL_REFIT,2,45,3.0235935981e-05,143cc35bbab621d585cb9bf2,91996a9cf747a614ff6d9e08eaafc3583a58b91c,7c23ba6c613d79731d3e3f1f37122ff5f97e6e6845274121313ccb1ba1459e88,67417cf1fd1267cb4a945de8dff854916bd4d5bbde0c55f5d6545b1c4b6881e3,801c0bf9d69ecdd58b21fb2ba4392137048b466668344ebfc4c8faf6a0d3e2f1,177788fe59872f782f56492a52f86c3b5177023ac875c509339d328f5ce5306f,regime_model_v2_full_right_censored_refit,4fc1a02dce9ac2311dabaeb4623a559d37286dfe58baffef53828cc7415a3425,not_applicable,not_applicable,not_applicable,not_applicable,not_applicable,not_applicable,True,False,disabled,False,False,False,False,False,False,False
MODEL_FULL_REFIT,2,46,2.94333986403e-05,143cc35bbab621d585cb9bf2,91996a9cf747a614ff6d9e08eaafc3583a58b91c,7c23ba6c613d79731d3e3f1f37122ff5f97e6e6845274121313ccb1ba1459e88,67417cf1fd1267cb4a945de8dff854916bd4d5bbde0c55f5d6545b1c4b6881e3,801c0bf9d69ecdd58b21fb2ba4392137048b466668344ebfc4c8faf6a0d3e2f1,177788fe59872f782f56492a52f86c3b5177023ac875c509339d328f5ce5306f,regime_model_v2_full_right_censored_refit,4fc1a02dce9ac2311dabaeb4623a559d37286dfe58baffef53828cc7415a3425,not_applicable,not_applicable,not_applicable,not_applicable,not_applicable,not_applicable,True,False,disabled,False,False,False,False,False,False,False
MODEL_FULL_REFIT,2,47,2.87337883347e-05,143cc35bbab621d585cb9bf2,91996a9cf747a614ff6d9e08eaafc3583a58b91c,7c23ba6c613d79731d3e3f1f37122ff5f97e6e6845274121313ccb1ba1459e88,67417cf1fd1267cb4a945de8dff854916bd4d5bbde0c55f5d6545b1c4b6881e3,801c0bf9d69ecdd58b21fb2ba4392137048b466668344ebfc4c8faf6a0d3e2f1,177788fe59872f782f56492a52f86c3b5177023ac875c509339d328f5ce5306f,regime_model_v2_full_right_censored_refit,4fc1a02dce9ac2311dabaeb4623a559d37286dfe58baffef53828cc7415a3425,not_applicable,not_applicable,not_applicable,not_applicable,not_applicable,not_applicable,True,False,disabled,False,False,False,False,False,False,False
MODEL_FULL_REFIT,2,48,2.8552173584e-05,143cc35bbab621d585cb9bf2,91996a9cf747a614ff6d9e08eaafc3583a58b91c,7c23ba6c613d79731d3e3f1f37122ff5f97e6e6845274121313ccb1ba1459e88,67417cf1fd1267cb4a945de8dff854916bd4d5bbde0c55f5d6545b1c4b6881e3,801c0bf9d69ecdd58b21fb2ba4392137048b466668344ebfc4c8faf6a0d3e2f1,177788fe59872f782f56492a52f86c3b5177023ac875c509339d328f5ce5306f,regime_model_v2_full_right_censored_refit,4fc1a02dce9ac2311dabaeb4623a559d37286dfe58baffef53828cc7415a3425,not_applicable,not_applicable,not_applicable,not_applicable,not_applicable,not_applicable,True,False,disabled,False,False,False,False,False,False,False
MODEL_FULL_REFIT,2,49,2.77386041451e-05,143cc35bbab621d585cb9bf2,91996a9cf747a614ff6d9e08eaafc3583a58b91c,7c23ba6c613d79731d3e3f1f37122ff5f97e6e6845274121313ccb1ba1459e88,67417cf1fd1267cb4a945de8dff854916bd4d5bbde0c55f5d6545b1c4b6881e3,801c0bf9d69ecdd58b21fb2ba4392137048b466668344ebfc4c8faf6a0d3e2f1,177788fe59872f782f56492a52f86c3b5177023ac875c509339d328f5ce5306f,regime_model_v2_full_right_censored_refit,4fc1a02dce9ac2311dabaeb4623a559d37286dfe58baffef53828cc7415a3425,not_applicable,not_applicable,not_applicable,not_applicable,not_applicable,not_applicable,True,False,disabled,False,False,False,False,False,False,False
MODEL_FULL_REFIT,2,50,2.70266318658e-05,143cc35bbab621d585cb9bf2,91996a9cf747a614ff6d9e08eaafc3583a58b91c,7c23ba6c613d79731d3e3f1f37122ff5f97e6e6845274121313ccb1ba1459e88,67417cf1fd1267cb4a945de8dff854916bd4d5bbde0c55f5d6545b1c4b6881e3,801c0bf9d69ecdd58b21fb2ba4392137048b466668344ebfc4c8faf6a0d3e2f1,177788fe59872f782f56492a52f86c3b5177023ac875c509339d328f5ce5306f,regime_model_v2_full_right_censored_refit,4fc1a02dce9ac2311dabaeb4623a559d37286dfe58baffef53828cc7415a3425,not_applicable,not_applicable,not_applicable,not_applicable,not_applicable,not_applicable,True,False,disabled,False,False,False,False,False,False,False
MODEL_FULL_REFIT,2,51,2.66227704888e-05,143cc35bbab621d585cb9bf2,91996a9cf747a614ff6d9e08eaafc3583a58b91c,7c23ba6c613d79731d3e3f1f37122ff5f97e6e6845274121313ccb1ba1459e88,67417cf1fd1267cb4a945de8dff854916bd4d5bbde0c55f5d6545b1c4b6881e3,801c0bf9d69ecdd58b21fb2ba4392137048b466668344ebfc4c8faf6a0d3e2f1,177788fe59872f782f56492a52f86c3b5177023ac875c509339d328f5ce5306f,regime_model_v2_full_right_censored_refit,4fc1a02dce9ac2311dabaeb4623a559d37286dfe58baffef53828cc7415a3425,not_applicable,not_applicable,not_applicable,not_applicable,not_applicable,not_applicable,True,False,disabled,False,False,False,False,False,False,False
MODEL_FULL_REFIT,2,52,2.63213945885e-05,143cc35bbab621d585cb9bf2,91996a9cf747a614ff6d9e08eaafc3583a58b91c,7c23ba6c613d79731d3e3f1f37122ff5f97e6e6845274121313ccb1ba1459e88,67417cf1fd1267cb4a945de8dff854916bd4d5bbde0c55f5d6545b1c4b6881e3,801c0bf9d69ecdd58b21fb2ba4392137048b466668344ebfc4c8faf6a0d3e2f1,177788fe59872f782f56492a52f86c3b5177023ac875c509339d328f5ce5306f,regime_model_v2_full_right_censored_refit,4fc1a02dce9ac2311dabaeb4623a559d37286dfe58baffef53828cc7415a3425,not_applicable,not_applicable,not_applicable,not_applicable,not_applicable,not_applicable,True,False,disabled,False,False,False,False,False,False,False
MODEL_FULL_REFIT,2,53,2.54533069743e-05,143cc35bbab621d585cb9bf2,91996a9cf747a614ff6d9e08eaafc3583a58b91c,7c23ba6c613d79731d3e3f1f37122ff5f97e6e6845274121313ccb1ba1459e88,67417cf1fd1267cb4a945de8dff854916bd4d5bbde0c55f5d6545b1c4b6881e3,801c0bf9d69ecdd58b21fb2ba4392137048b466668344ebfc4c8faf6a0d3e2f1,177788fe59872f782f56492a52f86c3b5177023ac875c509339d328f5ce5306f,regime_model_v2_full_right_censored_refit,4fc1a02dce9ac2311dabaeb4623a559d37286dfe58baffef53828cc7415a3425,not_applicable,not_applicable,not_applicable,not_applicable,not_applicable,not_applicable,True,False,disabled,False,False,False,False,False,False,False
MODEL_FULL_REFIT,2,54,2.47909960721e-05,143cc35bbab621d585cb9bf2,91996a9cf747a614ff6d9e08eaafc3583a58b91c,7c23ba6c613d79731d3e3f1f37122ff5f97e6e6845274121313ccb1ba1459e88,67417cf1fd1267cb4a945de8dff854916bd4d5bbde0c55f5d6545b1c4b6881e3,801c0bf9d69ecdd58b21fb2ba4392137048b466668344ebfc4c8faf6a0d3e2f1,177788fe59872f782f56492a52f86c3b5177023ac875c509339d328f5ce5306f,regime_model_v2_full_right_censored_refit,4fc1a02dce9ac2311dabaeb4623a559d37286dfe58baffef53828cc7415a3425,not_applicable,not_applicable,not_applicable,not_applicable,not_applicable,not_applicable,True,False,disabled,False,False,False,False,False,False,False
MODEL_FULL_REFIT,2,55,2.43417888473e-05,143cc35bbab621d585cb9bf2,91996a9cf747a614ff6d9e08eaafc3583a58b91c,7c23ba6c613d79731d3e3f1f37122ff5f97e6e6845274121313ccb1ba1459e88,67417cf1fd1267cb4a945de8dff854916bd4d5bbde0c55f5d6545b1c4b6881e3,801c0bf9d69ecdd58b21fb2ba4392137048b466668344ebfc4c8faf6a0d3e2f1,177788fe59872f782f56492a52f86c3b5177023ac875c509339d328f5ce5306f,regime_model_v2_full_right_censored_refit,4fc1a02dce9ac2311dabaeb4623a559d37286dfe58baffef53828cc7415a3425,not_applicable,not_applicable,not_applicable,not_applicable,not_applicable,not_applicable,True,False,disabled,False,False,False,False,False,False,False
MODEL_FULL_REFIT,2,56,2.38875536804e-05,143cc35bbab621d585cb9bf2,91996a9cf747a614ff6d9e08eaafc3583a58b91c,7c23ba6c613d79731d3e3f1f37122ff5f97e6e6845274121313ccb1ba1459e88,67417cf1fd1267cb4a945de8dff854916bd4d5bbde0c55f5d6545b1c4b6881e3,801c0bf9d69ecdd58b21fb2ba4392137048b466668344ebfc4c8faf6a0d3e2f1,177788fe59872f782f56492a52f86c3b5177023ac875c509339d328f5ce5306f,regime_model_v2_full_right_censored_refit,4fc1a02dce9ac2311dabaeb4623a559d37286dfe58baffef53828cc7415a3425,not_applicable,not_applicable,not_applicable,not_applicable,not_applicable,not_applicable,True,False,disabled,False,False,False,False,False,False,False
MODEL_FULL_REFIT,2,57,2.31758109947e-05,143cc35bbab621d585cb9bf2,91996a9cf747a614ff6d9e08eaafc3583a58b91c,7c23ba6c613d79731d3e3f1f37122ff5f97e6e6845274121313ccb1ba1459e88,67417cf1fd1267cb4a945de8dff854916bd4d5bbde0c55f5d6545b1c4b6881e3,801c0bf9d69ecdd58b21fb2ba4392137048b466668344ebfc4c8faf6a0d3e2f1,177788fe59872f782f56492a52f86c3b5177023ac875c509339d328f5ce5306f,regime_model_v2_full_right_censored_refit,4fc1a02dce9ac2311dabaeb4623a559d37286dfe58baffef53828cc7415a3425,not_applicable,not_applicable,not_applicable,not_applicable,not_applicable,not_applicable,True,False,disabled,False,False,False,False,False,False,False
MODEL_FULL_REFIT,2,58,2.2447542826e-05,143cc35bbab621d585cb9bf2,91996a9cf747a614ff6d9e08eaafc3583a58b91c,7c23ba6c613d79731d3e3f1f37122ff5f97e6e6845274121313ccb1ba1459e88,67417cf1fd1267cb4a945de8dff854916bd4d5bbde0c55f5d6545b1c4b6881e3,801c0bf9d69ecdd58b21fb2ba4392137048b466668344ebfc4c8faf6a0d3e2f1,177788fe59872f782f56492a52f86c3b5177023ac875c509339d328f5ce5306f,regime_model_v2_full_right_censored_refit,4fc1a02dce9ac2311dabaeb4623a559d37286dfe58baffef53828cc7415a3425,not_applicable,not_applicable,not_applicable,not_applicable,not_applicable,not_applicable,True,False,disabled,False,False,False,False,False,False,False
MODEL_FULL_REFIT,2,59,2.2221623974e-05,143cc35bbab621d585cb9bf2,91996a9cf747a614ff6d9e08eaafc3583a58b91c,7c23ba6c613d79731d3e3f1f37122ff5f97e6e6845274121313ccb1ba1459e88,67417cf1fd1267cb4a945de8dff854916bd4d5bbde0c55f5d6545b1c4b6881e3,801c0bf9d69ecdd58b21fb2ba4392137048b466668344ebfc4c8faf6a0d3e2f1,177788fe59872f782f56492a52f86c3b5177023ac875c509339d328f5ce5306f,regime_model_v2_full_right_censored_refit,4fc1a02dce9ac2311dabaeb4623a559d37286dfe58baffef53828cc7415a3425,not_applicable,not_applicable,not_applicable,not_applicable,not_applicable,not_applicable,True,False,disabled,False,False,False,False,False,False,False
MODEL_FULL_REFIT,2,60,2.17313297602e-05,143cc35bbab621d585cb9bf2,91996a9cf747a614ff6d9e08eaafc3583a58b91c,7c23ba6c613d79731d3e3f1f37122ff5f97e6e6845274121313ccb1ba1459e88,67417cf1fd1267cb4a945de8dff854916bd4d5bbde0c55f5d6545b1c4b6881e3,801c0bf9d69ecdd58b21fb2ba4392137048b466668344ebfc4c8faf6a0d3e2f1,177788fe59872f782f56492a52f86c3b5177023ac875c509339d328f5ce5306f,regime_model_v2_full_right_censored_refit,4fc1a02dce9ac2311dabaeb4623a559d37286dfe58baffef53828cc7415a3425,not_applicable,not_applicable,not_applicable,not_applicable,not_applicable,not_applicable,True,False,disabled,False,False,False,False,False,False,False
MODEL_FULL_REFIT,2,61,2.13690029016e-05,143cc35bbab621d585cb9bf2,91996a9cf747a614ff6d9e08eaafc3583a58b91c,7c23ba6c613d79731d3e3f1f37122ff5f97e6e6845274121313ccb1ba1459e88,67417cf1fd1267cb4a945de8dff854916bd4d5bbde0c55f5d6545b1c4b6881e3,801c0bf9d69ecdd58b21fb2ba4392137048b466668344ebfc4c8faf6a0d3e2f1,177788fe59872f782f56492a52f86c3b5177023ac875c509339d328f5ce5306f,regime_model_v2_full_right_censored_refit,4fc1a02dce9ac2311dabaeb4623a559d37286dfe58baffef53828cc7415a3425,not_applicable,not_applicable,not_applicable,not_applicable,not_applicable,not_applicable,True,False,disabled,False,False,False,False,False,False,False
MODEL_FULL_REFIT,2,62,2.11351100823e-05,143cc35bbab621d585cb9bf2,91996a9cf747a614ff6d9e08eaafc3583a58b91c,7c23ba6c613d79731d3e3f1f37122ff5f97e6e6845274121313ccb1ba1459e88,67417cf1fd1267cb4a945de8dff854916bd4d5bbde0c55f5d6545b1c4b6881e3,801c0bf9d69ecdd58b21fb2ba4392137048b466668344ebfc4c8faf6a0d3e2f1,177788fe59872f782f56492a52f86c3b5177023ac875c509339d328f5ce5306f,regime_model_v2_full_right_censored_refit,4fc1a02dce9ac2311dabaeb4623a559d37286dfe58baffef53828cc7415a3425,not_applicable,not_applicable,not_applicable,not_applicable,not_applicable,not_applicable,True,False,disabled,False,False,False,False,False,False,False
MODEL_FULL_REFIT,2,63,2.0762389865e-05,143cc35bbab621d585cb9bf2,91996a9cf747a614ff6d9e08eaafc3583a58b91c,7c23ba6c613d79731d3e3f1f37122ff5f97e6e6845274121313ccb1ba1459e88,67417cf1fd1267cb4a945de8dff854916bd4d5bbde0c55f5d6545b1c4b6881e3,801c0bf9d69ecdd58b21fb2ba4392137048b466668344ebfc4c8faf6a0d3e2f1,177788fe59872f782f56492a52f86c3b5177023ac875c509339d328f5ce5306f,regime_model_v2_full_right_censored_refit,4fc1a02dce9ac2311dabaeb4623a559d37286dfe58baffef53828cc7415a3425,not_applicable,not_applicable,not_applicable,not_applicable,not_applicable,not_applicable,True,False,disabled,False,False,False,False,False,False,False
MODEL_FULL_REFIT,2,64,2.03790377435e-05,143cc35bbab621d585cb9bf2,91996a9cf747a614ff6d9e08eaafc3583a58b91c,7c23ba6c613d79731d3e3f1f37122ff5f97e6e6845274121313ccb1ba1459e88,67417cf1fd1267cb4a945de8dff854916bd4d5bbde0c55f5d6545b1c4b6881e3,801c0bf9d69ecdd58b21fb2ba4392137048b466668344ebfc4c8faf6a0d3e2f1,177788fe59872f782f56492a52f86c3b5177023ac875c509339d328f5ce5306f,regime_model_v2_full_right_censored_refit,4fc1a02dce9ac2311dabaeb4623a559d37286dfe58baffef53828cc7415a3425,not_applicable,not_applicable,not_applicable,not_applicable,not_applicable,not_applicable,True,False,disabled,False,False,False,False,False,False,False
MODEL_FULL_REFIT,2,65,2.01259052632e-05,143cc35bbab621d585cb9bf2,91996a9cf747a614ff6d9e08eaafc3583a58b91c,7c23ba6c613d79731d3e3f1f37122ff5f97e6e6845274121313ccb1ba1459e88,67417cf1fd1267cb4a945de8dff854916bd4d5bbde0c55f5d6545b1c4b6881e3,801c0bf9d69ecdd58b21fb2ba4392137048b466668344ebfc4c8faf6a0d3e2f1,177788fe59872f782f56492a52f86c3b5177023ac875c509339d328f5ce5306f,regime_model_v2_full_right_censored_refit,4fc1a02dce9ac2311dabaeb4623a559d37286dfe58baffef53828cc7415a3425,not_applicable,not_applicable,not_applicable,not_applicable,not_applicable,not_applicable,True,False,disabled,False,False,False,False,False,False,False
MODEL_FULL_REFIT,2,66,1.97217503586e-05,143cc35bbab621d585cb9bf2,91996a9cf747a614ff6d9e08eaafc3583a58b91c,7c23ba6c613d79731d3e3f1f37122ff5f97e6e6845274121313ccb1ba1459e88,67417cf1fd1267cb4a945de8dff854916bd4d5bbde0c55f5d6545b1c4b6881e3,801c0bf9d69ecdd58b21fb2ba4392137048b466668344ebfc4c8faf6a0d3e2f1,177788fe59872f782f56492a52f86c3b5177023ac875c509339d328f5ce5306f,regime_model_v2_full_right_censored_refit,4fc1a02dce9ac2311dabaeb4623a559d37286dfe58baffef53828cc7415a3425,not_applicable,not_applicable,not_applicable,not_applicable,not_applicable,not_applicable,True,False,disabled,False,False,False,False,False,False,False
MODEL_FULL_REFIT,2,67,1.94580712787e-05,143cc35bbab621d585cb9bf2,91996a9cf747a614ff6d9e08eaafc3583a58b91c,7c23ba6c613d79731d3e3f1f37122ff5f97e6e6845274121313ccb1ba1459e88,67417cf1fd1267cb4a945de8dff854916bd4d5bbde0c55f5d6545b1c4b6881e3,801c0bf9d69ecdd58b21fb2ba4392137048b466668344ebfc4c8faf6a0d3e2f1,177788fe59872f782f56492a52f86c3b5177023ac875c509339d328f5ce5306f,regime_model_v2_full_right_censored_refit,4fc1a02dce9ac2311dabaeb4623a559d37286dfe58baffef53828cc7415a3425,not_applicable,not_applicable,not_applicable,not_applicable,not_applicable,not_applicable,True,False,disabled,False,False,False,False,False,False,False
MODEL_FULL_REFIT,2,68,1.93410351645e-05,143cc35bbab621d585cb9bf2,91996a9cf747a614ff6d9e08eaafc3583a58b91c,7c23ba6c613d79731d3e3f1f37122ff5f97e6e6845274121313ccb1ba1459e88,67417cf1fd1267cb4a945de8dff854916bd4d5bbde0c55f5d6545b1c4b6881e3,801c0bf9d69ecdd58b21fb2ba4392137048b466668344ebfc4c8faf6a0d3e2f1,177788fe59872f782f56492a52f86c3b5177023ac875c509339d328f5ce5306f,regime_model_v2_full_right_censored_refit,4fc1a02dce9ac2311dabaeb4623a559d37286dfe58baffef53828cc7415a3425,not_applicable,not_applicable,not_applicable,not_applicable,not_applicable,not_applicable,True,False,disabled,False,False,False,False,False,False,False
MODEL_FULL_REFIT,2,69,1.9221835806e-05,143cc35bbab621d585cb9bf2,91996a9cf747a614ff6d9e08eaafc3583a58b91c,7c23ba6c613d79731d3e3f1f37122ff5f97e6e6845274121313ccb1ba1459e88,67417cf1fd1267cb4a945de8dff854916bd4d5bbde0c55f5d6545b1c4b6881e3,801c0bf9d69ecdd58b21fb2ba4392137048b466668344ebfc4c8faf6a0d3e2f1,177788fe59872f782f56492a52f86c3b5177023ac875c509339d328f5ce5306f,regime_model_v2_full_right_censored_refit,4fc1a02dce9ac2311dabaeb4623a559d37286dfe58baffef53828cc7415a3425,not_applicable,not_applicable,not_applicable,not_applicable,not_applicable,not_applicable,True,False,disabled,False,False,False,False,False,False,False
MODEL_FULL_REFIT,2,70,1.90993458531e-05,143cc35bbab621d585cb9bf2,91996a9cf747a614ff6d9e08eaafc3583a58b91c,7c23ba6c613d79731d3e3f1f37122ff5f97e6e6845274121313ccb1ba1459e88,67417cf1fd1267cb4a945de8dff854916bd4d5bbde0c55f5d6545b1c4b6881e3,801c0bf9d69ecdd58b21fb2ba4392137048b466668344ebfc4c8faf6a0d3e2f1,177788fe59872f782f56492a52f86c3b5177023ac875c509339d328f5ce5306f,regime_model_v2_full_right_censored_refit,4fc1a02dce9ac2311dabaeb4623a559d37286dfe58baffef53828cc7415a3425,not_applicable,not_applicable,not_applicable,not_applicable,not_applicable,not_applicable,True,False,disabled,False,False,False,False,False,False,False
MODEL_FULL_REFIT,2,71,1.8972237938e-05,143cc35bbab621d585cb9bf2,91996a9cf747a614ff6d9e08eaafc3583a58b91c,7c23ba6c613d79731d3e3f1f37122ff5f97e6e6845274121313ccb1ba1459e88,67417cf1fd1267cb4a945de8dff854916bd4d5bbde0c55f5d6545b1c4b6881e3,801c0bf9d69ecdd58b21fb2ba4392137048b466668344ebfc4c8faf6a0d3e2f1,177788fe59872f782f56492a52f86c3b5177023ac875c509339d328f5ce5306f,regime_model_v2_full_right_censored_refit,4fc1a02dce9ac2311dabaeb4623a559d37286dfe58baffef53828cc7415a3425,not_applicable,not_applicable,not_applicable,not_applicable,not_applicable,not_applicable,True,False,disabled,False,False,False,False,False,False,False
MODEL_FULL_REFIT,2,72,1.88425238604e-05,143cc35bbab621d585cb9bf2,91996a9cf747a614ff6d9e08eaafc3583a58b91c,7c23ba6c613d79731d3e3f1f37122ff5f97e6e6845274121313ccb1ba1459e88,67417cf1fd1267cb4a945de8dff854916bd4d5bbde0c55f5d6545b1c4b6881e3,801c0bf9d69ecdd58b21fb2ba4392137048b466668344ebfc4c8faf6a0d3e2f1,177788fe59872f782f56492a52f86c3b5177023ac875c509339d328f5ce5306f,regime_model_v2_full_right_censored_refit,4fc1a02dce9ac2311dabaeb4623a559d37286dfe58baffef53828cc7415a3425,not_applicable,not_applicable,not_applicable,not_applicable,not_applicable,not_applicable,True,False,disabled,False,False,False,False,False,False,False
MODEL_FULL_REFIT,2,73,1.8704918394e-05,143cc35bbab621d585cb9bf2,91996a9cf747a614ff6d9e08eaafc3583a58b91c,7c23ba6c613d79731d3e3f1f37122ff5f97e6e6845274121313ccb1ba1459e88,67417cf1fd1267cb4a945de8dff854916bd4d5bbde0c55f5d6545b1c4b6881e3,801c0bf9d69ecdd58b21fb2ba4392137048b466668344ebfc4c8faf6a0d3e2f1,177788fe59872f782f56492a52f86c3b5177023ac875c509339d328f5ce5306f,regime_model_v2_full_right_censored_refit,4fc1a02dce9ac2311dabaeb4623a559d37286dfe58baffef53828cc7415a3425,not_applicable,not_applicable,not_applicable,not_applicable,not_applicable,not_applicable,True,False,disabled,False,False,False,False,False,False,False
MODEL_FULL_REFIT,2,74,1.85669751099e-05,143cc35bbab621d585cb9bf2,91996a9cf747a614ff6d9e08eaafc3583a58b91c,7c23ba6c613d79731d3e3f1f37122ff5f97e6e6845274121313ccb1ba1459e88,67417cf1fd1267cb4a945de8dff854916bd4d5bbde0c55f5d6545b1c4b6881e3,801c0bf9d69ecdd58b21fb2ba4392137048b466668344ebfc4c8faf6a0d3e2f1,177788fe59872f782f56492a52f86c3b5177023ac875c509339d328f5ce5306f,regime_model_v2_full_right_censored_refit,4fc1a02dce9ac2311dabaeb4623a559d37286dfe58baffef53828cc7415a3425,not_applicable,not_applicable,not_applicable,not_applicable,not_applicable,not_applicable,True,False,disabled,False,False,False,False,False,False,False
MODEL_FULL_REFIT,2,75,1.84273032876e-05,143cc35bbab621d585cb9bf2,91996a9cf747a614ff6d9e08eaafc3583a58b91c,7c23ba6c613d79731d3e3f1f37122ff5f97e6e6845274121313ccb1ba1459e88,67417cf1fd1267cb4a945de8dff854916bd4d5bbde0c55f5d6545b1c4b6881e3,801c0bf9d69ecdd58b21fb2ba4392137048b466668344ebfc4c8faf6a0d3e2f1,177788fe59872f782f56492a52f86c3b5177023ac875c509339d328f5ce5306f,regime_model_v2_full_right_censored_refit,4fc1a02dce9ac2311dabaeb4623a559d37286dfe58baffef53828cc7415a3425,not_applicable,not_applicable,not_applicable,not_applicable,not_applicable,not_applicable,True,False,disabled,False,False,False,False,False,False,False
MODEL_FULL_REFIT,2,76,1.82828903555e-05,143cc35bbab621d585cb9bf2,91996a9cf747a614ff6d9e08eaafc3583a58b91c,7c23ba6c613d79731d3e3f1f37122ff5f97e6e6845274121313ccb1ba1459e88,67417cf1fd1267cb4a945de8dff854916bd4d5bbde0c55f5d6545b1c4b6881e3,801c0bf9d69ecdd58b21fb2ba4392137048b466668344ebfc4c8faf6a0d3e2f1,177788fe59872f782f56492a52f86c3b5177023ac875c509339d328f5ce5306f,regime_model_v2_full_right_censored_refit,4fc1a02dce9ac2311dabaeb4623a559d37286dfe58baffef53828cc7415a3425,not_applicable,not_applicable,not_applicable,not_applicable,not_applicable,not_applicable,True,False,disabled,False,False,False,False,False,False,False
MODEL_FULL_REFIT,2,77,1.81283069346e-05,143cc35bbab621d585cb9bf2,91996a9cf747a614ff6d9e08eaafc3583a58b91c,7c23ba6c613d79731d3e3f1f37122ff5f97e6e6845274121313ccb1ba1459e88,67417cf1fd1267cb4a945de8dff854916bd4d5bbde0c55f5d6545b1c4b6881e3,801c0bf9d69ecdd58b21fb2ba4392137048b466668344ebfc4c8faf6a0d3e2f1,177788fe59872f782f56492a52f86c3b5177023ac875c509339d328f5ce5306f,regime_model_v2_full_right_censored_refit,4fc1a02dce9ac2311dabaeb4623a559d37286dfe58baffef53828cc7415a3425,not_applicable,not_applicable,not_applicable,not_applicable,not_applicable,not_applicable,True,False,disabled,False,False,False,False,False,False,False
MODEL_FULL_REFIT,2,78,1.797503053e-05,143cc35bbab621d585cb9bf2,91996a9cf747a614ff6d9e08eaafc3583a58b91c,7c23ba6c613d79731d3e3f1f37122ff5f97e6e6845274121313ccb1ba1459e88,67417cf1fd1267cb4a945de8dff854916bd4d5bbde0c55f5d6545b1c4b6881e3,801c0bf9d69ecdd58b21fb2ba4392137048b466668344ebfc4c8faf6a0d3e2f1,177788fe59872f782f56492a52f86c3b5177023ac875c509339d328f5ce5306f,regime_model_v2_full_right_censored_refit,4fc1a02dce9ac2311dabaeb4623a559d37286dfe58baffef53828cc7415a3425,not_applicable,not_applicable,not_applicable,not_applicable,not_applicable,not_applicable,True,False,disabled,False,False,False,False,False,False,False
MODEL_FULL_REFIT,3,1,0.732901735346,143cc35bbab621d585cb9bf2,91996a9cf747a614ff6d9e08eaafc3583a58b91c,7c23ba6c613d79731d3e3f1f37122ff5f97e6e6845274121313ccb1ba1459e88,67417cf1fd1267cb4a945de8dff854916bd4d5bbde0c55f5d6545b1c4b6881e3,801c0bf9d69ecdd58b21fb2ba4392137048b466668344ebfc4c8faf6a0d3e2f1,177788fe59872f782f56492a52f86c3b5177023ac875c509339d328f5ce5306f,regime_model_v2_full_right_censored_refit,4fc1a02dce9ac2311dabaeb4623a559d37286dfe58baffef53828cc7415a3425,not_applicable,not_applicable,not_applicable,not_applicable,not_applicable,not_applicable,True,False,disabled,False,False,False,False,False,False,False
MODEL_FULL_REFIT,3,2,0.63161368058,143cc35bbab621d585cb9bf2,91996a9cf747a614ff6d9e08eaafc3583a58b91c,7c23ba6c613d79731d3e3f1f37122ff5f97e6e6845274121313ccb1ba1459e88,67417cf1fd1267cb4a945de8dff854916bd4d5bbde0c55f5d6545b1c4b6881e3,801c0bf9d69ecdd58b21fb2ba4392137048b466668344ebfc4c8faf6a0d3e2f1,177788fe59872f782f56492a52f86c3b5177023ac875c509339d328f5ce5306f,regime_model_v2_full_right_censored_refit,4fc1a02dce9ac2311dabaeb4623a559d37286dfe58baffef53828cc7415a3425,not_applicable,not_applicable,not_applicable,not_applicable,not_applicable,not_applicable,True,False,disabled,False,False,False,False,False,False,False
MODEL_FULL_REFIT,3,3,0.49213879227,143cc35bbab621d585cb9bf2,91996a9cf747a614ff6d9e08eaafc3583a58b91c,7c23ba6c613d79731d3e3f1f37122ff5f97e6e6845274121313ccb1ba1459e88,67417cf1fd1267cb4a945de8dff854916bd4d5bbde0c55f5d6545b1c4b6881e3,801c0bf9d69ecdd58b21fb2ba4392137048b466668344ebfc4c8faf6a0d3e2f1,177788fe59872f782f56492a52f86c3b5177023ac875c509339d328f5ce5306f,regime_model_v2_full_right_censored_refit,4fc1a02dce9ac2311dabaeb4623a559d37286dfe58baffef53828cc7415a3425,not_applicable,not_applicable,not_applicable,not_applicable,not_applicable,not_applicable,True,False,disabled,False,False,False,False,False,False,False
MODEL_FULL_REFIT,3,4,0.373052866866,143cc35bbab621d585cb9bf2,91996a9cf747a614ff6d9e08eaafc3583a58b91c,7c23ba6c613d79731d3e3f1f37122ff5f97e6e6845274121313ccb1ba1459e88,67417cf1fd1267cb4a945de8dff854916bd4d5bbde0c55f5d6545b1c4b6881e3,801c0bf9d69ecdd58b21fb2ba4392137048b466668344ebfc4c8faf6a0d3e2f1,177788fe59872f782f56492a52f86c3b5177023ac875c509339d328f5ce5306f,regime_model_v2_full_right_censored_refit,4fc1a02dce9ac2311dabaeb4623a559d37286dfe58baffef53828cc7415a3425,not_applicable,not_applicable,not_applicable,not_applicable,not_applicable,not_applicable,True,False,disabled,False,False,False,False,False,False,False
MODEL_FULL_REFIT,3,5,0.282092085812,143cc35bbab621d585cb9bf2,91996a9cf747a614ff6d9e08eaafc3583a58b91c,7c23ba6c613d79731d3e3f1f37122ff5f97e6e6845274121313ccb1ba1459e88,67417cf1fd1267cb4a945de8dff854916bd4d5bbde0c55f5d6545b1c4b6881e3,801c0bf9d69ecdd58b21fb2ba4392137048b466668344ebfc4c8faf6a0d3e2f1,177788fe59872f782f56492a52f86c3b5177023ac875c509339d328f5ce5306f,regime_model_v2_full_right_censored_refit,4fc1a02dce9ac2311dabaeb4623a559d37286dfe58baffef53828cc7415a3425,not_applicable,not_applicable,not_applicable,not_applicable,not_applicable,not_applicable,True,False,disabled,False,False,False,False,False,False,False
MODEL_FULL_REFIT,3,6,0.213555628344,143cc35bbab621d585cb9bf2,91996a9cf747a614ff6d9e08eaafc3583a58b91c,7c23ba6c613d79731d3e3f1f37122ff5f97e6e6845274121313ccb1ba1459e88,67417cf1fd1267cb4a945de8dff854916bd4d5bbde0c55f5d6545b1c4b6881e3,801c0bf9d69ecdd58b21fb2ba4392137048b466668344ebfc4c8faf6a0d3e2f1,177788fe59872f782f56492a52f86c3b5177023ac875c509339d328f5ce5306f,regime_model_v2_full_right_censored_refit,4fc1a02dce9ac2311dabaeb4623a559d37286dfe58baffef53828cc7415a3425,not_applicable,not_applicable,not_applicable,not_applicable,not_applicable,not_applicable,True,False,disabled,False,False,False,False,False,False,False
MODEL_FULL_REFIT,3,7,0.162465022086,143cc35bbab621d585cb9bf2,91996a9cf747a614ff6d9e08eaafc3583a58b91c,7c23ba6c613d79731d3e3f1f37122ff5f97e6e6845274121313ccb1ba1459e88,67417cf1fd1267cb4a945de8dff854916bd4d5bbde0c55f5d6545b1c4b6881e3,801c0bf9d69ecdd58b21fb2ba4392137048b466668344ebfc4c8faf6a0d3e2f1,177788fe59872f782f56492a52f86c3b5177023ac875c509339d328f5ce5306f,regime_model_v2_full_right_censored_refit,4fc1a02dce9ac2311dabaeb4623a559d37286dfe58baffef53828cc7415a3425,not_applicable,not_applicable,not_applicable,not_applicable,not_applicable,not_applicable,True,False,disabled,False,False,False,False,False,False,False
MODEL_FULL_REFIT,3,8,0.12296459776,143cc35bbab621d585cb9bf2,91996a9cf747a614ff6d9e08eaafc3583a58b91c,7c23ba6c613d79731d3e3f1f37122ff5f97e6e6845274121313ccb1ba1459e88,67417cf1fd1267cb4a945de8dff854916bd4d5bbde0c55f5d6545b1c4b6881e3,801c0bf9d69ecdd58b21fb2ba4392137048b466668344ebfc4c8faf6a0d3e2f1,177788fe59872f782f56492a52f86c3b5177023ac875c509339d328f5ce5306f,regime_model_v2_full_right_censored_refit,4fc1a02dce9ac2311dabaeb4623a559d37286dfe58baffef53828cc7415a3425,not_applicable,not_applicable,not_applicable,not_applicable,not_applicable,not_applicable,True,False,disabled,False,False,False,False,False,False,False
MODEL_FULL_REFIT,3,9,0.0946715676504,143cc35bbab621d585cb9bf2,91996a9cf747a614ff6d9e08eaafc3583a58b91c,7c23ba6c613d79731d3e3f1f37122ff5f97e6e6845274121313ccb1ba1459e88,67417cf1fd1267cb4a945de8dff854916bd4d5bbde0c55f5d6545b1c4b6881e3,801c0bf9d69ecdd58b21fb2ba4392137048b466668344ebfc4c8faf6a0d3e2f1,177788fe59872f782f56492a52f86c3b5177023ac875c509339d328f5ce5306f,regime_model_v2_full_right_censored_refit,4fc1a02dce9ac2311dabaeb4623a559d37286dfe58baffef53828cc7415a3425,not_applicable,not_applicable,not_applicable,not_applicable,not_applicable,not_applicable,True,False,disabled,False,False,False,False,False,False,False
MODEL_FULL_REFIT,3,10,0.0720327145166,143cc35bbab621d585cb9bf2,91996a9cf747a614ff6d9e08eaafc3583a58b91c,7c23ba6c613d79731d3e3f1f37122ff5f97e6e6845274121313ccb1ba1459e88,67417cf1fd1267cb4a945de8dff854916bd4d5bbde0c55f5d6545b1c4b6881e3,801c0bf9d69ecdd58b21fb2ba4392137048b466668344ebfc4c8faf6a0d3e2f1,177788fe59872f782f56492a52f86c3b5177023ac875c509339d328f5ce5306f,regime_model_v2_full_right_censored_refit,4fc1a02dce9ac2311dabaeb4623a559d37286dfe58baffef53828cc7415a3425,not_applicable,not_applicable,not_applicable,not_applicable,not_applicable,not_applicable,True,False,disabled,False,False,False,False,False,False,False
MODEL_FULL_REFIT,3,11,0.0544393115948,143cc35bbab621d585cb9bf2,91996a9cf747a614ff6d9e08eaafc3583a58b91c,7c23ba6c613d79731d3e3f1f37122ff5f97e6e6845274121313ccb1ba1459e88,67417cf1fd1267cb4a945de8dff854916bd4d5bbde0c55f5d6545b1c4b6881e3,801c0bf9d69ecdd58b21fb2ba4392137048b466668344ebfc4c8faf6a0d3e2f1,177788fe59872f782f56492a52f86c3b5177023ac875c509339d328f5ce5306f,regime_model_v2_full_right_censored_refit,4fc1a02dce9ac2311dabaeb4623a559d37286dfe58baffef53828cc7415a3425,not_applicable,not_applicable,not_applicable,not_applicable,not_applicable,not_applicable,True,False,disabled,False,False,False,False,False,False,False
MODEL_FULL_REFIT,3,12,0.0421316035344,143cc35bbab621d585cb9bf2,91996a9cf747a614ff6d9e08eaafc3583a58b91c,7c23ba6c613d79731d3e3f1f37122ff5f97e6e6845274121313ccb1ba1459e88,67417cf1fd1267cb4a945de8dff854916bd4d5bbde0c55f5d6545b1c4b6881e3,801c0bf9d69ecdd58b21fb2ba4392137048b466668344ebfc4c8faf6a0d3e2f1,177788fe59872f782f56492a52f86c3b5177023ac875c509339d328f5ce5306f,regime_model_v2_full_right_censored_refit,4fc1a02dce9ac2311dabaeb4623a559d37286dfe58baffef53828cc7415a3425,not_applicable,not_applicable,not_applicable,not_applicable,not_applicable,not_applicable,True,False,disabled,False,False,False,False,False,False,False
MODEL_FULL_REFIT,3,13,0.0310073818994,143cc35bbab621d585cb9bf2,91996a9cf747a614ff6d9e08eaafc3583a58b91c,7c23ba6c613d79731d3e3f1f37122ff5f97e6e6845274121313ccb1ba1459e88,67417cf1fd1267cb4a945de8dff854916bd4d5bbde0c55f5d6545b1c4b6881e3,801c0bf9d69ecdd58b21fb2ba4392137048b466668344ebfc4c8faf6a0d3e2f1,177788fe59872f782f56492a52f86c3b5177023ac875c509339d328f5ce5306f,regime_model_v2_full_right_censored_refit,4fc1a02dce9ac2311dabaeb4623a559d37286dfe58baffef53828cc7415a3425,not_applicable,not_applicable,not_applicable,not_applicable,not_applicable,not_applicable,True,False,disabled,False,False,False,False,False,False,False
MODEL_FULL_REFIT,3,14,0.0246439266589,143cc35bbab621d585cb9bf2,91996a9cf747a614ff6d9e08eaafc3583a58b91c,7c23ba6c613d79731d3e3f1f37122ff5f97e6e6845274121313ccb1ba1459e88,67417cf1fd1267cb4a945de8dff854916bd4d5bbde0c55f5d6545b1c4b6881e3,801c0bf9d69ecdd58b21fb2ba4392137048b466668344ebfc4c8faf6a0d3e2f1,177788fe59872f782f56492a52f86c3b5177023ac875c509339d328f5ce5306f,regime_model_v2_full_right_censored_refit,4fc1a02dce9ac2311dabaeb4623a559d37286dfe58baffef53828cc7415a3425,not_applicable,not_applicable,not_applicable,not_applicable,not_applicable,not_applicable,True,False,disabled,False,False,False,False,False,False,False
MODEL_FULL_REFIT,3,15,0.0187438334686,143cc35bbab621d585cb9bf2,91996a9cf747a614ff6d9e08eaafc3583a58b91c,7c23ba6c613d79731d3e3f1f37122ff5f97e6e6845274121313ccb1ba1459e88,67417cf1fd1267cb4a945de8dff854916bd4d5bbde0c55f5d6545b1c4b6881e3,801c0bf9d69ecdd58b21fb2ba4392137048b466668344ebfc4c8faf6a0d3e2f1,177788fe59872f782f56492a52f86c3b5177023ac875c509339d328f5ce5306f,regime_model_v2_full_right_censored_refit,4fc1a02dce9ac2311dabaeb4623a559d37286dfe58baffef53828cc7415a3425,not_applicable,not_applicable,not_applicable,not_applicable,not_applicable,not_applicable,True,False,disabled,False,False,False,False,False,False,False
MODEL_FULL_REFIT,3,16,0.0145181031553,143cc35bbab621d585cb9bf2,91996a9cf747a614ff6d9e08eaafc3583a58b91c,7c23ba6c613d79731d3e3f1f37122ff5f97e6e6845274121313ccb1ba1459e88,67417cf1fd1267cb4a945de8dff854916bd4d5bbde0c55f5d6545b1c4b6881e3,801c0bf9d69ecdd58b21fb2ba4392137048b466668344ebfc4c8faf6a0d3e2f1,177788fe59872f782f56492a52f86c3b5177023ac875c509339d328f5ce5306f,regime_model_v2_full_right_censored_refit,4fc1a02dce9ac2311dabaeb4623a559d37286dfe58baffef53828cc7415a3425,not_applicable,not_applicable,not_applicable,not_applicable,not_applicable,not_applicable,True,False,disabled,False,False,False,False,False,False,False
MODEL_FULL_REFIT,3,17,0.0117425834345,143cc35bbab621d585cb9bf2,91996a9cf747a614ff6d9e08eaafc3583a58b91c,7c23ba6c613d79731d3e3f1f37122ff5f97e6e6845274121313ccb1ba1459e88,67417cf1fd1267cb4a945de8dff854916bd4d5bbde0c55f5d6545b1c4b6881e3,801c0bf9d69ecdd58b21fb2ba4392137048b466668344ebfc4c8faf6a0d3e2f1,177788fe59872f782f56492a52f86c3b5177023ac875c509339d328f5ce5306f,regime_model_v2_full_right_censored_refit,4fc1a02dce9ac2311dabaeb4623a559d37286dfe58baffef53828cc7415a3425,not_applicable,not_applicable,not_applicable,not_applicable,not_applicable,not_applicable,True,False,disabled,False,False,False,False,False,False,False
MODEL_FULL_REFIT,3,18,0.00906983123483,143cc35bbab621d585cb9bf2,91996a9cf747a614ff6d9e08eaafc3583a58b91c,7c23ba6c613d79731d3e3f1f37122ff5f97e6e6845274121313ccb1ba1459e88,67417cf1fd1267cb4a945de8dff854916bd4d5bbde0c55f5d6545b1c4b6881e3,801c0bf9d69ecdd58b21fb2ba4392137048b466668344ebfc4c8faf6a0d3e2f1,177788fe59872f782f56492a52f86c3b5177023ac875c509339d328f5ce5306f,regime_model_v2_full_right_censored_refit,4fc1a02dce9ac2311dabaeb4623a559d37286dfe58baffef53828cc7415a3425,not_applicable,not_applicable,not_applicable,not_applicable,not_applicable,not_applicable,True,False,disabled,False,False,False,False,False,False,False
MODEL_FULL_REFIT,3,19,0.00669012303955,143cc35bbab621d585cb9bf2,91996a9cf747a614ff6d9e08eaafc3583a58b91c,7c23ba6c613d79731d3e3f1f37122ff5f97e6e6845274121313ccb1ba1459e88,67417cf1fd1267cb4a945de8dff854916bd4d5bbde0c55f5d6545b1c4b6881e3,801c0bf9d69ecdd58b21fb2ba4392137048b466668344ebfc4c8faf6a0d3e2f1,177788fe59872f782f56492a52f86c3b5177023ac875c509339d328f5ce5306f,regime_model_v2_full_right_censored_refit,4fc1a02dce9ac2311dabaeb4623a559d37286dfe58baffef53828cc7415a3425,not_applicable,not_applicable,not_applicable,not_applicable,not_applicable,not_applicable,True,False,disabled,False,False,False,False,False,False,False
MODEL_FULL_REFIT,3,20,0.00545290850484,143cc35bbab621d585cb9bf2,91996a9cf747a614ff6d9e08eaafc3583a58b91c,7c23ba6c613d79731d3e3f1f37122ff5f97e6e6845274121313ccb1ba1459e88,67417cf1fd1267cb4a945de8dff854916bd4d5bbde0c55f5d6545b1c4b6881e3,801c0bf9d69ecdd58b21fb2ba4392137048b466668344ebfc4c8faf6a0d3e2f1,177788fe59872f782f56492a52f86c3b5177023ac875c509339d328f5ce5306f,regime_model_v2_full_right_censored_refit,4fc1a02dce9ac2311dabaeb4623a559d37286dfe58baffef53828cc7415a3425,not_applicable,not_applicable,not_applicable,not_applicable,not_applicable,not_applicable,True,False,disabled,False,False,False,False,False,False,False
MODEL_FULL_REFIT,3,21,0.00439005345729,143cc35bbab621d585cb9bf2,91996a9cf747a614ff6d9e08eaafc3583a58b91c,7c23ba6c613d79731d3e3f1f37122ff5f97e6e6845274121313ccb1ba1459e88,67417cf1fd1267cb4a945de8dff854916bd4d5bbde0c55f5d6545b1c4b6881e3,801c0bf9d69ecdd58b21fb2ba4392137048b466668344ebfc4c8faf6a0d3e2f1,177788fe59872f782f56492a52f86c3b5177023ac875c509339d328f5ce5306f,regime_model_v2_full_right_censored_refit,4fc1a02dce9ac2311dabaeb4623a559d37286dfe58baffef53828cc7415a3425,not_applicable,not_applicable,not_applicable,not_applicable,not_applicable,not_applicable,True,False,disabled,False,False,False,False,False,False,False
MODEL_FULL_REFIT,3,22,0.00350270222656,143cc35bbab621d585cb9bf2,91996a9cf747a614ff6d9e08eaafc3583a58b91c,7c23ba6c613d79731d3e3f1f37122ff5f97e6e6845274121313ccb1ba1459e88,67417cf1fd1267cb4a945de8dff854916bd4d5bbde0c55f5d6545b1c4b6881e3,801c0bf9d69ecdd58b21fb2ba4392137048b466668344ebfc4c8faf6a0d3e2f1,177788fe59872f782f56492a52f86c3b5177023ac875c509339d328f5ce5306f,regime_model_v2_full_right_censored_refit,4fc1a02dce9ac2311dabaeb4623a559d37286dfe58baffef53828cc7415a3425,not_applicable,not_applicable,not_applicable,not_applicable,not_applicable,not_applicable,True,False,disabled,False,False,False,False,False,False,False
MODEL_FULL_REFIT,3,23,0.00285220038448,143cc35bbab621d585cb9bf2,91996a9cf747a614ff6d9e08eaafc3583a58b91c,7c23ba6c613d79731d3e3f1f37122ff5f97e6e6845274121313ccb1ba1459e88,67417cf1fd1267cb4a945de8dff854916bd4d5bbde0c55f5d6545b1c4b6881e3,801c0bf9d69ecdd58b21fb2ba4392137048b466668344ebfc4c8faf6a0d3e2f1,177788fe59872f782f56492a52f86c3b5177023ac875c509339d328f5ce5306f,regime_model_v2_full_right_censored_refit,4fc1a02dce9ac2311dabaeb4623a559d37286dfe58baffef53828cc7415a3425,not_applicable,not_applicable,not_applicable,not_applicable,not_applicable,not_applicable,True,False,disabled,False,False,False,False,False,False,False
MODEL_FULL_REFIT,3,24,0.00221291409141,143cc35bbab621d585cb9bf2,91996a9cf747a614ff6d9e08eaafc3583a58b91c,7c23ba6c613d79731d3e3f1f37122ff5f97e6e6845274121313ccb1ba1459e88,67417cf1fd1267cb4a945de8dff854916bd4d5bbde0c55f5d6545b1c4b6881e3,801c0bf9d69ecdd58b21fb2ba4392137048b466668344ebfc4c8faf6a0d3e2f1,177788fe59872f782f56492a52f86c3b5177023ac875c509339d328f5ce5306f,regime_model_v2_full_right_censored_refit,4fc1a02dce9ac2311dabaeb4623a559d37286dfe58baffef53828cc7415a3425,not_applicable,not_applicable,not_applicable,not_applicable,not_applicable,not_applicable,True,False,disabled,False,False,False,False,False,False,False
MODEL_FULL_REFIT,3,25,0.00206203358518,143cc35bbab621d585cb9bf2,91996a9cf747a614ff6d9e08eaafc3583a58b91c,7c23ba6c613d79731d3e3f1f37122ff5f97e6e6845274121313ccb1ba1459e88,67417cf1fd1267cb4a945de8dff854916bd4d5bbde0c55f5d6545b1c4b6881e3,801c0bf9d69ecdd58b21fb2ba4392137048b466668344ebfc4c8faf6a0d3e2f1,177788fe59872f782f56492a52f86c3b5177023ac875c509339d328f5ce5306f,regime_model_v2_full_right_censored_refit,4fc1a02dce9ac2311dabaeb4623a559d37286dfe58baffef53828cc7415a3425,not_applicable,not_applicable,not_applicable,not_applicable,not_applicable,not_applicable,True,False,disabled,False,False,False,False,False,False,False
MODEL_FULL_REFIT,3,26,0.00152197717001,143cc35bbab621d585cb9bf2,91996a9cf747a614ff6d9e08eaafc3583a58b91c,7c23ba6c613d79731d3e3f1f37122ff5f97e6e6845274121313ccb1ba1459e88,67417cf1fd1267cb4a945de8dff854916bd4d5bbde0c55f5d6545b1c4b6881e3,801c0bf9d69ecdd58b21fb2ba4392137048b466668344ebfc4c8faf6a0d3e2f1,177788fe59872f782f56492a52f86c3b5177023ac875c509339d328f5ce5306f,regime_model_v2_full_right_censored_refit,4fc1a02dce9ac2311dabaeb4623a559d37286dfe58baffef53828cc7415a3425,not_applicable,not_applicable,not_applicable,not_applicable,not_applicable,not_applicable,True,False,disabled,False,False,False,False,False,False,False
MODEL_FULL_REFIT,3,27,0.00116684916368,143cc35bbab621d585cb9bf2,91996a9cf747a614ff6d9e08eaafc3583a58b91c,7c23ba6c613d79731d3e3f1f37122ff5f97e6e6845274121313ccb1ba1459e88,67417cf1fd1267cb4a945de8dff854916bd4d5bbde0c55f5d6545b1c4b6881e3,801c0bf9d69ecdd58b21fb2ba4392137048b466668344ebfc4c8faf6a0d3e2f1,177788fe59872f782f56492a52f86c3b5177023ac875c509339d328f5ce5306f,regime_model_v2_full_right_censored_refit,4fc1a02dce9ac2311dabaeb4623a559d37286dfe58baffef53828cc7415a3425,not_applicable,not_applicable,not_applicable,not_applicable,not_applicable,not_applicable,True,False,disabled,False,False,False,False,False,False,False
MODEL_FULL_REFIT,3,28,0.000632043296991,143cc35bbab621d585cb9bf2,91996a9cf747a614ff6d9e08eaafc3583a58b91c,7c23ba6c613d79731d3e3f1f37122ff5f97e6e6845274121313ccb1ba1459e88,67417cf1fd1267cb4a945de8dff854916bd4d5bbde0c55f5d6545b1c4b6881e3,801c0bf9d69ecdd58b21fb2ba4392137048b466668344ebfc4c8faf6a0d3e2f1,177788fe59872f782f56492a52f86c3b5177023ac875c509339d328f5ce5306f,regime_model_v2_full_right_censored_refit,4fc1a02dce9ac2311dabaeb4623a559d37286dfe58baffef53828cc7415a3425,not_applicable,not_applicable,not_applicable,not_applicable,not_applicable,not_applicable,True,False,disabled,False,False,False,False,False,False,False
MODEL_FULL_REFIT,3,29,0.000316021648496,143cc35bbab621d585cb9bf2,91996a9cf747a614ff6d9e08eaafc3583a58b91c,7c23ba6c613d79731d3e3f1f37122ff5f97e6e6845274121313ccb1ba1459e88,67417cf1fd1267cb4a945de8dff854916bd4d5bbde0c55f5d6545b1c4b6881e3,801c0bf9d69ecdd58b21fb2ba4392137048b466668344ebfc4c8faf6a0d3e2f1,177788fe59872f782f56492a52f86c3b5177023ac875c509339d328f5ce5306f,regime_model_v2_full_right_censored_refit,4fc1a02dce9ac2311dabaeb4623a559d37286dfe58baffef53828cc7415a3425,not_applicable,not_applicable,not_applicable,not_applicable,not_applicable,not_applicable,True,False,disabled,False,False,False,False,False,False,False
MODEL_FULL_REFIT,3,30,0.000237788854643,143cc35bbab621d585cb9bf2,91996a9cf747a614ff6d9e08eaafc3583a58b91c,7c23ba6c613d79731d3e3f1f37122ff5f97e6e6845274121313ccb1ba1459e88,67417cf1fd1267cb4a945de8dff854916bd4d5bbde0c55f5d6545b1c4b6881e3,801c0bf9d69ecdd58b21fb2ba4392137048b466668344ebfc4c8faf6a0d3e2f1,177788fe59872f782f56492a52f86c3b5177023ac875c509339d328f5ce5306f,regime_model_v2_full_right_censored_refit,4fc1a02dce9ac2311dabaeb4623a559d37286dfe58baffef53828cc7415a3425,not_applicable,not_applicable,not_applicable,not_applicable,not_applicable,not_applicable,True,False,disabled,False,False,False,False,False,False,False
MODEL_FULL_REFIT,3,31,0.000182138283438,143cc35bbab621d585cb9bf2,91996a9cf747a614ff6d9e08eaafc3583a58b91c,7c23ba6c613d79731d3e3f1f37122ff5f97e6e6845274121313ccb1ba1459e88,67417cf1fd1267cb4a945de8dff854916bd4d5bbde0c55f5d6545b1c4b6881e3,801c0bf9d69ecdd58b21fb2ba4392137048b466668344ebfc4c8faf6a0d3e2f1,177788fe59872f782f56492a52f86c3b5177023ac875c509339d328f5ce5306f,regime_model_v2_full_right_censored_refit,4fc1a02dce9ac2311dabaeb4623a559d37286dfe58baffef53828cc7415a3425,not_applicable,not_applicable,not_applicable,not_applicable,not_applicable,not_applicable,True,False,disabled,False,False,False,False,False,False,False
MODEL_FULL_REFIT,3,32,0.000167874014149,143cc35bbab621d585cb9bf2,91996a9cf747a614ff6d9e08eaafc3583a58b91c,7c23ba6c613d79731d3e3f1f37122ff5f97e6e6845274121313ccb1ba1459e88,67417cf1fd1267cb4a945de8dff854916bd4d5bbde0c55f5d6545b1c4b6881e3,801c0bf9d69ecdd58b21fb2ba4392137048b466668344ebfc4c8faf6a0d3e2f1,177788fe59872f782f56492a52f86c3b5177023ac875c509339d328f5ce5306f,regime_model_v2_full_right_censored_refit,4fc1a02dce9ac2311dabaeb4623a559d37286dfe58baffef53828cc7415a3425,not_applicable,not_applicable,not_applicable,not_applicable,not_applicable,not_applicable,True,False,disabled,False,False,False,False,False,False,False
MODEL_FULL_REFIT,3,33,0.000154212407073,143cc35bbab621d585cb9bf2,91996a9cf747a614ff6d9e08eaafc3583a58b91c,7c23ba6c613d79731d3e3f1f37122ff5f97e6e6845274121313ccb1ba1459e88,67417cf1fd1267cb4a945de8dff854916bd4d5bbde0c55f5d6545b1c4b6881e3,801c0bf9d69ecdd58b21fb2ba4392137048b466668344ebfc4c8faf6a0d3e2f1,177788fe59872f782f56492a52f86c3b5177023ac875c509339d328f5ce5306f,regime_model_v2_full_right_censored_refit,4fc1a02dce9ac2311dabaeb4623a559d37286dfe58baffef53828cc7415a3425,not_applicable,not_applicable,not_applicable,not_applicable,not_applicable,not_applicable,True,False,disabled,False,False,False,False,False,False,False
MODEL_FULL_REFIT,3,34,0.000141695929459,143cc35bbab621d585cb9bf2,91996a9cf747a614ff6d9e08eaafc3583a58b91c,7c23ba6c613d79731d3e3f1f37122ff5f97e6e6845274121313ccb1ba1459e88,67417cf1fd1267cb4a945de8dff854916bd4d5bbde0c55f5d6545b1c4b6881e3,801c0bf9d69ecdd58b21fb2ba4392137048b466668344ebfc4c8faf6a0d3e2f1,177788fe59872f782f56492a52f86c3b5177023ac875c509339d328f5ce5306f,regime_model_v2_full_right_censored_refit,4fc1a02dce9ac2311dabaeb4623a559d37286dfe58baffef53828cc7415a3425,not_applicable,not_applicable,not_applicable,not_applicable,not_applicable,not_applicable,True,False,disabled,False,False,False,False,False,False,False
MODEL_FULL_REFIT,3,35,0.000128084907639,143cc35bbab621d585cb9bf2,91996a9cf747a614ff6d9e08eaafc3583a58b91c,7c23ba6c613d79731d3e3f1f37122ff5f97e6e6845274121313ccb1ba1459e88,67417cf1fd1267cb4a945de8dff854916bd4d5bbde0c55f5d6545b1c4b6881e3,801c0bf9d69ecdd58b21fb2ba4392137048b466668344ebfc4c8faf6a0d3e2f1,177788fe59872f782f56492a52f86c3b5177023ac875c509339d328f5ce5306f,regime_model_v2_full_right_censored_refit,4fc1a02dce9ac2311dabaeb4623a559d37286dfe58baffef53828cc7415a3425,not_applicable,not_applicable,not_applicable,not_applicable,not_applicable,not_applicable,True,False,disabled,False,False,False,False,False,False,False
MODEL_FULL_REFIT,3,36,0.000105293707646,143cc35bbab621d585cb9bf2,91996a9cf747a614ff6d9e08eaafc3583a58b91c,7c23ba6c613d79731d3e3f1f37122ff5f97e6e6845274121313ccb1ba1459e88,67417cf1fd1267cb4a945de8dff854916bd4d5bbde0c55f5d6545b1c4b6881e3,801c0bf9d69ecdd58b21fb2ba4392137048b466668344ebfc4c8faf6a0d3e2f1,177788fe59872f782f56492a52f86c3b5177023ac875c509339d328f5ce5306f,regime_model_v2_full_right_censored_refit,4fc1a02dce9ac2311dabaeb4623a559d37286dfe58baffef53828cc7415a3425,not_applicable,not_applicable,not_applicable,not_applicable,not_applicable,not_applicable,True,False,disabled,False,False,False,False,False,False,False
MODEL_FULL_REFIT,3,37,0.000101942293442,143cc35bbab621d585cb9bf2,91996a9cf747a614ff6d9e08eaafc3583a58b91c,7c23ba6c613d79731d3e3f1f37122ff5f97e6e6845274121313ccb1ba1459e88,67417cf1fd1267cb4a945de8dff854916bd4d5bbde0c55f5d6545b1c4b6881e3,801c0bf9d69ecdd58b21fb2ba4392137048b466668344ebfc4c8faf6a0d3e2f1,177788fe59872f782f56492a52f86c3b5177023ac875c509339d328f5ce5306f,regime_model_v2_full_right_censored_refit,4fc1a02dce9ac2311dabaeb4623a559d37286dfe58baffef53828cc7415a3425,not_applicable,not_applicable,not_applicable,not_applicable,not_applicable,not_applicable,True,False,disabled,False,False,False,False,False,False,False
MODEL_FULL_REFIT,3,38,9.87951065257e-05,143cc35bbab621d585cb9bf2,91996a9cf747a614ff6d9e08eaafc3583a58b91c,7c23ba6c613d79731d3e3f1f37122ff5f97e6e6845274121313ccb1ba1459e88,67417cf1fd1267cb4a945de8dff854916bd4d5bbde0c55f5d6545b1c4b6881e3,801c0bf9d69ecdd58b21fb2ba4392137048b466668344ebfc4c8faf6a0d3e2f1,177788fe59872f782f56492a52f86c3b5177023ac875c509339d328f5ce5306f,regime_model_v2_full_right_censored_refit,4fc1a02dce9ac2311dabaeb4623a559d37286dfe58baffef53828cc7415a3425,not_applicable,not_applicable,not_applicable,not_applicable,not_applicable,not_applicable,True,False,disabled,False,False,False,False,False,False,False
MODEL_FULL_REFIT,3,39,9.66175435427e-05,143cc35bbab621d585cb9bf2,91996a9cf747a614ff6d9e08eaafc3583a58b91c,7c23ba6c613d79731d3e3f1f37122ff5f97e6e6845274121313ccb1ba1459e88,67417cf1fd1267cb4a945de8dff854916bd4d5bbde0c55f5d6545b1c4b6881e3,801c0bf9d69ecdd58b21fb2ba4392137048b466668344ebfc4c8faf6a0d3e2f1,177788fe59872f782f56492a52f86c3b5177023ac875c509339d328f5ce5306f,regime_model_v2_full_right_censored_refit,4fc1a02dce9ac2311dabaeb4623a559d37286dfe58baffef53828cc7415a3425,not_applicable,not_applicable,not_applicable,not_applicable,not_applicable,not_applicable,True,False,disabled,False,False,False,False,False,False,False
MODEL_FULL_REFIT,3,40,9.26649775738e-05,143cc35bbab621d585cb9bf2,91996a9cf747a614ff6d9e08eaafc3583a58b91c,7c23ba6c613d79731d3e3f1f37122ff5f97e6e6845274121313ccb1ba1459e88,67417cf1fd1267cb4a945de8dff854916bd4d5bbde0c55f5d6545b1c4b6881e3,801c0bf9d69ecdd58b21fb2ba4392137048b466668344ebfc4c8faf6a0d3e2f1,177788fe59872f782f56492a52f86c3b5177023ac875c509339d328f5ce5306f,regime_model_v2_full_right_censored_refit,4fc1a02dce9ac2311dabaeb4623a559d37286dfe58baffef53828cc7415a3425,not_applicable,not_applicable,not_applicable,not_applicable,not_applicable,not_applicable,True,False,disabled,False,False,False,False,False,False,False
MODEL_FULL_REFIT,3,41,8.8412529141e-05,143cc35bbab621d585cb9bf2,91996a9cf747a614ff6d9e08eaafc3583a58b91c,7c23ba6c613d79731d3e3f1f37122ff5f97e6e6845274121313ccb1ba1459e88,67417cf1fd1267cb4a945de8dff854916bd4d5bbde0c55f5d6545b1c4b6881e3,801c0bf9d69ecdd58b21fb2ba4392137048b466668344ebfc4c8faf6a0d3e2f1,177788fe59872f782f56492a52f86c3b5177023ac875c509339d328f5ce5306f,regime_model_v2_full_right_censored_refit,4fc1a02dce9ac2311dabaeb4623a559d37286dfe58baffef53828cc7415a3425,not_applicable,not_applicable,not_applicable,not_applicable,not_applicable,not_applicable,True,False,disabled,False,False,False,False,False,False,False
MODEL_FULL_REFIT,3,42,8.56655369429e-05,143cc35bbab621d585cb9bf2,91996a9cf747a614ff6d9e08eaafc3583a58b91c,7c23ba6c613d79731d3e3f1f37122ff5f97e6e6845274121313ccb1ba1459e88,67417cf1fd1267cb4a945de8dff854916bd4d5bbde0c55f5d6545b1c4b6881e3,801c0bf9d69ecdd58b21fb2ba4392137048b466668344ebfc4c8faf6a0d3e2f1,177788fe59872f782f56492a52f86c3b5177023ac875c509339d328f5ce5306f,regime_model_v2_full_right_censored_refit,4fc1a02dce9ac2311dabaeb4623a559d37286dfe58baffef53828cc7415a3425,not_applicable,not_applicable,not_applicable,not_applicable,not_applicable,not_applicable,True,False,disabled,False,False,False,False,False,False,False
MODEL_FULL_REFIT,3,43,8.31420745282e-05,143cc35bbab621d585cb9bf2,91996a9cf747a614ff6d9e08eaafc3583a58b91c,7c23ba6c613d79731d3e3f1f37122ff5f97e6e6845274121313ccb1ba1459e88,67417cf1fd1267cb4a945de8dff854916bd4d5bbde0c55f5d6545b1c4b6881e3,801c0bf9d69ecdd58b21fb2ba4392137048b466668344ebfc4c8faf6a0d3e2f1,177788fe59872f782f56492a52f86c3b5177023ac875c509339d328f5ce5306f,regime_model_v2_full_right_censored_refit,4fc1a02dce9ac2311dabaeb4623a559d37286dfe58baffef53828cc7415a3425,not_applicable,not_applicable,not_applicable,not_applicable,not_applicable,not_applicable,True,False,disabled,False,False,False,False,False,False,False
MODEL_FULL_REFIT,3,44,8.16432989989e-05,143cc35bbab621d585cb9bf2,91996a9cf747a614ff6d9e08eaafc3583a58b91c,7c23ba6c613d79731d3e3f1f37122ff5f97e6e6845274121313ccb1ba1459e88,67417cf1fd1267cb4a945de8dff854916bd4d5bbde0c55f5d6545b1c4b6881e3,801c0bf9d69ecdd58b21fb2ba4392137048b466668344ebfc4c8faf6a0d3e2f1,177788fe59872f782f56492a52f86c3b5177023ac875c509339d328f5ce5306f,regime_model_v2_full_right_censored_refit,4fc1a02dce9ac2311dabaeb4623a559d37286dfe58baffef53828cc7415a3425,not_applicable,not_applicable,not_applicable,not_applicable,not_applicable,not_applicable,True,False,disabled,False,False,False,False,False,False,False
MODEL_FULL_REFIT,3,45,7.98363143605e-05,143cc35bbab621d585cb9bf2,91996a9cf747a614ff6d9e08eaafc3583a58b91c,7c23ba6c613d79731d3e3f1f37122ff5f97e6e6845274121313ccb1ba1459e88,67417cf1fd1267cb4a945de8dff854916bd4d5bbde0c55f5d6545b1c4b6881e3,801c0bf9d69ecdd58b21fb2ba4392137048b466668344ebfc4c8faf6a0d3e2f1,177788fe59872f782f56492a52f86c3b5177023ac875c509339d328f5ce5306f,regime_model_v2_full_right_censored_refit,4fc1a02dce9ac2311dabaeb4623a559d37286dfe58baffef53828cc7415a3425,not_applicable,not_applicable,not_applicable,not_applicable,not_applicable,not_applicable,True,False,disabled,False,False,False,False,False,False,False
MODEL_FULL_REFIT,3,46,7.77172589603e-05,143cc35bbab621d585cb9bf2,91996a9cf747a614ff6d9e08eaafc3583a58b91c,7c23ba6c613d79731d3e3f1f37122ff5f97e6e6845274121313ccb1ba1459e88,67417cf1fd1267cb4a945de8dff854916bd4d5bbde0c55f5d6545b1c4b6881e3,801c0bf9d69ecdd58b21fb2ba4392137048b466668344ebfc4c8faf6a0d3e2f1,177788fe59872f782f56492a52f86c3b5177023ac875c509339d328f5ce5306f,regime_model_v2_full_right_censored_refit,4fc1a02dce9ac2311dabaeb4623a559d37286dfe58baffef53828cc7415a3425,not_applicable,not_applicable,not_applicable,not_applicable,not_applicable,not_applicable,True,False,disabled,False,False,False,False,False,False,False
MODEL_FULL_REFIT,3,47,7.58699766958e-05,143cc35bbab621d585cb9bf2,91996a9cf747a614ff6d9e08eaafc3583a58b91c,7c23ba6c613d79731d3e3f1f37122ff5f97e6e6845274121313ccb1ba1459e88,67417cf1fd1267cb4a945de8dff854916bd4d5bbde0c55f5d6545b1c4b6881e3,801c0bf9d69ecdd58b21fb2ba4392137048b466668344ebfc4c8faf6a0d3e2f1,177788fe59872f782f56492a52f86c3b5177023ac875c509339d328f5ce5306f,regime_model_v2_full_right_censored_refit,4fc1a02dce9ac2311dabaeb4623a559d37286dfe58baffef53828cc7415a3425,not_applicable,not_applicable,not_applicable,not_applicable,not_applicable,not_applicable,True,False,disabled,False,False,False,False,False,False,False
MODEL_FULL_REFIT,3,48,7.53904330052e-05,143cc35bbab621d585cb9bf2,91996a9cf747a614ff6d9e08eaafc3583a58b91c,7c23ba6c613d79731d3e3f1f37122ff5f97e6e6845274121313ccb1ba1459e88,67417cf1fd1267cb4a945de8dff854916bd4d5bbde0c55f5d6545b1c4b6881e3,801c0bf9d69ecdd58b21fb2ba4392137048b466668344ebfc4c8faf6a0d3e2f1,177788fe59872f782f56492a52f86c3b5177023ac875c509339d328f5ce5306f,regime_model_v2_full_right_censored_refit,4fc1a02dce9ac2311dabaeb4623a559d37286dfe58baffef53828cc7415a3425,not_applicable,not_applicable,not_applicable,not_applicable,not_applicable,not_applicable,True,False,disabled,False,False,False,False,False,False,False
MODEL_FULL_REFIT,3,49,7.32422479609e-05,143cc35bbab621d585cb9bf2,91996a9cf747a614ff6d9e08eaafc3583a58b91c,7c23ba6c613d79731d3e3f1f37122ff5f97e6e6845274121313ccb1ba1459e88,67417cf1fd1267cb4a945de8dff854916bd4d5bbde0c55f5d6545b1c4b6881e3,801c0bf9d69ecdd58b21fb2ba4392137048b466668344ebfc4c8faf6a0d3e2f1,177788fe59872f782f56492a52f86c3b5177023ac875c509339d328f5ce5306f,regime_model_v2_full_right_censored_refit,4fc1a02dce9ac2311dabaeb4623a559d37286dfe58baffef53828cc7415a3425,not_applicable,not_applicable,not_applicable,not_applicable,not_applicable,not_applicable,True,False,disabled,False,False,False,False,False,False,False
MODEL_FULL_REFIT,3,50,7.13623245895e-05,143cc35bbab621d585cb9bf2,91996a9cf747a614ff6d9e08eaafc3583a58b91c,7c23ba6c613d79731d3e3f1f37122ff5f97e6e6845274121313ccb1ba1459e88,67417cf1fd1267cb4a945de8dff854916bd4d5bbde0c55f5d6545b1c4b6881e3,801c0bf9d69ecdd58b21fb2ba4392137048b466668344ebfc4c8faf6a0d3e2f1,177788fe59872f782f56492a52f86c3b5177023ac875c509339d328f5ce5306f,regime_model_v2_full_right_censored_refit,4fc1a02dce9ac2311dabaeb4623a559d37286dfe58baffef53828cc7415a3425,not_applicable,not_applicable,not_applicable,not_applicable,not_applicable,not_applicable,True,False,disabled,False,False,False,False,False,False,False
MODEL_FULL_REFIT,3,51,7.02959509912e-05,143cc35bbab621d585cb9bf2,91996a9cf747a614ff6d9e08eaafc3583a58b91c,7c23ba6c613d79731d3e3f1f37122ff5f97e6e6845274121313ccb1ba1459e88,67417cf1fd1267cb4a945de8dff854916bd4d5bbde0c55f5d6545b1c4b6881e3,801c0bf9d69ecdd58b21fb2ba4392137048b466668344ebfc4c8faf6a0d3e2f1,177788fe59872f782f56492a52f86c3b5177023ac875c509339d328f5ce5306f,regime_model_v2_full_right_censored_refit,4fc1a02dce9ac2311dabaeb4623a559d37286dfe58baffef53828cc7415a3425,not_applicable,not_applicable,not_applicable,not_applicable,not_applicable,not_applicable,True,False,disabled,False,False,False,False,False,False,False
MODEL_FULL_REFIT,3,52,6.95001846177e-05,143cc35bbab621d585cb9bf2,91996a9cf747a614ff6d9e08eaafc3583a58b91c,7c23ba6c613d79731d3e3f1f37122ff5f97e6e6845274121313ccb1ba1459e88,67417cf1fd1267cb4a945de8dff854916bd4d5bbde0c55f5d6545b1c4b6881e3,801c0bf9d69ecdd58b21fb2ba4392137048b466668344ebfc4c8faf6a0d3e2f1,177788fe59872f782f56492a52f86c3b5177023ac875c509339d328f5ce5306f,regime_model_v2_full_right_censored_refit,4fc1a02dce9ac2311dabaeb4623a559d37286dfe58baffef53828cc7415a3425,not_applicable,not_applicable,not_applicable,not_applicable,not_applicable,not_applicable,True,False,disabled,False,False,False,False,False,False,False
MODEL_FULL_REFIT,3,53,6.7208047351e-05,143cc35bbab621d585cb9bf2,91996a9cf747a614ff6d9e08eaafc3583a58b91c,7c23ba6c613d79731d3e3f1f37122ff5f97e6e6845274121313ccb1ba1459e88,67417cf1fd1267cb4a945de8dff854916bd4d5bbde0c55f5d6545b1c4b6881e3,801c0bf9d69ecdd58b21fb2ba4392137048b466668344ebfc4c8faf6a0d3e2f1,177788fe59872f782f56492a52f86c3b5177023ac875c509339d328f5ce5306f,regime_model_v2_full_right_censored_refit,4fc1a02dce9ac2311dabaeb4623a559d37286dfe58baffef53828cc7415a3425,not_applicable,not_applicable,not_applicable,not_applicable,not_applicable,not_applicable,True,False,disabled,False,False,False,False,False,False,False
MODEL_FULL_REFIT,3,54,6.54592520953e-05,143cc35bbab621d585cb9bf2,91996a9cf747a614ff6d9e08eaafc3583a58b91c,7c23ba6c613d79731d3e3f1f37122ff5f97e6e6845274121313ccb1ba1459e88,67417cf1fd1267cb4a945de8dff854916bd4d5bbde0c55f5d6545b1c4b6881e3,801c0bf9d69ecdd58b21fb2ba4392137048b466668344ebfc4c8faf6a0d3e2f1,177788fe59872f782f56492a52f86c3b5177023ac875c509339d328f5ce5306f,regime_model_v2_full_right_censored_refit,4fc1a02dce9ac2311dabaeb4623a559d37286dfe58baffef53828cc7415a3425,not_applicable,not_applicable,not_applicable,not_applicable,not_applicable,not_applicable,True,False,disabled,False,False,False,False,False,False,False
MODEL_FULL_REFIT,3,55,6.42731452973e-05,143cc35bbab621d585cb9bf2,91996a9cf747a614ff6d9e08eaafc3583a58b91c,7c23ba6c613d79731d3e3f1f37122ff5f97e6e6845274121313ccb1ba1459e88,67417cf1fd1267cb4a945de8dff854916bd4d5bbde0c55f5d6545b1c4b6881e3,801c0bf9d69ecdd58b21fb2ba4392137048b466668344ebfc4c8faf6a0d3e2f1,177788fe59872f782f56492a52f86c3b5177023ac875c509339d328f5ce5306f,regime_model_v2_full_right_censored_refit,4fc1a02dce9ac2311dabaeb4623a559d37286dfe58baffef53828cc7415a3425,not_applicable,not_applicable,not_applicable,not_applicable,not_applicable,not_applicable,True,False,disabled,False,False,False,False,False,False,False
MODEL_FULL_REFIT,3,56,6.30737624966e-05,143cc35bbab621d585cb9bf2,91996a9cf747a614ff6d9e08eaafc3583a58b91c,7c23ba6c613d79731d3e3f1f37122ff5f97e6e6845274121313ccb1ba1459e88,67417cf1fd1267cb4a945de8dff854916bd4d5bbde0c55f5d6545b1c4b6881e3,801c0bf9d69ecdd58b21fb2ba4392137048b466668344ebfc4c8faf6a0d3e2f1,177788fe59872f782f56492a52f86c3b5177023ac875c509339d328f5ce5306f,regime_model_v2_full_right_censored_refit,4fc1a02dce9ac2311dabaeb4623a559d37286dfe58baffef53828cc7415a3425,not_applicable,not_applicable,not_applicable,not_applicable,not_applicable,not_applicable,True,False,disabled,False,False,False,False,False,False,False
MODEL_FULL_REFIT,3,57,6.11944453544e-05,143cc35bbab621d585cb9bf2,91996a9cf747a614ff6d9e08eaafc3583a58b91c,7c23ba6c613d79731d3e3f1f37122ff5f97e6e6845274121313ccb1ba1459e88,67417cf1fd1267cb4a945de8dff854916bd4d5bbde0c55f5d6545b1c4b6881e3,801c0bf9d69ecdd58b21fb2ba4392137048b466668344ebfc4c8faf6a0d3e2f1,177788fe59872f782f56492a52f86c3b5177023ac875c509339d328f5ce5306f,regime_model_v2_full_right_censored_refit,4fc1a02dce9ac2311dabaeb4623a559d37286dfe58baffef53828cc7415a3425,not_applicable,not_applicable,not_applicable,not_applicable,not_applicable,not_applicable,True,False,disabled,False,False,False,False,False,False,False
MODEL_FULL_REFIT,3,58,5.92714935897e-05,143cc35bbab621d585cb9bf2,91996a9cf747a614ff6d9e08eaafc3583a58b91c,7c23ba6c613d79731d3e3f1f37122ff5f97e6e6845274121313ccb1ba1459e88,67417cf1fd1267cb4a945de8dff854916bd4d5bbde0c55f5d6545b1c4b6881e3,801c0bf9d69ecdd58b21fb2ba4392137048b466668344ebfc4c8faf6a0d3e2f1,177788fe59872f782f56492a52f86c3b5177023ac875c509339d328f5ce5306f,regime_model_v2_full_right_censored_refit,4fc1a02dce9ac2311dabaeb4623a559d37286dfe58baffef53828cc7415a3425,not_applicable,not_applicable,not_applicable,not_applicable,not_applicable,not_applicable,True,False,disabled,False,False,False,False,False,False,False
MODEL_FULL_REFIT,3,59,5.86749673733e-05,143cc35bbab621d585cb9bf2,91996a9cf747a614ff6d9e08eaafc3583a58b91c,7c23ba6c613d79731d3e3f1f37122ff5f97e6e6845274121313ccb1ba1459e88,67417cf1fd1267cb4a945de8dff854916bd4d5bbde0c55f5d6545b1c4b6881e3,801c0bf9d69ecdd58b21fb2ba4392137048b466668344ebfc4c8faf6a0d3e2f1,177788fe59872f782f56492a52f86c3b5177023ac875c509339d328f5ce5306f,regime_model_v2_full_right_censored_refit,4fc1a02dce9ac2311dabaeb4623a559d37286dfe58baffef53828cc7415a3425,not_applicable,not_applicable,not_applicable,not_applicable,not_applicable,not_applicable,True,False,disabled,False,False,False,False,False,False,False
MODEL_FULL_REFIT,3,60,5.73803726565e-05,143cc35bbab621d585cb9bf2,91996a9cf747a614ff6d9e08eaafc3583a58b91c,7c23ba6c613d79731d3e3f1f37122ff5f97e6e6845274121313ccb1ba1459e88,67417cf1fd1267cb4a945de8dff854916bd4d5bbde0c55f5d6545b1c4b6881e3,801c0bf9d69ecdd58b21fb2ba4392137048b466668344ebfc4c8faf6a0d3e2f1,177788fe59872f782f56492a52f86c3b5177023ac875c509339d328f5ce5306f,regime_model_v2_full_right_censored_refit,4fc1a02dce9ac2311dabaeb4623a559d37286dfe58baffef53828cc7415a3425,not_applicable,not_applicable,not_applicable,not_applicable,not_applicable,not_applicable,True,False,disabled,False,False,False,False,False,False,False
MODEL_FULL_REFIT,3,61,5.64236686536e-05,143cc35bbab621d585cb9bf2,91996a9cf747a614ff6d9e08eaafc3583a58b91c,7c23ba6c613d79731d3e3f1f37122ff5f97e6e6845274121313ccb1ba1459e88,67417cf1fd1267cb4a945de8dff854916bd4d5bbde0c55f5d6545b1c4b6881e3,801c0bf9d69ecdd58b21fb2ba4392137048b466668344ebfc4c8faf6a0d3e2f1,177788fe59872f782f56492a52f86c3b5177023ac875c509339d328f5ce5306f,regime_model_v2_full_right_censored_refit,4fc1a02dce9ac2311dabaeb4623a559d37286dfe58baffef53828cc7415a3425,not_applicable,not_applicable,not_applicable,not_applicable,not_applicable,not_applicable,True,False,disabled,False,False,False,False,False,False,False
MODEL_FULL_REFIT,3,62,5.58060876181e-05,143cc35bbab621d585cb9bf2,91996a9cf747a614ff6d9e08eaafc3583a58b91c,7c23ba6c613d79731d3e3f1f37122ff5f97e6e6845274121313ccb1ba1459e88,67417cf1fd1267cb4a945de8dff854916bd4d5bbde0c55f5d6545b1c4b6881e3,801c0bf9d69ecdd58b21fb2ba4392137048b466668344ebfc4c8faf6a0d3e2f1,177788fe59872f782f56492a52f86c3b5177023ac875c509339d328f5ce5306f,regime_model_v2_full_right_censored_refit,4fc1a02dce9ac2311dabaeb4623a559d37286dfe58baffef53828cc7415a3425,not_applicable,not_applicable,not_applicable,not_applicable,not_applicable,not_applicable,True,False,disabled,False,False,False,False,False,False,False
MODEL_FULL_REFIT,3,63,5.48219405271e-05,143cc35bbab621d585cb9bf2,91996a9cf747a614ff6d9e08eaafc3583a58b91c,7c23ba6c613d79731d3e3f1f37122ff5f97e6e6845274121313ccb1ba1459e88,67417cf1fd1267cb4a945de8dff854916bd4d5bbde0c55f5d6545b1c4b6881e3,801c0bf9d69ecdd58b21fb2ba4392137048b466668344ebfc4c8faf6a0d3e2f1,177788fe59872f782f56492a52f86c3b5177023ac875c509339d328f5ce5306f,regime_model_v2_full_right_censored_refit,4fc1a02dce9ac2311dabaeb4623a559d37286dfe58baffef53828cc7415a3425,not_applicable,not_applicable,not_applicable,not_applicable,not_applicable,not_applicable,True,False,disabled,False,False,False,False,False,False,False
MODEL_FULL_REFIT,3,64,5.38097204822e-05,143cc35bbab621d585cb9bf2,91996a9cf747a614ff6d9e08eaafc3583a58b91c,7c23ba6c613d79731d3e3f1f37122ff5f97e6e6845274121313ccb1ba1459e88,67417cf1fd1267cb4a945de8dff854916bd4d5bbde0c55f5d6545b1c4b6881e3,801c0bf9d69ecdd58b21fb2ba4392137048b466668344ebfc4c8faf6a0d3e2f1,177788fe59872f782f56492a52f86c3b5177023ac875c509339d328f5ce5306f,regime_model_v2_full_right_censored_refit,4fc1a02dce9ac2311dabaeb4623a559d37286dfe58baffef53828cc7415a3425,not_applicable,not_applicable,not_applicable,not_applicable,not_applicable,not_applicable,True,False,disabled,False,False,False,False,False,False,False
MODEL_FULL_REFIT,3,65,5.31413381874e-05,143cc35bbab621d585cb9bf2,91996a9cf747a614ff6d9e08eaafc3583a58b91c,7c23ba6c613d79731d3e3f1f37122ff5f97e6e6845274121313ccb1ba1459e88,67417cf1fd1267cb4a945de8dff854916bd4d5bbde0c55f5d6545b1c4b6881e3,801c0bf9d69ecdd58b21fb2ba4392137048b466668344ebfc4c8faf6a0d3e2f1,177788fe59872f782f56492a52f86c3b5177023ac875c509339d328f5ce5306f,regime_model_v2_full_right_censored_refit,4fc1a02dce9ac2311dabaeb4623a559d37286dfe58baffef53828cc7415a3425,not_applicable,not_applicable,not_applicable,not_applicable,not_applicable,not_applicable,True,False,disabled,False,False,False,False,False,False,False
MODEL_FULL_REFIT,3,66,5.20741895456e-05,143cc35bbab621d585cb9bf2,91996a9cf747a614ff6d9e08eaafc3583a58b91c,7c23ba6c613d79731d3e3f1f37122ff5f97e6e6845274121313ccb1ba1459e88,67417cf1fd1267cb4a945de8dff854916bd4d5bbde0c55f5d6545b1c4b6881e3,801c0bf9d69ecdd58b21fb2ba4392137048b466668344ebfc4c8faf6a0d3e2f1,177788fe59872f782f56492a52f86c3b5177023ac875c509339d328f5ce5306f,regime_model_v2_full_right_censored_refit,4fc1a02dce9ac2311dabaeb4623a559d37286dfe58baffef53828cc7415a3425,not_applicable,not_applicable,not_applicable,not_applicable,not_applicable,not_applicable,True,False,disabled,False,False,False,False,False,False,False
MODEL_FULL_REFIT,3,67,5.13779595389e-05,143cc35bbab621d585cb9bf2,91996a9cf747a614ff6d9e08eaafc3583a58b91c,7c23ba6c613d79731d3e3f1f37122ff5f97e6e6845274121313ccb1ba1459e88,67417cf1fd1267cb4a945de8dff854916bd4d5bbde0c55f5d6545b1c4b6881e3,801c0bf9d69ecdd58b21fb2ba4392137048b466668344ebfc4c8faf6a0d3e2f1,177788fe59872f782f56492a52f86c3b5177023ac875c509339d328f5ce5306f,regime_model_v2_full_right_censored_refit,4fc1a02dce9ac2311dabaeb4623a559d37286dfe58baffef53828cc7415a3425,not_applicable,not_applicable,not_applicable,not_applicable,not_applicable,not_applicable,True,False,disabled,False,False,False,False,False,False,False
MODEL_FULL_REFIT,3,68,5.10689321613e-05,143cc35bbab621d585cb9bf2,91996a9cf747a614ff6d9e08eaafc3583a58b91c,7c23ba6c613d79731d3e3f1f37122ff5f97e6e6845274121313ccb1ba1459e88,67417cf1fd1267cb4a945de8dff854916bd4d5bbde0c55f5d6545b1c4b6881e3,801c0bf9d69ecdd58b21fb2ba4392137048b466668344ebfc4c8faf6a0d3e2f1,177788fe59872f782f56492a52f86c3b5177023ac875c509339d328f5ce5306f,regime_model_v2_full_right_censored_refit,4fc1a02dce9ac2311dabaeb4623a559d37286dfe58baffef53828cc7415a3425,not_applicable,not_applicable,not_applicable,not_applicable,not_applicable,not_applicable,True,False,disabled,False,False,False,False,False,False,False
MODEL_FULL_REFIT,3,69,5.0754192857e-05,143cc35bbab621d585cb9bf2,91996a9cf747a614ff6d9e08eaafc3583a58b91c,7c23ba6c613d79731d3e3f1f37122ff5f97e6e6845274121313ccb1ba1459e88,67417cf1fd1267cb4a945de8dff854916bd4d5bbde0c55f5d6545b1c4b6881e3,801c0bf9d69ecdd58b21fb2ba4392137048b466668344ebfc4c8faf6a0d3e2f1,177788fe59872f782f56492a52f86c3b5177023ac875c509339d328f5ce5306f,regime_model_v2_full_right_censored_refit,4fc1a02dce9ac2311dabaeb4623a559d37286dfe58baffef53828cc7415a3425,not_applicable,not_applicable,not_applicable,not_applicable,not_applicable,not_applicable,True,False,disabled,False,False,False,False,False,False,False
MODEL_FULL_REFIT,3,70,5.04307649205e-05,143cc35bbab621d585cb9bf2,91996a9cf747a614ff6d9e08eaafc3583a58b91c,7c23ba6c613d79731d3e3f1f37122ff5f97e6e6845274121313ccb1ba1459e88,67417cf1fd1267cb4a945de8dff854916bd4d5bbde0c55f5d6545b1c4b6881e3,801c0bf9d69ecdd58b21fb2ba4392137048b466668344ebfc4c8faf6a0d3e2f1,177788fe59872f782f56492a52f86c3b5177023ac875c509339d328f5ce5306f,regime_model_v2_full_right_censored_refit,4fc1a02dce9ac2311dabaeb4623a559d37286dfe58baffef53828cc7415a3425,not_applicable,not_applicable,not_applicable,not_applicable,not_applicable,not_applicable,True,False,disabled,False,False,False,False,False,False,False
MODEL_FULL_REFIT,3,71,5.00951435104e-05,143cc35bbab621d585cb9bf2,91996a9cf747a614ff6d9e08eaafc3583a58b91c,7c23ba6c613d79731d3e3f1f37122ff5f97e6e6845274121313ccb1ba1459e88,67417cf1fd1267cb4a945de8dff854916bd4d5bbde0c55f5d6545b1c4b6881e3,801c0bf9d69ecdd58b21fb2ba4392137048b466668344ebfc4c8faf6a0d3e2f1,177788fe59872f782f56492a52f86c3b5177023ac875c509339d328f5ce5306f,regime_model_v2_full_right_censored_refit,4fc1a02dce9ac2311dabaeb4623a559d37286dfe58baffef53828cc7415a3425,not_applicable,not_applicable,not_applicable,not_applicable,not_applicable,not_applicable,True,False,disabled,False,False,False,False,False,False,False
MODEL_FULL_REFIT,3,72,4.97526406725e-05,143cc35bbab621d585cb9bf2,91996a9cf747a614ff6d9e08eaafc3583a58b91c,7c23ba6c613d79731d3e3f1f37122ff5f97e6e6845274121313ccb1ba1459e88,67417cf1fd1267cb4a945de8dff854916bd4d5bbde0c55f5d6545b1c4b6881e3,801c0bf9d69ecdd58b21fb2ba4392137048b466668344ebfc4c8faf6a0d3e2f1,177788fe59872f782f56492a52f86c3b5177023ac875c509339d328f5ce5306f,regime_model_v2_full_right_censored_refit,4fc1a02dce9ac2311dabaeb4623a559d37286dfe58baffef53828cc7415a3425,not_applicable,not_applicable,not_applicable,not_applicable,not_applicable,not_applicable,True,False,disabled,False,False,False,False,False,False,False
MODEL_FULL_REFIT,3,73,4.93893010598e-05,143cc35bbab621d585cb9bf2,91996a9cf747a614ff6d9e08eaafc3583a58b91c,7c23ba6c613d79731d3e3f1f37122ff5f97e6e6845274121313ccb1ba1459e88,67417cf1fd1267cb4a945de8dff854916bd4d5bbde0c55f5d6545b1c4b6881e3,801c0bf9d69ecdd58b21fb2ba4392137048b466668344ebfc4c8faf6a0d3e2f1,177788fe59872f782f56492a52f86c3b5177023ac875c509339d328f5ce5306f,regime_model_v2_full_right_censored_refit,4fc1a02dce9ac2311dabaeb4623a559d37286dfe58baffef53828cc7415a3425,not_applicable,not_applicable,not_applicable,not_applicable,not_applicable,not_applicable,True,False,disabled,False,False,False,False,False,False,False
MODEL_FULL_REFIT,3,74,4.90250694581e-05,143cc35bbab621d585cb9bf2,91996a9cf747a614ff6d9e08eaafc3583a58b91c,7c23ba6c613d79731d3e3f1f37122ff5f97e6e6845274121313ccb1ba1459e88,67417cf1fd1267cb4a945de8dff854916bd4d5bbde0c55f5d6545b1c4b6881e3,801c0bf9d69ecdd58b21fb2ba4392137048b466668344ebfc4c8faf6a0d3e2f1,177788fe59872f782f56492a52f86c3b5177023ac875c509339d328f5ce5306f,regime_model_v2_full_right_censored_refit,4fc1a02dce9ac2311dabaeb4623a559d37286dfe58baffef53828cc7415a3425,not_applicable,not_applicable,not_applicable,not_applicable,not_applicable,not_applicable,True,False,disabled,False,False,False,False,False,False,False
MODEL_FULL_REFIT,3,75,4.86562737469e-05,143cc35bbab621d585cb9bf2,91996a9cf747a614ff6d9e08eaafc3583a58b91c,7c23ba6c613d79731d3e3f1f37122ff5f97e6e6845274121313ccb1ba1459e88,67417cf1fd1267cb4a945de8dff854916bd4d5bbde0c55f5d6545b1c4b6881e3,801c0bf9d69ecdd58b21fb2ba4392137048b466668344ebfc4c8faf6a0d3e2f1,177788fe59872f782f56492a52f86c3b5177023ac875c509339d328f5ce5306f,regime_model_v2_full_right_censored_refit,4fc1a02dce9ac2311dabaeb4623a559d37286dfe58baffef53828cc7415a3425,not_applicable,not_applicable,not_applicable,not_applicable,not_applicable,not_applicable,True,False,disabled,False,False,False,False,False,False,False
MODEL_FULL_REFIT,3,76,4.8274959398e-05,143cc35bbab621d585cb9bf2,91996a9cf747a614ff6d9e08eaafc3583a58b91c,7c23ba6c613d79731d3e3f1f37122ff5f97e6e6845274121313ccb1ba1459e88,67417cf1fd1267cb4a945de8dff854916bd4d5bbde0c55f5d6545b1c4b6881e3,801c0bf9d69ecdd58b21fb2ba4392137048b466668344ebfc4c8faf6a0d3e2f1,177788fe59872f782f56492a52f86c3b5177023ac875c509339d328f5ce5306f,regime_model_v2_full_right_censored_refit,4fc1a02dce9ac2311dabaeb4623a559d37286dfe58baffef53828cc7415a3425,not_applicable,not_applicable,not_applicable,not_applicable,not_applicable,not_applicable,True,False,disabled,False,False,False,False,False,False,False
MODEL_FULL_REFIT,3,77,4.78667904366e-05,143cc35bbab621d585cb9bf2,91996a9cf747a614ff6d9e08eaafc3583a58b91c,7c23ba6c613d79731d3e3f1f37122ff5f97e6e6845274121313ccb1ba1459e88,67417cf1fd1267cb4a945de8dff854916bd4d5bbde0c55f5d6545b1c4b6881e3,801c0bf9d69ecdd58b21fb2ba4392137048b466668344ebfc4c8faf6a0d3e2f1,177788fe59872f782f56492a52f86c3b5177023ac875c509339d328f5ce5306f,regime_model_v2_full_right_censored_refit,4fc1a02dce9ac2311dabaeb4623a559d37286dfe58baffef53828cc7415a3425,not_applicable,not_applicable,not_applicable,not_applicable,not_applicable,not_applicable,True,False,disabled,False,False,False,False,False,False,False
MODEL_FULL_REFIT,3,78,4.74620725791e-05,143cc35bbab621d585cb9bf2,91996a9cf747a614ff6d9e08eaafc3583a58b91c,7c23ba6c613d79731d3e3f1f37122ff5f97e6e6845274121313ccb1ba1459e88,67417cf1fd1267cb4a945de8dff854916bd4d5bbde0c55f5d6545b1c4b6881e3,801c0bf9d69ecdd58b21fb2ba4392137048b466668344ebfc4c8faf6a0d3e2f1,177788fe59872f782f56492a52f86c3b5177023ac875c509339d328f5ce5306f,regime_model_v2_full_right_censored_refit,4fc1a02dce9ac2311dabaeb4623a559d37286dfe58baffef53828cc7415a3425,not_applicable,not_applicable,not_applicable,not_applicable,not_applicable,not_applicable,True,False,disabled,False,False,False,False,False,False,False
MODEL_FULL_REFIT,4,1,0.752584226646,143cc35bbab621d585cb9bf2,91996a9cf747a614ff6d9e08eaafc3583a58b91c,7c23ba6c613d79731d3e3f1f37122ff5f97e6e6845274121313ccb1ba1459e88,67417cf1fd1267cb4a945de8dff854916bd4d5bbde0c55f5d6545b1c4b6881e3,801c0bf9d69ecdd58b21fb2ba4392137048b466668344ebfc4c8faf6a0d3e2f1,177788fe59872f782f56492a52f86c3b5177023ac875c509339d328f5ce5306f,regime_model_v2_full_right_censored_refit,4fc1a02dce9ac2311dabaeb4623a559d37286dfe58baffef53828cc7415a3425,not_applicable,not_applicable,not_applicable,not_applicable,not_applicable,not_applicable,True,False,disabled,False,False,False,False,False,False,False
MODEL_FULL_REFIT,4,2,0.650303484434,143cc35bbab621d585cb9bf2,91996a9cf747a614ff6d9e08eaafc3583a58b91c,7c23ba6c613d79731d3e3f1f37122ff5f97e6e6845274121313ccb1ba1459e88,67417cf1fd1267cb4a945de8dff854916bd4d5bbde0c55f5d6545b1c4b6881e3,801c0bf9d69ecdd58b21fb2ba4392137048b466668344ebfc4c8faf6a0d3e2f1,177788fe59872f782f56492a52f86c3b5177023ac875c509339d328f5ce5306f,regime_model_v2_full_right_censored_refit,4fc1a02dce9ac2311dabaeb4623a559d37286dfe58baffef53828cc7415a3425,not_applicable,not_applicable,not_applicable,not_applicable,not_applicable,not_applicable,True,False,disabled,False,False,False,False,False,False,False
MODEL_FULL_REFIT,4,3,0.552031475389,143cc35bbab621d585cb9bf2,91996a9cf747a614ff6d9e08eaafc3583a58b91c,7c23ba6c613d79731d3e3f1f37122ff5f97e6e6845274121313ccb1ba1459e88,67417cf1fd1267cb4a945de8dff854916bd4d5bbde0c55f5d6545b1c4b6881e3,801c0bf9d69ecdd58b21fb2ba4392137048b466668344ebfc4c8faf6a0d3e2f1,177788fe59872f782f56492a52f86c3b5177023ac875c509339d328f5ce5306f,regime_model_v2_full_right_censored_refit,4fc1a02dce9ac2311dabaeb4623a559d37286dfe58baffef53828cc7415a3425,not_applicable,not_applicable,not_applicable,not_applicable,not_applicable,not_applicable,True,False,disabled,False,False,False,False,False,False,False
MODEL_FULL_REFIT,4,4,0.465557874119,143cc35bbab621d585cb9bf2,91996a9cf747a614ff6d9e08eaafc3583a58b91c,7c23ba6c613d79731d3e3f1f37122ff5f97e6e6845274121313ccb1ba1459e88,67417cf1fd1267cb4a945de8dff854916bd4d5bbde0c55f5d6545b1c4b6881e3,801c0bf9d69ecdd58b21fb2ba4392137048b466668344ebfc4c8faf6a0d3e2f1,177788fe59872f782f56492a52f86c3b5177023ac875c509339d328f5ce5306f,regime_model_v2_full_right_censored_refit,4fc1a02dce9ac2311dabaeb4623a559d37286dfe58baffef53828cc7415a3425,not_applicable,not_applicable,not_applicable,not_applicable,not_applicable,not_applicable,True,False,disabled,False,False,False,False,False,False,False
MODEL_FULL_REFIT,4,5,0.412058310303,143cc35bbab621d585cb9bf2,91996a9cf747a614ff6d9e08eaafc3583a58b91c,7c23ba6c613d79731d3e3f1f37122ff5f97e6e6845274121313ccb1ba1459e88,67417cf1fd1267cb4a945de8dff854916bd4d5bbde0c55f5d6545b1c4b6881e3,801c0bf9d69ecdd58b21fb2ba4392137048b466668344ebfc4c8faf6a0d3e2f1,177788fe59872f782f56492a52f86c3b5177023ac875c509339d328f5ce5306f,regime_model_v2_full_right_censored_refit,4fc1a02dce9ac2311dabaeb4623a559d37286dfe58baffef53828cc7415a3425,not_applicable,not_applicable,not_applicable,not_applicable,not_applicable,not_applicable,True,False,disabled,False,False,False,False,False,False,False
MODEL_FULL_REFIT,4,6,0.36268111866,143cc35bbab621d585cb9bf2,91996a9cf747a614ff6d9e08eaafc3583a58b91c,7c23ba6c613d79731d3e3f1f37122ff5f97e6e6845274121313ccb1ba1459e88,67417cf1fd1267cb4a945de8dff854916bd4d5bbde0c55f5d6545b1c4b6881e3,801c0bf9d69ecdd58b21fb2ba4392137048b466668344ebfc4c8faf6a0d3e2f1,177788fe59872f782f56492a52f86c3b5177023ac875c509339d328f5ce5306f,regime_model_v2_full_right_censored_refit,4fc1a02dce9ac2311dabaeb4623a559d37286dfe58baffef53828cc7415a3425,not_applicable,not_applicable,not_applicable,not_applicable,not_applicable,not_applicable,True,False,disabled,False,False,False,False,False,False,False
MODEL_FULL_REFIT,4,7,0.327269569343,143cc35bbab621d585cb9bf2,91996a9cf747a614ff6d9e08eaafc3583a58b91c,7c23ba6c613d79731d3e3f1f37122ff5f97e6e6845274121313ccb1ba1459e88,67417cf1fd1267cb4a945de8dff854916bd4d5bbde0c55f5d6545b1c4b6881e3,801c0bf9d69ecdd58b21fb2ba4392137048b466668344ebfc4c8faf6a0d3e2f1,177788fe59872f782f56492a52f86c3b5177023ac875c509339d328f5ce5306f,regime_model_v2_full_right_censored_refit,4fc1a02dce9ac2311dabaeb4623a559d37286dfe58baffef53828cc7415a3425,not_applicable,not_applicable,not_applicable,not_applicable,not_applicable,not_applicable,True,False,disabled,False,False,False,False,False,False,False
MODEL_FULL_REFIT,4,8,0.298843747933,143cc35bbab621d585cb9bf2,91996a9cf747a614ff6d9e08eaafc3583a58b91c,7c23ba6c613d79731d3e3f1f37122ff5f97e6e6845274121313ccb1ba1459e88,67417cf1fd1267cb4a945de8dff854916bd4d5bbde0c55f5d6545b1c4b6881e3,801c0bf9d69ecdd58b21fb2ba4392137048b466668344ebfc4c8faf6a0d3e2f1,177788fe59872f782f56492a52f86c3b5177023ac875c509339d328f5ce5306f,regime_model_v2_full_right_censored_refit,4fc1a02dce9ac2311dabaeb4623a559d37286dfe58baffef53828cc7415a3425,not_applicable,not_applicable,not_applicable,not_applicable,not_applicable,not_applicable,True,False,disabled,False,False,False,False,False,False,False
MODEL_FULL_REFIT,4,9,0.279977349705,143cc35bbab621d585cb9bf2,91996a9cf747a614ff6d9e08eaafc3583a58b91c,7c23ba6c613d79731d3e3f1f37122ff5f97e6e6845274121313ccb1ba1459e88,67417cf1fd1267cb4a945de8dff854916bd4d5bbde0c55f5d6545b1c4b6881e3,801c0bf9d69ecdd58b21fb2ba4392137048b466668344ebfc4c8faf6a0d3e2f1,177788fe59872f782f56492a52f86c3b5177023ac875c509339d328f5ce5306f,regime_model_v2_full_right_censored_refit,4fc1a02dce9ac2311dabaeb4623a559d37286dfe58baffef53828cc7415a3425,not_applicable,not_applicable,not_applicable,not_applicable,not_applicable,not_applicable,True,False,disabled,False,False,False,False,False,False,False
MODEL_FULL_REFIT,4,10,0.262601706222,143cc35bbab621d585cb9bf2,91996a9cf747a614ff6d9e08eaafc3583a58b91c,7c23ba6c613d79731d3e3f1f37122ff5f97e6e6845274121313ccb1ba1459e88,67417cf1fd1267cb4a945de8dff854916bd4d5bbde0c55f5d6545b1c4b6881e3,801c0bf9d69ecdd58b21fb2ba4392137048b466668344ebfc4c8faf6a0d3e2f1,177788fe59872f782f56492a52f86c3b5177023ac875c509339d328f5ce5306f,regime_model_v2_full_right_censored_refit,4fc1a02dce9ac2311dabaeb4623a559d37286dfe58baffef53828cc7415a3425,not_applicable,not_applicable,not_applicable,not_applicable,not_applicable,not_applicable,True,False,disabled,False,False,False,False,False,False,False
MODEL_FULL_REFIT,4,11,0.247264883884,143cc35bbab621d585cb9bf2,91996a9cf747a614ff6d9e08eaafc3583a58b91c,7c23ba6c613d79731d3e3f1f37122ff5f97e6e6845274121313ccb1ba1459e88,67417cf1fd1267cb4a945de8dff854916bd4d5bbde0c55f5d6545b1c4b6881e3,801c0bf9d69ecdd58b21fb2ba4392137048b466668344ebfc4c8faf6a0d3e2f1,177788fe59872f782f56492a52f86c3b5177023ac875c509339d328f5ce5306f,regime_model_v2_full_right_censored_refit,4fc1a02dce9ac2311dabaeb4623a559d37286dfe58baffef53828cc7415a3425,not_applicable,not_applicable,not_applicable,not_applicable,not_applicable,not_applicable,True,False,disabled,False,False,False,False,False,False,False
MODEL_FULL_REFIT,4,12,0.231741027127,143cc35bbab621d585cb9bf2,91996a9cf747a614ff6d9e08eaafc3583a58b91c,7c23ba6c613d79731d3e3f1f37122ff5f97e6e6845274121313ccb1ba1459e88,67417cf1fd1267cb4a945de8dff854916bd4d5bbde0c55f5d6545b1c4b6881e3,801c0bf9d69ecdd58b21fb2ba4392137048b466668344ebfc4c8faf6a0d3e2f1,177788fe59872f782f56492a52f86c3b5177023ac875c509339d328f5ce5306f,regime_model_v2_full_right_censored_refit,4fc1a02dce9ac2311dabaeb4623a559d37286dfe58baffef53828cc7415a3425,not_applicable,not_applicable,not_applicable,not_applicable,not_applicable,not_applicable,True,False,disabled,False,False,False,False,False,False,False
MODEL_FULL_REFIT,4,13,0.218728225311,143cc35bbab621d585cb9bf2,91996a9cf747a614ff6d9e08eaafc3583a58b91c,7c23ba6c613d79731d3e3f1f37122ff5f97e6e6845274121313ccb1ba1459e88,67417cf1fd1267cb4a945de8dff854916bd4d5bbde0c55f5d6545b1c4b6881e3,801c0bf9d69ecdd58b21fb2ba4392137048b466668344ebfc4c8faf6a0d3e2f1,177788fe59872f782f56492a52f86c3b5177023ac875c509339d328f5ce5306f,regime_model_v2_full_right_censored_refit,4fc1a02dce9ac2311dabaeb4623a559d37286dfe58baffef53828cc7415a3425,not_applicable,not_applicable,not_applicable,not_applicable,not_applicable,not_applicable,True,False,disabled,False,False,False,False,False,False,False
MODEL_FULL_REFIT,4,14,0.205244978545,143cc35bbab621d585cb9bf2,91996a9cf747a614ff6d9e08eaafc3583a58b91c,7c23ba6c613d79731d3e3f1f37122ff5f97e6e6845274121313ccb1ba1459e88,67417cf1fd1267cb4a945de8dff854916bd4d5bbde0c55f5d6545b1c4b6881e3,801c0bf9d69ecdd58b21fb2ba4392137048b466668344ebfc4c8faf6a0d3e2f1,177788fe59872f782f56492a52f86c3b5177023ac875c509339d328f5ce5306f,regime_model_v2_full_right_censored_refit,4fc1a02dce9ac2311dabaeb4623a559d37286dfe58baffef53828cc7415a3425,not_applicable,not_applicable,not_applicable,not_applicable,not_applicable,not_applicable,True,False,disabled,False,False,False,False,False,False,False
MODEL_FULL_REFIT,4,15,0.194436494398,143cc35bbab621d585cb9bf2,91996a9cf747a614ff6d9e08eaafc3583a58b91c,7c23ba6c613d79731d3e3f1f37122ff5f97e6e6845274121313ccb1ba1459e88,67417cf1fd1267cb4a945de8dff854916bd4d5bbde0c55f5d6545b1c4b6881e3,801c0bf9d69ecdd58b21fb2ba4392137048b466668344ebfc4c8faf6a0d3e2f1,177788fe59872f782f56492a52f86c3b5177023ac875c509339d328f5ce5306f,regime_model_v2_full_right_censored_refit,4fc1a02dce9ac2311dabaeb4623a559d37286dfe58baffef53828cc7415a3425,not_applicable,not_applicable,not_applicable,not_applicable,not_applicable,not_applicable,True,False,disabled,False,False,False,False,False,False,False
MODEL_FULL_REFIT,4,16,0.183884757811,143cc35bbab621d585cb9bf2,91996a9cf747a614ff6d9e08eaafc3583a58b91c,7c23ba6c613d79731d3e3f1f37122ff5f97e6e6845274121313ccb1ba1459e88,67417cf1fd1267cb4a945de8dff854916bd4d5bbde0c55f5d6545b1c4b6881e3,801c0bf9d69ecdd58b21fb2ba4392137048b466668344ebfc4c8faf6a0d3e2f1,177788fe59872f782f56492a52f86c3b5177023ac875c509339d328f5ce5306f,regime_model_v2_full_right_censored_refit,4fc1a02dce9ac2311dabaeb4623a559d37286dfe58baffef53828cc7415a3425,not_applicable,not_applicable,not_applicable,not_applicable,not_applicable,not_applicable,True,False,disabled,False,False,False,False,False,False,False
MODEL_FULL_REFIT,4,17,0.173856876801,143cc35bbab621d585cb9bf2,91996a9cf747a614ff6d9e08eaafc3583a58b91c,7c23ba6c613d79731d3e3f1f37122ff5f97e6e6845274121313ccb1ba1459e88,67417cf1fd1267cb4a945de8dff854916bd4d5bbde0c55f5d6545b1c4b6881e3,801c0bf9d69ecdd58b21fb2ba4392137048b466668344ebfc4c8faf6a0d3e2f1,177788fe59872f782f56492a52f86c3b5177023ac875c509339d328f5ce5306f,regime_model_v2_full_right_censored_refit,4fc1a02dce9ac2311dabaeb4623a559d37286dfe58baffef53828cc7415a3425,not_applicable,not_applicable,not_applicable,not_applicable,not_applicable,not_applicable,True,False,disabled,False,False,False,False,False,False,False
MODEL_FULL_REFIT,4,18,0.163534901998,143cc35bbab621d585cb9bf2,91996a9cf747a614ff6d9e08eaafc3583a58b91c,7c23ba6c613d79731d3e3f1f37122ff5f97e6e6845274121313ccb1ba1459e88,67417cf1fd1267cb4a945de8dff854916bd4d5bbde0c55f5d6545b1c4b6881e3,801c0bf9d69ecdd58b21fb2ba4392137048b466668344ebfc4c8faf6a0d3e2f1,177788fe59872f782f56492a52f86c3b5177023ac875c509339d328f5ce5306f,regime_model_v2_full_right_censored_refit,4fc1a02dce9ac2311dabaeb4623a559d37286dfe58baffef53828cc7415a3425,not_applicable,not_applicable,not_applicable,not_applicable,not_applicable,not_applicable,True,False,disabled,False,False,False,False,False,False,False
MODEL_FULL_REFIT,4,19,0.156847132086,143cc35bbab621d585cb9bf2,91996a9cf747a614ff6d9e08eaafc3583a58b91c,7c23ba6c613d79731d3e3f1f37122ff5f97e6e6845274121313ccb1ba1459e88,67417cf1fd1267cb4a945de8dff854916bd4d5bbde0c55f5d6545b1c4b6881e3,801c0bf9d69ecdd58b21fb2ba4392137048b466668344ebfc4c8faf6a0d3e2f1,177788fe59872f782f56492a52f86c3b5177023ac875c509339d328f5ce5306f,regime_model_v2_full_right_censored_refit,4fc1a02dce9ac2311dabaeb4623a559d37286dfe58baffef53828cc7415a3425,not_applicable,not_applicable,not_applicable,not_applicable,not_applicable,not_applicable,True,False,disabled,False,False,False,False,False,False,False
MODEL_FULL_REFIT,4,20,0.149578606453,143cc35bbab621d585cb9bf2,91996a9cf747a614ff6d9e08eaafc3583a58b91c,7c23ba6c613d79731d3e3f1f37122ff5f97e6e6845274121313ccb1ba1459e88,67417cf1fd1267cb4a945de8dff854916bd4d5bbde0c55f5d6545b1c4b6881e3,801c0bf9d69ecdd58b21fb2ba4392137048b466668344ebfc4c8faf6a0d3e2f1,177788fe59872f782f56492a52f86c3b5177023ac875c509339d328f5ce5306f,regime_model_v2_full_right_censored_refit,4fc1a02dce9ac2311dabaeb4623a559d37286dfe58baffef53828cc7415a3425,not_applicable,not_applicable,not_applicable,not_applicable,not_applicable,not_applicable,True,False,disabled,False,False,False,False,False,False,False
MODEL_FULL_REFIT,4,21,0.145080967942,143cc35bbab621d585cb9bf2,91996a9cf747a614ff6d9e08eaafc3583a58b91c,7c23ba6c613d79731d3e3f1f37122ff5f97e6e6845274121313ccb1ba1459e88,67417cf1fd1267cb4a945de8dff854916bd4d5bbde0c55f5d6545b1c4b6881e3,801c0bf9d69ecdd58b21fb2ba4392137048b466668344ebfc4c8faf6a0d3e2f1,177788fe59872f782f56492a52f86c3b5177023ac875c509339d328f5ce5306f,regime_model_v2_full_right_censored_refit,4fc1a02dce9ac2311dabaeb4623a559d37286dfe58baffef53828cc7415a3425,not_applicable,not_applicable,not_applicable,not_applicable,not_applicable,not_applicable,True,False,disabled,False,False,False,False,False,False,False
MODEL_FULL_REFIT,4,22,0.138450923708,143cc35bbab621d585cb9bf2,91996a9cf747a614ff6d9e08eaafc3583a58b91c,7c23ba6c613d79731d3e3f1f37122ff5f97e6e6845274121313ccb1ba1459e88,67417cf1fd1267cb4a945de8dff854916bd4d5bbde0c55f5d6545b1c4b6881e3,801c0bf9d69ecdd58b21fb2ba4392137048b466668344ebfc4c8faf6a0d3e2f1,177788fe59872f782f56492a52f86c3b5177023ac875c509339d328f5ce5306f,regime_model_v2_full_right_censored_refit,4fc1a02dce9ac2311dabaeb4623a559d37286dfe58baffef53828cc7415a3425,not_applicable,not_applicable,not_applicable,not_applicable,not_applicable,not_applicable,True,False,disabled,False,False,False,False,False,False,False
MODEL_FULL_REFIT,4,23,0.132335140424,143cc35bbab621d585cb9bf2,91996a9cf747a614ff6d9e08eaafc3583a58b91c,7c23ba6c613d79731d3e3f1f37122ff5f97e6e6845274121313ccb1ba1459e88,67417cf1fd1267cb4a945de8dff854916bd4d5bbde0c55f5d6545b1c4b6881e3,801c0bf9d69ecdd58b21fb2ba4392137048b466668344ebfc4c8faf6a0d3e2f1,177788fe59872f782f56492a52f86c3b5177023ac875c509339d328f5ce5306f,regime_model_v2_full_right_censored_refit,4fc1a02dce9ac2311dabaeb4623a559d37286dfe58baffef53828cc7415a3425,not_applicable,not_applicable,not_applicable,not_applicable,not_applicable,not_applicable,True,False,disabled,False,False,False,False,False,False,False
MODEL_FULL_REFIT,4,24,0.127712655479,143cc35bbab621d585cb9bf2,91996a9cf747a614ff6d9e08eaafc3583a58b91c,7c23ba6c613d79731d3e3f1f37122ff5f97e6e6845274121313ccb1ba1459e88,67417cf1fd1267cb4a945de8dff854916bd4d5bbde0c55f5d6545b1c4b6881e3,801c0bf9d69ecdd58b21fb2ba4392137048b466668344ebfc4c8faf6a0d3e2f1,177788fe59872f782f56492a52f86c3b5177023ac875c509339d328f5ce5306f,regime_model_v2_full_right_censored_refit,4fc1a02dce9ac2311dabaeb4623a559d37286dfe58baffef53828cc7415a3425,not_applicable,not_applicable,not_applicable,not_applicable,not_applicable,not_applicable,True,False,disabled,False,False,False,False,False,False,False
MODEL_FULL_REFIT,4,25,0.123536397758,143cc35bbab621d585cb9bf2,91996a9cf747a614ff6d9e08eaafc3583a58b91c,7c23ba6c613d79731d3e3f1f37122ff5f97e6e6845274121313ccb1ba1459e88,67417cf1fd1267cb4a945de8dff854916bd4d5bbde0c55f5d6545b1c4b6881e3,801c0bf9d69ecdd58b21fb2ba4392137048b466668344ebfc4c8faf6a0d3e2f1,177788fe59872f782f56492a52f86c3b5177023ac875c509339d328f5ce5306f,regime_model_v2_full_right_censored_refit,4fc1a02dce9ac2311dabaeb4623a559d37286dfe58baffef53828cc7415a3425,not_applicable,not_applicable,not_applicable,not_applicable,not_applicable,not_applicable,True,False,disabled,False,False,False,False,False,False,False
MODEL_FULL_REFIT,4,26,0.118183153855,143cc35bbab621d585cb9bf2,91996a9cf747a614ff6d9e08eaafc3583a58b91c,7c23ba6c613d79731d3e3f1f37122ff5f97e6e6845274121313ccb1ba1459e88,67417cf1fd1267cb4a945de8dff854916bd4d5bbde0c55f5d6545b1c4b6881e3,801c0bf9d69ecdd58b21fb2ba4392137048b466668344ebfc4c8faf6a0d3e2f1,177788fe59872f782f56492a52f86c3b5177023ac875c509339d328f5ce5306f,regime_model_v2_full_right_censored_refit,4fc1a02dce9ac2311dabaeb4623a559d37286dfe58baffef53828cc7415a3425,not_applicable,not_applicable,not_applicable,not_applicable,not_applicable,not_applicable,True,False,disabled,False,False,False,False,False,False,False
MODEL_FULL_REFIT,4,27,0.114715338308,143cc35bbab621d585cb9bf2,91996a9cf747a614ff6d9e08eaafc3583a58b91c,7c23ba6c613d79731d3e3f1f37122ff5f97e6e6845274121313ccb1ba1459e88,67417cf1fd1267cb4a945de8dff854916bd4d5bbde0c55f5d6545b1c4b6881e3,801c0bf9d69ecdd58b21fb2ba4392137048b466668344ebfc4c8faf6a0d3e2f1,177788fe59872f782f56492a52f86c3b5177023ac875c509339d328f5ce5306f,regime_model_v2_full_right_censored_refit,4fc1a02dce9ac2311dabaeb4623a559d37286dfe58baffef53828cc7415a3425,not_applicable,not_applicable,not_applicable,not_applicable,not_applicable,not_applicable,True,False,disabled,False,False,False,False,False,False,False
MODEL_FULL_REFIT,4,28,0.110064716484,143cc35bbab621d585cb9bf2,91996a9cf747a614ff6d9e08eaafc3583a58b91c,7c23ba6c613d79731d3e3f1f37122ff5f97e6e6845274121313ccb1ba1459e88,67417cf1fd1267cb4a945de8dff854916bd4d5bbde0c55f5d6545b1c4b6881e3,801c0bf9d69ecdd58b21fb2ba4392137048b466668344ebfc4c8faf6a0d3e2f1,177788fe59872f782f56492a52f86c3b5177023ac875c509339d328f5ce5306f,regime_model_v2_full_right_censored_refit,4fc1a02dce9ac2311dabaeb4623a559d37286dfe58baffef53828cc7415a3425,not_applicable,not_applicable,not_applicable,not_applicable,not_applicable,not_applicable,True,False,disabled,False,False,False,False,False,False,False
MODEL_FULL_REFIT,4,29,0.106819218434,143cc35bbab621d585cb9bf2,91996a9cf747a614ff6d9e08eaafc3583a58b91c,7c23ba6c613d79731d3e3f1f37122ff5f97e6e6845274121313ccb1ba1459e88,67417cf1fd1267cb4a945de8dff854916bd4d5bbde0c55f5d6545b1c4b6881e3,801c0bf9d69ecdd58b21fb2ba4392137048b466668344ebfc4c8faf6a0d3e2f1,177788fe59872f782f56492a52f86c3b5177023ac875c509339d328f5ce5306f,regime_model_v2_full_right_censored_refit,4fc1a02dce9ac2311dabaeb4623a559d37286dfe58baffef53828cc7415a3425,not_applicable,not_applicable,not_applicable,not_applicable,not_applicable,not_applicable,True,False,disabled,False,False,False,False,False,False,False
MODEL_FULL_REFIT,4,30,0.104105896041,143cc35bbab621d585cb9bf2,91996a9cf747a614ff6d9e08eaafc3583a58b91c,7c23ba6c613d79731d3e3f1f37122ff5f97e6e6845274121313ccb1ba1459e88,67417cf1fd1267cb4a945de8dff854916bd4d5bbde0c55f5d6545b1c4b6881e3,801c0bf9d69ecdd58b21fb2ba4392137048b466668344ebfc4c8faf6a0d3e2f1,177788fe59872f782f56492a52f86c3b5177023ac875c509339d328f5ce5306f,regime_model_v2_full_right_censored_refit,4fc1a02dce9ac2311dabaeb4623a559d37286dfe58baffef53828cc7415a3425,not_applicable,not_applicable,not_applicable,not_applicable,not_applicable,not_applicable,True,False,disabled,False,False,False,False,False,False,False
MODEL_FULL_REFIT,4,31,0.100223493841,143cc35bbab621d585cb9bf2,91996a9cf747a614ff6d9e08eaafc3583a58b91c,7c23ba6c613d79731d3e3f1f37122ff5f97e6e6845274121313ccb1ba1459e88,67417cf1fd1267cb4a945de8dff854916bd4d5bbde0c55f5d6545b1c4b6881e3,801c0bf9d69ecdd58b21fb2ba4392137048b466668344ebfc4c8faf6a0d3e2f1,177788fe59872f782f56492a52f86c3b5177023ac875c509339d328f5ce5306f,regime_model_v2_full_right_censored_refit,4fc1a02dce9ac2311dabaeb4623a559d37286dfe58baffef53828cc7415a3425,not_applicable,not_applicable,not_applicable,not_applicable,not_applicable,not_applicable,True,False,disabled,False,False,False,False,False,False,False
MODEL_FULL_REFIT,4,32,0.0971732135932,143cc35bbab621d585cb9bf2,91996a9cf747a614ff6d9e08eaafc3583a58b91c,7c23ba6c613d79731d3e3f1f37122ff5f97e6e6845274121313ccb1ba1459e88,67417cf1fd1267cb4a945de8dff854916bd4d5bbde0c55f5d6545b1c4b6881e3,801c0bf9d69ecdd58b21fb2ba4392137048b466668344ebfc4c8faf6a0d3e2f1,177788fe59872f782f56492a52f86c3b5177023ac875c509339d328f5ce5306f,regime_model_v2_full_right_censored_refit,4fc1a02dce9ac2311dabaeb4623a559d37286dfe58baffef53828cc7415a3425,not_applicable,not_applicable,not_applicable,not_applicable,not_applicable,not_applicable,True,False,disabled,False,False,False,False,False,False,False
MODEL_FULL_REFIT,4,33,0.0946473043713,143cc35bbab621d585cb9bf2,91996a9cf747a614ff6d9e08eaafc3583a58b91c,7c23ba6c613d79731d3e3f1f37122ff5f97e6e6845274121313ccb1ba1459e88,67417cf1fd1267cb4a945de8dff854916bd4d5bbde0c55f5d6545b1c4b6881e3,801c0bf9d69ecdd58b21fb2ba4392137048b466668344ebfc4c8faf6a0d3e2f1,177788fe59872f782f56492a52f86c3b5177023ac875c509339d328f5ce5306f,regime_model_v2_full_right_censored_refit,4fc1a02dce9ac2311dabaeb4623a559d37286dfe58baffef53828cc7415a3425,not_applicable,not_applicable,not_applicable,not_applicable,not_applicable,not_applicable,True,False,disabled,False,False,False,False,False,False,False
MODEL_FULL_REFIT,4,34,0.0921174235941,143cc35bbab621d585cb9bf2,91996a9cf747a614ff6d9e08eaafc3583a58b91c,7c23ba6c613d79731d3e3f1f37122ff5f97e6e6845274121313ccb1ba1459e88,67417cf1fd1267cb4a945de8dff854916bd4d5bbde0c55f5d6545b1c4b6881e3,801c0bf9d69ecdd58b21fb2ba4392137048b466668344ebfc4c8faf6a0d3e2f1,177788fe59872f782f56492a52f86c3b5177023ac875c509339d328f5ce5306f,regime_model_v2_full_right_censored_refit,4fc1a02dce9ac2311dabaeb4623a559d37286dfe58baffef53828cc7415a3425,not_applicable,not_applicable,not_applicable,not_applicable,not_applicable,not_applicable,True,False,disabled,False,False,False,False,False,False,False
MODEL_FULL_REFIT,4,35,0.085043046292,143cc35bbab621d585cb9bf2,91996a9cf747a614ff6d9e08eaafc3583a58b91c,7c23ba6c613d79731d3e3f1f37122ff5f97e6e6845274121313ccb1ba1459e88,67417cf1fd1267cb4a945de8dff854916bd4d5bbde0c55f5d6545b1c4b6881e3,801c0bf9d69ecdd58b21fb2ba4392137048b466668344ebfc4c8faf6a0d3e2f1,177788fe59872f782f56492a52f86c3b5177023ac875c509339d328f5ce5306f,regime_model_v2_full_right_censored_refit,4fc1a02dce9ac2311dabaeb4623a559d37286dfe58baffef53828cc7415a3425,not_applicable,not_applicable,not_applicable,not_applicable,not_applicable,not_applicable,True,False,disabled,False,False,False,False,False,False,False
MODEL_FULL_REFIT,4,36,0.0824705698027,143cc35bbab621d585cb9bf2,91996a9cf747a614ff6d9e08eaafc3583a58b91c,7c23ba6c613d79731d3e3f1f37122ff5f97e6e6845274121313ccb1ba1459e88,67417cf1fd1267cb4a945de8dff854916bd4d5bbde0c55f5d6545b1c4b6881e3,801c0bf9d69ecdd58b21fb2ba4392137048b466668344ebfc4c8faf6a0d3e2f1,177788fe59872f782f56492a52f86c3b5177023ac875c509339d328f5ce5306f,regime_model_v2_full_right_censored_refit,4fc1a02dce9ac2311dabaeb4623a559d37286dfe58baffef53828cc7415a3425,not_applicable,not_applicable,not_applicable,not_applicable,not_applicable,not_applicable,True,False,disabled,False,False,False,False,False,False,False
MODEL_FULL_REFIT,4,37,0.0801797206415,143cc35bbab621d585cb9bf2,91996a9cf747a614ff6d9e08eaafc3583a58b91c,7c23ba6c613d79731d3e3f1f37122ff5f97e6e6845274121313ccb1ba1459e88,67417cf1fd1267cb4a945de8dff854916bd4d5bbde0c55f5d6545b1c4b6881e3,801c0bf9d69ecdd58b21fb2ba4392137048b466668344ebfc4c8faf6a0d3e2f1,177788fe59872f782f56492a52f86c3b5177023ac875c509339d328f5ce5306f,regime_model_v2_full_right_censored_refit,4fc1a02dce9ac2311dabaeb4623a559d37286dfe58baffef53828cc7415a3425,not_applicable,not_applicable,not_applicable,not_applicable,not_applicable,not_applicable,True,False,disabled,False,False,False,False,False,False,False
MODEL_FULL_REFIT,4,38,0.0778489148089,143cc35bbab621d585cb9bf2,91996a9cf747a614ff6d9e08eaafc3583a58b91c,7c23ba6c613d79731d3e3f1f37122ff5f97e6e6845274121313ccb1ba1459e88,67417cf1fd1267cb4a945de8dff854916bd4d5bbde0c55f5d6545b1c4b6881e3,801c0bf9d69ecdd58b21fb2ba4392137048b466668344ebfc4c8faf6a0d3e2f1,177788fe59872f782f56492a52f86c3b5177023ac875c509339d328f5ce5306f,regime_model_v2_full_right_censored_refit,4fc1a02dce9ac2311dabaeb4623a559d37286dfe58baffef53828cc7415a3425,not_applicable,not_applicable,not_applicable,not_applicable,not_applicable,not_applicable,True,False,disabled,False,False,False,False,False,False,False
MODEL_FULL_REFIT,4,39,0.0767457925343,143cc35bbab621d585cb9bf2,91996a9cf747a614ff6d9e08eaafc3583a58b91c,7c23ba6c613d79731d3e3f1f37122ff5f97e6e6845274121313ccb1ba1459e88,67417cf1fd1267cb4a945de8dff854916bd4d5bbde0c55f5d6545b1c4b6881e3,801c0bf9d69ecdd58b21fb2ba4392137048b466668344ebfc4c8faf6a0d3e2f1,177788fe59872f782f56492a52f86c3b5177023ac875c509339d328f5ce5306f,regime_model_v2_full_right_censored_refit,4fc1a02dce9ac2311dabaeb4623a559d37286dfe58baffef53828cc7415a3425,not_applicable,not_applicable,not_applicable,not_applicable,not_applicable,not_applicable,True,False,disabled,False,False,False,False,False,False,False
MODEL_FULL_REFIT,4,40,0.0740389907229,143cc35bbab621d585cb9bf2,91996a9cf747a614ff6d9e08eaafc3583a58b91c,7c23ba6c613d79731d3e3f1f37122ff5f97e6e6845274121313ccb1ba1459e88,67417cf1fd1267cb4a945de8dff854916bd4d5bbde0c55f5d6545b1c4b6881e3,801c0bf9d69ecdd58b21fb2ba4392137048b466668344ebfc4c8faf6a0d3e2f1,177788fe59872f782f56492a52f86c3b5177023ac875c509339d328f5ce5306f,regime_model_v2_full_right_censored_refit,4fc1a02dce9ac2311dabaeb4623a559d37286dfe58baffef53828cc7415a3425,not_applicable,not_applicable,not_applicable,not_applicable,not_applicable,not_applicable,True,False,disabled,False,False,False,False,False,False,False
MODEL_FULL_REFIT,4,41,0.0712908185782,143cc35bbab621d585cb9bf2,91996a9cf747a614ff6d9e08eaafc3583a58b91c,7c23ba6c613d79731d3e3f1f37122ff5f97e6e6845274121313ccb1ba1459e88,67417cf1fd1267cb4a945de8dff854916bd4d5bbde0c55f5d6545b1c4b6881e3,801c0bf9d69ecdd58b21fb2ba4392137048b466668344ebfc4c8faf6a0d3e2f1,177788fe59872f782f56492a52f86c3b5177023ac875c509339d328f5ce5306f,regime_model_v2_full_right_censored_refit,4fc1a02dce9ac2311dabaeb4623a559d37286dfe58baffef53828cc7415a3425,not_applicable,not_applicable,not_applicable,not_applicable,not_applicable,not_applicable,True,False,disabled,False,False,False,False,False,False,False
MODEL_FULL_REFIT,4,42,0.0698192191121,143cc35bbab621d585cb9bf2,91996a9cf747a614ff6d9e08eaafc3583a58b91c,7c23ba6c613d79731d3e3f1f37122ff5f97e6e6845274121313ccb1ba1459e88,67417cf1fd1267cb4a945de8dff854916bd4d5bbde0c55f5d6545b1c4b6881e3,801c0bf9d69ecdd58b21fb2ba4392137048b466668344ebfc4c8faf6a0d3e2f1,177788fe59872f782f56492a52f86c3b5177023ac875c509339d328f5ce5306f,regime_model_v2_full_right_censored_refit,4fc1a02dce9ac2311dabaeb4623a559d37286dfe58baffef53828cc7415a3425,not_applicable,not_applicable,not_applicable,not_applicable,not_applicable,not_applicable,True,False,disabled,False,False,False,False,False,False,False
MODEL_FULL_REFIT,4,43,0.0669796814927,143cc35bbab621d585cb9bf2,91996a9cf747a614ff6d9e08eaafc3583a58b91c,7c23ba6c613d79731d3e3f1f37122ff5f97e6e6845274121313ccb1ba1459e88,67417cf1fd1267cb4a945de8dff854916bd4d5bbde0c55f5d6545b1c4b6881e3,801c0bf9d69ecdd58b21fb2ba4392137048b466668344ebfc4c8faf6a0d3e2f1,177788fe59872f782f56492a52f86c3b5177023ac875c509339d328f5ce5306f,regime_model_v2_full_right_censored_refit,4fc1a02dce9ac2311dabaeb4623a559d37286dfe58baffef53828cc7415a3425,not_applicable,not_applicable,not_applicable,not_applicable,not_applicable,not_applicable,True,False,disabled,False,False,False,False,False,False,False
MODEL_FULL_REFIT,4,44,0.0651191347846,143cc35bbab621d585cb9bf2,91996a9cf747a614ff6d9e08eaafc3583a58b91c,7c23ba6c613d79731d3e3f1f37122ff5f97e6e6845274121313ccb1ba1459e88,67417cf1fd1267cb4a945de8dff854916bd4d5bbde0c55f5d6545b1c4b6881e3,801c0bf9d69ecdd58b21fb2ba4392137048b466668344ebfc4c8faf6a0d3e2f1,177788fe59872f782f56492a52f86c3b5177023ac875c509339d328f5ce5306f,regime_model_v2_full_right_censored_refit,4fc1a02dce9ac2311dabaeb4623a559d37286dfe58baffef53828cc7415a3425,not_applicable,not_applicable,not_applicable,not_applicable,not_applicable,not_applicable,True,False,disabled,False,False,False,False,False,False,False
MODEL_FULL_REFIT,4,45,0.0638871511535,143cc35bbab621d585cb9bf2,91996a9cf747a614ff6d9e08eaafc3583a58b91c,7c23ba6c613d79731d3e3f1f37122ff5f97e6e6845274121313ccb1ba1459e88,67417cf1fd1267cb4a945de8dff854916bd4d5bbde0c55f5d6545b1c4b6881e3,801c0bf9d69ecdd58b21fb2ba4392137048b466668344ebfc4c8faf6a0d3e2f1,177788fe59872f782f56492a52f86c3b5177023ac875c509339d328f5ce5306f,regime_model_v2_full_right_censored_refit,4fc1a02dce9ac2311dabaeb4623a559d37286dfe58baffef53828cc7415a3425,not_applicable,not_applicable,not_applicable,not_applicable,not_applicable,not_applicable,True,False,disabled,False,False,False,False,False,False,False
MODEL_FULL_REFIT,4,46,0.0622720265457,143cc35bbab621d585cb9bf2,91996a9cf747a614ff6d9e08eaafc3583a58b91c,7c23ba6c613d79731d3e3f1f37122ff5f97e6e6845274121313ccb1ba1459e88,67417cf1fd1267cb4a945de8dff854916bd4d5bbde0c55f5d6545b1c4b6881e3,801c0bf9d69ecdd58b21fb2ba4392137048b466668344ebfc4c8faf6a0d3e2f1,177788fe59872f782f56492a52f86c3b5177023ac875c509339d328f5ce5306f,regime_model_v2_full_right_censored_refit,4fc1a02dce9ac2311dabaeb4623a559d37286dfe58baffef53828cc7415a3425,not_applicable,not_applicable,not_applicable,not_applicable,not_applicable,not_applicable,True,False,disabled,False,False,False,False,False,False,False
MODEL_FULL_REFIT,4,47,0.0606522339477,143cc35bbab621d585cb9bf2,91996a9cf747a614ff6d9e08eaafc3583a58b91c,7c23ba6c613d79731d3e3f1f37122ff5f97e6e6845274121313ccb1ba1459e88,67417cf1fd1267cb4a945de8dff854916bd4d5bbde0c55f5d6545b1c4b6881e3,801c0bf9d69ecdd58b21fb2ba4392137048b466668344ebfc4c8faf6a0d3e2f1,177788fe59872f782f56492a52f86c3b5177023ac875c509339d328f5ce5306f,regime_model_v2_full_right_censored_refit,4fc1a02dce9ac2311dabaeb4623a559d37286dfe58baffef53828cc7415a3425,not_applicable,not_applicable,not_applicable,not_applicable,not_applicable,not_applicable,True,False,disabled,False,False,False,False,False,False,False
MODEL_FULL_REFIT,4,48,0.0601139005103,143cc35bbab621d585cb9bf2,91996a9cf747a614ff6d9e08eaafc3583a58b91c,7c23ba6c613d79731d3e3f1f37122ff5f97e6e6845274121313ccb1ba1459e88,67417cf1fd1267cb4a945de8dff854916bd4d5bbde0c55f5d6545b1c4b6881e3,801c0bf9d69ecdd58b21fb2ba4392137048b466668344ebfc4c8faf6a0d3e2f1,177788fe59872f782f56492a52f86c3b5177023ac875c509339d328f5ce5306f,regime_model_v2_full_right_censored_refit,4fc1a02dce9ac2311dabaeb4623a559d37286dfe58baffef53828cc7415a3425,not_applicable,not_applicable,not_applicable,not_applicable,not_applicable,not_applicable,True,False,disabled,False,False,False,False,False,False,False
MODEL_FULL_REFIT,4,49,0.0581101038266,143cc35bbab621d585cb9bf2,91996a9cf747a614ff6d9e08eaafc3583a58b91c,7c23ba6c613d79731d3e3f1f37122ff5f97e6e6845274121313ccb1ba1459e88,67417cf1fd1267cb4a945de8dff854916bd4d5bbde0c55f5d6545b1c4b6881e3,801c0bf9d69ecdd58b21fb2ba4392137048b466668344ebfc4c8faf6a0d3e2f1,177788fe59872f782f56492a52f86c3b5177023ac875c509339d328f5ce5306f,regime_model_v2_full_right_censored_refit,4fc1a02dce9ac2311dabaeb4623a559d37286dfe58baffef53828cc7415a3425,not_applicable,not_applicable,not_applicable,not_applicable,not_applicable,not_applicable,True,False,disabled,False,False,False,False,False,False,False
MODEL_FULL_REFIT,4,50,0.056455069224,143cc35bbab621d585cb9bf2,91996a9cf747a614ff6d9e08eaafc3583a58b91c,7c23ba6c613d79731d3e3f1f37122ff5f97e6e6845274121313ccb1ba1459e88,67417cf1fd1267cb4a945de8dff854916bd4d5bbde0c55f5d6545b1c4b6881e3,801c0bf9d69ecdd58b21fb2ba4392137048b466668344ebfc4c8faf6a0d3e2f1,177788fe59872f782f56492a52f86c3b5177023ac875c509339d328f5ce5306f,regime_model_v2_full_right_censored_refit,4fc1a02dce9ac2311dabaeb4623a559d37286dfe58baffef53828cc7415a3425,not_applicable,not_applicable,not_applicable,not_applicable,not_applicable,not_applicable,True,False,disabled,False,False,False,False,False,False,False
MODEL_FULL_REFIT,4,51,0.0551199831275,143cc35bbab621d585cb9bf2,91996a9cf747a614ff6d9e08eaafc3583a58b91c,7c23ba6c613d79731d3e3f1f37122ff5f97e6e6845274121313ccb1ba1459e88,67417cf1fd1267cb4a945de8dff854916bd4d5bbde0c55f5d6545b1c4b6881e3,801c0bf9d69ecdd58b21fb2ba4392137048b466668344ebfc4c8faf6a0d3e2f1,177788fe59872f782f56492a52f86c3b5177023ac875c509339d328f5ce5306f,regime_model_v2_full_right_censored_refit,4fc1a02dce9ac2311dabaeb4623a559d37286dfe58baffef53828cc7415a3425,not_applicable,not_applicable,not_applicable,not_applicable,not_applicable,not_applicable,True,False,disabled,False,False,False,False,False,False,False
MODEL_FULL_REFIT,4,52,0.0545377297846,143cc35bbab621d585cb9bf2,91996a9cf747a614ff6d9e08eaafc3583a58b91c,7c23ba6c613d79731d3e3f1f37122ff5f97e6e6845274121313ccb1ba1459e88,67417cf1fd1267cb4a945de8dff854916bd4d5bbde0c55f5d6545b1c4b6881e3,801c0bf9d69ecdd58b21fb2ba4392137048b466668344ebfc4c8faf6a0d3e2f1,177788fe59872f782f56492a52f86c3b5177023ac875c509339d328f5ce5306f,regime_model_v2_full_right_censored_refit,4fc1a02dce9ac2311dabaeb4623a559d37286dfe58baffef53828cc7415a3425,not_applicable,not_applicable,not_applicable,not_applicable,not_applicable,not_applicable,True,False,disabled,False,False,False,False,False,False,False
MODEL_FULL_REFIT,4,53,0.05233215983,143cc35bbab621d585cb9bf2,91996a9cf747a614ff6d9e08eaafc3583a58b91c,7c23ba6c613d79731d3e3f1f37122ff5f97e6e6845274121313ccb1ba1459e88,67417cf1fd1267cb4a945de8dff854916bd4d5bbde0c55f5d6545b1c4b6881e3,801c0bf9d69ecdd58b21fb2ba4392137048b466668344ebfc4c8faf6a0d3e2f1,177788fe59872f782f56492a52f86c3b5177023ac875c509339d328f5ce5306f,regime_model_v2_full_right_censored_refit,4fc1a02dce9ac2311dabaeb4623a559d37286dfe58baffef53828cc7415a3425,not_applicable,not_applicable,not_applicable,not_applicable,not_applicable,not_applicable,True,False,disabled,False,False,False,False,False,False,False
MODEL_FULL_REFIT,4,54,0.0500109753214,143cc35bbab621d585cb9bf2,91996a9cf747a614ff6d9e08eaafc3583a58b91c,7c23ba6c613d79731d3e3f1f37122ff5f97e6e6845274121313ccb1ba1459e88,67417cf1fd1267cb4a945de8dff854916bd4d5bbde0c55f5d6545b1c4b6881e3,801c0bf9d69ecdd58b21fb2ba4392137048b466668344ebfc4c8faf6a0d3e2f1,177788fe59872f782f56492a52f86c3b5177023ac875c509339d328f5ce5306f,regime_model_v2_full_right_censored_refit,4fc1a02dce9ac2311dabaeb4623a559d37286dfe58baffef53828cc7415a3425,not_applicable,not_applicable,not_applicable,not_applicable,not_applicable,not_applicable,True,False,disabled,False,False,False,False,False,False,False
MODEL_FULL_REFIT,4,55,0.048874362246,143cc35bbab621d585cb9bf2,91996a9cf747a614ff6d9e08eaafc3583a58b91c,7c23ba6c613d79731d3e3f1f37122ff5f97e6e6845274121313ccb1ba1459e88,67417cf1fd1267cb4a945de8dff854916bd4d5bbde0c55f5d6545b1c4b6881e3,801c0bf9d69ecdd58b21fb2ba4392137048b466668344ebfc4c8faf6a0d3e2f1,177788fe59872f782f56492a52f86c3b5177023ac875c509339d328f5ce5306f,regime_model_v2_full_right_censored_refit,4fc1a02dce9ac2311dabaeb4623a559d37286dfe58baffef53828cc7415a3425,not_applicable,not_applicable,not_applicable,not_applicable,not_applicable,not_applicable,True,False,disabled,False,False,False,False,False,False,False
MODEL_FULL_REFIT,4,56,0.0477106869544,143cc35bbab621d585cb9bf2,91996a9cf747a614ff6d9e08eaafc3583a58b91c,7c23ba6c613d79731d3e3f1f37122ff5f97e6e6845274121313ccb1ba1459e88,67417cf1fd1267cb4a945de8dff854916bd4d5bbde0c55f5d6545b1c4b6881e3,801c0bf9d69ecdd58b21fb2ba4392137048b466668344ebfc4c8faf6a0d3e2f1,177788fe59872f782f56492a52f86c3b5177023ac875c509339d328f5ce5306f,regime_model_v2_full_right_censored_refit,4fc1a02dce9ac2311dabaeb4623a559d37286dfe58baffef53828cc7415a3425,not_applicable,not_applicable,not_applicable,not_applicable,not_applicable,not_applicable,True,False,disabled,False,False,False,False,False,False,False
MODEL_FULL_REFIT,4,57,0.0460239454964,143cc35bbab621d585cb9bf2,91996a9cf747a614ff6d9e08eaafc3583a58b91c,7c23ba6c613d79731d3e3f1f37122ff5f97e6e6845274121313ccb1ba1459e88,67417cf1fd1267cb4a945de8dff854916bd4d5bbde0c55f5d6545b1c4b6881e3,801c0bf9d69ecdd58b21fb2ba4392137048b466668344ebfc4c8faf6a0d3e2f1,177788fe59872f782f56492a52f86c3b5177023ac875c509339d328f5ce5306f,regime_model_v2_full_right_censored_refit,4fc1a02dce9ac2311dabaeb4623a559d37286dfe58baffef53828cc7415a3425,not_applicable,not_applicable,not_applicable,not_applicable,not_applicable,not_applicable,True,False,disabled,False,False,False,False,False,False,False
MODEL_FULL_REFIT,4,58,0.0437480361037,143cc35bbab621d585cb9bf2,91996a9cf747a614ff6d9e08eaafc3583a58b91c,7c23ba6c613d79731d3e3f1f37122ff5f97e6e6845274121313ccb1ba1459e88,67417cf1fd1267cb4a945de8dff854916bd4d5bbde0c55f5d6545b1c4b6881e3,801c0bf9d69ecdd58b21fb2ba4392137048b466668344ebfc4c8faf6a0d3e2f1,177788fe59872f782f56492a52f86c3b5177023ac875c509339d328f5ce5306f,regime_model_v2_full_right_censored_refit,4fc1a02dce9ac2311dabaeb4623a559d37286dfe58baffef53828cc7415a3425,not_applicable,not_applicable,not_applicable,not_applicable,not_applicable,not_applicable,True,False,disabled,False,False,False,False,False,False,False
MODEL_FULL_REFIT,4,59,0.0429668211733,143cc35bbab621d585cb9bf2,91996a9cf747a614ff6d9e08eaafc3583a58b91c,7c23ba6c613d79731d3e3f1f37122ff5f97e6e6845274121313ccb1ba1459e88,67417cf1fd1267cb4a945de8dff854916bd4d5bbde0c55f5d6545b1c4b6881e3,801c0bf9d69ecdd58b21fb2ba4392137048b466668344ebfc4c8faf6a0d3e2f1,177788fe59872f782f56492a52f86c3b5177023ac875c509339d328f5ce5306f,regime_model_v2_full_right_censored_refit,4fc1a02dce9ac2311dabaeb4623a559d37286dfe58baffef53828cc7415a3425,not_applicable,not_applicable,not_applicable,not_applicable,not_applicable,not_applicable,True,False,disabled,False,False,False,False,False,False,False
MODEL_FULL_REFIT,4,60,0.0421611932763,143cc35bbab621d585cb9bf2,91996a9cf747a614ff6d9e08eaafc3583a58b91c,7c23ba6c613d79731d3e3f1f37122ff5f97e6e6845274121313ccb1ba1459e88,67417cf1fd1267cb4a945de8dff854916bd4d5bbde0c55f5d6545b1c4b6881e3,801c0bf9d69ecdd58b21fb2ba4392137048b466668344ebfc4c8faf6a0d3e2f1,177788fe59872f782f56492a52f86c3b5177023ac875c509339d328f5ce5306f,regime_model_v2_full_right_censored_refit,4fc1a02dce9ac2311dabaeb4623a559d37286dfe58baffef53828cc7415a3425,not_applicable,not_applicable,not_applicable,not_applicable,not_applicable,not_applicable,True,False,disabled,False,False,False,False,False,False,False
MODEL_FULL_REFIT,4,61,0.0413398713294,143cc35bbab621d585cb9bf2,91996a9cf747a614ff6d9e08eaafc3583a58b91c,7c23ba6c613d79731d3e3f1f37122ff5f97e6e6845274121313ccb1ba1459e88,67417cf1fd1267cb4a945de8dff854916bd4d5bbde0c55f5d6545b1c4b6881e3,801c0bf9d69ecdd58b21fb2ba4392137048b466668344ebfc4c8faf6a0d3e2f1,177788fe59872f782f56492a52f86c3b5177023ac875c509339d328f5ce5306f,regime_model_v2_full_right_censored_refit,4fc1a02dce9ac2311dabaeb4623a559d37286dfe58baffef53828cc7415a3425,not_applicable,not_applicable,not_applicable,not_applicable,not_applicable,not_applicable,True,False,disabled,False,False,False,False,False,False,False
MODEL_FULL_REFIT,4,62,0.0410567215257,143cc35bbab621d585cb9bf2,91996a9cf747a614ff6d9e08eaafc3583a58b91c,7c23ba6c613d79731d3e3f1f37122ff5f97e6e6845274121313ccb1ba1459e88,67417cf1fd1267cb4a945de8dff854916bd4d5bbde0c55f5d6545b1c4b6881e3,801c0bf9d69ecdd58b21fb2ba4392137048b466668344ebfc4c8faf6a0d3e2f1,177788fe59872f782f56492a52f86c3b5177023ac875c509339d328f5ce5306f,regime_model_v2_full_right_censored_refit,4fc1a02dce9ac2311dabaeb4623a559d37286dfe58baffef53828cc7415a3425,not_applicable,not_applicable,not_applicable,not_applicable,not_applicable,not_applicable,True,False,disabled,False,False,False,False,False,False,False
MODEL_FULL_REFIT,4,63,0.0395904100427,143cc35bbab621d585cb9bf2,91996a9cf747a614ff6d9e08eaafc3583a58b91c,7c23ba6c613d79731d3e3f1f37122ff5f97e6e6845274121313ccb1ba1459e88,67417cf1fd1267cb4a945de8dff854916bd4d5bbde0c55f5d6545b1c4b6881e3,801c0bf9d69ecdd58b21fb2ba4392137048b466668344ebfc4c8faf6a0d3e2f1,177788fe59872f782f56492a52f86c3b5177023ac875c509339d328f5ce5306f,regime_model_v2_full_right_censored_refit,4fc1a02dce9ac2311dabaeb4623a559d37286dfe58baffef53828cc7415a3425,not_applicable,not_applicable,not_applicable,not_applicable,not_applicable,not_applicable,True,False,disabled,False,False,False,False,False,False,False
MODEL_FULL_REFIT,4,64,0.0386477812321,143cc35bbab621d585cb9bf2,91996a9cf747a614ff6d9e08eaafc3583a58b91c,7c23ba6c613d79731d3e3f1f37122ff5f97e6e6845274121313ccb1ba1459e88,67417cf1fd1267cb4a945de8dff854916bd4d5bbde0c55f5d6545b1c4b6881e3,801c0bf9d69ecdd58b21fb2ba4392137048b466668344ebfc4c8faf6a0d3e2f1,177788fe59872f782f56492a52f86c3b5177023ac875c509339d328f5ce5306f,regime_model_v2_full_right_censored_refit,4fc1a02dce9ac2311dabaeb4623a559d37286dfe58baffef53828cc7415a3425,not_applicable,not_applicable,not_applicable,not_applicable,not_applicable,not_applicable,True,False,disabled,False,False,False,False,False,False,False
MODEL_FULL_REFIT,4,65,0.0376125728063,143cc35bbab621d585cb9bf2,91996a9cf747a614ff6d9e08eaafc3583a58b91c,7c23ba6c613d79731d3e3f1f37122ff5f97e6e6845274121313ccb1ba1459e88,67417cf1fd1267cb4a945de8dff854916bd4d5bbde0c55f5d6545b1c4b6881e3,801c0bf9d69ecdd58b21fb2ba4392137048b466668344ebfc4c8faf6a0d3e2f1,177788fe59872f782f56492a52f86c3b5177023ac875c509339d328f5ce5306f,regime_model_v2_full_right_censored_refit,4fc1a02dce9ac2311dabaeb4623a559d37286dfe58baffef53828cc7415a3425,not_applicable,not_applicable,not_applicable,not_applicable,not_applicable,not_applicable,True,False,disabled,False,False,False,False,False,False,False
MODEL_FULL_REFIT,4,66,0.0358042760367,143cc35bbab621d585cb9bf2,91996a9cf747a614ff6d9e08eaafc3583a58b91c,7c23ba6c613d79731d3e3f1f37122ff5f97e6e6845274121313ccb1ba1459e88,67417cf1fd1267cb4a945de8dff854916bd4d5bbde0c55f5d6545b1c4b6881e3,801c0bf9d69ecdd58b21fb2ba4392137048b466668344ebfc4c8faf6a0d3e2f1,177788fe59872f782f56492a52f86c3b5177023ac875c509339d328f5ce5306f,regime_model_v2_full_right_censored_refit,4fc1a02dce9ac2311dabaeb4623a559d37286dfe58baffef53828cc7415a3425,not_applicable,not_applicable,not_applicable,not_applicable,not_applicable,not_applicable,True,False,disabled,False,False,False,False,False,False,False
MODEL_FULL_REFIT,4,67,0.0346367452964,143cc35bbab621d585cb9bf2,91996a9cf747a614ff6d9e08eaafc3583a58b91c,7c23ba6c613d79731d3e3f1f37122ff5f97e6e6845274121313ccb1ba1459e88,67417cf1fd1267cb4a945de8dff854916bd4d5bbde0c55f5d6545b1c4b6881e3,801c0bf9d69ecdd58b21fb2ba4392137048b466668344ebfc4c8faf6a0d3e2f1,177788fe59872f782f56492a52f86c3b5177023ac875c509339d328f5ce5306f,regime_model_v2_full_right_censored_refit,4fc1a02dce9ac2311dabaeb4623a559d37286dfe58baffef53828cc7415a3425,not_applicable,not_applicable,not_applicable,not_applicable,not_applicable,not_applicable,True,False,disabled,False,False,False,False,False,False,False
MODEL_FULL_REFIT,4,68,0.0342037859802,143cc35bbab621d585cb9bf2,91996a9cf747a614ff6d9e08eaafc3583a58b91c,7c23ba6c613d79731d3e3f1f37122ff5f97e6e6845274121313ccb1ba1459e88,67417cf1fd1267cb4a945de8dff854916bd4d5bbde0c55f5d6545b1c4b6881e3,801c0bf9d69ecdd58b21fb2ba4392137048b466668344ebfc4c8faf6a0d3e2f1,177788fe59872f782f56492a52f86c3b5177023ac875c509339d328f5ce5306f,regime_model_v2_full_right_censored_refit,4fc1a02dce9ac2311dabaeb4623a559d37286dfe58baffef53828cc7415a3425,not_applicable,not_applicable,not_applicable,not_applicable,not_applicable,not_applicable,True,False,disabled,False,False,False,False,False,False,False
MODEL_FULL_REFIT,4,69,0.0337537361647,143cc35bbab621d585cb9bf2,91996a9cf747a614ff6d9e08eaafc3583a58b91c,7c23ba6c613d79731d3e3f1f37122ff5f97e6e6845274121313ccb1ba1459e88,67417cf1fd1267cb4a945de8dff854916bd4d5bbde0c55f5d6545b1c4b6881e3,801c0bf9d69ecdd58b21fb2ba4392137048b466668344ebfc4c8faf6a0d3e2f1,177788fe59872f782f56492a52f86c3b5177023ac875c509339d328f5ce5306f,regime_model_v2_full_right_censored_refit,4fc1a02dce9ac2311dabaeb4623a559d37286dfe58baffef53828cc7415a3425,not_applicable,not_applicable,not_applicable,not_applicable,not_applicable,not_applicable,True,False,disabled,False,False,False,False,False,False,False
MODEL_FULL_REFIT,4,70,0.0332573576917,143cc35bbab621d585cb9bf2,91996a9cf747a614ff6d9e08eaafc3583a58b91c,7c23ba6c613d79731d3e3f1f37122ff5f97e6e6845274121313ccb1ba1459e88,67417cf1fd1267cb4a945de8dff854916bd4d5bbde0c55f5d6545b1c4b6881e3,801c0bf9d69ecdd58b21fb2ba4392137048b466668344ebfc4c8faf6a0d3e2f1,177788fe59872f782f56492a52f86c3b5177023ac875c509339d328f5ce5306f,regime_model_v2_full_right_censored_refit,4fc1a02dce9ac2311dabaeb4623a559d37286dfe58baffef53828cc7415a3425,not_applicable,not_applicable,not_applicable,not_applicable,not_applicable,not_applicable,True,False,disabled,False,False,False,False,False,False,False
MODEL_FULL_REFIT,4,71,0.0326839549728,143cc35bbab621d585cb9bf2,91996a9cf747a614ff6d9e08eaafc3583a58b91c,7c23ba6c613d79731d3e3f1f37122ff5f97e6e6845274121313ccb1ba1459e88,67417cf1fd1267cb4a945de8dff854916bd4d5bbde0c55f5d6545b1c4b6881e3,801c0bf9d69ecdd58b21fb2ba4392137048b466668344ebfc4c8faf6a0d3e2f1,177788fe59872f782f56492a52f86c3b5177023ac875c509339d328f5ce5306f,regime_model_v2_full_right_censored_refit,4fc1a02dce9ac2311dabaeb4623a559d37286dfe58baffef53828cc7415a3425,not_applicable,not_applicable,not_applicable,not_applicable,not_applicable,not_applicable,True,False,disabled,False,False,False,False,False,False,False
MODEL_FULL_REFIT,4,72,0.0320786965474,143cc35bbab621d585cb9bf2,91996a9cf747a614ff6d9e08eaafc3583a58b91c,7c23ba6c613d79731d3e3f1f37122ff5f97e6e6845274121313ccb1ba1459e88,67417cf1fd1267cb4a945de8dff854916bd4d5bbde0c55f5d6545b1c4b6881e3,801c0bf9d69ecdd58b21fb2ba4392137048b466668344ebfc4c8faf6a0d3e2f1,177788fe59872f782f56492a52f86c3b5177023ac875c509339d328f5ce5306f,regime_model_v2_full_right_censored_refit,4fc1a02dce9ac2311dabaeb4623a559d37286dfe58baffef53828cc7415a3425,not_applicable,not_applicable,not_applicable,not_applicable,not_applicable,not_applicable,True,False,disabled,False,False,False,False,False,False,False
MODEL_FULL_REFIT,4,73,0.0312767291337,143cc35bbab621d585cb9bf2,91996a9cf747a614ff6d9e08eaafc3583a58b91c,7c23ba6c613d79731d3e3f1f37122ff5f97e6e6845274121313ccb1ba1459e88,67417cf1fd1267cb4a945de8dff854916bd4d5bbde0c55f5d6545b1c4b6881e3,801c0bf9d69ecdd58b21fb2ba4392137048b466668344ebfc4c8faf6a0d3e2f1,177788fe59872f782f56492a52f86c3b5177023ac875c509339d328f5ce5306f,regime_model_v2_full_right_censored_refit,4fc1a02dce9ac2311dabaeb4623a559d37286dfe58baffef53828cc7415a3425,not_applicable,not_applicable,not_applicable,not_applicable,not_applicable,not_applicable,True,False,disabled,False,False,False,False,False,False,False
MODEL_FULL_REFIT,4,74,0.0304536573144,143cc35bbab621d585cb9bf2,91996a9cf747a614ff6d9e08eaafc3583a58b91c,7c23ba6c613d79731d3e3f1f37122ff5f97e6e6845274121313ccb1ba1459e88,67417cf1fd1267cb4a945de8dff854916bd4d5bbde0c55f5d6545b1c4b6881e3,801c0bf9d69ecdd58b21fb2ba4392137048b466668344ebfc4c8faf6a0d3e2f1,177788fe59872f782f56492a52f86c3b5177023ac875c509339d328f5ce5306f,regime_model_v2_full_right_censored_refit,4fc1a02dce9ac2311dabaeb4623a559d37286dfe58baffef53828cc7415a3425,not_applicable,not_applicable,not_applicable,not_applicable,not_applicable,not_applicable,True,False,disabled,False,False,False,False,False,False,False
MODEL_FULL_REFIT,4,75,0.0295579615111,143cc35bbab621d585cb9bf2,91996a9cf747a614ff6d9e08eaafc3583a58b91c,7c23ba6c613d79731d3e3f1f37122ff5f97e6e6845274121313ccb1ba1459e88,67417cf1fd1267cb4a945de8dff854916bd4d5bbde0c55f5d6545b1c4b6881e3,801c0bf9d69ecdd58b21fb2ba4392137048b466668344ebfc4c8faf6a0d3e2f1,177788fe59872f782f56492a52f86c3b5177023ac875c509339d328f5ce5306f,regime_model_v2_full_right_censored_refit,4fc1a02dce9ac2311dabaeb4623a559d37286dfe58baffef53828cc7415a3425,not_applicable,not_applicable,not_applicable,not_applicable,not_applicable,not_applicable,True,False,disabled,False,False,False,False,False,False,False
MODEL_FULL_REFIT,4,76,0.0284211168376,143cc35bbab621d585cb9bf2,91996a9cf747a614ff6d9e08eaafc3583a58b91c,7c23ba6c613d79731d3e3f1f37122ff5f97e6e6845274121313ccb1ba1459e88,67417cf1fd1267cb4a945de8dff854916bd4d5bbde0c55f5d6545b1c4b6881e3,801c0bf9d69ecdd58b21fb2ba4392137048b466668344ebfc4c8faf6a0d3e2f1,177788fe59872f782f56492a52f86c3b5177023ac875c509339d328f5ce5306f,regime_model_v2_full_right_censored_refit,4fc1a02dce9ac2311dabaeb4623a559d37286dfe58baffef53828cc7415a3425,not_applicable,not_applicable,not_applicable,not_applicable,not_applicable,not_applicable,True,False,disabled,False,False,False,False,False,False,False
MODEL_FULL_REFIT,4,77,0.0263910370635,143cc35bbab621d585cb9bf2,91996a9cf747a614ff6d9e08eaafc3583a58b91c,7c23ba6c613d79731d3e3f1f37122ff5f97e6e6845274121313ccb1ba1459e88,67417cf1fd1267cb4a945de8dff854916bd4d5bbde0c55f5d6545b1c4b6881e3,801c0bf9d69ecdd58b21fb2ba4392137048b466668344ebfc4c8faf6a0d3e2f1,177788fe59872f782f56492a52f86c3b5177023ac875c509339d328f5ce5306f,regime_model_v2_full_right_censored_refit,4fc1a02dce9ac2311dabaeb4623a559d37286dfe58baffef53828cc7415a3425,not_applicable,not_applicable,not_applicable,not_applicable,not_applicable,not_applicable,True,False,disabled,False,False,False,False,False,False,False
MODEL_FULL_REFIT,4,78,0.0245059629875,143cc35bbab621d585cb9bf2,91996a9cf747a614ff6d9e08eaafc3583a58b91c,7c23ba6c613d79731d3e3f1f37122ff5f97e6e6845274121313ccb1ba1459e88,67417cf1fd1267cb4a945de8dff854916bd4d5bbde0c55f5d6545b1c4b6881e3,801c0bf9d69ecdd58b21fb2ba4392137048b466668344ebfc4c8faf6a0d3e2f1,177788fe59872f782f56492a52f86c3b5177023ac875c509339d328f5ce5306f,regime_model_v2_full_right_censored_refit,4fc1a02dce9ac2311dabaeb4623a559d37286dfe58baffef53828cc7415a3425,not_applicable,not_applicable,not_applicable,not_applicable,not_applicable,not_applicable,True,False,disabled,False,False,False,False,False,False,False
MODEL_FULL_REFIT,5,1,0.804936599778,143cc35bbab621d585cb9bf2,91996a9cf747a614ff6d9e08eaafc3583a58b91c,7c23ba6c613d79731d3e3f1f37122ff5f97e6e6845274121313ccb1ba1459e88,67417cf1fd1267cb4a945de8dff854916bd4d5bbde0c55f5d6545b1c4b6881e3,801c0bf9d69ecdd58b21fb2ba4392137048b466668344ebfc4c8faf6a0d3e2f1,177788fe59872f782f56492a52f86c3b5177023ac875c509339d328f5ce5306f,regime_model_v2_full_right_censored_refit,4fc1a02dce9ac2311dabaeb4623a559d37286dfe58baffef53828cc7415a3425,not_applicable,not_applicable,not_applicable,not_applicable,not_applicable,not_applicable,True,False,disabled,False,False,False,False,False,False,False
MODEL_FULL_REFIT,5,2,0.723811762577,143cc35bbab621d585cb9bf2,91996a9cf747a614ff6d9e08eaafc3583a58b91c,7c23ba6c613d79731d3e3f1f37122ff5f97e6e6845274121313ccb1ba1459e88,67417cf1fd1267cb4a945de8dff854916bd4d5bbde0c55f5d6545b1c4b6881e3,801c0bf9d69ecdd58b21fb2ba4392137048b466668344ebfc4c8faf6a0d3e2f1,177788fe59872f782f56492a52f86c3b5177023ac875c509339d328f5ce5306f,regime_model_v2_full_right_censored_refit,4fc1a02dce9ac2311dabaeb4623a559d37286dfe58baffef53828cc7415a3425,not_applicable,not_applicable,not_applicable,not_applicable,not_applicable,not_applicable,True,False,disabled,False,False,False,False,False,False,False
MODEL_FULL_REFIT,5,3,0.614443232577,143cc35bbab621d585cb9bf2,91996a9cf747a614ff6d9e08eaafc3583a58b91c,7c23ba6c613d79731d3e3f1f37122ff5f97e6e6845274121313ccb1ba1459e88,67417cf1fd1267cb4a945de8dff854916bd4d5bbde0c55f5d6545b1c4b6881e3,801c0bf9d69ecdd58b21fb2ba4392137048b466668344ebfc4c8faf6a0d3e2f1,177788fe59872f782f56492a52f86c3b5177023ac875c509339d328f5ce5306f,regime_model_v2_full_right_censored_refit,4fc1a02dce9ac2311dabaeb4623a559d37286dfe58baffef53828cc7415a3425,not_applicable,not_applicable,not_applicable,not_applicable,not_applicable,not_applicable,True,False,disabled,False,False,False,False,False,False,False
MODEL_FULL_REFIT,5,4,0.521313552883,143cc35bbab621d585cb9bf2,91996a9cf747a614ff6d9e08eaafc3583a58b91c,7c23ba6c613d79731d3e3f1f37122ff5f97e6e6845274121313ccb1ba1459e88,67417cf1fd1267cb4a945de8dff854916bd4d5bbde0c55f5d6545b1c4b6881e3,801c0bf9d69ecdd58b21fb2ba4392137048b466668344ebfc4c8faf6a0d3e2f1,177788fe59872f782f56492a52f86c3b5177023ac875c509339d328f5ce5306f,regime_model_v2_full_right_censored_refit,4fc1a02dce9ac2311dabaeb4623a559d37286dfe58baffef53828cc7415a3425,not_applicable,not_applicable,not_applicable,not_applicable,not_applicable,not_applicable,True,False,disabled,False,False,False,False,False,False,False
MODEL_FULL_REFIT,5,5,0.446831209,143cc35bbab621d585cb9bf2,91996a9cf747a614ff6d9e08eaafc3583a58b91c,7c23ba6c613d79731d3e3f1f37122ff5f97e6e6845274121313ccb1ba1459e88,67417cf1fd1267cb4a945de8dff854916bd4d5bbde0c55f5d6545b1c4b6881e3,801c0bf9d69ecdd58b21fb2ba4392137048b466668344ebfc4c8faf6a0d3e2f1,177788fe59872f782f56492a52f86c3b5177023ac875c509339d328f5ce5306f,regime_model_v2_full_right_censored_refit,4fc1a02dce9ac2311dabaeb4623a559d37286dfe58baffef53828cc7415a3425,not_applicable,not_applicable,not_applicable,not_applicable,not_applicable,not_applicable,True,False,disabled,False,False,False,False,False,False,False
MODEL_FULL_REFIT,5,6,0.376860041141,143cc35bbab621d585cb9bf2,91996a9cf747a614ff6d9e08eaafc3583a58b91c,7c23ba6c613d79731d3e3f1f37122ff5f97e6e6845274121313ccb1ba1459e88,67417cf1fd1267cb4a945de8dff854916bd4d5bbde0c55f5d6545b1c4b6881e3,801c0bf9d69ecdd58b21fb2ba4392137048b466668344ebfc4c8faf6a0d3e2f1,177788fe59872f782f56492a52f86c3b5177023ac875c509339d328f5ce5306f,regime_model_v2_full_right_censored_refit,4fc1a02dce9ac2311dabaeb4623a559d37286dfe58baffef53828cc7415a3425,not_applicable,not_applicable,not_applicable,not_applicable,not_applicable,not_applicable,True,False,disabled,False,False,False,False,False,False,False
MODEL_FULL_REFIT,5,7,0.317106225893,143cc35bbab621d585cb9bf2,91996a9cf747a614ff6d9e08eaafc3583a58b91c,7c23ba6c613d79731d3e3f1f37122ff5f97e6e6845274121313ccb1ba1459e88,67417cf1fd1267cb4a945de8dff854916bd4d5bbde0c55f5d6545b1c4b6881e3,801c0bf9d69ecdd58b21fb2ba4392137048b466668344ebfc4c8faf6a0d3e2f1,177788fe59872f782f56492a52f86c3b5177023ac875c509339d328f5ce5306f,regime_model_v2_full_right_censored_refit,4fc1a02dce9ac2311dabaeb4623a559d37286dfe58baffef53828cc7415a3425,not_applicable,not_applicable,not_applicable,not_applicable,not_applicable,not_applicable,True,False,disabled,False,False,False,False,False,False,False
MODEL_FULL_REFIT,5,8,0.269806235729,143cc35bbab621d585cb9bf2,91996a9cf747a614ff6d9e08eaafc3583a58b91c,7c23ba6c613d79731d3e3f1f37122ff5f97e6e6845274121313ccb1ba1459e88,67417cf1fd1267cb4a945de8dff854916bd4d5bbde0c55f5d6545b1c4b6881e3,801c0bf9d69ecdd58b21fb2ba4392137048b466668344ebfc4c8faf6a0d3e2f1,177788fe59872f782f56492a52f86c3b5177023ac875c509339d328f5ce5306f,regime_model_v2_full_right_censored_refit,4fc1a02dce9ac2311dabaeb4623a559d37286dfe58baffef53828cc7415a3425,not_applicable,not_applicable,not_applicable,not_applicable,not_applicable,not_applicable,True,False,disabled,False,False,False,False,False,False,False
MODEL_FULL_REFIT,5,9,0.233031798232,143cc35bbab621d585cb9bf2,91996a9cf747a614ff6d9e08eaafc3583a58b91c,7c23ba6c613d79731d3e3f1f37122ff5f97e6e6845274121313ccb1ba1459e88,67417cf1fd1267cb4a945de8dff854916bd4d5bbde0c55f5d6545b1c4b6881e3,801c0bf9d69ecdd58b21fb2ba4392137048b466668344ebfc4c8faf6a0d3e2f1,177788fe59872f782f56492a52f86c3b5177023ac875c509339d328f5ce5306f,regime_model_v2_full_right_censored_refit,4fc1a02dce9ac2311dabaeb4623a559d37286dfe58baffef53828cc7415a3425,not_applicable,not_applicable,not_applicable,not_applicable,not_applicable,not_applicable,True,False,disabled,False,False,False,False,False,False,False
MODEL_FULL_REFIT,5,10,0.204490806032,143cc35bbab621d585cb9bf2,91996a9cf747a614ff6d9e08eaafc3583a58b91c,7c23ba6c613d79731d3e3f1f37122ff5f97e6e6845274121313ccb1ba1459e88,67417cf1fd1267cb4a945de8dff854916bd4d5bbde0c55f5d6545b1c4b6881e3,801c0bf9d69ecdd58b21fb2ba4392137048b466668344ebfc4c8faf6a0d3e2f1,177788fe59872f782f56492a52f86c3b5177023ac875c509339d328f5ce5306f,regime_model_v2_full_right_censored_refit,4fc1a02dce9ac2311dabaeb4623a559d37286dfe58baffef53828cc7415a3425,not_applicable,not_applicable,not_applicable,not_applicable,not_applicable,not_applicable,True,False,disabled,False,False,False,False,False,False,False
MODEL_FULL_REFIT,5,11,0.177229601623,143cc35bbab621d585cb9bf2,91996a9cf747a614ff6d9e08eaafc3583a58b91c,7c23ba6c613d79731d3e3f1f37122ff5f97e6e6845274121313ccb1ba1459e88,67417cf1fd1267cb4a945de8dff854916bd4d5bbde0c55f5d6545b1c4b6881e3,801c0bf9d69ecdd58b21fb2ba4392137048b466668344ebfc4c8faf6a0d3e2f1,177788fe59872f782f56492a52f86c3b5177023ac875c509339d328f5ce5306f,regime_model_v2_full_right_censored_refit,4fc1a02dce9ac2311dabaeb4623a559d37286dfe58baffef53828cc7415a3425,not_applicable,not_applicable,not_applicable,not_applicable,not_applicable,not_applicable,True,False,disabled,False,False,False,False,False,False,False
MODEL_FULL_REFIT,5,12,0.146144495743,143cc35bbab621d585cb9bf2,91996a9cf747a614ff6d9e08eaafc3583a58b91c,7c23ba6c613d79731d3e3f1f37122ff5f97e6e6845274121313ccb1ba1459e88,67417cf1fd1267cb4a945de8dff854916bd4d5bbde0c55f5d6545b1c4b6881e3,801c0bf9d69ecdd58b21fb2ba4392137048b466668344ebfc4c8faf6a0d3e2f1,177788fe59872f782f56492a52f86c3b5177023ac875c509339d328f5ce5306f,regime_model_v2_full_right_censored_refit,4fc1a02dce9ac2311dabaeb4623a559d37286dfe58baffef53828cc7415a3425,not_applicable,not_applicable,not_applicable,not_applicable,not_applicable,not_applicable,True,False,disabled,False,False,False,False,False,False,False
MODEL_FULL_REFIT,5,13,0.12394935692,143cc35bbab621d585cb9bf2,91996a9cf747a614ff6d9e08eaafc3583a58b91c,7c23ba6c613d79731d3e3f1f37122ff5f97e6e6845274121313ccb1ba1459e88,67417cf1fd1267cb4a945de8dff854916bd4d5bbde0c55f5d6545b1c4b6881e3,801c0bf9d69ecdd58b21fb2ba4392137048b466668344ebfc4c8faf6a0d3e2f1,177788fe59872f782f56492a52f86c3b5177023ac875c509339d328f5ce5306f,regime_model_v2_full_right_censored_refit,4fc1a02dce9ac2311dabaeb4623a559d37286dfe58baffef53828cc7415a3425,not_applicable,not_applicable,not_applicable,not_applicable,not_applicable,not_applicable,True,False,disabled,False,False,False,False,False,False,False
MODEL_FULL_REFIT,5,14,0.0996817798459,143cc35bbab621d585cb9bf2,91996a9cf747a614ff6d9e08eaafc3583a58b91c,7c23ba6c613d79731d3e3f1f37122ff5f97e6e6845274121313ccb1ba1459e88,67417cf1fd1267cb4a945de8dff854916bd4d5bbde0c55f5d6545b1c4b6881e3,801c0bf9d69ecdd58b21fb2ba4392137048b466668344ebfc4c8faf6a0d3e2f1,177788fe59872f782f56492a52f86c3b5177023ac875c509339d328f5ce5306f,regime_model_v2_full_right_censored_refit,4fc1a02dce9ac2311dabaeb4623a559d37286dfe58baffef53828cc7415a3425,not_applicable,not_applicable,not_applicable,not_applicable,not_applicable,not_applicable,True,False,disabled,False,False,False,False,False,False,False
MODEL_FULL_REFIT,5,15,0.0812858447402,143cc35bbab621d585cb9bf2,91996a9cf747a614ff6d9e08eaafc3583a58b91c,7c23ba6c613d79731d3e3f1f37122ff5f97e6e6845274121313ccb1ba1459e88,67417cf1fd1267cb4a945de8dff854916bd4d5bbde0c55f5d6545b1c4b6881e3,801c0bf9d69ecdd58b21fb2ba4392137048b466668344ebfc4c8faf6a0d3e2f1,177788fe59872f782f56492a52f86c3b5177023ac875c509339d328f5ce5306f,regime_model_v2_full_right_censored_refit,4fc1a02dce9ac2311dabaeb4623a559d37286dfe58baffef53828cc7415a3425,not_applicable,not_applicable,not_applicable,not_applicable,not_applicable,not_applicable,True,False,disabled,False,False,False,False,False,False,False
MODEL_FULL_REFIT,5,16,0.0667205407922,143cc35bbab621d585cb9bf2,91996a9cf747a614ff6d9e08eaafc3583a58b91c,7c23ba6c613d79731d3e3f1f37122ff5f97e6e6845274121313ccb1ba1459e88,67417cf1fd1267cb4a945de8dff854916bd4d5bbde0c55f5d6545b1c4b6881e3,801c0bf9d69ecdd58b21fb2ba4392137048b466668344ebfc4c8faf6a0d3e2f1,177788fe59872f782f56492a52f86c3b5177023ac875c509339d328f5ce5306f,regime_model_v2_full_right_censored_refit,4fc1a02dce9ac2311dabaeb4623a559d37286dfe58baffef53828cc7415a3425,not_applicable,not_applicable,not_applicable,not_applicable,not_applicable,not_applicable,True,False,disabled,False,False,False,False,False,False,False
MODEL_FULL_REFIT,5,17,0.05710718043,143cc35bbab621d585cb9bf2,91996a9cf747a614ff6d9e08eaafc3583a58b91c,7c23ba6c613d79731d3e3f1f37122ff5f97e6e6845274121313ccb1ba1459e88,67417cf1fd1267cb4a945de8dff854916bd4d5bbde0c55f5d6545b1c4b6881e3,801c0bf9d69ecdd58b21fb2ba4392137048b466668344ebfc4c8faf6a0d3e2f1,177788fe59872f782f56492a52f86c3b5177023ac875c509339d328f5ce5306f,regime_model_v2_full_right_censored_refit,4fc1a02dce9ac2311dabaeb4623a559d37286dfe58baffef53828cc7415a3425,not_applicable,not_applicable,not_applicable,not_applicable,not_applicable,not_applicable,True,False,disabled,False,False,False,False,False,False,False
MODEL_FULL_REFIT,5,18,0.0478860878216,143cc35bbab621d585cb9bf2,91996a9cf747a614ff6d9e08eaafc3583a58b91c,7c23ba6c613d79731d3e3f1f37122ff5f97e6e6845274121313ccb1ba1459e88,67417cf1fd1267cb4a945de8dff854916bd4d5bbde0c55f5d6545b1c4b6881e3,801c0bf9d69ecdd58b21fb2ba4392137048b466668344ebfc4c8faf6a0d3e2f1,177788fe59872f782f56492a52f86c3b5177023ac875c509339d328f5ce5306f,regime_model_v2_full_right_censored_refit,4fc1a02dce9ac2311dabaeb4623a559d37286dfe58baffef53828cc7415a3425,not_applicable,not_applicable,not_applicable,not_applicable,not_applicable,not_applicable,True,False,disabled,False,False,False,False,False,False,False
MODEL_FULL_REFIT,5,19,0.0407095255884,143cc35bbab621d585cb9bf2,91996a9cf747a614ff6d9e08eaafc3583a58b91c,7c23ba6c613d79731d3e3f1f37122ff5f97e6e6845274121313ccb1ba1459e88,67417cf1fd1267cb4a945de8dff854916bd4d5bbde0c55f5d6545b1c4b6881e3,801c0bf9d69ecdd58b21fb2ba4392137048b466668344ebfc4c8faf6a0d3e2f1,177788fe59872f782f56492a52f86c3b5177023ac875c509339d328f5ce5306f,regime_model_v2_full_right_censored_refit,4fc1a02dce9ac2311dabaeb4623a559d37286dfe58baffef53828cc7415a3425,not_applicable,not_applicable,not_applicable,not_applicable,not_applicable,not_applicable,True,False,disabled,False,False,False,False,False,False,False
MODEL_FULL_REFIT,5,20,0.0336489672441,143cc35bbab621d585cb9bf2,91996a9cf747a614ff6d9e08eaafc3583a58b91c,7c23ba6c613d79731d3e3f1f37122ff5f97e6e6845274121313ccb1ba1459e88,67417cf1fd1267cb4a945de8dff854916bd4d5bbde0c55f5d6545b1c4b6881e3,801c0bf9d69ecdd58b21fb2ba4392137048b466668344ebfc4c8faf6a0d3e2f1,177788fe59872f782f56492a52f86c3b5177023ac875c509339d328f5ce5306f,regime_model_v2_full_right_censored_refit,4fc1a02dce9ac2311dabaeb4623a559d37286dfe58baffef53828cc7415a3425,not_applicable,not_applicable,not_applicable,not_applicable,not_applicable,not_applicable,True,False,disabled,False,False,False,False,False,False,False
MODEL_FULL_REFIT,5,21,0.0285063892314,143cc35bbab621d585cb9bf2,91996a9cf747a614ff6d9e08eaafc3583a58b91c,7c23ba6c613d79731d3e3f1f37122ff5f97e6e6845274121313ccb1ba1459e88,67417cf1fd1267cb4a945de8dff854916bd4d5bbde0c55f5d6545b1c4b6881e3,801c0bf9d69ecdd58b21fb2ba4392137048b466668344ebfc4c8faf6a0d3e2f1,177788fe59872f782f56492a52f86c3b5177023ac875c509339d328f5ce5306f,regime_model_v2_full_right_censored_refit,4fc1a02dce9ac2311dabaeb4623a559d37286dfe58baffef53828cc7415a3425,not_applicable,not_applicable,not_applicable,not_applicable,not_applicable,not_applicable,True,False,disabled,False,False,False,False,False,False,False
MODEL_FULL_REFIT,5,22,0.024008714486,143cc35bbab621d585cb9bf2,91996a9cf747a614ff6d9e08eaafc3583a58b91c,7c23ba6c613d79731d3e3f1f37122ff5f97e6e6845274121313ccb1ba1459e88,67417cf1fd1267cb4a945de8dff854916bd4d5bbde0c55f5d6545b1c4b6881e3,801c0bf9d69ecdd58b21fb2ba4392137048b466668344ebfc4c8faf6a0d3e2f1,177788fe59872f782f56492a52f86c3b5177023ac875c509339d328f5ce5306f,regime_model_v2_full_right_censored_refit,4fc1a02dce9ac2311dabaeb4623a559d37286dfe58baffef53828cc7415a3425,not_applicable,not_applicable,not_applicable,not_applicable,not_applicable,not_applicable,True,False,disabled,False,False,False,False,False,False,False
MODEL_FULL_REFIT,5,23,0.019118050424,143cc35bbab621d585cb9bf2,91996a9cf747a614ff6d9e08eaafc3583a58b91c,7c23ba6c613d79731d3e3f1f37122ff5f97e6e6845274121313ccb1ba1459e88,67417cf1fd1267cb4a945de8dff854916bd4d5bbde0c55f5d6545b1c4b6881e3,801c0bf9d69ecdd58b21fb2ba4392137048b466668344ebfc4c8faf6a0d3e2f1,177788fe59872f782f56492a52f86c3b5177023ac875c509339d328f5ce5306f,regime_model_v2_full_right_censored_refit,4fc1a02dce9ac2311dabaeb4623a559d37286dfe58baffef53828cc7415a3425,not_applicable,not_applicable,not_applicable,not_applicable,not_applicable,not_applicable,True,False,disabled,False,False,False,False,False,False,False
MODEL_FULL_REFIT,5,24,0.0159954355214,143cc35bbab621d585cb9bf2,91996a9cf747a614ff6d9e08eaafc3583a58b91c,7c23ba6c613d79731d3e3f1f37122ff5f97e6e6845274121313ccb1ba1459e88,67417cf1fd1267cb4a945de8dff854916bd4d5bbde0c55f5d6545b1c4b6881e3,801c0bf9d69ecdd58b21fb2ba4392137048b466668344ebfc4c8faf6a0d3e2f1,177788fe59872f782f56492a52f86c3b5177023ac875c509339d328f5ce5306f,regime_model_v2_full_right_censored_refit,4fc1a02dce9ac2311dabaeb4623a559d37286dfe58baffef53828cc7415a3425,not_applicable,not_applicable,not_applicable,not_applicable,not_applicable,not_applicable,True,False,disabled,False,False,False,False,False,False,False
MODEL_FULL_REFIT,5,25,0.0135199514526,143cc35bbab621d585cb9bf2,91996a9cf747a614ff6d9e08eaafc3583a58b91c,7c23ba6c613d79731d3e3f1f37122ff5f97e6e6845274121313ccb1ba1459e88,67417cf1fd1267cb4a945de8dff854916bd4d5bbde0c55f5d6545b1c4b6881e3,801c0bf9d69ecdd58b21fb2ba4392137048b466668344ebfc4c8faf6a0d3e2f1,177788fe59872f782f56492a52f86c3b5177023ac875c509339d328f5ce5306f,regime_model_v2_full_right_censored_refit,4fc1a02dce9ac2311dabaeb4623a559d37286dfe58baffef53828cc7415a3425,not_applicable,not_applicable,not_applicable,not_applicable,not_applicable,not_applicable,True,False,disabled,False,False,False,False,False,False,False
MODEL_FULL_REFIT,5,26,0.0115614538123,143cc35bbab621d585cb9bf2,91996a9cf747a614ff6d9e08eaafc3583a58b91c,7c23ba6c613d79731d3e3f1f37122ff5f97e6e6845274121313ccb1ba1459e88,67417cf1fd1267cb4a945de8dff854916bd4d5bbde0c55f5d6545b1c4b6881e3,801c0bf9d69ecdd58b21fb2ba4392137048b466668344ebfc4c8faf6a0d3e2f1,177788fe59872f782f56492a52f86c3b5177023ac875c509339d328f5ce5306f,regime_model_v2_full_right_censored_refit,4fc1a02dce9ac2311dabaeb4623a559d37286dfe58baffef53828cc7415a3425,not_applicable,not_applicable,not_applicable,not_applicable,not_applicable,not_applicable,True,False,disabled,False,False,False,False,False,False,False
MODEL_FULL_REFIT,5,27,0.0097392681571,143cc35bbab621d585cb9bf2,91996a9cf747a614ff6d9e08eaafc3583a58b91c,7c23ba6c613d79731d3e3f1f37122ff5f97e6e6845274121313ccb1ba1459e88,67417cf1fd1267cb4a945de8dff854916bd4d5bbde0c55f5d6545b1c4b6881e3,801c0bf9d69ecdd58b21fb2ba4392137048b466668344ebfc4c8faf6a0d3e2f1,177788fe59872f782f56492a52f86c3b5177023ac875c509339d328f5ce5306f,regime_model_v2_full_right_censored_refit,4fc1a02dce9ac2311dabaeb4623a559d37286dfe58baffef53828cc7415a3425,not_applicable,not_applicable,not_applicable,not_applicable,not_applicable,not_applicable,True,False,disabled,False,False,False,False,False,False,False
MODEL_FULL_REFIT,5,28,0.0078039007669,143cc35bbab621d585cb9bf2,91996a9cf747a614ff6d9e08eaafc3583a58b91c,7c23ba6c613d79731d3e3f1f37122ff5f97e6e6845274121313ccb1ba1459e88,67417cf1fd1267cb4a945de8dff854916bd4d5bbde0c55f5d6545b1c4b6881e3,801c0bf9d69ecdd58b21fb2ba4392137048b466668344ebfc4c8faf6a0d3e2f1,177788fe59872f782f56492a52f86c3b5177023ac875c509339d328f5ce5306f,regime_model_v2_full_right_censored_refit,4fc1a02dce9ac2311dabaeb4623a559d37286dfe58baffef53828cc7415a3425,not_applicable,not_applicable,not_applicable,not_applicable,not_applicable,not_applicable,True,False,disabled,False,False,False,False,False,False,False
MODEL_FULL_REFIT,5,29,0.00563615055388,143cc35bbab621d585cb9bf2,91996a9cf747a614ff6d9e08eaafc3583a58b91c,7c23ba6c613d79731d3e3f1f37122ff5f97e6e6845274121313ccb1ba1459e88,67417cf1fd1267cb4a945de8dff854916bd4d5bbde0c55f5d6545b1c4b6881e3,801c0bf9d69ecdd58b21fb2ba4392137048b466668344ebfc4c8faf6a0d3e2f1,177788fe59872f782f56492a52f86c3b5177023ac875c509339d328f5ce5306f,regime_model_v2_full_right_censored_refit,4fc1a02dce9ac2311dabaeb4623a559d37286dfe58baffef53828cc7415a3425,not_applicable,not_applicable,not_applicable,not_applicable,not_applicable,not_applicable,True,False,disabled,False,False,False,False,False,False,False
MODEL_FULL_REFIT,5,30,0.00373701286724,143cc35bbab621d585cb9bf2,91996a9cf747a614ff6d9e08eaafc3583a58b91c,7c23ba6c613d79731d3e3f1f37122ff5f97e6e6845274121313ccb1ba1459e88,67417cf1fd1267cb4a945de8dff854916bd4d5bbde0c55f5d6545b1c4b6881e3,801c0bf9d69ecdd58b21fb2ba4392137048b466668344ebfc4c8faf6a0d3e2f1,177788fe59872f782f56492a52f86c3b5177023ac875c509339d328f5ce5306f,regime_model_v2_full_right_censored_refit,4fc1a02dce9ac2311dabaeb4623a559d37286dfe58baffef53828cc7415a3425,not_applicable,not_applicable,not_applicable,not_applicable,not_applicable,not_applicable,True,False,disabled,False,False,False,False,False,False,False
MODEL_FULL_REFIT,5,31,0.00271234804881,143cc35bbab621d585cb9bf2,91996a9cf747a614ff6d9e08eaafc3583a58b91c,7c23ba6c613d79731d3e3f1f37122ff5f97e6e6845274121313ccb1ba1459e88,67417cf1fd1267cb4a945de8dff854916bd4d5bbde0c55f5d6545b1c4b6881e3,801c0bf9d69ecdd58b21fb2ba4392137048b466668344ebfc4c8faf6a0d3e2f1,177788fe59872f782f56492a52f86c3b5177023ac875c509339d328f5ce5306f,regime_model_v2_full_right_censored_refit,4fc1a02dce9ac2311dabaeb4623a559d37286dfe58baffef53828cc7415a3425,not_applicable,not_applicable,not_applicable,not_applicable,not_applicable,not_applicable,True,False,disabled,False,False,False,False,False,False,False
MODEL_FULL_REFIT,5,32,0.00218167125665,143cc35bbab621d585cb9bf2,91996a9cf747a614ff6d9e08eaafc3583a58b91c,7c23ba6c613d79731d3e3f1f37122ff5f97e6e6845274121313ccb1ba1459e88,67417cf1fd1267cb4a945de8dff854916bd4d5bbde0c55f5d6545b1c4b6881e3,801c0bf9d69ecdd58b21fb2ba4392137048b466668344ebfc4c8faf6a0d3e2f1,177788fe59872f782f56492a52f86c3b5177023ac875c509339d328f5ce5306f,regime_model_v2_full_right_censored_refit,4fc1a02dce9ac2311dabaeb4623a559d37286dfe58baffef53828cc7415a3425,not_applicable,not_applicable,not_applicable,not_applicable,not_applicable,not_applicable,True,False,disabled,False,False,False,False,False,False,False
MODEL_FULL_REFIT,5,33,0.00189460924919,143cc35bbab621d585cb9bf2,91996a9cf747a614ff6d9e08eaafc3583a58b91c,7c23ba6c613d79731d3e3f1f37122ff5f97e6e6845274121313ccb1ba1459e88,67417cf1fd1267cb4a945de8dff854916bd4d5bbde0c55f5d6545b1c4b6881e3,801c0bf9d69ecdd58b21fb2ba4392137048b466668344ebfc4c8faf6a0d3e2f1,177788fe59872f782f56492a52f86c3b5177023ac875c509339d328f5ce5306f,regime_model_v2_full_right_censored_refit,4fc1a02dce9ac2311dabaeb4623a559d37286dfe58baffef53828cc7415a3425,not_applicable,not_applicable,not_applicable,not_applicable,not_applicable,not_applicable,True,False,disabled,False,False,False,False,False,False,False
MODEL_FULL_REFIT,5,34,0.00139309503617,143cc35bbab621d585cb9bf2,91996a9cf747a614ff6d9e08eaafc3583a58b91c,7c23ba6c613d79731d3e3f1f37122ff5f97e6e6845274121313ccb1ba1459e88,67417cf1fd1267cb4a945de8dff854916bd4d5bbde0c55f5d6545b1c4b6881e3,801c0bf9d69ecdd58b21fb2ba4392137048b466668344ebfc4c8faf6a0d3e2f1,177788fe59872f782f56492a52f86c3b5177023ac875c509339d328f5ce5306f,regime_model_v2_full_right_censored_refit,4fc1a02dce9ac2311dabaeb4623a559d37286dfe58baffef53828cc7415a3425,not_applicable,not_applicable,not_applicable,not_applicable,not_applicable,not_applicable,True,False,disabled,False,False,False,False,False,False,False
MODEL_FULL_REFIT,5,35,0.00133951445786,143cc35bbab621d585cb9bf2,91996a9cf747a614ff6d9e08eaafc3583a58b91c,7c23ba6c613d79731d3e3f1f37122ff5f97e6e6845274121313ccb1ba1459e88,67417cf1fd1267cb4a945de8dff854916bd4d5bbde0c55f5d6545b1c4b6881e3,801c0bf9d69ecdd58b21fb2ba4392137048b466668344ebfc4c8faf6a0d3e2f1,177788fe59872f782f56492a52f86c3b5177023ac875c509339d328f5ce5306f,regime_model_v2_full_right_censored_refit,4fc1a02dce9ac2311dabaeb4623a559d37286dfe58baffef53828cc7415a3425,not_applicable,not_applicable,not_applicable,not_applicable,not_applicable,not_applicable,True,False,disabled,False,False,False,False,False,False,False
MODEL_FULL_REFIT,5,36,0.00108191552365,143cc35bbab621d585cb9bf2,91996a9cf747a614ff6d9e08eaafc3583a58b91c,7c23ba6c613d79731d3e3f1f37122ff5f97e6e6845274121313ccb1ba1459e88,67417cf1fd1267cb4a945de8dff854916bd4d5bbde0c55f5d6545b1c4b6881e3,801c0bf9d69ecdd58b21fb2ba4392137048b466668344ebfc4c8faf6a0d3e2f1,177788fe59872f782f56492a52f86c3b5177023ac875c509339d328f5ce5306f,regime_model_v2_full_right_censored_refit,4fc1a02dce9ac2311dabaeb4623a559d37286dfe58baffef53828cc7415a3425,not_applicable,not_applicable,not_applicable,not_applicable,not_applicable,not_applicable,True,False,disabled,False,False,False,False,False,False,False
MODEL_FULL_REFIT,5,37,0.000934381588611,143cc35bbab621d585cb9bf2,91996a9cf747a614ff6d9e08eaafc3583a58b91c,7c23ba6c613d79731d3e3f1f37122ff5f97e6e6845274121313ccb1ba1459e88,67417cf1fd1267cb4a945de8dff854916bd4d5bbde0c55f5d6545b1c4b6881e3,801c0bf9d69ecdd58b21fb2ba4392137048b466668344ebfc4c8faf6a0d3e2f1,177788fe59872f782f56492a52f86c3b5177023ac875c509339d328f5ce5306f,regime_model_v2_full_right_censored_refit,4fc1a02dce9ac2311dabaeb4623a559d37286dfe58baffef53828cc7415a3425,not_applicable,not_applicable,not_applicable,not_applicable,not_applicable,not_applicable,True,False,disabled,False,False,False,False,False,False,False
MODEL_FULL_REFIT,5,38,0.000700786191458,143cc35bbab621d585cb9bf2,91996a9cf747a614ff6d9e08eaafc3583a58b91c,7c23ba6c613d79731d3e3f1f37122ff5f97e6e6845274121313ccb1ba1459e88,67417cf1fd1267cb4a945de8dff854916bd4d5bbde0c55f5d6545b1c4b6881e3,801c0bf9d69ecdd58b21fb2ba4392137048b466668344ebfc4c8faf6a0d3e2f1,177788fe59872f782f56492a52f86c3b5177023ac875c509339d328f5ce5306f,regime_model_v2_full_right_censored_refit,4fc1a02dce9ac2311dabaeb4623a559d37286dfe58baffef53828cc7415a3425,not_applicable,not_applicable,not_applicable,not_applicable,not_applicable,not_applicable,True,False,disabled,False,False,False,False,False,False,False
MODEL_FULL_REFIT,5,39,0.00056938878056,143cc35bbab621d585cb9bf2,91996a9cf747a614ff6d9e08eaafc3583a58b91c,7c23ba6c613d79731d3e3f1f37122ff5f97e6e6845274121313ccb1ba1459e88,67417cf1fd1267cb4a945de8dff854916bd4d5bbde0c55f5d6545b1c4b6881e3,801c0bf9d69ecdd58b21fb2ba4392137048b466668344ebfc4c8faf6a0d3e2f1,177788fe59872f782f56492a52f86c3b5177023ac875c509339d328f5ce5306f,regime_model_v2_full_right_censored_refit,4fc1a02dce9ac2311dabaeb4623a559d37286dfe58baffef53828cc7415a3425,not_applicable,not_applicable,not_applicable,not_applicable,not_applicable,not_applicable,True,False,disabled,False,False,False,False,False,False,False
MODEL_FULL_REFIT,5,40,0.000366035644646,143cc35bbab621d585cb9bf2,91996a9cf747a614ff6d9e08eaafc3583a58b91c,7c23ba6c613d79731d3e3f1f37122ff5f97e6e6845274121313ccb1ba1459e88,67417cf1fd1267cb4a945de8dff854916bd4d5bbde0c55f5d6545b1c4b6881e3,801c0bf9d69ecdd58b21fb2ba4392137048b466668344ebfc4c8faf6a0d3e2f1,177788fe59872f782f56492a52f86c3b5177023ac875c509339d328f5ce5306f,regime_model_v2_full_right_censored_refit,4fc1a02dce9ac2311dabaeb4623a559d37286dfe58baffef53828cc7415a3425,not_applicable,not_applicable,not_applicable,not_applicable,not_applicable,not_applicable,True,False,disabled,False,False,False,False,False,False,False
MODEL_FULL_REFIT,5,41,0.000157696166933,143cc35bbab621d585cb9bf2,91996a9cf747a614ff6d9e08eaafc3583a58b91c,7c23ba6c613d79731d3e3f1f37122ff5f97e6e6845274121313ccb1ba1459e88,67417cf1fd1267cb4a945de8dff854916bd4d5bbde0c55f5d6545b1c4b6881e3,801c0bf9d69ecdd58b21fb2ba4392137048b466668344ebfc4c8faf6a0d3e2f1,177788fe59872f782f56492a52f86c3b5177023ac875c509339d328f5ce5306f,regime_model_v2_full_right_censored_refit,4fc1a02dce9ac2311dabaeb4623a559d37286dfe58baffef53828cc7415a3425,not_applicable,not_applicable,not_applicable,not_applicable,not_applicable,not_applicable,True,False,disabled,False,False,False,False,False,False,False
MODEL_FULL_REFIT,5,42,0.000145891641375,143cc35bbab621d585cb9bf2,91996a9cf747a614ff6d9e08eaafc3583a58b91c,7c23ba6c613d79731d3e3f1f37122ff5f97e6e6845274121313ccb1ba1459e88,67417cf1fd1267cb4a945de8dff854916bd4d5bbde0c55f5d6545b1c4b6881e3,801c0bf9d69ecdd58b21fb2ba4392137048b466668344ebfc4c8faf6a0d3e2f1,177788fe59872f782f56492a52f86c3b5177023ac875c509339d328f5ce5306f,regime_model_v2_full_right_censored_refit,4fc1a02dce9ac2311dabaeb4623a559d37286dfe58baffef53828cc7415a3425,not_applicable,not_applicable,not_applicable,not_applicable,not_applicable,not_applicable,True,False,disabled,False,False,False,False,False,False,False
MODEL_FULL_REFIT,5,43,0.000135159017949,143cc35bbab621d585cb9bf2,91996a9cf747a614ff6d9e08eaafc3583a58b91c,7c23ba6c613d79731d3e3f1f37122ff5f97e6e6845274121313ccb1ba1459e88,67417cf1fd1267cb4a945de8dff854916bd4d5bbde0c55f5d6545b1c4b6881e3,801c0bf9d69ecdd58b21fb2ba4392137048b466668344ebfc4c8faf6a0d3e2f1,177788fe59872f782f56492a52f86c3b5177023ac875c509339d328f5ce5306f,regime_model_v2_full_right_censored_refit,4fc1a02dce9ac2311dabaeb4623a559d37286dfe58baffef53828cc7415a3425,not_applicable,not_applicable,not_applicable,not_applicable,not_applicable,not_applicable,True,False,disabled,False,False,False,False,False,False,False
MODEL_FULL_REFIT,5,44,0.000126451892414,143cc35bbab621d585cb9bf2,91996a9cf747a614ff6d9e08eaafc3583a58b91c,7c23ba6c613d79731d3e3f1f37122ff5f97e6e6845274121313ccb1ba1459e88,67417cf1fd1267cb4a945de8dff854916bd4d5bbde0c55f5d6545b1c4b6881e3,801c0bf9d69ecdd58b21fb2ba4392137048b466668344ebfc4c8faf6a0d3e2f1,177788fe59872f782f56492a52f86c3b5177023ac875c509339d328f5ce5306f,regime_model_v2_full_right_censored_refit,4fc1a02dce9ac2311dabaeb4623a559d37286dfe58baffef53828cc7415a3425,not_applicable,not_applicable,not_applicable,not_applicable,not_applicable,not_applicable,True,False,disabled,False,False,False,False,False,False,False
MODEL_FULL_REFIT,5,45,0.000117890322839,143cc35bbab621d585cb9bf2,91996a9cf747a614ff6d9e08eaafc3583a58b91c,7c23ba6c613d79731d3e3f1f37122ff5f97e6e6845274121313ccb1ba1459e88,67417cf1fd1267cb4a945de8dff854916bd4d5bbde0c55f5d6545b1c4b6881e3,801c0bf9d69ecdd58b21fb2ba4392137048b466668344ebfc4c8faf6a0d3e2f1,177788fe59872f782f56492a52f86c3b5177023ac875c509339d328f5ce5306f,regime_model_v2_full_right_censored_refit,4fc1a02dce9ac2311dabaeb4623a559d37286dfe58baffef53828cc7415a3425,not_applicable,not_applicable,not_applicable,not_applicable,not_applicable,not_applicable,True,False,disabled,False,False,False,False,False,False,False
MODEL_FULL_REFIT,5,46,9.7703491267e-05,143cc35bbab621d585cb9bf2,91996a9cf747a614ff6d9e08eaafc3583a58b91c,7c23ba6c613d79731d3e3f1f37122ff5f97e6e6845274121313ccb1ba1459e88,67417cf1fd1267cb4a945de8dff854916bd4d5bbde0c55f5d6545b1c4b6881e3,801c0bf9d69ecdd58b21fb2ba4392137048b466668344ebfc4c8faf6a0d3e2f1,177788fe59872f782f56492a52f86c3b5177023ac875c509339d328f5ce5306f,regime_model_v2_full_right_censored_refit,4fc1a02dce9ac2311dabaeb4623a559d37286dfe58baffef53828cc7415a3425,not_applicable,not_applicable,not_applicable,not_applicable,not_applicable,not_applicable,True,False,disabled,False,False,False,False,False,False,False
MODEL_FULL_REFIT,5,47,9.53811509142e-05,143cc35bbab621d585cb9bf2,91996a9cf747a614ff6d9e08eaafc3583a58b91c,7c23ba6c613d79731d3e3f1f37122ff5f97e6e6845274121313ccb1ba1459e88,67417cf1fd1267cb4a945de8dff854916bd4d5bbde0c55f5d6545b1c4b6881e3,801c0bf9d69ecdd58b21fb2ba4392137048b466668344ebfc4c8faf6a0d3e2f1,177788fe59872f782f56492a52f86c3b5177023ac875c509339d328f5ce5306f,regime_model_v2_full_right_censored_refit,4fc1a02dce9ac2311dabaeb4623a559d37286dfe58baffef53828cc7415a3425,not_applicable,not_applicable,not_applicable,not_applicable,not_applicable,not_applicable,True,False,disabled,False,False,False,False,False,False,False
MODEL_FULL_REFIT,5,48,9.47782849174e-05,143cc35bbab621d585cb9bf2,91996a9cf747a614ff6d9e08eaafc3583a58b91c,7c23ba6c613d79731d3e3f1f37122ff5f97e6e6845274121313ccb1ba1459e88,67417cf1fd1267cb4a945de8dff854916bd4d5bbde0c55f5d6545b1c4b6881e3,801c0bf9d69ecdd58b21fb2ba4392137048b466668344ebfc4c8faf6a0d3e2f1,177788fe59872f782f56492a52f86c3b5177023ac875c509339d328f5ce5306f,regime_model_v2_full_right_censored_refit,4fc1a02dce9ac2311dabaeb4623a559d37286dfe58baffef53828cc7415a3425,not_applicable,not_applicable,not_applicable,not_applicable,not_applicable,not_applicable,True,False,disabled,False,False,False,False,False,False,False
MODEL_FULL_REFIT,5,49,9.20776598372e-05,143cc35bbab621d585cb9bf2,91996a9cf747a614ff6d9e08eaafc3583a58b91c,7c23ba6c613d79731d3e3f1f37122ff5f97e6e6845274121313ccb1ba1459e88,67417cf1fd1267cb4a945de8dff854916bd4d5bbde0c55f5d6545b1c4b6881e3,801c0bf9d69ecdd58b21fb2ba4392137048b466668344ebfc4c8faf6a0d3e2f1,177788fe59872f782f56492a52f86c3b5177023ac875c509339d328f5ce5306f,regime_model_v2_full_right_censored_refit,4fc1a02dce9ac2311dabaeb4623a559d37286dfe58baffef53828cc7415a3425,not_applicable,not_applicable,not_applicable,not_applicable,not_applicable,not_applicable,True,False,disabled,False,False,False,False,False,False,False
MODEL_FULL_REFIT,5,50,8.97142841964e-05,143cc35bbab621d585cb9bf2,91996a9cf747a614ff6d9e08eaafc3583a58b91c,7c23ba6c613d79731d3e3f1f37122ff5f97e6e6845274121313ccb1ba1459e88,67417cf1fd1267cb4a945de8dff854916bd4d5bbde0c55f5d6545b1c4b6881e3,801c0bf9d69ecdd58b21fb2ba4392137048b466668344ebfc4c8faf6a0d3e2f1,177788fe59872f782f56492a52f86c3b5177023ac875c509339d328f5ce5306f,regime_model_v2_full_right_censored_refit,4fc1a02dce9ac2311dabaeb4623a559d37286dfe58baffef53828cc7415a3425,not_applicable,not_applicable,not_applicable,not_applicable,not_applicable,not_applicable,True,False,disabled,False,False,False,False,False,False,False
MODEL_FULL_REFIT,5,51,8.83736756244e-05,143cc35bbab621d585cb9bf2,91996a9cf747a614ff6d9e08eaafc3583a58b91c,7c23ba6c613d79731d3e3f1f37122ff5f97e6e6845274121313ccb1ba1459e88,67417cf1fd1267cb4a945de8dff854916bd4d5bbde0c55f5d6545b1c4b6881e3,801c0bf9d69ecdd58b21fb2ba4392137048b466668344ebfc4c8faf6a0d3e2f1,177788fe59872f782f56492a52f86c3b5177023ac875c509339d328f5ce5306f,regime_model_v2_full_right_censored_refit,4fc1a02dce9ac2311dabaeb4623a559d37286dfe58baffef53828cc7415a3425,not_applicable,not_applicable,not_applicable,not_applicable,not_applicable,not_applicable,True,False,disabled,False,False,False,False,False,False,False
MODEL_FULL_REFIT,5,52,8.73732652399e-05,143cc35bbab621d585cb9bf2,91996a9cf747a614ff6d9e08eaafc3583a58b91c,7c23ba6c613d79731d3e3f1f37122ff5f97e6e6845274121313ccb1ba1459e88,67417cf1fd1267cb4a945de8dff854916bd4d5bbde0c55f5d6545b1c4b6881e3,801c0bf9d69ecdd58b21fb2ba4392137048b466668344ebfc4c8faf6a0d3e2f1,177788fe59872f782f56492a52f86c3b5177023ac875c509339d328f5ce5306f,regime_model_v2_full_right_censored_refit,4fc1a02dce9ac2311dabaeb4623a559d37286dfe58baffef53828cc7415a3425,not_applicable,not_applicable,not_applicable,not_applicable,not_applicable,not_applicable,True,False,disabled,False,False,False,False,False,False,False
MODEL_FULL_REFIT,5,53,8.44916683279e-05,143cc35bbab621d585cb9bf2,91996a9cf747a614ff6d9e08eaafc3583a58b91c,7c23ba6c613d79731d3e3f1f37122ff5f97e6e6845274121313ccb1ba1459e88,67417cf1fd1267cb4a945de8dff854916bd4d5bbde0c55f5d6545b1c4b6881e3,801c0bf9d69ecdd58b21fb2ba4392137048b466668344ebfc4c8faf6a0d3e2f1,177788fe59872f782f56492a52f86c3b5177023ac875c509339d328f5ce5306f,regime_model_v2_full_right_censored_refit,4fc1a02dce9ac2311dabaeb4623a559d37286dfe58baffef53828cc7415a3425,not_applicable,not_applicable,not_applicable,not_applicable,not_applicable,not_applicable,True,False,disabled,False,False,False,False,False,False,False
MODEL_FULL_REFIT,5,54,8.22931424885e-05,143cc35bbab621d585cb9bf2,91996a9cf747a614ff6d9e08eaafc3583a58b91c,7c23ba6c613d79731d3e3f1f37122ff5f97e6e6845274121313ccb1ba1459e88,67417cf1fd1267cb4a945de8dff854916bd4d5bbde0c55f5d6545b1c4b6881e3,801c0bf9d69ecdd58b21fb2ba4392137048b466668344ebfc4c8faf6a0d3e2f1,177788fe59872f782f56492a52f86c3b5177023ac875c509339d328f5ce5306f,regime_model_v2_full_right_censored_refit,4fc1a02dce9ac2311dabaeb4623a559d37286dfe58baffef53828cc7415a3425,not_applicable,not_applicable,not_applicable,not_applicable,not_applicable,not_applicable,True,False,disabled,False,False,False,False,False,False,False
MODEL_FULL_REFIT,5,55,8.08020094155e-05,143cc35bbab621d585cb9bf2,91996a9cf747a614ff6d9e08eaafc3583a58b91c,7c23ba6c613d79731d3e3f1f37122ff5f97e6e6845274121313ccb1ba1459e88,67417cf1fd1267cb4a945de8dff854916bd4d5bbde0c55f5d6545b1c4b6881e3,801c0bf9d69ecdd58b21fb2ba4392137048b466668344ebfc4c8faf6a0d3e2f1,177788fe59872f782f56492a52f86c3b5177023ac875c509339d328f5ce5306f,regime_model_v2_full_right_censored_refit,4fc1a02dce9ac2311dabaeb4623a559d37286dfe58baffef53828cc7415a3425,not_applicable,not_applicable,not_applicable,not_applicable,not_applicable,not_applicable,True,False,disabled,False,False,False,False,False,False,False
MODEL_FULL_REFIT,5,56,7.92941862041e-05,143cc35bbab621d585cb9bf2,91996a9cf747a614ff6d9e08eaafc3583a58b91c,7c23ba6c613d79731d3e3f1f37122ff5f97e6e6845274121313ccb1ba1459e88,67417cf1fd1267cb4a945de8dff854916bd4d5bbde0c55f5d6545b1c4b6881e3,801c0bf9d69ecdd58b21fb2ba4392137048b466668344ebfc4c8faf6a0d3e2f1,177788fe59872f782f56492a52f86c3b5177023ac875c509339d328f5ce5306f,regime_model_v2_full_right_censored_refit,4fc1a02dce9ac2311dabaeb4623a559d37286dfe58baffef53828cc7415a3425,not_applicable,not_applicable,not_applicable,not_applicable,not_applicable,not_applicable,True,False,disabled,False,False,False,False,False,False,False
MODEL_FULL_REFIT,5,57,7.69315726939e-05,143cc35bbab621d585cb9bf2,91996a9cf747a614ff6d9e08eaafc3583a58b91c,7c23ba6c613d79731d3e3f1f37122ff5f97e6e6845274121313ccb1ba1459e88,67417cf1fd1267cb4a945de8dff854916bd4d5bbde0c55f5d6545b1c4b6881e3,801c0bf9d69ecdd58b21fb2ba4392137048b466668344ebfc4c8faf6a0d3e2f1,177788fe59872f782f56492a52f86c3b5177023ac875c509339d328f5ce5306f,regime_model_v2_full_right_censored_refit,4fc1a02dce9ac2311dabaeb4623a559d37286dfe58baffef53828cc7415a3425,not_applicable,not_applicable,not_applicable,not_applicable,not_applicable,not_applicable,True,False,disabled,False,False,False,False,False,False,False
MODEL_FULL_REFIT,5,58,7.45141032223e-05,143cc35bbab621d585cb9bf2,91996a9cf747a614ff6d9e08eaafc3583a58b91c,7c23ba6c613d79731d3e3f1f37122ff5f97e6e6845274121313ccb1ba1459e88,67417cf1fd1267cb4a945de8dff854916bd4d5bbde0c55f5d6545b1c4b6881e3,801c0bf9d69ecdd58b21fb2ba4392137048b466668344ebfc4c8faf6a0d3e2f1,177788fe59872f782f56492a52f86c3b5177023ac875c509339d328f5ce5306f,regime_model_v2_full_right_censored_refit,4fc1a02dce9ac2311dabaeb4623a559d37286dfe58baffef53828cc7415a3425,not_applicable,not_applicable,not_applicable,not_applicable,not_applicable,not_applicable,True,False,disabled,False,False,False,False,False,False,False
MODEL_FULL_REFIT,5,59,7.3764170778e-05,143cc35bbab621d585cb9bf2,91996a9cf747a614ff6d9e08eaafc3583a58b91c,7c23ba6c613d79731d3e3f1f37122ff5f97e6e6845274121313ccb1ba1459e88,67417cf1fd1267cb4a945de8dff854916bd4d5bbde0c55f5d6545b1c4b6881e3,801c0bf9d69ecdd58b21fb2ba4392137048b466668344ebfc4c8faf6a0d3e2f1,177788fe59872f782f56492a52f86c3b5177023ac875c509339d328f5ce5306f,regime_model_v2_full_right_censored_refit,4fc1a02dce9ac2311dabaeb4623a559d37286dfe58baffef53828cc7415a3425,not_applicable,not_applicable,not_applicable,not_applicable,not_applicable,not_applicable,True,False,disabled,False,False,False,False,False,False,False
MODEL_FULL_REFIT,5,60,7.21366503882e-05,143cc35bbab621d585cb9bf2,91996a9cf747a614ff6d9e08eaafc3583a58b91c,7c23ba6c613d79731d3e3f1f37122ff5f97e6e6845274121313ccb1ba1459e88,67417cf1fd1267cb4a945de8dff854916bd4d5bbde0c55f5d6545b1c4b6881e3,801c0bf9d69ecdd58b21fb2ba4392137048b466668344ebfc4c8faf6a0d3e2f1,177788fe59872f782f56492a52f86c3b5177023ac875c509339d328f5ce5306f,regime_model_v2_full_right_censored_refit,4fc1a02dce9ac2311dabaeb4623a559d37286dfe58baffef53828cc7415a3425,not_applicable,not_applicable,not_applicable,not_applicable,not_applicable,not_applicable,True,False,disabled,False,False,False,False,False,False,False
MODEL_FULL_REFIT,5,61,7.09339146967e-05,143cc35bbab621d585cb9bf2,91996a9cf747a614ff6d9e08eaafc3583a58b91c,7c23ba6c613d79731d3e3f1f37122ff5f97e6e6845274121313ccb1ba1459e88,67417cf1fd1267cb4a945de8dff854916bd4d5bbde0c55f5d6545b1c4b6881e3,801c0bf9d69ecdd58b21fb2ba4392137048b466668344ebfc4c8faf6a0d3e2f1,177788fe59872f782f56492a52f86c3b5177023ac875c509339d328f5ce5306f,regime_model_v2_full_right_censored_refit,4fc1a02dce9ac2311dabaeb4623a559d37286dfe58baffef53828cc7415a3425,not_applicable,not_applicable,not_applicable,not_applicable,not_applicable,not_applicable,True,False,disabled,False,False,False,False,False,False,False
MODEL_FULL_REFIT,5,62,7.01575128509e-05,143cc35bbab621d585cb9bf2,91996a9cf747a614ff6d9e08eaafc3583a58b91c,7c23ba6c613d79731d3e3f1f37122ff5f97e6e6845274121313ccb1ba1459e88,67417cf1fd1267cb4a945de8dff854916bd4d5bbde0c55f5d6545b1c4b6881e3,801c0bf9d69ecdd58b21fb2ba4392137048b466668344ebfc4c8faf6a0d3e2f1,177788fe59872f782f56492a52f86c3b5177023ac875c509339d328f5ce5306f,regime_model_v2_full_right_censored_refit,4fc1a02dce9ac2311dabaeb4623a559d37286dfe58baffef53828cc7415a3425,not_applicable,not_applicable,not_applicable,not_applicable,not_applicable,not_applicable,True,False,disabled,False,False,False,False,False,False,False
MODEL_FULL_REFIT,5,63,6.89202766437e-05,143cc35bbab621d585cb9bf2,91996a9cf747a614ff6d9e08eaafc3583a58b91c,7c23ba6c613d79731d3e3f1f37122ff5f97e6e6845274121313ccb1ba1459e88,67417cf1fd1267cb4a945de8dff854916bd4d5bbde0c55f5d6545b1c4b6881e3,801c0bf9d69ecdd58b21fb2ba4392137048b466668344ebfc4c8faf6a0d3e2f1,177788fe59872f782f56492a52f86c3b5177023ac875c509339d328f5ce5306f,regime_model_v2_full_right_censored_refit,4fc1a02dce9ac2311dabaeb4623a559d37286dfe58baffef53828cc7415a3425,not_applicable,not_applicable,not_applicable,not_applicable,not_applicable,not_applicable,True,False,disabled,False,False,False,False,False,False,False
MODEL_FULL_REFIT,5,64,6.76477480749e-05,143cc35bbab621d585cb9bf2,91996a9cf747a614ff6d9e08eaafc3583a58b91c,7c23ba6c613d79731d3e3f1f37122ff5f97e6e6845274121313ccb1ba1459e88,67417cf1fd1267cb4a945de8dff854916bd4d5bbde0c55f5d6545b1c4b6881e3,801c0bf9d69ecdd58b21fb2ba4392137048b466668344ebfc4c8faf6a0d3e2f1,177788fe59872f782f56492a52f86c3b5177023ac875c509339d328f5ce5306f,regime_model_v2_full_right_censored_refit,4fc1a02dce9ac2311dabaeb4623a559d37286dfe58baffef53828cc7415a3425,not_applicable,not_applicable,not_applicable,not_applicable,not_applicable,not_applicable,True,False,disabled,False,False,False,False,False,False,False
MODEL_FULL_REFIT,5,65,6.68074806158e-05,143cc35bbab621d585cb9bf2,91996a9cf747a614ff6d9e08eaafc3583a58b91c,7c23ba6c613d79731d3e3f1f37122ff5f97e6e6845274121313ccb1ba1459e88,67417cf1fd1267cb4a945de8dff854916bd4d5bbde0c55f5d6545b1c4b6881e3,801c0bf9d69ecdd58b21fb2ba4392137048b466668344ebfc4c8faf6a0d3e2f1,177788fe59872f782f56492a52f86c3b5177023ac875c509339d328f5ce5306f,regime_model_v2_full_right_censored_refit,4fc1a02dce9ac2311dabaeb4623a559d37286dfe58baffef53828cc7415a3425,not_applicable,not_applicable,not_applicable,not_applicable,not_applicable,not_applicable,True,False,disabled,False,False,False,False,False,False,False
MODEL_FULL_REFIT,5,66,6.54658976857e-05,143cc35bbab621d585cb9bf2,91996a9cf747a614ff6d9e08eaafc3583a58b91c,7c23ba6c613d79731d3e3f1f37122ff5f97e6e6845274121313ccb1ba1459e88,67417cf1fd1267cb4a945de8dff854916bd4d5bbde0c55f5d6545b1c4b6881e3,801c0bf9d69ecdd58b21fb2ba4392137048b466668344ebfc4c8faf6a0d3e2f1,177788fe59872f782f56492a52f86c3b5177023ac875c509339d328f5ce5306f,regime_model_v2_full_right_censored_refit,4fc1a02dce9ac2311dabaeb4623a559d37286dfe58baffef53828cc7415a3425,not_applicable,not_applicable,not_applicable,not_applicable,not_applicable,not_applicable,True,False,disabled,False,False,False,False,False,False,False
MODEL_FULL_REFIT,5,67,6.45906210317e-05,143cc35bbab621d585cb9bf2,91996a9cf747a614ff6d9e08eaafc3583a58b91c,7c23ba6c613d79731d3e3f1f37122ff5f97e6e6845274121313ccb1ba1459e88,67417cf1fd1267cb4a945de8dff854916bd4d5bbde0c55f5d6545b1c4b6881e3,801c0bf9d69ecdd58b21fb2ba4392137048b466668344ebfc4c8faf6a0d3e2f1,177788fe59872f782f56492a52f86c3b5177023ac875c509339d328f5ce5306f,regime_model_v2_full_right_censored_refit,4fc1a02dce9ac2311dabaeb4623a559d37286dfe58baffef53828cc7415a3425,not_applicable,not_applicable,not_applicable,not_applicable,not_applicable,not_applicable,True,False,disabled,False,False,False,False,False,False,False
MODEL_FULL_REFIT,5,68,6.42021223366e-05,143cc35bbab621d585cb9bf2,91996a9cf747a614ff6d9e08eaafc3583a58b91c,7c23ba6c613d79731d3e3f1f37122ff5f97e6e6845274121313ccb1ba1459e88,67417cf1fd1267cb4a945de8dff854916bd4d5bbde0c55f5d6545b1c4b6881e3,801c0bf9d69ecdd58b21fb2ba4392137048b466668344ebfc4c8faf6a0d3e2f1,177788fe59872f782f56492a52f86c3b5177023ac875c509339d328f5ce5306f,regime_model_v2_full_right_censored_refit,4fc1a02dce9ac2311dabaeb4623a559d37286dfe58baffef53828cc7415a3425,not_applicable,not_applicable,not_applicable,not_applicable,not_applicable,not_applicable,True,False,disabled,False,False,False,False,False,False,False
MODEL_FULL_REFIT,5,69,6.38064428018e-05,143cc35bbab621d585cb9bf2,91996a9cf747a614ff6d9e08eaafc3583a58b91c,7c23ba6c613d79731d3e3f1f37122ff5f97e6e6845274121313ccb1ba1459e88,67417cf1fd1267cb4a945de8dff854916bd4d5bbde0c55f5d6545b1c4b6881e3,801c0bf9d69ecdd58b21fb2ba4392137048b466668344ebfc4c8faf6a0d3e2f1,177788fe59872f782f56492a52f86c3b5177023ac875c509339d328f5ce5306f,regime_model_v2_full_right_censored_refit,4fc1a02dce9ac2311dabaeb4623a559d37286dfe58baffef53828cc7415a3425,not_applicable,not_applicable,not_applicable,not_applicable,not_applicable,not_applicable,True,False,disabled,False,False,False,False,False,False,False
MODEL_FULL_REFIT,5,70,6.33998402146e-05,143cc35bbab621d585cb9bf2,91996a9cf747a614ff6d9e08eaafc3583a58b91c,7c23ba6c613d79731d3e3f1f37122ff5f97e6e6845274121313ccb1ba1459e88,67417cf1fd1267cb4a945de8dff854916bd4d5bbde0c55f5d6545b1c4b6881e3,801c0bf9d69ecdd58b21fb2ba4392137048b466668344ebfc4c8faf6a0d3e2f1,177788fe59872f782f56492a52f86c3b5177023ac875c509339d328f5ce5306f,regime_model_v2_full_right_censored_refit,4fc1a02dce9ac2311dabaeb4623a559d37286dfe58baffef53828cc7415a3425,not_applicable,not_applicable,not_applicable,not_applicable,not_applicable,not_applicable,True,False,disabled,False,False,False,False,False,False,False
MODEL_FULL_REFIT,5,71,6.29779084076e-05,143cc35bbab621d585cb9bf2,91996a9cf747a614ff6d9e08eaafc3583a58b91c,7c23ba6c613d79731d3e3f1f37122ff5f97e6e6845274121313ccb1ba1459e88,67417cf1fd1267cb4a945de8dff854916bd4d5bbde0c55f5d6545b1c4b6881e3,801c0bf9d69ecdd58b21fb2ba4392137048b466668344ebfc4c8faf6a0d3e2f1,177788fe59872f782f56492a52f86c3b5177023ac875c509339d328f5ce5306f,regime_model_v2_full_right_censored_refit,4fc1a02dce9ac2311dabaeb4623a559d37286dfe58baffef53828cc7415a3425,not_applicable,not_applicable,not_applicable,not_applicable,not_applicable,not_applicable,True,False,disabled,False,False,False,False,False,False,False
MODEL_FULL_REFIT,5,72,6.25473255039e-05,143cc35bbab621d585cb9bf2,91996a9cf747a614ff6d9e08eaafc3583a58b91c,7c23ba6c613d79731d3e3f1f37122ff5f97e6e6845274121313ccb1ba1459e88,67417cf1fd1267cb4a945de8dff854916bd4d5bbde0c55f5d6545b1c4b6881e3,801c0bf9d69ecdd58b21fb2ba4392137048b466668344ebfc4c8faf6a0d3e2f1,177788fe59872f782f56492a52f86c3b5177023ac875c509339d328f5ce5306f,regime_model_v2_full_right_censored_refit,4fc1a02dce9ac2311dabaeb4623a559d37286dfe58baffef53828cc7415a3425,not_applicable,not_applicable,not_applicable,not_applicable,not_applicable,not_applicable,True,False,disabled,False,False,False,False,False,False,False
MODEL_FULL_REFIT,5,73,6.20905473164e-05,143cc35bbab621d585cb9bf2,91996a9cf747a614ff6d9e08eaafc3583a58b91c,7c23ba6c613d79731d3e3f1f37122ff5f97e6e6845274121313ccb1ba1459e88,67417cf1fd1267cb4a945de8dff854916bd4d5bbde0c55f5d6545b1c4b6881e3,801c0bf9d69ecdd58b21fb2ba4392137048b466668344ebfc4c8faf6a0d3e2f1,177788fe59872f782f56492a52f86c3b5177023ac875c509339d328f5ce5306f,regime_model_v2_full_right_censored_refit,4fc1a02dce9ac2311dabaeb4623a559d37286dfe58baffef53828cc7415a3425,not_applicable,not_applicable,not_applicable,not_applicable,not_applicable,not_applicable,True,False,disabled,False,False,False,False,False,False,False
MODEL_FULL_REFIT,5,74,6.16326477509e-05,143cc35bbab621d585cb9bf2,91996a9cf747a614ff6d9e08eaafc3583a58b91c,7c23ba6c613d79731d3e3f1f37122ff5f97e6e6845274121313ccb1ba1459e88,67417cf1fd1267cb4a945de8dff854916bd4d5bbde0c55f5d6545b1c4b6881e3,801c0bf9d69ecdd58b21fb2ba4392137048b466668344ebfc4c8faf6a0d3e2f1,177788fe59872f782f56492a52f86c3b5177023ac875c509339d328f5ce5306f,regime_model_v2_full_right_censored_refit,4fc1a02dce9ac2311dabaeb4623a559d37286dfe58baffef53828cc7415a3425,not_applicable,not_applicable,not_applicable,not_applicable,not_applicable,not_applicable,True,False,disabled,False,False,False,False,False,False,False
MODEL_FULL_REFIT,5,75,6.11690103422e-05,143cc35bbab621d585cb9bf2,91996a9cf747a614ff6d9e08eaafc3583a58b91c,7c23ba6c613d79731d3e3f1f37122ff5f97e6e6845274121313ccb1ba1459e88,67417cf1fd1267cb4a945de8dff854916bd4d5bbde0c55f5d6545b1c4b6881e3,801c0bf9d69ecdd58b21fb2ba4392137048b466668344ebfc4c8faf6a0d3e2f1,177788fe59872f782f56492a52f86c3b5177023ac875c509339d328f5ce5306f,regime_model_v2_full_right_censored_refit,4fc1a02dce9ac2311dabaeb4623a559d37286dfe58baffef53828cc7415a3425,not_applicable,not_applicable,not_applicable,not_applicable,not_applicable,not_applicable,True,False,disabled,False,False,False,False,False,False,False
MODEL_FULL_REFIT,5,76,6.06896349286e-05,143cc35bbab621d585cb9bf2,91996a9cf747a614ff6d9e08eaafc3583a58b91c,7c23ba6c613d79731d3e3f1f37122ff5f97e6e6845274121313ccb1ba1459e88,67417cf1fd1267cb4a945de8dff854916bd4d5bbde0c55f5d6545b1c4b6881e3,801c0bf9d69ecdd58b21fb2ba4392137048b466668344ebfc4c8faf6a0d3e2f1,177788fe59872f782f56492a52f86c3b5177023ac875c509339d328f5ce5306f,regime_model_v2_full_right_censored_refit,4fc1a02dce9ac2311dabaeb4623a559d37286dfe58baffef53828cc7415a3425,not_applicable,not_applicable,not_applicable,not_applicable,not_applicable,not_applicable,True,False,disabled,False,False,False,False,False,False,False
MODEL_FULL_REFIT,5,77,6.01764988108e-05,143cc35bbab621d585cb9bf2,91996a9cf747a614ff6d9e08eaafc3583a58b91c,7c23ba6c613d79731d3e3f1f37122ff5f97e6e6845274121313ccb1ba1459e88,67417cf1fd1267cb4a945de8dff854916bd4d5bbde0c55f5d6545b1c4b6881e3,801c0bf9d69ecdd58b21fb2ba4392137048b466668344ebfc4c8faf6a0d3e2f1,177788fe59872f782f56492a52f86c3b5177023ac875c509339d328f5ce5306f,regime_model_v2_full_right_censored_refit,4fc1a02dce9ac2311dabaeb4623a559d37286dfe58baffef53828cc7415a3425,not_applicable,not_applicable,not_applicable,not_applicable,not_applicable,not_applicable,True,False,disabled,False,False,False,False,False,False,False
MODEL_FULL_REFIT,5,78,5.96677013033e-05,143cc35bbab621d585cb9bf2,91996a9cf747a614ff6d9e08eaafc3583a58b91c,7c23ba6c613d79731d3e3f1f37122ff5f97e6e6845274121313ccb1ba1459e88,67417cf1fd1267cb4a945de8dff854916bd4d5bbde0c55f5d6545b1c4b6881e3,801c0bf9d69ecdd58b21fb2ba4392137048b466668344ebfc4c8faf6a0d3e2f1,177788fe59872f782f56492a52f86c3b5177023ac875c509339d328f5ce5306f,regime_model_v2_full_right_censored_refit,4fc1a02dce9ac2311dabaeb4623a559d37286dfe58baffef53828cc7415a3425,not_applicable,not_applicable,not_applicable,not_applicable,not_applicable,not_applicable,True,False,disabled,False,False,False,False,False,False,False
MODEL_FULL_REFIT,6,1,0.818476095618,143cc35bbab621d585cb9bf2,91996a9cf747a614ff6d9e08eaafc3583a58b91c,7c23ba6c613d79731d3e3f1f37122ff5f97e6e6845274121313ccb1ba1459e88,67417cf1fd1267cb4a945de8dff854916bd4d5bbde0c55f5d6545b1c4b6881e3,801c0bf9d69ecdd58b21fb2ba4392137048b466668344ebfc4c8faf6a0d3e2f1,177788fe59872f782f56492a52f86c3b5177023ac875c509339d328f5ce5306f,regime_model_v2_full_right_censored_refit,4fc1a02dce9ac2311dabaeb4623a559d37286dfe58baffef53828cc7415a3425,not_applicable,not_applicable,not_applicable,not_applicable,not_applicable,not_applicable,True,False,disabled,False,False,False,False,False,False,False
MODEL_FULL_REFIT,6,2,0.709851696291,143cc35bbab621d585cb9bf2,91996a9cf747a614ff6d9e08eaafc3583a58b91c,7c23ba6c613d79731d3e3f1f37122ff5f97e6e6845274121313ccb1ba1459e88,67417cf1fd1267cb4a945de8dff854916bd4d5bbde0c55f5d6545b1c4b6881e3,801c0bf9d69ecdd58b21fb2ba4392137048b466668344ebfc4c8faf6a0d3e2f1,177788fe59872f782f56492a52f86c3b5177023ac875c509339d328f5ce5306f,regime_model_v2_full_right_censored_refit,4fc1a02dce9ac2311dabaeb4623a559d37286dfe58baffef53828cc7415a3425,not_applicable,not_applicable,not_applicable,not_applicable,not_applicable,not_applicable,True,False,disabled,False,False,False,False,False,False,False
MODEL_FULL_REFIT,6,3,0.580352858814,143cc35bbab621d585cb9bf2,91996a9cf747a614ff6d9e08eaafc3583a58b91c,7c23ba6c613d79731d3e3f1f37122ff5f97e6e6845274121313ccb1ba1459e88,67417cf1fd1267cb4a945de8dff854916bd4d5bbde0c55f5d6545b1c4b6881e3,801c0bf9d69ecdd58b21fb2ba4392137048b466668344ebfc4c8faf6a0d3e2f1,177788fe59872f782f56492a52f86c3b5177023ac875c509339d328f5ce5306f,regime_model_v2_full_right_censored_refit,4fc1a02dce9ac2311dabaeb4623a559d37286dfe58baffef53828cc7415a3425,not_applicable,not_applicable,not_applicable,not_applicable,not_applicable,not_applicable,True,False,disabled,False,False,False,False,False,False,False
MODEL_FULL_REFIT,6,4,0.472621174283,143cc35bbab621d585cb9bf2,91996a9cf747a614ff6d9e08eaafc3583a58b91c,7c23ba6c613d79731d3e3f1f37122ff5f97e6e6845274121313ccb1ba1459e88,67417cf1fd1267cb4a945de8dff854916bd4d5bbde0c55f5d6545b1c4b6881e3,801c0bf9d69ecdd58b21fb2ba4392137048b466668344ebfc4c8faf6a0d3e2f1,177788fe59872f782f56492a52f86c3b5177023ac875c509339d328f5ce5306f,regime_model_v2_full_right_censored_refit,4fc1a02dce9ac2311dabaeb4623a559d37286dfe58baffef53828cc7415a3425,not_applicable,not_applicable,not_applicable,not_applicable,not_applicable,not_applicable,True,False,disabled,False,False,False,False,False,False,False
MODEL_FULL_REFIT,6,5,0.393259356927,143cc35bbab621d585cb9bf2,91996a9cf747a614ff6d9e08eaafc3583a58b91c,7c23ba6c613d79731d3e3f1f37122ff5f97e6e6845274121313ccb1ba1459e88,67417cf1fd1267cb4a945de8dff854916bd4d5bbde0c55f5d6545b1c4b6881e3,801c0bf9d69ecdd58b21fb2ba4392137048b466668344ebfc4c8faf6a0d3e2f1,177788fe59872f782f56492a52f86c3b5177023ac875c509339d328f5ce5306f,regime_model_v2_full_right_censored_refit,4fc1a02dce9ac2311dabaeb4623a559d37286dfe58baffef53828cc7415a3425,not_applicable,not_applicable,not_applicable,not_applicable,not_applicable,not_applicable,True,False,disabled,False,False,False,False,False,False,False
MODEL_FULL_REFIT,6,6,0.309292710986,143cc35bbab621d585cb9bf2,91996a9cf747a614ff6d9e08eaafc3583a58b91c,7c23ba6c613d79731d3e3f1f37122ff5f97e6e6845274121313ccb1ba1459e88,67417cf1fd1267cb4a945de8dff854916bd4d5bbde0c55f5d6545b1c4b6881e3,801c0bf9d69ecdd58b21fb2ba4392137048b466668344ebfc4c8faf6a0d3e2f1,177788fe59872f782f56492a52f86c3b5177023ac875c509339d328f5ce5306f,regime_model_v2_full_right_censored_refit,4fc1a02dce9ac2311dabaeb4623a559d37286dfe58baffef53828cc7415a3425,not_applicable,not_applicable,not_applicable,not_applicable,not_applicable,not_applicable,True,False,disabled,False,False,False,False,False,False,False
MODEL_FULL_REFIT,6,7,0.246012723882,143cc35bbab621d585cb9bf2,91996a9cf747a614ff6d9e08eaafc3583a58b91c,7c23ba6c613d79731d3e3f1f37122ff5f97e6e6845274121313ccb1ba1459e88,67417cf1fd1267cb4a945de8dff854916bd4d5bbde0c55f5d6545b1c4b6881e3,801c0bf9d69ecdd58b21fb2ba4392137048b466668344ebfc4c8faf6a0d3e2f1,177788fe59872f782f56492a52f86c3b5177023ac875c509339d328f5ce5306f,regime_model_v2_full_right_censored_refit,4fc1a02dce9ac2311dabaeb4623a559d37286dfe58baffef53828cc7415a3425,not_applicable,not_applicable,not_applicable,not_applicable,not_applicable,not_applicable,True,False,disabled,False,False,False,False,False,False,False
MODEL_FULL_REFIT,6,8,0.19775638189,143cc35bbab621d585cb9bf2,91996a9cf747a614ff6d9e08eaafc3583a58b91c,7c23ba6c613d79731d3e3f1f37122ff5f97e6e6845274121313ccb1ba1459e88,67417cf1fd1267cb4a945de8dff854916bd4d5bbde0c55f5d6545b1c4b6881e3,801c0bf9d69ecdd58b21fb2ba4392137048b466668344ebfc4c8faf6a0d3e2f1,177788fe59872f782f56492a52f86c3b5177023ac875c509339d328f5ce5306f,regime_model_v2_full_right_censored_refit,4fc1a02dce9ac2311dabaeb4623a559d37286dfe58baffef53828cc7415a3425,not_applicable,not_applicable,not_applicable,not_applicable,not_applicable,not_applicable,True,False,disabled,False,False,False,False,False,False,False
MODEL_FULL_REFIT,6,9,0.161573008959,143cc35bbab621d585cb9bf2,91996a9cf747a614ff6d9e08eaafc3583a58b91c,7c23ba6c613d79731d3e3f1f37122ff5f97e6e6845274121313ccb1ba1459e88,67417cf1fd1267cb4a945de8dff854916bd4d5bbde0c55f5d6545b1c4b6881e3,801c0bf9d69ecdd58b21fb2ba4392137048b466668344ebfc4c8faf6a0d3e2f1,177788fe59872f782f56492a52f86c3b5177023ac875c509339d328f5ce5306f,regime_model_v2_full_right_censored_refit,4fc1a02dce9ac2311dabaeb4623a559d37286dfe58baffef53828cc7415a3425,not_applicable,not_applicable,not_applicable,not_applicable,not_applicable,not_applicable,True,False,disabled,False,False,False,False,False,False,False
MODEL_FULL_REFIT,6,10,0.132659035668,143cc35bbab621d585cb9bf2,91996a9cf747a614ff6d9e08eaafc3583a58b91c,7c23ba6c613d79731d3e3f1f37122ff5f97e6e6845274121313ccb1ba1459e88,67417cf1fd1267cb4a945de8dff854916bd4d5bbde0c55f5d6545b1c4b6881e3,801c0bf9d69ecdd58b21fb2ba4392137048b466668344ebfc4c8faf6a0d3e2f1,177788fe59872f782f56492a52f86c3b5177023ac875c509339d328f5ce5306f,regime_model_v2_full_right_censored_refit,4fc1a02dce9ac2311dabaeb4623a559d37286dfe58baffef53828cc7415a3425,not_applicable,not_applicable,not_applicable,not_applicable,not_applicable,not_applicable,True,False,disabled,False,False,False,False,False,False,False
MODEL_FULL_REFIT,6,11,0.110117363591,143cc35bbab621d585cb9bf2,91996a9cf747a614ff6d9e08eaafc3583a58b91c,7c23ba6c613d79731d3e3f1f37122ff5f97e6e6845274121313ccb1ba1459e88,67417cf1fd1267cb4a945de8dff854916bd4d5bbde0c55f5d6545b1c4b6881e3,801c0bf9d69ecdd58b21fb2ba4392137048b466668344ebfc4c8faf6a0d3e2f1,177788fe59872f782f56492a52f86c3b5177023ac875c509339d328f5ce5306f,regime_model_v2_full_right_censored_refit,4fc1a02dce9ac2311dabaeb4623a559d37286dfe58baffef53828cc7415a3425,not_applicable,not_applicable,not_applicable,not_applicable,not_applicable,not_applicable,True,False,disabled,False,False,False,False,False,False,False
MODEL_FULL_REFIT,6,12,0.0887680788134,143cc35bbab621d585cb9bf2,91996a9cf747a614ff6d9e08eaafc3583a58b91c,7c23ba6c613d79731d3e3f1f37122ff5f97e6e6845274121313ccb1ba1459e88,67417cf1fd1267cb4a945de8dff854916bd4d5bbde0c55f5d6545b1c4b6881e3,801c0bf9d69ecdd58b21fb2ba4392137048b466668344ebfc4c8faf6a0d3e2f1,177788fe59872f782f56492a52f86c3b5177023ac875c509339d328f5ce5306f,regime_model_v2_full_right_censored_refit,4fc1a02dce9ac2311dabaeb4623a559d37286dfe58baffef53828cc7415a3425,not_applicable,not_applicable,not_applicable,not_applicable,not_applicable,not_applicable,True,False,disabled,False,False,False,False,False,False,False
MODEL_FULL_REFIT,6,13,0.0654491206095,143cc35bbab621d585cb9bf2,91996a9cf747a614ff6d9e08eaafc3583a58b91c,7c23ba6c613d79731d3e3f1f37122ff5f97e6e6845274121313ccb1ba1459e88,67417cf1fd1267cb4a945de8dff854916bd4d5bbde0c55f5d6545b1c4b6881e3,801c0bf9d69ecdd58b21fb2ba4392137048b466668344ebfc4c8faf6a0d3e2f1,177788fe59872f782f56492a52f86c3b5177023ac875c509339d328f5ce5306f,regime_model_v2_full_right_censored_refit,4fc1a02dce9ac2311dabaeb4623a559d37286dfe58baffef53828cc7415a3425,not_applicable,not_applicable,not_applicable,not_applicable,not_applicable,not_applicable,True,False,disabled,False,False,False,False,False,False,False
MODEL_FULL_REFIT,6,14,0.0504720070308,143cc35bbab621d585cb9bf2,91996a9cf747a614ff6d9e08eaafc3583a58b91c,7c23ba6c613d79731d3e3f1f37122ff5f97e6e6845274121313ccb1ba1459e88,67417cf1fd1267cb4a945de8dff854916bd4d5bbde0c55f5d6545b1c4b6881e3,801c0bf9d69ecdd58b21fb2ba4392137048b466668344ebfc4c8faf6a0d3e2f1,177788fe59872f782f56492a52f86c3b5177023ac875c509339d328f5ce5306f,regime_model_v2_full_right_censored_refit,4fc1a02dce9ac2311dabaeb4623a559d37286dfe58baffef53828cc7415a3425,not_applicable,not_applicable,not_applicable,not_applicable,not_applicable,not_applicable,True,False,disabled,False,False,False,False,False,False,False
MODEL_FULL_REFIT,6,15,0.0398324376045,143cc35bbab621d585cb9bf2,91996a9cf747a614ff6d9e08eaafc3583a58b91c,7c23ba6c613d79731d3e3f1f37122ff5f97e6e6845274121313ccb1ba1459e88,67417cf1fd1267cb4a945de8dff854916bd4d5bbde0c55f5d6545b1c4b6881e3,801c0bf9d69ecdd58b21fb2ba4392137048b466668344ebfc4c8faf6a0d3e2f1,177788fe59872f782f56492a52f86c3b5177023ac875c509339d328f5ce5306f,regime_model_v2_full_right_censored_refit,4fc1a02dce9ac2311dabaeb4623a559d37286dfe58baffef53828cc7415a3425,not_applicable,not_applicable,not_applicable,not_applicable,not_applicable,not_applicable,True,False,disabled,False,False,False,False,False,False,False
MODEL_FULL_REFIT,6,16,0.0323085327236,143cc35bbab621d585cb9bf2,91996a9cf747a614ff6d9e08eaafc3583a58b91c,7c23ba6c613d79731d3e3f1f37122ff5f97e6e6845274121313ccb1ba1459e88,67417cf1fd1267cb4a945de8dff854916bd4d5bbde0c55f5d6545b1c4b6881e3,801c0bf9d69ecdd58b21fb2ba4392137048b466668344ebfc4c8faf6a0d3e2f1,177788fe59872f782f56492a52f86c3b5177023ac875c509339d328f5ce5306f,regime_model_v2_full_right_censored_refit,4fc1a02dce9ac2311dabaeb4623a559d37286dfe58baffef53828cc7415a3425,not_applicable,not_applicable,not_applicable,not_applicable,not_applicable,not_applicable,True,False,disabled,False,False,False,False,False,False,False
MODEL_FULL_REFIT,6,17,0.026041030474,143cc35bbab621d585cb9bf2,91996a9cf747a614ff6d9e08eaafc3583a58b91c,7c23ba6c613d79731d3e3f1f37122ff5f97e6e6845274121313ccb1ba1459e88,67417cf1fd1267cb4a945de8dff854916bd4d5bbde0c55f5d6545b1c4b6881e3,801c0bf9d69ecdd58b21fb2ba4392137048b466668344ebfc4c8faf6a0d3e2f1,177788fe59872f782f56492a52f86c3b5177023ac875c509339d328f5ce5306f,regime_model_v2_full_right_censored_refit,4fc1a02dce9ac2311dabaeb4623a559d37286dfe58baffef53828cc7415a3425,not_applicable,not_applicable,not_applicable,not_applicable,not_applicable,not_applicable,True,False,disabled,False,False,False,False,False,False,False
MODEL_FULL_REFIT,6,18,0.0219061371217,143cc35bbab621d585cb9bf2,91996a9cf747a614ff6d9e08eaafc3583a58b91c,7c23ba6c613d79731d3e3f1f37122ff5f97e6e6845274121313ccb1ba1459e88,67417cf1fd1267cb4a945de8dff854916bd4d5bbde0c55f5d6545b1c4b6881e3,801c0bf9d69ecdd58b21fb2ba4392137048b466668344ebfc4c8faf6a0d3e2f1,177788fe59872f782f56492a52f86c3b5177023ac875c509339d328f5ce5306f,regime_model_v2_full_right_censored_refit,4fc1a02dce9ac2311dabaeb4623a559d37286dfe58baffef53828cc7415a3425,not_applicable,not_applicable,not_applicable,not_applicable,not_applicable,not_applicable,True,False,disabled,False,False,False,False,False,False,False
MODEL_FULL_REFIT,6,19,0.01621054147,143cc35bbab621d585cb9bf2,91996a9cf747a614ff6d9e08eaafc3583a58b91c,7c23ba6c613d79731d3e3f1f37122ff5f97e6e6845274121313ccb1ba1459e88,67417cf1fd1267cb4a945de8dff854916bd4d5bbde0c55f5d6545b1c4b6881e3,801c0bf9d69ecdd58b21fb2ba4392137048b466668344ebfc4c8faf6a0d3e2f1,177788fe59872f782f56492a52f86c3b5177023ac875c509339d328f5ce5306f,regime_model_v2_full_right_censored_refit,4fc1a02dce9ac2311dabaeb4623a559d37286dfe58baffef53828cc7415a3425,not_applicable,not_applicable,not_applicable,not_applicable,not_applicable,not_applicable,True,False,disabled,False,False,False,False,False,False,False
MODEL_FULL_REFIT,6,20,0.0127746114845,143cc35bbab621d585cb9bf2,91996a9cf747a614ff6d9e08eaafc3583a58b91c,7c23ba6c613d79731d3e3f1f37122ff5f97e6e6845274121313ccb1ba1459e88,67417cf1fd1267cb4a945de8dff854916bd4d5bbde0c55f5d6545b1c4b6881e3,801c0bf9d69ecdd58b21fb2ba4392137048b466668344ebfc4c8faf6a0d3e2f1,177788fe59872f782f56492a52f86c3b5177023ac875c509339d328f5ce5306f,regime_model_v2_full_right_censored_refit,4fc1a02dce9ac2311dabaeb4623a559d37286dfe58baffef53828cc7415a3425,not_applicable,not_applicable,not_applicable,not_applicable,not_applicable,not_applicable,True,False,disabled,False,False,False,False,False,False,False
MODEL_FULL_REFIT,6,21,0.010762172689,143cc35bbab621d585cb9bf2,91996a9cf747a614ff6d9e08eaafc3583a58b91c,7c23ba6c613d79731d3e3f1f37122ff5f97e6e6845274121313ccb1ba1459e88,67417cf1fd1267cb4a945de8dff854916bd4d5bbde0c55f5d6545b1c4b6881e3,801c0bf9d69ecdd58b21fb2ba4392137048b466668344ebfc4c8faf6a0d3e2f1,177788fe59872f782f56492a52f86c3b5177023ac875c509339d328f5ce5306f,regime_model_v2_full_right_censored_refit,4fc1a02dce9ac2311dabaeb4623a559d37286dfe58baffef53828cc7415a3425,not_applicable,not_applicable,not_applicable,not_applicable,not_applicable,not_applicable,True,False,disabled,False,False,False,False,False,False,False
MODEL_FULL_REFIT,6,22,0.00873323849356,143cc35bbab621d585cb9bf2,91996a9cf747a614ff6d9e08eaafc3583a58b91c,7c23ba6c613d79731d3e3f1f37122ff5f97e6e6845274121313ccb1ba1459e88,67417cf1fd1267cb4a945de8dff854916bd4d5bbde0c55f5d6545b1c4b6881e3,801c0bf9d69ecdd58b21fb2ba4392137048b466668344ebfc4c8faf6a0d3e2f1,177788fe59872f782f56492a52f86c3b5177023ac875c509339d328f5ce5306f,regime_model_v2_full_right_censored_refit,4fc1a02dce9ac2311dabaeb4623a559d37286dfe58baffef53828cc7415a3425,not_applicable,not_applicable,not_applicable,not_applicable,not_applicable,not_applicable,True,False,disabled,False,False,False,False,False,False,False
MODEL_FULL_REFIT,6,23,0.00757474767299,143cc35bbab621d585cb9bf2,91996a9cf747a614ff6d9e08eaafc3583a58b91c,7c23ba6c613d79731d3e3f1f37122ff5f97e6e6845274121313ccb1ba1459e88,67417cf1fd1267cb4a945de8dff854916bd4d5bbde0c55f5d6545b1c4b6881e3,801c0bf9d69ecdd58b21fb2ba4392137048b466668344ebfc4c8faf6a0d3e2f1,177788fe59872f782f56492a52f86c3b5177023ac875c509339d328f5ce5306f,regime_model_v2_full_right_censored_refit,4fc1a02dce9ac2311dabaeb4623a559d37286dfe58baffef53828cc7415a3425,not_applicable,not_applicable,not_applicable,not_applicable,not_applicable,not_applicable,True,False,disabled,False,False,False,False,False,False,False
MODEL_FULL_REFIT,6,24,0.00563487326893,143cc35bbab621d585cb9bf2,91996a9cf747a614ff6d9e08eaafc3583a58b91c,7c23ba6c613d79731d3e3f1f37122ff5f97e6e6845274121313ccb1ba1459e88,67417cf1fd1267cb4a945de8dff854916bd4d5bbde0c55f5d6545b1c4b6881e3,801c0bf9d69ecdd58b21fb2ba4392137048b466668344ebfc4c8faf6a0d3e2f1,177788fe59872f782f56492a52f86c3b5177023ac875c509339d328f5ce5306f,regime_model_v2_full_right_censored_refit,4fc1a02dce9ac2311dabaeb4623a559d37286dfe58baffef53828cc7415a3425,not_applicable,not_applicable,not_applicable,not_applicable,not_applicable,not_applicable,True,False,disabled,False,False,False,False,False,False,False
MODEL_FULL_REFIT,6,25,0.00410876175859,143cc35bbab621d585cb9bf2,91996a9cf747a614ff6d9e08eaafc3583a58b91c,7c23ba6c613d79731d3e3f1f37122ff5f97e6e6845274121313ccb1ba1459e88,67417cf1fd1267cb4a945de8dff854916bd4d5bbde0c55f5d6545b1c4b6881e3,801c0bf9d69ecdd58b21fb2ba4392137048b466668344ebfc4c8faf6a0d3e2f1,177788fe59872f782f56492a52f86c3b5177023ac875c509339d328f5ce5306f,regime_model_v2_full_right_censored_refit,4fc1a02dce9ac2311dabaeb4623a559d37286dfe58baffef53828cc7415a3425,not_applicable,not_applicable,not_applicable,not_applicable,not_applicable,not_applicable,True,False,disabled,False,False,False,False,False,False,False
MODEL_FULL_REFIT,6,26,0.0028533067768,143cc35bbab621d585cb9bf2,91996a9cf747a614ff6d9e08eaafc3583a58b91c,7c23ba6c613d79731d3e3f1f37122ff5f97e6e6845274121313ccb1ba1459e88,67417cf1fd1267cb4a945de8dff854916bd4d5bbde0c55f5d6545b1c4b6881e3,801c0bf9d69ecdd58b21fb2ba4392137048b466668344ebfc4c8faf6a0d3e2f1,177788fe59872f782f56492a52f86c3b5177023ac875c509339d328f5ce5306f,regime_model_v2_full_right_censored_refit,4fc1a02dce9ac2311dabaeb4623a559d37286dfe58baffef53828cc7415a3425,not_applicable,not_applicable,not_applicable,not_applicable,not_applicable,not_applicable,True,False,disabled,False,False,False,False,False,False,False
MODEL_FULL_REFIT,6,27,0.00208510879843,143cc35bbab621d585cb9bf2,91996a9cf747a614ff6d9e08eaafc3583a58b91c,7c23ba6c613d79731d3e3f1f37122ff5f97e6e6845274121313ccb1ba1459e88,67417cf1fd1267cb4a945de8dff854916bd4d5bbde0c55f5d6545b1c4b6881e3,801c0bf9d69ecdd58b21fb2ba4392137048b466668344ebfc4c8faf6a0d3e2f1,177788fe59872f782f56492a52f86c3b5177023ac875c509339d328f5ce5306f,regime_model_v2_full_right_censored_refit,4fc1a02dce9ac2311dabaeb4623a559d37286dfe58baffef53828cc7415a3425,not_applicable,not_applicable,not_applicable,not_applicable,not_applicable,not_applicable,True,False,disabled,False,False,False,False,False,False,False
MODEL_FULL_REFIT,6,28,0.00104255439922,143cc35bbab621d585cb9bf2,91996a9cf747a614ff6d9e08eaafc3583a58b91c,7c23ba6c613d79731d3e3f1f37122ff5f97e6e6845274121313ccb1ba1459e88,67417cf1fd1267cb4a945de8dff854916bd4d5bbde0c55f5d6545b1c4b6881e3,801c0bf9d69ecdd58b21fb2ba4392137048b466668344ebfc4c8faf6a0d3e2f1,177788fe59872f782f56492a52f86c3b5177023ac875c509339d328f5ce5306f,regime_model_v2_full_right_censored_refit,4fc1a02dce9ac2311dabaeb4623a559d37286dfe58baffef53828cc7415a3425,not_applicable,not_applicable,not_applicable,not_applicable,not_applicable,not_applicable,True,False,disabled,False,False,False,False,False,False,False
MODEL_FULL_REFIT,6,29,0.000776770779788,143cc35bbab621d585cb9bf2,91996a9cf747a614ff6d9e08eaafc3583a58b91c,7c23ba6c613d79731d3e3f1f37122ff5f97e6e6845274121313ccb1ba1459e88,67417cf1fd1267cb4a945de8dff854916bd4d5bbde0c55f5d6545b1c4b6881e3,801c0bf9d69ecdd58b21fb2ba4392137048b466668344ebfc4c8faf6a0d3e2f1,177788fe59872f782f56492a52f86c3b5177023ac875c509339d328f5ce5306f,regime_model_v2_full_right_censored_refit,4fc1a02dce9ac2311dabaeb4623a559d37286dfe58baffef53828cc7415a3425,not_applicable,not_applicable,not_applicable,not_applicable,not_applicable,not_applicable,True,False,disabled,False,False,False,False,False,False,False
MODEL_FULL_REFIT,6,30,0.000700992772016,143cc35bbab621d585cb9bf2,91996a9cf747a614ff6d9e08eaafc3583a58b91c,7c23ba6c613d79731d3e3f1f37122ff5f97e6e6845274121313ccb1ba1459e88,67417cf1fd1267cb4a945de8dff854916bd4d5bbde0c55f5d6545b1c4b6881e3,801c0bf9d69ecdd58b21fb2ba4392137048b466668344ebfc4c8faf6a0d3e2f1,177788fe59872f782f56492a52f86c3b5177023ac875c509339d328f5ce5306f,regime_model_v2_full_right_censored_refit,4fc1a02dce9ac2311dabaeb4623a559d37286dfe58baffef53828cc7415a3425,not_applicable,not_applicable,not_applicable,not_applicable,not_applicable,not_applicable,True,False,disabled,False,False,False,False,False,False,False
MODEL_FULL_REFIT,6,31,0.000632513462987,143cc35bbab621d585cb9bf2,91996a9cf747a614ff6d9e08eaafc3583a58b91c,7c23ba6c613d79731d3e3f1f37122ff5f97e6e6845274121313ccb1ba1459e88,67417cf1fd1267cb4a945de8dff854916bd4d5bbde0c55f5d6545b1c4b6881e3,801c0bf9d69ecdd58b21fb2ba4392137048b466668344ebfc4c8faf6a0d3e2f1,177788fe59872f782f56492a52f86c3b5177023ac875c509339d328f5ce5306f,regime_model_v2_full_right_censored_refit,4fc1a02dce9ac2311dabaeb4623a559d37286dfe58baffef53828cc7415a3425,not_applicable,not_applicable,not_applicable,not_applicable,not_applicable,not_applicable,True,False,disabled,False,False,False,False,False,False,False
MODEL_FULL_REFIT,6,32,0.000386365914673,143cc35bbab621d585cb9bf2,91996a9cf747a614ff6d9e08eaafc3583a58b91c,7c23ba6c613d79731d3e3f1f37122ff5f97e6e6845274121313ccb1ba1459e88,67417cf1fd1267cb4a945de8dff854916bd4d5bbde0c55f5d6545b1c4b6881e3,801c0bf9d69ecdd58b21fb2ba4392137048b466668344ebfc4c8faf6a0d3e2f1,177788fe59872f782f56492a52f86c3b5177023ac875c509339d328f5ce5306f,regime_model_v2_full_right_censored_refit,4fc1a02dce9ac2311dabaeb4623a559d37286dfe58baffef53828cc7415a3425,not_applicable,not_applicable,not_applicable,not_applicable,not_applicable,not_applicable,True,False,disabled,False,False,False,False,False,False,False
MODEL_FULL_REFIT,6,33,0.000354923410956,143cc35bbab621d585cb9bf2,91996a9cf747a614ff6d9e08eaafc3583a58b91c,7c23ba6c613d79731d3e3f1f37122ff5f97e6e6845274121313ccb1ba1459e88,67417cf1fd1267cb4a945de8dff854916bd4d5bbde0c55f5d6545b1c4b6881e3,801c0bf9d69ecdd58b21fb2ba4392137048b466668344ebfc4c8faf6a0d3e2f1,177788fe59872f782f56492a52f86c3b5177023ac875c509339d328f5ce5306f,regime_model_v2_full_right_censored_refit,4fc1a02dce9ac2311dabaeb4623a559d37286dfe58baffef53828cc7415a3425,not_applicable,not_applicable,not_applicable,not_applicable,not_applicable,not_applicable,True,False,disabled,False,False,False,False,False,False,False
MODEL_FULL_REFIT,6,34,0.000290624108007,143cc35bbab621d585cb9bf2,91996a9cf747a614ff6d9e08eaafc3583a58b91c,7c23ba6c613d79731d3e3f1f37122ff5f97e6e6845274121313ccb1ba1459e88,67417cf1fd1267cb4a945de8dff854916bd4d5bbde0c55f5d6545b1c4b6881e3,801c0bf9d69ecdd58b21fb2ba4392137048b466668344ebfc4c8faf6a0d3e2f1,177788fe59872f782f56492a52f86c3b5177023ac875c509339d328f5ce5306f,regime_model_v2_full_right_censored_refit,4fc1a02dce9ac2311dabaeb4623a559d37286dfe58baffef53828cc7415a3425,not_applicable,not_applicable,not_applicable,not_applicable,not_applicable,not_applicable,True,False,disabled,False,False,False,False,False,False,False
MODEL_FULL_REFIT,6,35,0.000273892166347,143cc35bbab621d585cb9bf2,91996a9cf747a614ff6d9e08eaafc3583a58b91c,7c23ba6c613d79731d3e3f1f37122ff5f97e6e6845274121313ccb1ba1459e88,67417cf1fd1267cb4a945de8dff854916bd4d5bbde0c55f5d6545b1c4b6881e3,801c0bf9d69ecdd58b21fb2ba4392137048b466668344ebfc4c8faf6a0d3e2f1,177788fe59872f782f56492a52f86c3b5177023ac875c509339d328f5ce5306f,regime_model_v2_full_right_censored_refit,4fc1a02dce9ac2311dabaeb4623a559d37286dfe58baffef53828cc7415a3425,not_applicable,not_applicable,not_applicable,not_applicable,not_applicable,not_applicable,True,False,disabled,False,False,False,False,False,False,False
MODEL_FULL_REFIT,6,36,0.000264327093133,143cc35bbab621d585cb9bf2,91996a9cf747a614ff6d9e08eaafc3583a58b91c,7c23ba6c613d79731d3e3f1f37122ff5f97e6e6845274121313ccb1ba1459e88,67417cf1fd1267cb4a945de8dff854916bd4d5bbde0c55f5d6545b1c4b6881e3,801c0bf9d69ecdd58b21fb2ba4392137048b466668344ebfc4c8faf6a0d3e2f1,177788fe59872f782f56492a52f86c3b5177023ac875c509339d328f5ce5306f,regime_model_v2_full_right_censored_refit,4fc1a02dce9ac2311dabaeb4623a559d37286dfe58baffef53828cc7415a3425,not_applicable,not_applicable,not_applicable,not_applicable,not_applicable,not_applicable,True,False,disabled,False,False,False,False,False,False,False
MODEL_FULL_REFIT,6,37,0.000255913773911,143cc35bbab621d585cb9bf2,91996a9cf747a614ff6d9e08eaafc3583a58b91c,7c23ba6c613d79731d3e3f1f37122ff5f97e6e6845274121313ccb1ba1459e88,67417cf1fd1267cb4a945de8dff854916bd4d5bbde0c55f5d6545b1c4b6881e3,801c0bf9d69ecdd58b21fb2ba4392137048b466668344ebfc4c8faf6a0d3e2f1,177788fe59872f782f56492a52f86c3b5177023ac875c509339d328f5ce5306f,regime_model_v2_full_right_censored_refit,4fc1a02dce9ac2311dabaeb4623a559d37286dfe58baffef53828cc7415a3425,not_applicable,not_applicable,not_applicable,not_applicable,not_applicable,not_applicable,True,False,disabled,False,False,False,False,False,False,False
MODEL_FULL_REFIT,6,38,0.000248013142547,143cc35bbab621d585cb9bf2,91996a9cf747a614ff6d9e08eaafc3583a58b91c,7c23ba6c613d79731d3e3f1f37122ff5f97e6e6845274121313ccb1ba1459e88,67417cf1fd1267cb4a945de8dff854916bd4d5bbde0c55f5d6545b1c4b6881e3,801c0bf9d69ecdd58b21fb2ba4392137048b466668344ebfc4c8faf6a0d3e2f1,177788fe59872f782f56492a52f86c3b5177023ac875c509339d328f5ce5306f,regime_model_v2_full_right_censored_refit,4fc1a02dce9ac2311dabaeb4623a559d37286dfe58baffef53828cc7415a3425,not_applicable,not_applicable,not_applicable,not_applicable,not_applicable,not_applicable,True,False,disabled,False,False,False,False,False,False,False
MODEL_FULL_REFIT,6,39,0.000242546634564,143cc35bbab621d585cb9bf2,91996a9cf747a614ff6d9e08eaafc3583a58b91c,7c23ba6c613d79731d3e3f1f37122ff5f97e6e6845274121313ccb1ba1459e88,67417cf1fd1267cb4a945de8dff854916bd4d5bbde0c55f5d6545b1c4b6881e3,801c0bf9d69ecdd58b21fb2ba4392137048b466668344ebfc4c8faf6a0d3e2f1,177788fe59872f782f56492a52f86c3b5177023ac875c509339d328f5ce5306f,regime_model_v2_full_right_censored_refit,4fc1a02dce9ac2311dabaeb4623a559d37286dfe58baffef53828cc7415a3425,not_applicable,not_applicable,not_applicable,not_applicable,not_applicable,not_applicable,True,False,disabled,False,False,False,False,False,False,False
MODEL_FULL_REFIT,6,40,0.000232624196687,143cc35bbab621d585cb9bf2,91996a9cf747a614ff6d9e08eaafc3583a58b91c,7c23ba6c613d79731d3e3f1f37122ff5f97e6e6845274121313ccb1ba1459e88,67417cf1fd1267cb4a945de8dff854916bd4d5bbde0c55f5d6545b1c4b6881e3,801c0bf9d69ecdd58b21fb2ba4392137048b466668344ebfc4c8faf6a0d3e2f1,177788fe59872f782f56492a52f86c3b5177023ac875c509339d328f5ce5306f,regime_model_v2_full_right_censored_refit,4fc1a02dce9ac2311dabaeb4623a559d37286dfe58baffef53828cc7415a3425,not_applicable,not_applicable,not_applicable,not_applicable,not_applicable,not_applicable,True,False,disabled,False,False,False,False,False,False,False
MODEL_FULL_REFIT,6,41,0.000221948940225,143cc35bbab621d585cb9bf2,91996a9cf747a614ff6d9e08eaafc3583a58b91c,7c23ba6c613d79731d3e3f1f37122ff5f97e6e6845274121313ccb1ba1459e88,67417cf1fd1267cb4a945de8dff854916bd4d5bbde0c55f5d6545b1c4b6881e3,801c0bf9d69ecdd58b21fb2ba4392137048b466668344ebfc4c8faf6a0d3e2f1,177788fe59872f782f56492a52f86c3b5177023ac875c509339d328f5ce5306f,regime_model_v2_full_right_censored_refit,4fc1a02dce9ac2311dabaeb4623a559d37286dfe58baffef53828cc7415a3425,not_applicable,not_applicable,not_applicable,not_applicable,not_applicable,not_applicable,True,False,disabled,False,False,False,False,False,False,False
MODEL_FULL_REFIT,6,42,0.000215052949203,143cc35bbab621d585cb9bf2,91996a9cf747a614ff6d9e08eaafc3583a58b91c,7c23ba6c613d79731d3e3f1f37122ff5f97e6e6845274121313ccb1ba1459e88,67417cf1fd1267cb4a945de8dff854916bd4d5bbde0c55f5d6545b1c4b6881e3,801c0bf9d69ecdd58b21fb2ba4392137048b466668344ebfc4c8faf6a0d3e2f1,177788fe59872f782f56492a52f86c3b5177023ac875c509339d328f5ce5306f,regime_model_v2_full_right_censored_refit,4fc1a02dce9ac2311dabaeb4623a559d37286dfe58baffef53828cc7415a3425,not_applicable,not_applicable,not_applicable,not_applicable,not_applicable,not_applicable,True,False,disabled,False,False,False,False,False,False,False
MODEL_FULL_REFIT,6,43,0.000208718102614,143cc35bbab621d585cb9bf2,91996a9cf747a614ff6d9e08eaafc3583a58b91c,7c23ba6c613d79731d3e3f1f37122ff5f97e6e6845274121313ccb1ba1459e88,67417cf1fd1267cb4a945de8dff854916bd4d5bbde0c55f5d6545b1c4b6881e3,801c0bf9d69ecdd58b21fb2ba4392137048b466668344ebfc4c8faf6a0d3e2f1,177788fe59872f782f56492a52f86c3b5177023ac875c509339d328f5ce5306f,regime_model_v2_full_right_censored_refit,4fc1a02dce9ac2311dabaeb4623a559d37286dfe58baffef53828cc7415a3425,not_applicable,not_applicable,not_applicable,not_applicable,not_applicable,not_applicable,True,False,disabled,False,False,False,False,False,False,False
MODEL_FULL_REFIT,6,44,0.000204955608276,143cc35bbab621d585cb9bf2,91996a9cf747a614ff6d9e08eaafc3583a58b91c,7c23ba6c613d79731d3e3f1f37122ff5f97e6e6845274121313ccb1ba1459e88,67417cf1fd1267cb4a945de8dff854916bd4d5bbde0c55f5d6545b1c4b6881e3,801c0bf9d69ecdd58b21fb2ba4392137048b466668344ebfc4c8faf6a0d3e2f1,177788fe59872f782f56492a52f86c3b5177023ac875c509339d328f5ce5306f,regime_model_v2_full_right_censored_refit,4fc1a02dce9ac2311dabaeb4623a559d37286dfe58baffef53828cc7415a3425,not_applicable,not_applicable,not_applicable,not_applicable,not_applicable,not_applicable,True,False,disabled,False,False,False,False,False,False,False
MODEL_FULL_REFIT,6,45,0.000200419392318,143cc35bbab621d585cb9bf2,91996a9cf747a614ff6d9e08eaafc3583a58b91c,7c23ba6c613d79731d3e3f1f37122ff5f97e6e6845274121313ccb1ba1459e88,67417cf1fd1267cb4a945de8dff854916bd4d5bbde0c55f5d6545b1c4b6881e3,801c0bf9d69ecdd58b21fb2ba4392137048b466668344ebfc4c8faf6a0d3e2f1,177788fe59872f782f56492a52f86c3b5177023ac875c509339d328f5ce5306f,regime_model_v2_full_right_censored_refit,4fc1a02dce9ac2311dabaeb4623a559d37286dfe58baffef53828cc7415a3425,not_applicable,not_applicable,not_applicable,not_applicable,not_applicable,not_applicable,True,False,disabled,False,False,False,False,False,False,False
MODEL_FULL_REFIT,6,46,0.000195099760532,143cc35bbab621d585cb9bf2,91996a9cf747a614ff6d9e08eaafc3583a58b91c,7c23ba6c613d79731d3e3f1f37122ff5f97e6e6845274121313ccb1ba1459e88,67417cf1fd1267cb4a945de8dff854916bd4d5bbde0c55f5d6545b1c4b6881e3,801c0bf9d69ecdd58b21fb2ba4392137048b466668344ebfc4c8faf6a0d3e2f1,177788fe59872f782f56492a52f86c3b5177023ac875c509339d328f5ce5306f,regime_model_v2_full_right_censored_refit,4fc1a02dce9ac2311dabaeb4623a559d37286dfe58baffef53828cc7415a3425,not_applicable,not_applicable,not_applicable,not_applicable,not_applicable,not_applicable,True,False,disabled,False,False,False,False,False,False,False
MODEL_FULL_REFIT,6,47,0.000190462382268,143cc35bbab621d585cb9bf2,91996a9cf747a614ff6d9e08eaafc3583a58b91c,7c23ba6c613d79731d3e3f1f37122ff5f97e6e6845274121313ccb1ba1459e88,67417cf1fd1267cb4a945de8dff854916bd4d5bbde0c55f5d6545b1c4b6881e3,801c0bf9d69ecdd58b21fb2ba4392137048b466668344ebfc4c8faf6a0d3e2f1,177788fe59872f782f56492a52f86c3b5177023ac875c509339d328f5ce5306f,regime_model_v2_full_right_censored_refit,4fc1a02dce9ac2311dabaeb4623a559d37286dfe58baffef53828cc7415a3425,not_applicable,not_applicable,not_applicable,not_applicable,not_applicable,not_applicable,True,False,disabled,False,False,False,False,False,False,False
MODEL_FULL_REFIT,6,48,0.000189258545946,143cc35bbab621d585cb9bf2,91996a9cf747a614ff6d9e08eaafc3583a58b91c,7c23ba6c613d79731d3e3f1f37122ff5f97e6e6845274121313ccb1ba1459e88,67417cf1fd1267cb4a945de8dff854916bd4d5bbde0c55f5d6545b1c4b6881e3,801c0bf9d69ecdd58b21fb2ba4392137048b466668344ebfc4c8faf6a0d3e2f1,177788fe59872f782f56492a52f86c3b5177023ac875c509339d328f5ce5306f,regime_model_v2_full_right_censored_refit,4fc1a02dce9ac2311dabaeb4623a559d37286dfe58baffef53828cc7415a3425,not_applicable,not_applicable,not_applicable,not_applicable,not_applicable,not_applicable,True,False,disabled,False,False,False,False,False,False,False
MODEL_FULL_REFIT,6,49,0.000183865787718,143cc35bbab621d585cb9bf2,91996a9cf747a614ff6d9e08eaafc3583a58b91c,7c23ba6c613d79731d3e3f1f37122ff5f97e6e6845274121313ccb1ba1459e88,67417cf1fd1267cb4a945de8dff854916bd4d5bbde0c55f5d6545b1c4b6881e3,801c0bf9d69ecdd58b21fb2ba4392137048b466668344ebfc4c8faf6a0d3e2f1,177788fe59872f782f56492a52f86c3b5177023ac875c509339d328f5ce5306f,regime_model_v2_full_right_censored_refit,4fc1a02dce9ac2311dabaeb4623a559d37286dfe58baffef53828cc7415a3425,not_applicable,not_applicable,not_applicable,not_applicable,not_applicable,not_applicable,True,False,disabled,False,False,False,False,False,False,False
MODEL_FULL_REFIT,6,50,0.00017914646791,143cc35bbab621d585cb9bf2,91996a9cf747a614ff6d9e08eaafc3583a58b91c,7c23ba6c613d79731d3e3f1f37122ff5f97e6e6845274121313ccb1ba1459e88,67417cf1fd1267cb4a945de8dff854916bd4d5bbde0c55f5d6545b1c4b6881e3,801c0bf9d69ecdd58b21fb2ba4392137048b466668344ebfc4c8faf6a0d3e2f1,177788fe59872f782f56492a52f86c3b5177023ac875c509339d328f5ce5306f,regime_model_v2_full_right_censored_refit,4fc1a02dce9ac2311dabaeb4623a559d37286dfe58baffef53828cc7415a3425,not_applicable,not_applicable,not_applicable,not_applicable,not_applicable,not_applicable,True,False,disabled,False,False,False,False,False,False,False
MODEL_FULL_REFIT,6,51,0.000176469466219,143cc35bbab621d585cb9bf2,91996a9cf747a614ff6d9e08eaafc3583a58b91c,7c23ba6c613d79731d3e3f1f37122ff5f97e6e6845274121313ccb1ba1459e88,67417cf1fd1267cb4a945de8dff854916bd4d5bbde0c55f5d6545b1c4b6881e3,801c0bf9d69ecdd58b21fb2ba4392137048b466668344ebfc4c8faf6a0d3e2f1,177788fe59872f782f56492a52f86c3b5177023ac875c509339d328f5ce5306f,regime_model_v2_full_right_censored_refit,4fc1a02dce9ac2311dabaeb4623a559d37286dfe58baffef53828cc7415a3425,not_applicable,not_applicable,not_applicable,not_applicable,not_applicable,not_applicable,True,False,disabled,False,False,False,False,False,False,False
MODEL_FULL_REFIT,6,52,0.000174471791173,143cc35bbab621d585cb9bf2,91996a9cf747a614ff6d9e08eaafc3583a58b91c,7c23ba6c613d79731d3e3f1f37122ff5f97e6e6845274121313ccb1ba1459e88,67417cf1fd1267cb4a945de8dff854916bd4d5bbde0c55f5d6545b1c4b6881e3,801c0bf9d69ecdd58b21fb2ba4392137048b466668344ebfc4c8faf6a0d3e2f1,177788fe59872f782f56492a52f86c3b5177023ac875c509339d328f5ce5306f,regime_model_v2_full_right_censored_refit,4fc1a02dce9ac2311dabaeb4623a559d37286dfe58baffef53828cc7415a3425,not_applicable,not_applicable,not_applicable,not_applicable,not_applicable,not_applicable,True,False,disabled,False,False,False,False,False,False,False
MODEL_FULL_REFIT,6,53,0.000168717658335,143cc35bbab621d585cb9bf2,91996a9cf747a614ff6d9e08eaafc3583a58b91c,7c23ba6c613d79731d3e3f1f37122ff5f97e6e6845274121313ccb1ba1459e88,67417cf1fd1267cb4a945de8dff854916bd4d5bbde0c55f5d6545b1c4b6881e3,801c0bf9d69ecdd58b21fb2ba4392137048b466668344ebfc4c8faf6a0d3e2f1,177788fe59872f782f56492a52f86c3b5177023ac875c509339d328f5ce5306f,regime_model_v2_full_right_censored_refit,4fc1a02dce9ac2311dabaeb4623a559d37286dfe58baffef53828cc7415a3425,not_applicable,not_applicable,not_applicable,not_applicable,not_applicable,not_applicable,True,False,disabled,False,False,False,False,False,False,False
MODEL_FULL_REFIT,6,54,0.000164327519772,143cc35bbab621d585cb9bf2,91996a9cf747a614ff6d9e08eaafc3583a58b91c,7c23ba6c613d79731d3e3f1f37122ff5f97e6e6845274121313ccb1ba1459e88,67417cf1fd1267cb4a945de8dff854916bd4d5bbde0c55f5d6545b1c4b6881e3,801c0bf9d69ecdd58b21fb2ba4392137048b466668344ebfc4c8faf6a0d3e2f1,177788fe59872f782f56492a52f86c3b5177023ac875c509339d328f5ce5306f,regime_model_v2_full_right_censored_refit,4fc1a02dce9ac2311dabaeb4623a559d37286dfe58baffef53828cc7415a3425,not_applicable,not_applicable,not_applicable,not_applicable,not_applicable,not_applicable,True,False,disabled,False,False,False,False,False,False,False
MODEL_FULL_REFIT,6,55,0.000161349942392,143cc35bbab621d585cb9bf2,91996a9cf747a614ff6d9e08eaafc3583a58b91c,7c23ba6c613d79731d3e3f1f37122ff5f97e6e6845274121313ccb1ba1459e88,67417cf1fd1267cb4a945de8dff854916bd4d5bbde0c55f5d6545b1c4b6881e3,801c0bf9d69ecdd58b21fb2ba4392137048b466668344ebfc4c8faf6a0d3e2f1,177788fe59872f782f56492a52f86c3b5177023ac875c509339d328f5ce5306f,regime_model_v2_full_right_censored_refit,4fc1a02dce9ac2311dabaeb4623a559d37286dfe58baffef53828cc7415a3425,not_applicable,not_applicable,not_applicable,not_applicable,not_applicable,not_applicable,True,False,disabled,False,False,False,False,False,False,False
MODEL_FULL_REFIT,6,56,0.000158339037217,143cc35bbab621d585cb9bf2,91996a9cf747a614ff6d9e08eaafc3583a58b91c,7c23ba6c613d79731d3e3f1f37122ff5f97e6e6845274121313ccb1ba1459e88,67417cf1fd1267cb4a945de8dff854916bd4d5bbde0c55f5d6545b1c4b6881e3,801c0bf9d69ecdd58b21fb2ba4392137048b466668344ebfc4c8faf6a0d3e2f1,177788fe59872f782f56492a52f86c3b5177023ac875c509339d328f5ce5306f,regime_model_v2_full_right_censored_refit,4fc1a02dce9ac2311dabaeb4623a559d37286dfe58baffef53828cc7415a3425,not_applicable,not_applicable,not_applicable,not_applicable,not_applicable,not_applicable,True,False,disabled,False,False,False,False,False,False,False
MODEL_FULL_REFIT,6,57,0.000153621239275,143cc35bbab621d585cb9bf2,91996a9cf747a614ff6d9e08eaafc3583a58b91c,7c23ba6c613d79731d3e3f1f37122ff5f97e6e6845274121313ccb1ba1459e88,67417cf1fd1267cb4a945de8dff854916bd4d5bbde0c55f5d6545b1c4b6881e3,801c0bf9d69ecdd58b21fb2ba4392137048b466668344ebfc4c8faf6a0d3e2f1,177788fe59872f782f56492a52f86c3b5177023ac875c509339d328f5ce5306f,regime_model_v2_full_right_censored_refit,4fc1a02dce9ac2311dabaeb4623a559d37286dfe58baffef53828cc7415a3425,not_applicable,not_applicable,not_applicable,not_applicable,not_applicable,not_applicable,True,False,disabled,False,False,False,False,False,False,False
MODEL_FULL_REFIT,6,58,0.0001487939019,143cc35bbab621d585cb9bf2,91996a9cf747a614ff6d9e08eaafc3583a58b91c,7c23ba6c613d79731d3e3f1f37122ff5f97e6e6845274121313ccb1ba1459e88,67417cf1fd1267cb4a945de8dff854916bd4d5bbde0c55f5d6545b1c4b6881e3,801c0bf9d69ecdd58b21fb2ba4392137048b466668344ebfc4c8faf6a0d3e2f1,177788fe59872f782f56492a52f86c3b5177023ac875c509339d328f5ce5306f,regime_model_v2_full_right_censored_refit,4fc1a02dce9ac2311dabaeb4623a559d37286dfe58baffef53828cc7415a3425,not_applicable,not_applicable,not_applicable,not_applicable,not_applicable,not_applicable,True,False,disabled,False,False,False,False,False,False,False
MODEL_FULL_REFIT,6,59,0.000147296395124,143cc35bbab621d585cb9bf2,91996a9cf747a614ff6d9e08eaafc3583a58b91c,7c23ba6c613d79731d3e3f1f37122ff5f97e6e6845274121313ccb1ba1459e88,67417cf1fd1267cb4a945de8dff854916bd4d5bbde0c55f5d6545b1c4b6881e3,801c0bf9d69ecdd58b21fb2ba4392137048b466668344ebfc4c8faf6a0d3e2f1,177788fe59872f782f56492a52f86c3b5177023ac875c509339d328f5ce5306f,regime_model_v2_full_right_censored_refit,4fc1a02dce9ac2311dabaeb4623a559d37286dfe58baffef53828cc7415a3425,not_applicable,not_applicable,not_applicable,not_applicable,not_applicable,not_applicable,True,False,disabled,False,False,False,False,False,False,False
MODEL_FULL_REFIT,6,60,0.000144046471971,143cc35bbab621d585cb9bf2,91996a9cf747a614ff6d9e08eaafc3583a58b91c,7c23ba6c613d79731d3e3f1f37122ff5f97e6e6845274121313ccb1ba1459e88,67417cf1fd1267cb4a945de8dff854916bd4d5bbde0c55f5d6545b1c4b6881e3,801c0bf9d69ecdd58b21fb2ba4392137048b466668344ebfc4c8faf6a0d3e2f1,177788fe59872f782f56492a52f86c3b5177023ac875c509339d328f5ce5306f,regime_model_v2_full_right_censored_refit,4fc1a02dce9ac2311dabaeb4623a559d37286dfe58baffef53828cc7415a3425,not_applicable,not_applicable,not_applicable,not_applicable,not_applicable,not_applicable,True,False,disabled,False,False,False,False,False,False,False
MODEL_FULL_REFIT,6,61,0.000141644782509,143cc35bbab621d585cb9bf2,91996a9cf747a614ff6d9e08eaafc3583a58b91c,7c23ba6c613d79731d3e3f1f37122ff5f97e6e6845274121313ccb1ba1459e88,67417cf1fd1267cb4a945de8dff854916bd4d5bbde0c55f5d6545b1c4b6881e3,801c0bf9d69ecdd58b21fb2ba4392137048b466668344ebfc4c8faf6a0d3e2f1,177788fe59872f782f56492a52f86c3b5177023ac875c509339d328f5ce5306f,regime_model_v2_full_right_censored_refit,4fc1a02dce9ac2311dabaeb4623a559d37286dfe58baffef53828cc7415a3425,not_applicable,not_applicable,not_applicable,not_applicable,not_applicable,not_applicable,True,False,disabled,False,False,False,False,False,False,False
MODEL_FULL_REFIT,6,62,0.000140094420161,143cc35bbab621d585cb9bf2,91996a9cf747a614ff6d9e08eaafc3583a58b91c,7c23ba6c613d79731d3e3f1f37122ff5f97e6e6845274121313ccb1ba1459e88,67417cf1fd1267cb4a945de8dff854916bd4d5bbde0c55f5d6545b1c4b6881e3,801c0bf9d69ecdd58b21fb2ba4392137048b466668344ebfc4c8faf6a0d3e2f1,177788fe59872f782f56492a52f86c3b5177023ac875c509339d328f5ce5306f,regime_model_v2_full_right_censored_refit,4fc1a02dce9ac2311dabaeb4623a559d37286dfe58baffef53828cc7415a3425,not_applicable,not_applicable,not_applicable,not_applicable,not_applicable,not_applicable,True,False,disabled,False,False,False,False,False,False,False
MODEL_FULL_REFIT,6,63,0.000137623838152,143cc35bbab621d585cb9bf2,91996a9cf747a614ff6d9e08eaafc3583a58b91c,7c23ba6c613d79731d3e3f1f37122ff5f97e6e6845274121313ccb1ba1459e88,67417cf1fd1267cb4a945de8dff854916bd4d5bbde0c55f5d6545b1c4b6881e3,801c0bf9d69ecdd58b21fb2ba4392137048b466668344ebfc4c8faf6a0d3e2f1,177788fe59872f782f56492a52f86c3b5177023ac875c509339d328f5ce5306f,regime_model_v2_full_right_censored_refit,4fc1a02dce9ac2311dabaeb4623a559d37286dfe58baffef53828cc7415a3425,not_applicable,not_applicable,not_applicable,not_applicable,not_applicable,not_applicable,True,False,disabled,False,False,False,False,False,False,False
MODEL_FULL_REFIT,6,64,0.000135082782394,143cc35bbab621d585cb9bf2,91996a9cf747a614ff6d9e08eaafc3583a58b91c,7c23ba6c613d79731d3e3f1f37122ff5f97e6e6845274121313ccb1ba1459e88,67417cf1fd1267cb4a945de8dff854916bd4d5bbde0c55f5d6545b1c4b6881e3,801c0bf9d69ecdd58b21fb2ba4392137048b466668344ebfc4c8faf6a0d3e2f1,177788fe59872f782f56492a52f86c3b5177023ac875c509339d328f5ce5306f,regime_model_v2_full_right_censored_refit,4fc1a02dce9ac2311dabaeb4623a559d37286dfe58baffef53828cc7415a3425,not_applicable,not_applicable,not_applicable,not_applicable,not_applicable,not_applicable,True,False,disabled,False,False,False,False,False,False,False
MODEL_FULL_REFIT,6,65,0.00013340488964,143cc35bbab621d585cb9bf2,91996a9cf747a614ff6d9e08eaafc3583a58b91c,7c23ba6c613d79731d3e3f1f37122ff5f97e6e6845274121313ccb1ba1459e88,67417cf1fd1267cb4a945de8dff854916bd4d5bbde0c55f5d6545b1c4b6881e3,801c0bf9d69ecdd58b21fb2ba4392137048b466668344ebfc4c8faf6a0d3e2f1,177788fe59872f782f56492a52f86c3b5177023ac875c509339d328f5ce5306f,regime_model_v2_full_right_censored_refit,4fc1a02dce9ac2311dabaeb4623a559d37286dfe58baffef53828cc7415a3425,not_applicable,not_applicable,not_applicable,not_applicable,not_applicable,not_applicable,True,False,disabled,False,False,False,False,False,False,False
MODEL_FULL_REFIT,6,66,0.000130725942296,143cc35bbab621d585cb9bf2,91996a9cf747a614ff6d9e08eaafc3583a58b91c,7c23ba6c613d79731d3e3f1f37122ff5f97e6e6845274121313ccb1ba1459e88,67417cf1fd1267cb4a945de8dff854916bd4d5bbde0c55f5d6545b1c4b6881e3,801c0bf9d69ecdd58b21fb2ba4392137048b466668344ebfc4c8faf6a0d3e2f1,177788fe59872f782f56492a52f86c3b5177023ac875c509339d328f5ce5306f,regime_model_v2_full_right_censored_refit,4fc1a02dce9ac2311dabaeb4623a559d37286dfe58baffef53828cc7415a3425,not_applicable,not_applicable,not_applicable,not_applicable,not_applicable,not_applicable,True,False,disabled,False,False,False,False,False,False,False
MODEL_FULL_REFIT,6,67,0.000128978141236,143cc35bbab621d585cb9bf2,91996a9cf747a614ff6d9e08eaafc3583a58b91c,7c23ba6c613d79731d3e3f1f37122ff5f97e6e6845274121313ccb1ba1459e88,67417cf1fd1267cb4a945de8dff854916bd4d5bbde0c55f5d6545b1c4b6881e3,801c0bf9d69ecdd58b21fb2ba4392137048b466668344ebfc4c8faf6a0d3e2f1,177788fe59872f782f56492a52f86c3b5177023ac875c509339d328f5ce5306f,regime_model_v2_full_right_censored_refit,4fc1a02dce9ac2311dabaeb4623a559d37286dfe58baffef53828cc7415a3425,not_applicable,not_applicable,not_applicable,not_applicable,not_applicable,not_applicable,True,False,disabled,False,False,False,False,False,False,False
MODEL_FULL_REFIT,6,68,0.000128202365454,143cc35bbab621d585cb9bf2,91996a9cf747a614ff6d9e08eaafc3583a58b91c,7c23ba6c613d79731d3e3f1f37122ff5f97e6e6845274121313ccb1ba1459e88,67417cf1fd1267cb4a945de8dff854916bd4d5bbde0c55f5d6545b1c4b6881e3,801c0bf9d69ecdd58b21fb2ba4392137048b466668344ebfc4c8faf6a0d3e2f1,177788fe59872f782f56492a52f86c3b5177023ac875c509339d328f5ce5306f,regime_model_v2_full_right_censored_refit,4fc1a02dce9ac2311dabaeb4623a559d37286dfe58baffef53828cc7415a3425,not_applicable,not_applicable,not_applicable,not_applicable,not_applicable,not_applicable,True,False,disabled,False,False,False,False,False,False,False
MODEL_FULL_REFIT,6,69,0.000127412250571,143cc35bbab621d585cb9bf2,91996a9cf747a614ff6d9e08eaafc3583a58b91c,7c23ba6c613d79731d3e3f1f37122ff5f97e6e6845274121313ccb1ba1459e88,67417cf1fd1267cb4a945de8dff854916bd4d5bbde0c55f5d6545b1c4b6881e3,801c0bf9d69ecdd58b21fb2ba4392137048b466668344ebfc4c8faf6a0d3e2f1,177788fe59872f782f56492a52f86c3b5177023ac875c509339d328f5ce5306f,regime_model_v2_full_right_censored_refit,4fc1a02dce9ac2311dabaeb4623a559d37286dfe58baffef53828cc7415a3425,not_applicable,not_applicable,not_applicable,not_applicable,not_applicable,not_applicable,True,False,disabled,False,False,False,False,False,False,False
MODEL_FULL_REFIT,6,70,0.000126600323931,143cc35bbab621d585cb9bf2,91996a9cf747a614ff6d9e08eaafc3583a58b91c,7c23ba6c613d79731d3e3f1f37122ff5f97e6e6845274121313ccb1ba1459e88,67417cf1fd1267cb4a945de8dff854916bd4d5bbde0c55f5d6545b1c4b6881e3,801c0bf9d69ecdd58b21fb2ba4392137048b466668344ebfc4c8faf6a0d3e2f1,177788fe59872f782f56492a52f86c3b5177023ac875c509339d328f5ce5306f,regime_model_v2_full_right_censored_refit,4fc1a02dce9ac2311dabaeb4623a559d37286dfe58baffef53828cc7415a3425,not_applicable,not_applicable,not_applicable,not_applicable,not_applicable,not_applicable,True,False,disabled,False,False,False,False,False,False,False
MODEL_FULL_REFIT,6,71,0.000125757787053,143cc35bbab621d585cb9bf2,91996a9cf747a614ff6d9e08eaafc3583a58b91c,7c23ba6c613d79731d3e3f1f37122ff5f97e6e6845274121313ccb1ba1459e88,67417cf1fd1267cb4a945de8dff854916bd4d5bbde0c55f5d6545b1c4b6881e3,801c0bf9d69ecdd58b21fb2ba4392137048b466668344ebfc4c8faf6a0d3e2f1,177788fe59872f782f56492a52f86c3b5177023ac875c509339d328f5ce5306f,regime_model_v2_full_right_censored_refit,4fc1a02dce9ac2311dabaeb4623a559d37286dfe58baffef53828cc7415a3425,not_applicable,not_applicable,not_applicable,not_applicable,not_applicable,not_applicable,True,False,disabled,False,False,False,False,False,False,False
MODEL_FULL_REFIT,6,72,0.000124897975185,143cc35bbab621d585cb9bf2,91996a9cf747a614ff6d9e08eaafc3583a58b91c,7c23ba6c613d79731d3e3f1f37122ff5f97e6e6845274121313ccb1ba1459e88,67417cf1fd1267cb4a945de8dff854916bd4d5bbde0c55f5d6545b1c4b6881e3,801c0bf9d69ecdd58b21fb2ba4392137048b466668344ebfc4c8faf6a0d3e2f1,177788fe59872f782f56492a52f86c3b5177023ac875c509339d328f5ce5306f,regime_model_v2_full_right_censored_refit,4fc1a02dce9ac2311dabaeb4623a559d37286dfe58baffef53828cc7415a3425,not_applicable,not_applicable,not_applicable,not_applicable,not_applicable,not_applicable,True,False,disabled,False,False,False,False,False,False,False
MODEL_FULL_REFIT,6,73,0.000123985855118,143cc35bbab621d585cb9bf2,91996a9cf747a614ff6d9e08eaafc3583a58b91c,7c23ba6c613d79731d3e3f1f37122ff5f97e6e6845274121313ccb1ba1459e88,67417cf1fd1267cb4a945de8dff854916bd4d5bbde0c55f5d6545b1c4b6881e3,801c0bf9d69ecdd58b21fb2ba4392137048b466668344ebfc4c8faf6a0d3e2f1,177788fe59872f782f56492a52f86c3b5177023ac875c509339d328f5ce5306f,regime_model_v2_full_right_censored_refit,4fc1a02dce9ac2311dabaeb4623a559d37286dfe58baffef53828cc7415a3425,not_applicable,not_applicable,not_applicable,not_applicable,not_applicable,not_applicable,True,False,disabled,False,False,False,False,False,False,False
MODEL_FULL_REFIT,6,74,0.000123071495821,143cc35bbab621d585cb9bf2,91996a9cf747a614ff6d9e08eaafc3583a58b91c,7c23ba6c613d79731d3e3f1f37122ff5f97e6e6845274121313ccb1ba1459e88,67417cf1fd1267cb4a945de8dff854916bd4d5bbde0c55f5d6545b1c4b6881e3,801c0bf9d69ecdd58b21fb2ba4392137048b466668344ebfc4c8faf6a0d3e2f1,177788fe59872f782f56492a52f86c3b5177023ac875c509339d328f5ce5306f,regime_model_v2_full_right_censored_refit,4fc1a02dce9ac2311dabaeb4623a559d37286dfe58baffef53828cc7415a3425,not_applicable,not_applicable,not_applicable,not_applicable,not_applicable,not_applicable,True,False,disabled,False,False,False,False,False,False,False
MODEL_FULL_REFIT,6,75,0.00012214567888,143cc35bbab621d585cb9bf2,91996a9cf747a614ff6d9e08eaafc3583a58b91c,7c23ba6c613d79731d3e3f1f37122ff5f97e6e6845274121313ccb1ba1459e88,67417cf1fd1267cb4a945de8dff854916bd4d5bbde0c55f5d6545b1c4b6881e3,801c0bf9d69ecdd58b21fb2ba4392137048b466668344ebfc4c8faf6a0d3e2f1,177788fe59872f782f56492a52f86c3b5177023ac875c509339d328f5ce5306f,regime_model_v2_full_right_censored_refit,4fc1a02dce9ac2311dabaeb4623a559d37286dfe58baffef53828cc7415a3425,not_applicable,not_applicable,not_applicable,not_applicable,not_applicable,not_applicable,True,False,disabled,False,False,False,False,False,False,False
MODEL_FULL_REFIT,6,76,0.000121188435416,143cc35bbab621d585cb9bf2,91996a9cf747a614ff6d9e08eaafc3583a58b91c,7c23ba6c613d79731d3e3f1f37122ff5f97e6e6845274121313ccb1ba1459e88,67417cf1fd1267cb4a945de8dff854916bd4d5bbde0c55f5d6545b1c4b6881e3,801c0bf9d69ecdd58b21fb2ba4392137048b466668344ebfc4c8faf6a0d3e2f1,177788fe59872f782f56492a52f86c3b5177023ac875c509339d328f5ce5306f,regime_model_v2_full_right_censored_refit,4fc1a02dce9ac2311dabaeb4623a559d37286dfe58baffef53828cc7415a3425,not_applicable,not_applicable,not_applicable,not_applicable,not_applicable,not_applicable,True,False,disabled,False,False,False,False,False,False,False
MODEL_FULL_REFIT,6,77,0.000120163776702,143cc35bbab621d585cb9bf2,91996a9cf747a614ff6d9e08eaafc3583a58b91c,7c23ba6c613d79731d3e3f1f37122ff5f97e6e6845274121313ccb1ba1459e88,67417cf1fd1267cb4a945de8dff854916bd4d5bbde0c55f5d6545b1c4b6881e3,801c0bf9d69ecdd58b21fb2ba4392137048b466668344ebfc4c8faf6a0d3e2f1,177788fe59872f782f56492a52f86c3b5177023ac875c509339d328f5ce5306f,regime_model_v2_full_right_censored_refit,4fc1a02dce9ac2311dabaeb4623a559d37286dfe58baffef53828cc7415a3425,not_applicable,not_applicable,not_applicable,not_applicable,not_applicable,not_applicable,True,False,disabled,False,False,False,False,False,False,False
MODEL_FULL_REFIT,6,78,0.000119147781566,143cc35bbab621d585cb9bf2,91996a9cf747a614ff6d9e08eaafc3583a58b91c,7c23ba6c613d79731d3e3f1f37122ff5f97e6e6845274121313ccb1ba1459e88,67417cf1fd1267cb4a945de8dff854916bd4d5bbde0c55f5d6545b1c4b6881e3,801c0bf9d69ecdd58b21fb2ba4392137048b466668344ebfc4c8faf6a0d3e2f1,177788fe59872f782f56492a52f86c3b5177023ac875c509339d328f5ce5306f,regime_model_v2_full_right_censored_refit,4fc1a02dce9ac2311dabaeb4623a559d37286dfe58baffef53828cc7415a3425,not_applicable,not_applicable,not_applicable,not_applicable,not_applicable,not_applicable,True,False,disabled,False,False,False,False,False,False,False
MODEL_FULL_REFIT,7,1,0.930391264786,143cc35bbab621d585cb9bf2,91996a9cf747a614ff6d9e08eaafc3583a58b91c,7c23ba6c613d79731d3e3f1f37122ff5f97e6e6845274121313ccb1ba1459e88,67417cf1fd1267cb4a945de8dff854916bd4d5bbde0c55f5d6545b1c4b6881e3,801c0bf9d69ecdd58b21fb2ba4392137048b466668344ebfc4c8faf6a0d3e2f1,177788fe59872f782f56492a52f86c3b5177023ac875c509339d328f5ce5306f,regime_model_v2_full_right_censored_refit,4fc1a02dce9ac2311dabaeb4623a559d37286dfe58baffef53828cc7415a3425,not_applicable,not_applicable,not_applicable,not_applicable,not_applicable,not_applicable,True,False,disabled,False,False,False,False,False,False,False
MODEL_FULL_REFIT,7,2,0.751715928572,143cc35bbab621d585cb9bf2,91996a9cf747a614ff6d9e08eaafc3583a58b91c,7c23ba6c613d79731d3e3f1f37122ff5f97e6e6845274121313ccb1ba1459e88,67417cf1fd1267cb4a945de8dff854916bd4d5bbde0c55f5d6545b1c4b6881e3,801c0bf9d69ecdd58b21fb2ba4392137048b466668344ebfc4c8faf6a0d3e2f1,177788fe59872f782f56492a52f86c3b5177023ac875c509339d328f5ce5306f,regime_model_v2_full_right_censored_refit,4fc1a02dce9ac2311dabaeb4623a559d37286dfe58baffef53828cc7415a3425,not_applicable,not_applicable,not_applicable,not_applicable,not_applicable,not_applicable,True,False,disabled,False,False,False,False,False,False,False
MODEL_FULL_REFIT,7,3,0.614746829931,143cc35bbab621d585cb9bf2,91996a9cf747a614ff6d9e08eaafc3583a58b91c,7c23ba6c613d79731d3e3f1f37122ff5f97e6e6845274121313ccb1ba1459e88,67417cf1fd1267cb4a945de8dff854916bd4d5bbde0c55f5d6545b1c4b6881e3,801c0bf9d69ecdd58b21fb2ba4392137048b466668344ebfc4c8faf6a0d3e2f1,177788fe59872f782f56492a52f86c3b5177023ac875c509339d328f5ce5306f,regime_model_v2_full_right_censored_refit,4fc1a02dce9ac2311dabaeb4623a559d37286dfe58baffef53828cc7415a3425,not_applicable,not_applicable,not_applicable,not_applicable,not_applicable,not_applicable,True,False,disabled,False,False,False,False,False,False,False
MODEL_FULL_REFIT,7,4,0.528327252775,143cc35bbab621d585cb9bf2,91996a9cf747a614ff6d9e08eaafc3583a58b91c,7c23ba6c613d79731d3e3f1f37122ff5f97e6e6845274121313ccb1ba1459e88,67417cf1fd1267cb4a945de8dff854916bd4d5bbde0c55f5d6545b1c4b6881e3,801c0bf9d69ecdd58b21fb2ba4392137048b466668344ebfc4c8faf6a0d3e2f1,177788fe59872f782f56492a52f86c3b5177023ac875c509339d328f5ce5306f,regime_model_v2_full_right_censored_refit,4fc1a02dce9ac2311dabaeb4623a559d37286dfe58baffef53828cc7415a3425,not_applicable,not_applicable,not_applicable,not_applicable,not_applicable,not_applicable,True,False,disabled,False,False,False,False,False,False,False
MODEL_FULL_REFIT,7,5,0.463107458693,143cc35bbab621d585cb9bf2,91996a9cf747a614ff6d9e08eaafc3583a58b91c,7c23ba6c613d79731d3e3f1f37122ff5f97e6e6845274121313ccb1ba1459e88,67417cf1fd1267cb4a945de8dff854916bd4d5bbde0c55f5d6545b1c4b6881e3,801c0bf9d69ecdd58b21fb2ba4392137048b466668344ebfc4c8faf6a0d3e2f1,177788fe59872f782f56492a52f86c3b5177023ac875c509339d328f5ce5306f,regime_model_v2_full_right_censored_refit,4fc1a02dce9ac2311dabaeb4623a559d37286dfe58baffef53828cc7415a3425,not_applicable,not_applicable,not_applicable,not_applicable,not_applicable,not_applicable,True,False,disabled,False,False,False,False,False,False,False
MODEL_FULL_REFIT,7,6,0.412749228937,143cc35bbab621d585cb9bf2,91996a9cf747a614ff6d9e08eaafc3583a58b91c,7c23ba6c613d79731d3e3f1f37122ff5f97e6e6845274121313ccb1ba1459e88,67417cf1fd1267cb4a945de8dff854916bd4d5bbde0c55f5d6545b1c4b6881e3,801c0bf9d69ecdd58b21fb2ba4392137048b466668344ebfc4c8faf6a0d3e2f1,177788fe59872f782f56492a52f86c3b5177023ac875c509339d328f5ce5306f,regime_model_v2_full_right_censored_refit,4fc1a02dce9ac2311dabaeb4623a559d37286dfe58baffef53828cc7415a3425,not_applicable,not_applicable,not_applicable,not_applicable,not_applicable,not_applicable,True,False,disabled,False,False,False,False,False,False,False
MODEL_FULL_REFIT,7,7,0.38219262315,143cc35bbab621d585cb9bf2,91996a9cf747a614ff6d9e08eaafc3583a58b91c,7c23ba6c613d79731d3e3f1f37122ff5f97e6e6845274121313ccb1ba1459e88,67417cf1fd1267cb4a945de8dff854916bd4d5bbde0c55f5d6545b1c4b6881e3,801c0bf9d69ecdd58b21fb2ba4392137048b466668344ebfc4c8faf6a0d3e2f1,177788fe59872f782f56492a52f86c3b5177023ac875c509339d328f5ce5306f,regime_model_v2_full_right_censored_refit,4fc1a02dce9ac2311dabaeb4623a559d37286dfe58baffef53828cc7415a3425,not_applicable,not_applicable,not_applicable,not_applicable,not_applicable,not_applicable,True,False,disabled,False,False,False,False,False,False,False
MODEL_FULL_REFIT,7,8,0.346804417303,143cc35bbab621d585cb9bf2,91996a9cf747a614ff6d9e08eaafc3583a58b91c,7c23ba6c613d79731d3e3f1f37122ff5f97e6e6845274121313ccb1ba1459e88,67417cf1fd1267cb4a945de8dff854916bd4d5bbde0c55f5d6545b1c4b6881e3,801c0bf9d69ecdd58b21fb2ba4392137048b466668344ebfc4c8faf6a0d3e2f1,177788fe59872f782f56492a52f86c3b5177023ac875c509339d328f5ce5306f,regime_model_v2_full_right_censored_refit,4fc1a02dce9ac2311dabaeb4623a559d37286dfe58baffef53828cc7415a3425,not_applicable,not_applicable,not_applicable,not_applicable,not_applicable,not_applicable,True,False,disabled,False,False,False,False,False,False,False
MODEL_FULL_REFIT,7,9,0.323652623777,143cc35bbab621d585cb9bf2,91996a9cf747a614ff6d9e08eaafc3583a58b91c,7c23ba6c613d79731d3e3f1f37122ff5f97e6e6845274121313ccb1ba1459e88,67417cf1fd1267cb4a945de8dff854916bd4d5bbde0c55f5d6545b1c4b6881e3,801c0bf9d69ecdd58b21fb2ba4392137048b466668344ebfc4c8faf6a0d3e2f1,177788fe59872f782f56492a52f86c3b5177023ac875c509339d328f5ce5306f,regime_model_v2_full_right_censored_refit,4fc1a02dce9ac2311dabaeb4623a559d37286dfe58baffef53828cc7415a3425,not_applicable,not_applicable,not_applicable,not_applicable,not_applicable,not_applicable,True,False,disabled,False,False,False,False,False,False,False
MODEL_FULL_REFIT,7,10,0.298277492031,143cc35bbab621d585cb9bf2,91996a9cf747a614ff6d9e08eaafc3583a58b91c,7c23ba6c613d79731d3e3f1f37122ff5f97e6e6845274121313ccb1ba1459e88,67417cf1fd1267cb4a945de8dff854916bd4d5bbde0c55f5d6545b1c4b6881e3,801c0bf9d69ecdd58b21fb2ba4392137048b466668344ebfc4c8faf6a0d3e2f1,177788fe59872f782f56492a52f86c3b5177023ac875c509339d328f5ce5306f,regime_model_v2_full_right_censored_refit,4fc1a02dce9ac2311dabaeb4623a559d37286dfe58baffef53828cc7415a3425,not_applicable,not_applicable,not_applicable,not_applicable,not_applicable,not_applicable,True,False,disabled,False,False,False,False,False,False,False
MODEL_FULL_REFIT,7,11,0.276628319223,143cc35bbab621d585cb9bf2,91996a9cf747a614ff6d9e08eaafc3583a58b91c,7c23ba6c613d79731d3e3f1f37122ff5f97e6e6845274121313ccb1ba1459e88,67417cf1fd1267cb4a945de8dff854916bd4d5bbde0c55f5d6545b1c4b6881e3,801c0bf9d69ecdd58b21fb2ba4392137048b466668344ebfc4c8faf6a0d3e2f1,177788fe59872f782f56492a52f86c3b5177023ac875c509339d328f5ce5306f,regime_model_v2_full_right_censored_refit,4fc1a02dce9ac2311dabaeb4623a559d37286dfe58baffef53828cc7415a3425,not_applicable,not_applicable,not_applicable,not_applicable,not_applicable,not_applicable,True,False,disabled,False,False,False,False,False,False,False
MODEL_FULL_REFIT,7,12,0.261688462261,143cc35bbab621d585cb9bf2,91996a9cf747a614ff6d9e08eaafc3583a58b91c,7c23ba6c613d79731d3e3f1f37122ff5f97e6e6845274121313ccb1ba1459e88,67417cf1fd1267cb4a945de8dff854916bd4d5bbde0c55f5d6545b1c4b6881e3,801c0bf9d69ecdd58b21fb2ba4392137048b466668344ebfc4c8faf6a0d3e2f1,177788fe59872f782f56492a52f86c3b5177023ac875c509339d328f5ce5306f,regime_model_v2_full_right_censored_refit,4fc1a02dce9ac2311dabaeb4623a559d37286dfe58baffef53828cc7415a3425,not_applicable,not_applicable,not_applicable,not_applicable,not_applicable,not_applicable,True,False,disabled,False,False,False,False,False,False,False
MODEL_FULL_REFIT,7,13,0.251511688729,143cc35bbab621d585cb9bf2,91996a9cf747a614ff6d9e08eaafc3583a58b91c,7c23ba6c613d79731d3e3f1f37122ff5f97e6e6845274121313ccb1ba1459e88,67417cf1fd1267cb4a945de8dff854916bd4d5bbde0c55f5d6545b1c4b6881e3,801c0bf9d69ecdd58b21fb2ba4392137048b466668344ebfc4c8faf6a0d3e2f1,177788fe59872f782f56492a52f86c3b5177023ac875c509339d328f5ce5306f,regime_model_v2_full_right_censored_refit,4fc1a02dce9ac2311dabaeb4623a559d37286dfe58baffef53828cc7415a3425,not_applicable,not_applicable,not_applicable,not_applicable,not_applicable,not_applicable,True,False,disabled,False,False,False,False,False,False,False
MODEL_FULL_REFIT,7,14,0.240387133266,143cc35bbab621d585cb9bf2,91996a9cf747a614ff6d9e08eaafc3583a58b91c,7c23ba6c613d79731d3e3f1f37122ff5f97e6e6845274121313ccb1ba1459e88,67417cf1fd1267cb4a945de8dff854916bd4d5bbde0c55f5d6545b1c4b6881e3,801c0bf9d69ecdd58b21fb2ba4392137048b466668344ebfc4c8faf6a0d3e2f1,177788fe59872f782f56492a52f86c3b5177023ac875c509339d328f5ce5306f,regime_model_v2_full_right_censored_refit,4fc1a02dce9ac2311dabaeb4623a559d37286dfe58baffef53828cc7415a3425,not_applicable,not_applicable,not_applicable,not_applicable,not_applicable,not_applicable,True,False,disabled,False,False,False,False,False,False,False
MODEL_FULL_REFIT,7,15,0.226275337993,143cc35bbab621d585cb9bf2,91996a9cf747a614ff6d9e08eaafc3583a58b91c,7c23ba6c613d79731d3e3f1f37122ff5f97e6e6845274121313ccb1ba1459e88,67417cf1fd1267cb4a945de8dff854916bd4d5bbde0c55f5d6545b1c4b6881e3,801c0bf9d69ecdd58b21fb2ba4392137048b466668344ebfc4c8faf6a0d3e2f1,177788fe59872f782f56492a52f86c3b5177023ac875c509339d328f5ce5306f,regime_model_v2_full_right_censored_refit,4fc1a02dce9ac2311dabaeb4623a559d37286dfe58baffef53828cc7415a3425,not_applicable,not_applicable,not_applicable,not_applicable,not_applicable,not_applicable,True,False,disabled,False,False,False,False,False,False,False
MODEL_FULL_REFIT,7,16,0.216078380702,143cc35bbab621d585cb9bf2,91996a9cf747a614ff6d9e08eaafc3583a58b91c,7c23ba6c613d79731d3e3f1f37122ff5f97e6e6845274121313ccb1ba1459e88,67417cf1fd1267cb4a945de8dff854916bd4d5bbde0c55f5d6545b1c4b6881e3,801c0bf9d69ecdd58b21fb2ba4392137048b466668344ebfc4c8faf6a0d3e2f1,177788fe59872f782f56492a52f86c3b5177023ac875c509339d328f5ce5306f,regime_model_v2_full_right_censored_refit,4fc1a02dce9ac2311dabaeb4623a559d37286dfe58baffef53828cc7415a3425,not_applicable,not_applicable,not_applicable,not_applicable,not_applicable,not_applicable,True,False,disabled,False,False,False,False,False,False,False
MODEL_FULL_REFIT,7,17,0.204885131251,143cc35bbab621d585cb9bf2,91996a9cf747a614ff6d9e08eaafc3583a58b91c,7c23ba6c613d79731d3e3f1f37122ff5f97e6e6845274121313ccb1ba1459e88,67417cf1fd1267cb4a945de8dff854916bd4d5bbde0c55f5d6545b1c4b6881e3,801c0bf9d69ecdd58b21fb2ba4392137048b466668344ebfc4c8faf6a0d3e2f1,177788fe59872f782f56492a52f86c3b5177023ac875c509339d328f5ce5306f,regime_model_v2_full_right_censored_refit,4fc1a02dce9ac2311dabaeb4623a559d37286dfe58baffef53828cc7415a3425,not_applicable,not_applicable,not_applicable,not_applicable,not_applicable,not_applicable,True,False,disabled,False,False,False,False,False,False,False
MODEL_FULL_REFIT,7,18,0.193665231206,143cc35bbab621d585cb9bf2,91996a9cf747a614ff6d9e08eaafc3583a58b91c,7c23ba6c613d79731d3e3f1f37122ff5f97e6e6845274121313ccb1ba1459e88,67417cf1fd1267cb4a945de8dff854916bd4d5bbde0c55f5d6545b1c4b6881e3,801c0bf9d69ecdd58b21fb2ba4392137048b466668344ebfc4c8faf6a0d3e2f1,177788fe59872f782f56492a52f86c3b5177023ac875c509339d328f5ce5306f,regime_model_v2_full_right_censored_refit,4fc1a02dce9ac2311dabaeb4623a559d37286dfe58baffef53828cc7415a3425,not_applicable,not_applicable,not_applicable,not_applicable,not_applicable,not_applicable,True,False,disabled,False,False,False,False,False,False,False
MODEL_FULL_REFIT,7,19,0.186329426994,143cc35bbab621d585cb9bf2,91996a9cf747a614ff6d9e08eaafc3583a58b91c,7c23ba6c613d79731d3e3f1f37122ff5f97e6e6845274121313ccb1ba1459e88,67417cf1fd1267cb4a945de8dff854916bd4d5bbde0c55f5d6545b1c4b6881e3,801c0bf9d69ecdd58b21fb2ba4392137048b466668344ebfc4c8faf6a0d3e2f1,177788fe59872f782f56492a52f86c3b5177023ac875c509339d328f5ce5306f,regime_model_v2_full_right_censored_refit,4fc1a02dce9ac2311dabaeb4623a559d37286dfe58baffef53828cc7415a3425,not_applicable,not_applicable,not_applicable,not_applicable,not_applicable,not_applicable,True,False,disabled,False,False,False,False,False,False,False
MODEL_FULL_REFIT,7,20,0.179988373196,143cc35bbab621d585cb9bf2,91996a9cf747a614ff6d9e08eaafc3583a58b91c,7c23ba6c613d79731d3e3f1f37122ff5f97e6e6845274121313ccb1ba1459e88,67417cf1fd1267cb4a945de8dff854916bd4d5bbde0c55f5d6545b1c4b6881e3,801c0bf9d69ecdd58b21fb2ba4392137048b466668344ebfc4c8faf6a0d3e2f1,177788fe59872f782f56492a52f86c3b5177023ac875c509339d328f5ce5306f,regime_model_v2_full_right_censored_refit,4fc1a02dce9ac2311dabaeb4623a559d37286dfe58baffef53828cc7415a3425,not_applicable,not_applicable,not_applicable,not_applicable,not_applicable,not_applicable,True,False,disabled,False,False,False,False,False,False,False
MODEL_FULL_REFIT,7,21,0.173664457381,143cc35bbab621d585cb9bf2,91996a9cf747a614ff6d9e08eaafc3583a58b91c,7c23ba6c613d79731d3e3f1f37122ff5f97e6e6845274121313ccb1ba1459e88,67417cf1fd1267cb4a945de8dff854916bd4d5bbde0c55f5d6545b1c4b6881e3,801c0bf9d69ecdd58b21fb2ba4392137048b466668344ebfc4c8faf6a0d3e2f1,177788fe59872f782f56492a52f86c3b5177023ac875c509339d328f5ce5306f,regime_model_v2_full_right_censored_refit,4fc1a02dce9ac2311dabaeb4623a559d37286dfe58baffef53828cc7415a3425,not_applicable,not_applicable,not_applicable,not_applicable,not_applicable,not_applicable,True,False,disabled,False,False,False,False,False,False,False
MODEL_FULL_REFIT,7,22,0.171211569564,143cc35bbab621d585cb9bf2,91996a9cf747a614ff6d9e08eaafc3583a58b91c,7c23ba6c613d79731d3e3f1f37122ff5f97e6e6845274121313ccb1ba1459e88,67417cf1fd1267cb4a945de8dff854916bd4d5bbde0c55f5d6545b1c4b6881e3,801c0bf9d69ecdd58b21fb2ba4392137048b466668344ebfc4c8faf6a0d3e2f1,177788fe59872f782f56492a52f86c3b5177023ac875c509339d328f5ce5306f,regime_model_v2_full_right_censored_refit,4fc1a02dce9ac2311dabaeb4623a559d37286dfe58baffef53828cc7415a3425,not_applicable,not_applicable,not_applicable,not_applicable,not_applicable,not_applicable,True,False,disabled,False,False,False,False,False,False,False
MODEL_FULL_REFIT,7,23,0.164852282695,143cc35bbab621d585cb9bf2,91996a9cf747a614ff6d9e08eaafc3583a58b91c,7c23ba6c613d79731d3e3f1f37122ff5f97e6e6845274121313ccb1ba1459e88,67417cf1fd1267cb4a945de8dff854916bd4d5bbde0c55f5d6545b1c4b6881e3,801c0bf9d69ecdd58b21fb2ba4392137048b466668344ebfc4c8faf6a0d3e2f1,177788fe59872f782f56492a52f86c3b5177023ac875c509339d328f5ce5306f,regime_model_v2_full_right_censored_refit,4fc1a02dce9ac2311dabaeb4623a559d37286dfe58baffef53828cc7415a3425,not_applicable,not_applicable,not_applicable,not_applicable,not_applicable,not_applicable,True,False,disabled,False,False,False,False,False,False,False
MODEL_FULL_REFIT,7,24,0.160436596551,143cc35bbab621d585cb9bf2,91996a9cf747a614ff6d9e08eaafc3583a58b91c,7c23ba6c613d79731d3e3f1f37122ff5f97e6e6845274121313ccb1ba1459e88,67417cf1fd1267cb4a945de8dff854916bd4d5bbde0c55f5d6545b1c4b6881e3,801c0bf9d69ecdd58b21fb2ba4392137048b466668344ebfc4c8faf6a0d3e2f1,177788fe59872f782f56492a52f86c3b5177023ac875c509339d328f5ce5306f,regime_model_v2_full_right_censored_refit,4fc1a02dce9ac2311dabaeb4623a559d37286dfe58baffef53828cc7415a3425,not_applicable,not_applicable,not_applicable,not_applicable,not_applicable,not_applicable,True,False,disabled,False,False,False,False,False,False,False
MODEL_FULL_REFIT,7,25,0.15502309176,143cc35bbab621d585cb9bf2,91996a9cf747a614ff6d9e08eaafc3583a58b91c,7c23ba6c613d79731d3e3f1f37122ff5f97e6e6845274121313ccb1ba1459e88,67417cf1fd1267cb4a945de8dff854916bd4d5bbde0c55f5d6545b1c4b6881e3,801c0bf9d69ecdd58b21fb2ba4392137048b466668344ebfc4c8faf6a0d3e2f1,177788fe59872f782f56492a52f86c3b5177023ac875c509339d328f5ce5306f,regime_model_v2_full_right_censored_refit,4fc1a02dce9ac2311dabaeb4623a559d37286dfe58baffef53828cc7415a3425,not_applicable,not_applicable,not_applicable,not_applicable,not_applicable,not_applicable,True,False,disabled,False,False,False,False,False,False,False
MODEL_FULL_REFIT,7,26,0.152570194738,143cc35bbab621d585cb9bf2,91996a9cf747a614ff6d9e08eaafc3583a58b91c,7c23ba6c613d79731d3e3f1f37122ff5f97e6e6845274121313ccb1ba1459e88,67417cf1fd1267cb4a945de8dff854916bd4d5bbde0c55f5d6545b1c4b6881e3,801c0bf9d69ecdd58b21fb2ba4392137048b466668344ebfc4c8faf6a0d3e2f1,177788fe59872f782f56492a52f86c3b5177023ac875c509339d328f5ce5306f,regime_model_v2_full_right_censored_refit,4fc1a02dce9ac2311dabaeb4623a559d37286dfe58baffef53828cc7415a3425,not_applicable,not_applicable,not_applicable,not_applicable,not_applicable,not_applicable,True,False,disabled,False,False,False,False,False,False,False
MODEL_FULL_REFIT,7,27,0.149147145497,143cc35bbab621d585cb9bf2,91996a9cf747a614ff6d9e08eaafc3583a58b91c,7c23ba6c613d79731d3e3f1f37122ff5f97e6e6845274121313ccb1ba1459e88,67417cf1fd1267cb4a945de8dff854916bd4d5bbde0c55f5d6545b1c4b6881e3,801c0bf9d69ecdd58b21fb2ba4392137048b466668344ebfc4c8faf6a0d3e2f1,177788fe59872f782f56492a52f86c3b5177023ac875c509339d328f5ce5306f,regime_model_v2_full_right_censored_refit,4fc1a02dce9ac2311dabaeb4623a559d37286dfe58baffef53828cc7415a3425,not_applicable,not_applicable,not_applicable,not_applicable,not_applicable,not_applicable,True,False,disabled,False,False,False,False,False,False,False
MODEL_FULL_REFIT,7,28,0.144760464747,143cc35bbab621d585cb9bf2,91996a9cf747a614ff6d9e08eaafc3583a58b91c,7c23ba6c613d79731d3e3f1f37122ff5f97e6e6845274121313ccb1ba1459e88,67417cf1fd1267cb4a945de8dff854916bd4d5bbde0c55f5d6545b1c4b6881e3,801c0bf9d69ecdd58b21fb2ba4392137048b466668344ebfc4c8faf6a0d3e2f1,177788fe59872f782f56492a52f86c3b5177023ac875c509339d328f5ce5306f,regime_model_v2_full_right_censored_refit,4fc1a02dce9ac2311dabaeb4623a559d37286dfe58baffef53828cc7415a3425,not_applicable,not_applicable,not_applicable,not_applicable,not_applicable,not_applicable,True,False,disabled,False,False,False,False,False,False,False
MODEL_FULL_REFIT,7,29,0.135468407889,143cc35bbab621d585cb9bf2,91996a9cf747a614ff6d9e08eaafc3583a58b91c,7c23ba6c613d79731d3e3f1f37122ff5f97e6e6845274121313ccb1ba1459e88,67417cf1fd1267cb4a945de8dff854916bd4d5bbde0c55f5d6545b1c4b6881e3,801c0bf9d69ecdd58b21fb2ba4392137048b466668344ebfc4c8faf6a0d3e2f1,177788fe59872f782f56492a52f86c3b5177023ac875c509339d328f5ce5306f,regime_model_v2_full_right_censored_refit,4fc1a02dce9ac2311dabaeb4623a559d37286dfe58baffef53828cc7415a3425,not_applicable,not_applicable,not_applicable,not_applicable,not_applicable,not_applicable,True,False,disabled,False,False,False,False,False,False,False
MODEL_FULL_REFIT,7,30,0.133995925194,143cc35bbab621d585cb9bf2,91996a9cf747a614ff6d9e08eaafc3583a58b91c,7c23ba6c613d79731d3e3f1f37122ff5f97e6e6845274121313ccb1ba1459e88,67417cf1fd1267cb4a945de8dff854916bd4d5bbde0c55f5d6545b1c4b6881e3,801c0bf9d69ecdd58b21fb2ba4392137048b466668344ebfc4c8faf6a0d3e2f1,177788fe59872f782f56492a52f86c3b5177023ac875c509339d328f5ce5306f,regime_model_v2_full_right_censored_refit,4fc1a02dce9ac2311dabaeb4623a559d37286dfe58baffef53828cc7415a3425,not_applicable,not_applicable,not_applicable,not_applicable,not_applicable,not_applicable,True,False,disabled,False,False,False,False,False,False,False
MODEL_FULL_REFIT,7,31,0.132528816524,143cc35bbab621d585cb9bf2,91996a9cf747a614ff6d9e08eaafc3583a58b91c,7c23ba6c613d79731d3e3f1f37122ff5f97e6e6845274121313ccb1ba1459e88,67417cf1fd1267cb4a945de8dff854916bd4d5bbde0c55f5d6545b1c4b6881e3,801c0bf9d69ecdd58b21fb2ba4392137048b466668344ebfc4c8faf6a0d3e2f1,177788fe59872f782f56492a52f86c3b5177023ac875c509339d328f5ce5306f,regime_model_v2_full_right_censored_refit,4fc1a02dce9ac2311dabaeb4623a559d37286dfe58baffef53828cc7415a3425,not_applicable,not_applicable,not_applicable,not_applicable,not_applicable,not_applicable,True,False,disabled,False,False,False,False,False,False,False
MODEL_FULL_REFIT,7,32,0.132041578228,143cc35bbab621d585cb9bf2,91996a9cf747a614ff6d9e08eaafc3583a58b91c,7c23ba6c613d79731d3e3f1f37122ff5f97e6e6845274121313ccb1ba1459e88,67417cf1fd1267cb4a945de8dff854916bd4d5bbde0c55f5d6545b1c4b6881e3,801c0bf9d69ecdd58b21fb2ba4392137048b466668344ebfc4c8faf6a0d3e2f1,177788fe59872f782f56492a52f86c3b5177023ac875c509339d328f5ce5306f,regime_model_v2_full_right_censored_refit,4fc1a02dce9ac2311dabaeb4623a559d37286dfe58baffef53828cc7415a3425,not_applicable,not_applicable,not_applicable,not_applicable,not_applicable,not_applicable,True,False,disabled,False,False,False,False,False,False,False
MODEL_FULL_REFIT,7,33,0.128643449377,143cc35bbab621d585cb9bf2,91996a9cf747a614ff6d9e08eaafc3583a58b91c,7c23ba6c613d79731d3e3f1f37122ff5f97e6e6845274121313ccb1ba1459e88,67417cf1fd1267cb4a945de8dff854916bd4d5bbde0c55f5d6545b1c4b6881e3,801c0bf9d69ecdd58b21fb2ba4392137048b466668344ebfc4c8faf6a0d3e2f1,177788fe59872f782f56492a52f86c3b5177023ac875c509339d328f5ce5306f,regime_model_v2_full_right_censored_refit,4fc1a02dce9ac2311dabaeb4623a559d37286dfe58baffef53828cc7415a3425,not_applicable,not_applicable,not_applicable,not_applicable,not_applicable,not_applicable,True,False,disabled,False,False,False,False,False,False,False
MODEL_FULL_REFIT,7,34,0.127181591997,143cc35bbab621d585cb9bf2,91996a9cf747a614ff6d9e08eaafc3583a58b91c,7c23ba6c613d79731d3e3f1f37122ff5f97e6e6845274121313ccb1ba1459e88,67417cf1fd1267cb4a945de8dff854916bd4d5bbde0c55f5d6545b1c4b6881e3,801c0bf9d69ecdd58b21fb2ba4392137048b466668344ebfc4c8faf6a0d3e2f1,177788fe59872f782f56492a52f86c3b5177023ac875c509339d328f5ce5306f,regime_model_v2_full_right_censored_refit,4fc1a02dce9ac2311dabaeb4623a559d37286dfe58baffef53828cc7415a3425,not_applicable,not_applicable,not_applicable,not_applicable,not_applicable,not_applicable,True,False,disabled,False,False,False,False,False,False,False
MODEL_FULL_REFIT,7,35,0.125702736276,143cc35bbab621d585cb9bf2,91996a9cf747a614ff6d9e08eaafc3583a58b91c,7c23ba6c613d79731d3e3f1f37122ff5f97e6e6845274121313ccb1ba1459e88,67417cf1fd1267cb4a945de8dff854916bd4d5bbde0c55f5d6545b1c4b6881e3,801c0bf9d69ecdd58b21fb2ba4392137048b466668344ebfc4c8faf6a0d3e2f1,177788fe59872f782f56492a52f86c3b5177023ac875c509339d328f5ce5306f,regime_model_v2_full_right_censored_refit,4fc1a02dce9ac2311dabaeb4623a559d37286dfe58baffef53828cc7415a3425,not_applicable,not_applicable,not_applicable,not_applicable,not_applicable,not_applicable,True,False,disabled,False,False,False,False,False,False,False
MODEL_FULL_REFIT,7,36,0.125203915894,143cc35bbab621d585cb9bf2,91996a9cf747a614ff6d9e08eaafc3583a58b91c,7c23ba6c613d79731d3e3f1f37122ff5f97e6e6845274121313ccb1ba1459e88,67417cf1fd1267cb4a945de8dff854916bd4d5bbde0c55f5d6545b1c4b6881e3,801c0bf9d69ecdd58b21fb2ba4392137048b466668344ebfc4c8faf6a0d3e2f1,177788fe59872f782f56492a52f86c3b5177023ac875c509339d328f5ce5306f,regime_model_v2_full_right_censored_refit,4fc1a02dce9ac2311dabaeb4623a559d37286dfe58baffef53828cc7415a3425,not_applicable,not_applicable,not_applicable,not_applicable,not_applicable,not_applicable,True,False,disabled,False,False,False,False,False,False,False
MODEL_FULL_REFIT,7,37,0.123713393086,143cc35bbab621d585cb9bf2,91996a9cf747a614ff6d9e08eaafc3583a58b91c,7c23ba6c613d79731d3e3f1f37122ff5f97e6e6845274121313ccb1ba1459e88,67417cf1fd1267cb4a945de8dff854916bd4d5bbde0c55f5d6545b1c4b6881e3,801c0bf9d69ecdd58b21fb2ba4392137048b466668344ebfc4c8faf6a0d3e2f1,177788fe59872f782f56492a52f86c3b5177023ac875c509339d328f5ce5306f,regime_model_v2_full_right_censored_refit,4fc1a02dce9ac2311dabaeb4623a559d37286dfe58baffef53828cc7415a3425,not_applicable,not_applicable,not_applicable,not_applicable,not_applicable,not_applicable,True,False,disabled,False,False,False,False,False,False,False
MODEL_FULL_REFIT,7,38,0.122228832369,143cc35bbab621d585cb9bf2,91996a9cf747a614ff6d9e08eaafc3583a58b91c,7c23ba6c613d79731d3e3f1f37122ff5f97e6e6845274121313ccb1ba1459e88,67417cf1fd1267cb4a945de8dff854916bd4d5bbde0c55f5d6545b1c4b6881e3,801c0bf9d69ecdd58b21fb2ba4392137048b466668344ebfc4c8faf6a0d3e2f1,177788fe59872f782f56492a52f86c3b5177023ac875c509339d328f5ce5306f,regime_model_v2_full_right_censored_refit,4fc1a02dce9ac2311dabaeb4623a559d37286dfe58baffef53828cc7415a3425,not_applicable,not_applicable,not_applicable,not_applicable,not_applicable,not_applicable,True,False,disabled,False,False,False,False,False,False,False
MODEL_FULL_REFIT,7,39,0.118778825004,143cc35bbab621d585cb9bf2,91996a9cf747a614ff6d9e08eaafc3583a58b91c,7c23ba6c613d79731d3e3f1f37122ff5f97e6e6845274121313ccb1ba1459e88,67417cf1fd1267cb4a945de8dff854916bd4d5bbde0c55f5d6545b1c4b6881e3,801c0bf9d69ecdd58b21fb2ba4392137048b466668344ebfc4c8faf6a0d3e2f1,177788fe59872f782f56492a52f86c3b5177023ac875c509339d328f5ce5306f,regime_model_v2_full_right_censored_refit,4fc1a02dce9ac2311dabaeb4623a559d37286dfe58baffef53828cc7415a3425,not_applicable,not_applicable,not_applicable,not_applicable,not_applicable,not_applicable,True,False,disabled,False,False,False,False,False,False,False
MODEL_FULL_REFIT,7,40,0.114361430685,143cc35bbab621d585cb9bf2,91996a9cf747a614ff6d9e08eaafc3583a58b91c,7c23ba6c613d79731d3e3f1f37122ff5f97e6e6845274121313ccb1ba1459e88,67417cf1fd1267cb4a945de8dff854916bd4d5bbde0c55f5d6545b1c4b6881e3,801c0bf9d69ecdd58b21fb2ba4392137048b466668344ebfc4c8faf6a0d3e2f1,177788fe59872f782f56492a52f86c3b5177023ac875c509339d328f5ce5306f,regime_model_v2_full_right_censored_refit,4fc1a02dce9ac2311dabaeb4623a559d37286dfe58baffef53828cc7415a3425,not_applicable,not_applicable,not_applicable,not_applicable,not_applicable,not_applicable,True,False,disabled,False,False,False,False,False,False,False
MODEL_FULL_REFIT,7,41,0.110940362246,143cc35bbab621d585cb9bf2,91996a9cf747a614ff6d9e08eaafc3583a58b91c,7c23ba6c613d79731d3e3f1f37122ff5f97e6e6845274121313ccb1ba1459e88,67417cf1fd1267cb4a945de8dff854916bd4d5bbde0c55f5d6545b1c4b6881e3,801c0bf9d69ecdd58b21fb2ba4392137048b466668344ebfc4c8faf6a0d3e2f1,177788fe59872f782f56492a52f86c3b5177023ac875c509339d328f5ce5306f,regime_model_v2_full_right_censored_refit,4fc1a02dce9ac2311dabaeb4623a559d37286dfe58baffef53828cc7415a3425,not_applicable,not_applicable,not_applicable,not_applicable,not_applicable,not_applicable,True,False,disabled,False,False,False,False,False,False,False
MODEL_FULL_REFIT,7,42,0.104614815276,143cc35bbab621d585cb9bf2,91996a9cf747a614ff6d9e08eaafc3583a58b91c,7c23ba6c613d79731d3e3f1f37122ff5f97e6e6845274121313ccb1ba1459e88,67417cf1fd1267cb4a945de8dff854916bd4d5bbde0c55f5d6545b1c4b6881e3,801c0bf9d69ecdd58b21fb2ba4392137048b466668344ebfc4c8faf6a0d3e2f1,177788fe59872f782f56492a52f86c3b5177023ac875c509339d328f5ce5306f,regime_model_v2_full_right_censored_refit,4fc1a02dce9ac2311dabaeb4623a559d37286dfe58baffef53828cc7415a3425,not_applicable,not_applicable,not_applicable,not_applicable,not_applicable,not_applicable,True,False,disabled,False,False,False,False,False,False,False
MODEL_FULL_REFIT,7,43,0.10316183173,143cc35bbab621d585cb9bf2,91996a9cf747a614ff6d9e08eaafc3583a58b91c,7c23ba6c613d79731d3e3f1f37122ff5f97e6e6845274121313ccb1ba1459e88,67417cf1fd1267cb4a945de8dff854916bd4d5bbde0c55f5d6545b1c4b6881e3,801c0bf9d69ecdd58b21fb2ba4392137048b466668344ebfc4c8faf6a0d3e2f1,177788fe59872f782f56492a52f86c3b5177023ac875c509339d328f5ce5306f,regime_model_v2_full_right_censored_refit,4fc1a02dce9ac2311dabaeb4623a559d37286dfe58baffef53828cc7415a3425,not_applicable,not_applicable,not_applicable,not_applicable,not_applicable,not_applicable,True,False,disabled,False,False,False,False,False,False,False
MODEL_FULL_REFIT,7,44,0.102679767096,143cc35bbab621d585cb9bf2,91996a9cf747a614ff6d9e08eaafc3583a58b91c,7c23ba6c613d79731d3e3f1f37122ff5f97e6e6845274121313ccb1ba1459e88,67417cf1fd1267cb4a945de8dff854916bd4d5bbde0c55f5d6545b1c4b6881e3,801c0bf9d69ecdd58b21fb2ba4392137048b466668344ebfc4c8faf6a0d3e2f1,177788fe59872f782f56492a52f86c3b5177023ac875c509339d328f5ce5306f,regime_model_v2_full_right_censored_refit,4fc1a02dce9ac2311dabaeb4623a559d37286dfe58baffef53828cc7415a3425,not_applicable,not_applicable,not_applicable,not_applicable,not_applicable,not_applicable,True,False,disabled,False,False,False,False,False,False,False
MODEL_FULL_REFIT,7,45,0.100280707117,143cc35bbab621d585cb9bf2,91996a9cf747a614ff6d9e08eaafc3583a58b91c,7c23ba6c613d79731d3e3f1f37122ff5f97e6e6845274121313ccb1ba1459e88,67417cf1fd1267cb4a945de8dff854916bd4d5bbde0c55f5d6545b1c4b6881e3,801c0bf9d69ecdd58b21fb2ba4392137048b466668344ebfc4c8faf6a0d3e2f1,177788fe59872f782f56492a52f86c3b5177023ac875c509339d328f5ce5306f,regime_model_v2_full_right_censored_refit,4fc1a02dce9ac2311dabaeb4623a559d37286dfe58baffef53828cc7415a3425,not_applicable,not_applicable,not_applicable,not_applicable,not_applicable,not_applicable,True,False,disabled,False,False,False,False,False,False,False
MODEL_FULL_REFIT,7,46,0.0978467093718,143cc35bbab621d585cb9bf2,91996a9cf747a614ff6d9e08eaafc3583a58b91c,7c23ba6c613d79731d3e3f1f37122ff5f97e6e6845274121313ccb1ba1459e88,67417cf1fd1267cb4a945de8dff854916bd4d5bbde0c55f5d6545b1c4b6881e3,801c0bf9d69ecdd58b21fb2ba4392137048b466668344ebfc4c8faf6a0d3e2f1,177788fe59872f782f56492a52f86c3b5177023ac875c509339d328f5ce5306f,regime_model_v2_full_right_censored_refit,4fc1a02dce9ac2311dabaeb4623a559d37286dfe58baffef53828cc7415a3425,not_applicable,not_applicable,not_applicable,not_applicable,not_applicable,not_applicable,True,False,disabled,False,False,False,False,False,False,False
MODEL_FULL_REFIT,7,47,0.0963935404207,143cc35bbab621d585cb9bf2,91996a9cf747a614ff6d9e08eaafc3583a58b91c,7c23ba6c613d79731d3e3f1f37122ff5f97e6e6845274121313ccb1ba1459e88,67417cf1fd1267cb4a945de8dff854916bd4d5bbde0c55f5d6545b1c4b6881e3,801c0bf9d69ecdd58b21fb2ba4392137048b466668344ebfc4c8faf6a0d3e2f1,177788fe59872f782f56492a52f86c3b5177023ac875c509339d328f5ce5306f,regime_model_v2_full_right_censored_refit,4fc1a02dce9ac2311dabaeb4623a559d37286dfe58baffef53828cc7415a3425,not_applicable,not_applicable,not_applicable,not_applicable,not_applicable,not_applicable,True,False,disabled,False,False,False,False,False,False,False
MODEL_FULL_REFIT,7,48,0.0959115727186,143cc35bbab621d585cb9bf2,91996a9cf747a614ff6d9e08eaafc3583a58b91c,7c23ba6c613d79731d3e3f1f37122ff5f97e6e6845274121313ccb1ba1459e88,67417cf1fd1267cb4a945de8dff854916bd4d5bbde0c55f5d6545b1c4b6881e3,801c0bf9d69ecdd58b21fb2ba4392137048b466668344ebfc4c8faf6a0d3e2f1,177788fe59872f782f56492a52f86c3b5177023ac875c509339d328f5ce5306f,regime_model_v2_full_right_censored_refit,4fc1a02dce9ac2311dabaeb4623a559d37286dfe58baffef53828cc7415a3425,not_applicable,not_applicable,not_applicable,not_applicable,not_applicable,not_applicable,True,False,disabled,False,False,False,False,False,False,False
MODEL_FULL_REFIT,7,49,0.0944583670714,143cc35bbab621d585cb9bf2,91996a9cf747a614ff6d9e08eaafc3583a58b91c,7c23ba6c613d79731d3e3f1f37122ff5f97e6e6845274121313ccb1ba1459e88,67417cf1fd1267cb4a945de8dff854916bd4d5bbde0c55f5d6545b1c4b6881e3,801c0bf9d69ecdd58b21fb2ba4392137048b466668344ebfc4c8faf6a0d3e2f1,177788fe59872f782f56492a52f86c3b5177023ac875c509339d328f5ce5306f,regime_model_v2_full_right_censored_refit,4fc1a02dce9ac2311dabaeb4623a559d37286dfe58baffef53828cc7415a3425,not_applicable,not_applicable,not_applicable,not_applicable,not_applicable,not_applicable,True,False,disabled,False,False,False,False,False,False,False
MODEL_FULL_REFIT,7,50,0.0920487148502,143cc35bbab621d585cb9bf2,91996a9cf747a614ff6d9e08eaafc3583a58b91c,7c23ba6c613d79731d3e3f1f37122ff5f97e6e6845274121313ccb1ba1459e88,67417cf1fd1267cb4a945de8dff854916bd4d5bbde0c55f5d6545b1c4b6881e3,801c0bf9d69ecdd58b21fb2ba4392137048b466668344ebfc4c8faf6a0d3e2f1,177788fe59872f782f56492a52f86c3b5177023ac875c509339d328f5ce5306f,regime_model_v2_full_right_censored_refit,4fc1a02dce9ac2311dabaeb4623a559d37286dfe58baffef53828cc7415a3425,not_applicable,not_applicable,not_applicable,not_applicable,not_applicable,not_applicable,True,False,disabled,False,False,False,False,False,False,False
MODEL_FULL_REFIT,7,51,0.0915692944603,143cc35bbab621d585cb9bf2,91996a9cf747a614ff6d9e08eaafc3583a58b91c,7c23ba6c613d79731d3e3f1f37122ff5f97e6e6845274121313ccb1ba1459e88,67417cf1fd1267cb4a945de8dff854916bd4d5bbde0c55f5d6545b1c4b6881e3,801c0bf9d69ecdd58b21fb2ba4392137048b466668344ebfc4c8faf6a0d3e2f1,177788fe59872f782f56492a52f86c3b5177023ac875c509339d328f5ce5306f,regime_model_v2_full_right_censored_refit,4fc1a02dce9ac2311dabaeb4623a559d37286dfe58baffef53828cc7415a3425,not_applicable,not_applicable,not_applicable,not_applicable,not_applicable,not_applicable,True,False,disabled,False,False,False,False,False,False,False
MODEL_FULL_REFIT,7,52,0.0901234634952,143cc35bbab621d585cb9bf2,91996a9cf747a614ff6d9e08eaafc3583a58b91c,7c23ba6c613d79731d3e3f1f37122ff5f97e6e6845274121313ccb1ba1459e88,67417cf1fd1267cb4a945de8dff854916bd4d5bbde0c55f5d6545b1c4b6881e3,801c0bf9d69ecdd58b21fb2ba4392137048b466668344ebfc4c8faf6a0d3e2f1,177788fe59872f782f56492a52f86c3b5177023ac875c509339d328f5ce5306f,regime_model_v2_full_right_censored_refit,4fc1a02dce9ac2311dabaeb4623a559d37286dfe58baffef53828cc7415a3425,not_applicable,not_applicable,not_applicable,not_applicable,not_applicable,not_applicable,True,False,disabled,False,False,False,False,False,False,False
MODEL_FULL_REFIT,7,53,0.0877265628703,143cc35bbab621d585cb9bf2,91996a9cf747a614ff6d9e08eaafc3583a58b91c,7c23ba6c613d79731d3e3f1f37122ff5f97e6e6845274121313ccb1ba1459e88,67417cf1fd1267cb4a945de8dff854916bd4d5bbde0c55f5d6545b1c4b6881e3,801c0bf9d69ecdd58b21fb2ba4392137048b466668344ebfc4c8faf6a0d3e2f1,177788fe59872f782f56492a52f86c3b5177023ac875c509339d328f5ce5306f,regime_model_v2_full_right_censored_refit,4fc1a02dce9ac2311dabaeb4623a559d37286dfe58baffef53828cc7415a3425,not_applicable,not_applicable,not_applicable,not_applicable,not_applicable,not_applicable,True,False,disabled,False,False,False,False,False,False,False
MODEL_FULL_REFIT,7,54,0.0872497880721,143cc35bbab621d585cb9bf2,91996a9cf747a614ff6d9e08eaafc3583a58b91c,7c23ba6c613d79731d3e3f1f37122ff5f97e6e6845274121313ccb1ba1459e88,67417cf1fd1267cb4a945de8dff854916bd4d5bbde0c55f5d6545b1c4b6881e3,801c0bf9d69ecdd58b21fb2ba4392137048b466668344ebfc4c8faf6a0d3e2f1,177788fe59872f782f56492a52f86c3b5177023ac875c509339d328f5ce5306f,regime_model_v2_full_right_censored_refit,4fc1a02dce9ac2311dabaeb4623a559d37286dfe58baffef53828cc7415a3425,not_applicable,not_applicable,not_applicable,not_applicable,not_applicable,not_applicable,True,False,disabled,False,False,False,False,False,False,False
MODEL_FULL_REFIT,7,55,0.0858272371796,143cc35bbab621d585cb9bf2,91996a9cf747a614ff6d9e08eaafc3583a58b91c,7c23ba6c613d79731d3e3f1f37122ff5f97e6e6845274121313ccb1ba1459e88,67417cf1fd1267cb4a945de8dff854916bd4d5bbde0c55f5d6545b1c4b6881e3,801c0bf9d69ecdd58b21fb2ba4392137048b466668344ebfc4c8faf6a0d3e2f1,177788fe59872f782f56492a52f86c3b5177023ac875c509339d328f5ce5306f,regime_model_v2_full_right_censored_refit,4fc1a02dce9ac2311dabaeb4623a559d37286dfe58baffef53828cc7415a3425,not_applicable,not_applicable,not_applicable,not_applicable,not_applicable,not_applicable,True,False,disabled,False,False,False,False,False,False,False
MODEL_FULL_REFIT,7,56,0.0844125025008,143cc35bbab621d585cb9bf2,91996a9cf747a614ff6d9e08eaafc3583a58b91c,7c23ba6c613d79731d3e3f1f37122ff5f97e6e6845274121313ccb1ba1459e88,67417cf1fd1267cb4a945de8dff854916bd4d5bbde0c55f5d6545b1c4b6881e3,801c0bf9d69ecdd58b21fb2ba4392137048b466668344ebfc4c8faf6a0d3e2f1,177788fe59872f782f56492a52f86c3b5177023ac875c509339d328f5ce5306f,regime_model_v2_full_right_censored_refit,4fc1a02dce9ac2311dabaeb4623a559d37286dfe58baffef53828cc7415a3425,not_applicable,not_applicable,not_applicable,not_applicable,not_applicable,not_applicable,True,False,disabled,False,False,False,False,False,False,False
MODEL_FULL_REFIT,7,57,0.0820413647901,143cc35bbab621d585cb9bf2,91996a9cf747a614ff6d9e08eaafc3583a58b91c,7c23ba6c613d79731d3e3f1f37122ff5f97e6e6845274121313ccb1ba1459e88,67417cf1fd1267cb4a945de8dff854916bd4d5bbde0c55f5d6545b1c4b6881e3,801c0bf9d69ecdd58b21fb2ba4392137048b466668344ebfc4c8faf6a0d3e2f1,177788fe59872f782f56492a52f86c3b5177023ac875c509339d328f5ce5306f,regime_model_v2_full_right_censored_refit,4fc1a02dce9ac2311dabaeb4623a559d37286dfe58baffef53828cc7415a3425,not_applicable,not_applicable,not_applicable,not_applicable,not_applicable,not_applicable,True,False,disabled,False,False,False,False,False,False,False
MODEL_FULL_REFIT,7,58,0.0806268585006,143cc35bbab621d585cb9bf2,91996a9cf747a614ff6d9e08eaafc3583a58b91c,7c23ba6c613d79731d3e3f1f37122ff5f97e6e6845274121313ccb1ba1459e88,67417cf1fd1267cb4a945de8dff854916bd4d5bbde0c55f5d6545b1c4b6881e3,801c0bf9d69ecdd58b21fb2ba4392137048b466668344ebfc4c8faf6a0d3e2f1,177788fe59872f782f56492a52f86c3b5177023ac875c509339d328f5ce5306f,regime_model_v2_full_right_censored_refit,4fc1a02dce9ac2311dabaeb4623a559d37286dfe58baffef53828cc7415a3425,not_applicable,not_applicable,not_applicable,not_applicable,not_applicable,not_applicable,True,False,disabled,False,False,False,False,False,False,False
MODEL_FULL_REFIT,7,59,0.0801580976954,143cc35bbab621d585cb9bf2,91996a9cf747a614ff6d9e08eaafc3583a58b91c,7c23ba6c613d79731d3e3f1f37122ff5f97e6e6845274121313ccb1ba1459e88,67417cf1fd1267cb4a945de8dff854916bd4d5bbde0c55f5d6545b1c4b6881e3,801c0bf9d69ecdd58b21fb2ba4392137048b466668344ebfc4c8faf6a0d3e2f1,177788fe59872f782f56492a52f86c3b5177023ac875c509339d328f5ce5306f,regime_model_v2_full_right_censored_refit,4fc1a02dce9ac2311dabaeb4623a559d37286dfe58baffef53828cc7415a3425,not_applicable,not_applicable,not_applicable,not_applicable,not_applicable,not_applicable,True,False,disabled,False,False,False,False,False,False,False
MODEL_FULL_REFIT,7,60,0.0778279204368,143cc35bbab621d585cb9bf2,91996a9cf747a614ff6d9e08eaafc3583a58b91c,7c23ba6c613d79731d3e3f1f37122ff5f97e6e6845274121313ccb1ba1459e88,67417cf1fd1267cb4a945de8dff854916bd4d5bbde0c55f5d6545b1c4b6881e3,801c0bf9d69ecdd58b21fb2ba4392137048b466668344ebfc4c8faf6a0d3e2f1,177788fe59872f782f56492a52f86c3b5177023ac875c509339d328f5ce5306f,regime_model_v2_full_right_censored_refit,4fc1a02dce9ac2311dabaeb4623a559d37286dfe58baffef53828cc7415a3425,not_applicable,not_applicable,not_applicable,not_applicable,not_applicable,not_applicable,True,False,disabled,False,False,False,False,False,False,False
MODEL_FULL_REFIT,7,61,0.0764381361433,143cc35bbab621d585cb9bf2,91996a9cf747a614ff6d9e08eaafc3583a58b91c,7c23ba6c613d79731d3e3f1f37122ff5f97e6e6845274121313ccb1ba1459e88,67417cf1fd1267cb4a945de8dff854916bd4d5bbde0c55f5d6545b1c4b6881e3,801c0bf9d69ecdd58b21fb2ba4392137048b466668344ebfc4c8faf6a0d3e2f1,177788fe59872f782f56492a52f86c3b5177023ac875c509339d328f5ce5306f,regime_model_v2_full_right_censored_refit,4fc1a02dce9ac2311dabaeb4623a559d37286dfe58baffef53828cc7415a3425,not_applicable,not_applicable,not_applicable,not_applicable,not_applicable,not_applicable,True,False,disabled,False,False,False,False,False,False,False
MODEL_FULL_REFIT,7,62,0.0750567240443,143cc35bbab621d585cb9bf2,91996a9cf747a614ff6d9e08eaafc3583a58b91c,7c23ba6c613d79731d3e3f1f37122ff5f97e6e6845274121313ccb1ba1459e88,67417cf1fd1267cb4a945de8dff854916bd4d5bbde0c55f5d6545b1c4b6881e3,801c0bf9d69ecdd58b21fb2ba4392137048b466668344ebfc4c8faf6a0d3e2f1,177788fe59872f782f56492a52f86c3b5177023ac875c509339d328f5ce5306f,regime_model_v2_full_right_censored_refit,4fc1a02dce9ac2311dabaeb4623a559d37286dfe58baffef53828cc7415a3425,not_applicable,not_applicable,not_applicable,not_applicable,not_applicable,not_applicable,True,False,disabled,False,False,False,False,False,False,False
MODEL_FULL_REFIT,7,63,0.0745990610928,143cc35bbab621d585cb9bf2,91996a9cf747a614ff6d9e08eaafc3583a58b91c,7c23ba6c613d79731d3e3f1f37122ff5f97e6e6845274121313ccb1ba1459e88,67417cf1fd1267cb4a945de8dff854916bd4d5bbde0c55f5d6545b1c4b6881e3,801c0bf9d69ecdd58b21fb2ba4392137048b466668344ebfc4c8faf6a0d3e2f1,177788fe59872f782f56492a52f86c3b5177023ac875c509339d328f5ce5306f,regime_model_v2_full_right_censored_refit,4fc1a02dce9ac2311dabaeb4623a559d37286dfe58baffef53828cc7415a3425,not_applicable,not_applicable,not_applicable,not_applicable,not_applicable,not_applicable,True,False,disabled,False,False,False,False,False,False,False
MODEL_FULL_REFIT,7,64,0.0732344441216,143cc35bbab621d585cb9bf2,91996a9cf747a614ff6d9e08eaafc3583a58b91c,7c23ba6c613d79731d3e3f1f37122ff5f97e6e6845274121313ccb1ba1459e88,67417cf1fd1267cb4a945de8dff854916bd4d5bbde0c55f5d6545b1c4b6881e3,801c0bf9d69ecdd58b21fb2ba4392137048b466668344ebfc4c8faf6a0d3e2f1,177788fe59872f782f56492a52f86c3b5177023ac875c509339d328f5ce5306f,regime_model_v2_full_right_censored_refit,4fc1a02dce9ac2311dabaeb4623a559d37286dfe58baffef53828cc7415a3425,not_applicable,not_applicable,not_applicable,not_applicable,not_applicable,not_applicable,True,False,disabled,False,False,False,False,False,False,False
MODEL_FULL_REFIT,7,65,0.0727823796517,143cc35bbab621d585cb9bf2,91996a9cf747a614ff6d9e08eaafc3583a58b91c,7c23ba6c613d79731d3e3f1f37122ff5f97e6e6845274121313ccb1ba1459e88,67417cf1fd1267cb4a945de8dff854916bd4d5bbde0c55f5d6545b1c4b6881e3,801c0bf9d69ecdd58b21fb2ba4392137048b466668344ebfc4c8faf6a0d3e2f1,177788fe59872f782f56492a52f86c3b5177023ac875c509339d328f5ce5306f,regime_model_v2_full_right_censored_refit,4fc1a02dce9ac2311dabaeb4623a559d37286dfe58baffef53828cc7415a3425,not_applicable,not_applicable,not_applicable,not_applicable,not_applicable,not_applicable,True,False,disabled,False,False,False,False,False,False,False
MODEL_FULL_REFIT,7,66,0.0723331057033,143cc35bbab621d585cb9bf2,91996a9cf747a614ff6d9e08eaafc3583a58b91c,7c23ba6c613d79731d3e3f1f37122ff5f97e6e6845274121313ccb1ba1459e88,67417cf1fd1267cb4a945de8dff854916bd4d5bbde0c55f5d6545b1c4b6881e3,801c0bf9d69ecdd58b21fb2ba4392137048b466668344ebfc4c8faf6a0d3e2f1,177788fe59872f782f56492a52f86c3b5177023ac875c509339d328f5ce5306f,regime_model_v2_full_right_censored_refit,4fc1a02dce9ac2311dabaeb4623a559d37286dfe58baffef53828cc7415a3425,not_applicable,not_applicable,not_applicable,not_applicable,not_applicable,not_applicable,True,False,disabled,False,False,False,False,False,False,False
MODEL_FULL_REFIT,7,67,0.0718866050508,143cc35bbab621d585cb9bf2,91996a9cf747a614ff6d9e08eaafc3583a58b91c,7c23ba6c613d79731d3e3f1f37122ff5f97e6e6845274121313ccb1ba1459e88,67417cf1fd1267cb4a945de8dff854916bd4d5bbde0c55f5d6545b1c4b6881e3,801c0bf9d69ecdd58b21fb2ba4392137048b466668344ebfc4c8faf6a0d3e2f1,177788fe59872f782f56492a52f86c3b5177023ac875c509339d328f5ce5306f,regime_model_v2_full_right_censored_refit,4fc1a02dce9ac2311dabaeb4623a559d37286dfe58baffef53828cc7415a3425,not_applicable,not_applicable,not_applicable,not_applicable,not_applicable,not_applicable,True,False,disabled,False,False,False,False,False,False,False
MODEL_FULL_REFIT,7,68,0.0714428605752,143cc35bbab621d585cb9bf2,91996a9cf747a614ff6d9e08eaafc3583a58b91c,7c23ba6c613d79731d3e3f1f37122ff5f97e6e6845274121313ccb1ba1459e88,67417cf1fd1267cb4a945de8dff854916bd4d5bbde0c55f5d6545b1c4b6881e3,801c0bf9d69ecdd58b21fb2ba4392137048b466668344ebfc4c8faf6a0d3e2f1,177788fe59872f782f56492a52f86c3b5177023ac875c509339d328f5ce5306f,regime_model_v2_full_right_censored_refit,4fc1a02dce9ac2311dabaeb4623a559d37286dfe58baffef53828cc7415a3425,not_applicable,not_applicable,not_applicable,not_applicable,not_applicable,not_applicable,True,False,disabled,False,False,False,False,False,False,False
MODEL_FULL_REFIT,7,69,0.0709963426966,143cc35bbab621d585cb9bf2,91996a9cf747a614ff6d9e08eaafc3583a58b91c,7c23ba6c613d79731d3e3f1f37122ff5f97e6e6845274121313ccb1ba1459e88,67417cf1fd1267cb4a945de8dff854916bd4d5bbde0c55f5d6545b1c4b6881e3,801c0bf9d69ecdd58b21fb2ba4392137048b466668344ebfc4c8faf6a0d3e2f1,177788fe59872f782f56492a52f86c3b5177023ac875c509339d328f5ce5306f,regime_model_v2_full_right_censored_refit,4fc1a02dce9ac2311dabaeb4623a559d37286dfe58baffef53828cc7415a3425,not_applicable,not_applicable,not_applicable,not_applicable,not_applicable,not_applicable,True,False,disabled,False,False,False,False,False,False,False
MODEL_FULL_REFIT,7,70,0.0705526155547,143cc35bbab621d585cb9bf2,91996a9cf747a614ff6d9e08eaafc3583a58b91c,7c23ba6c613d79731d3e3f1f37122ff5f97e6e6845274121313ccb1ba1459e88,67417cf1fd1267cb4a945de8dff854916bd4d5bbde0c55f5d6545b1c4b6881e3,801c0bf9d69ecdd58b21fb2ba4392137048b466668344ebfc4c8faf6a0d3e2f1,177788fe59872f782f56492a52f86c3b5177023ac875c509339d328f5ce5306f,regime_model_v2_full_right_censored_refit,4fc1a02dce9ac2311dabaeb4623a559d37286dfe58baffef53828cc7415a3425,not_applicable,not_applicable,not_applicable,not_applicable,not_applicable,not_applicable,True,False,disabled,False,False,False,False,False,False,False
MODEL_FULL_REFIT,7,71,0.0701116617075,143cc35bbab621d585cb9bf2,91996a9cf747a614ff6d9e08eaafc3583a58b91c,7c23ba6c613d79731d3e3f1f37122ff5f97e6e6845274121313ccb1ba1459e88,67417cf1fd1267cb4a945de8dff854916bd4d5bbde0c55f5d6545b1c4b6881e3,801c0bf9d69ecdd58b21fb2ba4392137048b466668344ebfc4c8faf6a0d3e2f1,177788fe59872f782f56492a52f86c3b5177023ac875c509339d328f5ce5306f,regime_model_v2_full_right_censored_refit,4fc1a02dce9ac2311dabaeb4623a559d37286dfe58baffef53828cc7415a3425,not_applicable,not_applicable,not_applicable,not_applicable,not_applicable,not_applicable,True,False,disabled,False,False,False,False,False,False,False
MODEL_FULL_REFIT,7,72,0.0696679170131,143cc35bbab621d585cb9bf2,91996a9cf747a614ff6d9e08eaafc3583a58b91c,7c23ba6c613d79731d3e3f1f37122ff5f97e6e6845274121313ccb1ba1459e88,67417cf1fd1267cb4a945de8dff854916bd4d5bbde0c55f5d6545b1c4b6881e3,801c0bf9d69ecdd58b21fb2ba4392137048b466668344ebfc4c8faf6a0d3e2f1,177788fe59872f782f56492a52f86c3b5177023ac875c509339d328f5ce5306f,regime_model_v2_full_right_censored_refit,4fc1a02dce9ac2311dabaeb4623a559d37286dfe58baffef53828cc7415a3425,not_applicable,not_applicable,not_applicable,not_applicable,not_applicable,not_applicable,True,False,disabled,False,False,False,False,False,False,False
MODEL_FULL_REFIT,7,73,0.0692269808295,143cc35bbab621d585cb9bf2,91996a9cf747a614ff6d9e08eaafc3583a58b91c,7c23ba6c613d79731d3e3f1f37122ff5f97e6e6845274121313ccb1ba1459e88,67417cf1fd1267cb4a945de8dff854916bd4d5bbde0c55f5d6545b1c4b6881e3,801c0bf9d69ecdd58b21fb2ba4392137048b466668344ebfc4c8faf6a0d3e2f1,177788fe59872f782f56492a52f86c3b5177023ac875c509339d328f5ce5306f,regime_model_v2_full_right_censored_refit,4fc1a02dce9ac2311dabaeb4623a559d37286dfe58baffef53828cc7415a3425,not_applicable,not_applicable,not_applicable,not_applicable,not_applicable,not_applicable,True,False,disabled,False,False,False,False,False,False,False
MODEL_FULL_REFIT,7,74,0.0687888353812,143cc35bbab621d585cb9bf2,91996a9cf747a614ff6d9e08eaafc3583a58b91c,7c23ba6c613d79731d3e3f1f37122ff5f97e6e6845274121313ccb1ba1459e88,67417cf1fd1267cb4a945de8dff854916bd4d5bbde0c55f5d6545b1c4b6881e3,801c0bf9d69ecdd58b21fb2ba4392137048b466668344ebfc4c8faf6a0d3e2f1,177788fe59872f782f56492a52f86c3b5177023ac875c509339d328f5ce5306f,regime_model_v2_full_right_censored_refit,4fc1a02dce9ac2311dabaeb4623a559d37286dfe58baffef53828cc7415a3425,not_applicable,not_applicable,not_applicable,not_applicable,not_applicable,not_applicable,True,False,disabled,False,False,False,False,False,False,False
MODEL_FULL_REFIT,7,75,0.0683534630054,143cc35bbab621d585cb9bf2,91996a9cf747a614ff6d9e08eaafc3583a58b91c,7c23ba6c613d79731d3e3f1f37122ff5f97e6e6845274121313ccb1ba1459e88,67417cf1fd1267cb4a945de8dff854916bd4d5bbde0c55f5d6545b1c4b6881e3,801c0bf9d69ecdd58b21fb2ba4392137048b466668344ebfc4c8faf6a0d3e2f1,177788fe59872f782f56492a52f86c3b5177023ac875c509339d328f5ce5306f,regime_model_v2_full_right_censored_refit,4fc1a02dce9ac2311dabaeb4623a559d37286dfe58baffef53828cc7415a3425,not_applicable,not_applicable,not_applicable,not_applicable,not_applicable,not_applicable,True,False,disabled,False,False,False,False,False,False,False
MODEL_FULL_REFIT,7,76,0.0679208461509,143cc35bbab621d585cb9bf2,91996a9cf747a614ff6d9e08eaafc3583a58b91c,7c23ba6c613d79731d3e3f1f37122ff5f97e6e6845274121313ccb1ba1459e88,67417cf1fd1267cb4a945de8dff854916bd4d5bbde0c55f5d6545b1c4b6881e3,801c0bf9d69ecdd58b21fb2ba4392137048b466668344ebfc4c8faf6a0d3e2f1,177788fe59872f782f56492a52f86c3b5177023ac875c509339d328f5ce5306f,regime_model_v2_full_right_censored_refit,4fc1a02dce9ac2311dabaeb4623a559d37286dfe58baffef53828cc7415a3425,not_applicable,not_applicable,not_applicable,not_applicable,not_applicable,not_applicable,True,False,disabled,False,False,False,False,False,False,False
MODEL_FULL_REFIT,7,77,0.0674854561115,143cc35bbab621d585cb9bf2,91996a9cf747a614ff6d9e08eaafc3583a58b91c,7c23ba6c613d79731d3e3f1f37122ff5f97e6e6845274121313ccb1ba1459e88,67417cf1fd1267cb4a945de8dff854916bd4d5bbde0c55f5d6545b1c4b6881e3,801c0bf9d69ecdd58b21fb2ba4392137048b466668344ebfc4c8faf6a0d3e2f1,177788fe59872f782f56492a52f86c3b5177023ac875c509339d328f5ce5306f,regime_model_v2_full_right_censored_refit,4fc1a02dce9ac2311dabaeb4623a559d37286dfe58baffef53828cc7415a3425,not_applicable,not_applicable,not_applicable,not_applicable,not_applicable,not_applicable,True,False,disabled,False,False,False,False,False,False,False
MODEL_FULL_REFIT,7,78,0.0670528570339,143cc35bbab621d585cb9bf2,91996a9cf747a614ff6d9e08eaafc3583a58b91c,7c23ba6c613d79731d3e3f1f37122ff5f97e6e6845274121313ccb1ba1459e88,67417cf1fd1267cb4a945de8dff854916bd4d5bbde0c55f5d6545b1c4b6881e3,801c0bf9d69ecdd58b21fb2ba4392137048b466668344ebfc4c8faf6a0d3e2f1,177788fe59872f782f56492a52f86c3b5177023ac875c509339d328f5ce5306f,regime_model_v2_full_right_censored_refit,4fc1a02dce9ac2311dabaeb4623a559d37286dfe58baffef53828cc7415a3425,not_applicable,not_applicable,not_applicable,not_applicable,not_applicable,not_applicable,True,False,disabled,False,False,False,False,False,False,False
