record_type,population,emotion,trajectory,statistic,value,quintile,target_class,development_q20,development_q40,development_q60,development_q80
summary,development,arousal,,level_mean,0.08174476708993812,,,,,,
summary,development,arousal,,level_standard_deviation,0.7487795570536555,,,,,,
summary,development,arousal,,change_mean,-0.005846032060175702,,,,,,
summary,development,arousal,,change_standard_deviation,0.2522277250810764,,,,,,
summary,development,arousal,,acceleration_mean,-0.002448176722077857,,,,,,
summary,development,arousal,,acceleration_standard_deviation,0.22231830993635796,,,,,,
summary,development,arousal,,reversal_frequency,0.44148533073508717,,,,,,
summary,development,arousal,,persistence_frequency,0.5585146692649129,,,,,,
summary,development,arousal,,peak_displacement_mean,-0.11295051045589398,,,,,,
summary,development,arousal,,peak_displacement_standard_deviation,0.12327501840619551,,,,,,
summary,development,arousal,,level_change_opposite_sign_frequency,0.43894121468009095,,,,,,
summary,development,arousal,,reverses_before_decision_frequency,0.44148533073508717,,,,,,
summary,development,arousal,,at_local_peak_at_decision_frequency,0.291328353361481,,,,,,
correlation,development,arousal,change,correlation_with_current_level,0.172144842003764,,,,,,
correlation,development,arousal,change,correlation_with_change,1.0,,,,,,
correlation,development,arousal,change,correlation_with_acceleration,-0.4240463793434616,,,,,,
correlation,development,arousal,change,correlation_with_reversal,0.13347149696179364,,,,,,
correlation,development,arousal,change,correlation_with_recent_change,0.6172375889818541,,,,,,
correlation,development,arousal,change,correlation_with_monotonic_persistence,0.7669633073474592,,,,,,
correlation,development,arousal,change,correlation_with_peak_displacement,0.7767302859547907,,,,,,
correlation,development,arousal,acceleration,correlation_with_current_level,-0.10741696324323448,,,,,,
correlation,development,arousal,acceleration,correlation_with_change,-0.4240463793434616,,,,,,
correlation,development,arousal,acceleration,correlation_with_acceleration,1.0,,,,,,
correlation,development,arousal,acceleration,correlation_with_reversal,-0.055452689422287184,,,,,,
correlation,development,arousal,acceleration,correlation_with_recent_change,0.45079956409829974,,,,,,
correlation,development,arousal,acceleration,correlation_with_monotonic_persistence,-0.19870188450135784,,,,,,
correlation,development,arousal,acceleration,correlation_with_peak_displacement,-0.15819696378366563,,,,,,
correlation,development,arousal,reversal,correlation_with_current_level,0.0005811237009092131,,,,,,
correlation,development,arousal,reversal,correlation_with_change,0.13347149696179358,,,,,,
correlation,development,arousal,reversal,correlation_with_acceleration,-0.055452689422287205,,,,,,
correlation,development,arousal,reversal,correlation_with_reversal,1.0,,,,,,
correlation,development,arousal,reversal,correlation_with_recent_change,0.08337870688621898,,,,,,
correlation,development,arousal,reversal,correlation_with_monotonic_persistence,0.17579268139538548,,,,,,
correlation,development,arousal,reversal,correlation_with_peak_displacement,0.298027185105909,,,,,,
correlation,development,arousal,recent_change,correlation_with_current_level,0.0763522061553358,,,,,,
correlation,development,arousal,recent_change,correlation_with_change,0.6172375889818541,,,,,,
correlation,development,arousal,recent_change,correlation_with_acceleration,0.4507995640982999,,,,,,
correlation,development,arousal,recent_change,correlation_with_reversal,0.083378706886219,,,,,,
correlation,development,arousal,recent_change,correlation_with_recent_change,1.0,,,,,,
correlation,development,arousal,recent_change,correlation_with_monotonic_persistence,0.5833183884492569,,,,,,
correlation,development,arousal,recent_change,correlation_with_peak_displacement,0.6281337263184328,,,,,,
correlation,development,arousal,monotonic_persistence,correlation_with_current_level,0.12525859001814751,,,,,,
correlation,development,arousal,monotonic_persistence,correlation_with_change,0.7669633073474592,,,,,,
correlation,development,arousal,monotonic_persistence,correlation_with_acceleration,-0.19870188450135778,,,,,,
correlation,development,arousal,monotonic_persistence,correlation_with_reversal,0.1757926813953855,,,,,,
correlation,development,arousal,monotonic_persistence,correlation_with_recent_change,0.5833183884492568,,,,,,
correlation,development,arousal,monotonic_persistence,correlation_with_monotonic_persistence,1.0,,,,,,
correlation,development,arousal,monotonic_persistence,correlation_with_peak_displacement,0.7186956642628006,,,,,,
correlation,development,arousal,peak_displacement,correlation_with_current_level,0.07714747324335265,,,,,,
correlation,development,arousal,peak_displacement,correlation_with_change,0.7767302859547907,,,,,,
correlation,development,arousal,peak_displacement,correlation_with_acceleration,-0.15819696378366563,,,,,,
correlation,development,arousal,peak_displacement,correlation_with_reversal,0.298027185105909,,,,,,
correlation,development,arousal,peak_displacement,correlation_with_recent_change,0.6281337263184328,,,,,,
correlation,development,arousal,peak_displacement,correlation_with_monotonic_persistence,0.7186956642628007,,,,,,
correlation,development,arousal,peak_displacement,correlation_with_peak_displacement,1.0,,,,,,
summary,development,conviction,,level_mean,0.04011224782113896,,,,,,
summary,development,conviction,,level_standard_deviation,0.6411641497558376,,,,,,
summary,development,conviction,,change_mean,0.04379181400838135,,,,,,
summary,development,conviction,,change_standard_deviation,0.6772988867322213,,,,,,
summary,development,conviction,,acceleration_mean,0.015071630693105366,,,,,,
summary,development,conviction,,acceleration_standard_deviation,0.8990598324395741,,,,,,
summary,development,conviction,,reversal_frequency,0.5925625202987983,,,,,,
summary,development,conviction,,persistence_frequency,0.4074374797012017,,,,,,
summary,development,conviction,,peak_displacement_mean,-0.3354004192628161,,,,,,
summary,development,conviction,,peak_displacement_standard_deviation,0.3976339707275853,,,,,,
summary,development,conviction,,level_change_opposite_sign_frequency,0.32375230053047527,,,,,,
summary,development,conviction,,reverses_before_decision_frequency,0.5925625202987983,,,,,,
summary,development,conviction,,at_local_peak_at_decision_frequency,0.3535238713868139,,,,,,
correlation,development,conviction,change,correlation_with_current_level,0.5687803614269893,,,,,,
correlation,development,conviction,change,correlation_with_change,1.0,,,,,,
correlation,development,conviction,change,correlation_with_acceleration,-0.24172153103211724,,,,,,
correlation,development,conviction,change,correlation_with_reversal,-0.06565428359144423,,,,,,
correlation,development,conviction,change,correlation_with_recent_change,0.46639699881959085,,,,,,
correlation,development,conviction,change,correlation_with_monotonic_persistence,0.7329011919335244,,,,,,
correlation,development,conviction,change,correlation_with_peak_displacement,0.7882267314761928,,,,,,
correlation,development,conviction,acceleration,correlation_with_current_level,-0.0538434804298983,,,,,,
correlation,development,conviction,acceleration,correlation_with_change,-0.24172153103211727,,,,,,
correlation,development,conviction,acceleration,correlation_with_acceleration,1.0,,,,,,
correlation,development,conviction,acceleration,correlation_with_reversal,0.012256776265918194,,,,,,
correlation,development,conviction,acceleration,correlation_with_recent_change,0.7456058147760968,,,,,,
correlation,development,conviction,acceleration,correlation_with_monotonic_persistence,-0.06941109810611432,,,,,,
correlation,development,conviction,acceleration,correlation_with_peak_displacement,0.11891920603584058,,,,,,
correlation,development,conviction,reversal,correlation_with_current_level,-0.08573046903239864,,,,,,
correlation,development,conviction,reversal,correlation_with_change,-0.06565428359144423,,,,,,
correlation,development,conviction,reversal,correlation_with_acceleration,0.012256776265918175,,,,,,
correlation,development,conviction,reversal,correlation_with_reversal,1.0,,,,,,
correlation,development,conviction,reversal,correlation_with_recent_change,-0.03391485607606814,,,,,,
correlation,development,conviction,reversal,correlation_with_monotonic_persistence,-0.07222903922372469,,,,,,
correlation,development,conviction,reversal,correlation_with_peak_displacement,0.012680301871685245,,,,,,
correlation,development,conviction,recent_change,correlation_with_current_level,0.3415271184157227,,,,,,
correlation,development,conviction,recent_change,correlation_with_change,0.4663969988195908,,,,,,
correlation,development,conviction,recent_change,correlation_with_acceleration,0.7456058147760968,,,,,,
correlation,development,conviction,recent_change,correlation_with_reversal,-0.03391485607606815,,,,,,
correlation,development,conviction,recent_change,correlation_with_recent_change,1.0,,,,,,
correlation,development,conviction,recent_change,correlation_with_monotonic_persistence,0.44004592425445155,,,,,,
correlation,development,conviction,recent_change,correlation_with_peak_displacement,0.6497244109944246,,,,,,
correlation,development,conviction,monotonic_persistence,correlation_with_current_level,0.4224483151232662,,,,,,
correlation,development,conviction,monotonic_persistence,correlation_with_change,0.7329011919335245,,,,,,
correlation,development,conviction,monotonic_persistence,correlation_with_acceleration,-0.0694110981061143,,,,,,
correlation,development,conviction,monotonic_persistence,correlation_with_reversal,-0.07222903922372467,,,,,,
correlation,development,conviction,monotonic_persistence,correlation_with_recent_change,0.44004592425445155,,,,,,
correlation,development,conviction,monotonic_persistence,correlation_with_monotonic_persistence,1.0,,,,,,
correlation,development,conviction,monotonic_persistence,correlation_with_peak_displacement,0.5996693175629356,,,,,,
correlation,development,conviction,peak_displacement,correlation_with_current_level,0.43259190113573315,,,,,,
correlation,development,conviction,peak_displacement,correlation_with_change,0.7882267314761928,,,,,,
correlation,development,conviction,peak_displacement,correlation_with_acceleration,0.11891920603584061,,,,,,
correlation,development,conviction,peak_displacement,correlation_with_reversal,0.012680301871685248,,,,,,
correlation,development,conviction,peak_displacement,correlation_with_recent_change,0.6497244109944246,,,,,,
correlation,development,conviction,peak_displacement,correlation_with_monotonic_persistence,0.5996693175629356,,,,,,
correlation,development,conviction,peak_displacement,correlation_with_peak_displacement,1.0,,,,,,
summary,development,frustration,,level_mean,-0.09866503572308408,,,,,,
summary,development,frustration,,level_standard_deviation,0.7296883932543223,,,,,,
summary,development,frustration,,change_mean,-0.07655405207568483,,,,,,
summary,development,frustration,,change_standard_deviation,0.639110586949149,,,,,,
summary,development,frustration,,acceleration_mean,0.06060725032868713,,,,,,
summary,development,frustration,,acceleration_standard_deviation,0.7783261835944669,,,,,,
summary,development,frustration,,reversal_frequency,0.5527768756089639,,,,,,
summary,development,frustration,,persistence_frequency,0.44722312439103606,,,,,,
summary,development,frustration,,peak_displacement_mean,-0.34091869742165015,,,,,,
summary,development,frustration,,peak_displacement_standard_deviation,0.393392133514054,,,,,,
summary,development,frustration,,level_change_opposite_sign_frequency,0.3316552993396124,,,,,,
summary,development,frustration,,reverses_before_decision_frequency,0.5527768756089639,,,,,,
summary,development,frustration,,at_local_peak_at_decision_frequency,0.2871603334415936,,,,,,
correlation,development,frustration,change,correlation_with_current_level,0.4777912454926479,,,,,,
correlation,development,frustration,change,correlation_with_change,1.0,,,,,,
correlation,development,frustration,change,correlation_with_acceleration,-0.2717956936900524,,,,,,
correlation,development,frustration,change,correlation_with_reversal,0.13458222265943512,,,,,,
correlation,development,frustration,change,correlation_with_recent_change,0.4957455456630171,,,,,,
correlation,development,frustration,change,correlation_with_monotonic_persistence,0.7192522957576786,,,,,,
correlation,development,frustration,change,correlation_with_peak_displacement,0.8106297254279984,,,,,,
correlation,development,frustration,acceleration,correlation_with_current_level,-0.03022535449090938,,,,,,
correlation,development,frustration,acceleration,correlation_with_change,-0.2717956936900524,,,,,,
correlation,development,frustration,acceleration,correlation_with_acceleration,1.0,,,,,,
correlation,development,frustration,acceleration,correlation_with_reversal,0.04723052659891362,,,,,,
correlation,development,frustration,acceleration,correlation_with_recent_change,0.7010328238409017,,,,,,
correlation,development,frustration,acceleration,correlation_with_monotonic_persistence,-0.08787547527275927,,,,,,
correlation,development,frustration,acceleration,correlation_with_peak_displacement,0.005483147003279654,,,,,,
correlation,development,frustration,reversal,correlation_with_current_level,0.09370884870008231,,,,,,
correlation,development,frustration,reversal,correlation_with_change,0.13458222265943515,,,,,,
correlation,development,frustration,reversal,correlation_with_acceleration,0.047230526598913594,,,,,,
correlation,development,frustration,reversal,correlation_with_reversal,1.0,,,,,,
correlation,development,frustration,reversal,correlation_with_recent_change,0.14235150493925253,,,,,,
correlation,development,frustration,reversal,correlation_with_monotonic_persistence,0.175650992697037,,,,,,
correlation,development,frustration,reversal,correlation_with_peak_displacement,0.21396902178744898,,,,,,
correlation,development,frustration,recent_change,correlation_with_current_level,0.32677863798133916,,,,,,
correlation,development,frustration,recent_change,correlation_with_change,0.495745545663017,,,,,,
correlation,development,frustration,recent_change,correlation_with_acceleration,0.7010328238409019,,,,,,
correlation,development,frustration,recent_change,correlation_with_reversal,0.1423515049392525,,,,,,
correlation,development,frustration,recent_change,correlation_with_recent_change,1.0,,,,,,
correlation,development,frustration,recent_change,correlation_with_monotonic_persistence,0.45368150350724135,,,,,,
correlation,development,frustration,recent_change,correlation_with_peak_displacement,0.6056450287589137,,,,,,
correlation,development,frustration,monotonic_persistence,correlation_with_current_level,0.35420194173750313,,,,,,
correlation,development,frustration,monotonic_persistence,correlation_with_change,0.7192522957576787,,,,,,
correlation,development,frustration,monotonic_persistence,correlation_with_acceleration,-0.08787547527275927,,,,,,
correlation,development,frustration,monotonic_persistence,correlation_with_reversal,0.175650992697037,,,,,,
correlation,development,frustration,monotonic_persistence,correlation_with_recent_change,0.45368150350724135,,,,,,
correlation,development,frustration,monotonic_persistence,correlation_with_monotonic_persistence,1.0,,,,,,
correlation,development,frustration,monotonic_persistence,correlation_with_peak_displacement,0.6108720716098629,,,,,,
correlation,development,frustration,peak_displacement,correlation_with_current_level,0.42849217399952744,,,,,,
correlation,development,frustration,peak_displacement,correlation_with_change,0.8106297254279985,,,,,,
correlation,development,frustration,peak_displacement,correlation_with_acceleration,0.005483147003279652,,,,,,
correlation,development,frustration,peak_displacement,correlation_with_reversal,0.21396902178744898,,,,,,
correlation,development,frustration,peak_displacement,correlation_with_recent_change,0.6056450287589137,,,,,,
correlation,development,frustration,peak_displacement,correlation_with_monotonic_persistence,0.6108720716098629,,,,,,
correlation,development,frustration,peak_displacement,correlation_with_peak_displacement,1.0,,,,,,
summary,development,tension,,level_mean,-0.21412566881584344,,,,,,
summary,development,tension,,level_standard_deviation,1.0771602071098443,,,,,,
summary,development,tension,,change_mean,-0.0018936581013463919,,,,,,
summary,development,tension,,change_standard_deviation,0.8314948294954081,,,,,,
summary,development,tension,,acceleration_mean,-0.0030287687352956454,,,,,,
summary,development,tension,,acceleration_standard_deviation,0.9886591685299586,,,,,,
summary,development,tension,,reversal_frequency,0.5632781206019271,,,,,,
summary,development,tension,,persistence_frequency,0.43672187939807294,,,,,,
summary,development,tension,,peak_displacement_mean,-0.3687238668266007,,,,,,
summary,development,tension,,peak_displacement_standard_deviation,0.5355431429709533,,,,,,
summary,development,tension,,level_change_opposite_sign_frequency,0.3745804915015698,,,,,,
summary,development,tension,,reverses_before_decision_frequency,0.5632781206019271,,,,,,
summary,development,tension,,at_local_peak_at_decision_frequency,0.3476778174732056,,,,,,
correlation,development,tension,change,correlation_with_current_level,0.3670992391397172,,,,,,
correlation,development,tension,change,correlation_with_change,1.0,,,,,,
correlation,development,tension,change,correlation_with_acceleration,-0.2680752326292729,,,,,,
correlation,development,tension,change,correlation_with_reversal,-0.01240557319888707,,,,,,
correlation,development,tension,change,correlation_with_recent_change,0.511158687258142,,,,,,
correlation,development,tension,change,correlation_with_monotonic_persistence,0.6755039480173121,,,,,,
correlation,development,tension,change,correlation_with_peak_displacement,0.7906726851443721,,,,,,
correlation,development,tension,acceleration,correlation_with_current_level,-0.023178892438473254,,,,,,
correlation,development,tension,acceleration,correlation_with_change,-0.2680752326292729,,,,,,
correlation,development,tension,acceleration,correlation_with_acceleration,1.0,,,,,,
correlation,development,tension,acceleration,correlation_with_reversal,0.042481962373421354,,,,,,
correlation,development,tension,acceleration,correlation_with_recent_change,0.6909984361687075,,,,,,
correlation,development,tension,acceleration,correlation_with_monotonic_persistence,-0.08000866818695052,,,,,,
correlation,development,tension,acceleration,correlation_with_peak_displacement,0.008940048559601043,,,,,,
correlation,development,tension,reversal,correlation_with_current_level,0.047268049641835265,,,,,,
correlation,development,tension,reversal,correlation_with_change,-0.01240557319888707,,,,,,
correlation,development,tension,reversal,correlation_with_acceleration,0.04248196237342136,,,,,,
correlation,development,tension,reversal,correlation_with_reversal,1.0,,,,,,
correlation,development,tension,reversal,correlation_with_recent_change,0.028591736168035585,,,,,,
correlation,development,tension,reversal,correlation_with_monotonic_persistence,-0.037788692580558836,,,,,,
correlation,development,tension,reversal,correlation_with_peak_displacement,0.0839342340735983,,,,,,
correlation,development,tension,recent_change,correlation_with_current_level,0.25476287392542724,,,,,,
correlation,development,tension,recent_change,correlation_with_change,0.5111586872581421,,,,,,
correlation,development,tension,recent_change,correlation_with_acceleration,0.6909984361687075,,,,,,
correlation,development,tension,recent_change,correlation_with_reversal,0.028591736168035595,,,,,,
correlation,development,tension,recent_change,correlation_with_recent_change,1.0,,,,,,
correlation,development,tension,recent_change,correlation_with_monotonic_persistence,0.43546478378903103,,,,,,
correlation,development,tension,recent_change,correlation_with_peak_displacement,0.6012328809660303,,,,,,
correlation,development,tension,monotonic_persistence,correlation_with_current_level,0.24330108155039087,,,,,,
correlation,development,tension,monotonic_persistence,correlation_with_change,0.6755039480173121,,,,,,
correlation,development,tension,monotonic_persistence,correlation_with_acceleration,-0.08000866818695049,,,,,,
correlation,development,tension,monotonic_persistence,correlation_with_reversal,-0.03778869258055882,,,,,,
correlation,development,tension,monotonic_persistence,correlation_with_recent_change,0.43546478378903103,,,,,,
correlation,development,tension,monotonic_persistence,correlation_with_monotonic_persistence,1.0,,,,,,
correlation,development,tension,monotonic_persistence,correlation_with_peak_displacement,0.5411878195673382,,,,,,
correlation,development,tension,peak_displacement,correlation_with_current_level,0.5196819566269436,,,,,,
correlation,development,tension,peak_displacement,correlation_with_change,0.7906726851443721,,,,,,
correlation,development,tension,peak_displacement,correlation_with_acceleration,0.008940048559601047,,,,,,
correlation,development,tension,peak_displacement,correlation_with_reversal,0.0839342340735983,,,,,,
correlation,development,tension,peak_displacement,correlation_with_recent_change,0.6012328809660303,,,,,,
correlation,development,tension,peak_displacement,correlation_with_monotonic_persistence,0.5411878195673382,,,,,,
correlation,development,tension,peak_displacement,correlation_with_peak_displacement,1.0,,,,,,
summary,development,signed_pressure,,level_mean,0.02122161949921571,,,,,,
summary,development,signed_pressure,,level_standard_deviation,0.6513301149712587,,,,,,
summary,development,signed_pressure,,change_mean,0.0030440470768683674,,,,,,
summary,development,signed_pressure,,change_standard_deviation,0.5040326100550553,,,,,,
summary,development,signed_pressure,,acceleration_mean,0.0022696462639910844,,,,,,
summary,development,signed_pressure,,acceleration_standard_deviation,0.5140561615906278,,,,,,
summary,development,signed_pressure,,reversal_frequency,0.49978347948468116,,,,,,
summary,development,signed_pressure,,persistence_frequency,0.5002165205153188,,,,,,
summary,development,signed_pressure,,peak_displacement_mean,-0.2388801269431658,,,,,,
summary,development,signed_pressure,,peak_displacement_standard_deviation,0.29345950705640883,,,,,,
summary,development,signed_pressure,,level_change_opposite_sign_frequency,0.35493125473638626,,,,,,
summary,development,signed_pressure,,reverses_before_decision_frequency,0.49978347948468116,,,,,,
summary,development,signed_pressure,,at_local_peak_at_decision_frequency,0.35157518674894445,,,,,,
correlation,development,signed_pressure,change,correlation_with_current_level,0.4277062662970033,,,,,,
correlation,development,signed_pressure,change,correlation_with_change,1.0,,,,,,
correlation,development,signed_pressure,change,correlation_with_acceleration,-0.30473825164153256,,,,,,
correlation,development,signed_pressure,change,correlation_with_reversal,-0.007993227575828927,,,,,,
correlation,development,signed_pressure,change,correlation_with_recent_change,0.5786561040813472,,,,,,
correlation,development,signed_pressure,change,correlation_with_monotonic_persistence,0.7802069505688967,,,,,,
correlation,development,signed_pressure,change,correlation_with_peak_displacement,0.8331750277742955,,,,,,
correlation,development,signed_pressure,acceleration,correlation_with_current_level,-0.1363887156966772,,,,,,
correlation,development,signed_pressure,acceleration,correlation_with_change,-0.30473825164153256,,,,,,
correlation,development,signed_pressure,acceleration,correlation_with_acceleration,1.0,,,,,,
correlation,development,signed_pressure,acceleration,correlation_with_reversal,-0.005533288814970999,,,,,,
correlation,development,signed_pressure,acceleration,correlation_with_recent_change,0.6004412617696273,,,,,,
correlation,development,signed_pressure,acceleration,correlation_with_monotonic_persistence,-0.12685143699979445,,,,,,
correlation,development,signed_pressure,acceleration,correlation_with_peak_displacement,-0.0516171735387909,,,,,,
correlation,development,signed_pressure,reversal,correlation_with_current_level,-0.005217993557872745,,,,,,
correlation,development,signed_pressure,reversal,correlation_with_change,-0.007993227575828907,,,,,,
correlation,development,signed_pressure,reversal,correlation_with_acceleration,-0.0055332888149709995,,,,,,
correlation,development,signed_pressure,reversal,correlation_with_reversal,1.0,,,,,,
correlation,development,signed_pressure,reversal,correlation_with_recent_change,-0.01144930168853987,,,,,,
correlation,development,signed_pressure,reversal,correlation_with_monotonic_persistence,-0.006502795458203809,,,,,,
correlation,development,signed_pressure,reversal,correlation_with_peak_displacement,0.12137009715232083,,,,,,
correlation,development,signed_pressure,recent_change,correlation_with_current_level,0.24231400392720967,,,,,,
correlation,development,signed_pressure,recent_change,correlation_with_change,0.5786561040813472,,,,,,
correlation,development,signed_pressure,recent_change,correlation_with_acceleration,0.6004412617696273,,,,,,
correlation,development,signed_pressure,recent_change,correlation_with_reversal,-0.011449301688539864,,,,,,
correlation,development,signed_pressure,recent_change,correlation_with_recent_change,1.0,,,,,,
correlation,development,signed_pressure,recent_change,correlation_with_monotonic_persistence,0.5464416445547365,,,,,,
correlation,development,signed_pressure,recent_change,correlation_with_peak_displacement,0.6553369816247445,,,,,,
correlation,development,signed_pressure,monotonic_persistence,correlation_with_current_level,0.3415575521382724,,,,,,
correlation,development,signed_pressure,monotonic_persistence,correlation_with_change,0.7802069505688967,,,,,,
correlation,development,signed_pressure,monotonic_persistence,correlation_with_acceleration,-0.12685143699979445,,,,,,
correlation,development,signed_pressure,monotonic_persistence,correlation_with_reversal,-0.006502795458203798,,,,,,
correlation,development,signed_pressure,monotonic_persistence,correlation_with_recent_change,0.5464416445547365,,,,,,
correlation,development,signed_pressure,monotonic_persistence,correlation_with_monotonic_persistence,1.0,,,,,,
correlation,development,signed_pressure,monotonic_persistence,correlation_with_peak_displacement,0.6668320772792612,,,,,,
correlation,development,signed_pressure,peak_displacement,correlation_with_current_level,0.3288781906658152,,,,,,
correlation,development,signed_pressure,peak_displacement,correlation_with_change,0.8331750277742955,,,,,,
correlation,development,signed_pressure,peak_displacement,correlation_with_acceleration,-0.0516171735387909,,,,,,
correlation,development,signed_pressure,peak_displacement,correlation_with_reversal,0.12137009715232086,,,,,,
correlation,development,signed_pressure,peak_displacement,correlation_with_recent_change,0.6553369816247445,,,,,,
correlation,development,signed_pressure,peak_displacement,correlation_with_monotonic_persistence,0.6668320772792611,,,,,,
correlation,development,signed_pressure,peak_displacement,correlation_with_peak_displacement,1.0,,,,,,
summary,development,signed_exhaustion,,level_mean,0.05589020387389516,,,,,,
summary,development,signed_exhaustion,,level_standard_deviation,1.4738575249266894,,,,,,
summary,development,signed_exhaustion,,change_mean,-0.005241032590460487,,,,,,
summary,development,signed_exhaustion,,change_standard_deviation,1.7045323212727448,,,,,,
summary,development,signed_exhaustion,,acceleration_mean,-0.01575302082052436,,,,,,
summary,development,signed_exhaustion,,acceleration_standard_deviation,2.479769541939061,,,,,,
summary,development,signed_exhaustion,,reversal_frequency,0.6003031287214463,,,,,,
summary,development,signed_exhaustion,,persistence_frequency,0.39969687127855363,,,,,,
summary,development,signed_exhaustion,,peak_displacement_mean,-0.836407477929351,,,,,,
summary,development,signed_exhaustion,,peak_displacement_standard_deviation,1.1312041400398243,,,,,,
summary,development,signed_exhaustion,,level_change_opposite_sign_frequency,0.2983111399805132,,,,,,
summary,development,signed_exhaustion,,reverses_before_decision_frequency,0.6003031287214463,,,,,,
summary,development,signed_exhaustion,,at_local_peak_at_decision_frequency,0.3177438562303778,,,,,,
correlation,development,signed_exhaustion,change,correlation_with_current_level,0.6397263253601624,,,,,,
correlation,development,signed_exhaustion,change,correlation_with_change,1.0,,,,,,
correlation,development,signed_exhaustion,change,correlation_with_acceleration,-0.18185305044933803,,,,,,
correlation,development,signed_exhaustion,change,correlation_with_reversal,-0.00521939467178751,,,,,,
correlation,development,signed_exhaustion,change,correlation_with_recent_change,0.4572134496529862,,,,,,
correlation,development,signed_exhaustion,change,correlation_with_monotonic_persistence,0.627060092783866,,,,,,
correlation,development,signed_exhaustion,change,correlation_with_peak_displacement,0.7301010770574236,,,,,,
correlation,development,signed_exhaustion,acceleration,correlation_with_current_level,0.09624677011643762,,,,,,
correlation,development,signed_exhaustion,acceleration,correlation_with_change,-0.18185305044933806,,,,,,
correlation,development,signed_exhaustion,acceleration,correlation_with_acceleration,1.0,,,,,,
correlation,development,signed_exhaustion,acceleration,correlation_with_reversal,-0.012801472636393025,,,,,,
correlation,development,signed_exhaustion,acceleration,correlation_with_recent_change,0.791381943591333,,,,,,
correlation,development,signed_exhaustion,acceleration,correlation_with_monotonic_persistence,-0.05149826067211145,,,,,,
correlation,development,signed_exhaustion,acceleration,correlation_with_peak_displacement,0.17592886701318838,,,,,,
correlation,development,signed_exhaustion,reversal,correlation_with_current_level,-0.0060319906375232634,,,,,,
correlation,development,signed_exhaustion,reversal,correlation_with_change,-0.005219394671787521,,,,,,
correlation,development,signed_exhaustion,reversal,correlation_with_acceleration,-0.01280147263639303,,,,,,
correlation,development,signed_exhaustion,reversal,correlation_with_reversal,1.0,,,,,,
correlation,development,signed_exhaustion,reversal,correlation_with_recent_change,-0.014822972559743311,,,,,,
correlation,development,signed_exhaustion,reversal,correlation_with_monotonic_persistence,0.016790141384511747,,,,,,
correlation,development,signed_exhaustion,reversal,correlation_with_peak_displacement,0.0043676306004031985,,,,,,
correlation,development,signed_exhaustion,recent_change,correlation_with_current_level,0.48475954865317755,,,,,,
correlation,development,signed_exhaustion,recent_change,correlation_with_change,0.4572134496529862,,,,,,
correlation,development,signed_exhaustion,recent_change,correlation_with_acceleration,0.791381943591333,,,,,,
correlation,development,signed_exhaustion,recent_change,correlation_with_reversal,-0.014822972559743327,,,,,,
correlation,development,signed_exhaustion,recent_change,correlation_with_recent_change,1.0,,,,,,
correlation,development,signed_exhaustion,recent_change,correlation_with_monotonic_persistence,0.3432589037122921,,,,,,
correlation,development,signed_exhaustion,recent_change,correlation_with_peak_displacement,0.6130119721164451,,,,,,
correlation,development,signed_exhaustion,monotonic_persistence,correlation_with_current_level,0.4124337053589269,,,,,,
correlation,development,signed_exhaustion,monotonic_persistence,correlation_with_change,0.627060092783866,,,,,,
correlation,development,signed_exhaustion,monotonic_persistence,correlation_with_acceleration,-0.051498260672111454,,,,,,
correlation,development,signed_exhaustion,monotonic_persistence,correlation_with_reversal,0.016790141384511747,,,,,,
correlation,development,signed_exhaustion,monotonic_persistence,correlation_with_recent_change,0.3432589037122921,,,,,,
correlation,development,signed_exhaustion,monotonic_persistence,correlation_with_monotonic_persistence,1.0,,,,,,
correlation,development,signed_exhaustion,monotonic_persistence,correlation_with_peak_displacement,0.46075582500545575,,,,,,
correlation,development,signed_exhaustion,peak_displacement,correlation_with_current_level,0.5403301822559926,,,,,,
correlation,development,signed_exhaustion,peak_displacement,correlation_with_change,0.7301010770574234,,,,,,
correlation,development,signed_exhaustion,peak_displacement,correlation_with_acceleration,0.17592886701318844,,,,,,
correlation,development,signed_exhaustion,peak_displacement,correlation_with_reversal,0.004367630600403184,,,,,,
correlation,development,signed_exhaustion,peak_displacement,correlation_with_recent_change,0.6130119721164451,,,,,,
correlation,development,signed_exhaustion,peak_displacement,correlation_with_monotonic_persistence,0.46075582500545575,,,,,,
correlation,development,signed_exhaustion,peak_displacement,correlation_with_peak_displacement,1.0,,,,,,
summary,assessment,arousal,,level_mean,0.21413288579070006,,,,,,
summary,assessment,arousal,,level_standard_deviation,0.7177624530060692,,,,,,
summary,assessment,arousal,,change_mean,0.01223982324240891,,,,,,
summary,assessment,arousal,,change_standard_deviation,0.2561751804697028,,,,,,
summary,assessment,arousal,,acceleration_mean,-0.0006369915945583546,,,,,,
summary,assessment,arousal,,acceleration_standard_deviation,0.21801989141052314,,,,,,
summary,assessment,arousal,,reversal_frequency,0.4346187765573639,,,,,,
summary,assessment,arousal,,persistence_frequency,0.5653812234426361,,,,,,
summary,assessment,arousal,,peak_displacement_mean,-0.10422638995076752,,,,,,
summary,assessment,arousal,,peak_displacement_standard_deviation,0.12006996267883042,,,,,,
summary,assessment,arousal,,level_change_opposite_sign_frequency,0.4617173093882787,,,,,,
summary,assessment,arousal,,reverses_before_decision_frequency,0.4346187765573639,,,,,,
summary,assessment,arousal,,at_local_peak_at_decision_frequency,0.3255030866672012,,,,,,
correlation,assessment,arousal,change,correlation_with_current_level,0.1597316573941006,,,,,,
correlation,assessment,arousal,change,correlation_with_change,1.0,,,,,,
correlation,assessment,arousal,change,correlation_with_acceleration,-0.40109061630093884,,,,,,
correlation,assessment,arousal,change,correlation_with_reversal,0.07303985681486062,,,,,,
correlation,assessment,arousal,change,correlation_with_recent_change,0.6453629290881978,,,,,,
correlation,assessment,arousal,change,correlation_with_monotonic_persistence,0.7729632682090883,,,,,,
correlation,assessment,arousal,change,correlation_with_peak_displacement,0.7705783009327242,,,,,,
correlation,assessment,arousal,acceleration,correlation_with_current_level,-0.11542501573722772,,,,,,
correlation,assessment,arousal,acceleration,correlation_with_change,-0.40109061630093895,,,,,,
correlation,assessment,arousal,acceleration,correlation_with_acceleration,1.0,,,,,,
correlation,assessment,arousal,acceleration,correlation_with_reversal,-0.0327365274907612,,,,,,
correlation,assessment,arousal,acceleration,correlation_with_recent_change,0.4408908079847212,,,,,,
correlation,assessment,arousal,acceleration,correlation_with_monotonic_persistence,-0.19173171047894932,,,,,,
correlation,assessment,arousal,acceleration,correlation_with_peak_displacement,-0.1545091985292978,,,,,,
correlation,assessment,arousal,reversal,correlation_with_current_level,-0.007328464819227088,,,,,,
correlation,assessment,arousal,reversal,correlation_with_change,0.07303985681486062,,,,,,
correlation,assessment,arousal,reversal,correlation_with_acceleration,-0.0327365274907612,,,,,,
correlation,assessment,arousal,reversal,correlation_with_reversal,1.0,,,,,,
correlation,assessment,arousal,reversal,correlation_with_recent_change,0.044267858706187754,,,,,,
correlation,assessment,arousal,reversal,correlation_with_monotonic_persistence,0.10928171533574854,,,,,,
correlation,assessment,arousal,reversal,correlation_with_peak_displacement,0.2613304810837941,,,,,,
correlation,assessment,arousal,recent_change,correlation_with_current_level,0.06025779760442791,,,,,,
correlation,assessment,arousal,recent_change,correlation_with_change,0.6453629290881978,,,,,,
correlation,assessment,arousal,recent_change,correlation_with_acceleration,0.44089080798472113,,,,,,
correlation,assessment,arousal,recent_change,correlation_with_reversal,0.044267858706187775,,,,,,
correlation,assessment,arousal,recent_change,correlation_with_recent_change,1.0,,,,,,
correlation,assessment,arousal,recent_change,correlation_with_monotonic_persistence,0.5974883029301779,,,,,,
correlation,assessment,arousal,recent_change,correlation_with_peak_displacement,0.6261909584154423,,,,,,
correlation,assessment,arousal,monotonic_persistence,correlation_with_current_level,0.08771391800812912,,,,,,
correlation,assessment,arousal,monotonic_persistence,correlation_with_change,0.7729632682090886,,,,,,
correlation,assessment,arousal,monotonic_persistence,correlation_with_acceleration,-0.19173171047894932,,,,,,
correlation,assessment,arousal,monotonic_persistence,correlation_with_reversal,0.10928171533574854,,,,,,
correlation,assessment,arousal,monotonic_persistence,correlation_with_recent_change,0.5974883029301779,,,,,,
correlation,assessment,arousal,monotonic_persistence,correlation_with_monotonic_persistence,1.0,,,,,,
correlation,assessment,arousal,monotonic_persistence,correlation_with_peak_displacement,0.7231729394110599,,,,,,
correlation,assessment,arousal,peak_displacement,correlation_with_current_level,0.04515270226709313,,,,,,
correlation,assessment,arousal,peak_displacement,correlation_with_change,0.7705783009327242,,,,,,
correlation,assessment,arousal,peak_displacement,correlation_with_acceleration,-0.1545091985292978,,,,,,
correlation,assessment,arousal,peak_displacement,correlation_with_reversal,0.26133048108379403,,,,,,
correlation,assessment,arousal,peak_displacement,correlation_with_recent_change,0.6261909584154423,,,,,,
correlation,assessment,arousal,peak_displacement,correlation_with_monotonic_persistence,0.7231729394110599,,,,,,
correlation,assessment,arousal,peak_displacement,correlation_with_peak_displacement,1.0,,,,,,
summary,assessment,conviction,,level_mean,0.06344442549994565,,,,,,
summary,assessment,conviction,,level_standard_deviation,0.6375184264825924,,,,,,
summary,assessment,conviction,,change_mean,0.04194706579884062,,,,,,
summary,assessment,conviction,,change_standard_deviation,0.6898819043215385,,,,,,
summary,assessment,conviction,,acceleration_mean,0.012391125261827013,,,,,,
summary,assessment,conviction,,acceleration_standard_deviation,0.9048519131961053,,,,,,
summary,assessment,conviction,,reversal_frequency,0.5858253828269061,,,,,,
summary,assessment,conviction,,persistence_frequency,0.4141746171730939,,,,,,
summary,assessment,conviction,,peak_displacement_mean,-0.3432631989120154,,,,,,
summary,assessment,conviction,,peak_displacement_standard_deviation,0.4091139221173695,,,,,,
summary,assessment,conviction,,level_change_opposite_sign_frequency,0.3112322616852401,,,,,,
summary,assessment,conviction,,reverses_before_decision_frequency,0.5858253828269061,,,,,,
summary,assessment,conviction,,at_local_peak_at_decision_frequency,0.356530105026858,,,,,,
correlation,assessment,conviction,change,correlation_with_current_level,0.5839810580037831,,,,,,
correlation,assessment,conviction,change,correlation_with_change,1.0,,,,,,
correlation,assessment,conviction,change,correlation_with_acceleration,-0.19168819089334957,,,,,,
correlation,assessment,conviction,change,correlation_with_reversal,-0.06499549316931987,,,,,,
correlation,assessment,conviction,change,correlation_with_recent_change,0.5027015101216645,,,,,,
correlation,assessment,conviction,change,correlation_with_monotonic_persistence,0.7467596935198494,,,,,,
correlation,assessment,conviction,change,correlation_with_peak_displacement,0.7942212221434943,,,,,,
correlation,assessment,conviction,acceleration,correlation_with_current_level,-0.0462019671428434,,,,,,
correlation,assessment,conviction,acceleration,correlation_with_change,-0.19168819089334957,,,,,,
correlation,assessment,conviction,acceleration,correlation_with_acceleration,1.0,,,,,,
correlation,assessment,conviction,acceleration,correlation_with_reversal,0.00821656231984648,,,,,,
correlation,assessment,conviction,acceleration,correlation_with_recent_change,0.7520674607809857,,,,,,
correlation,assessment,conviction,acceleration,correlation_with_monotonic_persistence,-0.05575225979842304,,,,,,
correlation,assessment,conviction,acceleration,correlation_with_peak_displacement,0.16637218840065204,,,,,,
correlation,assessment,conviction,reversal,correlation_with_current_level,-0.07872409662852298,,,,,,
correlation,assessment,conviction,reversal,correlation_with_change,-0.06499549316931988,,,,,,
correlation,assessment,conviction,reversal,correlation_with_acceleration,0.00821656231984648,,,,,,
correlation,assessment,conviction,reversal,correlation_with_reversal,1.0,,,,,,
correlation,assessment,conviction,reversal,correlation_with_recent_change,-0.03640992871561186,,,,,,
correlation,assessment,conviction,reversal,correlation_with_monotonic_persistence,-0.07243584703890595,,,,,,
correlation,assessment,conviction,reversal,correlation_with_peak_displacement,0.02177086525743972,,,,,,
correlation,assessment,conviction,recent_change,correlation_with_current_level,0.3514718001994565,,,,,,
correlation,assessment,conviction,recent_change,correlation_with_change,0.5027015101216644,,,,,,
correlation,assessment,conviction,recent_change,correlation_with_acceleration,0.7520674607809857,,,,,,
correlation,assessment,conviction,recent_change,correlation_with_reversal,-0.03640992871561183,,,,,,
correlation,assessment,conviction,recent_change,correlation_with_recent_change,1.0,,,,,,
correlation,assessment,conviction,recent_change,correlation_with_monotonic_persistence,0.452372205106297,,,,,,
correlation,assessment,conviction,recent_change,correlation_with_peak_displacement,0.6798902771928677,,,,,,
correlation,assessment,conviction,monotonic_persistence,correlation_with_current_level,0.43693471365700337,,,,,,
correlation,assessment,conviction,monotonic_persistence,correlation_with_change,0.7467596935198494,,,,,,
correlation,assessment,conviction,monotonic_persistence,correlation_with_acceleration,-0.05575225979842304,,,,,,
correlation,assessment,conviction,monotonic_persistence,correlation_with_reversal,-0.07243584703890593,,,,,,
correlation,assessment,conviction,monotonic_persistence,correlation_with_recent_change,0.452372205106297,,,,,,
correlation,assessment,conviction,monotonic_persistence,correlation_with_monotonic_persistence,1.0,,,,,,
correlation,assessment,conviction,monotonic_persistence,correlation_with_peak_displacement,0.6087738142932816,,,,,,
correlation,assessment,conviction,peak_displacement,correlation_with_current_level,0.4332906711097343,,,,,,
correlation,assessment,conviction,peak_displacement,correlation_with_change,0.7942212221434943,,,,,,
correlation,assessment,conviction,peak_displacement,correlation_with_acceleration,0.16637218840065204,,,,,,
correlation,assessment,conviction,peak_displacement,correlation_with_reversal,0.021770865257439716,,,,,,
correlation,assessment,conviction,peak_displacement,correlation_with_recent_change,0.6798902771928677,,,,,,
correlation,assessment,conviction,peak_displacement,correlation_with_monotonic_persistence,0.6087738142932815,,,,,,
correlation,assessment,conviction,peak_displacement,correlation_with_peak_displacement,1.0,,,,,,
summary,assessment,frustration,,level_mean,0.026517452644275106,,,,,,
summary,assessment,frustration,,level_standard_deviation,0.7185146492227092,,,,,,
summary,assessment,frustration,,change_mean,-0.04830624680864797,,,,,,
summary,assessment,frustration,,change_standard_deviation,0.6318906318236084,,,,,,
summary,assessment,frustration,,acceleration_mean,0.05152494723226177,,,,,,
summary,assessment,frustration,,acceleration_standard_deviation,0.7449236168604062,,,,,,
summary,assessment,frustration,,reversal_frequency,0.5454181031027019,,,,,,
summary,assessment,frustration,,persistence_frequency,0.45458189689729817,,,,,,
summary,assessment,frustration,,peak_displacement_mean,-0.32174437127673755,,,,,,
summary,assessment,frustration,,peak_displacement_standard_deviation,0.3778628876639775,,,,,,
summary,assessment,frustration,,level_change_opposite_sign_frequency,0.3338410967690211,,,,,,
summary,assessment,frustration,,reverses_before_decision_frequency,0.5454181031027019,,,,,,
summary,assessment,frustration,,at_local_peak_at_decision_frequency,0.3059408321975467,,,,,,
correlation,assessment,frustration,change,correlation_with_current_level,0.49967178250786287,,,,,,
correlation,assessment,frustration,change,correlation_with_change,1.0,,,,,,
correlation,assessment,frustration,change,correlation_with_acceleration,-0.2600429432704743,,,,,,
correlation,assessment,frustration,change,correlation_with_reversal,0.1035949081303685,,,,,,
correlation,assessment,frustration,change,correlation_with_recent_change,0.5202467678139691,,,,,,
correlation,assessment,frustration,change,correlation_with_monotonic_persistence,0.7326155015546907,,,,,,
correlation,assessment,frustration,change,correlation_with_peak_displacement,0.8083026985870685,,,,,,
correlation,assessment,frustration,acceleration,correlation_with_current_level,-0.04491254655158472,,,,,,
correlation,assessment,frustration,acceleration,correlation_with_change,-0.2600429432704743,,,,,,
correlation,assessment,frustration,acceleration,correlation_with_acceleration,1.0,,,,,,
correlation,assessment,frustration,acceleration,correlation_with_reversal,0.050126480482254175,,,,,,
correlation,assessment,frustration,acceleration,correlation_with_recent_change,0.6893488159494915,,,,,,
correlation,assessment,frustration,acceleration,correlation_with_monotonic_persistence,-0.09224705735093096,,,,,,
correlation,assessment,frustration,acceleration,correlation_with_peak_displacement,0.0197385202018256,,,,,,
correlation,assessment,frustration,reversal,correlation_with_current_level,0.09077483191587615,,,,,,
correlation,assessment,frustration,reversal,correlation_with_change,0.10359490813036848,,,,,,
correlation,assessment,frustration,reversal,correlation_with_acceleration,0.050126480482254196,,,,,,
correlation,assessment,frustration,reversal,correlation_with_reversal,1.0,,,,,,
correlation,assessment,frustration,reversal,correlation_with_recent_change,0.1220550855808459,,,,,,
correlation,assessment,frustration,reversal,correlation_with_monotonic_persistence,0.13198042966314472,,,,,,
correlation,assessment,frustration,reversal,correlation_with_peak_displacement,0.2014676520757708,,,,,,
correlation,assessment,frustration,recent_change,correlation_with_current_level,0.33515117292575214,,,,,,
correlation,assessment,frustration,recent_change,correlation_with_change,0.5202467678139691,,,,,,
correlation,assessment,frustration,recent_change,correlation_with_acceleration,0.6893488159494915,,,,,,
correlation,assessment,frustration,recent_change,correlation_with_reversal,0.12205508558084593,,,,,,
correlation,assessment,frustration,recent_change,correlation_with_recent_change,1.0,,,,,,
correlation,assessment,frustration,recent_change,correlation_with_monotonic_persistence,0.4680501812528987,,,,,,
correlation,assessment,frustration,recent_change,correlation_with_peak_displacement,0.6238786573529211,,,,,,
correlation,assessment,frustration,monotonic_persistence,correlation_with_current_level,0.3946175104681539,,,,,,
correlation,assessment,frustration,monotonic_persistence,correlation_with_change,0.7326155015546907,,,,,,
correlation,assessment,frustration,monotonic_persistence,correlation_with_acceleration,-0.09224705735093096,,,,,,
correlation,assessment,frustration,monotonic_persistence,correlation_with_reversal,0.13198042966314472,,,,,,
correlation,assessment,frustration,monotonic_persistence,correlation_with_recent_change,0.4680501812528987,,,,,,
correlation,assessment,frustration,monotonic_persistence,correlation_with_monotonic_persistence,1.0,,,,,,
correlation,assessment,frustration,monotonic_persistence,correlation_with_peak_displacement,0.62551557316196,,,,,,
correlation,assessment,frustration,peak_displacement,correlation_with_current_level,0.4376717160514109,,,,,,
correlation,assessment,frustration,peak_displacement,correlation_with_change,0.8083026985870687,,,,,,
correlation,assessment,frustration,peak_displacement,correlation_with_acceleration,0.01973852020182558,,,,,,
correlation,assessment,frustration,peak_displacement,correlation_with_reversal,0.2014676520757708,,,,,,
correlation,assessment,frustration,peak_displacement,correlation_with_recent_change,0.6238786573529211,,,,,,
correlation,assessment,frustration,peak_displacement,correlation_with_monotonic_persistence,0.62551557316196,,,,,,
correlation,assessment,frustration,peak_displacement,correlation_with_peak_displacement,1.0,,,,,,
summary,assessment,tension,,level_mean,-0.06838998383652291,,,,,,
summary,assessment,tension,,level_standard_deviation,1.0399961429934208,,,,,,
summary,assessment,tension,,change_mean,0.027890090736486416,,,,,,
summary,assessment,tension,,change_standard_deviation,0.7920762106067779,,,,,,
summary,assessment,tension,,acceleration_mean,-0.023878106005014686,,,,,,
summary,assessment,tension,,acceleration_standard_deviation,0.9015167779982962,,,,,,
summary,assessment,tension,,reversal_frequency,0.553435420508298,,,,,,
summary,assessment,tension,,persistence_frequency,0.4465645794917021,,,,,,
summary,assessment,tension,,peak_displacement_mean,-0.3361565885052351,,,,,,
summary,assessment,tension,,peak_displacement_standard_deviation,0.49437875302447437,,,,,,
summary,assessment,tension,,level_change_opposite_sign_frequency,0.37689409123707207,,,,,,
summary,assessment,tension,,reverses_before_decision_frequency,0.553435420508298,,,,,,
summary,assessment,tension,,at_local_peak_at_decision_frequency,0.36053876372965604,,,,,,
correlation,assessment,tension,change,correlation_with_current_level,0.3390613311137899,,,,,,
correlation,assessment,tension,change,correlation_with_change,1.0,,,,,,
correlation,assessment,tension,change,correlation_with_acceleration,-0.2605117058422788,,,,,,
correlation,assessment,tension,change,correlation_with_reversal,-0.03861130659476327,,,,,,
correlation,assessment,tension,change,correlation_with_recent_change,0.5391718972985746,,,,,,
correlation,assessment,tension,change,correlation_with_monotonic_persistence,0.6836316965956902,,,,,,
correlation,assessment,tension,change,correlation_with_peak_displacement,0.7781473912162634,,,,,,
correlation,assessment,tension,acceleration,correlation_with_current_level,-0.013173743256915862,,,,,,
correlation,assessment,tension,acceleration,correlation_with_change,-0.2605117058422788,,,,,,
correlation,assessment,tension,acceleration,correlation_with_acceleration,1.0,,,,,,
correlation,assessment,tension,acceleration,correlation_with_reversal,0.025932925132640665,,,,,,
correlation,assessment,tension,acceleration,correlation_with_recent_change,0.672654710971499,,,,,,
correlation,assessment,tension,acceleration,correlation_with_monotonic_persistence,-0.08198829605043824,,,,,,
correlation,assessment,tension,acceleration,correlation_with_peak_displacement,0.03652243509211277,,,,,,
correlation,assessment,tension,reversal,correlation_with_current_level,0.03371771404895965,,,,,,
correlation,assessment,tension,reversal,correlation_with_change,-0.03861130659476328,,,,,,
correlation,assessment,tension,reversal,correlation_with_acceleration,0.02593292513264066,,,,,,
correlation,assessment,tension,reversal,correlation_with_reversal,1.0,,,,,,
correlation,assessment,tension,reversal,correlation_with_recent_change,-0.006970785079283821,,,,,,
correlation,assessment,tension,reversal,correlation_with_monotonic_persistence,-0.06609510880027394,,,,,,
correlation,assessment,tension,reversal,correlation_with_peak_displacement,0.07004581647085689,,,,,,
correlation,assessment,tension,recent_change,correlation_with_current_level,0.2483718793976766,,,,,,
correlation,assessment,tension,recent_change,correlation_with_change,0.5391718972985746,,,,,,
correlation,assessment,tension,recent_change,correlation_with_acceleration,0.672654710971499,,,,,,
correlation,assessment,tension,recent_change,correlation_with_reversal,-0.0069707850792838175,,,,,,
correlation,assessment,tension,recent_change,correlation_with_recent_change,1.0,,,,,,
correlation,assessment,tension,recent_change,correlation_with_monotonic_persistence,0.4524296150097581,,,,,,
correlation,assessment,tension,recent_change,correlation_with_peak_displacement,0.6282472122127176,,,,,,
correlation,assessment,tension,monotonic_persistence,correlation_with_current_level,0.24421172855242873,,,,,,
correlation,assessment,tension,monotonic_persistence,correlation_with_change,0.6836316965956902,,,,,,
correlation,assessment,tension,monotonic_persistence,correlation_with_acceleration,-0.08198829605043825,,,,,,
correlation,assessment,tension,monotonic_persistence,correlation_with_reversal,-0.06609510880027393,,,,,,
correlation,assessment,tension,monotonic_persistence,correlation_with_recent_change,0.45242961500975803,,,,,,
correlation,assessment,tension,monotonic_persistence,correlation_with_monotonic_persistence,1.0,,,,,,
correlation,assessment,tension,monotonic_persistence,correlation_with_peak_displacement,0.5477563351020636,,,,,,
correlation,assessment,tension,peak_displacement,correlation_with_current_level,0.49146228667430364,,,,,,
correlation,assessment,tension,peak_displacement,correlation_with_change,0.7781473912162634,,,,,,
correlation,assessment,tension,peak_displacement,correlation_with_acceleration,0.03652243509211275,,,,,,
correlation,assessment,tension,peak_displacement,correlation_with_reversal,0.07004581647085686,,,,,,
correlation,assessment,tension,peak_displacement,correlation_with_recent_change,0.6282472122127175,,,,,,
correlation,assessment,tension,peak_displacement,correlation_with_monotonic_persistence,0.5477563351020636,,,,,,
correlation,assessment,tension,peak_displacement,correlation_with_peak_displacement,1.0,,,,,,
summary,assessment,signed_pressure,,level_mean,0.01601002434683935,,,,,,
summary,assessment,signed_pressure,,level_standard_deviation,0.6373729230162625,,,,,,
summary,assessment,signed_pressure,,change_mean,-0.012587662034310785,,,,,,
summary,assessment,signed_pressure,,change_standard_deviation,0.4983255850095692,,,,,,
summary,assessment,signed_pressure,,acceleration_mean,-0.00514236968074174,,,,,,
summary,assessment,signed_pressure,,acceleration_standard_deviation,0.4851775802876101,,,,,,
summary,assessment,signed_pressure,,reversal_frequency,0.4758277880221278,,,,,,
summary,assessment,signed_pressure,,persistence_frequency,0.5241722119778722,,,,,,
summary,assessment,signed_pressure,,peak_displacement_mean,-0.24389230103714887,,,,,,
summary,assessment,signed_pressure,,peak_displacement_standard_deviation,0.2950167462692577,,,,,,
summary,assessment,signed_pressure,,level_change_opposite_sign_frequency,0.3622224003848312,,,,,,
summary,assessment,signed_pressure,,reverses_before_decision_frequency,0.4758277880221278,,,,,,
summary,assessment,signed_pressure,,at_local_peak_at_decision_frequency,0.3476308827066464,,,,,,
correlation,assessment,signed_pressure,change,correlation_with_current_level,0.41507941465715975,,,,,,
correlation,assessment,signed_pressure,change,correlation_with_change,1.0,,,,,,
correlation,assessment,signed_pressure,change,correlation_with_acceleration,-0.2880148682455708,,,,,,
correlation,assessment,signed_pressure,change,correlation_with_reversal,0.023598724170840822,,,,,,
correlation,assessment,signed_pressure,change,correlation_with_recent_change,0.6109819727763318,,,,,,
correlation,assessment,signed_pressure,change,correlation_with_monotonic_persistence,0.7925277665647376,,,,,,
correlation,assessment,signed_pressure,change,correlation_with_peak_displacement,0.8489072069042467,,,,,,
correlation,assessment,signed_pressure,acceleration,correlation_with_current_level,-0.141329510387709,,,,,,
correlation,assessment,signed_pressure,acceleration,correlation_with_change,-0.2880148682455708,,,,,,
correlation,assessment,signed_pressure,acceleration,correlation_with_acceleration,1.0,,,,,,
correlation,assessment,signed_pressure,acceleration,correlation_with_reversal,-0.03386768955031469,,,,,,
correlation,assessment,signed_pressure,acceleration,correlation_with_recent_change,0.5821274226892476,,,,,,
correlation,assessment,signed_pressure,acceleration,correlation_with_monotonic_persistence,-0.12790999964116603,,,,,,
correlation,assessment,signed_pressure,acceleration,correlation_with_peak_displacement,-0.06489183831990526,,,,,,
correlation,assessment,signed_pressure,reversal,correlation_with_current_level,0.000963185003101677,,,,,,
correlation,assessment,signed_pressure,reversal,correlation_with_change,0.02359872417084082,,,,,,
correlation,assessment,signed_pressure,reversal,correlation_with_acceleration,-0.033867689550314696,,,,,,
correlation,assessment,signed_pressure,reversal,correlation_with_reversal,1.0,,,,,,
correlation,assessment,signed_pressure,reversal,correlation_with_recent_change,-0.00796042047141515,,,,,,
correlation,assessment,signed_pressure,reversal,correlation_with_monotonic_persistence,0.020050708976850337,,,,,,
correlation,assessment,signed_pressure,reversal,correlation_with_peak_displacement,0.1454150871826185,,,,,,
correlation,assessment,signed_pressure,recent_change,correlation_with_current_level,0.23560069243884682,,,,,,
correlation,assessment,signed_pressure,recent_change,correlation_with_change,0.6109819727763318,,,,,,
correlation,assessment,signed_pressure,recent_change,correlation_with_acceleration,0.5821274226892476,,,,,,
correlation,assessment,signed_pressure,recent_change,correlation_with_reversal,-0.007960420471415146,,,,,,
correlation,assessment,signed_pressure,recent_change,correlation_with_recent_change,1.0,,,,,,
correlation,assessment,signed_pressure,recent_change,correlation_with_monotonic_persistence,0.5671767375778193,,,,,,
correlation,assessment,signed_pressure,recent_change,correlation_with_peak_displacement,0.6671426676899074,,,,,,
correlation,assessment,signed_pressure,monotonic_persistence,correlation_with_current_level,0.3561949262567181,,,,,,
correlation,assessment,signed_pressure,monotonic_persistence,correlation_with_change,0.7925277665647376,,,,,,
correlation,assessment,signed_pressure,monotonic_persistence,correlation_with_acceleration,-0.12790999964116603,,,,,,
correlation,assessment,signed_pressure,monotonic_persistence,correlation_with_reversal,0.02005070897685034,,,,,,
correlation,assessment,signed_pressure,monotonic_persistence,correlation_with_recent_change,0.5671767375778193,,,,,,
correlation,assessment,signed_pressure,monotonic_persistence,correlation_with_monotonic_persistence,1.0,,,,,,
correlation,assessment,signed_pressure,monotonic_persistence,correlation_with_peak_displacement,0.6815981386432758,,,,,,
correlation,assessment,signed_pressure,peak_displacement,correlation_with_current_level,0.31398600790859266,,,,,,
correlation,assessment,signed_pressure,peak_displacement,correlation_with_change,0.8489072069042468,,,,,,
correlation,assessment,signed_pressure,peak_displacement,correlation_with_acceleration,-0.06489183831990526,,,,,,
correlation,assessment,signed_pressure,peak_displacement,correlation_with_reversal,0.1454150871826185,,,,,,
correlation,assessment,signed_pressure,peak_displacement,correlation_with_recent_change,0.6671426676899074,,,,,,
correlation,assessment,signed_pressure,peak_displacement,correlation_with_monotonic_persistence,0.6815981386432758,,,,,,
correlation,assessment,signed_pressure,peak_displacement,correlation_with_peak_displacement,1.0,,,,,,
summary,assessment,signed_exhaustion,,level_mean,0.09980243252603688,,,,,,
summary,assessment,signed_exhaustion,,level_standard_deviation,1.4132602703704809,,,,,,
summary,assessment,signed_exhaustion,,change_mean,0.025921469380970223,,,,,,
summary,assessment,signed_exhaustion,,change_standard_deviation,1.623226829749474,,,,,,
summary,assessment,signed_exhaustion,,acceleration_mean,-0.015694463301776918,,,,,,
summary,assessment,signed_exhaustion,,acceleration_standard_deviation,2.4042650996797197,,,,,,
summary,assessment,signed_exhaustion,,reversal_frequency,0.6010582858975387,,,,,,
summary,assessment,signed_exhaustion,,persistence_frequency,0.3989417141024613,,,,,,
summary,assessment,signed_exhaustion,,peak_displacement_mean,-0.7809653165104478,,,,,,
summary,assessment,signed_exhaustion,,peak_displacement_standard_deviation,1.078702463269255,,,,,,
summary,assessment,signed_exhaustion,,level_change_opposite_sign_frequency,0.299206285576846,,,,,,
summary,assessment,signed_exhaustion,,reverses_before_decision_frequency,0.6010582858975387,,,,,,
summary,assessment,signed_exhaustion,,at_local_peak_at_decision_frequency,0.3280686282369919,,,,,,
correlation,assessment,signed_exhaustion,change,correlation_with_current_level,0.6287950253511688,,,,,,
correlation,assessment,signed_exhaustion,change,correlation_with_change,1.0,,,,,,
correlation,assessment,signed_exhaustion,change,correlation_with_acceleration,-0.189652786062866,,,,,,
correlation,assessment,signed_exhaustion,change,correlation_with_reversal,-0.00770924524903887,,,,,,
correlation,assessment,signed_exhaustion,change,correlation_with_recent_change,0.4432405396804437,,,,,,
correlation,assessment,signed_exhaustion,change,correlation_with_monotonic_persistence,0.6226265943399227,,,,,,
correlation,assessment,signed_exhaustion,change,correlation_with_peak_displacement,0.7127365103538288,,,,,,
correlation,assessment,signed_exhaustion,acceleration,correlation_with_current_level,0.0982380400215927,,,,,,
correlation,assessment,signed_exhaustion,acceleration,correlation_with_change,-0.18965278606286604,,,,,,
correlation,assessment,signed_exhaustion,acceleration,correlation_with_acceleration,1.0,,,,,,
correlation,assessment,signed_exhaustion,acceleration,correlation_with_reversal,-0.007612335226486881,,,,,,
correlation,assessment,signed_exhaustion,acceleration,correlation_with_recent_change,0.7960722953359737,,,,,,
correlation,assessment,signed_exhaustion,acceleration,correlation_with_monotonic_persistence,-0.054000485523989616,,,,,,
correlation,assessment,signed_exhaustion,acceleration,correlation_with_peak_displacement,0.1865913008542157,,,,,,
correlation,assessment,signed_exhaustion,reversal,correlation_with_current_level,-0.011015722384698244,,,,,,
correlation,assessment,signed_exhaustion,reversal,correlation_with_change,-0.007709245249038888,,,,,,
correlation,assessment,signed_exhaustion,reversal,correlation_with_acceleration,-0.007612335226486884,,,,,,
correlation,assessment,signed_exhaustion,reversal,correlation_with_reversal,1.0,,,,,,
correlation,assessment,signed_exhaustion,reversal,correlation_with_recent_change,-0.01170173726513752,,,,,,
correlation,assessment,signed_exhaustion,reversal,correlation_with_monotonic_persistence,-0.0077903446891712394,,,,,,
correlation,assessment,signed_exhaustion,reversal,correlation_with_peak_displacement,-0.0010820776171132113,,,,,,
correlation,assessment,signed_exhaustion,recent_change,correlation_with_current_level,0.47727043706095473,,,,,,
correlation,assessment,signed_exhaustion,recent_change,correlation_with_change,0.4432405396804437,,,,,,
correlation,assessment,signed_exhaustion,recent_change,correlation_with_acceleration,0.7960722953359737,,,,,,
correlation,assessment,signed_exhaustion,recent_change,correlation_with_reversal,-0.011701737265137504,,,,,,
correlation,assessment,signed_exhaustion,recent_change,correlation_with_recent_change,1.0,,,,,,
correlation,assessment,signed_exhaustion,recent_change,correlation_with_monotonic_persistence,0.33447877145807925,,,,,,
correlation,assessment,signed_exhaustion,recent_change,correlation_with_peak_displacement,0.6096750373265566,,,,,,
correlation,assessment,signed_exhaustion,monotonic_persistence,correlation_with_current_level,0.39483131476102123,,,,,,
correlation,assessment,signed_exhaustion,monotonic_persistence,correlation_with_change,0.6226265943399227,,,,,,
correlation,assessment,signed_exhaustion,monotonic_persistence,correlation_with_acceleration,-0.054000485523989616,,,,,,
correlation,assessment,signed_exhaustion,monotonic_persistence,correlation_with_reversal,-0.007790344689171248,,,,,,
correlation,assessment,signed_exhaustion,monotonic_persistence,correlation_with_recent_change,0.3344787714580792,,,,,,
correlation,assessment,signed_exhaustion,monotonic_persistence,correlation_with_monotonic_persistence,1.0,,,,,,
correlation,assessment,signed_exhaustion,monotonic_persistence,correlation_with_peak_displacement,0.4610479869700028,,,,,,
correlation,assessment,signed_exhaustion,peak_displacement,correlation_with_current_level,0.5072127484263563,,,,,,
correlation,assessment,signed_exhaustion,peak_displacement,correlation_with_change,0.7127365103538288,,,,,,
correlation,assessment,signed_exhaustion,peak_displacement,correlation_with_acceleration,0.1865913008542157,,,,,,
correlation,assessment,signed_exhaustion,peak_displacement,correlation_with_reversal,-0.0010820776171132022,,,,,,
correlation,assessment,signed_exhaustion,peak_displacement,correlation_with_recent_change,0.6096750373265567,,,,,,
correlation,assessment,signed_exhaustion,peak_displacement,correlation_with_monotonic_persistence,0.4610479869700029,,,,,,
correlation,assessment,signed_exhaustion,peak_displacement,correlation_with_peak_displacement,1.0,,,,,,
development_frozen_quintile_target_rate,development,arousal,change,target_class_rate,0.09580514208389716,1,REGISTERED_COMPLETION,-0.20895096325898688,-0.08792016555899049,0.024897887302101226,0.17587244493682128
development_frozen_quintile_target_rate,development,arousal,change,target_class_rate,0.3607577807848444,1,UNREGISTERED_LOOP,-0.20895096325898688,-0.08792016555899049,0.024897887302101226,0.17587244493682128
development_frozen_quintile_target_rate,development,arousal,change,target_class_rate,0.5434370771312584,1,NO_REGISTERED_COMPLETION,-0.20895096325898688,-0.08792016555899049,0.024897887302101226,0.17587244493682128
development_frozen_quintile_target_rate,development,arousal,change,target_class_rate,0.08876860622462787,2,REGISTERED_COMPLETION,-0.20895096325898688,-0.08792016555899049,0.024897887302101226,0.17587244493682128
development_frozen_quintile_target_rate,development,arousal,change,target_class_rate,0.413531799729364,2,UNREGISTERED_LOOP,-0.20895096325898688,-0.08792016555899049,0.024897887302101226,0.17587244493682128
development_frozen_quintile_target_rate,development,arousal,change,target_class_rate,0.4976995940460081,2,NO_REGISTERED_COMPLETION,-0.20895096325898688,-0.08792016555899049,0.024897887302101226,0.17587244493682128
development_frozen_quintile_target_rate,development,arousal,change,target_class_rate,0.07336220898754738,3,REGISTERED_COMPLETION,-0.20895096325898688,-0.08792016555899049,0.024897887302101226,0.17587244493682128
development_frozen_quintile_target_rate,development,arousal,change,target_class_rate,0.40498105035192206,3,UNREGISTERED_LOOP,-0.20895096325898688,-0.08792016555899049,0.024897887302101226,0.17587244493682128
development_frozen_quintile_target_rate,development,arousal,change,target_class_rate,0.5216567406605306,3,NO_REGISTERED_COMPLETION,-0.20895096325898688,-0.08792016555899049,0.024897887302101226,0.17587244493682128
development_frozen_quintile_target_rate,development,arousal,change,target_class_rate,0.06820027063599458,4,REGISTERED_COMPLETION,-0.20895096325898688,-0.08792016555899049,0.024897887302101226,0.17587244493682128
development_frozen_quintile_target_rate,development,arousal,change,target_class_rate,0.4027063599458728,4,UNREGISTERED_LOOP,-0.20895096325898688,-0.08792016555899049,0.024897887302101226,0.17587244493682128
development_frozen_quintile_target_rate,development,arousal,change,target_class_rate,0.5290933694181326,4,NO_REGISTERED_COMPLETION,-0.20895096325898688,-0.08792016555899049,0.024897887302101226,0.17587244493682128
development_frozen_quintile_target_rate,development,arousal,change,target_class_rate,0.05953991880920163,5,REGISTERED_COMPLETION,-0.20895096325898688,-0.08792016555899049,0.024897887302101226,0.17587244493682128
development_frozen_quintile_target_rate,development,arousal,change,target_class_rate,0.3726657645466847,5,UNREGISTERED_LOOP,-0.20895096325898688,-0.08792016555899049,0.024897887302101226,0.17587244493682128
development_frozen_quintile_target_rate,development,arousal,change,target_class_rate,0.5677943166441136,5,NO_REGISTERED_COMPLETION,-0.20895096325898688,-0.08792016555899049,0.024897887302101226,0.17587244493682128
development_frozen_quintile_target_rate,assessment,arousal,change,target_class_rate,0.06853582554517133,1,REGISTERED_COMPLETION,-0.20895096325898688,-0.08792016555899049,0.024897887302101226,0.17587244493682128
development_frozen_quintile_target_rate,assessment,arousal,change,target_class_rate,0.3052959501557632,1,UNREGISTERED_LOOP,-0.20895096325898688,-0.08792016555899049,0.024897887302101226,0.17587244493682128
development_frozen_quintile_target_rate,assessment,arousal,change,target_class_rate,0.6261682242990654,1,NO_REGISTERED_COMPLETION,-0.20895096325898688,-0.08792016555899049,0.024897887302101226,0.17587244493682128
development_frozen_quintile_target_rate,assessment,arousal,change,target_class_rate,0.0740895772289661,2,REGISTERED_COMPLETION,-0.20895096325898688,-0.08792016555899049,0.024897887302101226,0.17587244493682128
development_frozen_quintile_target_rate,assessment,arousal,change,target_class_rate,0.3721222268731687,2,UNREGISTERED_LOOP,-0.20895096325898688,-0.08792016555899049,0.024897887302101226,0.17587244493682128
development_frozen_quintile_target_rate,assessment,arousal,change,target_class_rate,0.5537881958978652,2,NO_REGISTERED_COMPLETION,-0.20895096325898688,-0.08792016555899049,0.024897887302101226,0.17587244493682128
development_frozen_quintile_target_rate,assessment,arousal,change,target_class_rate,0.06705059646236117,3,REGISTERED_COMPLETION,-0.20895096325898688,-0.08792016555899049,0.024897887302101226,0.17587244493682128
development_frozen_quintile_target_rate,assessment,arousal,change,target_class_rate,0.3706293706293706,3,UNREGISTERED_LOOP,-0.20895096325898688,-0.08792016555899049,0.024897887302101226,0.17587244493682128
development_frozen_quintile_target_rate,assessment,arousal,change,target_class_rate,0.5623200329082682,3,NO_REGISTERED_COMPLETION,-0.20895096325898688,-0.08792016555899049,0.024897887302101226,0.17587244493682128
development_frozen_quintile_target_rate,assessment,arousal,change,target_class_rate,0.062191884717481986,4,REGISTERED_COMPLETION,-0.20895096325898688,-0.08792016555899049,0.024897887302101226,0.17587244493682128
development_frozen_quintile_target_rate,assessment,arousal,change,target_class_rate,0.37770193401592717,4,UNREGISTERED_LOOP,-0.20895096325898688,-0.08792016555899049,0.024897887302101226,0.17587244493682128
development_frozen_quintile_target_rate,assessment,arousal,change,target_class_rate,0.5601061812665908,4,NO_REGISTERED_COMPLETION,-0.20895096325898688,-0.08792016555899049,0.024897887302101226,0.17587244493682128
development_frozen_quintile_target_rate,assessment,arousal,change,target_class_rate,0.05236547490068617,5,REGISTERED_COMPLETION,-0.20895096325898688,-0.08792016555899049,0.024897887302101226,0.17587244493682128
development_frozen_quintile_target_rate,assessment,arousal,change,target_class_rate,0.35102925243770317,5,UNREGISTERED_LOOP,-0.20895096325898688,-0.08792016555899049,0.024897887302101226,0.17587244493682128
development_frozen_quintile_target_rate,assessment,arousal,change,target_class_rate,0.5966052726616107,5,NO_REGISTERED_COMPLETION,-0.20895096325898688,-0.08792016555899049,0.024897887302101226,0.17587244493682128
development_frozen_quintile_target_rate,development,arousal,acceleration,target_class_rate,0.07848443843031123,1,REGISTERED_COMPLETION,-0.16037362675788194,-0.03461007302326225,0.05909974472847105,0.16296017287623082
development_frozen_quintile_target_rate,development,arousal,acceleration,target_class_rate,0.35805142083897157,1,UNREGISTERED_LOOP,-0.16037362675788194,-0.03461007302326225,0.05909974472847105,0.16296017287623082
development_frozen_quintile_target_rate,development,arousal,acceleration,target_class_rate,0.5634641407307172,1,NO_REGISTERED_COMPLETION,-0.16037362675788194,-0.03461007302326225,0.05909974472847105,0.16296017287623082
development_frozen_quintile_target_rate,development,arousal,acceleration,target_class_rate,0.08552097428958051,2,REGISTERED_COMPLETION,-0.16037362675788194,-0.03461007302326225,0.05909974472847105,0.16296017287623082
development_frozen_quintile_target_rate,development,arousal,acceleration,target_class_rate,0.38051420838971584,2,UNREGISTERED_LOOP,-0.16037362675788194,-0.03461007302326225,0.05909974472847105,0.16296017287623082
development_frozen_quintile_target_rate,development,arousal,acceleration,target_class_rate,0.5339648173207037,2,NO_REGISTERED_COMPLETION,-0.16037362675788194,-0.03461007302326225,0.05909974472847105,0.16296017287623082
development_frozen_quintile_target_rate,development,arousal,acceleration,target_class_rate,0.07931781266919329,3,REGISTERED_COMPLETION,-0.16037362675788194,-0.03461007302326225,0.05909974472847105,0.16296017287623082
development_frozen_quintile_target_rate,development,arousal,acceleration,target_class_rate,0.41580942068218735,3,UNREGISTERED_LOOP,-0.16037362675788194,-0.03461007302326225,0.05909974472847105,0.16296017287623082
development_frozen_quintile_target_rate,development,arousal,acceleration,target_class_rate,0.5048727666486194,3,NO_REGISTERED_COMPLETION,-0.16037362675788194,-0.03461007302326225,0.05909974472847105,0.16296017287623082
development_frozen_quintile_target_rate,development,arousal,acceleration,target_class_rate,0.08037889039242219,4,REGISTERED_COMPLETION,-0.16037362675788194,-0.03461007302326225,0.05909974472847105,0.16296017287623082
development_frozen_quintile_target_rate,development,arousal,acceleration,target_class_rate,0.39918809201623817,4,UNREGISTERED_LOOP,-0.16037362675788194,-0.03461007302326225,0.05909974472847105,0.16296017287623082
development_frozen_quintile_target_rate,development,arousal,acceleration,target_class_rate,0.5204330175913396,4,NO_REGISTERED_COMPLETION,-0.16037362675788194,-0.03461007302326225,0.05909974472847105,0.16296017287623082
development_frozen_quintile_target_rate,development,arousal,acceleration,target_class_rate,0.06197564276048714,5,REGISTERED_COMPLETION,-0.16037362675788194,-0.03461007302326225,0.05909974472847105,0.16296017287623082
development_frozen_quintile_target_rate,development,arousal,acceleration,target_class_rate,0.40108254397834914,5,UNREGISTERED_LOOP,-0.16037362675788194,-0.03461007302326225,0.05909974472847105,0.16296017287623082
development_frozen_quintile_target_rate,development,arousal,acceleration,target_class_rate,0.5369418132611637,5,NO_REGISTERED_COMPLETION,-0.16037362675788194,-0.03461007302326225,0.05909974472847105,0.16296017287623082
development_frozen_quintile_target_rate,assessment,arousal,acceleration,target_class_rate,0.056383407168747485,1,REGISTERED_COMPLETION,-0.16037362675788194,-0.03461007302326225,0.05909974472847105,0.16296017287623082
development_frozen_quintile_target_rate,assessment,arousal,acceleration,target_class_rate,0.3374949657672171,1,UNREGISTERED_LOOP,-0.16037362675788194,-0.03461007302326225,0.05909974472847105,0.16296017287623082
development_frozen_quintile_target_rate,assessment,arousal,acceleration,target_class_rate,0.6061216270640355,1,NO_REGISTERED_COMPLETION,-0.16037362675788194,-0.03461007302326225,0.05909974472847105,0.16296017287623082
development_frozen_quintile_target_rate,assessment,arousal,acceleration,target_class_rate,0.07961399276236429,2,REGISTERED_COMPLETION,-0.16037362675788194,-0.03461007302326225,0.05909974472847105,0.16296017287623082
development_frozen_quintile_target_rate,assessment,arousal,acceleration,target_class_rate,0.34620024125452353,2,UNREGISTERED_LOOP,-0.16037362675788194,-0.03461007302326225,0.05909974472847105,0.16296017287623082
development_frozen_quintile_target_rate,assessment,arousal,acceleration,target_class_rate,0.5741857659831122,2,NO_REGISTERED_COMPLETION,-0.16037362675788194,-0.03461007302326225,0.05909974472847105,0.16296017287623082
development_frozen_quintile_target_rate,assessment,arousal,acceleration,target_class_rate,0.07456670697299476,3,REGISTERED_COMPLETION,-0.16037362675788194,-0.03461007302326225,0.05909974472847105,0.16296017287623082
development_frozen_quintile_target_rate,assessment,arousal,acceleration,target_class_rate,0.3776702942361951,3,UNREGISTERED_LOOP,-0.16037362675788194,-0.03461007302326225,0.05909974472847105,0.16296017287623082
development_frozen_quintile_target_rate,assessment,arousal,acceleration,target_class_rate,0.5477629987908101,3,NO_REGISTERED_COMPLETION,-0.16037362675788194,-0.03461007302326225,0.05909974472847105,0.16296017287623082
development_frozen_quintile_target_rate,assessment,arousal,acceleration,target_class_rate,0.0623015873015873,4,REGISTERED_COMPLETION,-0.16037362675788194,-0.03461007302326225,0.05909974472847105,0.16296017287623082
development_frozen_quintile_target_rate,assessment,arousal,acceleration,target_class_rate,0.36904761904761907,4,UNREGISTERED_LOOP,-0.16037362675788194,-0.03461007302326225,0.05909974472847105,0.16296017287623082
development_frozen_quintile_target_rate,assessment,arousal,acceleration,target_class_rate,0.5686507936507936,4,NO_REGISTERED_COMPLETION,-0.16037362675788194,-0.03461007302326225,0.05909974472847105,0.16296017287623082
development_frozen_quintile_target_rate,assessment,arousal,acceleration,target_class_rate,0.049160671462829736,5,REGISTERED_COMPLETION,-0.16037362675788194,-0.03461007302326225,0.05909974472847105,0.16296017287623082
development_frozen_quintile_target_rate,assessment,arousal,acceleration,target_class_rate,0.35091926458832934,5,UNREGISTERED_LOOP,-0.16037362675788194,-0.03461007302326225,0.05909974472847105,0.16296017287623082
development_frozen_quintile_target_rate,assessment,arousal,acceleration,target_class_rate,0.5999200639488409,5,NO_REGISTERED_COMPLETION,-0.16037362675788194,-0.03461007302326225,0.05909974472847105,0.16296017287623082
development_frozen_quintile_target_rate,development,arousal,recent_change,target_class_rate,0.1020297699594046,1,REGISTERED_COMPLETION,-0.10379857001506361,-0.05049152297854106,0.005948537001006096,0.08381229501988824
development_frozen_quintile_target_rate,development,arousal,recent_change,target_class_rate,0.3382949932341001,1,UNREGISTERED_LOOP,-0.10379857001506361,-0.05049152297854106,0.005948537001006096,0.08381229501988824
development_frozen_quintile_target_rate,development,arousal,recent_change,target_class_rate,0.5596752368064952,1,NO_REGISTERED_COMPLETION,-0.10379857001506361,-0.05049152297854106,0.005948537001006096,0.08381229501988824
development_frozen_quintile_target_rate,development,arousal,recent_change,target_class_rate,0.08930987821380243,2,REGISTERED_COMPLETION,-0.10379857001506361,-0.05049152297854106,0.005948537001006096,0.08381229501988824
development_frozen_quintile_target_rate,development,arousal,recent_change,target_class_rate,0.39756427604871447,2,UNREGISTERED_LOOP,-0.10379857001506361,-0.05049152297854106,0.005948537001006096,0.08381229501988824
development_frozen_quintile_target_rate,development,arousal,recent_change,target_class_rate,0.5131258457374831,2,NO_REGISTERED_COMPLETION,-0.10379857001506361,-0.05049152297854106,0.005948537001006096,0.08381229501988824
development_frozen_quintile_target_rate,development,arousal,recent_change,target_class_rate,0.08067135896047645,3,REGISTERED_COMPLETION,-0.10379857001506361,-0.05049152297854106,0.005948537001006096,0.08381229501988824
development_frozen_quintile_target_rate,development,arousal,recent_change,target_class_rate,0.4147265836491608,3,UNREGISTERED_LOOP,-0.10379857001506361,-0.05049152297854106,0.005948537001006096,0.08381229501988824
development_frozen_quintile_target_rate,development,arousal,recent_change,target_class_rate,0.5046020573903628,3,NO_REGISTERED_COMPLETION,-0.10379857001506361,-0.05049152297854106,0.005948537001006096,0.08381229501988824
development_frozen_quintile_target_rate,development,arousal,recent_change,target_class_rate,0.060081190798376184,4,REGISTERED_COMPLETION,-0.10379857001506361,-0.05049152297854106,0.005948537001006096,0.08381229501988824
development_frozen_quintile_target_rate,development,arousal,recent_change,target_class_rate,0.4173207036535859,4,UNREGISTERED_LOOP,-0.10379857001506361,-0.05049152297854106,0.005948537001006096,0.08381229501988824
development_frozen_quintile_target_rate,development,arousal,recent_change,target_class_rate,0.5225981055480379,4,NO_REGISTERED_COMPLETION,-0.10379857001506361,-0.05049152297854106,0.005948537001006096,0.08381229501988824
development_frozen_quintile_target_rate,development,arousal,recent_change,target_class_rate,0.053585926928281465,5,REGISTERED_COMPLETION,-0.10379857001506361,-0.05049152297854106,0.005948537001006096,0.08381229501988824
development_frozen_quintile_target_rate,development,arousal,recent_change,target_class_rate,0.38673883626522326,5,UNREGISTERED_LOOP,-0.10379857001506361,-0.05049152297854106,0.005948537001006096,0.08381229501988824
development_frozen_quintile_target_rate,development,arousal,recent_change,target_class_rate,0.5596752368064952,5,NO_REGISTERED_COMPLETION,-0.10379857001506361,-0.05049152297854106,0.005948537001006096,0.08381229501988824
development_frozen_quintile_target_rate,assessment,arousal,recent_change,target_class_rate,0.0781456953642384,1,REGISTERED_COMPLETION,-0.10379857001506361,-0.05049152297854106,0.005948537001006096,0.08381229501988824
development_frozen_quintile_target_rate,assessment,arousal,recent_change,target_class_rate,0.295364238410596,1,UNREGISTERED_LOOP,-0.10379857001506361,-0.05049152297854106,0.005948537001006096,0.08381229501988824
development_frozen_quintile_target_rate,assessment,arousal,recent_change,target_class_rate,0.6264900662251656,1,NO_REGISTERED_COMPLETION,-0.10379857001506361,-0.05049152297854106,0.005948537001006096,0.08381229501988824
development_frozen_quintile_target_rate,assessment,arousal,recent_change,target_class_rate,0.07170795306388526,2,REGISTERED_COMPLETION,-0.10379857001506361,-0.05049152297854106,0.005948537001006096,0.08381229501988824
development_frozen_quintile_target_rate,assessment,arousal,recent_change,target_class_rate,0.3559322033898305,2,UNREGISTERED_LOOP,-0.10379857001506361,-0.05049152297854106,0.005948537001006096,0.08381229501988824
development_frozen_quintile_target_rate,assessment,arousal,recent_change,target_class_rate,0.5723598435462842,2,NO_REGISTERED_COMPLETION,-0.10379857001506361,-0.05049152297854106,0.005948537001006096,0.08381229501988824
development_frozen_quintile_target_rate,assessment,arousal,recent_change,target_class_rate,0.059613106987761545,3,REGISTERED_COMPLETION,-0.10379857001506361,-0.05049152297854106,0.005948537001006096,0.08381229501988824
development_frozen_quintile_target_rate,assessment,arousal,recent_change,target_class_rate,0.37544413738649823,3,UNREGISTERED_LOOP,-0.10379857001506361,-0.05049152297854106,0.005948537001006096,0.08381229501988824
development_frozen_quintile_target_rate,assessment,arousal,recent_change,target_class_rate,0.5649427556257403,3,NO_REGISTERED_COMPLETION,-0.10379857001506361,-0.05049152297854106,0.005948537001006096,0.08381229501988824
development_frozen_quintile_target_rate,assessment,arousal,recent_change,target_class_rate,0.0664349169563538,4,REGISTERED_COMPLETION,-0.10379857001506361,-0.05049152297854106,0.005948537001006096,0.08381229501988824
development_frozen_quintile_target_rate,assessment,arousal,recent_change,target_class_rate,0.3889532638084202,4,UNREGISTERED_LOOP,-0.10379857001506361,-0.05049152297854106,0.005948537001006096,0.08381229501988824
development_frozen_quintile_target_rate,assessment,arousal,recent_change,target_class_rate,0.544611819235226,4,NO_REGISTERED_COMPLETION,-0.10379857001506361,-0.05049152297854106,0.005948537001006096,0.08381229501988824
development_frozen_quintile_target_rate,assessment,arousal,recent_change,target_class_rate,0.04955116696588869,5,REGISTERED_COMPLETION,-0.10379857001506361,-0.05049152297854106,0.005948537001006096,0.08381229501988824
development_frozen_quintile_target_rate,assessment,arousal,recent_change,target_class_rate,0.35834829443447036,5,UNREGISTERED_LOOP,-0.10379857001506361,-0.05049152297854106,0.005948537001006096,0.08381229501988824
development_frozen_quintile_target_rate,assessment,arousal,recent_change,target_class_rate,0.592100538599641,5,NO_REGISTERED_COMPLETION,-0.10379857001506361,-0.05049152297854106,0.005948537001006096,0.08381229501988824
development_frozen_quintile_target_rate,development,arousal,peak_displacement,target_class_rate,0.09553450608930988,1,REGISTERED_COMPLETION,-0.2118747268669019,-0.11503781105140692,-0.04342725059136314,0.0
development_frozen_quintile_target_rate,development,arousal,peak_displacement,target_class_rate,0.35805142083897157,1,UNREGISTERED_LOOP,-0.2118747268669019,-0.11503781105140692,-0.04342725059136314,0.0
development_frozen_quintile_target_rate,development,arousal,peak_displacement,target_class_rate,0.5464140730717185,1,NO_REGISTERED_COMPLETION,-0.2118747268669019,-0.11503781105140692,-0.04342725059136314,0.0
development_frozen_quintile_target_rate,development,arousal,peak_displacement,target_class_rate,0.0925575101488498,2,REGISTERED_COMPLETION,-0.2118747268669019,-0.11503781105140692,-0.04342725059136314,0.0
development_frozen_quintile_target_rate,development,arousal,peak_displacement,target_class_rate,0.39918809201623817,2,UNREGISTERED_LOOP,-0.2118747268669019,-0.11503781105140692,-0.04342725059136314,0.0
development_frozen_quintile_target_rate,development,arousal,peak_displacement,target_class_rate,0.508254397834912,2,NO_REGISTERED_COMPLETION,-0.2118747268669019,-0.11503781105140692,-0.04342725059136314,0.0
development_frozen_quintile_target_rate,development,arousal,peak_displacement,target_class_rate,0.07661072008662696,3,REGISTERED_COMPLETION,-0.2118747268669019,-0.11503781105140692,-0.04342725059136314,0.0
development_frozen_quintile_target_rate,development,arousal,peak_displacement,target_class_rate,0.40362750406063885,3,UNREGISTERED_LOOP,-0.2118747268669019,-0.11503781105140692,-0.04342725059136314,0.0
development_frozen_quintile_target_rate,development,arousal,peak_displacement,target_class_rate,0.5197617758527342,3,NO_REGISTERED_COMPLETION,-0.2118747268669019,-0.11503781105140692,-0.04342725059136314,0.0
development_frozen_quintile_target_rate,development,arousal,peak_displacement,target_class_rate,0.07071713147410359,4,REGISTERED_COMPLETION,-0.2118747268669019,-0.11503781105140692,-0.04342725059136314,0.0
development_frozen_quintile_target_rate,development,arousal,peak_displacement,target_class_rate,0.398406374501992,4,UNREGISTERED_LOOP,-0.2118747268669019,-0.11503781105140692,-0.04342725059136314,0.0
development_frozen_quintile_target_rate,development,arousal,peak_displacement,target_class_rate,0.5308764940239044,4,NO_REGISTERED_COMPLETION,-0.2118747268669019,-0.11503781105140692,-0.04342725059136314,0.0
development_frozen_quintile_target_rate,development,arousal,peak_displacement,target_class_rate,0.05667038275733928,5,REGISTERED_COMPLETION,-0.2118747268669019,-0.11503781105140692,-0.04342725059136314,0.0
development_frozen_quintile_target_rate,development,arousal,peak_displacement,target_class_rate,0.3963210702341137,5,UNREGISTERED_LOOP,-0.2118747268669019,-0.11503781105140692,-0.04342725059136314,0.0
development_frozen_quintile_target_rate,development,arousal,peak_displacement,target_class_rate,0.5470085470085471,5,NO_REGISTERED_COMPLETION,-0.2118747268669019,-0.11503781105140692,-0.04342725059136314,0.0
development_frozen_quintile_target_rate,assessment,arousal,peak_displacement,target_class_rate,0.06752554420257663,1,REGISTERED_COMPLETION,-0.2118747268669019,-0.11503781105140692,-0.04342725059136314,0.0
development_frozen_quintile_target_rate,assessment,arousal,peak_displacement,target_class_rate,0.3029764549089294,1,UNREGISTERED_LOOP,-0.2118747268669019,-0.11503781105140692,-0.04342725059136314,0.0
development_frozen_quintile_target_rate,assessment,arousal,peak_displacement,target_class_rate,0.6294980008884941,1,NO_REGISTERED_COMPLETION,-0.2118747268669019,-0.11503781105140692,-0.04342725059136314,0.0
development_frozen_quintile_target_rate,assessment,arousal,peak_displacement,target_class_rate,0.07271963009667928,2,REGISTERED_COMPLETION,-0.2118747268669019,-0.11503781105140692,-0.04342725059136314,0.0
development_frozen_quintile_target_rate,assessment,arousal,peak_displacement,target_class_rate,0.35855401429171924,2,UNREGISTERED_LOOP,-0.2118747268669019,-0.11503781105140692,-0.04342725059136314,0.0
development_frozen_quintile_target_rate,assessment,arousal,peak_displacement,target_class_rate,0.5687263556116016,2,NO_REGISTERED_COMPLETION,-0.2118747268669019,-0.11503781105140692,-0.04342725059136314,0.0
development_frozen_quintile_target_rate,assessment,arousal,peak_displacement,target_class_rate,0.06672333191670209,3,REGISTERED_COMPLETION,-0.2118747268669019,-0.11503781105140692,-0.04342725059136314,0.0
development_frozen_quintile_target_rate,assessment,arousal,peak_displacement,target_class_rate,0.3671908202294943,3,UNREGISTERED_LOOP,-0.2118747268669019,-0.11503781105140692,-0.04342725059136314,0.0
development_frozen_quintile_target_rate,assessment,arousal,peak_displacement,target_class_rate,0.5660858478538037,3,NO_REGISTERED_COMPLETION,-0.2118747268669019,-0.11503781105140692,-0.04342725059136314,0.0
development_frozen_quintile_target_rate,assessment,arousal,peak_displacement,target_class_rate,0.06083916083916084,4,REGISTERED_COMPLETION,-0.2118747268669019,-0.11503781105140692,-0.04342725059136314,0.0
development_frozen_quintile_target_rate,assessment,arousal,peak_displacement,target_class_rate,0.37272727272727274,4,UNREGISTERED_LOOP,-0.2118747268669019,-0.11503781105140692,-0.04342725059136314,0.0
development_frozen_quintile_target_rate,assessment,arousal,peak_displacement,target_class_rate,0.5664335664335665,4,NO_REGISTERED_COMPLETION,-0.2118747268669019,-0.11503781105140692,-0.04342725059136314,0.0
development_frozen_quintile_target_rate,assessment,arousal,peak_displacement,target_class_rate,0.05763546798029557,5,REGISTERED_COMPLETION,-0.2118747268669019,-0.11503781105140692,-0.04342725059136314,0.0
development_frozen_quintile_target_rate,assessment,arousal,peak_displacement,target_class_rate,0.3724137931034483,5,UNREGISTERED_LOOP,-0.2118747268669019,-0.11503781105140692,-0.04342725059136314,0.0
development_frozen_quintile_target_rate,assessment,arousal,peak_displacement,target_class_rate,0.5699507389162561,5,NO_REGISTERED_COMPLETION,-0.2118747268669019,-0.11503781105140692,-0.04342725059136314,0.0
development_frozen_quintile_target_rate,development,conviction,change,target_class_rate,0.06982408660351827,1,REGISTERED_COMPLETION,-0.5228527474447764,-0.11988371023415516,0.21331833275547696,0.6105041972474908
development_frozen_quintile_target_rate,development,conviction,change,target_class_rate,0.40622462787550745,1,UNREGISTERED_LOOP,-0.5228527474447764,-0.11988371023415516,0.21331833275547696,0.6105041972474908
development_frozen_quintile_target_rate,development,conviction,change,target_class_rate,0.5239512855209743,1,NO_REGISTERED_COMPLETION,-0.5228527474447764,-0.11988371023415516,0.21331833275547696,0.6105041972474908
development_frozen_quintile_target_rate,development,conviction,change,target_class_rate,0.0817320703653586,2,REGISTERED_COMPLETION,-0.5228527474447764,-0.11988371023415516,0.21331833275547696,0.6105041972474908
development_frozen_quintile_target_rate,development,conviction,change,target_class_rate,0.40920162381596753,2,UNREGISTERED_LOOP,-0.5228527474447764,-0.11988371023415516,0.21331833275547696,0.6105041972474908
development_frozen_quintile_target_rate,development,conviction,change,target_class_rate,0.5090663058186738,2,NO_REGISTERED_COMPLETION,-0.5228527474447764,-0.11988371023415516,0.21331833275547696,0.6105041972474908
development_frozen_quintile_target_rate,development,conviction,change,target_class_rate,0.09041689225771521,3,REGISTERED_COMPLETION,-0.5228527474447764,-0.11988371023415516,0.21331833275547696,0.6105041972474908
development_frozen_quintile_target_rate,development,conviction,change,target_class_rate,0.39171629669734703,3,UNREGISTERED_LOOP,-0.5228527474447764,-0.11988371023415516,0.21331833275547696,0.6105041972474908
development_frozen_quintile_target_rate,development,conviction,change,target_class_rate,0.5178668110449377,3,NO_REGISTERED_COMPLETION,-0.5228527474447764,-0.11988371023415516,0.21331833275547696,0.6105041972474908
development_frozen_quintile_target_rate,development,conviction,change,target_class_rate,0.07794316644113668,4,REGISTERED_COMPLETION,-0.5228527474447764,-0.11988371023415516,0.21331833275547696,0.6105041972474908
development_frozen_quintile_target_rate,development,conviction,change,target_class_rate,0.39242219215155616,4,UNREGISTERED_LOOP,-0.5228527474447764,-0.11988371023415516,0.21331833275547696,0.6105041972474908
development_frozen_quintile_target_rate,development,conviction,change,target_class_rate,0.5296346414073072,4,NO_REGISTERED_COMPLETION,-0.5228527474447764,-0.11988371023415516,0.21331833275547696,0.6105041972474908
development_frozen_quintile_target_rate,development,conviction,change,target_class_rate,0.06576454668470906,5,REGISTERED_COMPLETION,-0.5228527474447764,-0.11988371023415516,0.21331833275547696,0.6105041972474908
development_frozen_quintile_target_rate,development,conviction,change,target_class_rate,0.3550744248985115,5,UNREGISTERED_LOOP,-0.5228527474447764,-0.11988371023415516,0.21331833275547696,0.6105041972474908
development_frozen_quintile_target_rate,development,conviction,change,target_class_rate,0.5791610284167794,5,NO_REGISTERED_COMPLETION,-0.5228527474447764,-0.11988371023415516,0.21331833275547696,0.6105041972474908
development_frozen_quintile_target_rate,assessment,conviction,change,target_class_rate,0.061936495491963936,1,REGISTERED_COMPLETION,-0.5228527474447764,-0.11988371023415516,0.21331833275547696,0.6105041972474908
development_frozen_quintile_target_rate,assessment,conviction,change,target_class_rate,0.33045864366914934,1,UNREGISTERED_LOOP,-0.5228527474447764,-0.11988371023415516,0.21331833275547696,0.6105041972474908
development_frozen_quintile_target_rate,assessment,conviction,change,target_class_rate,0.6076048608388868,1,NO_REGISTERED_COMPLETION,-0.5228527474447764,-0.11988371023415516,0.21331833275547696,0.6105041972474908
development_frozen_quintile_target_rate,assessment,conviction,change,target_class_rate,0.0699604743083004,2,REGISTERED_COMPLETION,-0.5228527474447764,-0.11988371023415516,0.21331833275547696,0.6105041972474908
development_frozen_quintile_target_rate,assessment,conviction,change,target_class_rate,0.37707509881422924,2,UNREGISTERED_LOOP,-0.5228527474447764,-0.11988371023415516,0.21331833275547696,0.6105041972474908
development_frozen_quintile_target_rate,assessment,conviction,change,target_class_rate,0.5529644268774704,2,NO_REGISTERED_COMPLETION,-0.5228527474447764,-0.11988371023415516,0.21331833275547696,0.6105041972474908
development_frozen_quintile_target_rate,assessment,conviction,change,target_class_rate,0.05825242718446602,3,REGISTERED_COMPLETION,-0.5228527474447764,-0.11988371023415516,0.21331833275547696,0.6105041972474908
development_frozen_quintile_target_rate,assessment,conviction,change,target_class_rate,0.39257070493879276,3,UNREGISTERED_LOOP,-0.5228527474447764,-0.11988371023415516,0.21331833275547696,0.6105041972474908
development_frozen_quintile_target_rate,assessment,conviction,change,target_class_rate,0.5491768678767412,3,NO_REGISTERED_COMPLETION,-0.5228527474447764,-0.11988371023415516,0.21331833275547696,0.6105041972474908
development_frozen_quintile_target_rate,assessment,conviction,change,target_class_rate,0.06869600987248047,4,REGISTERED_COMPLETION,-0.5228527474447764,-0.11988371023415516,0.21331833275547696,0.6105041972474908
development_frozen_quintile_target_rate,assessment,conviction,change,target_class_rate,0.36569313039901274,4,UNREGISTERED_LOOP,-0.5228527474447764,-0.11988371023415516,0.21331833275547696,0.6105041972474908
development_frozen_quintile_target_rate,assessment,conviction,change,target_class_rate,0.5656108597285068,4,NO_REGISTERED_COMPLETION,-0.5228527474447764,-0.11988371023415516,0.21331833275547696,0.6105041972474908
development_frozen_quintile_target_rate,assessment,conviction,change,target_class_rate,0.0628858024691358,5,REGISTERED_COMPLETION,-0.5228527474447764,-0.11988371023415516,0.21331833275547696,0.6105041972474908
development_frozen_quintile_target_rate,assessment,conviction,change,target_class_rate,0.3194444444444444,5,UNREGISTERED_LOOP,-0.5228527474447764,-0.11988371023415516,0.21331833275547696,0.6105041972474908
development_frozen_quintile_target_rate,assessment,conviction,change,target_class_rate,0.6176697530864198,5,NO_REGISTERED_COMPLETION,-0.5228527474447764,-0.11988371023415516,0.21331833275547696,0.6105041972474908
development_frozen_quintile_target_rate,development,conviction,acceleration,target_class_rate,0.07334235453315291,1,REGISTERED_COMPLETION,-0.7399882243693666,-0.20394222071723592,0.2438136765609207,0.7710158160053604
development_frozen_quintile_target_rate,development,conviction,acceleration,target_class_rate,0.39079837618403246,1,UNREGISTERED_LOOP,-0.7399882243693666,-0.20394222071723592,0.2438136765609207,0.7710158160053604
development_frozen_quintile_target_rate,development,conviction,acceleration,target_class_rate,0.5358592692828146,1,NO_REGISTERED_COMPLETION,-0.7399882243693666,-0.20394222071723592,0.2438136765609207,0.7710158160053604
development_frozen_quintile_target_rate,development,conviction,acceleration,target_class_rate,0.09039242219215156,2,REGISTERED_COMPLETION,-0.7399882243693666,-0.20394222071723592,0.2438136765609207,0.7710158160053604
development_frozen_quintile_target_rate,development,conviction,acceleration,target_class_rate,0.38863328822733423,2,UNREGISTERED_LOOP,-0.7399882243693666,-0.20394222071723592,0.2438136765609207,0.7710158160053604
development_frozen_quintile_target_rate,development,conviction,acceleration,target_class_rate,0.5209742895805142,2,NO_REGISTERED_COMPLETION,-0.7399882243693666,-0.20394222071723592,0.2438136765609207,0.7710158160053604
development_frozen_quintile_target_rate,development,conviction,acceleration,target_class_rate,0.07282079047103411,3,REGISTERED_COMPLETION,-0.7399882243693666,-0.20394222071723592,0.2438136765609207,0.7710158160053604
development_frozen_quintile_target_rate,development,conviction,acceleration,target_class_rate,0.3876556578234976,3,UNREGISTERED_LOOP,-0.7399882243693666,-0.20394222071723592,0.2438136765609207,0.7710158160053604
development_frozen_quintile_target_rate,development,conviction,acceleration,target_class_rate,0.5395235517054683,3,NO_REGISTERED_COMPLETION,-0.7399882243693666,-0.20394222071723592,0.2438136765609207,0.7710158160053604
development_frozen_quintile_target_rate,development,conviction,acceleration,target_class_rate,0.08064952638700948,4,REGISTERED_COMPLETION,-0.7399882243693666,-0.20394222071723592,0.2438136765609207,0.7710158160053604
development_frozen_quintile_target_rate,development,conviction,acceleration,target_class_rate,0.3956698240866035,4,UNREGISTERED_LOOP,-0.7399882243693666,-0.20394222071723592,0.2438136765609207,0.7710158160053604
development_frozen_quintile_target_rate,development,conviction,acceleration,target_class_rate,0.523680649526387,4,NO_REGISTERED_COMPLETION,-0.7399882243693666,-0.20394222071723592,0.2438136765609207,0.7710158160053604
development_frozen_quintile_target_rate,development,conviction,acceleration,target_class_rate,0.06847090663058186,5,REGISTERED_COMPLETION,-0.7399882243693666,-0.20394222071723592,0.2438136765609207,0.7710158160053604
development_frozen_quintile_target_rate,development,conviction,acceleration,target_class_rate,0.3918809201623816,5,UNREGISTERED_LOOP,-0.7399882243693666,-0.20394222071723592,0.2438136765609207,0.7710158160053604
development_frozen_quintile_target_rate,development,conviction,acceleration,target_class_rate,0.5396481732070365,5,NO_REGISTERED_COMPLETION,-0.7399882243693666,-0.20394222071723592,0.2438136765609207,0.7710158160053604
development_frozen_quintile_target_rate,assessment,conviction,acceleration,target_class_rate,0.07195121951219512,1,REGISTERED_COMPLETION,-0.7399882243693666,-0.20394222071723592,0.2438136765609207,0.7710158160053604
development_frozen_quintile_target_rate,assessment,conviction,acceleration,target_class_rate,0.34512195121951217,1,UNREGISTERED_LOOP,-0.7399882243693666,-0.20394222071723592,0.2438136765609207,0.7710158160053604
development_frozen_quintile_target_rate,assessment,conviction,acceleration,target_class_rate,0.5829268292682926,1,NO_REGISTERED_COMPLETION,-0.7399882243693666,-0.20394222071723592,0.2438136765609207,0.7710158160053604
development_frozen_quintile_target_rate,assessment,conviction,acceleration,target_class_rate,0.060727127447063524,2,REGISTERED_COMPLETION,-0.7399882243693666,-0.20394222071723592,0.2438136765609207,0.7710158160053604
development_frozen_quintile_target_rate,assessment,conviction,acceleration,target_class_rate,0.3471833799440671,2,UNREGISTERED_LOOP,-0.7399882243693666,-0.20394222071723592,0.2438136765609207,0.7710158160053604
development_frozen_quintile_target_rate,assessment,conviction,acceleration,target_class_rate,0.5920894926088693,2,NO_REGISTERED_COMPLETION,-0.7399882243693666,-0.20394222071723592,0.2438136765609207,0.7710158160053604
development_frozen_quintile_target_rate,assessment,conviction,acceleration,target_class_rate,0.0675189772273272,3,REGISTERED_COMPLETION,-0.7399882243693666,-0.20394222071723592,0.2438136765609207,0.7710158160053604
development_frozen_quintile_target_rate,assessment,conviction,acceleration,target_class_rate,0.35157810627247305,3,UNREGISTERED_LOOP,-0.7399882243693666,-0.20394222071723592,0.2438136765609207,0.7710158160053604
development_frozen_quintile_target_rate,assessment,conviction,acceleration,target_class_rate,0.5809029165001998,3,NO_REGISTERED_COMPLETION,-0.7399882243693666,-0.20394222071723592,0.2438136765609207,0.7710158160053604
development_frozen_quintile_target_rate,assessment,conviction,acceleration,target_class_rate,0.06569054214483577,4,REGISTERED_COMPLETION,-0.7399882243693666,-0.20394222071723592,0.2438136765609207,0.7710158160053604
development_frozen_quintile_target_rate,assessment,conviction,acceleration,target_class_rate,0.3767313019390582,4,UNREGISTERED_LOOP,-0.7399882243693666,-0.20394222071723592,0.2438136765609207,0.7710158160053604
development_frozen_quintile_target_rate,assessment,conviction,acceleration,target_class_rate,0.557578155916106,4,NO_REGISTERED_COMPLETION,-0.7399882243693666,-0.20394222071723592,0.2438136765609207,0.7710158160053604
development_frozen_quintile_target_rate,assessment,conviction,acceleration,target_class_rate,0.05604838709677419,5,REGISTERED_COMPLETION,-0.7399882243693666,-0.20394222071723592,0.2438136765609207,0.7710158160053604
development_frozen_quintile_target_rate,assessment,conviction,acceleration,target_class_rate,0.3604838709677419,5,UNREGISTERED_LOOP,-0.7399882243693666,-0.20394222071723592,0.2438136765609207,0.7710158160053604
development_frozen_quintile_target_rate,assessment,conviction,acceleration,target_class_rate,0.5834677419354839,5,NO_REGISTERED_COMPLETION,-0.7399882243693666,-0.20394222071723592,0.2438136765609207,0.7710158160053604
development_frozen_quintile_target_rate,development,conviction,recent_change,target_class_rate,0.07388362652232747,1,REGISTERED_COMPLETION,-0.38156745917591856,-0.08166515255525453,0.14264464527695866,0.4603657744659214
development_frozen_quintile_target_rate,development,conviction,recent_change,target_class_rate,0.3959404600811908,1,UNREGISTERED_LOOP,-0.38156745917591856,-0.08166515255525453,0.14264464527695866,0.4603657744659214
development_frozen_quintile_target_rate,development,conviction,recent_change,target_class_rate,0.5301759133964817,1,NO_REGISTERED_COMPLETION,-0.38156745917591856,-0.08166515255525453,0.14264464527695866,0.4603657744659214
development_frozen_quintile_target_rate,development,conviction,recent_change,target_class_rate,0.08606224627875507,2,REGISTERED_COMPLETION,-0.38156745917591856,-0.08166515255525453,0.14264464527695866,0.4603657744659214
development_frozen_quintile_target_rate,development,conviction,recent_change,target_class_rate,0.4110960757780785,2,UNREGISTERED_LOOP,-0.38156745917591856,-0.08166515255525453,0.14264464527695866,0.4603657744659214
development_frozen_quintile_target_rate,development,conviction,recent_change,target_class_rate,0.5028416779431665,2,NO_REGISTERED_COMPLETION,-0.38156745917591856,-0.08166515255525453,0.14264464527695866,0.4603657744659214
development_frozen_quintile_target_rate,development,conviction,recent_change,target_class_rate,0.08067135896047645,3,REGISTERED_COMPLETION,-0.38156745917591856,-0.08166515255525453,0.14264464527695866,0.4603657744659214
development_frozen_quintile_target_rate,development,conviction,recent_change,target_class_rate,0.38603140227395777,3,UNREGISTERED_LOOP,-0.38156745917591856,-0.08166515255525453,0.14264464527695866,0.4603657744659214
development_frozen_quintile_target_rate,development,conviction,recent_change,target_class_rate,0.5332972387655658,3,NO_REGISTERED_COMPLETION,-0.38156745917591856,-0.08166515255525453,0.14264464527695866,0.4603657744659214
development_frozen_quintile_target_rate,development,conviction,recent_change,target_class_rate,0.08281461434370771,4,REGISTERED_COMPLETION,-0.38156745917591856,-0.08166515255525453,0.14264464527695866,0.4603657744659214
development_frozen_quintile_target_rate,development,conviction,recent_change,target_class_rate,0.4124492557510149,4,UNREGISTERED_LOOP,-0.38156745917591856,-0.08166515255525453,0.14264464527695866,0.4603657744659214
development_frozen_quintile_target_rate,development,conviction,recent_change,target_class_rate,0.5047361299052774,4,NO_REGISTERED_COMPLETION,-0.38156745917591856,-0.08166515255525453,0.14264464527695866,0.4603657744659214
development_frozen_quintile_target_rate,development,conviction,recent_change,target_class_rate,0.06224627875507442,5,REGISTERED_COMPLETION,-0.38156745917591856,-0.08166515255525453,0.14264464527695866,0.4603657744659214
development_frozen_quintile_target_rate,development,conviction,recent_change,target_class_rate,0.3491204330175913,5,UNREGISTERED_LOOP,-0.38156745917591856,-0.08166515255525453,0.14264464527695866,0.4603657744659214
development_frozen_quintile_target_rate,development,conviction,recent_change,target_class_rate,0.5886332882273342,5,NO_REGISTERED_COMPLETION,-0.38156745917591856,-0.08166515255525453,0.14264464527695866,0.4603657744659214
development_frozen_quintile_target_rate,assessment,conviction,recent_change,target_class_rate,0.06285714285714286,1,REGISTERED_COMPLETION,-0.38156745917591856,-0.08166515255525453,0.14264464527695866,0.4603657744659214
development_frozen_quintile_target_rate,assessment,conviction,recent_change,target_class_rate,0.3333333333333333,1,UNREGISTERED_LOOP,-0.38156745917591856,-0.08166515255525453,0.14264464527695866,0.4603657744659214
development_frozen_quintile_target_rate,assessment,conviction,recent_change,target_class_rate,0.6038095238095238,1,NO_REGISTERED_COMPLETION,-0.38156745917591856,-0.08166515255525453,0.14264464527695866,0.4603657744659214
development_frozen_quintile_target_rate,assessment,conviction,recent_change,target_class_rate,0.07724425887265135,2,REGISTERED_COMPLETION,-0.38156745917591856,-0.08166515255525453,0.14264464527695866,0.4603657744659214
development_frozen_quintile_target_rate,assessment,conviction,recent_change,target_class_rate,0.36910229645093945,2,UNREGISTERED_LOOP,-0.38156745917591856,-0.08166515255525453,0.14264464527695866,0.4603657744659214
development_frozen_quintile_target_rate,assessment,conviction,recent_change,target_class_rate,0.5536534446764092,2,NO_REGISTERED_COMPLETION,-0.38156745917591856,-0.08166515255525453,0.14264464527695866,0.4603657744659214
development_frozen_quintile_target_rate,assessment,conviction,recent_change,target_class_rate,0.06853322189720017,3,REGISTERED_COMPLETION,-0.38156745917591856,-0.08166515255525453,0.14264464527695866,0.4603657744659214
development_frozen_quintile_target_rate,assessment,conviction,recent_change,target_class_rate,0.3664855829502716,3,UNREGISTERED_LOOP,-0.38156745917591856,-0.08166515255525453,0.14264464527695866,0.4603657744659214
development_frozen_quintile_target_rate,assessment,conviction,recent_change,target_class_rate,0.5649811951525282,3,NO_REGISTERED_COMPLETION,-0.38156745917591856,-0.08166515255525453,0.14264464527695866,0.4603657744659214
development_frozen_quintile_target_rate,assessment,conviction,recent_change,target_class_rate,0.0620661494487546,4,REGISTERED_COMPLETION,-0.38156745917591856,-0.08166515255525453,0.14264464527695866,0.4603657744659214
development_frozen_quintile_target_rate,assessment,conviction,recent_change,target_class_rate,0.3801551653736219,4,UNREGISTERED_LOOP,-0.38156745917591856,-0.08166515255525453,0.14264464527695866,0.4603657744659214
development_frozen_quintile_target_rate,assessment,conviction,recent_change,target_class_rate,0.5577786851776235,4,NO_REGISTERED_COMPLETION,-0.38156745917591856,-0.08166515255525453,0.14264464527695866,0.4603657744659214
development_frozen_quintile_target_rate,assessment,conviction,recent_change,target_class_rate,0.052470317885867486,5,REGISTERED_COMPLETION,-0.38156745917591856,-0.08166515255525453,0.14264464527695866,0.4603657744659214
development_frozen_quintile_target_rate,assessment,conviction,recent_change,target_class_rate,0.33588663347376485,5,UNREGISTERED_LOOP,-0.38156745917591856,-0.08166515255525453,0.14264464527695866,0.4603657744659214
development_frozen_quintile_target_rate,assessment,conviction,recent_change,target_class_rate,0.6116430486403677,5,NO_REGISTERED_COMPLETION,-0.38156745917591856,-0.08166515255525453,0.14264464527695866,0.4603657744659214
development_frozen_quintile_target_rate,development,conviction,peak_displacement,target_class_rate,0.06955345060893099,1,REGISTERED_COMPLETION,-0.6563625696407669,-0.32816338750920643,-0.062363589350439695,0.0
development_frozen_quintile_target_rate,development,conviction,peak_displacement,target_class_rate,0.3916102841677943,1,UNREGISTERED_LOOP,-0.6563625696407669,-0.32816338750920643,-0.062363589350439695,0.0
development_frozen_quintile_target_rate,development,conviction,peak_displacement,target_class_rate,0.5388362652232747,1,NO_REGISTERED_COMPLETION,-0.6563625696407669,-0.32816338750920643,-0.062363589350439695,0.0
development_frozen_quintile_target_rate,development,conviction,peak_displacement,target_class_rate,0.08389715832205684,2,REGISTERED_COMPLETION,-0.6563625696407669,-0.32816338750920643,-0.062363589350439695,0.0
development_frozen_quintile_target_rate,development,conviction,peak_displacement,target_class_rate,0.4146143437077131,2,UNREGISTERED_LOOP,-0.6563625696407669,-0.32816338750920643,-0.062363589350439695,0.0
development_frozen_quintile_target_rate,development,conviction,peak_displacement,target_class_rate,0.5014884979702301,2,NO_REGISTERED_COMPLETION,-0.6563625696407669,-0.32816338750920643,-0.062363589350439695,0.0
development_frozen_quintile_target_rate,development,conviction,peak_displacement,target_class_rate,0.08419057931781267,3,REGISTERED_COMPLETION,-0.6563625696407669,-0.32816338750920643,-0.062363589350439695,0.0
development_frozen_quintile_target_rate,development,conviction,peak_displacement,target_class_rate,0.41526800216567405,3,UNREGISTERED_LOOP,-0.6563625696407669,-0.32816338750920643,-0.062363589350439695,0.0
development_frozen_quintile_target_rate,development,conviction,peak_displacement,target_class_rate,0.5005414185165132,3,NO_REGISTERED_COMPLETION,-0.6563625696407669,-0.32816338750920643,-0.062363589350439695,0.0
development_frozen_quintile_target_rate,development,conviction,peak_displacement,target_class_rate,0.08265424912689173,4,REGISTERED_COMPLETION,-0.6563625696407669,-0.32816338750920643,-0.062363589350439695,0.0
development_frozen_quintile_target_rate,development,conviction,peak_displacement,target_class_rate,0.3562281722933644,4,UNREGISTERED_LOOP,-0.6563625696407669,-0.32816338750920643,-0.062363589350439695,0.0
development_frozen_quintile_target_rate,development,conviction,peak_displacement,target_class_rate,0.5611175785797439,4,NO_REGISTERED_COMPLETION,-0.6563625696407669,-0.32816338750920643,-0.062363589350439695,0.0
development_frozen_quintile_target_rate,development,conviction,peak_displacement,target_class_rate,0.07288317256162916,5,REGISTERED_COMPLETION,-0.6563625696407669,-0.32816338750920643,-0.062363589350439695,0.0
development_frozen_quintile_target_rate,development,conviction,peak_displacement,target_class_rate,0.3679375287092329,5,UNREGISTERED_LOOP,-0.6563625696407669,-0.32816338750920643,-0.062363589350439695,0.0
development_frozen_quintile_target_rate,development,conviction,peak_displacement,target_class_rate,0.559179298729138,5,NO_REGISTERED_COMPLETION,-0.6563625696407669,-0.32816338750920643,-0.062363589350439695,0.0
development_frozen_quintile_target_rate,assessment,conviction,peak_displacement,target_class_rate,0.062452399086062454,1,REGISTERED_COMPLETION,-0.6563625696407669,-0.32816338750920643,-0.062363589350439695,0.0
development_frozen_quintile_target_rate,assessment,conviction,peak_displacement,target_class_rate,0.3332063975628332,1,UNREGISTERED_LOOP,-0.6563625696407669,-0.32816338750920643,-0.062363589350439695,0.0
development_frozen_quintile_target_rate,assessment,conviction,peak_displacement,target_class_rate,0.6043412033511043,1,NO_REGISTERED_COMPLETION,-0.6563625696407669,-0.32816338750920643,-0.062363589350439695,0.0
development_frozen_quintile_target_rate,assessment,conviction,peak_displacement,target_class_rate,0.07023411371237458,2,REGISTERED_COMPLETION,-0.6563625696407669,-0.32816338750920643,-0.062363589350439695,0.0
development_frozen_quintile_target_rate,assessment,conviction,peak_displacement,target_class_rate,0.3695652173913043,2,UNREGISTERED_LOOP,-0.6563625696407669,-0.32816338750920643,-0.062363589350439695,0.0
development_frozen_quintile_target_rate,assessment,conviction,peak_displacement,target_class_rate,0.560200668896321,2,NO_REGISTERED_COMPLETION,-0.6563625696407669,-0.32816338750920643,-0.062363589350439695,0.0
development_frozen_quintile_target_rate,assessment,conviction,peak_displacement,target_class_rate,0.0726461038961039,3,REGISTERED_COMPLETION,-0.6563625696407669,-0.32816338750920643,-0.062363589350439695,0.0
development_frozen_quintile_target_rate,assessment,conviction,peak_displacement,target_class_rate,0.37337662337662336,3,UNREGISTERED_LOOP,-0.6563625696407669,-0.32816338750920643,-0.062363589350439695,0.0
development_frozen_quintile_target_rate,assessment,conviction,peak_displacement,target_class_rate,0.5539772727272727,3,NO_REGISTERED_COMPLETION,-0.6563625696407669,-0.32816338750920643,-0.062363589350439695,0.0
development_frozen_quintile_target_rate,assessment,conviction,peak_displacement,target_class_rate,0.07169117647058823,4,REGISTERED_COMPLETION,-0.6563625696407669,-0.32816338750920643,-0.062363589350439695,0.0
development_frozen_quintile_target_rate,assessment,conviction,peak_displacement,target_class_rate,0.39705882352941174,4,UNREGISTERED_LOOP,-0.6563625696407669,-0.32816338750920643,-0.062363589350439695,0.0
development_frozen_quintile_target_rate,assessment,conviction,peak_displacement,target_class_rate,0.53125,4,NO_REGISTERED_COMPLETION,-0.6563625696407669,-0.32816338750920643,-0.062363589350439695,0.0
development_frozen_quintile_target_rate,assessment,conviction,peak_displacement,target_class_rate,0.056892286935012366,5,REGISTERED_COMPLETION,-0.6563625696407669,-0.32816338750920643,-0.062363589350439695,0.0
development_frozen_quintile_target_rate,assessment,conviction,peak_displacement,target_class_rate,0.3483247132898583,5,UNREGISTERED_LOOP,-0.6563625696407669,-0.32816338750920643,-0.062363589350439695,0.0
development_frozen_quintile_target_rate,assessment,conviction,peak_displacement,target_class_rate,0.5947829997751293,5,NO_REGISTERED_COMPLETION,-0.6563625696407669,-0.32816338750920643,-0.062363589350439695,0.0
development_frozen_quintile_target_rate,development,frustration,change,target_class_rate,0.05277401894451962,1,REGISTERED_COMPLETION,-0.5779047016527484,-0.22380275418584863,0.05510761700049925,0.4093440847454274
development_frozen_quintile_target_rate,development,frustration,change,target_class_rate,0.3017591339648173,1,UNREGISTERED_LOOP,-0.5779047016527484,-0.22380275418584863,0.05510761700049925,0.4093440847454274
development_frozen_quintile_target_rate,development,frustration,change,target_class_rate,0.645466847090663,1,NO_REGISTERED_COMPLETION,-0.5779047016527484,-0.22380275418584863,0.05510761700049925,0.4093440847454274
development_frozen_quintile_target_rate,development,frustration,change,target_class_rate,0.089851150202977,2,REGISTERED_COMPLETION,-0.5779047016527484,-0.22380275418584863,0.05510761700049925,0.4093440847454274
development_frozen_quintile_target_rate,development,frustration,change,target_class_rate,0.3889039242219215,2,UNREGISTERED_LOOP,-0.5779047016527484,-0.22380275418584863,0.05510761700049925,0.4093440847454274
development_frozen_quintile_target_rate,development,frustration,change,target_class_rate,0.5212449255751015,2,NO_REGISTERED_COMPLETION,-0.5779047016527484,-0.22380275418584863,0.05510761700049925,0.4093440847454274
development_frozen_quintile_target_rate,development,frustration,change,target_class_rate,0.09014618299945858,3,REGISTERED_COMPLETION,-0.5779047016527484,-0.22380275418584863,0.05510761700049925,0.4093440847454274
development_frozen_quintile_target_rate,development,frustration,change,target_class_rate,0.4323226854358419,3,UNREGISTERED_LOOP,-0.5779047016527484,-0.22380275418584863,0.05510761700049925,0.4093440847454274
development_frozen_quintile_target_rate,development,frustration,change,target_class_rate,0.4775311315646995,3,NO_REGISTERED_COMPLETION,-0.5779047016527484,-0.22380275418584863,0.05510761700049925,0.4093440847454274
development_frozen_quintile_target_rate,development,frustration,change,target_class_rate,0.08633288227334235,4,REGISTERED_COMPLETION,-0.5779047016527484,-0.22380275418584863,0.05510761700049925,0.4093440847454274
development_frozen_quintile_target_rate,development,frustration,change,target_class_rate,0.4305818673883626,4,UNREGISTERED_LOOP,-0.5779047016527484,-0.22380275418584863,0.05510761700049925,0.4093440847454274
development_frozen_quintile_target_rate,development,frustration,change,target_class_rate,0.48308525033829497,4,NO_REGISTERED_COMPLETION,-0.5779047016527484,-0.22380275418584863,0.05510761700049925,0.4093440847454274
development_frozen_quintile_target_rate,development,frustration,change,target_class_rate,0.06657645466847091,5,REGISTERED_COMPLETION,-0.5779047016527484,-0.22380275418584863,0.05510761700049925,0.4093440847454274
development_frozen_quintile_target_rate,development,frustration,change,target_class_rate,0.40108254397834914,5,UNREGISTERED_LOOP,-0.5779047016527484,-0.22380275418584863,0.05510761700049925,0.4093440847454274
development_frozen_quintile_target_rate,development,frustration,change,target_class_rate,0.53234100135318,5,NO_REGISTERED_COMPLETION,-0.5779047016527484,-0.22380275418584863,0.05510761700049925,0.4093440847454274
development_frozen_quintile_target_rate,assessment,frustration,change,target_class_rate,0.05657093124456049,1,REGISTERED_COMPLETION,-0.5779047016527484,-0.22380275418584863,0.05510761700049925,0.4093440847454274
development_frozen_quintile_target_rate,assessment,frustration,change,target_class_rate,0.2689295039164491,1,UNREGISTERED_LOOP,-0.5779047016527484,-0.22380275418584863,0.05510761700049925,0.4093440847454274
development_frozen_quintile_target_rate,assessment,frustration,change,target_class_rate,0.6744995648389904,1,NO_REGISTERED_COMPLETION,-0.5779047016527484,-0.22380275418584863,0.05510761700049925,0.4093440847454274
development_frozen_quintile_target_rate,assessment,frustration,change,target_class_rate,0.06388107673764563,2,REGISTERED_COMPLETION,-0.5779047016527484,-0.22380275418584863,0.05510761700049925,0.4093440847454274
development_frozen_quintile_target_rate,assessment,frustration,change,target_class_rate,0.37083165930092404,2,UNREGISTERED_LOOP,-0.5779047016527484,-0.22380275418584863,0.05510761700049925,0.4093440847454274
development_frozen_quintile_target_rate,assessment,frustration,change,target_class_rate,0.5652872639614303,2,NO_REGISTERED_COMPLETION,-0.5779047016527484,-0.22380275418584863,0.05510761700049925,0.4093440847454274
development_frozen_quintile_target_rate,assessment,frustration,change,target_class_rate,0.06832045546970313,3,REGISTERED_COMPLETION,-0.5779047016527484,-0.22380275418584863,0.05510761700049925,0.4093440847454274
development_frozen_quintile_target_rate,assessment,frustration,change,target_class_rate,0.38348922326148843,3,UNREGISTERED_LOOP,-0.5779047016527484,-0.22380275418584863,0.05510761700049925,0.4093440847454274
development_frozen_quintile_target_rate,assessment,frustration,change,target_class_rate,0.5481903212688085,3,NO_REGISTERED_COMPLETION,-0.5779047016527484,-0.22380275418584863,0.05510761700049925,0.4093440847454274
development_frozen_quintile_target_rate,assessment,frustration,change,target_class_rate,0.06896551724137931,4,REGISTERED_COMPLETION,-0.5779047016527484,-0.22380275418584863,0.05510761700049925,0.4093440847454274
development_frozen_quintile_target_rate,assessment,frustration,change,target_class_rate,0.3946360153256705,4,UNREGISTERED_LOOP,-0.5779047016527484,-0.22380275418584863,0.05510761700049925,0.4093440847454274
development_frozen_quintile_target_rate,assessment,frustration,change,target_class_rate,0.5363984674329502,4,NO_REGISTERED_COMPLETION,-0.5779047016527484,-0.22380275418584863,0.05510761700049925,0.4093440847454274
development_frozen_quintile_target_rate,assessment,frustration,change,target_class_rate,0.0634314100114635,5,REGISTERED_COMPLETION,-0.5779047016527484,-0.22380275418584863,0.05510761700049925,0.4093440847454274
development_frozen_quintile_target_rate,assessment,frustration,change,target_class_rate,0.3553687428353076,5,UNREGISTERED_LOOP,-0.5779047016527484,-0.22380275418584863,0.05510761700049925,0.4093440847454274
development_frozen_quintile_target_rate,assessment,frustration,change,target_class_rate,0.5811998471532289,5,NO_REGISTERED_COMPLETION,-0.5779047016527484,-0.22380275418584863,0.05510761700049925,0.4093440847454274
development_frozen_quintile_target_rate,development,frustration,acceleration,target_class_rate,0.0679296346414073,1,REGISTERED_COMPLETION,-0.5265139245472267,-0.11957970530767605,0.2083135078720439,0.6331638707099456
development_frozen_quintile_target_rate,development,frustration,acceleration,target_class_rate,0.40054127198917455,1,UNREGISTERED_LOOP,-0.5265139245472267,-0.11957970530767605,0.2083135078720439,0.6331638707099456
development_frozen_quintile_target_rate,development,frustration,acceleration,target_class_rate,0.5315290933694181,1,NO_REGISTERED_COMPLETION,-0.5265139245472267,-0.11957970530767605,0.2083135078720439,0.6331638707099456
development_frozen_quintile_target_rate,development,frustration,acceleration,target_class_rate,0.08822733423545331,2,REGISTERED_COMPLETION,-0.5265139245472267,-0.11957970530767605,0.2083135078720439,0.6331638707099456
development_frozen_quintile_target_rate,development,frustration,acceleration,target_class_rate,0.40757780784844383,2,UNREGISTERED_LOOP,-0.5265139245472267,-0.11957970530767605,0.2083135078720439,0.6331638707099456
development_frozen_quintile_target_rate,development,frustration,acceleration,target_class_rate,0.5041948579161029,2,NO_REGISTERED_COMPLETION,-0.5265139245472267,-0.11957970530767605,0.2083135078720439,0.6331638707099456
development_frozen_quintile_target_rate,development,frustration,acceleration,target_class_rate,0.09014618299945858,3,REGISTERED_COMPLETION,-0.5265139245472267,-0.11957970530767605,0.2083135078720439,0.6331638707099456
development_frozen_quintile_target_rate,development,frustration,acceleration,target_class_rate,0.40362750406063885,3,UNREGISTERED_LOOP,-0.5265139245472267,-0.11957970530767605,0.2083135078720439,0.6331638707099456
development_frozen_quintile_target_rate,development,frustration,acceleration,target_class_rate,0.5062263129399025,3,NO_REGISTERED_COMPLETION,-0.5265139245472267,-0.11957970530767605,0.2083135078720439,0.6331638707099456
development_frozen_quintile_target_rate,development,frustration,acceleration,target_class_rate,0.07794316644113668,4,REGISTERED_COMPLETION,-0.5265139245472267,-0.11957970530767605,0.2083135078720439,0.6331638707099456
development_frozen_quintile_target_rate,development,frustration,acceleration,target_class_rate,0.4070365358592693,4,UNREGISTERED_LOOP,-0.5265139245472267,-0.11957970530767605,0.2083135078720439,0.6331638707099456
development_frozen_quintile_target_rate,development,frustration,acceleration,target_class_rate,0.515020297699594,4,NO_REGISTERED_COMPLETION,-0.5265139245472267,-0.11957970530767605,0.2083135078720439,0.6331638707099456
development_frozen_quintile_target_rate,development,frustration,acceleration,target_class_rate,0.061434370771312585,5,REGISTERED_COMPLETION,-0.5265139245472267,-0.11957970530767605,0.2083135078720439,0.6331638707099456
development_frozen_quintile_target_rate,development,frustration,acceleration,target_class_rate,0.3358592692828146,5,UNREGISTERED_LOOP,-0.5265139245472267,-0.11957970530767605,0.2083135078720439,0.6331638707099456
development_frozen_quintile_target_rate,development,frustration,acceleration,target_class_rate,0.6027063599458728,5,NO_REGISTERED_COMPLETION,-0.5265139245472267,-0.11957970530767605,0.2083135078720439,0.6331638707099456
development_frozen_quintile_target_rate,assessment,frustration,acceleration,target_class_rate,0.05380794701986755,1,REGISTERED_COMPLETION,-0.5265139245472267,-0.11957970530767605,0.2083135078720439,0.6331638707099456
development_frozen_quintile_target_rate,assessment,frustration,acceleration,target_class_rate,0.3522350993377483,1,UNREGISTERED_LOOP,-0.5265139245472267,-0.11957970530767605,0.2083135078720439,0.6331638707099456
development_frozen_quintile_target_rate,assessment,frustration,acceleration,target_class_rate,0.5939569536423841,1,NO_REGISTERED_COMPLETION,-0.5265139245472267,-0.11957970530767605,0.2083135078720439,0.6331638707099456
development_frozen_quintile_target_rate,assessment,frustration,acceleration,target_class_rate,0.07372039724980901,2,REGISTERED_COMPLETION,-0.5265139245472267,-0.11957970530767605,0.2083135078720439,0.6331638707099456
development_frozen_quintile_target_rate,assessment,frustration,acceleration,target_class_rate,0.38961038961038963,2,UNREGISTERED_LOOP,-0.5265139245472267,-0.11957970530767605,0.2083135078720439,0.6331638707099456
development_frozen_quintile_target_rate,assessment,frustration,acceleration,target_class_rate,0.5366692131398014,2,NO_REGISTERED_COMPLETION,-0.5265139245472267,-0.11957970530767605,0.2083135078720439,0.6331638707099456
development_frozen_quintile_target_rate,assessment,frustration,acceleration,target_class_rate,0.06452889944576405,3,REGISTERED_COMPLETION,-0.5265139245472267,-0.11957970530767605,0.2083135078720439,0.6331638707099456
development_frozen_quintile_target_rate,assessment,frustration,acceleration,target_class_rate,0.37767220902612825,3,UNREGISTERED_LOOP,-0.5265139245472267,-0.11957970530767605,0.2083135078720439,0.6331638707099456
development_frozen_quintile_target_rate,assessment,frustration,acceleration,target_class_rate,0.5577988915281077,3,NO_REGISTERED_COMPLETION,-0.5265139245472267,-0.11957970530767605,0.2083135078720439,0.6331638707099456
development_frozen_quintile_target_rate,assessment,frustration,acceleration,target_class_rate,0.06915963007639726,4,REGISTERED_COMPLETION,-0.5265139245472267,-0.11957970530767605,0.2083135078720439,0.6331638707099456
development_frozen_quintile_target_rate,assessment,frustration,acceleration,target_class_rate,0.34901487736228387,4,UNREGISTERED_LOOP,-0.5265139245472267,-0.11957970530767605,0.2083135078720439,0.6331638707099456
development_frozen_quintile_target_rate,assessment,frustration,acceleration,target_class_rate,0.5818254925613189,4,NO_REGISTERED_COMPLETION,-0.5265139245472267,-0.11957970530767605,0.2083135078720439,0.6331638707099456
development_frozen_quintile_target_rate,assessment,frustration,acceleration,target_class_rate,0.05976916735366859,5,REGISTERED_COMPLETION,-0.5265139245472267,-0.11957970530767605,0.2083135078720439,0.6331638707099456
development_frozen_quintile_target_rate,assessment,frustration,acceleration,target_class_rate,0.30956306677658696,5,UNREGISTERED_LOOP,-0.5265139245472267,-0.11957970530767605,0.2083135078720439,0.6331638707099456
development_frozen_quintile_target_rate,assessment,frustration,acceleration,target_class_rate,0.6306677658697445,5,NO_REGISTERED_COMPLETION,-0.5265139245472267,-0.11957970530767605,0.2083135078720439,0.6331638707099456
development_frozen_quintile_target_rate,development,frustration,recent_change,target_class_rate,0.0557510148849797,1,REGISTERED_COMPLETION,-0.32678130903177244,-0.11812986250618068,0.05770737350998646,0.2965181456552592
development_frozen_quintile_target_rate,development,frustration,recent_change,target_class_rate,0.3404600811907984,1,UNREGISTERED_LOOP,-0.32678130903177244,-0.11812986250618068,0.05770737350998646,0.2965181456552592
development_frozen_quintile_target_rate,development,frustration,recent_change,target_class_rate,0.6037889039242219,1,NO_REGISTERED_COMPLETION,-0.32678130903177244,-0.11812986250618068,0.05770737350998646,0.2965181456552592
development_frozen_quintile_target_rate,development,frustration,recent_change,target_class_rate,0.09445196211096075,2,REGISTERED_COMPLETION,-0.32678130903177244,-0.11812986250618068,0.05770737350998646,0.2965181456552592
development_frozen_quintile_target_rate,development,frustration,recent_change,target_class_rate,0.3997293640054127,2,UNREGISTERED_LOOP,-0.32678130903177244,-0.11812986250618068,0.05770737350998646,0.2965181456552592
development_frozen_quintile_target_rate,development,frustration,recent_change,target_class_rate,0.5058186738836266,2,NO_REGISTERED_COMPLETION,-0.32678130903177244,-0.11812986250618068,0.05770737350998646,0.2965181456552592
development_frozen_quintile_target_rate,development,frustration,recent_change,target_class_rate,0.08987547374120194,3,REGISTERED_COMPLETION,-0.32678130903177244,-0.11812986250618068,0.05770737350998646,0.2965181456552592
development_frozen_quintile_target_rate,development,frustration,recent_change,target_class_rate,0.41445587439090414,3,UNREGISTERED_LOOP,-0.32678130903177244,-0.11812986250618068,0.05770737350998646,0.2965181456552592
development_frozen_quintile_target_rate,development,frustration,recent_change,target_class_rate,0.4956686518678939,3,NO_REGISTERED_COMPLETION,-0.32678130903177244,-0.11812986250618068,0.05770737350998646,0.2965181456552592
development_frozen_quintile_target_rate,development,frustration,recent_change,target_class_rate,0.08308525033829499,4,REGISTERED_COMPLETION,-0.32678130903177244,-0.11812986250618068,0.05770737350998646,0.2965181456552592
development_frozen_quintile_target_rate,development,frustration,recent_change,target_class_rate,0.4208389715832206,4,UNREGISTERED_LOOP,-0.32678130903177244,-0.11812986250618068,0.05770737350998646,0.2965181456552592
development_frozen_quintile_target_rate,development,frustration,recent_change,target_class_rate,0.49607577807848446,4,NO_REGISTERED_COMPLETION,-0.32678130903177244,-0.11812986250618068,0.05770737350998646,0.2965181456552592
development_frozen_quintile_target_rate,development,frustration,recent_change,target_class_rate,0.0625169147496617,5,REGISTERED_COMPLETION,-0.32678130903177244,-0.11812986250618068,0.05770737350998646,0.2965181456552592
development_frozen_quintile_target_rate,development,frustration,recent_change,target_class_rate,0.37916102841677946,5,UNREGISTERED_LOOP,-0.32678130903177244,-0.11812986250618068,0.05770737350998646,0.2965181456552592
development_frozen_quintile_target_rate,development,frustration,recent_change,target_class_rate,0.5583220568335588,5,NO_REGISTERED_COMPLETION,-0.32678130903177244,-0.11812986250618068,0.05770737350998646,0.2965181456552592
development_frozen_quintile_target_rate,assessment,frustration,recent_change,target_class_rate,0.052478134110787174,1,REGISTERED_COMPLETION,-0.32678130903177244,-0.11812986250618068,0.05770737350998646,0.2965181456552592
development_frozen_quintile_target_rate,assessment,frustration,recent_change,target_class_rate,0.2936276551436901,1,UNREGISTERED_LOOP,-0.32678130903177244,-0.11812986250618068,0.05770737350998646,0.2965181456552592
development_frozen_quintile_target_rate,assessment,frustration,recent_change,target_class_rate,0.6538942107455227,1,NO_REGISTERED_COMPLETION,-0.32678130903177244,-0.11812986250618068,0.05770737350998646,0.2965181456552592
development_frozen_quintile_target_rate,assessment,frustration,recent_change,target_class_rate,0.05999220880405142,2,REGISTERED_COMPLETION,-0.32678130903177244,-0.11812986250618068,0.05770737350998646,0.2965181456552592
development_frozen_quintile_target_rate,assessment,frustration,recent_change,target_class_rate,0.3724191663420335,2,UNREGISTERED_LOOP,-0.32678130903177244,-0.11812986250618068,0.05770737350998646,0.2965181456552592
development_frozen_quintile_target_rate,assessment,frustration,recent_change,target_class_rate,0.567588624853915,2,NO_REGISTERED_COMPLETION,-0.32678130903177244,-0.11812986250618068,0.05770737350998646,0.2965181456552592
development_frozen_quintile_target_rate,assessment,frustration,recent_change,target_class_rate,0.07600341588385995,3,REGISTERED_COMPLETION,-0.32678130903177244,-0.11812986250618068,0.05770737350998646,0.2965181456552592
development_frozen_quintile_target_rate,assessment,frustration,recent_change,target_class_rate,0.4111870196413322,3,UNREGISTERED_LOOP,-0.32678130903177244,-0.11812986250618068,0.05770737350998646,0.2965181456552592
development_frozen_quintile_target_rate,assessment,frustration,recent_change,target_class_rate,0.5128095644748079,3,NO_REGISTERED_COMPLETION,-0.32678130903177244,-0.11812986250618068,0.05770737350998646,0.2965181456552592
development_frozen_quintile_target_rate,assessment,frustration,recent_change,target_class_rate,0.07513555383423702,4,REGISTERED_COMPLETION,-0.32678130903177244,-0.11812986250618068,0.05770737350998646,0.2965181456552592
development_frozen_quintile_target_rate,assessment,frustration,recent_change,target_class_rate,0.37490317583268784,4,UNREGISTERED_LOOP,-0.32678130903177244,-0.11812986250618068,0.05770737350998646,0.2965181456552592
development_frozen_quintile_target_rate,assessment,frustration,recent_change,target_class_rate,0.5499612703330752,4,NO_REGISTERED_COMPLETION,-0.32678130903177244,-0.11812986250618068,0.05770737350998646,0.2965181456552592
development_frozen_quintile_target_rate,assessment,frustration,recent_change,target_class_rate,0.058504455637349864,5,REGISTERED_COMPLETION,-0.32678130903177244,-0.11812986250618068,0.05770737350998646,0.2965181456552592
development_frozen_quintile_target_rate,assessment,frustration,recent_change,target_class_rate,0.3301046106160403,5,UNREGISTERED_LOOP,-0.32678130903177244,-0.11812986250618068,0.05770737350998646,0.2965181456552592
development_frozen_quintile_target_rate,assessment,frustration,recent_change,target_class_rate,0.6113909337466098,5,NO_REGISTERED_COMPLETION,-0.32678130903177244,-0.11812986250618068,0.05770737350998646,0.2965181456552592
development_frozen_quintile_target_rate,development,frustration,peak_displacement,target_class_rate,0.0530446549391069,1,REGISTERED_COMPLETION,-0.628898017054333,-0.33116994202916655,-0.1189234349642068,0.0
development_frozen_quintile_target_rate,development,frustration,peak_displacement,target_class_rate,0.2976995940460081,1,UNREGISTERED_LOOP,-0.628898017054333,-0.33116994202916655,-0.1189234349642068,0.0
development_frozen_quintile_target_rate,development,frustration,peak_displacement,target_class_rate,0.649255751014885,1,NO_REGISTERED_COMPLETION,-0.628898017054333,-0.33116994202916655,-0.1189234349642068,0.0
development_frozen_quintile_target_rate,development,frustration,peak_displacement,target_class_rate,0.08010825439783491,2,REGISTERED_COMPLETION,-0.628898017054333,-0.33116994202916655,-0.1189234349642068,0.0
development_frozen_quintile_target_rate,development,frustration,peak_displacement,target_class_rate,0.3859269282814614,2,UNREGISTERED_LOOP,-0.628898017054333,-0.33116994202916655,-0.1189234349642068,0.0
development_frozen_quintile_target_rate,development,frustration,peak_displacement,target_class_rate,0.5339648173207037,2,NO_REGISTERED_COMPLETION,-0.628898017054333,-0.33116994202916655,-0.1189234349642068,0.0
development_frozen_quintile_target_rate,development,frustration,peak_displacement,target_class_rate,0.09718462371413103,3,REGISTERED_COMPLETION,-0.628898017054333,-0.33116994202916655,-0.1189234349642068,0.0
development_frozen_quintile_target_rate,development,frustration,peak_displacement,target_class_rate,0.4255549539794261,3,UNREGISTERED_LOOP,-0.628898017054333,-0.33116994202916655,-0.1189234349642068,0.0
development_frozen_quintile_target_rate,development,frustration,peak_displacement,target_class_rate,0.4772604223064429,3,NO_REGISTERED_COMPLETION,-0.628898017054333,-0.33116994202916655,-0.1189234349642068,0.0
development_frozen_quintile_target_rate,development,frustration,peak_displacement,target_class_rate,0.08633093525179857,4,REGISTERED_COMPLETION,-0.628898017054333,-0.33116994202916655,-0.1189234349642068,0.0
development_frozen_quintile_target_rate,development,frustration,peak_displacement,target_class_rate,0.437410071942446,4,UNREGISTERED_LOOP,-0.628898017054333,-0.33116994202916655,-0.1189234349642068,0.0
development_frozen_quintile_target_rate,development,frustration,peak_displacement,target_class_rate,0.4762589928057554,4,NO_REGISTERED_COMPLETION,-0.628898017054333,-0.33116994202916655,-0.1189234349642068,0.0
development_frozen_quintile_target_rate,development,frustration,peak_displacement,target_class_rate,0.07426955702167766,5,REGISTERED_COMPLETION,-0.628898017054333,-0.33116994202916655,-0.1189234349642068,0.0
development_frozen_quintile_target_rate,development,frustration,peak_displacement,target_class_rate,0.4169651272384543,5,UNREGISTERED_LOOP,-0.628898017054333,-0.33116994202916655,-0.1189234349642068,0.0
development_frozen_quintile_target_rate,development,frustration,peak_displacement,target_class_rate,0.508765315739868,5,NO_REGISTERED_COMPLETION,-0.628898017054333,-0.33116994202916655,-0.1189234349642068,0.0
development_frozen_quintile_target_rate,assessment,frustration,peak_displacement,target_class_rate,0.05487269534679543,1,REGISTERED_COMPLETION,-0.628898017054333,-0.33116994202916655,-0.1189234349642068,0.0
development_frozen_quintile_target_rate,assessment,frustration,peak_displacement,target_class_rate,0.262071992976295,1,UNREGISTERED_LOOP,-0.628898017054333,-0.33116994202916655,-0.1189234349642068,0.0
development_frozen_quintile_target_rate,assessment,frustration,peak_displacement,target_class_rate,0.6830553116769096,1,NO_REGISTERED_COMPLETION,-0.628898017054333,-0.33116994202916655,-0.1189234349642068,0.0
development_frozen_quintile_target_rate,assessment,frustration,peak_displacement,target_class_rate,0.05952856572113464,2,REGISTERED_COMPLETION,-0.628898017054333,-0.33116994202916655,-0.1189234349642068,0.0
development_frozen_quintile_target_rate,assessment,frustration,peak_displacement,target_class_rate,0.3555733120255693,2,UNREGISTERED_LOOP,-0.628898017054333,-0.33116994202916655,-0.1189234349642068,0.0
development_frozen_quintile_target_rate,assessment,frustration,peak_displacement,target_class_rate,0.5848981222532961,2,NO_REGISTERED_COMPLETION,-0.628898017054333,-0.33116994202916655,-0.1189234349642068,0.0
development_frozen_quintile_target_rate,assessment,frustration,peak_displacement,target_class_rate,0.06648089171974522,3,REGISTERED_COMPLETION,-0.628898017054333,-0.33116994202916655,-0.1189234349642068,0.0
development_frozen_quintile_target_rate,assessment,frustration,peak_displacement,target_class_rate,0.40406050955414013,3,UNREGISTERED_LOOP,-0.628898017054333,-0.33116994202916655,-0.1189234349642068,0.0
development_frozen_quintile_target_rate,assessment,frustration,peak_displacement,target_class_rate,0.5294585987261147,3,NO_REGISTERED_COMPLETION,-0.628898017054333,-0.33116994202916655,-0.1189234349642068,0.0
development_frozen_quintile_target_rate,assessment,frustration,peak_displacement,target_class_rate,0.07917888563049853,4,REGISTERED_COMPLETION,-0.628898017054333,-0.33116994202916655,-0.1189234349642068,0.0
development_frozen_quintile_target_rate,assessment,frustration,peak_displacement,target_class_rate,0.40175953079178883,4,UNREGISTERED_LOOP,-0.628898017054333,-0.33116994202916655,-0.1189234349642068,0.0
development_frozen_quintile_target_rate,assessment,frustration,peak_displacement,target_class_rate,0.5190615835777126,4,NO_REGISTERED_COMPLETION,-0.628898017054333,-0.33116994202916655,-0.1189234349642068,0.0
development_frozen_quintile_target_rate,assessment,frustration,peak_displacement,target_class_rate,0.06656184486373165,5,REGISTERED_COMPLETION,-0.628898017054333,-0.33116994202916655,-0.1189234349642068,0.0
development_frozen_quintile_target_rate,assessment,frustration,peak_displacement,target_class_rate,0.36530398322851154,5,UNREGISTERED_LOOP,-0.628898017054333,-0.33116994202916655,-0.1189234349642068,0.0
development_frozen_quintile_target_rate,assessment,frustration,peak_displacement,target_class_rate,0.5681341719077568,5,NO_REGISTERED_COMPLETION,-0.628898017054333,-0.33116994202916655,-0.1189234349642068,0.0
development_frozen_quintile_target_rate,development,tension,change,target_class_rate,0.0557510148849797,1,REGISTERED_COMPLETION,-0.5411608260412056,-0.13608196168825384,0.16939672155604363,0.5540393584936982
development_frozen_quintile_target_rate,development,tension,change,target_class_rate,0.33667117726657647,1,UNREGISTERED_LOOP,-0.5411608260412056,-0.13608196168825384,0.16939672155604363,0.5540393584936982
development_frozen_quintile_target_rate,development,tension,change,target_class_rate,0.6075778078484438,1,NO_REGISTERED_COMPLETION,-0.5411608260412056,-0.13608196168825384,0.16939672155604363,0.5540393584936982
development_frozen_quintile_target_rate,development,tension,change,target_class_rate,0.08687415426251692,2,REGISTERED_COMPLETION,-0.5411608260412056,-0.13608196168825384,0.16939672155604363,0.5540393584936982
development_frozen_quintile_target_rate,development,tension,change,target_class_rate,0.411637347767253,2,UNREGISTERED_LOOP,-0.5411608260412056,-0.13608196168825384,0.16939672155604363,0.5540393584936982
development_frozen_quintile_target_rate,development,tension,change,target_class_rate,0.5014884979702301,2,NO_REGISTERED_COMPLETION,-0.5411608260412056,-0.13608196168825384,0.16939672155604363,0.5540393584936982
development_frozen_quintile_target_rate,development,tension,change,target_class_rate,0.08337845154304277,3,REGISTERED_COMPLETION,-0.5411608260412056,-0.13608196168825384,0.16939672155604363,0.5540393584936982
development_frozen_quintile_target_rate,development,tension,change,target_class_rate,0.4204114780725501,3,UNREGISTERED_LOOP,-0.5411608260412056,-0.13608196168825384,0.16939672155604363,0.5540393584936982
development_frozen_quintile_target_rate,development,tension,change,target_class_rate,0.4962100703844071,3,NO_REGISTERED_COMPLETION,-0.5411608260412056,-0.13608196168825384,0.16939672155604363,0.5540393584936982
development_frozen_quintile_target_rate,development,tension,change,target_class_rate,0.09039242219215156,4,REGISTERED_COMPLETION,-0.5411608260412056,-0.13608196168825384,0.16939672155604363,0.5540393584936982
development_frozen_quintile_target_rate,development,tension,change,target_class_rate,0.42787550744248987,4,UNREGISTERED_LOOP,-0.5411608260412056,-0.13608196168825384,0.16939672155604363,0.5540393584936982
development_frozen_quintile_target_rate,development,tension,change,target_class_rate,0.4817320703653586,4,NO_REGISTERED_COMPLETION,-0.5411608260412056,-0.13608196168825384,0.16939672155604363,0.5540393584936982
development_frozen_quintile_target_rate,development,tension,change,target_class_rate,0.06928281461434371,5,REGISTERED_COMPLETION,-0.5411608260412056,-0.13608196168825384,0.16939672155604363,0.5540393584936982
development_frozen_quintile_target_rate,development,tension,change,target_class_rate,0.35805142083897157,5,UNREGISTERED_LOOP,-0.5411608260412056,-0.13608196168825384,0.16939672155604363,0.5540393584936982
development_frozen_quintile_target_rate,development,tension,change,target_class_rate,0.5726657645466847,5,NO_REGISTERED_COMPLETION,-0.5411608260412056,-0.13608196168825384,0.16939672155604363,0.5540393584936982
development_frozen_quintile_target_rate,assessment,tension,change,target_class_rate,0.05371723248818221,1,REGISTERED_COMPLETION,-0.5411608260412056,-0.13608196168825384,0.16939672155604363,0.5540393584936982
development_frozen_quintile_target_rate,assessment,tension,change,target_class_rate,0.2896433175762785,1,UNREGISTERED_LOOP,-0.5411608260412056,-0.13608196168825384,0.16939672155604363,0.5540393584936982
development_frozen_quintile_target_rate,assessment,tension,change,target_class_rate,0.6566394499355394,1,NO_REGISTERED_COMPLETION,-0.5411608260412056,-0.13608196168825384,0.16939672155604363,0.5540393584936982
development_frozen_quintile_target_rate,assessment,tension,change,target_class_rate,0.06424581005586592,2,REGISTERED_COMPLETION,-0.5411608260412056,-0.13608196168825384,0.16939672155604363,0.5540393584936982
development_frozen_quintile_target_rate,assessment,tension,change,target_class_rate,0.38427773343974464,2,UNREGISTERED_LOOP,-0.5411608260412056,-0.13608196168825384,0.16939672155604363,0.5540393584936982
development_frozen_quintile_target_rate,assessment,tension,change,target_class_rate,0.5514764565043895,2,NO_REGISTERED_COMPLETION,-0.5411608260412056,-0.13608196168825384,0.16939672155604363,0.5540393584936982
development_frozen_quintile_target_rate,assessment,tension,change,target_class_rate,0.07507621951219512,3,REGISTERED_COMPLETION,-0.5411608260412056,-0.13608196168825384,0.16939672155604363,0.5540393584936982
development_frozen_quintile_target_rate,assessment,tension,change,target_class_rate,0.3948170731707317,3,UNREGISTERED_LOOP,-0.5411608260412056,-0.13608196168825384,0.16939672155604363,0.5540393584936982
development_frozen_quintile_target_rate,assessment,tension,change,target_class_rate,0.5301067073170732,3,NO_REGISTERED_COMPLETION,-0.5411608260412056,-0.13608196168825384,0.16939672155604363,0.5540393584936982
development_frozen_quintile_target_rate,assessment,tension,change,target_class_rate,0.06653306613226453,4,REGISTERED_COMPLETION,-0.5411608260412056,-0.13608196168825384,0.16939672155604363,0.5540393584936982
development_frozen_quintile_target_rate,assessment,tension,change,target_class_rate,0.3855711422845691,4,UNREGISTERED_LOOP,-0.5411608260412056,-0.13608196168825384,0.16939672155604363,0.5540393584936982
development_frozen_quintile_target_rate,assessment,tension,change,target_class_rate,0.5478957915831664,4,NO_REGISTERED_COMPLETION,-0.5411608260412056,-0.13608196168825384,0.16939672155604363,0.5540393584936982
development_frozen_quintile_target_rate,assessment,tension,change,target_class_rate,0.061086870289567635,5,REGISTERED_COMPLETION,-0.5411608260412056,-0.13608196168825384,0.16939672155604363,0.5540393584936982
development_frozen_quintile_target_rate,assessment,tension,change,target_class_rate,0.3209044030146767,5,UNREGISTERED_LOOP,-0.5411608260412056,-0.13608196168825384,0.16939672155604363,0.5540393584936982
development_frozen_quintile_target_rate,assessment,tension,change,target_class_rate,0.6180087266957557,5,NO_REGISTERED_COMPLETION,-0.5411608260412056,-0.13608196168825384,0.16939672155604363,0.5540393584936982
development_frozen_quintile_target_rate,development,tension,acceleration,target_class_rate,0.06576454668470906,1,REGISTERED_COMPLETION,-0.6712429887766002,-0.22142776798612085,0.14580147282508826,0.6505264046663379
development_frozen_quintile_target_rate,development,tension,acceleration,target_class_rate,0.35994587280108253,1,UNREGISTERED_LOOP,-0.6712429887766002,-0.22142776798612085,0.14580147282508826,0.6505264046663379
development_frozen_quintile_target_rate,development,tension,acceleration,target_class_rate,0.5742895805142084,1,NO_REGISTERED_COMPLETION,-0.6712429887766002,-0.22142776798612085,0.14580147282508826,0.6505264046663379
development_frozen_quintile_target_rate,development,tension,acceleration,target_class_rate,0.07929634641407307,2,REGISTERED_COMPLETION,-0.6712429887766002,-0.22142776798612085,0.14580147282508826,0.6505264046663379
development_frozen_quintile_target_rate,development,tension,acceleration,target_class_rate,0.420297699594046,2,UNREGISTERED_LOOP,-0.6712429887766002,-0.22142776798612085,0.14580147282508826,0.6505264046663379
development_frozen_quintile_target_rate,development,tension,acceleration,target_class_rate,0.5004059539918809,2,NO_REGISTERED_COMPLETION,-0.6712429887766002,-0.22142776798612085,0.14580147282508826,0.6505264046663379
development_frozen_quintile_target_rate,development,tension,acceleration,target_class_rate,0.0844612885760693,3,REGISTERED_COMPLETION,-0.6712429887766002,-0.22142776798612085,0.14580147282508826,0.6505264046663379
development_frozen_quintile_target_rate,development,tension,acceleration,target_class_rate,0.41499729290741744,3,UNREGISTERED_LOOP,-0.6712429887766002,-0.22142776798612085,0.14580147282508826,0.6505264046663379
development_frozen_quintile_target_rate,development,tension,acceleration,target_class_rate,0.5005414185165132,3,NO_REGISTERED_COMPLETION,-0.6712429887766002,-0.22142776798612085,0.14580147282508826,0.6505264046663379
development_frozen_quintile_target_rate,development,tension,acceleration,target_class_rate,0.08497970230040595,4,REGISTERED_COMPLETION,-0.6712429887766002,-0.22142776798612085,0.14580147282508826,0.6505264046663379
development_frozen_quintile_target_rate,development,tension,acceleration,target_class_rate,0.4181326116373478,4,UNREGISTERED_LOOP,-0.6712429887766002,-0.22142776798612085,0.14580147282508826,0.6505264046663379
development_frozen_quintile_target_rate,development,tension,acceleration,target_class_rate,0.49688768606224626,4,NO_REGISTERED_COMPLETION,-0.6712429887766002,-0.22142776798612085,0.14580147282508826,0.6505264046663379
development_frozen_quintile_target_rate,development,tension,acceleration,target_class_rate,0.07117726657645466,5,REGISTERED_COMPLETION,-0.6712429887766002,-0.22142776798612085,0.14580147282508826,0.6505264046663379
development_frozen_quintile_target_rate,development,tension,acceleration,target_class_rate,0.3412719891745602,5,UNREGISTERED_LOOP,-0.6712429887766002,-0.22142776798612085,0.14580147282508826,0.6505264046663379
development_frozen_quintile_target_rate,development,tension,acceleration,target_class_rate,0.5875507442489851,5,NO_REGISTERED_COMPLETION,-0.6712429887766002,-0.22142776798612085,0.14580147282508826,0.6505264046663379
development_frozen_quintile_target_rate,assessment,tension,acceleration,target_class_rate,0.05818965517241379,1,REGISTERED_COMPLETION,-0.6712429887766002,-0.22142776798612085,0.14580147282508826,0.6505264046663379
development_frozen_quintile_target_rate,assessment,tension,acceleration,target_class_rate,0.30517241379310345,1,UNREGISTERED_LOOP,-0.6712429887766002,-0.22142776798612085,0.14580147282508826,0.6505264046663379
development_frozen_quintile_target_rate,assessment,tension,acceleration,target_class_rate,0.6366379310344827,1,NO_REGISTERED_COMPLETION,-0.6712429887766002,-0.22142776798612085,0.14580147282508826,0.6505264046663379
development_frozen_quintile_target_rate,assessment,tension,acceleration,target_class_rate,0.06411698537682789,2,REGISTERED_COMPLETION,-0.6712429887766002,-0.22142776798612085,0.14580147282508826,0.6505264046663379
development_frozen_quintile_target_rate,assessment,tension,acceleration,target_class_rate,0.38620172478440196,2,UNREGISTERED_LOOP,-0.6712429887766002,-0.22142776798612085,0.14580147282508826,0.6505264046663379
development_frozen_quintile_target_rate,assessment,tension,acceleration,target_class_rate,0.5496812898387702,2,NO_REGISTERED_COMPLETION,-0.6712429887766002,-0.22142776798612085,0.14580147282508826,0.6505264046663379
development_frozen_quintile_target_rate,assessment,tension,acceleration,target_class_rate,0.05838847800700662,3,REGISTERED_COMPLETION,-0.6712429887766002,-0.22142776798612085,0.14580147282508826,0.6505264046663379
development_frozen_quintile_target_rate,assessment,tension,acceleration,target_class_rate,0.3896457765667575,3,UNREGISTERED_LOOP,-0.6712429887766002,-0.22142776798612085,0.14580147282508826,0.6505264046663379
development_frozen_quintile_target_rate,assessment,tension,acceleration,target_class_rate,0.5519657454262359,3,NO_REGISTERED_COMPLETION,-0.6712429887766002,-0.22142776798612085,0.14580147282508826,0.6505264046663379
development_frozen_quintile_target_rate,assessment,tension,acceleration,target_class_rate,0.07214206437291898,4,REGISTERED_COMPLETION,-0.6712429887766002,-0.22142776798612085,0.14580147282508826,0.6505264046663379
development_frozen_quintile_target_rate,assessment,tension,acceleration,target_class_rate,0.365149833518313,4,UNREGISTERED_LOOP,-0.6712429887766002,-0.22142776798612085,0.14580147282508826,0.6505264046663379
development_frozen_quintile_target_rate,assessment,tension,acceleration,target_class_rate,0.562708102108768,4,NO_REGISTERED_COMPLETION,-0.6712429887766002,-0.22142776798612085,0.14580147282508826,0.6505264046663379
development_frozen_quintile_target_rate,assessment,tension,acceleration,target_class_rate,0.06865401987353206,5,REGISTERED_COMPLETION,-0.6712429887766002,-0.22142776798612085,0.14580147282508826,0.6505264046663379
development_frozen_quintile_target_rate,assessment,tension,acceleration,target_class_rate,0.32429990966576333,5,UNREGISTERED_LOOP,-0.6712429887766002,-0.22142776798612085,0.14580147282508826,0.6505264046663379
development_frozen_quintile_target_rate,assessment,tension,acceleration,target_class_rate,0.6070460704607046,5,NO_REGISTERED_COMPLETION,-0.6712429887766002,-0.22142776798612085,0.14580147282508826,0.6505264046663379
development_frozen_quintile_target_rate,development,tension,recent_change,target_class_rate,0.05953991880920163,1,REGISTERED_COMPLETION,-0.36002911502720575,-0.08766297605035153,0.10576576367044183,0.362018115334295
development_frozen_quintile_target_rate,development,tension,recent_change,target_class_rate,0.3499323410013532,1,UNREGISTERED_LOOP,-0.36002911502720575,-0.08766297605035153,0.10576576367044183,0.362018115334295
development_frozen_quintile_target_rate,development,tension,recent_change,target_class_rate,0.5905277401894452,1,NO_REGISTERED_COMPLETION,-0.36002911502720575,-0.08766297605035153,0.10576576367044183,0.362018115334295
development_frozen_quintile_target_rate,development,tension,recent_change,target_class_rate,0.07983761840324763,2,REGISTERED_COMPLETION,-0.36002911502720575,-0.08766297605035153,0.10576576367044183,0.362018115334295
development_frozen_quintile_target_rate,development,tension,recent_change,target_class_rate,0.41705006765899866,2,UNREGISTERED_LOOP,-0.36002911502720575,-0.08766297605035153,0.10576576367044183,0.362018115334295
development_frozen_quintile_target_rate,development,tension,recent_change,target_class_rate,0.5031123139377537,2,NO_REGISTERED_COMPLETION,-0.36002911502720575,-0.08766297605035153,0.10576576367044183,0.362018115334295
development_frozen_quintile_target_rate,development,tension,recent_change,target_class_rate,0.09068760151597184,3,REGISTERED_COMPLETION,-0.36002911502720575,-0.08766297605035153,0.10576576367044183,0.362018115334295
development_frozen_quintile_target_rate,development,tension,recent_change,target_class_rate,0.4122902003248511,3,UNREGISTERED_LOOP,-0.36002911502720575,-0.08766297605035153,0.10576576367044183,0.362018115334295
development_frozen_quintile_target_rate,development,tension,recent_change,target_class_rate,0.49702219815917703,3,NO_REGISTERED_COMPLETION,-0.36002911502720575,-0.08766297605035153,0.10576576367044183,0.362018115334295
development_frozen_quintile_target_rate,development,tension,recent_change,target_class_rate,0.08335588633288227,4,REGISTERED_COMPLETION,-0.36002911502720575,-0.08766297605035153,0.10576576367044183,0.362018115334295
development_frozen_quintile_target_rate,development,tension,recent_change,target_class_rate,0.42246278755074423,4,UNREGISTERED_LOOP,-0.36002911502720575,-0.08766297605035153,0.10576576367044183,0.362018115334295
development_frozen_quintile_target_rate,development,tension,recent_change,target_class_rate,0.4941813261163735,4,NO_REGISTERED_COMPLETION,-0.36002911502720575,-0.08766297605035153,0.10576576367044183,0.362018115334295
development_frozen_quintile_target_rate,development,tension,recent_change,target_class_rate,0.0722598105548038,5,REGISTERED_COMPLETION,-0.36002911502720575,-0.08766297605035153,0.10576576367044183,0.362018115334295
development_frozen_quintile_target_rate,development,tension,recent_change,target_class_rate,0.35290933694181326,5,UNREGISTERED_LOOP,-0.36002911502720575,-0.08766297605035153,0.10576576367044183,0.362018115334295
development_frozen_quintile_target_rate,development,tension,recent_change,target_class_rate,0.574830852503383,5,NO_REGISTERED_COMPLETION,-0.36002911502720575,-0.08766297605035153,0.10576576367044183,0.362018115334295
development_frozen_quintile_target_rate,assessment,tension,recent_change,target_class_rate,0.05359421522756274,1,REGISTERED_COMPLETION,-0.36002911502720575,-0.08766297605035153,0.10576576367044183,0.362018115334295
development_frozen_quintile_target_rate,assessment,tension,recent_change,target_class_rate,0.2977456401531263,1,UNREGISTERED_LOOP,-0.36002911502720575,-0.08766297605035153,0.10576576367044183,0.362018115334295
development_frozen_quintile_target_rate,assessment,tension,recent_change,target_class_rate,0.648660144619311,1,NO_REGISTERED_COMPLETION,-0.36002911502720575,-0.08766297605035153,0.10576576367044183,0.362018115334295
development_frozen_quintile_target_rate,assessment,tension,recent_change,target_class_rate,0.06099456099456099,2,REGISTERED_COMPLETION,-0.36002911502720575,-0.08766297605035153,0.10576576367044183,0.362018115334295
development_frozen_quintile_target_rate,assessment,tension,recent_change,target_class_rate,0.38733488733488736,2,UNREGISTERED_LOOP,-0.36002911502720575,-0.08766297605035153,0.10576576367044183,0.362018115334295
development_frozen_quintile_target_rate,assessment,tension,recent_change,target_class_rate,0.5516705516705517,2,NO_REGISTERED_COMPLETION,-0.36002911502720575,-0.08766297605035153,0.10576576367044183,0.362018115334295
development_frozen_quintile_target_rate,assessment,tension,recent_change,target_class_rate,0.06690561529271206,3,REGISTERED_COMPLETION,-0.36002911502720575,-0.08766297605035153,0.10576576367044183,0.362018115334295
development_frozen_quintile_target_rate,assessment,tension,recent_change,target_class_rate,0.3859020310633214,3,UNREGISTERED_LOOP,-0.36002911502720575,-0.08766297605035153,0.10576576367044183,0.362018115334295
development_frozen_quintile_target_rate,assessment,tension,recent_change,target_class_rate,0.5471923536439666,3,NO_REGISTERED_COMPLETION,-0.36002911502720575,-0.08766297605035153,0.10576576367044183,0.362018115334295
development_frozen_quintile_target_rate,assessment,tension,recent_change,target_class_rate,0.07537313432835821,4,REGISTERED_COMPLETION,-0.36002911502720575,-0.08766297605035153,0.10576576367044183,0.362018115334295
development_frozen_quintile_target_rate,assessment,tension,recent_change,target_class_rate,0.38283582089552237,4,UNREGISTERED_LOOP,-0.36002911502720575,-0.08766297605035153,0.10576576367044183,0.362018115334295
development_frozen_quintile_target_rate,assessment,tension,recent_change,target_class_rate,0.5417910447761194,4,NO_REGISTERED_COMPLETION,-0.36002911502720575,-0.08766297605035153,0.10576576367044183,0.362018115334295
development_frozen_quintile_target_rate,assessment,tension,recent_change,target_class_rate,0.06364022061943148,5,REGISTERED_COMPLETION,-0.36002911502720575,-0.08766297605035153,0.10576576367044183,0.362018115334295
development_frozen_quintile_target_rate,assessment,tension,recent_change,target_class_rate,0.31904963937208314,5,UNREGISTERED_LOOP,-0.36002911502720575,-0.08766297605035153,0.10576576367044183,0.362018115334295
development_frozen_quintile_target_rate,assessment,tension,recent_change,target_class_rate,0.6173101400084854,5,NO_REGISTERED_COMPLETION,-0.36002911502720575,-0.08766297605035153,0.10576576367044183,0.362018115334295
development_frozen_quintile_target_rate,development,tension,peak_displacement,target_class_rate,0.05764546684709066,1,REGISTERED_COMPLETION,-0.6429599605336328,-0.2911017405973406,-0.05633675045002141,0.0
development_frozen_quintile_target_rate,development,tension,peak_displacement,target_class_rate,0.32178619756427607,1,UNREGISTERED_LOOP,-0.6429599605336328,-0.2911017405973406,-0.05633675045002141,0.0
development_frozen_quintile_target_rate,development,tension,peak_displacement,target_class_rate,0.6205683355886333,1,NO_REGISTERED_COMPLETION,-0.6429599605336328,-0.2911017405973406,-0.05633675045002141,0.0
development_frozen_quintile_target_rate,development,tension,peak_displacement,target_class_rate,0.07307171853856563,2,REGISTERED_COMPLETION,-0.6429599605336328,-0.2911017405973406,-0.05633675045002141,0.0
development_frozen_quintile_target_rate,development,tension,peak_displacement,target_class_rate,0.40487144790257107,2,UNREGISTERED_LOOP,-0.6429599605336328,-0.2911017405973406,-0.05633675045002141,0.0
development_frozen_quintile_target_rate,development,tension,peak_displacement,target_class_rate,0.5220568335588633,2,NO_REGISTERED_COMPLETION,-0.6429599605336328,-0.2911017405973406,-0.05633675045002141,0.0
development_frozen_quintile_target_rate,development,tension,peak_displacement,target_class_rate,0.09068760151597184,3,REGISTERED_COMPLETION,-0.6429599605336328,-0.2911017405973406,-0.05633675045002141,0.0
development_frozen_quintile_target_rate,development,tension,peak_displacement,target_class_rate,0.43069842988630214,3,UNREGISTERED_LOOP,-0.6429599605336328,-0.2911017405973406,-0.05633675045002141,0.0
development_frozen_quintile_target_rate,development,tension,peak_displacement,target_class_rate,0.47861396859772604,3,NO_REGISTERED_COMPLETION,-0.6429599605336328,-0.2911017405973406,-0.05633675045002141,0.0
development_frozen_quintile_target_rate,development,tension,peak_displacement,target_class_rate,0.08996897621509824,4,REGISTERED_COMPLETION,-0.6429599605336328,-0.2911017405973406,-0.05633675045002141,0.0
development_frozen_quintile_target_rate,development,tension,peak_displacement,target_class_rate,0.42295760082730094,4,UNREGISTERED_LOOP,-0.6429599605336328,-0.2911017405973406,-0.05633675045002141,0.0
development_frozen_quintile_target_rate,development,tension,peak_displacement,target_class_rate,0.4870734229576008,4,NO_REGISTERED_COMPLETION,-0.6429599605336328,-0.2911017405973406,-0.05633675045002141,0.0
development_frozen_quintile_target_rate,development,tension,peak_displacement,target_class_rate,0.08095905340183715,5,REGISTERED_COMPLETION,-0.6429599605336328,-0.2911017405973406,-0.05633675045002141,0.0
development_frozen_quintile_target_rate,development,tension,peak_displacement,target_class_rate,0.39498676630857854,5,UNREGISTERED_LOOP,-0.6429599605336328,-0.2911017405973406,-0.05633675045002141,0.0
development_frozen_quintile_target_rate,development,tension,peak_displacement,target_class_rate,0.5240541802895843,5,NO_REGISTERED_COMPLETION,-0.6429599605336328,-0.2911017405973406,-0.05633675045002141,0.0
development_frozen_quintile_target_rate,assessment,tension,peak_displacement,target_class_rate,0.048051948051948054,1,REGISTERED_COMPLETION,-0.6429599605336328,-0.2911017405973406,-0.05633675045002141,0.0
development_frozen_quintile_target_rate,assessment,tension,peak_displacement,target_class_rate,0.2779220779220779,1,UNREGISTERED_LOOP,-0.6429599605336328,-0.2911017405973406,-0.05633675045002141,0.0
development_frozen_quintile_target_rate,assessment,tension,peak_displacement,target_class_rate,0.674025974025974,1,NO_REGISTERED_COMPLETION,-0.6429599605336328,-0.2911017405973406,-0.05633675045002141,0.0
development_frozen_quintile_target_rate,assessment,tension,peak_displacement,target_class_rate,0.07139874739039666,2,REGISTERED_COMPLETION,-0.6429599605336328,-0.2911017405973406,-0.05633675045002141,0.0
development_frozen_quintile_target_rate,assessment,tension,peak_displacement,target_class_rate,0.36701461377870565,2,UNREGISTERED_LOOP,-0.6429599605336328,-0.2911017405973406,-0.05633675045002141,0.0
development_frozen_quintile_target_rate,assessment,tension,peak_displacement,target_class_rate,0.5615866388308977,2,NO_REGISTERED_COMPLETION,-0.6429599605336328,-0.2911017405973406,-0.05633675045002141,0.0
development_frozen_quintile_target_rate,assessment,tension,peak_displacement,target_class_rate,0.06735553004209721,3,REGISTERED_COMPLETION,-0.6429599605336328,-0.2911017405973406,-0.05633675045002141,0.0
development_frozen_quintile_target_rate,assessment,tension,peak_displacement,target_class_rate,0.4018369690011481,3,UNREGISTERED_LOOP,-0.6429599605336328,-0.2911017405973406,-0.05633675045002141,0.0
development_frozen_quintile_target_rate,assessment,tension,peak_displacement,target_class_rate,0.5308075009567547,3,NO_REGISTERED_COMPLETION,-0.6429599605336328,-0.2911017405973406,-0.05633675045002141,0.0
development_frozen_quintile_target_rate,assessment,tension,peak_displacement,target_class_rate,0.07142857142857142,4,REGISTERED_COMPLETION,-0.6429599605336328,-0.2911017405973406,-0.05633675045002141,0.0
development_frozen_quintile_target_rate,assessment,tension,peak_displacement,target_class_rate,0.3905775075987842,4,UNREGISTERED_LOOP,-0.6429599605336328,-0.2911017405973406,-0.05633675045002141,0.0
development_frozen_quintile_target_rate,assessment,tension,peak_displacement,target_class_rate,0.5379939209726444,4,NO_REGISTERED_COMPLETION,-0.6429599605336328,-0.2911017405973406,-0.05633675045002141,0.0
development_frozen_quintile_target_rate,assessment,tension,peak_displacement,target_class_rate,0.06626639982210362,5,REGISTERED_COMPLETION,-0.6429599605336328,-0.2911017405973406,-0.05633675045002141,0.0
development_frozen_quintile_target_rate,assessment,tension,peak_displacement,target_class_rate,0.35935067822993105,5,UNREGISTERED_LOOP,-0.6429599605336328,-0.2911017405973406,-0.05633675045002141,0.0
development_frozen_quintile_target_rate,assessment,tension,peak_displacement,target_class_rate,0.5743829219479654,5,NO_REGISTERED_COMPLETION,-0.6429599605336328,-0.2911017405973406,-0.05633675045002141,0.0
development_frozen_quintile_target_rate,development,signed_pressure,change,target_class_rate,0.06387009472259811,1,REGISTERED_COMPLETION,-0.41534684235556574,-0.12604382722062418,0.12943561910200144,0.42167085186331477
development_frozen_quintile_target_rate,development,signed_pressure,change,target_class_rate,0.44113667117726657,1,UNREGISTERED_LOOP,-0.41534684235556574,-0.12604382722062418,0.12943561910200144,0.42167085186331477
development_frozen_quintile_target_rate,development,signed_pressure,change,target_class_rate,0.4949932341001353,1,NO_REGISTERED_COMPLETION,-0.41534684235556574,-0.12604382722062418,0.12943561910200144,0.42167085186331477
development_frozen_quintile_target_rate,development,signed_pressure,change,target_class_rate,0.08389715832205684,2,REGISTERED_COMPLETION,-0.41534684235556574,-0.12604382722062418,0.12943561910200144,0.42167085186331477
development_frozen_quintile_target_rate,development,signed_pressure,change,target_class_rate,0.4311231393775372,2,UNREGISTERED_LOOP,-0.41534684235556574,-0.12604382722062418,0.12943561910200144,0.42167085186331477
development_frozen_quintile_target_rate,development,signed_pressure,change,target_class_rate,0.48497970230040593,2,NO_REGISTERED_COMPLETION,-0.41534684235556574,-0.12604382722062418,0.12943561910200144,0.42167085186331477
development_frozen_quintile_target_rate,development,signed_pressure,change,target_class_rate,0.08121277747698971,3,REGISTERED_COMPLETION,-0.41534684235556574,-0.12604382722062418,0.12943561910200144,0.42167085186331477
development_frozen_quintile_target_rate,development,signed_pressure,change,target_class_rate,0.40010828370330265,3,UNREGISTERED_LOOP,-0.41534684235556574,-0.12604382722062418,0.12943561910200144,0.42167085186331477
development_frozen_quintile_target_rate,development,signed_pressure,change,target_class_rate,0.5186789388197076,3,NO_REGISTERED_COMPLETION,-0.41534684235556574,-0.12604382722062418,0.12943561910200144,0.42167085186331477
development_frozen_quintile_target_rate,development,signed_pressure,change,target_class_rate,0.09201623815967523,4,REGISTERED_COMPLETION,-0.41534684235556574,-0.12604382722062418,0.12943561910200144,0.42167085186331477
development_frozen_quintile_target_rate,development,signed_pressure,change,target_class_rate,0.3699594046008119,4,UNREGISTERED_LOOP,-0.41534684235556574,-0.12604382722062418,0.12943561910200144,0.42167085186331477
development_frozen_quintile_target_rate,development,signed_pressure,change,target_class_rate,0.5380243572395128,4,NO_REGISTERED_COMPLETION,-0.41534684235556574,-0.12604382722062418,0.12943561910200144,0.42167085186331477
development_frozen_quintile_target_rate,development,signed_pressure,change,target_class_rate,0.06468200270635995,5,REGISTERED_COMPLETION,-0.41534684235556574,-0.12604382722062418,0.12943561910200144,0.42167085186331477
development_frozen_quintile_target_rate,development,signed_pressure,change,target_class_rate,0.31231393775372124,5,UNREGISTERED_LOOP,-0.41534684235556574,-0.12604382722062418,0.12943561910200144,0.42167085186331477
development_frozen_quintile_target_rate,development,signed_pressure,change,target_class_rate,0.6230040595399188,5,NO_REGISTERED_COMPLETION,-0.41534684235556574,-0.12604382722062418,0.12943561910200144,0.42167085186331477
development_frozen_quintile_target_rate,assessment,signed_pressure,change,target_class_rate,0.06933333333333333,1,REGISTERED_COMPLETION,-0.41534684235556574,-0.12604382722062418,0.12943561910200144,0.42167085186331477
development_frozen_quintile_target_rate,assessment,signed_pressure,change,target_class_rate,0.3782857142857143,1,UNREGISTERED_LOOP,-0.41534684235556574,-0.12604382722062418,0.12943561910200144,0.42167085186331477
development_frozen_quintile_target_rate,assessment,signed_pressure,change,target_class_rate,0.5523809523809524,1,NO_REGISTERED_COMPLETION,-0.41534684235556574,-0.12604382722062418,0.12943561910200144,0.42167085186331477
development_frozen_quintile_target_rate,assessment,signed_pressure,change,target_class_rate,0.06458164094232331,2,REGISTERED_COMPLETION,-0.41534684235556574,-0.12604382722062418,0.12943561910200144,0.42167085186331477
development_frozen_quintile_target_rate,assessment,signed_pressure,change,target_class_rate,0.3931762794476036,2,UNREGISTERED_LOOP,-0.41534684235556574,-0.12604382722062418,0.12943561910200144,0.42167085186331477
development_frozen_quintile_target_rate,assessment,signed_pressure,change,target_class_rate,0.5422420796100731,2,NO_REGISTERED_COMPLETION,-0.41534684235556574,-0.12604382722062418,0.12943561910200144,0.42167085186331477
development_frozen_quintile_target_rate,assessment,signed_pressure,change,target_class_rate,0.06594724220623502,3,REGISTERED_COMPLETION,-0.41534684235556574,-0.12604382722062418,0.12943561910200144,0.42167085186331477
development_frozen_quintile_target_rate,assessment,signed_pressure,change,target_class_rate,0.39488409272581937,3,UNREGISTERED_LOOP,-0.41534684235556574,-0.12604382722062418,0.12943561910200144,0.42167085186331477
development_frozen_quintile_target_rate,assessment,signed_pressure,change,target_class_rate,0.5391686650679457,3,NO_REGISTERED_COMPLETION,-0.41534684235556574,-0.12604382722062418,0.12943561910200144,0.42167085186331477
development_frozen_quintile_target_rate,assessment,signed_pressure,change,target_class_rate,0.0644,4,REGISTERED_COMPLETION,-0.41534684235556574,-0.12604382722062418,0.12943561910200144,0.42167085186331477
development_frozen_quintile_target_rate,assessment,signed_pressure,change,target_class_rate,0.3352,4,UNREGISTERED_LOOP,-0.41534684235556574,-0.12604382722062418,0.12943561910200144,0.42167085186331477
development_frozen_quintile_target_rate,assessment,signed_pressure,change,target_class_rate,0.6004,4,NO_REGISTERED_COMPLETION,-0.41534684235556574,-0.12604382722062418,0.12943561910200144,0.42167085186331477
development_frozen_quintile_target_rate,assessment,signed_pressure,change,target_class_rate,0.05704697986577181,5,REGISTERED_COMPLETION,-0.41534684235556574,-0.12604382722062418,0.12943561910200144,0.42167085186331477
development_frozen_quintile_target_rate,assessment,signed_pressure,change,target_class_rate,0.27558724832214765,5,UNREGISTERED_LOOP,-0.41534684235556574,-0.12604382722062418,0.12943561910200144,0.42167085186331477
development_frozen_quintile_target_rate,assessment,signed_pressure,change,target_class_rate,0.6673657718120806,5,NO_REGISTERED_COMPLETION,-0.41534684235556574,-0.12604382722062418,0.12943561910200144,0.42167085186331477
development_frozen_quintile_target_rate,development,signed_pressure,acceleration,target_class_rate,0.06982408660351827,1,REGISTERED_COMPLETION,-0.4160530802124115,-0.11432110138111097,0.13087670921775418,0.4177564483839724
development_frozen_quintile_target_rate,development,signed_pressure,acceleration,target_class_rate,0.4054127198917456,1,UNREGISTERED_LOOP,-0.4160530802124115,-0.11432110138111097,0.13087670921775418,0.4177564483839724
development_frozen_quintile_target_rate,development,signed_pressure,acceleration,target_class_rate,0.5247631935047361,1,NO_REGISTERED_COMPLETION,-0.4160530802124115,-0.11432110138111097,0.13087670921775418,0.4177564483839724
development_frozen_quintile_target_rate,development,signed_pressure,acceleration,target_class_rate,0.07686062246278755,2,REGISTERED_COMPLETION,-0.4160530802124115,-0.11432110138111097,0.13087670921775418,0.4177564483839724
development_frozen_quintile_target_rate,development,signed_pressure,acceleration,target_class_rate,0.4040595399188092,2,UNREGISTERED_LOOP,-0.4160530802124115,-0.11432110138111097,0.13087670921775418,0.4177564483839724
development_frozen_quintile_target_rate,development,signed_pressure,acceleration,target_class_rate,0.5190798376184033,2,NO_REGISTERED_COMPLETION,-0.4160530802124115,-0.11432110138111097,0.13087670921775418,0.4177564483839724
development_frozen_quintile_target_rate,development,signed_pressure,acceleration,target_class_rate,0.07823497563616676,3,REGISTERED_COMPLETION,-0.4160530802124115,-0.11432110138111097,0.13087670921775418,0.4177564483839724
development_frozen_quintile_target_rate,development,signed_pressure,acceleration,target_class_rate,0.4087709799675149,3,UNREGISTERED_LOOP,-0.4160530802124115,-0.11432110138111097,0.13087670921775418,0.4177564483839724
development_frozen_quintile_target_rate,development,signed_pressure,acceleration,target_class_rate,0.5129940443963183,3,NO_REGISTERED_COMPLETION,-0.4160530802124115,-0.11432110138111097,0.13087670921775418,0.4177564483839724
development_frozen_quintile_target_rate,development,signed_pressure,acceleration,target_class_rate,0.08876860622462787,4,REGISTERED_COMPLETION,-0.4160530802124115,-0.11432110138111097,0.13087670921775418,0.4177564483839724
development_frozen_quintile_target_rate,development,signed_pressure,acceleration,target_class_rate,0.3889039242219215,4,UNREGISTERED_LOOP,-0.4160530802124115,-0.11432110138111097,0.13087670921775418,0.4177564483839724
development_frozen_quintile_target_rate,development,signed_pressure,acceleration,target_class_rate,0.5223274695534507,4,NO_REGISTERED_COMPLETION,-0.4160530802124115,-0.11432110138111097,0.13087670921775418,0.4177564483839724
development_frozen_quintile_target_rate,development,signed_pressure,acceleration,target_class_rate,0.07198917456021652,5,REGISTERED_COMPLETION,-0.4160530802124115,-0.11432110138111097,0.13087670921775418,0.4177564483839724
development_frozen_quintile_target_rate,development,signed_pressure,acceleration,target_class_rate,0.3474966170500677,5,UNREGISTERED_LOOP,-0.4160530802124115,-0.11432110138111097,0.13087670921775418,0.4177564483839724
development_frozen_quintile_target_rate,development,signed_pressure,acceleration,target_class_rate,0.5805142083897158,5,NO_REGISTERED_COMPLETION,-0.4160530802124115,-0.11432110138111097,0.13087670921775418,0.4177564483839724
development_frozen_quintile_target_rate,assessment,signed_pressure,acceleration,target_class_rate,0.06365159128978225,1,REGISTERED_COMPLETION,-0.4160530802124115,-0.11432110138111097,0.13087670921775418,0.4177564483839724
development_frozen_quintile_target_rate,assessment,signed_pressure,acceleration,target_class_rate,0.37185929648241206,1,UNREGISTERED_LOOP,-0.4160530802124115,-0.11432110138111097,0.13087670921775418,0.4177564483839724
development_frozen_quintile_target_rate,assessment,signed_pressure,acceleration,target_class_rate,0.5644891122278057,1,NO_REGISTERED_COMPLETION,-0.4160530802124115,-0.11432110138111097,0.13087670921775418,0.4177564483839724
development_frozen_quintile_target_rate,assessment,signed_pressure,acceleration,target_class_rate,0.05267090026148674,2,REGISTERED_COMPLETION,-0.4160530802124115,-0.11432110138111097,0.13087670921775418,0.4177564483839724
development_frozen_quintile_target_rate,assessment,signed_pressure,acceleration,target_class_rate,0.3937243182667165,2,UNREGISTERED_LOOP,-0.4160530802124115,-0.11432110138111097,0.13087670921775418,0.4177564483839724
development_frozen_quintile_target_rate,assessment,signed_pressure,acceleration,target_class_rate,0.5536047814717968,2,NO_REGISTERED_COMPLETION,-0.4160530802124115,-0.11432110138111097,0.13087670921775418,0.4177564483839724
development_frozen_quintile_target_rate,assessment,signed_pressure,acceleration,target_class_rate,0.07423241352506801,3,REGISTERED_COMPLETION,-0.4160530802124115,-0.11432110138111097,0.13087670921775418,0.4177564483839724
development_frozen_quintile_target_rate,assessment,signed_pressure,acceleration,target_class_rate,0.3501748931208706,3,UNREGISTERED_LOOP,-0.4160530802124115,-0.11432110138111097,0.13087670921775418,0.4177564483839724
development_frozen_quintile_target_rate,assessment,signed_pressure,acceleration,target_class_rate,0.5755926933540614,3,NO_REGISTERED_COMPLETION,-0.4160530802124115,-0.11432110138111097,0.13087670921775418,0.4177564483839724
development_frozen_quintile_target_rate,assessment,signed_pressure,acceleration,target_class_rate,0.06822689408964697,4,REGISTERED_COMPLETION,-0.4160530802124115,-0.11432110138111097,0.13087670921775418,0.4177564483839724
development_frozen_quintile_target_rate,assessment,signed_pressure,acceleration,target_class_rate,0.3332011106703689,4,UNREGISTERED_LOOP,-0.4160530802124115,-0.11432110138111097,0.13087670921775418,0.4177564483839724
development_frozen_quintile_target_rate,assessment,signed_pressure,acceleration,target_class_rate,0.5985719952399842,4,NO_REGISTERED_COMPLETION,-0.4160530802124115,-0.11432110138111097,0.13087670921775418,0.4177564483839724
development_frozen_quintile_target_rate,assessment,signed_pressure,acceleration,target_class_rate,0.06352636127917027,5,REGISTERED_COMPLETION,-0.4160530802124115,-0.11432110138111097,0.13087670921775418,0.4177564483839724
development_frozen_quintile_target_rate,assessment,signed_pressure,acceleration,target_class_rate,0.3288677614520311,5,UNREGISTERED_LOOP,-0.4160530802124115,-0.11432110138111097,0.13087670921775418,0.4177564483839724
development_frozen_quintile_target_rate,assessment,signed_pressure,acceleration,target_class_rate,0.6076058772687987,5,NO_REGISTERED_COMPLETION,-0.4160530802124115,-0.11432110138111097,0.13087670921775418,0.4177564483839724
development_frozen_quintile_target_rate,development,signed_pressure,recent_change,target_class_rate,0.06278755074424898,1,REGISTERED_COMPLETION,-0.24397859613972764,-0.07005406071065128,0.07505298517393663,0.24606767272288618
development_frozen_quintile_target_rate,development,signed_pressure,recent_change,target_class_rate,0.44167794316644116,1,UNREGISTERED_LOOP,-0.24397859613972764,-0.07005406071065128,0.07505298517393663,0.24606767272288618
development_frozen_quintile_target_rate,development,signed_pressure,recent_change,target_class_rate,0.4955345060893099,1,NO_REGISTERED_COMPLETION,-0.24397859613972764,-0.07005406071065128,0.07505298517393663,0.24606767272288618
development_frozen_quintile_target_rate,development,signed_pressure,recent_change,target_class_rate,0.06955345060893099,2,REGISTERED_COMPLETION,-0.24397859613972764,-0.07005406071065128,0.07505298517393663,0.24606767272288618
development_frozen_quintile_target_rate,development,signed_pressure,recent_change,target_class_rate,0.45223274695534504,2,UNREGISTERED_LOOP,-0.24397859613972764,-0.07005406071065128,0.07505298517393663,0.24606767272288618
development_frozen_quintile_target_rate,development,signed_pressure,recent_change,target_class_rate,0.478213802435724,2,NO_REGISTERED_COMPLETION,-0.24397859613972764,-0.07005406071065128,0.07505298517393663,0.24606767272288618
development_frozen_quintile_target_rate,development,signed_pressure,recent_change,target_class_rate,0.09177043854899837,3,REGISTERED_COMPLETION,-0.24397859613972764,-0.07005406071065128,0.07505298517393663,0.24606767272288618
development_frozen_quintile_target_rate,development,signed_pressure,recent_change,target_class_rate,0.41445587439090414,3,UNREGISTERED_LOOP,-0.24397859613972764,-0.07005406071065128,0.07505298517393663,0.24606767272288618
development_frozen_quintile_target_rate,development,signed_pressure,recent_change,target_class_rate,0.49377368706009744,3,NO_REGISTERED_COMPLETION,-0.24397859613972764,-0.07005406071065128,0.07505298517393663,0.24606767272288618
development_frozen_quintile_target_rate,development,signed_pressure,recent_change,target_class_rate,0.09418132611637348,4,REGISTERED_COMPLETION,-0.24397859613972764,-0.07005406071065128,0.07505298517393663,0.24606767272288618
development_frozen_quintile_target_rate,development,signed_pressure,recent_change,target_class_rate,0.35859269282814615,4,UNREGISTERED_LOOP,-0.24397859613972764,-0.07005406071065128,0.07505298517393663,0.24606767272288618
development_frozen_quintile_target_rate,development,signed_pressure,recent_change,target_class_rate,0.5472259810554804,4,NO_REGISTERED_COMPLETION,-0.24397859613972764,-0.07005406071065128,0.07505298517393663,0.24606767272288618
development_frozen_quintile_target_rate,development,signed_pressure,recent_change,target_class_rate,0.06738836265223275,5,REGISTERED_COMPLETION,-0.24397859613972764,-0.07005406071065128,0.07505298517393663,0.24606767272288618
development_frozen_quintile_target_rate,development,signed_pressure,recent_change,target_class_rate,0.28768606224627874,5,UNREGISTERED_LOOP,-0.24397859613972764,-0.07005406071065128,0.07505298517393663,0.24606767272288618
development_frozen_quintile_target_rate,development,signed_pressure,recent_change,target_class_rate,0.6449255751014885,5,NO_REGISTERED_COMPLETION,-0.24397859613972764,-0.07005406071065128,0.07505298517393663,0.24606767272288618
development_frozen_quintile_target_rate,assessment,signed_pressure,recent_change,target_class_rate,0.056662758890191484,1,REGISTERED_COMPLETION,-0.24397859613972764,-0.07005406071065128,0.07505298517393663,0.24606767272288618
development_frozen_quintile_target_rate,assessment,signed_pressure,recent_change,target_class_rate,0.4013286440015631,1,UNREGISTERED_LOOP,-0.24397859613972764,-0.07005406071065128,0.07505298517393663,0.24606767272288618
development_frozen_quintile_target_rate,assessment,signed_pressure,recent_change,target_class_rate,0.5420085971082454,1,NO_REGISTERED_COMPLETION,-0.24397859613972764,-0.07005406071065128,0.07505298517393663,0.24606767272288618
development_frozen_quintile_target_rate,assessment,signed_pressure,recent_change,target_class_rate,0.0625,2,REGISTERED_COMPLETION,-0.24397859613972764,-0.07005406071065128,0.07505298517393663,0.24606767272288618
development_frozen_quintile_target_rate,assessment,signed_pressure,recent_change,target_class_rate,0.39924242424242423,2,UNREGISTERED_LOOP,-0.24397859613972764,-0.07005406071065128,0.07505298517393663,0.24606767272288618
development_frozen_quintile_target_rate,assessment,signed_pressure,recent_change,target_class_rate,0.5382575757575757,2,NO_REGISTERED_COMPLETION,-0.24397859613972764,-0.07005406071065128,0.07505298517393663,0.24606767272288618
development_frozen_quintile_target_rate,assessment,signed_pressure,recent_change,target_class_rate,0.07588932806324111,3,REGISTERED_COMPLETION,-0.24397859613972764,-0.07005406071065128,0.07505298517393663,0.24606767272288618
development_frozen_quintile_target_rate,assessment,signed_pressure,recent_change,target_class_rate,0.37905138339920946,3,UNREGISTERED_LOOP,-0.24397859613972764,-0.07005406071065128,0.07505298517393663,0.24606767272288618
development_frozen_quintile_target_rate,assessment,signed_pressure,recent_change,target_class_rate,0.5450592885375494,3,NO_REGISTERED_COMPLETION,-0.24397859613972764,-0.07005406071065128,0.07505298517393663,0.24606767272288618
development_frozen_quintile_target_rate,assessment,signed_pressure,recent_change,target_class_rate,0.07870753935376967,4,REGISTERED_COMPLETION,-0.24397859613972764,-0.07005406071065128,0.07505298517393663,0.24606767272288618
development_frozen_quintile_target_rate,assessment,signed_pressure,recent_change,target_class_rate,0.33057166528583265,4,UNREGISTERED_LOOP,-0.24397859613972764,-0.07005406071065128,0.07505298517393663,0.24606767272288618
development_frozen_quintile_target_rate,assessment,signed_pressure,recent_change,target_class_rate,0.5907207953603977,4,NO_REGISTERED_COMPLETION,-0.24397859613972764,-0.07005406071065128,0.07505298517393663,0.24606767272288618
development_frozen_quintile_target_rate,assessment,signed_pressure,recent_change,target_class_rate,0.04763948497854077,5,REGISTERED_COMPLETION,-0.24397859613972764,-0.07005406071065128,0.07505298517393663,0.24606767272288618
development_frozen_quintile_target_rate,assessment,signed_pressure,recent_change,target_class_rate,0.26008583690987125,5,UNREGISTERED_LOOP,-0.24397859613972764,-0.07005406071065128,0.07505298517393663,0.24606767272288618
development_frozen_quintile_target_rate,assessment,signed_pressure,recent_change,target_class_rate,0.6922746781115879,5,NO_REGISTERED_COMPLETION,-0.24397859613972764,-0.07005406071065128,0.07505298517393663,0.24606767272288618
development_frozen_quintile_target_rate,development,signed_pressure,peak_displacement,target_class_rate,0.060081190798376184,1,REGISTERED_COMPLETION,-0.45833167088346494,-0.22672631143773225,-0.043407521840302325,0.0
development_frozen_quintile_target_rate,development,signed_pressure,peak_displacement,target_class_rate,0.43843031123139375,1,UNREGISTERED_LOOP,-0.45833167088346494,-0.22672631143773225,-0.043407521840302325,0.0
development_frozen_quintile_target_rate,development,signed_pressure,peak_displacement,target_class_rate,0.5014884979702301,1,NO_REGISTERED_COMPLETION,-0.45833167088346494,-0.22672631143773225,-0.043407521840302325,0.0
development_frozen_quintile_target_rate,development,signed_pressure,peak_displacement,target_class_rate,0.07550744248985115,2,REGISTERED_COMPLETION,-0.45833167088346494,-0.22672631143773225,-0.043407521840302325,0.0
development_frozen_quintile_target_rate,development,signed_pressure,peak_displacement,target_class_rate,0.44276048714479027,2,UNREGISTERED_LOOP,-0.45833167088346494,-0.22672631143773225,-0.043407521840302325,0.0
development_frozen_quintile_target_rate,development,signed_pressure,peak_displacement,target_class_rate,0.4817320703653586,2,NO_REGISTERED_COMPLETION,-0.45833167088346494,-0.22672631143773225,-0.043407521840302325,0.0
development_frozen_quintile_target_rate,development,signed_pressure,peak_displacement,target_class_rate,0.08635625338386572,3,REGISTERED_COMPLETION,-0.45833167088346494,-0.22672631143773225,-0.043407521840302325,0.0
development_frozen_quintile_target_rate,development,signed_pressure,peak_displacement,target_class_rate,0.4071467244179751,3,UNREGISTERED_LOOP,-0.45833167088346494,-0.22672631143773225,-0.043407521840302325,0.0
development_frozen_quintile_target_rate,development,signed_pressure,peak_displacement,target_class_rate,0.5064970221981592,3,NO_REGISTERED_COMPLETION,-0.45833167088346494,-0.22672631143773225,-0.043407521840302325,0.0
development_frozen_quintile_target_rate,development,signed_pressure,peak_displacement,target_class_rate,0.09497206703910614,4,REGISTERED_COMPLETION,-0.45833167088346494,-0.22672631143773225,-0.043407521840302325,0.0
development_frozen_quintile_target_rate,development,signed_pressure,peak_displacement,target_class_rate,0.3877094972067039,4,UNREGISTERED_LOOP,-0.45833167088346494,-0.22672631143773225,-0.043407521840302325,0.0
development_frozen_quintile_target_rate,development,signed_pressure,peak_displacement,target_class_rate,0.5173184357541899,4,NO_REGISTERED_COMPLETION,-0.45833167088346494,-0.22672631143773225,-0.043407521840302325,0.0
development_frozen_quintile_target_rate,development,signed_pressure,peak_displacement,target_class_rate,0.0800615858352579,5,REGISTERED_COMPLETION,-0.45833167088346494,-0.22672631143773225,-0.043407521840302325,0.0
development_frozen_quintile_target_rate,development,signed_pressure,peak_displacement,target_class_rate,0.325635103926097,5,UNREGISTERED_LOOP,-0.45833167088346494,-0.22672631143773225,-0.043407521840302325,0.0
development_frozen_quintile_target_rate,development,signed_pressure,peak_displacement,target_class_rate,0.5943033102386451,5,NO_REGISTERED_COMPLETION,-0.45833167088346494,-0.22672631143773225,-0.043407521840302325,0.0
development_frozen_quintile_target_rate,assessment,signed_pressure,peak_displacement,target_class_rate,0.06868451688009314,1,REGISTERED_COMPLETION,-0.45833167088346494,-0.22672631143773225,-0.043407521840302325,0.0
development_frozen_quintile_target_rate,assessment,signed_pressure,peak_displacement,target_class_rate,0.3775708187815289,1,UNREGISTERED_LOOP,-0.45833167088346494,-0.22672631143773225,-0.043407521840302325,0.0
development_frozen_quintile_target_rate,assessment,signed_pressure,peak_displacement,target_class_rate,0.553744664338378,1,NO_REGISTERED_COMPLETION,-0.45833167088346494,-0.22672631143773225,-0.043407521840302325,0.0
development_frozen_quintile_target_rate,assessment,signed_pressure,peak_displacement,target_class_rate,0.06334661354581674,2,REGISTERED_COMPLETION,-0.45833167088346494,-0.22672631143773225,-0.043407521840302325,0.0
development_frozen_quintile_target_rate,assessment,signed_pressure,peak_displacement,target_class_rate,0.4055776892430279,2,UNREGISTERED_LOOP,-0.45833167088346494,-0.22672631143773225,-0.043407521840302325,0.0
development_frozen_quintile_target_rate,assessment,signed_pressure,peak_displacement,target_class_rate,0.5310756972111553,2,NO_REGISTERED_COMPLETION,-0.45833167088346494,-0.22672631143773225,-0.043407521840302325,0.0
development_frozen_quintile_target_rate,assessment,signed_pressure,peak_displacement,target_class_rate,0.06364749082007344,3,REGISTERED_COMPLETION,-0.45833167088346494,-0.22672631143773225,-0.043407521840302325,0.0
development_frozen_quintile_target_rate,assessment,signed_pressure,peak_displacement,target_class_rate,0.3814769481844145,3,UNREGISTERED_LOOP,-0.45833167088346494,-0.22672631143773225,-0.043407521840302325,0.0
development_frozen_quintile_target_rate,assessment,signed_pressure,peak_displacement,target_class_rate,0.554875560995512,3,NO_REGISTERED_COMPLETION,-0.45833167088346494,-0.22672631143773225,-0.043407521840302325,0.0
development_frozen_quintile_target_rate,assessment,signed_pressure,peak_displacement,target_class_rate,0.07178631051752922,4,REGISTERED_COMPLETION,-0.45833167088346494,-0.22672631143773225,-0.043407521840302325,0.0
development_frozen_quintile_target_rate,assessment,signed_pressure,peak_displacement,target_class_rate,0.38397328881469117,4,UNREGISTERED_LOOP,-0.45833167088346494,-0.22672631143773225,-0.043407521840302325,0.0
development_frozen_quintile_target_rate,assessment,signed_pressure,peak_displacement,target_class_rate,0.5442404006677797,4,NO_REGISTERED_COMPLETION,-0.45833167088346494,-0.22672631143773225,-0.043407521840302325,0.0
development_frozen_quintile_target_rate,assessment,signed_pressure,peak_displacement,target_class_rate,0.061808118081180814,5,REGISTERED_COMPLETION,-0.45833167088346494,-0.22672631143773225,-0.043407521840302325,0.0
development_frozen_quintile_target_rate,assessment,signed_pressure,peak_displacement,target_class_rate,0.29704797047970477,5,UNREGISTERED_LOOP,-0.45833167088346494,-0.22672631143773225,-0.043407521840302325,0.0
development_frozen_quintile_target_rate,assessment,signed_pressure,peak_displacement,target_class_rate,0.6411439114391144,5,NO_REGISTERED_COMPLETION,-0.45833167088346494,-0.22672631143773225,-0.043407521840302325,0.0
development_frozen_quintile_target_rate,development,signed_exhaustion,change,target_class_rate,0.06955345060893099,1,REGISTERED_COMPLETION,-1.173619846966771,-0.3343250431868921,0.32428559074506313,1.1510414437909786
development_frozen_quintile_target_rate,development,signed_exhaustion,change,target_class_rate,0.3834912043301759,1,UNREGISTERED_LOOP,-1.173619846966771,-0.3343250431868921,0.32428559074506313,1.1510414437909786
development_frozen_quintile_target_rate,development,signed_exhaustion,change,target_class_rate,0.546955345060893,1,NO_REGISTERED_COMPLETION,-1.173619846966771,-0.3343250431868921,0.32428559074506313,1.1510414437909786
development_frozen_quintile_target_rate,development,signed_exhaustion,change,target_class_rate,0.08200270635994587,2,REGISTERED_COMPLETION,-1.173619846966771,-0.3343250431868921,0.32428559074506313,1.1510414437909786
development_frozen_quintile_target_rate,development,signed_exhaustion,change,target_class_rate,0.3891745602165088,2,UNREGISTERED_LOOP,-1.173619846966771,-0.3343250431868921,0.32428559074506313,1.1510414437909786
development_frozen_quintile_target_rate,development,signed_exhaustion,change,target_class_rate,0.5288227334235454,2,NO_REGISTERED_COMPLETION,-1.173619846966771,-0.3343250431868921,0.32428559074506313,1.1510414437909786
development_frozen_quintile_target_rate,development,signed_exhaustion,change,target_class_rate,0.07823497563616676,3,REGISTERED_COMPLETION,-1.173619846966771,-0.3343250431868921,0.32428559074506313,1.1510414437909786
development_frozen_quintile_target_rate,development,signed_exhaustion,change,target_class_rate,0.3979426096372496,3,UNREGISTERED_LOOP,-1.173619846966771,-0.3343250431868921,0.32428559074506313,1.1510414437909786
development_frozen_quintile_target_rate,development,signed_exhaustion,change,target_class_rate,0.5238224147265836,3,NO_REGISTERED_COMPLETION,-1.173619846966771,-0.3343250431868921,0.32428559074506313,1.1510414437909786
development_frozen_quintile_target_rate,development,signed_exhaustion,change,target_class_rate,0.0746955345060893,4,REGISTERED_COMPLETION,-1.173619846966771,-0.3343250431868921,0.32428559074506313,1.1510414437909786
development_frozen_quintile_target_rate,development,signed_exhaustion,change,target_class_rate,0.39918809201623817,4,UNREGISTERED_LOOP,-1.173619846966771,-0.3343250431868921,0.32428559074506313,1.1510414437909786
development_frozen_quintile_target_rate,development,signed_exhaustion,change,target_class_rate,0.5261163734776725,4,NO_REGISTERED_COMPLETION,-1.173619846966771,-0.3343250431868921,0.32428559074506313,1.1510414437909786
development_frozen_quintile_target_rate,development,signed_exhaustion,change,target_class_rate,0.08119079837618404,5,REGISTERED_COMPLETION,-1.173619846966771,-0.3343250431868921,0.32428559074506313,1.1510414437909786
development_frozen_quintile_target_rate,development,signed_exhaustion,change,target_class_rate,0.3848443843031123,5,UNREGISTERED_LOOP,-1.173619846966771,-0.3343250431868921,0.32428559074506313,1.1510414437909786
development_frozen_quintile_target_rate,development,signed_exhaustion,change,target_class_rate,0.5339648173207037,5,NO_REGISTERED_COMPLETION,-1.173619846966771,-0.3343250431868921,0.32428559074506313,1.1510414437909786
development_frozen_quintile_target_rate,assessment,signed_exhaustion,change,target_class_rate,0.06530256856769699,1,REGISTERED_COMPLETION,-1.173619846966771,-0.3343250431868921,0.32428559074506313,1.1510414437909786
development_frozen_quintile_target_rate,assessment,signed_exhaustion,change,target_class_rate,0.34175010883761425,1,UNREGISTERED_LOOP,-1.173619846966771,-0.3343250431868921,0.32428559074506313,1.1510414437909786
development_frozen_quintile_target_rate,assessment,signed_exhaustion,change,target_class_rate,0.5929473225946887,1,NO_REGISTERED_COMPLETION,-1.173619846966771,-0.3343250431868921,0.32428559074506313,1.1510414437909786
development_frozen_quintile_target_rate,assessment,signed_exhaustion,change,target_class_rate,0.06777050442818637,2,REGISTERED_COMPLETION,-1.173619846966771,-0.3343250431868921,0.32428559074506313,1.1510414437909786
development_frozen_quintile_target_rate,assessment,signed_exhaustion,change,target_class_rate,0.37928378898729304,2,UNREGISTERED_LOOP,-1.173619846966771,-0.3343250431868921,0.32428559074506313,1.1510414437909786
development_frozen_quintile_target_rate,assessment,signed_exhaustion,change,target_class_rate,0.5529457065845206,2,NO_REGISTERED_COMPLETION,-1.173619846966771,-0.3343250431868921,0.32428559074506313,1.1510414437909786
development_frozen_quintile_target_rate,assessment,signed_exhaustion,change,target_class_rate,0.07046714172604909,3,REGISTERED_COMPLETION,-1.173619846966771,-0.3343250431868921,0.32428559074506313,1.1510414437909786
development_frozen_quintile_target_rate,assessment,signed_exhaustion,change,target_class_rate,0.36975455265241486,3,UNREGISTERED_LOOP,-1.173619846966771,-0.3343250431868921,0.32428559074506313,1.1510414437909786
development_frozen_quintile_target_rate,assessment,signed_exhaustion,change,target_class_rate,0.5597783056215361,3,NO_REGISTERED_COMPLETION,-1.173619846966771,-0.3343250431868921,0.32428559074506313,1.1510414437909786
development_frozen_quintile_target_rate,assessment,signed_exhaustion,change,target_class_rate,0.0625242718446602,4,REGISTERED_COMPLETION,-1.173619846966771,-0.3343250431868921,0.32428559074506313,1.1510414437909786
development_frozen_quintile_target_rate,assessment,signed_exhaustion,change,target_class_rate,0.3522330097087379,4,UNREGISTERED_LOOP,-1.173619846966771,-0.3343250431868921,0.32428559074506313,1.1510414437909786
development_frozen_quintile_target_rate,assessment,signed_exhaustion,change,target_class_rate,0.5852427184466019,4,NO_REGISTERED_COMPLETION,-1.173619846966771,-0.3343250431868921,0.32428559074506313,1.1510414437909786
development_frozen_quintile_target_rate,assessment,signed_exhaustion,change,target_class_rate,0.05569007263922518,5,REGISTERED_COMPLETION,-1.173619846966771,-0.3343250431868921,0.32428559074506313,1.1510414437909786
development_frozen_quintile_target_rate,assessment,signed_exhaustion,change,target_class_rate,0.3361581920903955,5,UNREGISTERED_LOOP,-1.173619846966771,-0.3343250431868921,0.32428559074506313,1.1510414437909786
development_frozen_quintile_target_rate,assessment,signed_exhaustion,change,target_class_rate,0.6081517352703794,5,NO_REGISTERED_COMPLETION,-1.173619846966771,-0.3343250431868921,0.32428559074506313,1.1510414437909786
development_frozen_quintile_target_rate,development,signed_exhaustion,acceleration,target_class_rate,0.07090663058186739,1,REGISTERED_COMPLETION,-1.6171008074830218,-0.44660327893664375,0.4463487624170532,1.5690716736190302
development_frozen_quintile_target_rate,development,signed_exhaustion,acceleration,target_class_rate,0.3699594046008119,1,UNREGISTERED_LOOP,-1.6171008074830218,-0.44660327893664375,0.4463487624170532,1.5690716736190302
development_frozen_quintile_target_rate,development,signed_exhaustion,acceleration,target_class_rate,0.5591339648173207,1,NO_REGISTERED_COMPLETION,-1.6171008074830218,-0.44660327893664375,0.4463487624170532,1.5690716736190302
development_frozen_quintile_target_rate,development,signed_exhaustion,acceleration,target_class_rate,0.07821380243572396,2,REGISTERED_COMPLETION,-1.6171008074830218,-0.44660327893664375,0.4463487624170532,1.5690716736190302
development_frozen_quintile_target_rate,development,signed_exhaustion,acceleration,target_class_rate,0.39702300405953994,2,UNREGISTERED_LOOP,-1.6171008074830218,-0.44660327893664375,0.4463487624170532,1.5690716736190302
development_frozen_quintile_target_rate,development,signed_exhaustion,acceleration,target_class_rate,0.5247631935047361,2,NO_REGISTERED_COMPLETION,-1.6171008074830218,-0.44660327893664375,0.4463487624170532,1.5690716736190302
development_frozen_quintile_target_rate,development,signed_exhaustion,acceleration,target_class_rate,0.08419057931781267,3,REGISTERED_COMPLETION,-1.6171008074830218,-0.44660327893664375,0.4463487624170532,1.5690716736190302
development_frozen_quintile_target_rate,development,signed_exhaustion,acceleration,target_class_rate,0.3955062263129399,3,UNREGISTERED_LOOP,-1.6171008074830218,-0.44660327893664375,0.4463487624170532,1.5690716736190302
development_frozen_quintile_target_rate,development,signed_exhaustion,acceleration,target_class_rate,0.5203031943692474,3,NO_REGISTERED_COMPLETION,-1.6171008074830218,-0.44660327893664375,0.4463487624170532,1.5690716736190302
development_frozen_quintile_target_rate,development,signed_exhaustion,acceleration,target_class_rate,0.07631935047361299,4,REGISTERED_COMPLETION,-1.6171008074830218,-0.44660327893664375,0.4463487624170532,1.5690716736190302
development_frozen_quintile_target_rate,development,signed_exhaustion,acceleration,target_class_rate,0.3967523680649526,4,UNREGISTERED_LOOP,-1.6171008074830218,-0.44660327893664375,0.4463487624170532,1.5690716736190302
development_frozen_quintile_target_rate,development,signed_exhaustion,acceleration,target_class_rate,0.5269282814614343,4,NO_REGISTERED_COMPLETION,-1.6171008074830218,-0.44660327893664375,0.4463487624170532,1.5690716736190302
development_frozen_quintile_target_rate,development,signed_exhaustion,acceleration,target_class_rate,0.07604871447902571,5,REGISTERED_COMPLETION,-1.6171008074830218,-0.44660327893664375,0.4463487624170532,1.5690716736190302
development_frozen_quintile_target_rate,development,signed_exhaustion,acceleration,target_class_rate,0.39539918809201624,5,UNREGISTERED_LOOP,-1.6171008074830218,-0.44660327893664375,0.4463487624170532,1.5690716736190302
development_frozen_quintile_target_rate,development,signed_exhaustion,acceleration,target_class_rate,0.528552097428958,5,NO_REGISTERED_COMPLETION,-1.6171008074830218,-0.44660327893664375,0.4463487624170532,1.5690716736190302
development_frozen_quintile_target_rate,assessment,signed_exhaustion,acceleration,target_class_rate,0.0611183355006502,1,REGISTERED_COMPLETION,-1.6171008074830218,-0.44660327893664375,0.4463487624170532,1.5690716736190302
development_frozen_quintile_target_rate,assessment,signed_exhaustion,acceleration,target_class_rate,0.3190290420459471,1,UNREGISTERED_LOOP,-1.6171008074830218,-0.44660327893664375,0.4463487624170532,1.5690716736190302
development_frozen_quintile_target_rate,assessment,signed_exhaustion,acceleration,target_class_rate,0.6198526224534027,1,NO_REGISTERED_COMPLETION,-1.6171008074830218,-0.44660327893664375,0.4463487624170532,1.5690716736190302
development_frozen_quintile_target_rate,assessment,signed_exhaustion,acceleration,target_class_rate,0.061886792452830186,2,REGISTERED_COMPLETION,-1.6171008074830218,-0.44660327893664375,0.4463487624170532,1.5690716736190302
development_frozen_quintile_target_rate,assessment,signed_exhaustion,acceleration,target_class_rate,0.3758490566037736,2,UNREGISTERED_LOOP,-1.6171008074830218,-0.44660327893664375,0.4463487624170532,1.5690716736190302
development_frozen_quintile_target_rate,assessment,signed_exhaustion,acceleration,target_class_rate,0.5622641509433962,2,NO_REGISTERED_COMPLETION,-1.6171008074830218,-0.44660327893664375,0.4463487624170532,1.5690716736190302
development_frozen_quintile_target_rate,assessment,signed_exhaustion,acceleration,target_class_rate,0.06710374084072503,3,REGISTERED_COMPLETION,-1.6171008074830218,-0.44660327893664375,0.4463487624170532,1.5690716736190302
development_frozen_quintile_target_rate,assessment,signed_exhaustion,acceleration,target_class_rate,0.3713844967219437,3,UNREGISTERED_LOOP,-1.6171008074830218,-0.44660327893664375,0.4463487624170532,1.5690716736190302
development_frozen_quintile_target_rate,assessment,signed_exhaustion,acceleration,target_class_rate,0.5615117624373313,3,NO_REGISTERED_COMPLETION,-1.6171008074830218,-0.44660327893664375,0.4463487624170532,1.5690716736190302
development_frozen_quintile_target_rate,assessment,signed_exhaustion,acceleration,target_class_rate,0.07167630057803469,4,REGISTERED_COMPLETION,-1.6171008074830218,-0.44660327893664375,0.4463487624170532,1.5690716736190302
development_frozen_quintile_target_rate,assessment,signed_exhaustion,acceleration,target_class_rate,0.3510597302504817,4,UNREGISTERED_LOOP,-1.6171008074830218,-0.44660327893664375,0.4463487624170532,1.5690716736190302
development_frozen_quintile_target_rate,assessment,signed_exhaustion,acceleration,target_class_rate,0.5772639691714836,4,NO_REGISTERED_COMPLETION,-1.6171008074830218,-0.44660327893664375,0.4463487624170532,1.5690716736190302
development_frozen_quintile_target_rate,assessment,signed_exhaustion,acceleration,target_class_rate,0.059278350515463915,5,REGISTERED_COMPLETION,-1.6171008074830218,-0.44660327893664375,0.4463487624170532,1.5690716736190302
development_frozen_quintile_target_rate,assessment,signed_exhaustion,acceleration,target_class_rate,0.3599656357388316,5,UNREGISTERED_LOOP,-1.6171008074830218,-0.44660327893664375,0.4463487624170532,1.5690716736190302
development_frozen_quintile_target_rate,assessment,signed_exhaustion,acceleration,target_class_rate,0.5807560137457045,5,NO_REGISTERED_COMPLETION,-1.6171008074830218,-0.44660327893664375,0.4463487624170532,1.5690716736190302
development_frozen_quintile_target_rate,development,signed_exhaustion,recent_change,target_class_rate,0.06549391069012178,1,REGISTERED_COMPLETION,-0.8208451401041783,-0.23801958070293297,0.21168430069355965,0.8157730629321422
development_frozen_quintile_target_rate,development,signed_exhaustion,recent_change,target_class_rate,0.35182679296346414,1,UNREGISTERED_LOOP,-0.8208451401041783,-0.23801958070293297,0.21168430069355965,0.8157730629321422
development_frozen_quintile_target_rate,development,signed_exhaustion,recent_change,target_class_rate,0.582679296346414,1,NO_REGISTERED_COMPLETION,-0.8208451401041783,-0.23801958070293297,0.21168430069355965,0.8157730629321422
development_frozen_quintile_target_rate,development,signed_exhaustion,recent_change,target_class_rate,0.08362652232746956,2,REGISTERED_COMPLETION,-0.8208451401041783,-0.23801958070293297,0.21168430069355965,0.8157730629321422
development_frozen_quintile_target_rate,development,signed_exhaustion,recent_change,target_class_rate,0.4178619756427605,2,UNREGISTERED_LOOP,-0.8208451401041783,-0.23801958070293297,0.21168430069355965,0.8157730629321422
development_frozen_quintile_target_rate,development,signed_exhaustion,recent_change,target_class_rate,0.49851150202976996,2,NO_REGISTERED_COMPLETION,-0.8208451401041783,-0.23801958070293297,0.21168430069355965,0.8157730629321422
development_frozen_quintile_target_rate,development,signed_exhaustion,recent_change,target_class_rate,0.08473199783432593,3,REGISTERED_COMPLETION,-0.8208451401041783,-0.23801958070293297,0.21168430069355965,0.8157730629321422
development_frozen_quintile_target_rate,development,signed_exhaustion,recent_change,target_class_rate,0.41174878180833785,3,UNREGISTERED_LOOP,-0.8208451401041783,-0.23801958070293297,0.21168430069355965,0.8157730629321422
development_frozen_quintile_target_rate,development,signed_exhaustion,recent_change,target_class_rate,0.5035192203573362,3,NO_REGISTERED_COMPLETION,-0.8208451401041783,-0.23801958070293297,0.21168430069355965,0.8157730629321422
development_frozen_quintile_target_rate,development,signed_exhaustion,recent_change,target_class_rate,0.08119079837618404,4,REGISTERED_COMPLETION,-0.8208451401041783,-0.23801958070293297,0.21168430069355965,0.8157730629321422
development_frozen_quintile_target_rate,development,signed_exhaustion,recent_change,target_class_rate,0.39702300405953994,4,UNREGISTERED_LOOP,-0.8208451401041783,-0.23801958070293297,0.21168430069355965,0.8157730629321422
development_frozen_quintile_target_rate,development,signed_exhaustion,recent_change,target_class_rate,0.521786197564276,4,NO_REGISTERED_COMPLETION,-0.8208451401041783,-0.23801958070293297,0.21168430069355965,0.8157730629321422
development_frozen_quintile_target_rate,development,signed_exhaustion,recent_change,target_class_rate,0.07063599458728011,5,REGISTERED_COMPLETION,-0.8208451401041783,-0.23801958070293297,0.21168430069355965,0.8157730629321422
development_frozen_quintile_target_rate,development,signed_exhaustion,recent_change,target_class_rate,0.3761840324763194,5,UNREGISTERED_LOOP,-0.8208451401041783,-0.23801958070293297,0.21168430069355965,0.8157730629321422
development_frozen_quintile_target_rate,development,signed_exhaustion,recent_change,target_class_rate,0.5531799729364005,5,NO_REGISTERED_COMPLETION,-0.8208451401041783,-0.23801958070293297,0.21168430069355965,0.8157730629321422
development_frozen_quintile_target_rate,assessment,signed_exhaustion,recent_change,target_class_rate,0.058387799564270156,1,REGISTERED_COMPLETION,-0.8208451401041783,-0.23801958070293297,0.21168430069355965,0.8157730629321422
development_frozen_quintile_target_rate,assessment,signed_exhaustion,recent_change,target_class_rate,0.3233115468409586,1,UNREGISTERED_LOOP,-0.8208451401041783,-0.23801958070293297,0.21168430069355965,0.8157730629321422
development_frozen_quintile_target_rate,assessment,signed_exhaustion,recent_change,target_class_rate,0.6183006535947713,1,NO_REGISTERED_COMPLETION,-0.8208451401041783,-0.23801958070293297,0.21168430069355965,0.8157730629321422
development_frozen_quintile_target_rate,assessment,signed_exhaustion,recent_change,target_class_rate,0.06815464328417696,2,REGISTERED_COMPLETION,-0.8208451401041783,-0.23801958070293297,0.21168430069355965,0.8157730629321422
development_frozen_quintile_target_rate,assessment,signed_exhaustion,recent_change,target_class_rate,0.356317257871662,2,UNREGISTERED_LOOP,-0.8208451401041783,-0.23801958070293297,0.21168430069355965,0.8157730629321422
development_frozen_quintile_target_rate,assessment,signed_exhaustion,recent_change,target_class_rate,0.575528098844161,2,NO_REGISTERED_COMPLETION,-0.8208451401041783,-0.23801958070293297,0.21168430069355965,0.8157730629321422
development_frozen_quintile_target_rate,assessment,signed_exhaustion,recent_change,target_class_rate,0.06790591805766312,3,REGISTERED_COMPLETION,-0.8208451401041783,-0.23801958070293297,0.21168430069355965,0.8157730629321422
development_frozen_quintile_target_rate,assessment,signed_exhaustion,recent_change,target_class_rate,0.37898330804248864,3,UNREGISTERED_LOOP,-0.8208451401041783,-0.23801958070293297,0.21168430069355965,0.8157730629321422
development_frozen_quintile_target_rate,assessment,signed_exhaustion,recent_change,target_class_rate,0.5531107738998483,3,NO_REGISTERED_COMPLETION,-0.8208451401041783,-0.23801958070293297,0.21168430069355965,0.8157730629321422
development_frozen_quintile_target_rate,assessment,signed_exhaustion,recent_change,target_class_rate,0.06349206349206349,4,REGISTERED_COMPLETION,-0.8208451401041783,-0.23801958070293297,0.21168430069355965,0.8157730629321422
development_frozen_quintile_target_rate,assessment,signed_exhaustion,recent_change,target_class_rate,0.3857511997046881,4,UNREGISTERED_LOOP,-0.8208451401041783,-0.23801958070293297,0.21168430069355965,0.8157730629321422
development_frozen_quintile_target_rate,assessment,signed_exhaustion,recent_change,target_class_rate,0.5507567368032484,4,NO_REGISTERED_COMPLETION,-0.8208451401041783,-0.23801958070293297,0.21168430069355965,0.8157730629321422
development_frozen_quintile_target_rate,assessment,signed_exhaustion,recent_change,target_class_rate,0.06325301204819277,5,REGISTERED_COMPLETION,-0.8208451401041783,-0.23801958070293297,0.21168430069355965,0.8157730629321422
development_frozen_quintile_target_rate,assessment,signed_exhaustion,recent_change,target_class_rate,0.3287435456110155,5,UNREGISTERED_LOOP,-0.8208451401041783,-0.23801958070293297,0.21168430069355965,0.8157730629321422
development_frozen_quintile_target_rate,assessment,signed_exhaustion,recent_change,target_class_rate,0.6080034423407917,5,NO_REGISTERED_COMPLETION,-0.8208451401041783,-0.23801958070293297,0.21168430069355965,0.8157730629321422
development_frozen_quintile_target_rate,development,signed_exhaustion,peak_displacement,target_class_rate,0.06603518267929635,1,REGISTERED_COMPLETION,-1.4711514751034662,-0.7218676580779826,-0.20896641217763468,0.0
development_frozen_quintile_target_rate,development,signed_exhaustion,peak_displacement,target_class_rate,0.3699594046008119,1,UNREGISTERED_LOOP,-1.4711514751034662,-0.7218676580779826,-0.20896641217763468,0.0
development_frozen_quintile_target_rate,development,signed_exhaustion,peak_displacement,target_class_rate,0.5640054127198918,1,NO_REGISTERED_COMPLETION,-1.4711514751034662,-0.7218676580779826,-0.20896641217763468,0.0
development_frozen_quintile_target_rate,development,signed_exhaustion,peak_displacement,target_class_rate,0.07577807848443843,2,REGISTERED_COMPLETION,-1.4711514751034662,-0.7218676580779826,-0.20896641217763468,0.0
development_frozen_quintile_target_rate,development,signed_exhaustion,peak_displacement,target_class_rate,0.4027063599458728,2,UNREGISTERED_LOOP,-1.4711514751034662,-0.7218676580779826,-0.20896641217763468,0.0
development_frozen_quintile_target_rate,development,signed_exhaustion,peak_displacement,target_class_rate,0.5215155615696888,2,NO_REGISTERED_COMPLETION,-1.4711514751034662,-0.7218676580779826,-0.20896641217763468,0.0
development_frozen_quintile_target_rate,development,signed_exhaustion,peak_displacement,target_class_rate,0.08419057931781267,3,REGISTERED_COMPLETION,-1.4711514751034662,-0.7218676580779826,-0.20896641217763468,0.0
development_frozen_quintile_target_rate,development,signed_exhaustion,peak_displacement,target_class_rate,0.40037899296155927,3,UNREGISTERED_LOOP,-1.4711514751034662,-0.7218676580779826,-0.20896641217763468,0.0
development_frozen_quintile_target_rate,development,signed_exhaustion,peak_displacement,target_class_rate,0.5154304277206281,3,NO_REGISTERED_COMPLETION,-1.4711514751034662,-0.7218676580779826,-0.20896641217763468,0.0
development_frozen_quintile_target_rate,development,signed_exhaustion,peak_displacement,target_class_rate,0.0868421052631579,4,REGISTERED_COMPLETION,-1.4711514751034662,-0.7218676580779826,-0.20896641217763468,0.0
development_frozen_quintile_target_rate,development,signed_exhaustion,peak_displacement,target_class_rate,0.40131578947368424,4,UNREGISTERED_LOOP,-1.4711514751034662,-0.7218676580779826,-0.20896641217763468,0.0
development_frozen_quintile_target_rate,development,signed_exhaustion,peak_displacement,target_class_rate,0.5118421052631579,4,NO_REGISTERED_COMPLETION,-1.4711514751034662,-0.7218676580779826,-0.20896641217763468,0.0
development_frozen_quintile_target_rate,development,signed_exhaustion,peak_displacement,target_class_rate,0.07802385008517887,5,REGISTERED_COMPLETION,-1.4711514751034662,-0.7218676580779826,-0.20896641217763468,0.0
development_frozen_quintile_target_rate,development,signed_exhaustion,peak_displacement,target_class_rate,0.3880749574105622,5,UNREGISTERED_LOOP,-1.4711514751034662,-0.7218676580779826,-0.20896641217763468,0.0
development_frozen_quintile_target_rate,development,signed_exhaustion,peak_displacement,target_class_rate,0.5339011925042589,5,NO_REGISTERED_COMPLETION,-1.4711514751034662,-0.7218676580779826,-0.20896641217763468,0.0
development_frozen_quintile_target_rate,assessment,signed_exhaustion,peak_displacement,target_class_rate,0.06618962432915922,1,REGISTERED_COMPLETION,-1.4711514751034662,-0.7218676580779826,-0.20896641217763468,0.0
development_frozen_quintile_target_rate,assessment,signed_exhaustion,peak_displacement,target_class_rate,0.3228980322003578,1,UNREGISTERED_LOOP,-1.4711514751034662,-0.7218676580779826,-0.20896641217763468,0.0
development_frozen_quintile_target_rate,assessment,signed_exhaustion,peak_displacement,target_class_rate,0.610912343470483,1,NO_REGISTERED_COMPLETION,-1.4711514751034662,-0.7218676580779826,-0.20896641217763468,0.0
development_frozen_quintile_target_rate,assessment,signed_exhaustion,peak_displacement,target_class_rate,0.06174286830793278,2,REGISTERED_COMPLETION,-1.4711514751034662,-0.7218676580779826,-0.20896641217763468,0.0
development_frozen_quintile_target_rate,assessment,signed_exhaustion,peak_displacement,target_class_rate,0.3669402110199297,2,UNREGISTERED_LOOP,-1.4711514751034662,-0.7218676580779826,-0.20896641217763468,0.0
development_frozen_quintile_target_rate,assessment,signed_exhaustion,peak_displacement,target_class_rate,0.5713169206721376,2,NO_REGISTERED_COMPLETION,-1.4711514751034662,-0.7218676580779826,-0.20896641217763468,0.0
development_frozen_quintile_target_rate,assessment,signed_exhaustion,peak_displacement,target_class_rate,0.06637692611615963,3,REGISTERED_COMPLETION,-1.4711514751034662,-0.7218676580779826,-0.20896641217763468,0.0
development_frozen_quintile_target_rate,assessment,signed_exhaustion,peak_displacement,target_class_rate,0.37139470564994076,3,UNREGISTERED_LOOP,-1.4711514751034662,-0.7218676580779826,-0.20896641217763468,0.0
development_frozen_quintile_target_rate,assessment,signed_exhaustion,peak_displacement,target_class_rate,0.5622283682338997,3,NO_REGISTERED_COMPLETION,-1.4711514751034662,-0.7218676580779826,-0.20896641217763468,0.0
development_frozen_quintile_target_rate,assessment,signed_exhaustion,peak_displacement,target_class_rate,0.07203791469194312,4,REGISTERED_COMPLETION,-1.4711514751034662,-0.7218676580779826,-0.20896641217763468,0.0
development_frozen_quintile_target_rate,assessment,signed_exhaustion,peak_displacement,target_class_rate,0.3639810426540284,4,UNREGISTERED_LOOP,-1.4711514751034662,-0.7218676580779826,-0.20896641217763468,0.0
development_frozen_quintile_target_rate,assessment,signed_exhaustion,peak_displacement,target_class_rate,0.5639810426540285,4,NO_REGISTERED_COMPLETION,-1.4711514751034662,-0.7218676580779826,-0.20896641217763468,0.0
development_frozen_quintile_target_rate,assessment,signed_exhaustion,peak_displacement,target_class_rate,0.06182795698924731,5,REGISTERED_COMPLETION,-1.4711514751034662,-0.7218676580779826,-0.20896641217763468,0.0
development_frozen_quintile_target_rate,assessment,signed_exhaustion,peak_displacement,target_class_rate,0.35654936461388076,5,UNREGISTERED_LOOP,-1.4711514751034662,-0.7218676580779826,-0.20896641217763468,0.0
development_frozen_quintile_target_rate,assessment,signed_exhaustion,peak_displacement,target_class_rate,0.581622678396872,5,NO_REGISTERED_COMPLETION,-1.4711514751034662,-0.7218676580779826,-0.20896641217763468,0.0
