event_family,support,precision,recall,one_vs_all_brier,model,period,population,run_id,git_sha,contract_hash,data_snapshot_hash,panel_hash,implementation_source_hash,state_model_version,state_model_hash,model_lineage,symbol,session,segment_id,timestamp,state,age,source_artifact,source_hash,research_only,execution_enabled,order_placement,broker_connected,economic_outcomes_used,payoff_selection_used,production_runtime_modified,strategy_promotion,part_b_interaction_scoring_enabled,semantic_dictionary_promotion_enabled
RETURN_TO_ORIGIN,3,0,0,0.000908968714183,B0,VALIDATION_2025,FIRST_ELIGIBLE_EVENT,da1131234856d62549b728d5,91996a9cf747a614ff6d9e08eaafc3583a58b91c,bdba55b4243a4bfe18cea04d89b2cacabe817322eb581e3ec4461a5f3c4e8737,2b2efafb8d7c0cebbd7b392493ecbc0a279f71ee1d4f74197e18d99ecd8c43a7,801c0bf9d69ecdd58b21fb2ba4392137048b466668344ebfc4c8faf6a0d3e2f1,e0bec27d320343054ccfc584b0ad10e3830babff9e6eceb2d8a1a7f2ea19a86a,excursion_resolution_structural_forecast_v1,4fc1a02dce9ac2311dabaeb4623a559d37286dfe58baffef53828cc7415a3425,MODEL_FULL_REFIT,not_applicable,not_applicable,not_applicable,not_applicable,-1,-1,not_applicable,not_applicable,True,False,disabled,False,False,False,False,False,False,False
PARTIAL_RETURN,8,0,0,0.00242179019322,B0,VALIDATION_2025,FIRST_ELIGIBLE_EVENT,da1131234856d62549b728d5,91996a9cf747a614ff6d9e08eaafc3583a58b91c,bdba55b4243a4bfe18cea04d89b2cacabe817322eb581e3ec4461a5f3c4e8737,2b2efafb8d7c0cebbd7b392493ecbc0a279f71ee1d4f74197e18d99ecd8c43a7,801c0bf9d69ecdd58b21fb2ba4392137048b466668344ebfc4c8faf6a0d3e2f1,e0bec27d320343054ccfc584b0ad10e3830babff9e6eceb2d8a1a7f2ea19a86a,excursion_resolution_structural_forecast_v1,4fc1a02dce9ac2311dabaeb4623a559d37286dfe58baffef53828cc7415a3425,MODEL_FULL_REFIT,not_applicable,not_applicable,not_applicable,not_applicable,-1,-1,not_applicable,not_applicable,True,False,disabled,False,False,False,False,False,False,False
CONTINUE_AWAY,26,0,0,0.00784395967161,B0,VALIDATION_2025,FIRST_ELIGIBLE_EVENT,da1131234856d62549b728d5,91996a9cf747a614ff6d9e08eaafc3583a58b91c,bdba55b4243a4bfe18cea04d89b2cacabe817322eb581e3ec4461a5f3c4e8737,2b2efafb8d7c0cebbd7b392493ecbc0a279f71ee1d4f74197e18d99ecd8c43a7,801c0bf9d69ecdd58b21fb2ba4392137048b466668344ebfc4c8faf6a0d3e2f1,e0bec27d320343054ccfc584b0ad10e3830babff9e6eceb2d8a1a7f2ea19a86a,excursion_resolution_structural_forecast_v1,4fc1a02dce9ac2311dabaeb4623a559d37286dfe58baffef53828cc7415a3425,MODEL_FULL_REFIT,not_applicable,not_applicable,not_applicable,not_applicable,-1,-1,not_applicable,not_applicable,True,False,disabled,False,False,False,False,False,False,False
ROTATE_TO_NEW_REGION,740,0,0,0.182119339417,B0,VALIDATION_2025,FIRST_ELIGIBLE_EVENT,da1131234856d62549b728d5,91996a9cf747a614ff6d9e08eaafc3583a58b91c,bdba55b4243a4bfe18cea04d89b2cacabe817322eb581e3ec4461a5f3c4e8737,2b2efafb8d7c0cebbd7b392493ecbc0a279f71ee1d4f74197e18d99ecd8c43a7,801c0bf9d69ecdd58b21fb2ba4392137048b466668344ebfc4c8faf6a0d3e2f1,e0bec27d320343054ccfc584b0ad10e3830babff9e6eceb2d8a1a7f2ea19a86a,excursion_resolution_structural_forecast_v1,4fc1a02dce9ac2311dabaeb4623a559d37286dfe58baffef53828cc7415a3425,MODEL_FULL_REFIT,not_applicable,not_applicable,not_applicable,not_applicable,-1,-1,not_applicable,not_applicable,True,False,disabled,False,False,False,False,False,False,False
SESSION_END,2399,0.72741055185,1,0.203339098853,B0,VALIDATION_2025,FIRST_ELIGIBLE_EVENT,da1131234856d62549b728d5,91996a9cf747a614ff6d9e08eaafc3583a58b91c,bdba55b4243a4bfe18cea04d89b2cacabe817322eb581e3ec4461a5f3c4e8737,2b2efafb8d7c0cebbd7b392493ecbc0a279f71ee1d4f74197e18d99ecd8c43a7,801c0bf9d69ecdd58b21fb2ba4392137048b466668344ebfc4c8faf6a0d3e2f1,e0bec27d320343054ccfc584b0ad10e3830babff9e6eceb2d8a1a7f2ea19a86a,excursion_resolution_structural_forecast_v1,4fc1a02dce9ac2311dabaeb4623a559d37286dfe58baffef53828cc7415a3425,MODEL_FULL_REFIT,not_applicable,not_applicable,not_applicable,not_applicable,-1,-1,not_applicable,not_applicable,True,False,disabled,False,False,False,False,False,False,False
UNAVAILABLE,122,0,0,0.0360982651421,B0,VALIDATION_2025,FIRST_ELIGIBLE_EVENT,da1131234856d62549b728d5,91996a9cf747a614ff6d9e08eaafc3583a58b91c,bdba55b4243a4bfe18cea04d89b2cacabe817322eb581e3ec4461a5f3c4e8737,2b2efafb8d7c0cebbd7b392493ecbc0a279f71ee1d4f74197e18d99ecd8c43a7,801c0bf9d69ecdd58b21fb2ba4392137048b466668344ebfc4c8faf6a0d3e2f1,e0bec27d320343054ccfc584b0ad10e3830babff9e6eceb2d8a1a7f2ea19a86a,excursion_resolution_structural_forecast_v1,4fc1a02dce9ac2311dabaeb4623a559d37286dfe58baffef53828cc7415a3425,MODEL_FULL_REFIT,not_applicable,not_applicable,not_applicable,not_applicable,-1,-1,not_applicable,not_applicable,True,False,disabled,False,False,False,False,False,False,False
RETURN_TO_ORIGIN,27,0,0,0.000697822712354,B0,VALIDATION_2025,ALL_DECISION_ROWS,da1131234856d62549b728d5,91996a9cf747a614ff6d9e08eaafc3583a58b91c,bdba55b4243a4bfe18cea04d89b2cacabe817322eb581e3ec4461a5f3c4e8737,2b2efafb8d7c0cebbd7b392493ecbc0a279f71ee1d4f74197e18d99ecd8c43a7,801c0bf9d69ecdd58b21fb2ba4392137048b466668344ebfc4c8faf6a0d3e2f1,e0bec27d320343054ccfc584b0ad10e3830babff9e6eceb2d8a1a7f2ea19a86a,excursion_resolution_structural_forecast_v1,4fc1a02dce9ac2311dabaeb4623a559d37286dfe58baffef53828cc7415a3425,MODEL_FULL_REFIT,not_applicable,not_applicable,not_applicable,not_applicable,-1,-1,not_applicable,not_applicable,True,False,disabled,False,False,False,False,False,False,False
PARTIAL_RETURN,131,0,0,0.00337505185068,B0,VALIDATION_2025,ALL_DECISION_ROWS,da1131234856d62549b728d5,91996a9cf747a614ff6d9e08eaafc3583a58b91c,bdba55b4243a4bfe18cea04d89b2cacabe817322eb581e3ec4461a5f3c4e8737,2b2efafb8d7c0cebbd7b392493ecbc0a279f71ee1d4f74197e18d99ecd8c43a7,801c0bf9d69ecdd58b21fb2ba4392137048b466668344ebfc4c8faf6a0d3e2f1,e0bec27d320343054ccfc584b0ad10e3830babff9e6eceb2d8a1a7f2ea19a86a,excursion_resolution_structural_forecast_v1,4fc1a02dce9ac2311dabaeb4623a559d37286dfe58baffef53828cc7415a3425,MODEL_FULL_REFIT,not_applicable,not_applicable,not_applicable,not_applicable,-1,-1,not_applicable,not_applicable,True,False,disabled,False,False,False,False,False,False,False
CONTINUE_AWAY,312,0,0,0.00802439675406,B0,VALIDATION_2025,ALL_DECISION_ROWS,da1131234856d62549b728d5,91996a9cf747a614ff6d9e08eaafc3583a58b91c,bdba55b4243a4bfe18cea04d89b2cacabe817322eb581e3ec4461a5f3c4e8737,2b2efafb8d7c0cebbd7b392493ecbc0a279f71ee1d4f74197e18d99ecd8c43a7,801c0bf9d69ecdd58b21fb2ba4392137048b466668344ebfc4c8faf6a0d3e2f1,e0bec27d320343054ccfc584b0ad10e3830babff9e6eceb2d8a1a7f2ea19a86a,excursion_resolution_structural_forecast_v1,4fc1a02dce9ac2311dabaeb4623a559d37286dfe58baffef53828cc7415a3425,MODEL_FULL_REFIT,not_applicable,not_applicable,not_applicable,not_applicable,-1,-1,not_applicable,not_applicable,True,False,disabled,False,False,False,False,False,False,False
ROTATE_TO_NEW_REGION,8311,0,0,0.175144248176,B0,VALIDATION_2025,ALL_DECISION_ROWS,da1131234856d62549b728d5,91996a9cf747a614ff6d9e08eaafc3583a58b91c,bdba55b4243a4bfe18cea04d89b2cacabe817322eb581e3ec4461a5f3c4e8737,2b2efafb8d7c0cebbd7b392493ecbc0a279f71ee1d4f74197e18d99ecd8c43a7,801c0bf9d69ecdd58b21fb2ba4392137048b466668344ebfc4c8faf6a0d3e2f1,e0bec27d320343054ccfc584b0ad10e3830babff9e6eceb2d8a1a7f2ea19a86a,excursion_resolution_structural_forecast_v1,4fc1a02dce9ac2311dabaeb4623a559d37286dfe58baffef53828cc7415a3425,MODEL_FULL_REFIT,not_applicable,not_applicable,not_applicable,not_applicable,-1,-1,not_applicable,not_applicable,True,False,disabled,False,False,False,False,False,False,False
SESSION_END,28399,0.734108827711,1,0.199340138815,B0,VALIDATION_2025,ALL_DECISION_ROWS,da1131234856d62549b728d5,91996a9cf747a614ff6d9e08eaafc3583a58b91c,bdba55b4243a4bfe18cea04d89b2cacabe817322eb581e3ec4461a5f3c4e8737,2b2efafb8d7c0cebbd7b392493ecbc0a279f71ee1d4f74197e18d99ecd8c43a7,801c0bf9d69ecdd58b21fb2ba4392137048b466668344ebfc4c8faf6a0d3e2f1,e0bec27d320343054ccfc584b0ad10e3830babff9e6eceb2d8a1a7f2ea19a86a,excursion_resolution_structural_forecast_v1,4fc1a02dce9ac2311dabaeb4623a559d37286dfe58baffef53828cc7415a3425,MODEL_FULL_REFIT,not_applicable,not_applicable,not_applicable,not_applicable,-1,-1,not_applicable,not_applicable,True,False,disabled,False,False,False,False,False,False,False
UNAVAILABLE,1505,0,0,0.0377853722452,B0,VALIDATION_2025,ALL_DECISION_ROWS,da1131234856d62549b728d5,91996a9cf747a614ff6d9e08eaafc3583a58b91c,bdba55b4243a4bfe18cea04d89b2cacabe817322eb581e3ec4461a5f3c4e8737,2b2efafb8d7c0cebbd7b392493ecbc0a279f71ee1d4f74197e18d99ecd8c43a7,801c0bf9d69ecdd58b21fb2ba4392137048b466668344ebfc4c8faf6a0d3e2f1,e0bec27d320343054ccfc584b0ad10e3830babff9e6eceb2d8a1a7f2ea19a86a,excursion_resolution_structural_forecast_v1,4fc1a02dce9ac2311dabaeb4623a559d37286dfe58baffef53828cc7415a3425,MODEL_FULL_REFIT,not_applicable,not_applicable,not_applicable,not_applicable,-1,-1,not_applicable,not_applicable,True,False,disabled,False,False,False,False,False,False,False
RETURN_TO_ORIGIN,3,0,0,0.000910306426396,B1,VALIDATION_2025,FIRST_ELIGIBLE_EVENT,da1131234856d62549b728d5,91996a9cf747a614ff6d9e08eaafc3583a58b91c,bdba55b4243a4bfe18cea04d89b2cacabe817322eb581e3ec4461a5f3c4e8737,2b2efafb8d7c0cebbd7b392493ecbc0a279f71ee1d4f74197e18d99ecd8c43a7,801c0bf9d69ecdd58b21fb2ba4392137048b466668344ebfc4c8faf6a0d3e2f1,e0bec27d320343054ccfc584b0ad10e3830babff9e6eceb2d8a1a7f2ea19a86a,excursion_resolution_structural_forecast_v1,4fc1a02dce9ac2311dabaeb4623a559d37286dfe58baffef53828cc7415a3425,MODEL_FULL_REFIT,not_applicable,not_applicable,not_applicable,not_applicable,-1,-1,not_applicable,not_applicable,True,False,disabled,False,False,False,False,False,False,False
PARTIAL_RETURN,8,0,0,0.00241573305177,B1,VALIDATION_2025,FIRST_ELIGIBLE_EVENT,da1131234856d62549b728d5,91996a9cf747a614ff6d9e08eaafc3583a58b91c,bdba55b4243a4bfe18cea04d89b2cacabe817322eb581e3ec4461a5f3c4e8737,2b2efafb8d7c0cebbd7b392493ecbc0a279f71ee1d4f74197e18d99ecd8c43a7,801c0bf9d69ecdd58b21fb2ba4392137048b466668344ebfc4c8faf6a0d3e2f1,e0bec27d320343054ccfc584b0ad10e3830babff9e6eceb2d8a1a7f2ea19a86a,excursion_resolution_structural_forecast_v1,4fc1a02dce9ac2311dabaeb4623a559d37286dfe58baffef53828cc7415a3425,MODEL_FULL_REFIT,not_applicable,not_applicable,not_applicable,not_applicable,-1,-1,not_applicable,not_applicable,True,False,disabled,False,False,False,False,False,False,False
CONTINUE_AWAY,26,0,0,0.00775437609871,B1,VALIDATION_2025,FIRST_ELIGIBLE_EVENT,da1131234856d62549b728d5,91996a9cf747a614ff6d9e08eaafc3583a58b91c,bdba55b4243a4bfe18cea04d89b2cacabe817322eb581e3ec4461a5f3c4e8737,2b2efafb8d7c0cebbd7b392493ecbc0a279f71ee1d4f74197e18d99ecd8c43a7,801c0bf9d69ecdd58b21fb2ba4392137048b466668344ebfc4c8faf6a0d3e2f1,e0bec27d320343054ccfc584b0ad10e3830babff9e6eceb2d8a1a7f2ea19a86a,excursion_resolution_structural_forecast_v1,4fc1a02dce9ac2311dabaeb4623a559d37286dfe58baffef53828cc7415a3425,MODEL_FULL_REFIT,not_applicable,not_applicable,not_applicable,not_applicable,-1,-1,not_applicable,not_applicable,True,False,disabled,False,False,False,False,False,False,False
ROTATE_TO_NEW_REGION,740,0.832592592593,0.759459459459,0.0818443548885,B1,VALIDATION_2025,FIRST_ELIGIBLE_EVENT,da1131234856d62549b728d5,91996a9cf747a614ff6d9e08eaafc3583a58b91c,bdba55b4243a4bfe18cea04d89b2cacabe817322eb581e3ec4461a5f3c4e8737,2b2efafb8d7c0cebbd7b392493ecbc0a279f71ee1d4f74197e18d99ecd8c43a7,801c0bf9d69ecdd58b21fb2ba4392137048b466668344ebfc4c8faf6a0d3e2f1,e0bec27d320343054ccfc584b0ad10e3830babff9e6eceb2d8a1a7f2ea19a86a,excursion_resolution_structural_forecast_v1,4fc1a02dce9ac2311dabaeb4623a559d37286dfe58baffef53828cc7415a3425,MODEL_FULL_REFIT,not_applicable,not_applicable,not_applicable,not_applicable,-1,-1,not_applicable,not_applicable,True,False,disabled,False,False,False,False,False,False,False
SESSION_END,2399,0.91460160122,1,0.0621300608192,B1,VALIDATION_2025,FIRST_ELIGIBLE_EVENT,da1131234856d62549b728d5,91996a9cf747a614ff6d9e08eaafc3583a58b91c,bdba55b4243a4bfe18cea04d89b2cacabe817322eb581e3ec4461a5f3c4e8737,2b2efafb8d7c0cebbd7b392493ecbc0a279f71ee1d4f74197e18d99ecd8c43a7,801c0bf9d69ecdd58b21fb2ba4392137048b466668344ebfc4c8faf6a0d3e2f1,e0bec27d320343054ccfc584b0ad10e3830babff9e6eceb2d8a1a7f2ea19a86a,excursion_resolution_structural_forecast_v1,4fc1a02dce9ac2311dabaeb4623a559d37286dfe58baffef53828cc7415a3425,MODEL_FULL_REFIT,not_applicable,not_applicable,not_applicable,not_applicable,-1,-1,not_applicable,not_applicable,True,False,disabled,False,False,False,False,False,False,False
UNAVAILABLE,122,0,0,0.0360603308209,B1,VALIDATION_2025,FIRST_ELIGIBLE_EVENT,da1131234856d62549b728d5,91996a9cf747a614ff6d9e08eaafc3583a58b91c,bdba55b4243a4bfe18cea04d89b2cacabe817322eb581e3ec4461a5f3c4e8737,2b2efafb8d7c0cebbd7b392493ecbc0a279f71ee1d4f74197e18d99ecd8c43a7,801c0bf9d69ecdd58b21fb2ba4392137048b466668344ebfc4c8faf6a0d3e2f1,e0bec27d320343054ccfc584b0ad10e3830babff9e6eceb2d8a1a7f2ea19a86a,excursion_resolution_structural_forecast_v1,4fc1a02dce9ac2311dabaeb4623a559d37286dfe58baffef53828cc7415a3425,MODEL_FULL_REFIT,not_applicable,not_applicable,not_applicable,not_applicable,-1,-1,not_applicable,not_applicable,True,False,disabled,False,False,False,False,False,False,False
RETURN_TO_ORIGIN,27,0,0,0.000699012845509,B1,VALIDATION_2025,ALL_DECISION_ROWS,da1131234856d62549b728d5,91996a9cf747a614ff6d9e08eaafc3583a58b91c,bdba55b4243a4bfe18cea04d89b2cacabe817322eb581e3ec4461a5f3c4e8737,2b2efafb8d7c0cebbd7b392493ecbc0a279f71ee1d4f74197e18d99ecd8c43a7,801c0bf9d69ecdd58b21fb2ba4392137048b466668344ebfc4c8faf6a0d3e2f1,e0bec27d320343054ccfc584b0ad10e3830babff9e6eceb2d8a1a7f2ea19a86a,excursion_resolution_structural_forecast_v1,4fc1a02dce9ac2311dabaeb4623a559d37286dfe58baffef53828cc7415a3425,MODEL_FULL_REFIT,not_applicable,not_applicable,not_applicable,not_applicable,-1,-1,not_applicable,not_applicable,True,False,disabled,False,False,False,False,False,False,False
PARTIAL_RETURN,131,0,0,0.00337572654622,B1,VALIDATION_2025,ALL_DECISION_ROWS,da1131234856d62549b728d5,91996a9cf747a614ff6d9e08eaafc3583a58b91c,bdba55b4243a4bfe18cea04d89b2cacabe817322eb581e3ec4461a5f3c4e8737,2b2efafb8d7c0cebbd7b392493ecbc0a279f71ee1d4f74197e18d99ecd8c43a7,801c0bf9d69ecdd58b21fb2ba4392137048b466668344ebfc4c8faf6a0d3e2f1,e0bec27d320343054ccfc584b0ad10e3830babff9e6eceb2d8a1a7f2ea19a86a,excursion_resolution_structural_forecast_v1,4fc1a02dce9ac2311dabaeb4623a559d37286dfe58baffef53828cc7415a3425,MODEL_FULL_REFIT,not_applicable,not_applicable,not_applicable,not_applicable,-1,-1,not_applicable,not_applicable,True,False,disabled,False,False,False,False,False,False,False
CONTINUE_AWAY,312,0,0,0.00793433130616,B1,VALIDATION_2025,ALL_DECISION_ROWS,da1131234856d62549b728d5,91996a9cf747a614ff6d9e08eaafc3583a58b91c,bdba55b4243a4bfe18cea04d89b2cacabe817322eb581e3ec4461a5f3c4e8737,2b2efafb8d7c0cebbd7b392493ecbc0a279f71ee1d4f74197e18d99ecd8c43a7,801c0bf9d69ecdd58b21fb2ba4392137048b466668344ebfc4c8faf6a0d3e2f1,e0bec27d320343054ccfc584b0ad10e3830babff9e6eceb2d8a1a7f2ea19a86a,excursion_resolution_structural_forecast_v1,4fc1a02dce9ac2311dabaeb4623a559d37286dfe58baffef53828cc7415a3425,MODEL_FULL_REFIT,not_applicable,not_applicable,not_applicable,not_applicable,-1,-1,not_applicable,not_applicable,True,False,disabled,False,False,False,False,False,False,False
ROTATE_TO_NEW_REGION,8311,0.802033405955,0.664420647335,0.0966573519756,B1,VALIDATION_2025,ALL_DECISION_ROWS,da1131234856d62549b728d5,91996a9cf747a614ff6d9e08eaafc3583a58b91c,bdba55b4243a4bfe18cea04d89b2cacabe817322eb581e3ec4461a5f3c4e8737,2b2efafb8d7c0cebbd7b392493ecbc0a279f71ee1d4f74197e18d99ecd8c43a7,801c0bf9d69ecdd58b21fb2ba4392137048b466668344ebfc4c8faf6a0d3e2f1,e0bec27d320343054ccfc584b0ad10e3830babff9e6eceb2d8a1a7f2ea19a86a,excursion_resolution_structural_forecast_v1,4fc1a02dce9ac2311dabaeb4623a559d37286dfe58baffef53828cc7415a3425,MODEL_FULL_REFIT,not_applicable,not_applicable,not_applicable,not_applicable,-1,-1,not_applicable,not_applicable,True,False,disabled,False,False,False,False,False,False,False
SESSION_END,28399,0.893050314465,1,0.0790328649291,B1,VALIDATION_2025,ALL_DECISION_ROWS,da1131234856d62549b728d5,91996a9cf747a614ff6d9e08eaafc3583a58b91c,bdba55b4243a4bfe18cea04d89b2cacabe817322eb581e3ec4461a5f3c4e8737,2b2efafb8d7c0cebbd7b392493ecbc0a279f71ee1d4f74197e18d99ecd8c43a7,801c0bf9d69ecdd58b21fb2ba4392137048b466668344ebfc4c8faf6a0d3e2f1,e0bec27d320343054ccfc584b0ad10e3830babff9e6eceb2d8a1a7f2ea19a86a,excursion_resolution_structural_forecast_v1,4fc1a02dce9ac2311dabaeb4623a559d37286dfe58baffef53828cc7415a3425,MODEL_FULL_REFIT,not_applicable,not_applicable,not_applicable,not_applicable,-1,-1,not_applicable,not_applicable,True,False,disabled,False,False,False,False,False,False,False
UNAVAILABLE,1505,0,0,0.0355546975549,B1,VALIDATION_2025,ALL_DECISION_ROWS,da1131234856d62549b728d5,91996a9cf747a614ff6d9e08eaafc3583a58b91c,bdba55b4243a4bfe18cea04d89b2cacabe817322eb581e3ec4461a5f3c4e8737,2b2efafb8d7c0cebbd7b392493ecbc0a279f71ee1d4f74197e18d99ecd8c43a7,801c0bf9d69ecdd58b21fb2ba4392137048b466668344ebfc4c8faf6a0d3e2f1,e0bec27d320343054ccfc584b0ad10e3830babff9e6eceb2d8a1a7f2ea19a86a,excursion_resolution_structural_forecast_v1,4fc1a02dce9ac2311dabaeb4623a559d37286dfe58baffef53828cc7415a3425,MODEL_FULL_REFIT,not_applicable,not_applicable,not_applicable,not_applicable,-1,-1,not_applicable,not_applicable,True,False,disabled,False,False,False,False,False,False,False
RETURN_TO_ORIGIN,3,0,0,0.000909207731544,B4,VALIDATION_2025,FIRST_ELIGIBLE_EVENT,da1131234856d62549b728d5,91996a9cf747a614ff6d9e08eaafc3583a58b91c,bdba55b4243a4bfe18cea04d89b2cacabe817322eb581e3ec4461a5f3c4e8737,2b2efafb8d7c0cebbd7b392493ecbc0a279f71ee1d4f74197e18d99ecd8c43a7,801c0bf9d69ecdd58b21fb2ba4392137048b466668344ebfc4c8faf6a0d3e2f1,e0bec27d320343054ccfc584b0ad10e3830babff9e6eceb2d8a1a7f2ea19a86a,excursion_resolution_structural_forecast_v1,4fc1a02dce9ac2311dabaeb4623a559d37286dfe58baffef53828cc7415a3425,MODEL_FULL_REFIT,not_applicable,not_applicable,not_applicable,not_applicable,-1,-1,not_applicable,not_applicable,True,False,disabled,False,False,False,False,False,False,False
PARTIAL_RETURN,8,0,0,0.00242135052979,B4,VALIDATION_2025,FIRST_ELIGIBLE_EVENT,da1131234856d62549b728d5,91996a9cf747a614ff6d9e08eaafc3583a58b91c,bdba55b4243a4bfe18cea04d89b2cacabe817322eb581e3ec4461a5f3c4e8737,2b2efafb8d7c0cebbd7b392493ecbc0a279f71ee1d4f74197e18d99ecd8c43a7,801c0bf9d69ecdd58b21fb2ba4392137048b466668344ebfc4c8faf6a0d3e2f1,e0bec27d320343054ccfc584b0ad10e3830babff9e6eceb2d8a1a7f2ea19a86a,excursion_resolution_structural_forecast_v1,4fc1a02dce9ac2311dabaeb4623a559d37286dfe58baffef53828cc7415a3425,MODEL_FULL_REFIT,not_applicable,not_applicable,not_applicable,not_applicable,-1,-1,not_applicable,not_applicable,True,False,disabled,False,False,False,False,False,False,False
CONTINUE_AWAY,26,0,0,0.0078437333781,B4,VALIDATION_2025,FIRST_ELIGIBLE_EVENT,da1131234856d62549b728d5,91996a9cf747a614ff6d9e08eaafc3583a58b91c,bdba55b4243a4bfe18cea04d89b2cacabe817322eb581e3ec4461a5f3c4e8737,2b2efafb8d7c0cebbd7b392493ecbc0a279f71ee1d4f74197e18d99ecd8c43a7,801c0bf9d69ecdd58b21fb2ba4392137048b466668344ebfc4c8faf6a0d3e2f1,e0bec27d320343054ccfc584b0ad10e3830babff9e6eceb2d8a1a7f2ea19a86a,excursion_resolution_structural_forecast_v1,4fc1a02dce9ac2311dabaeb4623a559d37286dfe58baffef53828cc7415a3425,MODEL_FULL_REFIT,not_applicable,not_applicable,not_applicable,not_applicable,-1,-1,not_applicable,not_applicable,True,False,disabled,False,False,False,False,False,False,False
ROTATE_TO_NEW_REGION,740,0,0,0.181917067962,B4,VALIDATION_2025,FIRST_ELIGIBLE_EVENT,da1131234856d62549b728d5,91996a9cf747a614ff6d9e08eaafc3583a58b91c,bdba55b4243a4bfe18cea04d89b2cacabe817322eb581e3ec4461a5f3c4e8737,2b2efafb8d7c0cebbd7b392493ecbc0a279f71ee1d4f74197e18d99ecd8c43a7,801c0bf9d69ecdd58b21fb2ba4392137048b466668344ebfc4c8faf6a0d3e2f1,e0bec27d320343054ccfc584b0ad10e3830babff9e6eceb2d8a1a7f2ea19a86a,excursion_resolution_structural_forecast_v1,4fc1a02dce9ac2311dabaeb4623a559d37286dfe58baffef53828cc7415a3425,MODEL_FULL_REFIT,not_applicable,not_applicable,not_applicable,not_applicable,-1,-1,not_applicable,not_applicable,True,False,disabled,False,False,False,False,False,False,False
SESSION_END,2399,0.72741055185,1,0.203195263772,B4,VALIDATION_2025,FIRST_ELIGIBLE_EVENT,da1131234856d62549b728d5,91996a9cf747a614ff6d9e08eaafc3583a58b91c,bdba55b4243a4bfe18cea04d89b2cacabe817322eb581e3ec4461a5f3c4e8737,2b2efafb8d7c0cebbd7b392493ecbc0a279f71ee1d4f74197e18d99ecd8c43a7,801c0bf9d69ecdd58b21fb2ba4392137048b466668344ebfc4c8faf6a0d3e2f1,e0bec27d320343054ccfc584b0ad10e3830babff9e6eceb2d8a1a7f2ea19a86a,excursion_resolution_structural_forecast_v1,4fc1a02dce9ac2311dabaeb4623a559d37286dfe58baffef53828cc7415a3425,MODEL_FULL_REFIT,not_applicable,not_applicable,not_applicable,not_applicable,-1,-1,not_applicable,not_applicable,True,False,disabled,False,False,False,False,False,False,False
UNAVAILABLE,122,0,0,0.0361457950163,B4,VALIDATION_2025,FIRST_ELIGIBLE_EVENT,da1131234856d62549b728d5,91996a9cf747a614ff6d9e08eaafc3583a58b91c,bdba55b4243a4bfe18cea04d89b2cacabe817322eb581e3ec4461a5f3c4e8737,2b2efafb8d7c0cebbd7b392493ecbc0a279f71ee1d4f74197e18d99ecd8c43a7,801c0bf9d69ecdd58b21fb2ba4392137048b466668344ebfc4c8faf6a0d3e2f1,e0bec27d320343054ccfc584b0ad10e3830babff9e6eceb2d8a1a7f2ea19a86a,excursion_resolution_structural_forecast_v1,4fc1a02dce9ac2311dabaeb4623a559d37286dfe58baffef53828cc7415a3425,MODEL_FULL_REFIT,not_applicable,not_applicable,not_applicable,not_applicable,-1,-1,not_applicable,not_applicable,True,False,disabled,False,False,False,False,False,False,False
RETURN_TO_ORIGIN,27,0,0,0.000697934717342,B4,VALIDATION_2025,ALL_DECISION_ROWS,da1131234856d62549b728d5,91996a9cf747a614ff6d9e08eaafc3583a58b91c,bdba55b4243a4bfe18cea04d89b2cacabe817322eb581e3ec4461a5f3c4e8737,2b2efafb8d7c0cebbd7b392493ecbc0a279f71ee1d4f74197e18d99ecd8c43a7,801c0bf9d69ecdd58b21fb2ba4392137048b466668344ebfc4c8faf6a0d3e2f1,e0bec27d320343054ccfc584b0ad10e3830babff9e6eceb2d8a1a7f2ea19a86a,excursion_resolution_structural_forecast_v1,4fc1a02dce9ac2311dabaeb4623a559d37286dfe58baffef53828cc7415a3425,MODEL_FULL_REFIT,not_applicable,not_applicable,not_applicable,not_applicable,-1,-1,not_applicable,not_applicable,True,False,disabled,False,False,False,False,False,False,False
PARTIAL_RETURN,131,0,0,0.00337499599411,B4,VALIDATION_2025,ALL_DECISION_ROWS,da1131234856d62549b728d5,91996a9cf747a614ff6d9e08eaafc3583a58b91c,bdba55b4243a4bfe18cea04d89b2cacabe817322eb581e3ec4461a5f3c4e8737,2b2efafb8d7c0cebbd7b392493ecbc0a279f71ee1d4f74197e18d99ecd8c43a7,801c0bf9d69ecdd58b21fb2ba4392137048b466668344ebfc4c8faf6a0d3e2f1,e0bec27d320343054ccfc584b0ad10e3830babff9e6eceb2d8a1a7f2ea19a86a,excursion_resolution_structural_forecast_v1,4fc1a02dce9ac2311dabaeb4623a559d37286dfe58baffef53828cc7415a3425,MODEL_FULL_REFIT,not_applicable,not_applicable,not_applicable,not_applicable,-1,-1,not_applicable,not_applicable,True,False,disabled,False,False,False,False,False,False,False
CONTINUE_AWAY,312,0,0,0.00802406901083,B4,VALIDATION_2025,ALL_DECISION_ROWS,da1131234856d62549b728d5,91996a9cf747a614ff6d9e08eaafc3583a58b91c,bdba55b4243a4bfe18cea04d89b2cacabe817322eb581e3ec4461a5f3c4e8737,2b2efafb8d7c0cebbd7b392493ecbc0a279f71ee1d4f74197e18d99ecd8c43a7,801c0bf9d69ecdd58b21fb2ba4392137048b466668344ebfc4c8faf6a0d3e2f1,e0bec27d320343054ccfc584b0ad10e3830babff9e6eceb2d8a1a7f2ea19a86a,excursion_resolution_structural_forecast_v1,4fc1a02dce9ac2311dabaeb4623a559d37286dfe58baffef53828cc7415a3425,MODEL_FULL_REFIT,not_applicable,not_applicable,not_applicable,not_applicable,-1,-1,not_applicable,not_applicable,True,False,disabled,False,False,False,False,False,False,False
ROTATE_TO_NEW_REGION,8311,0,0,0.175158240198,B4,VALIDATION_2025,ALL_DECISION_ROWS,da1131234856d62549b728d5,91996a9cf747a614ff6d9e08eaafc3583a58b91c,bdba55b4243a4bfe18cea04d89b2cacabe817322eb581e3ec4461a5f3c4e8737,2b2efafb8d7c0cebbd7b392493ecbc0a279f71ee1d4f74197e18d99ecd8c43a7,801c0bf9d69ecdd58b21fb2ba4392137048b466668344ebfc4c8faf6a0d3e2f1,e0bec27d320343054ccfc584b0ad10e3830babff9e6eceb2d8a1a7f2ea19a86a,excursion_resolution_structural_forecast_v1,4fc1a02dce9ac2311dabaeb4623a559d37286dfe58baffef53828cc7415a3425,MODEL_FULL_REFIT,not_applicable,not_applicable,not_applicable,not_applicable,-1,-1,not_applicable,not_applicable,True,False,disabled,False,False,False,False,False,False,False
SESSION_END,28399,0.734108827711,1,0.199350755602,B4,VALIDATION_2025,ALL_DECISION_ROWS,da1131234856d62549b728d5,91996a9cf747a614ff6d9e08eaafc3583a58b91c,bdba55b4243a4bfe18cea04d89b2cacabe817322eb581e3ec4461a5f3c4e8737,2b2efafb8d7c0cebbd7b392493ecbc0a279f71ee1d4f74197e18d99ecd8c43a7,801c0bf9d69ecdd58b21fb2ba4392137048b466668344ebfc4c8faf6a0d3e2f1,e0bec27d320343054ccfc584b0ad10e3830babff9e6eceb2d8a1a7f2ea19a86a,excursion_resolution_structural_forecast_v1,4fc1a02dce9ac2311dabaeb4623a559d37286dfe58baffef53828cc7415a3425,MODEL_FULL_REFIT,not_applicable,not_applicable,not_applicable,not_applicable,-1,-1,not_applicable,not_applicable,True,False,disabled,False,False,False,False,False,False,False
UNAVAILABLE,1505,0,0,0.0377863806901,B4,VALIDATION_2025,ALL_DECISION_ROWS,da1131234856d62549b728d5,91996a9cf747a614ff6d9e08eaafc3583a58b91c,bdba55b4243a4bfe18cea04d89b2cacabe817322eb581e3ec4461a5f3c4e8737,2b2efafb8d7c0cebbd7b392493ecbc0a279f71ee1d4f74197e18d99ecd8c43a7,801c0bf9d69ecdd58b21fb2ba4392137048b466668344ebfc4c8faf6a0d3e2f1,e0bec27d320343054ccfc584b0ad10e3830babff9e6eceb2d8a1a7f2ea19a86a,excursion_resolution_structural_forecast_v1,4fc1a02dce9ac2311dabaeb4623a559d37286dfe58baffef53828cc7415a3425,MODEL_FULL_REFIT,not_applicable,not_applicable,not_applicable,not_applicable,-1,-1,not_applicable,not_applicable,True,False,disabled,False,False,False,False,False,False,False
RETURN_TO_ORIGIN,3,0,0,0.000914482654073,B5,VALIDATION_2025,FIRST_ELIGIBLE_EVENT,da1131234856d62549b728d5,91996a9cf747a614ff6d9e08eaafc3583a58b91c,bdba55b4243a4bfe18cea04d89b2cacabe817322eb581e3ec4461a5f3c4e8737,2b2efafb8d7c0cebbd7b392493ecbc0a279f71ee1d4f74197e18d99ecd8c43a7,801c0bf9d69ecdd58b21fb2ba4392137048b466668344ebfc4c8faf6a0d3e2f1,e0bec27d320343054ccfc584b0ad10e3830babff9e6eceb2d8a1a7f2ea19a86a,excursion_resolution_structural_forecast_v1,4fc1a02dce9ac2311dabaeb4623a559d37286dfe58baffef53828cc7415a3425,MODEL_FULL_REFIT,not_applicable,not_applicable,not_applicable,not_applicable,-1,-1,not_applicable,not_applicable,True,False,disabled,False,False,False,False,False,False,False
PARTIAL_RETURN,8,0,0,0.00241921155662,B5,VALIDATION_2025,FIRST_ELIGIBLE_EVENT,da1131234856d62549b728d5,91996a9cf747a614ff6d9e08eaafc3583a58b91c,bdba55b4243a4bfe18cea04d89b2cacabe817322eb581e3ec4461a5f3c4e8737,2b2efafb8d7c0cebbd7b392493ecbc0a279f71ee1d4f74197e18d99ecd8c43a7,801c0bf9d69ecdd58b21fb2ba4392137048b466668344ebfc4c8faf6a0d3e2f1,e0bec27d320343054ccfc584b0ad10e3830babff9e6eceb2d8a1a7f2ea19a86a,excursion_resolution_structural_forecast_v1,4fc1a02dce9ac2311dabaeb4623a559d37286dfe58baffef53828cc7415a3425,MODEL_FULL_REFIT,not_applicable,not_applicable,not_applicable,not_applicable,-1,-1,not_applicable,not_applicable,True,False,disabled,False,False,False,False,False,False,False
CONTINUE_AWAY,26,0,0,0.00784105510754,B5,VALIDATION_2025,FIRST_ELIGIBLE_EVENT,da1131234856d62549b728d5,91996a9cf747a614ff6d9e08eaafc3583a58b91c,bdba55b4243a4bfe18cea04d89b2cacabe817322eb581e3ec4461a5f3c4e8737,2b2efafb8d7c0cebbd7b392493ecbc0a279f71ee1d4f74197e18d99ecd8c43a7,801c0bf9d69ecdd58b21fb2ba4392137048b466668344ebfc4c8faf6a0d3e2f1,e0bec27d320343054ccfc584b0ad10e3830babff9e6eceb2d8a1a7f2ea19a86a,excursion_resolution_structural_forecast_v1,4fc1a02dce9ac2311dabaeb4623a559d37286dfe58baffef53828cc7415a3425,MODEL_FULL_REFIT,not_applicable,not_applicable,not_applicable,not_applicable,-1,-1,not_applicable,not_applicable,True,False,disabled,False,False,False,False,False,False,False
ROTATE_TO_NEW_REGION,740,0,0,0.181890309505,B5,VALIDATION_2025,FIRST_ELIGIBLE_EVENT,da1131234856d62549b728d5,91996a9cf747a614ff6d9e08eaafc3583a58b91c,bdba55b4243a4bfe18cea04d89b2cacabe817322eb581e3ec4461a5f3c4e8737,2b2efafb8d7c0cebbd7b392493ecbc0a279f71ee1d4f74197e18d99ecd8c43a7,801c0bf9d69ecdd58b21fb2ba4392137048b466668344ebfc4c8faf6a0d3e2f1,e0bec27d320343054ccfc584b0ad10e3830babff9e6eceb2d8a1a7f2ea19a86a,excursion_resolution_structural_forecast_v1,4fc1a02dce9ac2311dabaeb4623a559d37286dfe58baffef53828cc7415a3425,MODEL_FULL_REFIT,not_applicable,not_applicable,not_applicable,not_applicable,-1,-1,not_applicable,not_applicable,True,False,disabled,False,False,False,False,False,False,False
SESSION_END,2399,0.72741055185,1,0.203145229564,B5,VALIDATION_2025,FIRST_ELIGIBLE_EVENT,da1131234856d62549b728d5,91996a9cf747a614ff6d9e08eaafc3583a58b91c,bdba55b4243a4bfe18cea04d89b2cacabe817322eb581e3ec4461a5f3c4e8737,2b2efafb8d7c0cebbd7b392493ecbc0a279f71ee1d4f74197e18d99ecd8c43a7,801c0bf9d69ecdd58b21fb2ba4392137048b466668344ebfc4c8faf6a0d3e2f1,e0bec27d320343054ccfc584b0ad10e3830babff9e6eceb2d8a1a7f2ea19a86a,excursion_resolution_structural_forecast_v1,4fc1a02dce9ac2311dabaeb4623a559d37286dfe58baffef53828cc7415a3425,MODEL_FULL_REFIT,not_applicable,not_applicable,not_applicable,not_applicable,-1,-1,not_applicable,not_applicable,True,False,disabled,False,False,False,False,False,False,False
UNAVAILABLE,122,0,0,0.036125582517,B5,VALIDATION_2025,FIRST_ELIGIBLE_EVENT,da1131234856d62549b728d5,91996a9cf747a614ff6d9e08eaafc3583a58b91c,bdba55b4243a4bfe18cea04d89b2cacabe817322eb581e3ec4461a5f3c4e8737,2b2efafb8d7c0cebbd7b392493ecbc0a279f71ee1d4f74197e18d99ecd8c43a7,801c0bf9d69ecdd58b21fb2ba4392137048b466668344ebfc4c8faf6a0d3e2f1,e0bec27d320343054ccfc584b0ad10e3830babff9e6eceb2d8a1a7f2ea19a86a,excursion_resolution_structural_forecast_v1,4fc1a02dce9ac2311dabaeb4623a559d37286dfe58baffef53828cc7415a3425,MODEL_FULL_REFIT,not_applicable,not_applicable,not_applicable,not_applicable,-1,-1,not_applicable,not_applicable,True,False,disabled,False,False,False,False,False,False,False
RETURN_TO_ORIGIN,27,0,0,0.000698406533556,B5,VALIDATION_2025,ALL_DECISION_ROWS,da1131234856d62549b728d5,91996a9cf747a614ff6d9e08eaafc3583a58b91c,bdba55b4243a4bfe18cea04d89b2cacabe817322eb581e3ec4461a5f3c4e8737,2b2efafb8d7c0cebbd7b392493ecbc0a279f71ee1d4f74197e18d99ecd8c43a7,801c0bf9d69ecdd58b21fb2ba4392137048b466668344ebfc4c8faf6a0d3e2f1,e0bec27d320343054ccfc584b0ad10e3830babff9e6eceb2d8a1a7f2ea19a86a,excursion_resolution_structural_forecast_v1,4fc1a02dce9ac2311dabaeb4623a559d37286dfe58baffef53828cc7415a3425,MODEL_FULL_REFIT,not_applicable,not_applicable,not_applicable,not_applicable,-1,-1,not_applicable,not_applicable,True,False,disabled,False,False,False,False,False,False,False
PARTIAL_RETURN,131,0,0,0.00335792763485,B5,VALIDATION_2025,ALL_DECISION_ROWS,da1131234856d62549b728d5,91996a9cf747a614ff6d9e08eaafc3583a58b91c,bdba55b4243a4bfe18cea04d89b2cacabe817322eb581e3ec4461a5f3c4e8737,2b2efafb8d7c0cebbd7b392493ecbc0a279f71ee1d4f74197e18d99ecd8c43a7,801c0bf9d69ecdd58b21fb2ba4392137048b466668344ebfc4c8faf6a0d3e2f1,e0bec27d320343054ccfc584b0ad10e3830babff9e6eceb2d8a1a7f2ea19a86a,excursion_resolution_structural_forecast_v1,4fc1a02dce9ac2311dabaeb4623a559d37286dfe58baffef53828cc7415a3425,MODEL_FULL_REFIT,not_applicable,not_applicable,not_applicable,not_applicable,-1,-1,not_applicable,not_applicable,True,False,disabled,False,False,False,False,False,False,False
CONTINUE_AWAY,312,0,0,0.0080231277048,B5,VALIDATION_2025,ALL_DECISION_ROWS,da1131234856d62549b728d5,91996a9cf747a614ff6d9e08eaafc3583a58b91c,bdba55b4243a4bfe18cea04d89b2cacabe817322eb581e3ec4461a5f3c4e8737,2b2efafb8d7c0cebbd7b392493ecbc0a279f71ee1d4f74197e18d99ecd8c43a7,801c0bf9d69ecdd58b21fb2ba4392137048b466668344ebfc4c8faf6a0d3e2f1,e0bec27d320343054ccfc584b0ad10e3830babff9e6eceb2d8a1a7f2ea19a86a,excursion_resolution_structural_forecast_v1,4fc1a02dce9ac2311dabaeb4623a559d37286dfe58baffef53828cc7415a3425,MODEL_FULL_REFIT,not_applicable,not_applicable,not_applicable,not_applicable,-1,-1,not_applicable,not_applicable,True,False,disabled,False,False,False,False,False,False,False
ROTATE_TO_NEW_REGION,8311,0,0,0.174574229713,B5,VALIDATION_2025,ALL_DECISION_ROWS,da1131234856d62549b728d5,91996a9cf747a614ff6d9e08eaafc3583a58b91c,bdba55b4243a4bfe18cea04d89b2cacabe817322eb581e3ec4461a5f3c4e8737,2b2efafb8d7c0cebbd7b392493ecbc0a279f71ee1d4f74197e18d99ecd8c43a7,801c0bf9d69ecdd58b21fb2ba4392137048b466668344ebfc4c8faf6a0d3e2f1,e0bec27d320343054ccfc584b0ad10e3830babff9e6eceb2d8a1a7f2ea19a86a,excursion_resolution_structural_forecast_v1,4fc1a02dce9ac2311dabaeb4623a559d37286dfe58baffef53828cc7415a3425,MODEL_FULL_REFIT,not_applicable,not_applicable,not_applicable,not_applicable,-1,-1,not_applicable,not_applicable,True,False,disabled,False,False,False,False,False,False,False
SESSION_END,28399,0.734108827711,1,0.198807082502,B5,VALIDATION_2025,ALL_DECISION_ROWS,da1131234856d62549b728d5,91996a9cf747a614ff6d9e08eaafc3583a58b91c,bdba55b4243a4bfe18cea04d89b2cacabe817322eb581e3ec4461a5f3c4e8737,2b2efafb8d7c0cebbd7b392493ecbc0a279f71ee1d4f74197e18d99ecd8c43a7,801c0bf9d69ecdd58b21fb2ba4392137048b466668344ebfc4c8faf6a0d3e2f1,e0bec27d320343054ccfc584b0ad10e3830babff9e6eceb2d8a1a7f2ea19a86a,excursion_resolution_structural_forecast_v1,4fc1a02dce9ac2311dabaeb4623a559d37286dfe58baffef53828cc7415a3425,MODEL_FULL_REFIT,not_applicable,not_applicable,not_applicable,not_applicable,-1,-1,not_applicable,not_applicable,True,False,disabled,False,False,False,False,False,False,False
UNAVAILABLE,1505,0,0,0.03777309827,B5,VALIDATION_2025,ALL_DECISION_ROWS,da1131234856d62549b728d5,91996a9cf747a614ff6d9e08eaafc3583a58b91c,bdba55b4243a4bfe18cea04d89b2cacabe817322eb581e3ec4461a5f3c4e8737,2b2efafb8d7c0cebbd7b392493ecbc0a279f71ee1d4f74197e18d99ecd8c43a7,801c0bf9d69ecdd58b21fb2ba4392137048b466668344ebfc4c8faf6a0d3e2f1,e0bec27d320343054ccfc584b0ad10e3830babff9e6eceb2d8a1a7f2ea19a86a,excursion_resolution_structural_forecast_v1,4fc1a02dce9ac2311dabaeb4623a559d37286dfe58baffef53828cc7415a3425,MODEL_FULL_REFIT,not_applicable,not_applicable,not_applicable,not_applicable,-1,-1,not_applicable,not_applicable,True,False,disabled,False,False,False,False,False,False,False
RETURN_TO_ORIGIN,3,0,0,0.000914673121416,B2,VALIDATION_2025,FIRST_ELIGIBLE_EVENT,da1131234856d62549b728d5,91996a9cf747a614ff6d9e08eaafc3583a58b91c,bdba55b4243a4bfe18cea04d89b2cacabe817322eb581e3ec4461a5f3c4e8737,2b2efafb8d7c0cebbd7b392493ecbc0a279f71ee1d4f74197e18d99ecd8c43a7,801c0bf9d69ecdd58b21fb2ba4392137048b466668344ebfc4c8faf6a0d3e2f1,e0bec27d320343054ccfc584b0ad10e3830babff9e6eceb2d8a1a7f2ea19a86a,excursion_resolution_structural_forecast_v1,4fc1a02dce9ac2311dabaeb4623a559d37286dfe58baffef53828cc7415a3425,MODEL_FULL_REFIT,not_applicable,not_applicable,not_applicable,not_applicable,-1,-1,not_applicable,not_applicable,True,False,disabled,False,False,False,False,False,False,False
PARTIAL_RETURN,8,0,0,0.00241493517423,B2,VALIDATION_2025,FIRST_ELIGIBLE_EVENT,da1131234856d62549b728d5,91996a9cf747a614ff6d9e08eaafc3583a58b91c,bdba55b4243a4bfe18cea04d89b2cacabe817322eb581e3ec4461a5f3c4e8737,2b2efafb8d7c0cebbd7b392493ecbc0a279f71ee1d4f74197e18d99ecd8c43a7,801c0bf9d69ecdd58b21fb2ba4392137048b466668344ebfc4c8faf6a0d3e2f1,e0bec27d320343054ccfc584b0ad10e3830babff9e6eceb2d8a1a7f2ea19a86a,excursion_resolution_structural_forecast_v1,4fc1a02dce9ac2311dabaeb4623a559d37286dfe58baffef53828cc7415a3425,MODEL_FULL_REFIT,not_applicable,not_applicable,not_applicable,not_applicable,-1,-1,not_applicable,not_applicable,True,False,disabled,False,False,False,False,False,False,False
CONTINUE_AWAY,26,0,0,0.0077375473288,B2,VALIDATION_2025,FIRST_ELIGIBLE_EVENT,da1131234856d62549b728d5,91996a9cf747a614ff6d9e08eaafc3583a58b91c,bdba55b4243a4bfe18cea04d89b2cacabe817322eb581e3ec4461a5f3c4e8737,2b2efafb8d7c0cebbd7b392493ecbc0a279f71ee1d4f74197e18d99ecd8c43a7,801c0bf9d69ecdd58b21fb2ba4392137048b466668344ebfc4c8faf6a0d3e2f1,e0bec27d320343054ccfc584b0ad10e3830babff9e6eceb2d8a1a7f2ea19a86a,excursion_resolution_structural_forecast_v1,4fc1a02dce9ac2311dabaeb4623a559d37286dfe58baffef53828cc7415a3425,MODEL_FULL_REFIT,not_applicable,not_applicable,not_applicable,not_applicable,-1,-1,not_applicable,not_applicable,True,False,disabled,False,False,False,False,False,False,False
ROTATE_TO_NEW_REGION,740,0.832592592593,0.759459459459,0.0826099535215,B2,VALIDATION_2025,FIRST_ELIGIBLE_EVENT,da1131234856d62549b728d5,91996a9cf747a614ff6d9e08eaafc3583a58b91c,bdba55b4243a4bfe18cea04d89b2cacabe817322eb581e3ec4461a5f3c4e8737,2b2efafb8d7c0cebbd7b392493ecbc0a279f71ee1d4f74197e18d99ecd8c43a7,801c0bf9d69ecdd58b21fb2ba4392137048b466668344ebfc4c8faf6a0d3e2f1,e0bec27d320343054ccfc584b0ad10e3830babff9e6eceb2d8a1a7f2ea19a86a,excursion_resolution_structural_forecast_v1,4fc1a02dce9ac2311dabaeb4623a559d37286dfe58baffef53828cc7415a3425,MODEL_FULL_REFIT,not_applicable,not_applicable,not_applicable,not_applicable,-1,-1,not_applicable,not_applicable,True,False,disabled,False,False,False,False,False,False,False
SESSION_END,2399,0.91460160122,1,0.0631197831672,B2,VALIDATION_2025,FIRST_ELIGIBLE_EVENT,da1131234856d62549b728d5,91996a9cf747a614ff6d9e08eaafc3583a58b91c,bdba55b4243a4bfe18cea04d89b2cacabe817322eb581e3ec4461a5f3c4e8737,2b2efafb8d7c0cebbd7b392493ecbc0a279f71ee1d4f74197e18d99ecd8c43a7,801c0bf9d69ecdd58b21fb2ba4392137048b466668344ebfc4c8faf6a0d3e2f1,e0bec27d320343054ccfc584b0ad10e3830babff9e6eceb2d8a1a7f2ea19a86a,excursion_resolution_structural_forecast_v1,4fc1a02dce9ac2311dabaeb4623a559d37286dfe58baffef53828cc7415a3425,MODEL_FULL_REFIT,not_applicable,not_applicable,not_applicable,not_applicable,-1,-1,not_applicable,not_applicable,True,False,disabled,False,False,False,False,False,False,False
UNAVAILABLE,122,0,0,0.040829029086,B2,VALIDATION_2025,FIRST_ELIGIBLE_EVENT,da1131234856d62549b728d5,91996a9cf747a614ff6d9e08eaafc3583a58b91c,bdba55b4243a4bfe18cea04d89b2cacabe817322eb581e3ec4461a5f3c4e8737,2b2efafb8d7c0cebbd7b392493ecbc0a279f71ee1d4f74197e18d99ecd8c43a7,801c0bf9d69ecdd58b21fb2ba4392137048b466668344ebfc4c8faf6a0d3e2f1,e0bec27d320343054ccfc584b0ad10e3830babff9e6eceb2d8a1a7f2ea19a86a,excursion_resolution_structural_forecast_v1,4fc1a02dce9ac2311dabaeb4623a559d37286dfe58baffef53828cc7415a3425,MODEL_FULL_REFIT,not_applicable,not_applicable,not_applicable,not_applicable,-1,-1,not_applicable,not_applicable,True,False,disabled,False,False,False,False,False,False,False
RETURN_TO_ORIGIN,27,0,0,0.000701950499816,B2,VALIDATION_2025,ALL_DECISION_ROWS,da1131234856d62549b728d5,91996a9cf747a614ff6d9e08eaafc3583a58b91c,bdba55b4243a4bfe18cea04d89b2cacabe817322eb581e3ec4461a5f3c4e8737,2b2efafb8d7c0cebbd7b392493ecbc0a279f71ee1d4f74197e18d99ecd8c43a7,801c0bf9d69ecdd58b21fb2ba4392137048b466668344ebfc4c8faf6a0d3e2f1,e0bec27d320343054ccfc584b0ad10e3830babff9e6eceb2d8a1a7f2ea19a86a,excursion_resolution_structural_forecast_v1,4fc1a02dce9ac2311dabaeb4623a559d37286dfe58baffef53828cc7415a3425,MODEL_FULL_REFIT,not_applicable,not_applicable,not_applicable,not_applicable,-1,-1,not_applicable,not_applicable,True,False,disabled,False,False,False,False,False,False,False
PARTIAL_RETURN,131,0,0,0.00335990615385,B2,VALIDATION_2025,ALL_DECISION_ROWS,da1131234856d62549b728d5,91996a9cf747a614ff6d9e08eaafc3583a58b91c,bdba55b4243a4bfe18cea04d89b2cacabe817322eb581e3ec4461a5f3c4e8737,2b2efafb8d7c0cebbd7b392493ecbc0a279f71ee1d4f74197e18d99ecd8c43a7,801c0bf9d69ecdd58b21fb2ba4392137048b466668344ebfc4c8faf6a0d3e2f1,e0bec27d320343054ccfc584b0ad10e3830babff9e6eceb2d8a1a7f2ea19a86a,excursion_resolution_structural_forecast_v1,4fc1a02dce9ac2311dabaeb4623a559d37286dfe58baffef53828cc7415a3425,MODEL_FULL_REFIT,not_applicable,not_applicable,not_applicable,not_applicable,-1,-1,not_applicable,not_applicable,True,False,disabled,False,False,False,False,False,False,False
CONTINUE_AWAY,312,0,0,0.00793316234915,B2,VALIDATION_2025,ALL_DECISION_ROWS,da1131234856d62549b728d5,91996a9cf747a614ff6d9e08eaafc3583a58b91c,bdba55b4243a4bfe18cea04d89b2cacabe817322eb581e3ec4461a5f3c4e8737,2b2efafb8d7c0cebbd7b392493ecbc0a279f71ee1d4f74197e18d99ecd8c43a7,801c0bf9d69ecdd58b21fb2ba4392137048b466668344ebfc4c8faf6a0d3e2f1,e0bec27d320343054ccfc584b0ad10e3830babff9e6eceb2d8a1a7f2ea19a86a,excursion_resolution_structural_forecast_v1,4fc1a02dce9ac2311dabaeb4623a559d37286dfe58baffef53828cc7415a3425,MODEL_FULL_REFIT,not_applicable,not_applicable,not_applicable,not_applicable,-1,-1,not_applicable,not_applicable,True,False,disabled,False,False,False,False,False,False,False
ROTATE_TO_NEW_REGION,8311,0.802627779382,0.66887257851,0.0878833416619,B2,VALIDATION_2025,ALL_DECISION_ROWS,da1131234856d62549b728d5,91996a9cf747a614ff6d9e08eaafc3583a58b91c,bdba55b4243a4bfe18cea04d89b2cacabe817322eb581e3ec4461a5f3c4e8737,2b2efafb8d7c0cebbd7b392493ecbc0a279f71ee1d4f74197e18d99ecd8c43a7,801c0bf9d69ecdd58b21fb2ba4392137048b466668344ebfc4c8faf6a0d3e2f1,e0bec27d320343054ccfc584b0ad10e3830babff9e6eceb2d8a1a7f2ea19a86a,excursion_resolution_structural_forecast_v1,4fc1a02dce9ac2311dabaeb4623a559d37286dfe58baffef53828cc7415a3425,MODEL_FULL_REFIT,not_applicable,not_applicable,not_applicable,not_applicable,-1,-1,not_applicable,not_applicable,True,False,disabled,False,False,False,False,False,False,False
SESSION_END,28399,0.894203217985,1,0.0642776528263,B2,VALIDATION_2025,ALL_DECISION_ROWS,da1131234856d62549b728d5,91996a9cf747a614ff6d9e08eaafc3583a58b91c,bdba55b4243a4bfe18cea04d89b2cacabe817322eb581e3ec4461a5f3c4e8737,2b2efafb8d7c0cebbd7b392493ecbc0a279f71ee1d4f74197e18d99ecd8c43a7,801c0bf9d69ecdd58b21fb2ba4392137048b466668344ebfc4c8faf6a0d3e2f1,e0bec27d320343054ccfc584b0ad10e3830babff9e6eceb2d8a1a7f2ea19a86a,excursion_resolution_structural_forecast_v1,4fc1a02dce9ac2311dabaeb4623a559d37286dfe58baffef53828cc7415a3425,MODEL_FULL_REFIT,not_applicable,not_applicable,not_applicable,not_applicable,-1,-1,not_applicable,not_applicable,True,False,disabled,False,False,False,False,False,False,False
UNAVAILABLE,1505,0,0,0.0387474736405,B2,VALIDATION_2025,ALL_DECISION_ROWS,da1131234856d62549b728d5,91996a9cf747a614ff6d9e08eaafc3583a58b91c,bdba55b4243a4bfe18cea04d89b2cacabe817322eb581e3ec4461a5f3c4e8737,2b2efafb8d7c0cebbd7b392493ecbc0a279f71ee1d4f74197e18d99ecd8c43a7,801c0bf9d69ecdd58b21fb2ba4392137048b466668344ebfc4c8faf6a0d3e2f1,e0bec27d320343054ccfc584b0ad10e3830babff9e6eceb2d8a1a7f2ea19a86a,excursion_resolution_structural_forecast_v1,4fc1a02dce9ac2311dabaeb4623a559d37286dfe58baffef53828cc7415a3425,MODEL_FULL_REFIT,not_applicable,not_applicable,not_applicable,not_applicable,-1,-1,not_applicable,not_applicable,True,False,disabled,False,False,False,False,False,False,False
RETURN_TO_ORIGIN,3,0,0,0.000905504634534,B2,VALIDATION_2025,BEST_AVAILABLE_FINAL_FORECAST,da1131234856d62549b728d5,91996a9cf747a614ff6d9e08eaafc3583a58b91c,bdba55b4243a4bfe18cea04d89b2cacabe817322eb581e3ec4461a5f3c4e8737,2b2efafb8d7c0cebbd7b392493ecbc0a279f71ee1d4f74197e18d99ecd8c43a7,801c0bf9d69ecdd58b21fb2ba4392137048b466668344ebfc4c8faf6a0d3e2f1,e0bec27d320343054ccfc584b0ad10e3830babff9e6eceb2d8a1a7f2ea19a86a,excursion_resolution_structural_forecast_v1,4fc1a02dce9ac2311dabaeb4623a559d37286dfe58baffef53828cc7415a3425,MODEL_FULL_REFIT,not_applicable,not_applicable,not_applicable,not_applicable,-1,-1,not_applicable,not_applicable,True,False,disabled,False,False,False,False,False,False,False
PARTIAL_RETURN,8,0,0,0.00241604291681,B2,VALIDATION_2025,BEST_AVAILABLE_FINAL_FORECAST,da1131234856d62549b728d5,91996a9cf747a614ff6d9e08eaafc3583a58b91c,bdba55b4243a4bfe18cea04d89b2cacabe817322eb581e3ec4461a5f3c4e8737,2b2efafb8d7c0cebbd7b392493ecbc0a279f71ee1d4f74197e18d99ecd8c43a7,801c0bf9d69ecdd58b21fb2ba4392137048b466668344ebfc4c8faf6a0d3e2f1,e0bec27d320343054ccfc584b0ad10e3830babff9e6eceb2d8a1a7f2ea19a86a,excursion_resolution_structural_forecast_v1,4fc1a02dce9ac2311dabaeb4623a559d37286dfe58baffef53828cc7415a3425,MODEL_FULL_REFIT,not_applicable,not_applicable,not_applicable,not_applicable,-1,-1,not_applicable,not_applicable,True,False,disabled,False,False,False,False,False,False,False
CONTINUE_AWAY,26,0,0,0.00779081300168,B2,VALIDATION_2025,BEST_AVAILABLE_FINAL_FORECAST,da1131234856d62549b728d5,91996a9cf747a614ff6d9e08eaafc3583a58b91c,bdba55b4243a4bfe18cea04d89b2cacabe817322eb581e3ec4461a5f3c4e8737,2b2efafb8d7c0cebbd7b392493ecbc0a279f71ee1d4f74197e18d99ecd8c43a7,801c0bf9d69ecdd58b21fb2ba4392137048b466668344ebfc4c8faf6a0d3e2f1,e0bec27d320343054ccfc584b0ad10e3830babff9e6eceb2d8a1a7f2ea19a86a,excursion_resolution_structural_forecast_v1,4fc1a02dce9ac2311dabaeb4623a559d37286dfe58baffef53828cc7415a3425,MODEL_FULL_REFIT,not_applicable,not_applicable,not_applicable,not_applicable,-1,-1,not_applicable,not_applicable,True,False,disabled,False,False,False,False,False,False,False
ROTATE_TO_NEW_REGION,740,0.816666666667,0.595945945946,0.0982220550959,B2,VALIDATION_2025,BEST_AVAILABLE_FINAL_FORECAST,da1131234856d62549b728d5,91996a9cf747a614ff6d9e08eaafc3583a58b91c,bdba55b4243a4bfe18cea04d89b2cacabe817322eb581e3ec4461a5f3c4e8737,2b2efafb8d7c0cebbd7b392493ecbc0a279f71ee1d4f74197e18d99ecd8c43a7,801c0bf9d69ecdd58b21fb2ba4392137048b466668344ebfc4c8faf6a0d3e2f1,e0bec27d320343054ccfc584b0ad10e3830babff9e6eceb2d8a1a7f2ea19a86a,excursion_resolution_structural_forecast_v1,4fc1a02dce9ac2311dabaeb4623a559d37286dfe58baffef53828cc7415a3425,MODEL_FULL_REFIT,not_applicable,not_applicable,not_applicable,not_applicable,-1,-1,not_applicable,not_applicable,True,False,disabled,False,False,False,False,False,False,False
SESSION_END,2399,0.869833212473,1,0.0763201319924,B2,VALIDATION_2025,BEST_AVAILABLE_FINAL_FORECAST,da1131234856d62549b728d5,91996a9cf747a614ff6d9e08eaafc3583a58b91c,bdba55b4243a4bfe18cea04d89b2cacabe817322eb581e3ec4461a5f3c4e8737,2b2efafb8d7c0cebbd7b392493ecbc0a279f71ee1d4f74197e18d99ecd8c43a7,801c0bf9d69ecdd58b21fb2ba4392137048b466668344ebfc4c8faf6a0d3e2f1,e0bec27d320343054ccfc584b0ad10e3830babff9e6eceb2d8a1a7f2ea19a86a,excursion_resolution_structural_forecast_v1,4fc1a02dce9ac2311dabaeb4623a559d37286dfe58baffef53828cc7415a3425,MODEL_FULL_REFIT,not_applicable,not_applicable,not_applicable,not_applicable,-1,-1,not_applicable,not_applicable,True,False,disabled,False,False,False,False,False,False,False
UNAVAILABLE,122,0,0,0.0357169435156,B2,VALIDATION_2025,BEST_AVAILABLE_FINAL_FORECAST,da1131234856d62549b728d5,91996a9cf747a614ff6d9e08eaafc3583a58b91c,bdba55b4243a4bfe18cea04d89b2cacabe817322eb581e3ec4461a5f3c4e8737,2b2efafb8d7c0cebbd7b392493ecbc0a279f71ee1d4f74197e18d99ecd8c43a7,801c0bf9d69ecdd58b21fb2ba4392137048b466668344ebfc4c8faf6a0d3e2f1,e0bec27d320343054ccfc584b0ad10e3830babff9e6eceb2d8a1a7f2ea19a86a,excursion_resolution_structural_forecast_v1,4fc1a02dce9ac2311dabaeb4623a559d37286dfe58baffef53828cc7415a3425,MODEL_FULL_REFIT,not_applicable,not_applicable,not_applicable,not_applicable,-1,-1,not_applicable,not_applicable,True,False,disabled,False,False,False,False,False,False,False
RETURN_TO_ORIGIN,3,0,0,0.00141860740791,B3,VALIDATION_2025,FIRST_ELIGIBLE_EVENT,da1131234856d62549b728d5,91996a9cf747a614ff6d9e08eaafc3583a58b91c,bdba55b4243a4bfe18cea04d89b2cacabe817322eb581e3ec4461a5f3c4e8737,2b2efafb8d7c0cebbd7b392493ecbc0a279f71ee1d4f74197e18d99ecd8c43a7,801c0bf9d69ecdd58b21fb2ba4392137048b466668344ebfc4c8faf6a0d3e2f1,e0bec27d320343054ccfc584b0ad10e3830babff9e6eceb2d8a1a7f2ea19a86a,excursion_resolution_structural_forecast_v1,4fc1a02dce9ac2311dabaeb4623a559d37286dfe58baffef53828cc7415a3425,MODEL_FULL_REFIT,not_applicable,not_applicable,not_applicable,not_applicable,-1,-1,not_applicable,not_applicable,True,False,disabled,False,False,False,False,False,False,False
PARTIAL_RETURN,8,0,0,0.00229680118858,B3,VALIDATION_2025,FIRST_ELIGIBLE_EVENT,da1131234856d62549b728d5,91996a9cf747a614ff6d9e08eaafc3583a58b91c,bdba55b4243a4bfe18cea04d89b2cacabe817322eb581e3ec4461a5f3c4e8737,2b2efafb8d7c0cebbd7b392493ecbc0a279f71ee1d4f74197e18d99ecd8c43a7,801c0bf9d69ecdd58b21fb2ba4392137048b466668344ebfc4c8faf6a0d3e2f1,e0bec27d320343054ccfc584b0ad10e3830babff9e6eceb2d8a1a7f2ea19a86a,excursion_resolution_structural_forecast_v1,4fc1a02dce9ac2311dabaeb4623a559d37286dfe58baffef53828cc7415a3425,MODEL_FULL_REFIT,not_applicable,not_applicable,not_applicable,not_applicable,-1,-1,not_applicable,not_applicable,True,False,disabled,False,False,False,False,False,False,False
CONTINUE_AWAY,26,0,0,0.00763848757322,B3,VALIDATION_2025,FIRST_ELIGIBLE_EVENT,da1131234856d62549b728d5,91996a9cf747a614ff6d9e08eaafc3583a58b91c,bdba55b4243a4bfe18cea04d89b2cacabe817322eb581e3ec4461a5f3c4e8737,2b2efafb8d7c0cebbd7b392493ecbc0a279f71ee1d4f74197e18d99ecd8c43a7,801c0bf9d69ecdd58b21fb2ba4392137048b466668344ebfc4c8faf6a0d3e2f1,e0bec27d320343054ccfc584b0ad10e3830babff9e6eceb2d8a1a7f2ea19a86a,excursion_resolution_structural_forecast_v1,4fc1a02dce9ac2311dabaeb4623a559d37286dfe58baffef53828cc7415a3425,MODEL_FULL_REFIT,not_applicable,not_applicable,not_applicable,not_applicable,-1,-1,not_applicable,not_applicable,True,False,disabled,False,False,False,False,False,False,False
ROTATE_TO_NEW_REGION,740,0,0,0.182246257984,B3,VALIDATION_2025,FIRST_ELIGIBLE_EVENT,da1131234856d62549b728d5,91996a9cf747a614ff6d9e08eaafc3583a58b91c,bdba55b4243a4bfe18cea04d89b2cacabe817322eb581e3ec4461a5f3c4e8737,2b2efafb8d7c0cebbd7b392493ecbc0a279f71ee1d4f74197e18d99ecd8c43a7,801c0bf9d69ecdd58b21fb2ba4392137048b466668344ebfc4c8faf6a0d3e2f1,e0bec27d320343054ccfc584b0ad10e3830babff9e6eceb2d8a1a7f2ea19a86a,excursion_resolution_structural_forecast_v1,4fc1a02dce9ac2311dabaeb4623a559d37286dfe58baffef53828cc7415a3425,MODEL_FULL_REFIT,not_applicable,not_applicable,not_applicable,not_applicable,-1,-1,not_applicable,not_applicable,True,False,disabled,False,False,False,False,False,False,False
SESSION_END,2399,0.728515031886,1,0.201763543161,B3,VALIDATION_2025,FIRST_ELIGIBLE_EVENT,da1131234856d62549b728d5,91996a9cf747a614ff6d9e08eaafc3583a58b91c,bdba55b4243a4bfe18cea04d89b2cacabe817322eb581e3ec4461a5f3c4e8737,2b2efafb8d7c0cebbd7b392493ecbc0a279f71ee1d4f74197e18d99ecd8c43a7,801c0bf9d69ecdd58b21fb2ba4392137048b466668344ebfc4c8faf6a0d3e2f1,e0bec27d320343054ccfc584b0ad10e3830babff9e6eceb2d8a1a7f2ea19a86a,excursion_resolution_structural_forecast_v1,4fc1a02dce9ac2311dabaeb4623a559d37286dfe58baffef53828cc7415a3425,MODEL_FULL_REFIT,not_applicable,not_applicable,not_applicable,not_applicable,-1,-1,not_applicable,not_applicable,True,False,disabled,False,False,False,False,False,False,False
UNAVAILABLE,122,0,0,0.0364108683111,B3,VALIDATION_2025,FIRST_ELIGIBLE_EVENT,da1131234856d62549b728d5,91996a9cf747a614ff6d9e08eaafc3583a58b91c,bdba55b4243a4bfe18cea04d89b2cacabe817322eb581e3ec4461a5f3c4e8737,2b2efafb8d7c0cebbd7b392493ecbc0a279f71ee1d4f74197e18d99ecd8c43a7,801c0bf9d69ecdd58b21fb2ba4392137048b466668344ebfc4c8faf6a0d3e2f1,e0bec27d320343054ccfc584b0ad10e3830babff9e6eceb2d8a1a7f2ea19a86a,excursion_resolution_structural_forecast_v1,4fc1a02dce9ac2311dabaeb4623a559d37286dfe58baffef53828cc7415a3425,MODEL_FULL_REFIT,not_applicable,not_applicable,not_applicable,not_applicable,-1,-1,not_applicable,not_applicable,True,False,disabled,False,False,False,False,False,False,False
RETURN_TO_ORIGIN,27,0.230769230769,0.111111111111,0.000715673175237,B3,VALIDATION_2025,ALL_DECISION_ROWS,da1131234856d62549b728d5,91996a9cf747a614ff6d9e08eaafc3583a58b91c,bdba55b4243a4bfe18cea04d89b2cacabe817322eb581e3ec4461a5f3c4e8737,2b2efafb8d7c0cebbd7b392493ecbc0a279f71ee1d4f74197e18d99ecd8c43a7,801c0bf9d69ecdd58b21fb2ba4392137048b466668344ebfc4c8faf6a0d3e2f1,e0bec27d320343054ccfc584b0ad10e3830babff9e6eceb2d8a1a7f2ea19a86a,excursion_resolution_structural_forecast_v1,4fc1a02dce9ac2311dabaeb4623a559d37286dfe58baffef53828cc7415a3425,MODEL_FULL_REFIT,not_applicable,not_applicable,not_applicable,not_applicable,-1,-1,not_applicable,not_applicable,True,False,disabled,False,False,False,False,False,False,False
PARTIAL_RETURN,131,0,0,0.00330088410685,B3,VALIDATION_2025,ALL_DECISION_ROWS,da1131234856d62549b728d5,91996a9cf747a614ff6d9e08eaafc3583a58b91c,bdba55b4243a4bfe18cea04d89b2cacabe817322eb581e3ec4461a5f3c4e8737,2b2efafb8d7c0cebbd7b392493ecbc0a279f71ee1d4f74197e18d99ecd8c43a7,801c0bf9d69ecdd58b21fb2ba4392137048b466668344ebfc4c8faf6a0d3e2f1,e0bec27d320343054ccfc584b0ad10e3830babff9e6eceb2d8a1a7f2ea19a86a,excursion_resolution_structural_forecast_v1,4fc1a02dce9ac2311dabaeb4623a559d37286dfe58baffef53828cc7415a3425,MODEL_FULL_REFIT,not_applicable,not_applicable,not_applicable,not_applicable,-1,-1,not_applicable,not_applicable,True,False,disabled,False,False,False,False,False,False,False
CONTINUE_AWAY,312,0,0,0.00797377848557,B3,VALIDATION_2025,ALL_DECISION_ROWS,da1131234856d62549b728d5,91996a9cf747a614ff6d9e08eaafc3583a58b91c,bdba55b4243a4bfe18cea04d89b2cacabe817322eb581e3ec4461a5f3c4e8737,2b2efafb8d7c0cebbd7b392493ecbc0a279f71ee1d4f74197e18d99ecd8c43a7,801c0bf9d69ecdd58b21fb2ba4392137048b466668344ebfc4c8faf6a0d3e2f1,e0bec27d320343054ccfc584b0ad10e3830babff9e6eceb2d8a1a7f2ea19a86a,excursion_resolution_structural_forecast_v1,4fc1a02dce9ac2311dabaeb4623a559d37286dfe58baffef53828cc7415a3425,MODEL_FULL_REFIT,not_applicable,not_applicable,not_applicable,not_applicable,-1,-1,not_applicable,not_applicable,True,False,disabled,False,False,False,False,False,False,False
ROTATE_TO_NEW_REGION,8311,0,0,0.175230169023,B3,VALIDATION_2025,ALL_DECISION_ROWS,da1131234856d62549b728d5,91996a9cf747a614ff6d9e08eaafc3583a58b91c,bdba55b4243a4bfe18cea04d89b2cacabe817322eb581e3ec4461a5f3c4e8737,2b2efafb8d7c0cebbd7b392493ecbc0a279f71ee1d4f74197e18d99ecd8c43a7,801c0bf9d69ecdd58b21fb2ba4392137048b466668344ebfc4c8faf6a0d3e2f1,e0bec27d320343054ccfc584b0ad10e3830babff9e6eceb2d8a1a7f2ea19a86a,excursion_resolution_structural_forecast_v1,4fc1a02dce9ac2311dabaeb4623a559d37286dfe58baffef53828cc7415a3425,MODEL_FULL_REFIT,not_applicable,not_applicable,not_applicable,not_applicable,-1,-1,not_applicable,not_applicable,True,False,disabled,False,False,False,False,False,False,False
SESSION_END,28399,0.73437459595,1,0.198593347842,B3,VALIDATION_2025,ALL_DECISION_ROWS,da1131234856d62549b728d5,91996a9cf747a614ff6d9e08eaafc3583a58b91c,bdba55b4243a4bfe18cea04d89b2cacabe817322eb581e3ec4461a5f3c4e8737,2b2efafb8d7c0cebbd7b392493ecbc0a279f71ee1d4f74197e18d99ecd8c43a7,801c0bf9d69ecdd58b21fb2ba4392137048b466668344ebfc4c8faf6a0d3e2f1,e0bec27d320343054ccfc584b0ad10e3830babff9e6eceb2d8a1a7f2ea19a86a,excursion_resolution_structural_forecast_v1,4fc1a02dce9ac2311dabaeb4623a559d37286dfe58baffef53828cc7415a3425,MODEL_FULL_REFIT,not_applicable,not_applicable,not_applicable,not_applicable,-1,-1,not_applicable,not_applicable,True,False,disabled,False,False,False,False,False,False,False
UNAVAILABLE,1505,0,0,0.0378867922992,B3,VALIDATION_2025,ALL_DECISION_ROWS,da1131234856d62549b728d5,91996a9cf747a614ff6d9e08eaafc3583a58b91c,bdba55b4243a4bfe18cea04d89b2cacabe817322eb581e3ec4461a5f3c4e8737,2b2efafb8d7c0cebbd7b392493ecbc0a279f71ee1d4f74197e18d99ecd8c43a7,801c0bf9d69ecdd58b21fb2ba4392137048b466668344ebfc4c8faf6a0d3e2f1,e0bec27d320343054ccfc584b0ad10e3830babff9e6eceb2d8a1a7f2ea19a86a,excursion_resolution_structural_forecast_v1,4fc1a02dce9ac2311dabaeb4623a559d37286dfe58baffef53828cc7415a3425,MODEL_FULL_REFIT,not_applicable,not_applicable,not_applicable,not_applicable,-1,-1,not_applicable,not_applicable,True,False,disabled,False,False,False,False,False,False,False
RETURN_TO_ORIGIN,3,0,0,0.000910463331397,B6,VALIDATION_2025,FIRST_ELIGIBLE_EVENT,da1131234856d62549b728d5,91996a9cf747a614ff6d9e08eaafc3583a58b91c,bdba55b4243a4bfe18cea04d89b2cacabe817322eb581e3ec4461a5f3c4e8737,2b2efafb8d7c0cebbd7b392493ecbc0a279f71ee1d4f74197e18d99ecd8c43a7,801c0bf9d69ecdd58b21fb2ba4392137048b466668344ebfc4c8faf6a0d3e2f1,e0bec27d320343054ccfc584b0ad10e3830babff9e6eceb2d8a1a7f2ea19a86a,excursion_resolution_structural_forecast_v1,4fc1a02dce9ac2311dabaeb4623a559d37286dfe58baffef53828cc7415a3425,MODEL_FULL_REFIT,not_applicable,not_applicable,not_applicable,not_applicable,-1,-1,not_applicable,not_applicable,True,False,disabled,False,False,False,False,False,False,False
PARTIAL_RETURN,8,0,0,0.00241514905469,B6,VALIDATION_2025,FIRST_ELIGIBLE_EVENT,da1131234856d62549b728d5,91996a9cf747a614ff6d9e08eaafc3583a58b91c,bdba55b4243a4bfe18cea04d89b2cacabe817322eb581e3ec4461a5f3c4e8737,2b2efafb8d7c0cebbd7b392493ecbc0a279f71ee1d4f74197e18d99ecd8c43a7,801c0bf9d69ecdd58b21fb2ba4392137048b466668344ebfc4c8faf6a0d3e2f1,e0bec27d320343054ccfc584b0ad10e3830babff9e6eceb2d8a1a7f2ea19a86a,excursion_resolution_structural_forecast_v1,4fc1a02dce9ac2311dabaeb4623a559d37286dfe58baffef53828cc7415a3425,MODEL_FULL_REFIT,not_applicable,not_applicable,not_applicable,not_applicable,-1,-1,not_applicable,not_applicable,True,False,disabled,False,False,False,False,False,False,False
CONTINUE_AWAY,26,0,0,0.00782586100024,B6,VALIDATION_2025,FIRST_ELIGIBLE_EVENT,da1131234856d62549b728d5,91996a9cf747a614ff6d9e08eaafc3583a58b91c,bdba55b4243a4bfe18cea04d89b2cacabe817322eb581e3ec4461a5f3c4e8737,2b2efafb8d7c0cebbd7b392493ecbc0a279f71ee1d4f74197e18d99ecd8c43a7,801c0bf9d69ecdd58b21fb2ba4392137048b466668344ebfc4c8faf6a0d3e2f1,e0bec27d320343054ccfc584b0ad10e3830babff9e6eceb2d8a1a7f2ea19a86a,excursion_resolution_structural_forecast_v1,4fc1a02dce9ac2311dabaeb4623a559d37286dfe58baffef53828cc7415a3425,MODEL_FULL_REFIT,not_applicable,not_applicable,not_applicable,not_applicable,-1,-1,not_applicable,not_applicable,True,False,disabled,False,False,False,False,False,False,False
ROTATE_TO_NEW_REGION,740,0,0,0.180973117658,B6,VALIDATION_2025,FIRST_ELIGIBLE_EVENT,da1131234856d62549b728d5,91996a9cf747a614ff6d9e08eaafc3583a58b91c,bdba55b4243a4bfe18cea04d89b2cacabe817322eb581e3ec4461a5f3c4e8737,2b2efafb8d7c0cebbd7b392493ecbc0a279f71ee1d4f74197e18d99ecd8c43a7,801c0bf9d69ecdd58b21fb2ba4392137048b466668344ebfc4c8faf6a0d3e2f1,e0bec27d320343054ccfc584b0ad10e3830babff9e6eceb2d8a1a7f2ea19a86a,excursion_resolution_structural_forecast_v1,4fc1a02dce9ac2311dabaeb4623a559d37286dfe58baffef53828cc7415a3425,MODEL_FULL_REFIT,not_applicable,not_applicable,not_applicable,not_applicable,-1,-1,not_applicable,not_applicable,True,False,disabled,False,False,False,False,False,False,False
SESSION_END,2399,0.72741055185,1,0.200950426367,B6,VALIDATION_2025,FIRST_ELIGIBLE_EVENT,da1131234856d62549b728d5,91996a9cf747a614ff6d9e08eaafc3583a58b91c,bdba55b4243a4bfe18cea04d89b2cacabe817322eb581e3ec4461a5f3c4e8737,2b2efafb8d7c0cebbd7b392493ecbc0a279f71ee1d4f74197e18d99ecd8c43a7,801c0bf9d69ecdd58b21fb2ba4392137048b466668344ebfc4c8faf6a0d3e2f1,e0bec27d320343054ccfc584b0ad10e3830babff9e6eceb2d8a1a7f2ea19a86a,excursion_resolution_structural_forecast_v1,4fc1a02dce9ac2311dabaeb4623a559d37286dfe58baffef53828cc7415a3425,MODEL_FULL_REFIT,not_applicable,not_applicable,not_applicable,not_applicable,-1,-1,not_applicable,not_applicable,True,False,disabled,False,False,False,False,False,False,False
UNAVAILABLE,122,0,0,0.0363846450668,B6,VALIDATION_2025,FIRST_ELIGIBLE_EVENT,da1131234856d62549b728d5,91996a9cf747a614ff6d9e08eaafc3583a58b91c,bdba55b4243a4bfe18cea04d89b2cacabe817322eb581e3ec4461a5f3c4e8737,2b2efafb8d7c0cebbd7b392493ecbc0a279f71ee1d4f74197e18d99ecd8c43a7,801c0bf9d69ecdd58b21fb2ba4392137048b466668344ebfc4c8faf6a0d3e2f1,e0bec27d320343054ccfc584b0ad10e3830babff9e6eceb2d8a1a7f2ea19a86a,excursion_resolution_structural_forecast_v1,4fc1a02dce9ac2311dabaeb4623a559d37286dfe58baffef53828cc7415a3425,MODEL_FULL_REFIT,not_applicable,not_applicable,not_applicable,not_applicable,-1,-1,not_applicable,not_applicable,True,False,disabled,False,False,False,False,False,False,False
RETURN_TO_ORIGIN,27,0,0,0.000699869306487,B6,VALIDATION_2025,ALL_DECISION_ROWS,da1131234856d62549b728d5,91996a9cf747a614ff6d9e08eaafc3583a58b91c,bdba55b4243a4bfe18cea04d89b2cacabe817322eb581e3ec4461a5f3c4e8737,2b2efafb8d7c0cebbd7b392493ecbc0a279f71ee1d4f74197e18d99ecd8c43a7,801c0bf9d69ecdd58b21fb2ba4392137048b466668344ebfc4c8faf6a0d3e2f1,e0bec27d320343054ccfc584b0ad10e3830babff9e6eceb2d8a1a7f2ea19a86a,excursion_resolution_structural_forecast_v1,4fc1a02dce9ac2311dabaeb4623a559d37286dfe58baffef53828cc7415a3425,MODEL_FULL_REFIT,not_applicable,not_applicable,not_applicable,not_applicable,-1,-1,not_applicable,not_applicable,True,False,disabled,False,False,False,False,False,False,False
PARTIAL_RETURN,131,0,0,0.00337444465872,B6,VALIDATION_2025,ALL_DECISION_ROWS,da1131234856d62549b728d5,91996a9cf747a614ff6d9e08eaafc3583a58b91c,bdba55b4243a4bfe18cea04d89b2cacabe817322eb581e3ec4461a5f3c4e8737,2b2efafb8d7c0cebbd7b392493ecbc0a279f71ee1d4f74197e18d99ecd8c43a7,801c0bf9d69ecdd58b21fb2ba4392137048b466668344ebfc4c8faf6a0d3e2f1,e0bec27d320343054ccfc584b0ad10e3830babff9e6eceb2d8a1a7f2ea19a86a,excursion_resolution_structural_forecast_v1,4fc1a02dce9ac2311dabaeb4623a559d37286dfe58baffef53828cc7415a3425,MODEL_FULL_REFIT,not_applicable,not_applicable,not_applicable,not_applicable,-1,-1,not_applicable,not_applicable,True,False,disabled,False,False,False,False,False,False,False
CONTINUE_AWAY,312,0,0,0.0080073874508,B6,VALIDATION_2025,ALL_DECISION_ROWS,da1131234856d62549b728d5,91996a9cf747a614ff6d9e08eaafc3583a58b91c,bdba55b4243a4bfe18cea04d89b2cacabe817322eb581e3ec4461a5f3c4e8737,2b2efafb8d7c0cebbd7b392493ecbc0a279f71ee1d4f74197e18d99ecd8c43a7,801c0bf9d69ecdd58b21fb2ba4392137048b466668344ebfc4c8faf6a0d3e2f1,e0bec27d320343054ccfc584b0ad10e3830babff9e6eceb2d8a1a7f2ea19a86a,excursion_resolution_structural_forecast_v1,4fc1a02dce9ac2311dabaeb4623a559d37286dfe58baffef53828cc7415a3425,MODEL_FULL_REFIT,not_applicable,not_applicable,not_applicable,not_applicable,-1,-1,not_applicable,not_applicable,True,False,disabled,False,False,False,False,False,False,False
ROTATE_TO_NEW_REGION,8311,0,0,0.174201396249,B6,VALIDATION_2025,ALL_DECISION_ROWS,da1131234856d62549b728d5,91996a9cf747a614ff6d9e08eaafc3583a58b91c,bdba55b4243a4bfe18cea04d89b2cacabe817322eb581e3ec4461a5f3c4e8737,2b2efafb8d7c0cebbd7b392493ecbc0a279f71ee1d4f74197e18d99ecd8c43a7,801c0bf9d69ecdd58b21fb2ba4392137048b466668344ebfc4c8faf6a0d3e2f1,e0bec27d320343054ccfc584b0ad10e3830babff9e6eceb2d8a1a7f2ea19a86a,excursion_resolution_structural_forecast_v1,4fc1a02dce9ac2311dabaeb4623a559d37286dfe58baffef53828cc7415a3425,MODEL_FULL_REFIT,not_applicable,not_applicable,not_applicable,not_applicable,-1,-1,not_applicable,not_applicable,True,False,disabled,False,False,False,False,False,False,False
SESSION_END,28399,0.734108827711,1,0.197640870197,B6,VALIDATION_2025,ALL_DECISION_ROWS,da1131234856d62549b728d5,91996a9cf747a614ff6d9e08eaafc3583a58b91c,bdba55b4243a4bfe18cea04d89b2cacabe817322eb581e3ec4461a5f3c4e8737,2b2efafb8d7c0cebbd7b392493ecbc0a279f71ee1d4f74197e18d99ecd8c43a7,801c0bf9d69ecdd58b21fb2ba4392137048b466668344ebfc4c8faf6a0d3e2f1,e0bec27d320343054ccfc584b0ad10e3830babff9e6eceb2d8a1a7f2ea19a86a,excursion_resolution_structural_forecast_v1,4fc1a02dce9ac2311dabaeb4623a559d37286dfe58baffef53828cc7415a3425,MODEL_FULL_REFIT,not_applicable,not_applicable,not_applicable,not_applicable,-1,-1,not_applicable,not_applicable,True,False,disabled,False,False,False,False,False,False,False
UNAVAILABLE,1505,0,0,0.0379265172608,B6,VALIDATION_2025,ALL_DECISION_ROWS,da1131234856d62549b728d5,91996a9cf747a614ff6d9e08eaafc3583a58b91c,bdba55b4243a4bfe18cea04d89b2cacabe817322eb581e3ec4461a5f3c4e8737,2b2efafb8d7c0cebbd7b392493ecbc0a279f71ee1d4f74197e18d99ecd8c43a7,801c0bf9d69ecdd58b21fb2ba4392137048b466668344ebfc4c8faf6a0d3e2f1,e0bec27d320343054ccfc584b0ad10e3830babff9e6eceb2d8a1a7f2ea19a86a,excursion_resolution_structural_forecast_v1,4fc1a02dce9ac2311dabaeb4623a559d37286dfe58baffef53828cc7415a3425,MODEL_FULL_REFIT,not_applicable,not_applicable,not_applicable,not_applicable,-1,-1,not_applicable,not_applicable,True,False,disabled,False,False,False,False,False,False,False
RETURN_TO_ORIGIN,3,0,0,0.00185032229487,B7,VALIDATION_2025,FIRST_ELIGIBLE_EVENT,da1131234856d62549b728d5,91996a9cf747a614ff6d9e08eaafc3583a58b91c,bdba55b4243a4bfe18cea04d89b2cacabe817322eb581e3ec4461a5f3c4e8737,2b2efafb8d7c0cebbd7b392493ecbc0a279f71ee1d4f74197e18d99ecd8c43a7,801c0bf9d69ecdd58b21fb2ba4392137048b466668344ebfc4c8faf6a0d3e2f1,e0bec27d320343054ccfc584b0ad10e3830babff9e6eceb2d8a1a7f2ea19a86a,excursion_resolution_structural_forecast_v1,4fc1a02dce9ac2311dabaeb4623a559d37286dfe58baffef53828cc7415a3425,MODEL_FULL_REFIT,not_applicable,not_applicable,not_applicable,not_applicable,-1,-1,not_applicable,not_applicable,True,False,disabled,False,False,False,False,False,False,False
PARTIAL_RETURN,8,0,0,0.00216636535151,B7,VALIDATION_2025,FIRST_ELIGIBLE_EVENT,da1131234856d62549b728d5,91996a9cf747a614ff6d9e08eaafc3583a58b91c,bdba55b4243a4bfe18cea04d89b2cacabe817322eb581e3ec4461a5f3c4e8737,2b2efafb8d7c0cebbd7b392493ecbc0a279f71ee1d4f74197e18d99ecd8c43a7,801c0bf9d69ecdd58b21fb2ba4392137048b466668344ebfc4c8faf6a0d3e2f1,e0bec27d320343054ccfc584b0ad10e3830babff9e6eceb2d8a1a7f2ea19a86a,excursion_resolution_structural_forecast_v1,4fc1a02dce9ac2311dabaeb4623a559d37286dfe58baffef53828cc7415a3425,MODEL_FULL_REFIT,not_applicable,not_applicable,not_applicable,not_applicable,-1,-1,not_applicable,not_applicable,True,False,disabled,False,False,False,False,False,False,False
CONTINUE_AWAY,26,1,0.0769230769231,0.00730575474179,B7,VALIDATION_2025,FIRST_ELIGIBLE_EVENT,da1131234856d62549b728d5,91996a9cf747a614ff6d9e08eaafc3583a58b91c,bdba55b4243a4bfe18cea04d89b2cacabe817322eb581e3ec4461a5f3c4e8737,2b2efafb8d7c0cebbd7b392493ecbc0a279f71ee1d4f74197e18d99ecd8c43a7,801c0bf9d69ecdd58b21fb2ba4392137048b466668344ebfc4c8faf6a0d3e2f1,e0bec27d320343054ccfc584b0ad10e3830babff9e6eceb2d8a1a7f2ea19a86a,excursion_resolution_structural_forecast_v1,4fc1a02dce9ac2311dabaeb4623a559d37286dfe58baffef53828cc7415a3425,MODEL_FULL_REFIT,not_applicable,not_applicable,not_applicable,not_applicable,-1,-1,not_applicable,not_applicable,True,False,disabled,False,False,False,False,False,False,False
ROTATE_TO_NEW_REGION,740,0.848739495798,0.682432432432,0.0887348271185,B7,VALIDATION_2025,FIRST_ELIGIBLE_EVENT,da1131234856d62549b728d5,91996a9cf747a614ff6d9e08eaafc3583a58b91c,bdba55b4243a4bfe18cea04d89b2cacabe817322eb581e3ec4461a5f3c4e8737,2b2efafb8d7c0cebbd7b392493ecbc0a279f71ee1d4f74197e18d99ecd8c43a7,801c0bf9d69ecdd58b21fb2ba4392137048b466668344ebfc4c8faf6a0d3e2f1,e0bec27d320343054ccfc584b0ad10e3830babff9e6eceb2d8a1a7f2ea19a86a,excursion_resolution_structural_forecast_v1,4fc1a02dce9ac2311dabaeb4623a559d37286dfe58baffef53828cc7415a3425,MODEL_FULL_REFIT,not_applicable,not_applicable,not_applicable,not_applicable,-1,-1,not_applicable,not_applicable,True,False,disabled,False,False,False,False,False,False,False
SESSION_END,2399,0.909160015203,0.997082117549,0.0733707237507,B7,VALIDATION_2025,FIRST_ELIGIBLE_EVENT,da1131234856d62549b728d5,91996a9cf747a614ff6d9e08eaafc3583a58b91c,bdba55b4243a4bfe18cea04d89b2cacabe817322eb581e3ec4461a5f3c4e8737,2b2efafb8d7c0cebbd7b392493ecbc0a279f71ee1d4f74197e18d99ecd8c43a7,801c0bf9d69ecdd58b21fb2ba4392137048b466668344ebfc4c8faf6a0d3e2f1,e0bec27d320343054ccfc584b0ad10e3830babff9e6eceb2d8a1a7f2ea19a86a,excursion_resolution_structural_forecast_v1,4fc1a02dce9ac2311dabaeb4623a559d37286dfe58baffef53828cc7415a3425,MODEL_FULL_REFIT,not_applicable,not_applicable,not_applicable,not_applicable,-1,-1,not_applicable,not_applicable,True,False,disabled,False,False,False,False,False,False,False
UNAVAILABLE,122,0.222222222222,0.114754098361,0.0456671712884,B7,VALIDATION_2025,FIRST_ELIGIBLE_EVENT,da1131234856d62549b728d5,91996a9cf747a614ff6d9e08eaafc3583a58b91c,bdba55b4243a4bfe18cea04d89b2cacabe817322eb581e3ec4461a5f3c4e8737,2b2efafb8d7c0cebbd7b392493ecbc0a279f71ee1d4f74197e18d99ecd8c43a7,801c0bf9d69ecdd58b21fb2ba4392137048b466668344ebfc4c8faf6a0d3e2f1,e0bec27d320343054ccfc584b0ad10e3830babff9e6eceb2d8a1a7f2ea19a86a,excursion_resolution_structural_forecast_v1,4fc1a02dce9ac2311dabaeb4623a559d37286dfe58baffef53828cc7415a3425,MODEL_FULL_REFIT,not_applicable,not_applicable,not_applicable,not_applicable,-1,-1,not_applicable,not_applicable,True,False,disabled,False,False,False,False,False,False,False
RETURN_TO_ORIGIN,27,0.15625,0.185185185185,0.000881817487327,B7,VALIDATION_2025,ALL_DECISION_ROWS,da1131234856d62549b728d5,91996a9cf747a614ff6d9e08eaafc3583a58b91c,bdba55b4243a4bfe18cea04d89b2cacabe817322eb581e3ec4461a5f3c4e8737,2b2efafb8d7c0cebbd7b392493ecbc0a279f71ee1d4f74197e18d99ecd8c43a7,801c0bf9d69ecdd58b21fb2ba4392137048b466668344ebfc4c8faf6a0d3e2f1,e0bec27d320343054ccfc584b0ad10e3830babff9e6eceb2d8a1a7f2ea19a86a,excursion_resolution_structural_forecast_v1,4fc1a02dce9ac2311dabaeb4623a559d37286dfe58baffef53828cc7415a3425,MODEL_FULL_REFIT,not_applicable,not_applicable,not_applicable,not_applicable,-1,-1,not_applicable,not_applicable,True,False,disabled,False,False,False,False,False,False,False
PARTIAL_RETURN,131,0.563636363636,0.473282442748,0.00223668324415,B7,VALIDATION_2025,ALL_DECISION_ROWS,da1131234856d62549b728d5,91996a9cf747a614ff6d9e08eaafc3583a58b91c,bdba55b4243a4bfe18cea04d89b2cacabe817322eb581e3ec4461a5f3c4e8737,2b2efafb8d7c0cebbd7b392493ecbc0a279f71ee1d4f74197e18d99ecd8c43a7,801c0bf9d69ecdd58b21fb2ba4392137048b466668344ebfc4c8faf6a0d3e2f1,e0bec27d320343054ccfc584b0ad10e3830babff9e6eceb2d8a1a7f2ea19a86a,excursion_resolution_structural_forecast_v1,4fc1a02dce9ac2311dabaeb4623a559d37286dfe58baffef53828cc7415a3425,MODEL_FULL_REFIT,not_applicable,not_applicable,not_applicable,not_applicable,-1,-1,not_applicable,not_applicable,True,False,disabled,False,False,False,False,False,False,False
CONTINUE_AWAY,312,1,0.00961538461538,0.00757455189505,B7,VALIDATION_2025,ALL_DECISION_ROWS,da1131234856d62549b728d5,91996a9cf747a614ff6d9e08eaafc3583a58b91c,bdba55b4243a4bfe18cea04d89b2cacabe817322eb581e3ec4461a5f3c4e8737,2b2efafb8d7c0cebbd7b392493ecbc0a279f71ee1d4f74197e18d99ecd8c43a7,801c0bf9d69ecdd58b21fb2ba4392137048b466668344ebfc4c8faf6a0d3e2f1,e0bec27d320343054ccfc584b0ad10e3830babff9e6eceb2d8a1a7f2ea19a86a,excursion_resolution_structural_forecast_v1,4fc1a02dce9ac2311dabaeb4623a559d37286dfe58baffef53828cc7415a3425,MODEL_FULL_REFIT,not_applicable,not_applicable,not_applicable,not_applicable,-1,-1,not_applicable,not_applicable,True,False,disabled,False,False,False,False,False,False,False
ROTATE_TO_NEW_REGION,8311,0.854651162791,0.654433882806,0.082561053779,B7,VALIDATION_2025,ALL_DECISION_ROWS,da1131234856d62549b728d5,91996a9cf747a614ff6d9e08eaafc3583a58b91c,bdba55b4243a4bfe18cea04d89b2cacabe817322eb581e3ec4461a5f3c4e8737,2b2efafb8d7c0cebbd7b392493ecbc0a279f71ee1d4f74197e18d99ecd8c43a7,801c0bf9d69ecdd58b21fb2ba4392137048b466668344ebfc4c8faf6a0d3e2f1,e0bec27d320343054ccfc584b0ad10e3830babff9e6eceb2d8a1a7f2ea19a86a,excursion_resolution_structural_forecast_v1,4fc1a02dce9ac2311dabaeb4623a559d37286dfe58baffef53828cc7415a3425,MODEL_FULL_REFIT,not_applicable,not_applicable,not_applicable,not_applicable,-1,-1,not_applicable,not_applicable,True,False,disabled,False,False,False,False,False,False,False
SESSION_END,28399,0.902076113566,0.999084474805,0.0638240815542,B7,VALIDATION_2025,ALL_DECISION_ROWS,da1131234856d62549b728d5,91996a9cf747a614ff6d9e08eaafc3583a58b91c,bdba55b4243a4bfe18cea04d89b2cacabe817322eb581e3ec4461a5f3c4e8737,2b2efafb8d7c0cebbd7b392493ecbc0a279f71ee1d4f74197e18d99ecd8c43a7,801c0bf9d69ecdd58b21fb2ba4392137048b466668344ebfc4c8faf6a0d3e2f1,e0bec27d320343054ccfc584b0ad10e3830babff9e6eceb2d8a1a7f2ea19a86a,excursion_resolution_structural_forecast_v1,4fc1a02dce9ac2311dabaeb4623a559d37286dfe58baffef53828cc7415a3425,MODEL_FULL_REFIT,not_applicable,not_applicable,not_applicable,not_applicable,-1,-1,not_applicable,not_applicable,True,False,disabled,False,False,False,False,False,False,False
UNAVAILABLE,1505,0.496542185339,0.23853820598,0.0342371132355,B7,VALIDATION_2025,ALL_DECISION_ROWS,da1131234856d62549b728d5,91996a9cf747a614ff6d9e08eaafc3583a58b91c,bdba55b4243a4bfe18cea04d89b2cacabe817322eb581e3ec4461a5f3c4e8737,2b2efafb8d7c0cebbd7b392493ecbc0a279f71ee1d4f74197e18d99ecd8c43a7,801c0bf9d69ecdd58b21fb2ba4392137048b466668344ebfc4c8faf6a0d3e2f1,e0bec27d320343054ccfc584b0ad10e3830babff9e6eceb2d8a1a7f2ea19a86a,excursion_resolution_structural_forecast_v1,4fc1a02dce9ac2311dabaeb4623a559d37286dfe58baffef53828cc7415a3425,MODEL_FULL_REFIT,not_applicable,not_applicable,not_applicable,not_applicable,-1,-1,not_applicable,not_applicable,True,False,disabled,False,False,False,False,False,False,False
RETURN_TO_ORIGIN,3,0,0,0.00101386764895,B7,VALIDATION_2025,BEST_AVAILABLE_FINAL_FORECAST,da1131234856d62549b728d5,91996a9cf747a614ff6d9e08eaafc3583a58b91c,bdba55b4243a4bfe18cea04d89b2cacabe817322eb581e3ec4461a5f3c4e8737,2b2efafb8d7c0cebbd7b392493ecbc0a279f71ee1d4f74197e18d99ecd8c43a7,801c0bf9d69ecdd58b21fb2ba4392137048b466668344ebfc4c8faf6a0d3e2f1,e0bec27d320343054ccfc584b0ad10e3830babff9e6eceb2d8a1a7f2ea19a86a,excursion_resolution_structural_forecast_v1,4fc1a02dce9ac2311dabaeb4623a559d37286dfe58baffef53828cc7415a3425,MODEL_FULL_REFIT,not_applicable,not_applicable,not_applicable,not_applicable,-1,-1,not_applicable,not_applicable,True,False,disabled,False,False,False,False,False,False,False
PARTIAL_RETURN,8,0.333333333333,0.5,0.00163165466781,B7,VALIDATION_2025,BEST_AVAILABLE_FINAL_FORECAST,da1131234856d62549b728d5,91996a9cf747a614ff6d9e08eaafc3583a58b91c,bdba55b4243a4bfe18cea04d89b2cacabe817322eb581e3ec4461a5f3c4e8737,2b2efafb8d7c0cebbd7b392493ecbc0a279f71ee1d4f74197e18d99ecd8c43a7,801c0bf9d69ecdd58b21fb2ba4392137048b466668344ebfc4c8faf6a0d3e2f1,e0bec27d320343054ccfc584b0ad10e3830babff9e6eceb2d8a1a7f2ea19a86a,excursion_resolution_structural_forecast_v1,4fc1a02dce9ac2311dabaeb4623a559d37286dfe58baffef53828cc7415a3425,MODEL_FULL_REFIT,not_applicable,not_applicable,not_applicable,not_applicable,-1,-1,not_applicable,not_applicable,True,False,disabled,False,False,False,False,False,False,False
CONTINUE_AWAY,26,0,0,0.00745962371577,B7,VALIDATION_2025,BEST_AVAILABLE_FINAL_FORECAST,da1131234856d62549b728d5,91996a9cf747a614ff6d9e08eaafc3583a58b91c,bdba55b4243a4bfe18cea04d89b2cacabe817322eb581e3ec4461a5f3c4e8737,2b2efafb8d7c0cebbd7b392493ecbc0a279f71ee1d4f74197e18d99ecd8c43a7,801c0bf9d69ecdd58b21fb2ba4392137048b466668344ebfc4c8faf6a0d3e2f1,e0bec27d320343054ccfc584b0ad10e3830babff9e6eceb2d8a1a7f2ea19a86a,excursion_resolution_structural_forecast_v1,4fc1a02dce9ac2311dabaeb4623a559d37286dfe58baffef53828cc7415a3425,MODEL_FULL_REFIT,not_applicable,not_applicable,not_applicable,not_applicable,-1,-1,not_applicable,not_applicable,True,False,disabled,False,False,False,False,False,False,False
ROTATE_TO_NEW_REGION,740,0.906560636183,0.616216216216,0.0804490375385,B7,VALIDATION_2025,BEST_AVAILABLE_FINAL_FORECAST,da1131234856d62549b728d5,91996a9cf747a614ff6d9e08eaafc3583a58b91c,bdba55b4243a4bfe18cea04d89b2cacabe817322eb581e3ec4461a5f3c4e8737,2b2efafb8d7c0cebbd7b392493ecbc0a279f71ee1d4f74197e18d99ecd8c43a7,801c0bf9d69ecdd58b21fb2ba4392137048b466668344ebfc4c8faf6a0d3e2f1,e0bec27d320343054ccfc584b0ad10e3830babff9e6eceb2d8a1a7f2ea19a86a,excursion_resolution_structural_forecast_v1,4fc1a02dce9ac2311dabaeb4623a559d37286dfe58baffef53828cc7415a3425,MODEL_FULL_REFIT,not_applicable,not_applicable,not_applicable,not_applicable,-1,-1,not_applicable,not_applicable,True,False,disabled,False,False,False,False,False,False,False
SESSION_END,2399,0.883198231393,0.9991663193,0.0685461657315,B7,VALIDATION_2025,BEST_AVAILABLE_FINAL_FORECAST,da1131234856d62549b728d5,91996a9cf747a614ff6d9e08eaafc3583a58b91c,bdba55b4243a4bfe18cea04d89b2cacabe817322eb581e3ec4461a5f3c4e8737,2b2efafb8d7c0cebbd7b392493ecbc0a279f71ee1d4f74197e18d99ecd8c43a7,801c0bf9d69ecdd58b21fb2ba4392137048b466668344ebfc4c8faf6a0d3e2f1,e0bec27d320343054ccfc584b0ad10e3830babff9e6eceb2d8a1a7f2ea19a86a,excursion_resolution_structural_forecast_v1,4fc1a02dce9ac2311dabaeb4623a559d37286dfe58baffef53828cc7415a3425,MODEL_FULL_REFIT,not_applicable,not_applicable,not_applicable,not_applicable,-1,-1,not_applicable,not_applicable,True,False,disabled,False,False,False,False,False,False,False
UNAVAILABLE,122,0.701492537313,0.385245901639,0.0238843793737,B7,VALIDATION_2025,BEST_AVAILABLE_FINAL_FORECAST,da1131234856d62549b728d5,91996a9cf747a614ff6d9e08eaafc3583a58b91c,bdba55b4243a4bfe18cea04d89b2cacabe817322eb581e3ec4461a5f3c4e8737,2b2efafb8d7c0cebbd7b392493ecbc0a279f71ee1d4f74197e18d99ecd8c43a7,801c0bf9d69ecdd58b21fb2ba4392137048b466668344ebfc4c8faf6a0d3e2f1,e0bec27d320343054ccfc584b0ad10e3830babff9e6eceb2d8a1a7f2ea19a86a,excursion_resolution_structural_forecast_v1,4fc1a02dce9ac2311dabaeb4623a559d37286dfe58baffef53828cc7415a3425,MODEL_FULL_REFIT,not_applicable,not_applicable,not_applicable,not_applicable,-1,-1,not_applicable,not_applicable,True,False,disabled,False,False,False,False,False,False,False
RETURN_TO_ORIGIN,3,0,0,0.00189592809531,B8,VALIDATION_2025,FIRST_ELIGIBLE_EVENT,da1131234856d62549b728d5,91996a9cf747a614ff6d9e08eaafc3583a58b91c,bdba55b4243a4bfe18cea04d89b2cacabe817322eb581e3ec4461a5f3c4e8737,2b2efafb8d7c0cebbd7b392493ecbc0a279f71ee1d4f74197e18d99ecd8c43a7,801c0bf9d69ecdd58b21fb2ba4392137048b466668344ebfc4c8faf6a0d3e2f1,e0bec27d320343054ccfc584b0ad10e3830babff9e6eceb2d8a1a7f2ea19a86a,excursion_resolution_structural_forecast_v1,4fc1a02dce9ac2311dabaeb4623a559d37286dfe58baffef53828cc7415a3425,MODEL_FULL_REFIT,not_applicable,not_applicable,not_applicable,not_applicable,-1,-1,not_applicable,not_applicable,True,False,disabled,False,False,False,False,False,False,False
PARTIAL_RETURN,8,0,0,0.00206402946632,B8,VALIDATION_2025,FIRST_ELIGIBLE_EVENT,da1131234856d62549b728d5,91996a9cf747a614ff6d9e08eaafc3583a58b91c,bdba55b4243a4bfe18cea04d89b2cacabe817322eb581e3ec4461a5f3c4e8737,2b2efafb8d7c0cebbd7b392493ecbc0a279f71ee1d4f74197e18d99ecd8c43a7,801c0bf9d69ecdd58b21fb2ba4392137048b466668344ebfc4c8faf6a0d3e2f1,e0bec27d320343054ccfc584b0ad10e3830babff9e6eceb2d8a1a7f2ea19a86a,excursion_resolution_structural_forecast_v1,4fc1a02dce9ac2311dabaeb4623a559d37286dfe58baffef53828cc7415a3425,MODEL_FULL_REFIT,not_applicable,not_applicable,not_applicable,not_applicable,-1,-1,not_applicable,not_applicable,True,False,disabled,False,False,False,False,False,False,False
CONTINUE_AWAY,26,1,0.0769230769231,0.00725024151685,B8,VALIDATION_2025,FIRST_ELIGIBLE_EVENT,da1131234856d62549b728d5,91996a9cf747a614ff6d9e08eaafc3583a58b91c,bdba55b4243a4bfe18cea04d89b2cacabe817322eb581e3ec4461a5f3c4e8737,2b2efafb8d7c0cebbd7b392493ecbc0a279f71ee1d4f74197e18d99ecd8c43a7,801c0bf9d69ecdd58b21fb2ba4392137048b466668344ebfc4c8faf6a0d3e2f1,e0bec27d320343054ccfc584b0ad10e3830babff9e6eceb2d8a1a7f2ea19a86a,excursion_resolution_structural_forecast_v1,4fc1a02dce9ac2311dabaeb4623a559d37286dfe58baffef53828cc7415a3425,MODEL_FULL_REFIT,not_applicable,not_applicable,not_applicable,not_applicable,-1,-1,not_applicable,not_applicable,True,False,disabled,False,False,False,False,False,False,False
ROTATE_TO_NEW_REGION,740,0.854948805461,0.677027027027,0.0895324915002,B8,VALIDATION_2025,FIRST_ELIGIBLE_EVENT,da1131234856d62549b728d5,91996a9cf747a614ff6d9e08eaafc3583a58b91c,bdba55b4243a4bfe18cea04d89b2cacabe817322eb581e3ec4461a5f3c4e8737,2b2efafb8d7c0cebbd7b392493ecbc0a279f71ee1d4f74197e18d99ecd8c43a7,801c0bf9d69ecdd58b21fb2ba4392137048b466668344ebfc4c8faf6a0d3e2f1,e0bec27d320343054ccfc584b0ad10e3830babff9e6eceb2d8a1a7f2ea19a86a,excursion_resolution_structural_forecast_v1,4fc1a02dce9ac2311dabaeb4623a559d37286dfe58baffef53828cc7415a3425,MODEL_FULL_REFIT,not_applicable,not_applicable,not_applicable,not_applicable,-1,-1,not_applicable,not_applicable,True,False,disabled,False,False,False,False,False,False,False
SESSION_END,2399,0.909160015203,0.997082117549,0.0745219114184,B8,VALIDATION_2025,FIRST_ELIGIBLE_EVENT,da1131234856d62549b728d5,91996a9cf747a614ff6d9e08eaafc3583a58b91c,bdba55b4243a4bfe18cea04d89b2cacabe817322eb581e3ec4461a5f3c4e8737,2b2efafb8d7c0cebbd7b392493ecbc0a279f71ee1d4f74197e18d99ecd8c43a7,801c0bf9d69ecdd58b21fb2ba4392137048b466668344ebfc4c8faf6a0d3e2f1,e0bec27d320343054ccfc584b0ad10e3830babff9e6eceb2d8a1a7f2ea19a86a,excursion_resolution_structural_forecast_v1,4fc1a02dce9ac2311dabaeb4623a559d37286dfe58baffef53828cc7415a3425,MODEL_FULL_REFIT,not_applicable,not_applicable,not_applicable,not_applicable,-1,-1,not_applicable,not_applicable,True,False,disabled,False,False,False,False,False,False,False
UNAVAILABLE,122,0.25,0.147540983607,0.0465719002122,B8,VALIDATION_2025,FIRST_ELIGIBLE_EVENT,da1131234856d62549b728d5,91996a9cf747a614ff6d9e08eaafc3583a58b91c,bdba55b4243a4bfe18cea04d89b2cacabe817322eb581e3ec4461a5f3c4e8737,2b2efafb8d7c0cebbd7b392493ecbc0a279f71ee1d4f74197e18d99ecd8c43a7,801c0bf9d69ecdd58b21fb2ba4392137048b466668344ebfc4c8faf6a0d3e2f1,e0bec27d320343054ccfc584b0ad10e3830babff9e6eceb2d8a1a7f2ea19a86a,excursion_resolution_structural_forecast_v1,4fc1a02dce9ac2311dabaeb4623a559d37286dfe58baffef53828cc7415a3425,MODEL_FULL_REFIT,not_applicable,not_applicable,not_applicable,not_applicable,-1,-1,not_applicable,not_applicable,True,False,disabled,False,False,False,False,False,False,False
RETURN_TO_ORIGIN,27,0.0789473684211,0.111111111111,0.000945520442104,B8,VALIDATION_2025,ALL_DECISION_ROWS,da1131234856d62549b728d5,91996a9cf747a614ff6d9e08eaafc3583a58b91c,bdba55b4243a4bfe18cea04d89b2cacabe817322eb581e3ec4461a5f3c4e8737,2b2efafb8d7c0cebbd7b392493ecbc0a279f71ee1d4f74197e18d99ecd8c43a7,801c0bf9d69ecdd58b21fb2ba4392137048b466668344ebfc4c8faf6a0d3e2f1,e0bec27d320343054ccfc584b0ad10e3830babff9e6eceb2d8a1a7f2ea19a86a,excursion_resolution_structural_forecast_v1,4fc1a02dce9ac2311dabaeb4623a559d37286dfe58baffef53828cc7415a3425,MODEL_FULL_REFIT,not_applicable,not_applicable,not_applicable,not_applicable,-1,-1,not_applicable,not_applicable,True,False,disabled,False,False,False,False,False,False,False
PARTIAL_RETURN,131,0.653846153846,0.519083969466,0.00213377548291,B8,VALIDATION_2025,ALL_DECISION_ROWS,da1131234856d62549b728d5,91996a9cf747a614ff6d9e08eaafc3583a58b91c,bdba55b4243a4bfe18cea04d89b2cacabe817322eb581e3ec4461a5f3c4e8737,2b2efafb8d7c0cebbd7b392493ecbc0a279f71ee1d4f74197e18d99ecd8c43a7,801c0bf9d69ecdd58b21fb2ba4392137048b466668344ebfc4c8faf6a0d3e2f1,e0bec27d320343054ccfc584b0ad10e3830babff9e6eceb2d8a1a7f2ea19a86a,excursion_resolution_structural_forecast_v1,4fc1a02dce9ac2311dabaeb4623a559d37286dfe58baffef53828cc7415a3425,MODEL_FULL_REFIT,not_applicable,not_applicable,not_applicable,not_applicable,-1,-1,not_applicable,not_applicable,True,False,disabled,False,False,False,False,False,False,False
CONTINUE_AWAY,312,1,0.0192307692308,0.00740392956763,B8,VALIDATION_2025,ALL_DECISION_ROWS,da1131234856d62549b728d5,91996a9cf747a614ff6d9e08eaafc3583a58b91c,bdba55b4243a4bfe18cea04d89b2cacabe817322eb581e3ec4461a5f3c4e8737,2b2efafb8d7c0cebbd7b392493ecbc0a279f71ee1d4f74197e18d99ecd8c43a7,801c0bf9d69ecdd58b21fb2ba4392137048b466668344ebfc4c8faf6a0d3e2f1,e0bec27d320343054ccfc584b0ad10e3830babff9e6eceb2d8a1a7f2ea19a86a,excursion_resolution_structural_forecast_v1,4fc1a02dce9ac2311dabaeb4623a559d37286dfe58baffef53828cc7415a3425,MODEL_FULL_REFIT,not_applicable,not_applicable,not_applicable,not_applicable,-1,-1,not_applicable,not_applicable,True,False,disabled,False,False,False,False,False,False,False
ROTATE_TO_NEW_REGION,8311,0.855476753349,0.6531103357,0.0828414529714,B8,VALIDATION_2025,ALL_DECISION_ROWS,da1131234856d62549b728d5,91996a9cf747a614ff6d9e08eaafc3583a58b91c,bdba55b4243a4bfe18cea04d89b2cacabe817322eb581e3ec4461a5f3c4e8737,2b2efafb8d7c0cebbd7b392493ecbc0a279f71ee1d4f74197e18d99ecd8c43a7,801c0bf9d69ecdd58b21fb2ba4392137048b466668344ebfc4c8faf6a0d3e2f1,e0bec27d320343054ccfc584b0ad10e3830babff9e6eceb2d8a1a7f2ea19a86a,excursion_resolution_structural_forecast_v1,4fc1a02dce9ac2311dabaeb4623a559d37286dfe58baffef53828cc7415a3425,MODEL_FULL_REFIT,not_applicable,not_applicable,not_applicable,not_applicable,-1,-1,not_applicable,not_applicable,True,False,disabled,False,False,False,False,False,False,False
SESSION_END,28399,0.901916536885,0.999225324835,0.0641153846685,B8,VALIDATION_2025,ALL_DECISION_ROWS,da1131234856d62549b728d5,91996a9cf747a614ff6d9e08eaafc3583a58b91c,bdba55b4243a4bfe18cea04d89b2cacabe817322eb581e3ec4461a5f3c4e8737,2b2efafb8d7c0cebbd7b392493ecbc0a279f71ee1d4f74197e18d99ecd8c43a7,801c0bf9d69ecdd58b21fb2ba4392137048b466668344ebfc4c8faf6a0d3e2f1,e0bec27d320343054ccfc584b0ad10e3830babff9e6eceb2d8a1a7f2ea19a86a,excursion_resolution_structural_forecast_v1,4fc1a02dce9ac2311dabaeb4623a559d37286dfe58baffef53828cc7415a3425,MODEL_FULL_REFIT,not_applicable,not_applicable,not_applicable,not_applicable,-1,-1,not_applicable,not_applicable,True,False,disabled,False,False,False,False,False,False,False
UNAVAILABLE,1505,0.497942386831,0.241196013289,0.0343098779425,B8,VALIDATION_2025,ALL_DECISION_ROWS,da1131234856d62549b728d5,91996a9cf747a614ff6d9e08eaafc3583a58b91c,bdba55b4243a4bfe18cea04d89b2cacabe817322eb581e3ec4461a5f3c4e8737,2b2efafb8d7c0cebbd7b392493ecbc0a279f71ee1d4f74197e18d99ecd8c43a7,801c0bf9d69ecdd58b21fb2ba4392137048b466668344ebfc4c8faf6a0d3e2f1,e0bec27d320343054ccfc584b0ad10e3830babff9e6eceb2d8a1a7f2ea19a86a,excursion_resolution_structural_forecast_v1,4fc1a02dce9ac2311dabaeb4623a559d37286dfe58baffef53828cc7415a3425,MODEL_FULL_REFIT,not_applicable,not_applicable,not_applicable,not_applicable,-1,-1,not_applicable,not_applicable,True,False,disabled,False,False,False,False,False,False,False
RETURN_TO_ORIGIN,3,0,0,0.00187543158867,B9,VALIDATION_2025,FIRST_ELIGIBLE_EVENT,da1131234856d62549b728d5,91996a9cf747a614ff6d9e08eaafc3583a58b91c,bdba55b4243a4bfe18cea04d89b2cacabe817322eb581e3ec4461a5f3c4e8737,2b2efafb8d7c0cebbd7b392493ecbc0a279f71ee1d4f74197e18d99ecd8c43a7,801c0bf9d69ecdd58b21fb2ba4392137048b466668344ebfc4c8faf6a0d3e2f1,e0bec27d320343054ccfc584b0ad10e3830babff9e6eceb2d8a1a7f2ea19a86a,excursion_resolution_structural_forecast_v1,4fc1a02dce9ac2311dabaeb4623a559d37286dfe58baffef53828cc7415a3425,MODEL_FULL_REFIT,not_applicable,not_applicable,not_applicable,not_applicable,-1,-1,not_applicable,not_applicable,True,False,disabled,False,False,False,False,False,False,False
PARTIAL_RETURN,8,0,0,0.00202501445623,B9,VALIDATION_2025,FIRST_ELIGIBLE_EVENT,da1131234856d62549b728d5,91996a9cf747a614ff6d9e08eaafc3583a58b91c,bdba55b4243a4bfe18cea04d89b2cacabe817322eb581e3ec4461a5f3c4e8737,2b2efafb8d7c0cebbd7b392493ecbc0a279f71ee1d4f74197e18d99ecd8c43a7,801c0bf9d69ecdd58b21fb2ba4392137048b466668344ebfc4c8faf6a0d3e2f1,e0bec27d320343054ccfc584b0ad10e3830babff9e6eceb2d8a1a7f2ea19a86a,excursion_resolution_structural_forecast_v1,4fc1a02dce9ac2311dabaeb4623a559d37286dfe58baffef53828cc7415a3425,MODEL_FULL_REFIT,not_applicable,not_applicable,not_applicable,not_applicable,-1,-1,not_applicable,not_applicable,True,False,disabled,False,False,False,False,False,False,False
CONTINUE_AWAY,26,1,0.0769230769231,0.00729429718506,B9,VALIDATION_2025,FIRST_ELIGIBLE_EVENT,da1131234856d62549b728d5,91996a9cf747a614ff6d9e08eaafc3583a58b91c,bdba55b4243a4bfe18cea04d89b2cacabe817322eb581e3ec4461a5f3c4e8737,2b2efafb8d7c0cebbd7b392493ecbc0a279f71ee1d4f74197e18d99ecd8c43a7,801c0bf9d69ecdd58b21fb2ba4392137048b466668344ebfc4c8faf6a0d3e2f1,e0bec27d320343054ccfc584b0ad10e3830babff9e6eceb2d8a1a7f2ea19a86a,excursion_resolution_structural_forecast_v1,4fc1a02dce9ac2311dabaeb4623a559d37286dfe58baffef53828cc7415a3425,MODEL_FULL_REFIT,not_applicable,not_applicable,not_applicable,not_applicable,-1,-1,not_applicable,not_applicable,True,False,disabled,False,False,False,False,False,False,False
ROTATE_TO_NEW_REGION,740,0.847682119205,0.691891891892,0.0881007978039,B9,VALIDATION_2025,FIRST_ELIGIBLE_EVENT,da1131234856d62549b728d5,91996a9cf747a614ff6d9e08eaafc3583a58b91c,bdba55b4243a4bfe18cea04d89b2cacabe817322eb581e3ec4461a5f3c4e8737,2b2efafb8d7c0cebbd7b392493ecbc0a279f71ee1d4f74197e18d99ecd8c43a7,801c0bf9d69ecdd58b21fb2ba4392137048b466668344ebfc4c8faf6a0d3e2f1,e0bec27d320343054ccfc584b0ad10e3830babff9e6eceb2d8a1a7f2ea19a86a,excursion_resolution_structural_forecast_v1,4fc1a02dce9ac2311dabaeb4623a559d37286dfe58baffef53828cc7415a3425,MODEL_FULL_REFIT,not_applicable,not_applicable,not_applicable,not_applicable,-1,-1,not_applicable,not_applicable,True,False,disabled,False,False,False,False,False,False,False
SESSION_END,2399,0.910510281797,0.996665277199,0.0739090977622,B9,VALIDATION_2025,FIRST_ELIGIBLE_EVENT,da1131234856d62549b728d5,91996a9cf747a614ff6d9e08eaafc3583a58b91c,bdba55b4243a4bfe18cea04d89b2cacabe817322eb581e3ec4461a5f3c4e8737,2b2efafb8d7c0cebbd7b392493ecbc0a279f71ee1d4f74197e18d99ecd8c43a7,801c0bf9d69ecdd58b21fb2ba4392137048b466668344ebfc4c8faf6a0d3e2f1,e0bec27d320343054ccfc584b0ad10e3830babff9e6eceb2d8a1a7f2ea19a86a,excursion_resolution_structural_forecast_v1,4fc1a02dce9ac2311dabaeb4623a559d37286dfe58baffef53828cc7415a3425,MODEL_FULL_REFIT,not_applicable,not_applicable,not_applicable,not_applicable,-1,-1,not_applicable,not_applicable,True,False,disabled,False,False,False,False,False,False,False
UNAVAILABLE,122,0.254237288136,0.122950819672,0.0434562296157,B9,VALIDATION_2025,FIRST_ELIGIBLE_EVENT,da1131234856d62549b728d5,91996a9cf747a614ff6d9e08eaafc3583a58b91c,bdba55b4243a4bfe18cea04d89b2cacabe817322eb581e3ec4461a5f3c4e8737,2b2efafb8d7c0cebbd7b392493ecbc0a279f71ee1d4f74197e18d99ecd8c43a7,801c0bf9d69ecdd58b21fb2ba4392137048b466668344ebfc4c8faf6a0d3e2f1,e0bec27d320343054ccfc584b0ad10e3830babff9e6eceb2d8a1a7f2ea19a86a,excursion_resolution_structural_forecast_v1,4fc1a02dce9ac2311dabaeb4623a559d37286dfe58baffef53828cc7415a3425,MODEL_FULL_REFIT,not_applicable,not_applicable,not_applicable,not_applicable,-1,-1,not_applicable,not_applicable,True,False,disabled,False,False,False,False,False,False,False
RETURN_TO_ORIGIN,27,0.0857142857143,0.111111111111,0.000944388335934,B9,VALIDATION_2025,ALL_DECISION_ROWS,da1131234856d62549b728d5,91996a9cf747a614ff6d9e08eaafc3583a58b91c,bdba55b4243a4bfe18cea04d89b2cacabe817322eb581e3ec4461a5f3c4e8737,2b2efafb8d7c0cebbd7b392493ecbc0a279f71ee1d4f74197e18d99ecd8c43a7,801c0bf9d69ecdd58b21fb2ba4392137048b466668344ebfc4c8faf6a0d3e2f1,e0bec27d320343054ccfc584b0ad10e3830babff9e6eceb2d8a1a7f2ea19a86a,excursion_resolution_structural_forecast_v1,4fc1a02dce9ac2311dabaeb4623a559d37286dfe58baffef53828cc7415a3425,MODEL_FULL_REFIT,not_applicable,not_applicable,not_applicable,not_applicable,-1,-1,not_applicable,not_applicable,True,False,disabled,False,False,False,False,False,False,False
PARTIAL_RETURN,131,0.622641509434,0.503816793893,0.0021456443509,B9,VALIDATION_2025,ALL_DECISION_ROWS,da1131234856d62549b728d5,91996a9cf747a614ff6d9e08eaafc3583a58b91c,bdba55b4243a4bfe18cea04d89b2cacabe817322eb581e3ec4461a5f3c4e8737,2b2efafb8d7c0cebbd7b392493ecbc0a279f71ee1d4f74197e18d99ecd8c43a7,801c0bf9d69ecdd58b21fb2ba4392137048b466668344ebfc4c8faf6a0d3e2f1,e0bec27d320343054ccfc584b0ad10e3830babff9e6eceb2d8a1a7f2ea19a86a,excursion_resolution_structural_forecast_v1,4fc1a02dce9ac2311dabaeb4623a559d37286dfe58baffef53828cc7415a3425,MODEL_FULL_REFIT,not_applicable,not_applicable,not_applicable,not_applicable,-1,-1,not_applicable,not_applicable,True,False,disabled,False,False,False,False,False,False,False
CONTINUE_AWAY,312,1,0.0224358974359,0.0074374114396,B9,VALIDATION_2025,ALL_DECISION_ROWS,da1131234856d62549b728d5,91996a9cf747a614ff6d9e08eaafc3583a58b91c,bdba55b4243a4bfe18cea04d89b2cacabe817322eb581e3ec4461a5f3c4e8737,2b2efafb8d7c0cebbd7b392493ecbc0a279f71ee1d4f74197e18d99ecd8c43a7,801c0bf9d69ecdd58b21fb2ba4392137048b466668344ebfc4c8faf6a0d3e2f1,e0bec27d320343054ccfc584b0ad10e3830babff9e6eceb2d8a1a7f2ea19a86a,excursion_resolution_structural_forecast_v1,4fc1a02dce9ac2311dabaeb4623a559d37286dfe58baffef53828cc7415a3425,MODEL_FULL_REFIT,not_applicable,not_applicable,not_applicable,not_applicable,-1,-1,not_applicable,not_applicable,True,False,disabled,False,False,False,False,False,False,False
ROTATE_TO_NEW_REGION,8311,0.851037472902,0.661292263266,0.082828827072,B9,VALIDATION_2025,ALL_DECISION_ROWS,da1131234856d62549b728d5,91996a9cf747a614ff6d9e08eaafc3583a58b91c,bdba55b4243a4bfe18cea04d89b2cacabe817322eb581e3ec4461a5f3c4e8737,2b2efafb8d7c0cebbd7b392493ecbc0a279f71ee1d4f74197e18d99ecd8c43a7,801c0bf9d69ecdd58b21fb2ba4392137048b466668344ebfc4c8faf6a0d3e2f1,e0bec27d320343054ccfc584b0ad10e3830babff9e6eceb2d8a1a7f2ea19a86a,excursion_resolution_structural_forecast_v1,4fc1a02dce9ac2311dabaeb4623a559d37286dfe58baffef53828cc7415a3425,MODEL_FULL_REFIT,not_applicable,not_applicable,not_applicable,not_applicable,-1,-1,not_applicable,not_applicable,True,False,disabled,False,False,False,False,False,False,False
SESSION_END,28399,0.902557740027,0.99901404979,0.0646957012798,B9,VALIDATION_2025,ALL_DECISION_ROWS,da1131234856d62549b728d5,91996a9cf747a614ff6d9e08eaafc3583a58b91c,bdba55b4243a4bfe18cea04d89b2cacabe817322eb581e3ec4461a5f3c4e8737,2b2efafb8d7c0cebbd7b392493ecbc0a279f71ee1d4f74197e18d99ecd8c43a7,801c0bf9d69ecdd58b21fb2ba4392137048b466668344ebfc4c8faf6a0d3e2f1,e0bec27d320343054ccfc584b0ad10e3830babff9e6eceb2d8a1a7f2ea19a86a,excursion_resolution_structural_forecast_v1,4fc1a02dce9ac2311dabaeb4623a559d37286dfe58baffef53828cc7415a3425,MODEL_FULL_REFIT,not_applicable,not_applicable,not_applicable,not_applicable,-1,-1,not_applicable,not_applicable,True,False,disabled,False,False,False,False,False,False,False
UNAVAILABLE,1505,0.505426356589,0.216611295681,0.0344676029036,B9,VALIDATION_2025,ALL_DECISION_ROWS,da1131234856d62549b728d5,91996a9cf747a614ff6d9e08eaafc3583a58b91c,bdba55b4243a4bfe18cea04d89b2cacabe817322eb581e3ec4461a5f3c4e8737,2b2efafb8d7c0cebbd7b392493ecbc0a279f71ee1d4f74197e18d99ecd8c43a7,801c0bf9d69ecdd58b21fb2ba4392137048b466668344ebfc4c8faf6a0d3e2f1,e0bec27d320343054ccfc584b0ad10e3830babff9e6eceb2d8a1a7f2ea19a86a,excursion_resolution_structural_forecast_v1,4fc1a02dce9ac2311dabaeb4623a559d37286dfe58baffef53828cc7415a3425,MODEL_FULL_REFIT,not_applicable,not_applicable,not_applicable,not_applicable,-1,-1,not_applicable,not_applicable,True,False,disabled,False,False,False,False,False,False,False
RETURN_TO_ORIGIN,3,0,0,0.00536010587914,B10,VALIDATION_2025,FIRST_ELIGIBLE_EVENT,da1131234856d62549b728d5,91996a9cf747a614ff6d9e08eaafc3583a58b91c,bdba55b4243a4bfe18cea04d89b2cacabe817322eb581e3ec4461a5f3c4e8737,2b2efafb8d7c0cebbd7b392493ecbc0a279f71ee1d4f74197e18d99ecd8c43a7,801c0bf9d69ecdd58b21fb2ba4392137048b466668344ebfc4c8faf6a0d3e2f1,e0bec27d320343054ccfc584b0ad10e3830babff9e6eceb2d8a1a7f2ea19a86a,excursion_resolution_structural_forecast_v1,4fc1a02dce9ac2311dabaeb4623a559d37286dfe58baffef53828cc7415a3425,MODEL_FULL_REFIT,not_applicable,not_applicable,not_applicable,not_applicable,-1,-1,not_applicable,not_applicable,True,False,disabled,False,False,False,False,False,False,False
PARTIAL_RETURN,8,0,0,0.00241357224656,B10,VALIDATION_2025,FIRST_ELIGIBLE_EVENT,da1131234856d62549b728d5,91996a9cf747a614ff6d9e08eaafc3583a58b91c,bdba55b4243a4bfe18cea04d89b2cacabe817322eb581e3ec4461a5f3c4e8737,2b2efafb8d7c0cebbd7b392493ecbc0a279f71ee1d4f74197e18d99ecd8c43a7,801c0bf9d69ecdd58b21fb2ba4392137048b466668344ebfc4c8faf6a0d3e2f1,e0bec27d320343054ccfc584b0ad10e3830babff9e6eceb2d8a1a7f2ea19a86a,excursion_resolution_structural_forecast_v1,4fc1a02dce9ac2311dabaeb4623a559d37286dfe58baffef53828cc7415a3425,MODEL_FULL_REFIT,not_applicable,not_applicable,not_applicable,not_applicable,-1,-1,not_applicable,not_applicable,True,False,disabled,False,False,False,False,False,False,False
CONTINUE_AWAY,26,0,0,0.00830320591345,B10,VALIDATION_2025,FIRST_ELIGIBLE_EVENT,da1131234856d62549b728d5,91996a9cf747a614ff6d9e08eaafc3583a58b91c,bdba55b4243a4bfe18cea04d89b2cacabe817322eb581e3ec4461a5f3c4e8737,2b2efafb8d7c0cebbd7b392493ecbc0a279f71ee1d4f74197e18d99ecd8c43a7,801c0bf9d69ecdd58b21fb2ba4392137048b466668344ebfc4c8faf6a0d3e2f1,e0bec27d320343054ccfc584b0ad10e3830babff9e6eceb2d8a1a7f2ea19a86a,excursion_resolution_structural_forecast_v1,4fc1a02dce9ac2311dabaeb4623a559d37286dfe58baffef53828cc7415a3425,MODEL_FULL_REFIT,not_applicable,not_applicable,not_applicable,not_applicable,-1,-1,not_applicable,not_applicable,True,False,disabled,False,False,False,False,False,False,False
ROTATE_TO_NEW_REGION,740,0.348189415042,0.337837837838,0.198058415507,B10,VALIDATION_2025,FIRST_ELIGIBLE_EVENT,da1131234856d62549b728d5,91996a9cf747a614ff6d9e08eaafc3583a58b91c,bdba55b4243a4bfe18cea04d89b2cacabe817322eb581e3ec4461a5f3c4e8737,2b2efafb8d7c0cebbd7b392493ecbc0a279f71ee1d4f74197e18d99ecd8c43a7,801c0bf9d69ecdd58b21fb2ba4392137048b466668344ebfc4c8faf6a0d3e2f1,e0bec27d320343054ccfc584b0ad10e3830babff9e6eceb2d8a1a7f2ea19a86a,excursion_resolution_structural_forecast_v1,4fc1a02dce9ac2311dabaeb4623a559d37286dfe58baffef53828cc7415a3425,MODEL_FULL_REFIT,not_applicable,not_applicable,not_applicable,not_applicable,-1,-1,not_applicable,not_applicable,True,False,disabled,False,False,False,False,False,False,False
SESSION_END,2399,0.96053736356,0.476865360567,0.333011705867,B10,VALIDATION_2025,FIRST_ELIGIBLE_EVENT,da1131234856d62549b728d5,91996a9cf747a614ff6d9e08eaafc3583a58b91c,bdba55b4243a4bfe18cea04d89b2cacabe817322eb581e3ec4461a5f3c4e8737,2b2efafb8d7c0cebbd7b392493ecbc0a279f71ee1d4f74197e18d99ecd8c43a7,801c0bf9d69ecdd58b21fb2ba4392137048b466668344ebfc4c8faf6a0d3e2f1,e0bec27d320343054ccfc584b0ad10e3830babff9e6eceb2d8a1a7f2ea19a86a,excursion_resolution_structural_forecast_v1,4fc1a02dce9ac2311dabaeb4623a559d37286dfe58baffef53828cc7415a3425,MODEL_FULL_REFIT,not_applicable,not_applicable,not_applicable,not_applicable,-1,-1,not_applicable,not_applicable,True,False,disabled,False,False,False,False,False,False,False
UNAVAILABLE,122,0.0687134502924,0.770491803279,0.258958176471,B10,VALIDATION_2025,FIRST_ELIGIBLE_EVENT,da1131234856d62549b728d5,91996a9cf747a614ff6d9e08eaafc3583a58b91c,bdba55b4243a4bfe18cea04d89b2cacabe817322eb581e3ec4461a5f3c4e8737,2b2efafb8d7c0cebbd7b392493ecbc0a279f71ee1d4f74197e18d99ecd8c43a7,801c0bf9d69ecdd58b21fb2ba4392137048b466668344ebfc4c8faf6a0d3e2f1,e0bec27d320343054ccfc584b0ad10e3830babff9e6eceb2d8a1a7f2ea19a86a,excursion_resolution_structural_forecast_v1,4fc1a02dce9ac2311dabaeb4623a559d37286dfe58baffef53828cc7415a3425,MODEL_FULL_REFIT,not_applicable,not_applicable,not_applicable,not_applicable,-1,-1,not_applicable,not_applicable,True,False,disabled,False,False,False,False,False,False,False
RETURN_TO_ORIGIN,27,0.0742574257426,0.555555555556,0.00311932477777,B10,VALIDATION_2025,ALL_DECISION_ROWS,da1131234856d62549b728d5,91996a9cf747a614ff6d9e08eaafc3583a58b91c,bdba55b4243a4bfe18cea04d89b2cacabe817322eb581e3ec4461a5f3c4e8737,2b2efafb8d7c0cebbd7b392493ecbc0a279f71ee1d4f74197e18d99ecd8c43a7,801c0bf9d69ecdd58b21fb2ba4392137048b466668344ebfc4c8faf6a0d3e2f1,e0bec27d320343054ccfc584b0ad10e3830babff9e6eceb2d8a1a7f2ea19a86a,excursion_resolution_structural_forecast_v1,4fc1a02dce9ac2311dabaeb4623a559d37286dfe58baffef53828cc7415a3425,MODEL_FULL_REFIT,not_applicable,not_applicable,not_applicable,not_applicable,-1,-1,not_applicable,not_applicable,True,False,disabled,False,False,False,False,False,False,False
PARTIAL_RETURN,131,0,0,0.00304706097389,B10,VALIDATION_2025,ALL_DECISION_ROWS,da1131234856d62549b728d5,91996a9cf747a614ff6d9e08eaafc3583a58b91c,bdba55b4243a4bfe18cea04d89b2cacabe817322eb581e3ec4461a5f3c4e8737,2b2efafb8d7c0cebbd7b392493ecbc0a279f71ee1d4f74197e18d99ecd8c43a7,801c0bf9d69ecdd58b21fb2ba4392137048b466668344ebfc4c8faf6a0d3e2f1,e0bec27d320343054ccfc584b0ad10e3830babff9e6eceb2d8a1a7f2ea19a86a,excursion_resolution_structural_forecast_v1,4fc1a02dce9ac2311dabaeb4623a559d37286dfe58baffef53828cc7415a3425,MODEL_FULL_REFIT,not_applicable,not_applicable,not_applicable,not_applicable,-1,-1,not_applicable,not_applicable,True,False,disabled,False,False,False,False,False,False,False
CONTINUE_AWAY,312,0,0,0.00825409974281,B10,VALIDATION_2025,ALL_DECISION_ROWS,da1131234856d62549b728d5,91996a9cf747a614ff6d9e08eaafc3583a58b91c,bdba55b4243a4bfe18cea04d89b2cacabe817322eb581e3ec4461a5f3c4e8737,2b2efafb8d7c0cebbd7b392493ecbc0a279f71ee1d4f74197e18d99ecd8c43a7,801c0bf9d69ecdd58b21fb2ba4392137048b466668344ebfc4c8faf6a0d3e2f1,e0bec27d320343054ccfc584b0ad10e3830babff9e6eceb2d8a1a7f2ea19a86a,excursion_resolution_structural_forecast_v1,4fc1a02dce9ac2311dabaeb4623a559d37286dfe58baffef53828cc7415a3425,MODEL_FULL_REFIT,not_applicable,not_applicable,not_applicable,not_applicable,-1,-1,not_applicable,not_applicable,True,False,disabled,False,False,False,False,False,False,False
ROTATE_TO_NEW_REGION,8311,0.445542881284,0.634460353748,0.163258360188,B10,VALIDATION_2025,ALL_DECISION_ROWS,da1131234856d62549b728d5,91996a9cf747a614ff6d9e08eaafc3583a58b91c,bdba55b4243a4bfe18cea04d89b2cacabe817322eb581e3ec4461a5f3c4e8737,2b2efafb8d7c0cebbd7b392493ecbc0a279f71ee1d4f74197e18d99ecd8c43a7,801c0bf9d69ecdd58b21fb2ba4392137048b466668344ebfc4c8faf6a0d3e2f1,e0bec27d320343054ccfc584b0ad10e3830babff9e6eceb2d8a1a7f2ea19a86a,excursion_resolution_structural_forecast_v1,4fc1a02dce9ac2311dabaeb4623a559d37286dfe58baffef53828cc7415a3425,MODEL_FULL_REFIT,not_applicable,not_applicable,not_applicable,not_applicable,-1,-1,not_applicable,not_applicable,True,False,disabled,False,False,False,False,False,False,False
SESSION_END,28399,0.956979975089,0.703405049474,0.197002363739,B10,VALIDATION_2025,ALL_DECISION_ROWS,da1131234856d62549b728d5,91996a9cf747a614ff6d9e08eaafc3583a58b91c,bdba55b4243a4bfe18cea04d89b2cacabe817322eb581e3ec4461a5f3c4e8737,2b2efafb8d7c0cebbd7b392493ecbc0a279f71ee1d4f74197e18d99ecd8c43a7,801c0bf9d69ecdd58b21fb2ba4392137048b466668344ebfc4c8faf6a0d3e2f1,e0bec27d320343054ccfc584b0ad10e3830babff9e6eceb2d8a1a7f2ea19a86a,excursion_resolution_structural_forecast_v1,4fc1a02dce9ac2311dabaeb4623a559d37286dfe58baffef53828cc7415a3425,MODEL_FULL_REFIT,not_applicable,not_applicable,not_applicable,not_applicable,-1,-1,not_applicable,not_applicable,True,False,disabled,False,False,False,False,False,False,False
UNAVAILABLE,1505,0.147671994441,0.564784053156,0.0928269332605,B10,VALIDATION_2025,ALL_DECISION_ROWS,da1131234856d62549b728d5,91996a9cf747a614ff6d9e08eaafc3583a58b91c,bdba55b4243a4bfe18cea04d89b2cacabe817322eb581e3ec4461a5f3c4e8737,2b2efafb8d7c0cebbd7b392493ecbc0a279f71ee1d4f74197e18d99ecd8c43a7,801c0bf9d69ecdd58b21fb2ba4392137048b466668344ebfc4c8faf6a0d3e2f1,e0bec27d320343054ccfc584b0ad10e3830babff9e6eceb2d8a1a7f2ea19a86a,excursion_resolution_structural_forecast_v1,4fc1a02dce9ac2311dabaeb4623a559d37286dfe58baffef53828cc7415a3425,MODEL_FULL_REFIT,not_applicable,not_applicable,not_applicable,not_applicable,-1,-1,not_applicable,not_applicable,True,False,disabled,False,False,False,False,False,False,False
RETURN_TO_ORIGIN,4,0,0,0.00160618315218,B0,DEVELOPMENT_2024_OOF,FIRST_ELIGIBLE_EVENT,da1131234856d62549b728d5,91996a9cf747a614ff6d9e08eaafc3583a58b91c,bdba55b4243a4bfe18cea04d89b2cacabe817322eb581e3ec4461a5f3c4e8737,2b2efafb8d7c0cebbd7b392493ecbc0a279f71ee1d4f74197e18d99ecd8c43a7,801c0bf9d69ecdd58b21fb2ba4392137048b466668344ebfc4c8faf6a0d3e2f1,e0bec27d320343054ccfc584b0ad10e3830babff9e6eceb2d8a1a7f2ea19a86a,excursion_resolution_structural_forecast_v1,4fc1a02dce9ac2311dabaeb4623a559d37286dfe58baffef53828cc7415a3425,MODEL_FULL_REFIT,not_applicable,not_applicable,not_applicable,not_applicable,-1,-1,not_applicable,not_applicable,True,False,disabled,False,False,False,False,False,False,False
PARTIAL_RETURN,4,0,0,0.00160188483078,B0,DEVELOPMENT_2024_OOF,FIRST_ELIGIBLE_EVENT,da1131234856d62549b728d5,91996a9cf747a614ff6d9e08eaafc3583a58b91c,bdba55b4243a4bfe18cea04d89b2cacabe817322eb581e3ec4461a5f3c4e8737,2b2efafb8d7c0cebbd7b392493ecbc0a279f71ee1d4f74197e18d99ecd8c43a7,801c0bf9d69ecdd58b21fb2ba4392137048b466668344ebfc4c8faf6a0d3e2f1,e0bec27d320343054ccfc584b0ad10e3830babff9e6eceb2d8a1a7f2ea19a86a,excursion_resolution_structural_forecast_v1,4fc1a02dce9ac2311dabaeb4623a559d37286dfe58baffef53828cc7415a3425,MODEL_FULL_REFIT,not_applicable,not_applicable,not_applicable,not_applicable,-1,-1,not_applicable,not_applicable,True,False,disabled,False,False,False,False,False,False,False
CONTINUE_AWAY,9,0,0,0.0035829835399,B0,DEVELOPMENT_2024_OOF,FIRST_ELIGIBLE_EVENT,da1131234856d62549b728d5,91996a9cf747a614ff6d9e08eaafc3583a58b91c,bdba55b4243a4bfe18cea04d89b2cacabe817322eb581e3ec4461a5f3c4e8737,2b2efafb8d7c0cebbd7b392493ecbc0a279f71ee1d4f74197e18d99ecd8c43a7,801c0bf9d69ecdd58b21fb2ba4392137048b466668344ebfc4c8faf6a0d3e2f1,e0bec27d320343054ccfc584b0ad10e3830babff9e6eceb2d8a1a7f2ea19a86a,excursion_resolution_structural_forecast_v1,4fc1a02dce9ac2311dabaeb4623a559d37286dfe58baffef53828cc7415a3425,MODEL_FULL_REFIT,not_applicable,not_applicable,not_applicable,not_applicable,-1,-1,not_applicable,not_applicable,True,False,disabled,False,False,False,False,False,False,False
ROTATE_TO_NEW_REGION,345,0,0,0.119004611254,B0,DEVELOPMENT_2024_OOF,FIRST_ELIGIBLE_EVENT,da1131234856d62549b728d5,91996a9cf747a614ff6d9e08eaafc3583a58b91c,bdba55b4243a4bfe18cea04d89b2cacabe817322eb581e3ec4461a5f3c4e8737,2b2efafb8d7c0cebbd7b392493ecbc0a279f71ee1d4f74197e18d99ecd8c43a7,801c0bf9d69ecdd58b21fb2ba4392137048b466668344ebfc4c8faf6a0d3e2f1,e0bec27d320343054ccfc584b0ad10e3830babff9e6eceb2d8a1a7f2ea19a86a,excursion_resolution_structural_forecast_v1,4fc1a02dce9ac2311dabaeb4623a559d37286dfe58baffef53828cc7415a3425,MODEL_FULL_REFIT,not_applicable,not_applicable,not_applicable,not_applicable,-1,-1,not_applicable,not_applicable,True,False,disabled,False,False,False,False,False,False,False
SESSION_END,2009,0.801675977654,1,0.159641948335,B0,DEVELOPMENT_2024_OOF,FIRST_ELIGIBLE_EVENT,da1131234856d62549b728d5,91996a9cf747a614ff6d9e08eaafc3583a58b91c,bdba55b4243a4bfe18cea04d89b2cacabe817322eb581e3ec4461a5f3c4e8737,2b2efafb8d7c0cebbd7b392493ecbc0a279f71ee1d4f74197e18d99ecd8c43a7,801c0bf9d69ecdd58b21fb2ba4392137048b466668344ebfc4c8faf6a0d3e2f1,e0bec27d320343054ccfc584b0ad10e3830babff9e6eceb2d8a1a7f2ea19a86a,excursion_resolution_structural_forecast_v1,4fc1a02dce9ac2311dabaeb4623a559d37286dfe58baffef53828cc7415a3425,MODEL_FULL_REFIT,not_applicable,not_applicable,not_applicable,not_applicable,-1,-1,not_applicable,not_applicable,True,False,disabled,False,False,False,False,False,False,False
UNAVAILABLE,135,0,0,0.0518254731651,B0,DEVELOPMENT_2024_OOF,FIRST_ELIGIBLE_EVENT,da1131234856d62549b728d5,91996a9cf747a614ff6d9e08eaafc3583a58b91c,bdba55b4243a4bfe18cea04d89b2cacabe817322eb581e3ec4461a5f3c4e8737,2b2efafb8d7c0cebbd7b392493ecbc0a279f71ee1d4f74197e18d99ecd8c43a7,801c0bf9d69ecdd58b21fb2ba4392137048b466668344ebfc4c8faf6a0d3e2f1,e0bec27d320343054ccfc584b0ad10e3830babff9e6eceb2d8a1a7f2ea19a86a,excursion_resolution_structural_forecast_v1,4fc1a02dce9ac2311dabaeb4623a559d37286dfe58baffef53828cc7415a3425,MODEL_FULL_REFIT,not_applicable,not_applicable,not_applicable,not_applicable,-1,-1,not_applicable,not_applicable,True,False,disabled,False,False,False,False,False,False,False
RETURN_TO_ORIGIN,4,0,0,0.00163211741377,B1,DEVELOPMENT_2024_OOF,FIRST_ELIGIBLE_EVENT,da1131234856d62549b728d5,91996a9cf747a614ff6d9e08eaafc3583a58b91c,bdba55b4243a4bfe18cea04d89b2cacabe817322eb581e3ec4461a5f3c4e8737,2b2efafb8d7c0cebbd7b392493ecbc0a279f71ee1d4f74197e18d99ecd8c43a7,801c0bf9d69ecdd58b21fb2ba4392137048b466668344ebfc4c8faf6a0d3e2f1,e0bec27d320343054ccfc584b0ad10e3830babff9e6eceb2d8a1a7f2ea19a86a,excursion_resolution_structural_forecast_v1,4fc1a02dce9ac2311dabaeb4623a559d37286dfe58baffef53828cc7415a3425,MODEL_FULL_REFIT,not_applicable,not_applicable,not_applicable,not_applicable,-1,-1,not_applicable,not_applicable,True,False,disabled,False,False,False,False,False,False,False
PARTIAL_RETURN,4,0,0,0.0017765791748,B1,DEVELOPMENT_2024_OOF,FIRST_ELIGIBLE_EVENT,da1131234856d62549b728d5,91996a9cf747a614ff6d9e08eaafc3583a58b91c,bdba55b4243a4bfe18cea04d89b2cacabe817322eb581e3ec4461a5f3c4e8737,2b2efafb8d7c0cebbd7b392493ecbc0a279f71ee1d4f74197e18d99ecd8c43a7,801c0bf9d69ecdd58b21fb2ba4392137048b466668344ebfc4c8faf6a0d3e2f1,e0bec27d320343054ccfc584b0ad10e3830babff9e6eceb2d8a1a7f2ea19a86a,excursion_resolution_structural_forecast_v1,4fc1a02dce9ac2311dabaeb4623a559d37286dfe58baffef53828cc7415a3425,MODEL_FULL_REFIT,not_applicable,not_applicable,not_applicable,not_applicable,-1,-1,not_applicable,not_applicable,True,False,disabled,False,False,False,False,False,False,False
CONTINUE_AWAY,9,0,0,0.00353946084688,B1,DEVELOPMENT_2024_OOF,FIRST_ELIGIBLE_EVENT,da1131234856d62549b728d5,91996a9cf747a614ff6d9e08eaafc3583a58b91c,bdba55b4243a4bfe18cea04d89b2cacabe817322eb581e3ec4461a5f3c4e8737,2b2efafb8d7c0cebbd7b392493ecbc0a279f71ee1d4f74197e18d99ecd8c43a7,801c0bf9d69ecdd58b21fb2ba4392137048b466668344ebfc4c8faf6a0d3e2f1,e0bec27d320343054ccfc584b0ad10e3830babff9e6eceb2d8a1a7f2ea19a86a,excursion_resolution_structural_forecast_v1,4fc1a02dce9ac2311dabaeb4623a559d37286dfe58baffef53828cc7415a3425,MODEL_FULL_REFIT,not_applicable,not_applicable,not_applicable,not_applicable,-1,-1,not_applicable,not_applicable,True,False,disabled,False,False,False,False,False,False,False
ROTATE_TO_NEW_REGION,345,0.735849056604,0.791304347826,0.058323869324,B1,DEVELOPMENT_2024_OOF,FIRST_ELIGIBLE_EVENT,da1131234856d62549b728d5,91996a9cf747a614ff6d9e08eaafc3583a58b91c,bdba55b4243a4bfe18cea04d89b2cacabe817322eb581e3ec4461a5f3c4e8737,2b2efafb8d7c0cebbd7b392493ecbc0a279f71ee1d4f74197e18d99ecd8c43a7,801c0bf9d69ecdd58b21fb2ba4392137048b466668344ebfc4c8faf6a0d3e2f1,e0bec27d320343054ccfc584b0ad10e3830babff9e6eceb2d8a1a7f2ea19a86a,excursion_resolution_structural_forecast_v1,4fc1a02dce9ac2311dabaeb4623a559d37286dfe58baffef53828cc7415a3425,MODEL_FULL_REFIT,not_applicable,not_applicable,not_applicable,not_applicable,-1,-1,not_applicable,not_applicable,True,False,disabled,False,False,False,False,False,False,False
SESSION_END,2009,0.940983606557,1,0.0483575017522,B1,DEVELOPMENT_2024_OOF,FIRST_ELIGIBLE_EVENT,da1131234856d62549b728d5,91996a9cf747a614ff6d9e08eaafc3583a58b91c,bdba55b4243a4bfe18cea04d89b2cacabe817322eb581e3ec4461a5f3c4e8737,2b2efafb8d7c0cebbd7b392493ecbc0a279f71ee1d4f74197e18d99ecd8c43a7,801c0bf9d69ecdd58b21fb2ba4392137048b466668344ebfc4c8faf6a0d3e2f1,e0bec27d320343054ccfc584b0ad10e3830babff9e6eceb2d8a1a7f2ea19a86a,excursion_resolution_structural_forecast_v1,4fc1a02dce9ac2311dabaeb4623a559d37286dfe58baffef53828cc7415a3425,MODEL_FULL_REFIT,not_applicable,not_applicable,not_applicable,not_applicable,-1,-1,not_applicable,not_applicable,True,False,disabled,False,False,False,False,False,False,False
UNAVAILABLE,135,0,0,0.0473378169292,B1,DEVELOPMENT_2024_OOF,FIRST_ELIGIBLE_EVENT,da1131234856d62549b728d5,91996a9cf747a614ff6d9e08eaafc3583a58b91c,bdba55b4243a4bfe18cea04d89b2cacabe817322eb581e3ec4461a5f3c4e8737,2b2efafb8d7c0cebbd7b392493ecbc0a279f71ee1d4f74197e18d99ecd8c43a7,801c0bf9d69ecdd58b21fb2ba4392137048b466668344ebfc4c8faf6a0d3e2f1,e0bec27d320343054ccfc584b0ad10e3830babff9e6eceb2d8a1a7f2ea19a86a,excursion_resolution_structural_forecast_v1,4fc1a02dce9ac2311dabaeb4623a559d37286dfe58baffef53828cc7415a3425,MODEL_FULL_REFIT,not_applicable,not_applicable,not_applicable,not_applicable,-1,-1,not_applicable,not_applicable,True,False,disabled,False,False,False,False,False,False,False
RETURN_TO_ORIGIN,4,0,0,0.0016185655023,B4,DEVELOPMENT_2024_OOF,FIRST_ELIGIBLE_EVENT,da1131234856d62549b728d5,91996a9cf747a614ff6d9e08eaafc3583a58b91c,bdba55b4243a4bfe18cea04d89b2cacabe817322eb581e3ec4461a5f3c4e8737,2b2efafb8d7c0cebbd7b392493ecbc0a279f71ee1d4f74197e18d99ecd8c43a7,801c0bf9d69ecdd58b21fb2ba4392137048b466668344ebfc4c8faf6a0d3e2f1,e0bec27d320343054ccfc584b0ad10e3830babff9e6eceb2d8a1a7f2ea19a86a,excursion_resolution_structural_forecast_v1,4fc1a02dce9ac2311dabaeb4623a559d37286dfe58baffef53828cc7415a3425,MODEL_FULL_REFIT,not_applicable,not_applicable,not_applicable,not_applicable,-1,-1,not_applicable,not_applicable,True,False,disabled,False,False,False,False,False,False,False
PARTIAL_RETURN,4,0,0,0.0016141224253,B4,DEVELOPMENT_2024_OOF,FIRST_ELIGIBLE_EVENT,da1131234856d62549b728d5,91996a9cf747a614ff6d9e08eaafc3583a58b91c,bdba55b4243a4bfe18cea04d89b2cacabe817322eb581e3ec4461a5f3c4e8737,2b2efafb8d7c0cebbd7b392493ecbc0a279f71ee1d4f74197e18d99ecd8c43a7,801c0bf9d69ecdd58b21fb2ba4392137048b466668344ebfc4c8faf6a0d3e2f1,e0bec27d320343054ccfc584b0ad10e3830babff9e6eceb2d8a1a7f2ea19a86a,excursion_resolution_structural_forecast_v1,4fc1a02dce9ac2311dabaeb4623a559d37286dfe58baffef53828cc7415a3425,MODEL_FULL_REFIT,not_applicable,not_applicable,not_applicable,not_applicable,-1,-1,not_applicable,not_applicable,True,False,disabled,False,False,False,False,False,False,False
CONTINUE_AWAY,9,0,0,0.00358626431412,B4,DEVELOPMENT_2024_OOF,FIRST_ELIGIBLE_EVENT,da1131234856d62549b728d5,91996a9cf747a614ff6d9e08eaafc3583a58b91c,bdba55b4243a4bfe18cea04d89b2cacabe817322eb581e3ec4461a5f3c4e8737,2b2efafb8d7c0cebbd7b392493ecbc0a279f71ee1d4f74197e18d99ecd8c43a7,801c0bf9d69ecdd58b21fb2ba4392137048b466668344ebfc4c8faf6a0d3e2f1,e0bec27d320343054ccfc584b0ad10e3830babff9e6eceb2d8a1a7f2ea19a86a,excursion_resolution_structural_forecast_v1,4fc1a02dce9ac2311dabaeb4623a559d37286dfe58baffef53828cc7415a3425,MODEL_FULL_REFIT,not_applicable,not_applicable,not_applicable,not_applicable,-1,-1,not_applicable,not_applicable,True,False,disabled,False,False,False,False,False,False,False
ROTATE_TO_NEW_REGION,345,0,0,0.118893957008,B4,DEVELOPMENT_2024_OOF,FIRST_ELIGIBLE_EVENT,da1131234856d62549b728d5,91996a9cf747a614ff6d9e08eaafc3583a58b91c,bdba55b4243a4bfe18cea04d89b2cacabe817322eb581e3ec4461a5f3c4e8737,2b2efafb8d7c0cebbd7b392493ecbc0a279f71ee1d4f74197e18d99ecd8c43a7,801c0bf9d69ecdd58b21fb2ba4392137048b466668344ebfc4c8faf6a0d3e2f1,e0bec27d320343054ccfc584b0ad10e3830babff9e6eceb2d8a1a7f2ea19a86a,excursion_resolution_structural_forecast_v1,4fc1a02dce9ac2311dabaeb4623a559d37286dfe58baffef53828cc7415a3425,MODEL_FULL_REFIT,not_applicable,not_applicable,not_applicable,not_applicable,-1,-1,not_applicable,not_applicable,True,False,disabled,False,False,False,False,False,False,False
SESSION_END,2009,0.801675977654,1,0.159855478219,B4,DEVELOPMENT_2024_OOF,FIRST_ELIGIBLE_EVENT,da1131234856d62549b728d5,91996a9cf747a614ff6d9e08eaafc3583a58b91c,bdba55b4243a4bfe18cea04d89b2cacabe817322eb581e3ec4461a5f3c4e8737,2b2efafb8d7c0cebbd7b392493ecbc0a279f71ee1d4f74197e18d99ecd8c43a7,801c0bf9d69ecdd58b21fb2ba4392137048b466668344ebfc4c8faf6a0d3e2f1,e0bec27d320343054ccfc584b0ad10e3830babff9e6eceb2d8a1a7f2ea19a86a,excursion_resolution_structural_forecast_v1,4fc1a02dce9ac2311dabaeb4623a559d37286dfe58baffef53828cc7415a3425,MODEL_FULL_REFIT,not_applicable,not_applicable,not_applicable,not_applicable,-1,-1,not_applicable,not_applicable,True,False,disabled,False,False,False,False,False,False,False
UNAVAILABLE,135,0,0,0.0518753459014,B4,DEVELOPMENT_2024_OOF,FIRST_ELIGIBLE_EVENT,da1131234856d62549b728d5,91996a9cf747a614ff6d9e08eaafc3583a58b91c,bdba55b4243a4bfe18cea04d89b2cacabe817322eb581e3ec4461a5f3c4e8737,2b2efafb8d7c0cebbd7b392493ecbc0a279f71ee1d4f74197e18d99ecd8c43a7,801c0bf9d69ecdd58b21fb2ba4392137048b466668344ebfc4c8faf6a0d3e2f1,e0bec27d320343054ccfc584b0ad10e3830babff9e6eceb2d8a1a7f2ea19a86a,excursion_resolution_structural_forecast_v1,4fc1a02dce9ac2311dabaeb4623a559d37286dfe58baffef53828cc7415a3425,MODEL_FULL_REFIT,not_applicable,not_applicable,not_applicable,not_applicable,-1,-1,not_applicable,not_applicable,True,False,disabled,False,False,False,False,False,False,False
RETURN_TO_ORIGIN,4,0,0,0.00161810867806,B5,DEVELOPMENT_2024_OOF,FIRST_ELIGIBLE_EVENT,da1131234856d62549b728d5,91996a9cf747a614ff6d9e08eaafc3583a58b91c,bdba55b4243a4bfe18cea04d89b2cacabe817322eb581e3ec4461a5f3c4e8737,2b2efafb8d7c0cebbd7b392493ecbc0a279f71ee1d4f74197e18d99ecd8c43a7,801c0bf9d69ecdd58b21fb2ba4392137048b466668344ebfc4c8faf6a0d3e2f1,e0bec27d320343054ccfc584b0ad10e3830babff9e6eceb2d8a1a7f2ea19a86a,excursion_resolution_structural_forecast_v1,4fc1a02dce9ac2311dabaeb4623a559d37286dfe58baffef53828cc7415a3425,MODEL_FULL_REFIT,not_applicable,not_applicable,not_applicable,not_applicable,-1,-1,not_applicable,not_applicable,True,False,disabled,False,False,False,False,False,False,False
PARTIAL_RETURN,4,0,0,0.00161460532451,B5,DEVELOPMENT_2024_OOF,FIRST_ELIGIBLE_EVENT,da1131234856d62549b728d5,91996a9cf747a614ff6d9e08eaafc3583a58b91c,bdba55b4243a4bfe18cea04d89b2cacabe817322eb581e3ec4461a5f3c4e8737,2b2efafb8d7c0cebbd7b392493ecbc0a279f71ee1d4f74197e18d99ecd8c43a7,801c0bf9d69ecdd58b21fb2ba4392137048b466668344ebfc4c8faf6a0d3e2f1,e0bec27d320343054ccfc584b0ad10e3830babff9e6eceb2d8a1a7f2ea19a86a,excursion_resolution_structural_forecast_v1,4fc1a02dce9ac2311dabaeb4623a559d37286dfe58baffef53828cc7415a3425,MODEL_FULL_REFIT,not_applicable,not_applicable,not_applicable,not_applicable,-1,-1,not_applicable,not_applicable,True,False,disabled,False,False,False,False,False,False,False
CONTINUE_AWAY,9,0,0,0.00358595146416,B5,DEVELOPMENT_2024_OOF,FIRST_ELIGIBLE_EVENT,da1131234856d62549b728d5,91996a9cf747a614ff6d9e08eaafc3583a58b91c,bdba55b4243a4bfe18cea04d89b2cacabe817322eb581e3ec4461a5f3c4e8737,2b2efafb8d7c0cebbd7b392493ecbc0a279f71ee1d4f74197e18d99ecd8c43a7,801c0bf9d69ecdd58b21fb2ba4392137048b466668344ebfc4c8faf6a0d3e2f1,e0bec27d320343054ccfc584b0ad10e3830babff9e6eceb2d8a1a7f2ea19a86a,excursion_resolution_structural_forecast_v1,4fc1a02dce9ac2311dabaeb4623a559d37286dfe58baffef53828cc7415a3425,MODEL_FULL_REFIT,not_applicable,not_applicable,not_applicable,not_applicable,-1,-1,not_applicable,not_applicable,True,False,disabled,False,False,False,False,False,False,False
ROTATE_TO_NEW_REGION,345,0,0,0.119045688488,B5,DEVELOPMENT_2024_OOF,FIRST_ELIGIBLE_EVENT,da1131234856d62549b728d5,91996a9cf747a614ff6d9e08eaafc3583a58b91c,bdba55b4243a4bfe18cea04d89b2cacabe817322eb581e3ec4461a5f3c4e8737,2b2efafb8d7c0cebbd7b392493ecbc0a279f71ee1d4f74197e18d99ecd8c43a7,801c0bf9d69ecdd58b21fb2ba4392137048b466668344ebfc4c8faf6a0d3e2f1,e0bec27d320343054ccfc584b0ad10e3830babff9e6eceb2d8a1a7f2ea19a86a,excursion_resolution_structural_forecast_v1,4fc1a02dce9ac2311dabaeb4623a559d37286dfe58baffef53828cc7415a3425,MODEL_FULL_REFIT,not_applicable,not_applicable,not_applicable,not_applicable,-1,-1,not_applicable,not_applicable,True,False,disabled,False,False,False,False,False,False,False
SESSION_END,2009,0.801675977654,1,0.160031433049,B5,DEVELOPMENT_2024_OOF,FIRST_ELIGIBLE_EVENT,da1131234856d62549b728d5,91996a9cf747a614ff6d9e08eaafc3583a58b91c,bdba55b4243a4bfe18cea04d89b2cacabe817322eb581e3ec4461a5f3c4e8737,2b2efafb8d7c0cebbd7b392493ecbc0a279f71ee1d4f74197e18d99ecd8c43a7,801c0bf9d69ecdd58b21fb2ba4392137048b466668344ebfc4c8faf6a0d3e2f1,e0bec27d320343054ccfc584b0ad10e3830babff9e6eceb2d8a1a7f2ea19a86a,excursion_resolution_structural_forecast_v1,4fc1a02dce9ac2311dabaeb4623a559d37286dfe58baffef53828cc7415a3425,MODEL_FULL_REFIT,not_applicable,not_applicable,not_applicable,not_applicable,-1,-1,not_applicable,not_applicable,True,False,disabled,False,False,False,False,False,False,False
UNAVAILABLE,135,0,0,0.0519413407925,B5,DEVELOPMENT_2024_OOF,FIRST_ELIGIBLE_EVENT,da1131234856d62549b728d5,91996a9cf747a614ff6d9e08eaafc3583a58b91c,bdba55b4243a4bfe18cea04d89b2cacabe817322eb581e3ec4461a5f3c4e8737,2b2efafb8d7c0cebbd7b392493ecbc0a279f71ee1d4f74197e18d99ecd8c43a7,801c0bf9d69ecdd58b21fb2ba4392137048b466668344ebfc4c8faf6a0d3e2f1,e0bec27d320343054ccfc584b0ad10e3830babff9e6eceb2d8a1a7f2ea19a86a,excursion_resolution_structural_forecast_v1,4fc1a02dce9ac2311dabaeb4623a559d37286dfe58baffef53828cc7415a3425,MODEL_FULL_REFIT,not_applicable,not_applicable,not_applicable,not_applicable,-1,-1,not_applicable,not_applicable,True,False,disabled,False,False,False,False,False,False,False
RETURN_TO_ORIGIN,4,0,0,0.0016001487926,B2,DEVELOPMENT_2024_OOF,FIRST_ELIGIBLE_EVENT,da1131234856d62549b728d5,91996a9cf747a614ff6d9e08eaafc3583a58b91c,bdba55b4243a4bfe18cea04d89b2cacabe817322eb581e3ec4461a5f3c4e8737,2b2efafb8d7c0cebbd7b392493ecbc0a279f71ee1d4f74197e18d99ecd8c43a7,801c0bf9d69ecdd58b21fb2ba4392137048b466668344ebfc4c8faf6a0d3e2f1,e0bec27d320343054ccfc584b0ad10e3830babff9e6eceb2d8a1a7f2ea19a86a,excursion_resolution_structural_forecast_v1,4fc1a02dce9ac2311dabaeb4623a559d37286dfe58baffef53828cc7415a3425,MODEL_FULL_REFIT,not_applicable,not_applicable,not_applicable,not_applicable,-1,-1,not_applicable,not_applicable,True,False,disabled,False,False,False,False,False,False,False
PARTIAL_RETURN,4,0,0,0.00164012002092,B2,DEVELOPMENT_2024_OOF,FIRST_ELIGIBLE_EVENT,da1131234856d62549b728d5,91996a9cf747a614ff6d9e08eaafc3583a58b91c,bdba55b4243a4bfe18cea04d89b2cacabe817322eb581e3ec4461a5f3c4e8737,2b2efafb8d7c0cebbd7b392493ecbc0a279f71ee1d4f74197e18d99ecd8c43a7,801c0bf9d69ecdd58b21fb2ba4392137048b466668344ebfc4c8faf6a0d3e2f1,e0bec27d320343054ccfc584b0ad10e3830babff9e6eceb2d8a1a7f2ea19a86a,excursion_resolution_structural_forecast_v1,4fc1a02dce9ac2311dabaeb4623a559d37286dfe58baffef53828cc7415a3425,MODEL_FULL_REFIT,not_applicable,not_applicable,not_applicable,not_applicable,-1,-1,not_applicable,not_applicable,True,False,disabled,False,False,False,False,False,False,False
CONTINUE_AWAY,9,0,0,0.00354222711032,B2,DEVELOPMENT_2024_OOF,FIRST_ELIGIBLE_EVENT,da1131234856d62549b728d5,91996a9cf747a614ff6d9e08eaafc3583a58b91c,bdba55b4243a4bfe18cea04d89b2cacabe817322eb581e3ec4461a5f3c4e8737,2b2efafb8d7c0cebbd7b392493ecbc0a279f71ee1d4f74197e18d99ecd8c43a7,801c0bf9d69ecdd58b21fb2ba4392137048b466668344ebfc4c8faf6a0d3e2f1,e0bec27d320343054ccfc584b0ad10e3830babff9e6eceb2d8a1a7f2ea19a86a,excursion_resolution_structural_forecast_v1,4fc1a02dce9ac2311dabaeb4623a559d37286dfe58baffef53828cc7415a3425,MODEL_FULL_REFIT,not_applicable,not_applicable,not_applicable,not_applicable,-1,-1,not_applicable,not_applicable,True,False,disabled,False,False,False,False,False,False,False
ROTATE_TO_NEW_REGION,345,0.735694822888,0.782608695652,0.0577211566265,B2,DEVELOPMENT_2024_OOF,FIRST_ELIGIBLE_EVENT,da1131234856d62549b728d5,91996a9cf747a614ff6d9e08eaafc3583a58b91c,bdba55b4243a4bfe18cea04d89b2cacabe817322eb581e3ec4461a5f3c4e8737,2b2efafb8d7c0cebbd7b392493ecbc0a279f71ee1d4f74197e18d99ecd8c43a7,801c0bf9d69ecdd58b21fb2ba4392137048b466668344ebfc4c8faf6a0d3e2f1,e0bec27d320343054ccfc584b0ad10e3830babff9e6eceb2d8a1a7f2ea19a86a,excursion_resolution_structural_forecast_v1,4fc1a02dce9ac2311dabaeb4623a559d37286dfe58baffef53828cc7415a3425,MODEL_FULL_REFIT,not_applicable,not_applicable,not_applicable,not_applicable,-1,-1,not_applicable,not_applicable,True,False,disabled,False,False,False,False,False,False,False
SESSION_END,2009,0.940983606557,1,0.0476657746545,B2,DEVELOPMENT_2024_OOF,FIRST_ELIGIBLE_EVENT,da1131234856d62549b728d5,91996a9cf747a614ff6d9e08eaafc3583a58b91c,bdba55b4243a4bfe18cea04d89b2cacabe817322eb581e3ec4461a5f3c4e8737,2b2efafb8d7c0cebbd7b392493ecbc0a279f71ee1d4f74197e18d99ecd8c43a7,801c0bf9d69ecdd58b21fb2ba4392137048b466668344ebfc4c8faf6a0d3e2f1,e0bec27d320343054ccfc584b0ad10e3830babff9e6eceb2d8a1a7f2ea19a86a,excursion_resolution_structural_forecast_v1,4fc1a02dce9ac2311dabaeb4623a559d37286dfe58baffef53828cc7415a3425,MODEL_FULL_REFIT,not_applicable,not_applicable,not_applicable,not_applicable,-1,-1,not_applicable,not_applicable,True,False,disabled,False,False,False,False,False,False,False
UNAVAILABLE,135,0.25,0.00740740740741,0.0477733456689,B2,DEVELOPMENT_2024_OOF,FIRST_ELIGIBLE_EVENT,da1131234856d62549b728d5,91996a9cf747a614ff6d9e08eaafc3583a58b91c,bdba55b4243a4bfe18cea04d89b2cacabe817322eb581e3ec4461a5f3c4e8737,2b2efafb8d7c0cebbd7b392493ecbc0a279f71ee1d4f74197e18d99ecd8c43a7,801c0bf9d69ecdd58b21fb2ba4392137048b466668344ebfc4c8faf6a0d3e2f1,e0bec27d320343054ccfc584b0ad10e3830babff9e6eceb2d8a1a7f2ea19a86a,excursion_resolution_structural_forecast_v1,4fc1a02dce9ac2311dabaeb4623a559d37286dfe58baffef53828cc7415a3425,MODEL_FULL_REFIT,not_applicable,not_applicable,not_applicable,not_applicable,-1,-1,not_applicable,not_applicable,True,False,disabled,False,False,False,False,False,False,False
RETURN_TO_ORIGIN,4,0,0,0.00135382619742,B3,DEVELOPMENT_2024_OOF,FIRST_ELIGIBLE_EVENT,da1131234856d62549b728d5,91996a9cf747a614ff6d9e08eaafc3583a58b91c,bdba55b4243a4bfe18cea04d89b2cacabe817322eb581e3ec4461a5f3c4e8737,2b2efafb8d7c0cebbd7b392493ecbc0a279f71ee1d4f74197e18d99ecd8c43a7,801c0bf9d69ecdd58b21fb2ba4392137048b466668344ebfc4c8faf6a0d3e2f1,e0bec27d320343054ccfc584b0ad10e3830babff9e6eceb2d8a1a7f2ea19a86a,excursion_resolution_structural_forecast_v1,4fc1a02dce9ac2311dabaeb4623a559d37286dfe58baffef53828cc7415a3425,MODEL_FULL_REFIT,not_applicable,not_applicable,not_applicable,not_applicable,-1,-1,not_applicable,not_applicable,True,False,disabled,False,False,False,False,False,False,False
PARTIAL_RETURN,4,0.2,0.25,0.00175869103572,B3,DEVELOPMENT_2024_OOF,FIRST_ELIGIBLE_EVENT,da1131234856d62549b728d5,91996a9cf747a614ff6d9e08eaafc3583a58b91c,bdba55b4243a4bfe18cea04d89b2cacabe817322eb581e3ec4461a5f3c4e8737,2b2efafb8d7c0cebbd7b392493ecbc0a279f71ee1d4f74197e18d99ecd8c43a7,801c0bf9d69ecdd58b21fb2ba4392137048b466668344ebfc4c8faf6a0d3e2f1,e0bec27d320343054ccfc584b0ad10e3830babff9e6eceb2d8a1a7f2ea19a86a,excursion_resolution_structural_forecast_v1,4fc1a02dce9ac2311dabaeb4623a559d37286dfe58baffef53828cc7415a3425,MODEL_FULL_REFIT,not_applicable,not_applicable,not_applicable,not_applicable,-1,-1,not_applicable,not_applicable,True,False,disabled,False,False,False,False,False,False,False
CONTINUE_AWAY,9,0,0,0.00358245418995,B3,DEVELOPMENT_2024_OOF,FIRST_ELIGIBLE_EVENT,da1131234856d62549b728d5,91996a9cf747a614ff6d9e08eaafc3583a58b91c,bdba55b4243a4bfe18cea04d89b2cacabe817322eb581e3ec4461a5f3c4e8737,2b2efafb8d7c0cebbd7b392493ecbc0a279f71ee1d4f74197e18d99ecd8c43a7,801c0bf9d69ecdd58b21fb2ba4392137048b466668344ebfc4c8faf6a0d3e2f1,e0bec27d320343054ccfc584b0ad10e3830babff9e6eceb2d8a1a7f2ea19a86a,excursion_resolution_structural_forecast_v1,4fc1a02dce9ac2311dabaeb4623a559d37286dfe58baffef53828cc7415a3425,MODEL_FULL_REFIT,not_applicable,not_applicable,not_applicable,not_applicable,-1,-1,not_applicable,not_applicable,True,False,disabled,False,False,False,False,False,False,False
ROTATE_TO_NEW_REGION,345,0,0,0.118878267213,B3,DEVELOPMENT_2024_OOF,FIRST_ELIGIBLE_EVENT,da1131234856d62549b728d5,91996a9cf747a614ff6d9e08eaafc3583a58b91c,bdba55b4243a4bfe18cea04d89b2cacabe817322eb581e3ec4461a5f3c4e8737,2b2efafb8d7c0cebbd7b392493ecbc0a279f71ee1d4f74197e18d99ecd8c43a7,801c0bf9d69ecdd58b21fb2ba4392137048b466668344ebfc4c8faf6a0d3e2f1,e0bec27d320343054ccfc584b0ad10e3830babff9e6eceb2d8a1a7f2ea19a86a,excursion_resolution_structural_forecast_v1,4fc1a02dce9ac2311dabaeb4623a559d37286dfe58baffef53828cc7415a3425,MODEL_FULL_REFIT,not_applicable,not_applicable,not_applicable,not_applicable,-1,-1,not_applicable,not_applicable,True,False,disabled,False,False,False,False,False,False,False
SESSION_END,2009,0.802878848461,0.99950223992,0.158074977848,B3,DEVELOPMENT_2024_OOF,FIRST_ELIGIBLE_EVENT,da1131234856d62549b728d5,91996a9cf747a614ff6d9e08eaafc3583a58b91c,bdba55b4243a4bfe18cea04d89b2cacabe817322eb581e3ec4461a5f3c4e8737,2b2efafb8d7c0cebbd7b392493ecbc0a279f71ee1d4f74197e18d99ecd8c43a7,801c0bf9d69ecdd58b21fb2ba4392137048b466668344ebfc4c8faf6a0d3e2f1,e0bec27d320343054ccfc584b0ad10e3830babff9e6eceb2d8a1a7f2ea19a86a,excursion_resolution_structural_forecast_v1,4fc1a02dce9ac2311dabaeb4623a559d37286dfe58baffef53828cc7415a3425,MODEL_FULL_REFIT,not_applicable,not_applicable,not_applicable,not_applicable,-1,-1,not_applicable,not_applicable,True,False,disabled,False,False,False,False,False,False,False
UNAVAILABLE,135,0,0,0.0519221417275,B3,DEVELOPMENT_2024_OOF,FIRST_ELIGIBLE_EVENT,da1131234856d62549b728d5,91996a9cf747a614ff6d9e08eaafc3583a58b91c,bdba55b4243a4bfe18cea04d89b2cacabe817322eb581e3ec4461a5f3c4e8737,2b2efafb8d7c0cebbd7b392493ecbc0a279f71ee1d4f74197e18d99ecd8c43a7,801c0bf9d69ecdd58b21fb2ba4392137048b466668344ebfc4c8faf6a0d3e2f1,e0bec27d320343054ccfc584b0ad10e3830babff9e6eceb2d8a1a7f2ea19a86a,excursion_resolution_structural_forecast_v1,4fc1a02dce9ac2311dabaeb4623a559d37286dfe58baffef53828cc7415a3425,MODEL_FULL_REFIT,not_applicable,not_applicable,not_applicable,not_applicable,-1,-1,not_applicable,not_applicable,True,False,disabled,False,False,False,False,False,False,False
RETURN_TO_ORIGIN,4,0,0,0.00160761828034,B6,DEVELOPMENT_2024_OOF,FIRST_ELIGIBLE_EVENT,da1131234856d62549b728d5,91996a9cf747a614ff6d9e08eaafc3583a58b91c,bdba55b4243a4bfe18cea04d89b2cacabe817322eb581e3ec4461a5f3c4e8737,2b2efafb8d7c0cebbd7b392493ecbc0a279f71ee1d4f74197e18d99ecd8c43a7,801c0bf9d69ecdd58b21fb2ba4392137048b466668344ebfc4c8faf6a0d3e2f1,e0bec27d320343054ccfc584b0ad10e3830babff9e6eceb2d8a1a7f2ea19a86a,excursion_resolution_structural_forecast_v1,4fc1a02dce9ac2311dabaeb4623a559d37286dfe58baffef53828cc7415a3425,MODEL_FULL_REFIT,not_applicable,not_applicable,not_applicable,not_applicable,-1,-1,not_applicable,not_applicable,True,False,disabled,False,False,False,False,False,False,False
PARTIAL_RETURN,4,0,0,0.00160538710293,B6,DEVELOPMENT_2024_OOF,FIRST_ELIGIBLE_EVENT,da1131234856d62549b728d5,91996a9cf747a614ff6d9e08eaafc3583a58b91c,bdba55b4243a4bfe18cea04d89b2cacabe817322eb581e3ec4461a5f3c4e8737,2b2efafb8d7c0cebbd7b392493ecbc0a279f71ee1d4f74197e18d99ecd8c43a7,801c0bf9d69ecdd58b21fb2ba4392137048b466668344ebfc4c8faf6a0d3e2f1,e0bec27d320343054ccfc584b0ad10e3830babff9e6eceb2d8a1a7f2ea19a86a,excursion_resolution_structural_forecast_v1,4fc1a02dce9ac2311dabaeb4623a559d37286dfe58baffef53828cc7415a3425,MODEL_FULL_REFIT,not_applicable,not_applicable,not_applicable,not_applicable,-1,-1,not_applicable,not_applicable,True,False,disabled,False,False,False,False,False,False,False
CONTINUE_AWAY,9,0,0,0.00358627422646,B6,DEVELOPMENT_2024_OOF,FIRST_ELIGIBLE_EVENT,da1131234856d62549b728d5,91996a9cf747a614ff6d9e08eaafc3583a58b91c,bdba55b4243a4bfe18cea04d89b2cacabe817322eb581e3ec4461a5f3c4e8737,2b2efafb8d7c0cebbd7b392493ecbc0a279f71ee1d4f74197e18d99ecd8c43a7,801c0bf9d69ecdd58b21fb2ba4392137048b466668344ebfc4c8faf6a0d3e2f1,e0bec27d320343054ccfc584b0ad10e3830babff9e6eceb2d8a1a7f2ea19a86a,excursion_resolution_structural_forecast_v1,4fc1a02dce9ac2311dabaeb4623a559d37286dfe58baffef53828cc7415a3425,MODEL_FULL_REFIT,not_applicable,not_applicable,not_applicable,not_applicable,-1,-1,not_applicable,not_applicable,True,False,disabled,False,False,False,False,False,False,False
ROTATE_TO_NEW_REGION,345,0,0,0.11840473291,B6,DEVELOPMENT_2024_OOF,FIRST_ELIGIBLE_EVENT,da1131234856d62549b728d5,91996a9cf747a614ff6d9e08eaafc3583a58b91c,bdba55b4243a4bfe18cea04d89b2cacabe817322eb581e3ec4461a5f3c4e8737,2b2efafb8d7c0cebbd7b392493ecbc0a279f71ee1d4f74197e18d99ecd8c43a7,801c0bf9d69ecdd58b21fb2ba4392137048b466668344ebfc4c8faf6a0d3e2f1,e0bec27d320343054ccfc584b0ad10e3830babff9e6eceb2d8a1a7f2ea19a86a,excursion_resolution_structural_forecast_v1,4fc1a02dce9ac2311dabaeb4623a559d37286dfe58baffef53828cc7415a3425,MODEL_FULL_REFIT,not_applicable,not_applicable,not_applicable,not_applicable,-1,-1,not_applicable,not_applicable,True,False,disabled,False,False,False,False,False,False,False
SESSION_END,2009,0.801675977654,1,0.158199895101,B6,DEVELOPMENT_2024_OOF,FIRST_ELIGIBLE_EVENT,da1131234856d62549b728d5,91996a9cf747a614ff6d9e08eaafc3583a58b91c,bdba55b4243a4bfe18cea04d89b2cacabe817322eb581e3ec4461a5f3c4e8737,2b2efafb8d7c0cebbd7b392493ecbc0a279f71ee1d4f74197e18d99ecd8c43a7,801c0bf9d69ecdd58b21fb2ba4392137048b466668344ebfc4c8faf6a0d3e2f1,e0bec27d320343054ccfc584b0ad10e3830babff9e6eceb2d8a1a7f2ea19a86a,excursion_resolution_structural_forecast_v1,4fc1a02dce9ac2311dabaeb4623a559d37286dfe58baffef53828cc7415a3425,MODEL_FULL_REFIT,not_applicable,not_applicable,not_applicable,not_applicable,-1,-1,not_applicable,not_applicable,True,False,disabled,False,False,False,False,False,False,False
UNAVAILABLE,135,0,0,0.0522547941163,B6,DEVELOPMENT_2024_OOF,FIRST_ELIGIBLE_EVENT,da1131234856d62549b728d5,91996a9cf747a614ff6d9e08eaafc3583a58b91c,bdba55b4243a4bfe18cea04d89b2cacabe817322eb581e3ec4461a5f3c4e8737,2b2efafb8d7c0cebbd7b392493ecbc0a279f71ee1d4f74197e18d99ecd8c43a7,801c0bf9d69ecdd58b21fb2ba4392137048b466668344ebfc4c8faf6a0d3e2f1,e0bec27d320343054ccfc584b0ad10e3830babff9e6eceb2d8a1a7f2ea19a86a,excursion_resolution_structural_forecast_v1,4fc1a02dce9ac2311dabaeb4623a559d37286dfe58baffef53828cc7415a3425,MODEL_FULL_REFIT,not_applicable,not_applicable,not_applicable,not_applicable,-1,-1,not_applicable,not_applicable,True,False,disabled,False,False,False,False,False,False,False
RETURN_TO_ORIGIN,4,0.333333333333,0.25,0.00138042912893,B7,DEVELOPMENT_2024_OOF,FIRST_ELIGIBLE_EVENT,da1131234856d62549b728d5,91996a9cf747a614ff6d9e08eaafc3583a58b91c,bdba55b4243a4bfe18cea04d89b2cacabe817322eb581e3ec4461a5f3c4e8737,2b2efafb8d7c0cebbd7b392493ecbc0a279f71ee1d4f74197e18d99ecd8c43a7,801c0bf9d69ecdd58b21fb2ba4392137048b466668344ebfc4c8faf6a0d3e2f1,e0bec27d320343054ccfc584b0ad10e3830babff9e6eceb2d8a1a7f2ea19a86a,excursion_resolution_structural_forecast_v1,4fc1a02dce9ac2311dabaeb4623a559d37286dfe58baffef53828cc7415a3425,MODEL_FULL_REFIT,not_applicable,not_applicable,not_applicable,not_applicable,-1,-1,not_applicable,not_applicable,True,False,disabled,False,False,False,False,False,False,False
PARTIAL_RETURN,4,0.333333333333,0.25,0.00147794398664,B7,DEVELOPMENT_2024_OOF,FIRST_ELIGIBLE_EVENT,da1131234856d62549b728d5,91996a9cf747a614ff6d9e08eaafc3583a58b91c,bdba55b4243a4bfe18cea04d89b2cacabe817322eb581e3ec4461a5f3c4e8737,2b2efafb8d7c0cebbd7b392493ecbc0a279f71ee1d4f74197e18d99ecd8c43a7,801c0bf9d69ecdd58b21fb2ba4392137048b466668344ebfc4c8faf6a0d3e2f1,e0bec27d320343054ccfc584b0ad10e3830babff9e6eceb2d8a1a7f2ea19a86a,excursion_resolution_structural_forecast_v1,4fc1a02dce9ac2311dabaeb4623a559d37286dfe58baffef53828cc7415a3425,MODEL_FULL_REFIT,not_applicable,not_applicable,not_applicable,not_applicable,-1,-1,not_applicable,not_applicable,True,False,disabled,False,False,False,False,False,False,False
CONTINUE_AWAY,9,0,0,0.00360874867616,B7,DEVELOPMENT_2024_OOF,FIRST_ELIGIBLE_EVENT,da1131234856d62549b728d5,91996a9cf747a614ff6d9e08eaafc3583a58b91c,bdba55b4243a4bfe18cea04d89b2cacabe817322eb581e3ec4461a5f3c4e8737,2b2efafb8d7c0cebbd7b392493ecbc0a279f71ee1d4f74197e18d99ecd8c43a7,801c0bf9d69ecdd58b21fb2ba4392137048b466668344ebfc4c8faf6a0d3e2f1,e0bec27d320343054ccfc584b0ad10e3830babff9e6eceb2d8a1a7f2ea19a86a,excursion_resolution_structural_forecast_v1,4fc1a02dce9ac2311dabaeb4623a559d37286dfe58baffef53828cc7415a3425,MODEL_FULL_REFIT,not_applicable,not_applicable,not_applicable,not_applicable,-1,-1,not_applicable,not_applicable,True,False,disabled,False,False,False,False,False,False,False
ROTATE_TO_NEW_REGION,345,0.726618705036,0.585507246377,0.065180405237,B7,DEVELOPMENT_2024_OOF,FIRST_ELIGIBLE_EVENT,da1131234856d62549b728d5,91996a9cf747a614ff6d9e08eaafc3583a58b91c,bdba55b4243a4bfe18cea04d89b2cacabe817322eb581e3ec4461a5f3c4e8737,2b2efafb8d7c0cebbd7b392493ecbc0a279f71ee1d4f74197e18d99ecd8c43a7,801c0bf9d69ecdd58b21fb2ba4392137048b466668344ebfc4c8faf6a0d3e2f1,e0bec27d320343054ccfc584b0ad10e3830babff9e6eceb2d8a1a7f2ea19a86a,excursion_resolution_structural_forecast_v1,4fc1a02dce9ac2311dabaeb4623a559d37286dfe58baffef53828cc7415a3425,MODEL_FULL_REFIT,not_applicable,not_applicable,not_applicable,not_applicable,-1,-1,not_applicable,not_applicable,True,False,disabled,False,False,False,False,False,False,False
SESSION_END,2009,0.911858246252,0.999004479841,0.0615383667426,B7,DEVELOPMENT_2024_OOF,FIRST_ELIGIBLE_EVENT,da1131234856d62549b728d5,91996a9cf747a614ff6d9e08eaafc3583a58b91c,bdba55b4243a4bfe18cea04d89b2cacabe817322eb581e3ec4461a5f3c4e8737,2b2efafb8d7c0cebbd7b392493ecbc0a279f71ee1d4f74197e18d99ecd8c43a7,801c0bf9d69ecdd58b21fb2ba4392137048b466668344ebfc4c8faf6a0d3e2f1,e0bec27d320343054ccfc584b0ad10e3830babff9e6eceb2d8a1a7f2ea19a86a,excursion_resolution_structural_forecast_v1,4fc1a02dce9ac2311dabaeb4623a559d37286dfe58baffef53828cc7415a3425,MODEL_FULL_REFIT,not_applicable,not_applicable,not_applicable,not_applicable,-1,-1,not_applicable,not_applicable,True,False,disabled,False,False,False,False,False,False,False
UNAVAILABLE,135,0.380952380952,0.0592592592593,0.0456348224978,B7,DEVELOPMENT_2024_OOF,FIRST_ELIGIBLE_EVENT,da1131234856d62549b728d5,91996a9cf747a614ff6d9e08eaafc3583a58b91c,bdba55b4243a4bfe18cea04d89b2cacabe817322eb581e3ec4461a5f3c4e8737,2b2efafb8d7c0cebbd7b392493ecbc0a279f71ee1d4f74197e18d99ecd8c43a7,801c0bf9d69ecdd58b21fb2ba4392137048b466668344ebfc4c8faf6a0d3e2f1,e0bec27d320343054ccfc584b0ad10e3830babff9e6eceb2d8a1a7f2ea19a86a,excursion_resolution_structural_forecast_v1,4fc1a02dce9ac2311dabaeb4623a559d37286dfe58baffef53828cc7415a3425,MODEL_FULL_REFIT,not_applicable,not_applicable,not_applicable,not_applicable,-1,-1,not_applicable,not_applicable,True,False,disabled,False,False,False,False,False,False,False
RETURN_TO_ORIGIN,4,0.333333333333,0.25,0.00129433576684,B8,DEVELOPMENT_2024_OOF,FIRST_ELIGIBLE_EVENT,da1131234856d62549b728d5,91996a9cf747a614ff6d9e08eaafc3583a58b91c,bdba55b4243a4bfe18cea04d89b2cacabe817322eb581e3ec4461a5f3c4e8737,2b2efafb8d7c0cebbd7b392493ecbc0a279f71ee1d4f74197e18d99ecd8c43a7,801c0bf9d69ecdd58b21fb2ba4392137048b466668344ebfc4c8faf6a0d3e2f1,e0bec27d320343054ccfc584b0ad10e3830babff9e6eceb2d8a1a7f2ea19a86a,excursion_resolution_structural_forecast_v1,4fc1a02dce9ac2311dabaeb4623a559d37286dfe58baffef53828cc7415a3425,MODEL_FULL_REFIT,not_applicable,not_applicable,not_applicable,not_applicable,-1,-1,not_applicable,not_applicable,True,False,disabled,False,False,False,False,False,False,False
PARTIAL_RETURN,4,0.333333333333,0.25,0.00117671675401,B8,DEVELOPMENT_2024_OOF,FIRST_ELIGIBLE_EVENT,da1131234856d62549b728d5,91996a9cf747a614ff6d9e08eaafc3583a58b91c,bdba55b4243a4bfe18cea04d89b2cacabe817322eb581e3ec4461a5f3c4e8737,2b2efafb8d7c0cebbd7b392493ecbc0a279f71ee1d4f74197e18d99ecd8c43a7,801c0bf9d69ecdd58b21fb2ba4392137048b466668344ebfc4c8faf6a0d3e2f1,e0bec27d320343054ccfc584b0ad10e3830babff9e6eceb2d8a1a7f2ea19a86a,excursion_resolution_structural_forecast_v1,4fc1a02dce9ac2311dabaeb4623a559d37286dfe58baffef53828cc7415a3425,MODEL_FULL_REFIT,not_applicable,not_applicable,not_applicable,not_applicable,-1,-1,not_applicable,not_applicable,True,False,disabled,False,False,False,False,False,False,False
CONTINUE_AWAY,9,0,0,0.00361217959533,B8,DEVELOPMENT_2024_OOF,FIRST_ELIGIBLE_EVENT,da1131234856d62549b728d5,91996a9cf747a614ff6d9e08eaafc3583a58b91c,bdba55b4243a4bfe18cea04d89b2cacabe817322eb581e3ec4461a5f3c4e8737,2b2efafb8d7c0cebbd7b392493ecbc0a279f71ee1d4f74197e18d99ecd8c43a7,801c0bf9d69ecdd58b21fb2ba4392137048b466668344ebfc4c8faf6a0d3e2f1,e0bec27d320343054ccfc584b0ad10e3830babff9e6eceb2d8a1a7f2ea19a86a,excursion_resolution_structural_forecast_v1,4fc1a02dce9ac2311dabaeb4623a559d37286dfe58baffef53828cc7415a3425,MODEL_FULL_REFIT,not_applicable,not_applicable,not_applicable,not_applicable,-1,-1,not_applicable,not_applicable,True,False,disabled,False,False,False,False,False,False,False
ROTATE_TO_NEW_REGION,345,0.727941176471,0.573913043478,0.06697171645,B8,DEVELOPMENT_2024_OOF,FIRST_ELIGIBLE_EVENT,da1131234856d62549b728d5,91996a9cf747a614ff6d9e08eaafc3583a58b91c,bdba55b4243a4bfe18cea04d89b2cacabe817322eb581e3ec4461a5f3c4e8737,2b2efafb8d7c0cebbd7b392493ecbc0a279f71ee1d4f74197e18d99ecd8c43a7,801c0bf9d69ecdd58b21fb2ba4392137048b466668344ebfc4c8faf6a0d3e2f1,e0bec27d320343054ccfc584b0ad10e3830babff9e6eceb2d8a1a7f2ea19a86a,excursion_resolution_structural_forecast_v1,4fc1a02dce9ac2311dabaeb4623a559d37286dfe58baffef53828cc7415a3425,MODEL_FULL_REFIT,not_applicable,not_applicable,not_applicable,not_applicable,-1,-1,not_applicable,not_applicable,True,False,disabled,False,False,False,False,False,False,False
SESSION_END,2009,0.913102820746,0.999004479841,0.0623535799593,B8,DEVELOPMENT_2024_OOF,FIRST_ELIGIBLE_EVENT,da1131234856d62549b728d5,91996a9cf747a614ff6d9e08eaafc3583a58b91c,bdba55b4243a4bfe18cea04d89b2cacabe817322eb581e3ec4461a5f3c4e8737,2b2efafb8d7c0cebbd7b392493ecbc0a279f71ee1d4f74197e18d99ecd8c43a7,801c0bf9d69ecdd58b21fb2ba4392137048b466668344ebfc4c8faf6a0d3e2f1,e0bec27d320343054ccfc584b0ad10e3830babff9e6eceb2d8a1a7f2ea19a86a,excursion_resolution_structural_forecast_v1,4fc1a02dce9ac2311dabaeb4623a559d37286dfe58baffef53828cc7415a3425,MODEL_FULL_REFIT,not_applicable,not_applicable,not_applicable,not_applicable,-1,-1,not_applicable,not_applicable,True,False,disabled,False,False,False,False,False,False,False
UNAVAILABLE,135,0.366666666667,0.0814814814815,0.0473209213125,B8,DEVELOPMENT_2024_OOF,FIRST_ELIGIBLE_EVENT,da1131234856d62549b728d5,91996a9cf747a614ff6d9e08eaafc3583a58b91c,bdba55b4243a4bfe18cea04d89b2cacabe817322eb581e3ec4461a5f3c4e8737,2b2efafb8d7c0cebbd7b392493ecbc0a279f71ee1d4f74197e18d99ecd8c43a7,801c0bf9d69ecdd58b21fb2ba4392137048b466668344ebfc4c8faf6a0d3e2f1,e0bec27d320343054ccfc584b0ad10e3830babff9e6eceb2d8a1a7f2ea19a86a,excursion_resolution_structural_forecast_v1,4fc1a02dce9ac2311dabaeb4623a559d37286dfe58baffef53828cc7415a3425,MODEL_FULL_REFIT,not_applicable,not_applicable,not_applicable,not_applicable,-1,-1,not_applicable,not_applicable,True,False,disabled,False,False,False,False,False,False,False
RETURN_TO_ORIGIN,4,0.5,0.25,0.0012807958211,B9,DEVELOPMENT_2024_OOF,FIRST_ELIGIBLE_EVENT,da1131234856d62549b728d5,91996a9cf747a614ff6d9e08eaafc3583a58b91c,bdba55b4243a4bfe18cea04d89b2cacabe817322eb581e3ec4461a5f3c4e8737,2b2efafb8d7c0cebbd7b392493ecbc0a279f71ee1d4f74197e18d99ecd8c43a7,801c0bf9d69ecdd58b21fb2ba4392137048b466668344ebfc4c8faf6a0d3e2f1,e0bec27d320343054ccfc584b0ad10e3830babff9e6eceb2d8a1a7f2ea19a86a,excursion_resolution_structural_forecast_v1,4fc1a02dce9ac2311dabaeb4623a559d37286dfe58baffef53828cc7415a3425,MODEL_FULL_REFIT,not_applicable,not_applicable,not_applicable,not_applicable,-1,-1,not_applicable,not_applicable,True,False,disabled,False,False,False,False,False,False,False
PARTIAL_RETURN,4,0,0,0.00136108863826,B9,DEVELOPMENT_2024_OOF,FIRST_ELIGIBLE_EVENT,da1131234856d62549b728d5,91996a9cf747a614ff6d9e08eaafc3583a58b91c,bdba55b4243a4bfe18cea04d89b2cacabe817322eb581e3ec4461a5f3c4e8737,2b2efafb8d7c0cebbd7b392493ecbc0a279f71ee1d4f74197e18d99ecd8c43a7,801c0bf9d69ecdd58b21fb2ba4392137048b466668344ebfc4c8faf6a0d3e2f1,e0bec27d320343054ccfc584b0ad10e3830babff9e6eceb2d8a1a7f2ea19a86a,excursion_resolution_structural_forecast_v1,4fc1a02dce9ac2311dabaeb4623a559d37286dfe58baffef53828cc7415a3425,MODEL_FULL_REFIT,not_applicable,not_applicable,not_applicable,not_applicable,-1,-1,not_applicable,not_applicable,True,False,disabled,False,False,False,False,False,False,False
CONTINUE_AWAY,9,0,0,0.00362444841674,B9,DEVELOPMENT_2024_OOF,FIRST_ELIGIBLE_EVENT,da1131234856d62549b728d5,91996a9cf747a614ff6d9e08eaafc3583a58b91c,bdba55b4243a4bfe18cea04d89b2cacabe817322eb581e3ec4461a5f3c4e8737,2b2efafb8d7c0cebbd7b392493ecbc0a279f71ee1d4f74197e18d99ecd8c43a7,801c0bf9d69ecdd58b21fb2ba4392137048b466668344ebfc4c8faf6a0d3e2f1,e0bec27d320343054ccfc584b0ad10e3830babff9e6eceb2d8a1a7f2ea19a86a,excursion_resolution_structural_forecast_v1,4fc1a02dce9ac2311dabaeb4623a559d37286dfe58baffef53828cc7415a3425,MODEL_FULL_REFIT,not_applicable,not_applicable,not_applicable,not_applicable,-1,-1,not_applicable,not_applicable,True,False,disabled,False,False,False,False,False,False,False
ROTATE_TO_NEW_REGION,345,0.727611940299,0.565217391304,0.0687404315337,B9,DEVELOPMENT_2024_OOF,FIRST_ELIGIBLE_EVENT,da1131234856d62549b728d5,91996a9cf747a614ff6d9e08eaafc3583a58b91c,bdba55b4243a4bfe18cea04d89b2cacabe817322eb581e3ec4461a5f3c4e8737,2b2efafb8d7c0cebbd7b392493ecbc0a279f71ee1d4f74197e18d99ecd8c43a7,801c0bf9d69ecdd58b21fb2ba4392137048b466668344ebfc4c8faf6a0d3e2f1,e0bec27d320343054ccfc584b0ad10e3830babff9e6eceb2d8a1a7f2ea19a86a,excursion_resolution_structural_forecast_v1,4fc1a02dce9ac2311dabaeb4623a559d37286dfe58baffef53828cc7415a3425,MODEL_FULL_REFIT,not_applicable,not_applicable,not_applicable,not_applicable,-1,-1,not_applicable,not_applicable,True,False,disabled,False,False,False,False,False,False,False
SESSION_END,2009,0.9176201373,0.998008959681,0.0637185059542,B9,DEVELOPMENT_2024_OOF,FIRST_ELIGIBLE_EVENT,da1131234856d62549b728d5,91996a9cf747a614ff6d9e08eaafc3583a58b91c,bdba55b4243a4bfe18cea04d89b2cacabe817322eb581e3ec4461a5f3c4e8737,2b2efafb8d7c0cebbd7b392493ecbc0a279f71ee1d4f74197e18d99ecd8c43a7,801c0bf9d69ecdd58b21fb2ba4392137048b466668344ebfc4c8faf6a0d3e2f1,e0bec27d320343054ccfc584b0ad10e3830babff9e6eceb2d8a1a7f2ea19a86a,excursion_resolution_structural_forecast_v1,4fc1a02dce9ac2311dabaeb4623a559d37286dfe58baffef53828cc7415a3425,MODEL_FULL_REFIT,not_applicable,not_applicable,not_applicable,not_applicable,-1,-1,not_applicable,not_applicable,True,False,disabled,False,False,False,False,False,False,False
UNAVAILABLE,135,0.224489795918,0.0814814814815,0.0518372517206,B9,DEVELOPMENT_2024_OOF,FIRST_ELIGIBLE_EVENT,da1131234856d62549b728d5,91996a9cf747a614ff6d9e08eaafc3583a58b91c,bdba55b4243a4bfe18cea04d89b2cacabe817322eb581e3ec4461a5f3c4e8737,2b2efafb8d7c0cebbd7b392493ecbc0a279f71ee1d4f74197e18d99ecd8c43a7,801c0bf9d69ecdd58b21fb2ba4392137048b466668344ebfc4c8faf6a0d3e2f1,e0bec27d320343054ccfc584b0ad10e3830babff9e6eceb2d8a1a7f2ea19a86a,excursion_resolution_structural_forecast_v1,4fc1a02dce9ac2311dabaeb4623a559d37286dfe58baffef53828cc7415a3425,MODEL_FULL_REFIT,not_applicable,not_applicable,not_applicable,not_applicable,-1,-1,not_applicable,not_applicable,True,False,disabled,False,False,False,False,False,False,False
RETURN_TO_ORIGIN,4,0.428571428571,0.75,0.00185338757679,B10,DEVELOPMENT_2024_OOF,FIRST_ELIGIBLE_EVENT,da1131234856d62549b728d5,91996a9cf747a614ff6d9e08eaafc3583a58b91c,bdba55b4243a4bfe18cea04d89b2cacabe817322eb581e3ec4461a5f3c4e8737,2b2efafb8d7c0cebbd7b392493ecbc0a279f71ee1d4f74197e18d99ecd8c43a7,801c0bf9d69ecdd58b21fb2ba4392137048b466668344ebfc4c8faf6a0d3e2f1,e0bec27d320343054ccfc584b0ad10e3830babff9e6eceb2d8a1a7f2ea19a86a,excursion_resolution_structural_forecast_v1,4fc1a02dce9ac2311dabaeb4623a559d37286dfe58baffef53828cc7415a3425,MODEL_FULL_REFIT,not_applicable,not_applicable,not_applicable,not_applicable,-1,-1,not_applicable,not_applicable,True,False,disabled,False,False,False,False,False,False,False
PARTIAL_RETURN,4,0,0,0.00159832089816,B10,DEVELOPMENT_2024_OOF,FIRST_ELIGIBLE_EVENT,da1131234856d62549b728d5,91996a9cf747a614ff6d9e08eaafc3583a58b91c,bdba55b4243a4bfe18cea04d89b2cacabe817322eb581e3ec4461a5f3c4e8737,2b2efafb8d7c0cebbd7b392493ecbc0a279f71ee1d4f74197e18d99ecd8c43a7,801c0bf9d69ecdd58b21fb2ba4392137048b466668344ebfc4c8faf6a0d3e2f1,e0bec27d320343054ccfc584b0ad10e3830babff9e6eceb2d8a1a7f2ea19a86a,excursion_resolution_structural_forecast_v1,4fc1a02dce9ac2311dabaeb4623a559d37286dfe58baffef53828cc7415a3425,MODEL_FULL_REFIT,not_applicable,not_applicable,not_applicable,not_applicable,-1,-1,not_applicable,not_applicable,True,False,disabled,False,False,False,False,False,False,False
CONTINUE_AWAY,9,0,0,0.00360069033742,B10,DEVELOPMENT_2024_OOF,FIRST_ELIGIBLE_EVENT,da1131234856d62549b728d5,91996a9cf747a614ff6d9e08eaafc3583a58b91c,bdba55b4243a4bfe18cea04d89b2cacabe817322eb581e3ec4461a5f3c4e8737,2b2efafb8d7c0cebbd7b392493ecbc0a279f71ee1d4f74197e18d99ecd8c43a7,801c0bf9d69ecdd58b21fb2ba4392137048b466668344ebfc4c8faf6a0d3e2f1,e0bec27d320343054ccfc584b0ad10e3830babff9e6eceb2d8a1a7f2ea19a86a,excursion_resolution_structural_forecast_v1,4fc1a02dce9ac2311dabaeb4623a559d37286dfe58baffef53828cc7415a3425,MODEL_FULL_REFIT,not_applicable,not_applicable,not_applicable,not_applicable,-1,-1,not_applicable,not_applicable,True,False,disabled,False,False,False,False,False,False,False
ROTATE_TO_NEW_REGION,345,0.332191780822,0.28115942029,0.120629549431,B10,DEVELOPMENT_2024_OOF,FIRST_ELIGIBLE_EVENT,da1131234856d62549b728d5,91996a9cf747a614ff6d9e08eaafc3583a58b91c,bdba55b4243a4bfe18cea04d89b2cacabe817322eb581e3ec4461a5f3c4e8737,2b2efafb8d7c0cebbd7b392493ecbc0a279f71ee1d4f74197e18d99ecd8c43a7,801c0bf9d69ecdd58b21fb2ba4392137048b466668344ebfc4c8faf6a0d3e2f1,e0bec27d320343054ccfc584b0ad10e3830babff9e6eceb2d8a1a7f2ea19a86a,excursion_resolution_structural_forecast_v1,4fc1a02dce9ac2311dabaeb4623a559d37286dfe58baffef53828cc7415a3425,MODEL_FULL_REFIT,not_applicable,not_applicable,not_applicable,not_applicable,-1,-1,not_applicable,not_applicable,True,False,disabled,False,False,False,False,False,False,False
SESSION_END,2009,0.95670995671,0.660029865605,0.234935253529,B10,DEVELOPMENT_2024_OOF,FIRST_ELIGIBLE_EVENT,da1131234856d62549b728d5,91996a9cf747a614ff6d9e08eaafc3583a58b91c,bdba55b4243a4bfe18cea04d89b2cacabe817322eb581e3ec4461a5f3c4e8737,2b2efafb8d7c0cebbd7b392493ecbc0a279f71ee1d4f74197e18d99ecd8c43a7,801c0bf9d69ecdd58b21fb2ba4392137048b466668344ebfc4c8faf6a0d3e2f1,e0bec27d320343054ccfc584b0ad10e3830babff9e6eceb2d8a1a7f2ea19a86a,excursion_resolution_structural_forecast_v1,4fc1a02dce9ac2311dabaeb4623a559d37286dfe58baffef53828cc7415a3425,MODEL_FULL_REFIT,not_applicable,not_applicable,not_applicable,not_applicable,-1,-1,not_applicable,not_applicable,True,False,disabled,False,False,False,False,False,False,False
UNAVAILABLE,135,0.11084043849,0.674074074074,0.192018368132,B10,DEVELOPMENT_2024_OOF,FIRST_ELIGIBLE_EVENT,da1131234856d62549b728d5,91996a9cf747a614ff6d9e08eaafc3583a58b91c,bdba55b4243a4bfe18cea04d89b2cacabe817322eb581e3ec4461a5f3c4e8737,2b2efafb8d7c0cebbd7b392493ecbc0a279f71ee1d4f74197e18d99ecd8c43a7,801c0bf9d69ecdd58b21fb2ba4392137048b466668344ebfc4c8faf6a0d3e2f1,e0bec27d320343054ccfc584b0ad10e3830babff9e6eceb2d8a1a7f2ea19a86a,excursion_resolution_structural_forecast_v1,4fc1a02dce9ac2311dabaeb4623a559d37286dfe58baffef53828cc7415a3425,MODEL_FULL_REFIT,not_applicable,not_applicable,not_applicable,not_applicable,-1,-1,not_applicable,not_applicable,True,False,disabled,False,False,False,False,False,False,False
