period,symbol,event_family,unique_events,run_id,git_sha,contract_hash,data_snapshot_hash,panel_hash,implementation_source_hash,state_model_version,state_model_hash,model_lineage,session,segment_id,timestamp,state,age,source_artifact,source_hash,research_only,execution_enabled,order_placement,broker_connected,economic_outcomes_used,payoff_selection_used,production_runtime_modified,strategy_promotion,part_b_interaction_scoring_enabled,semantic_dictionary_promotion_enabled
DEVELOPMENT_2024,AAL,RETURN_TO_ORIGIN,2,5592b30b8c4f3909d75c67cc,91996a9cf747a614ff6d9e08eaafc3583a58b91c,0bc8ac397792a0b665e0e9b1972bf539bd5ab964a296a6dedd8648fcf7741a44,2b2efafb8d7c0cebbd7b392493ecbc0a279f71ee1d4f74197e18d99ecd8c43a7,801c0bf9d69ecdd58b21fb2ba4392137048b466668344ebfc4c8faf6a0d3e2f1,7c8d4f606dc0e46e80d69390a4c1e6e30c3215b09ec2191a2b5fe7195f583a84,cluster_invariant_excursion_event_model_v1,4fc1a02dce9ac2311dabaeb4623a559d37286dfe58baffef53828cc7415a3425,MODEL_FULL_REFIT,not_applicable,not_applicable,not_applicable,-1,-1,not_applicable,not_applicable,True,False,disabled,False,False,False,False,False,False,False
DEVELOPMENT_2024,AAL,ROTATE_TO_NEW_REGION,21,5592b30b8c4f3909d75c67cc,91996a9cf747a614ff6d9e08eaafc3583a58b91c,0bc8ac397792a0b665e0e9b1972bf539bd5ab964a296a6dedd8648fcf7741a44,2b2efafb8d7c0cebbd7b392493ecbc0a279f71ee1d4f74197e18d99ecd8c43a7,801c0bf9d69ecdd58b21fb2ba4392137048b466668344ebfc4c8faf6a0d3e2f1,7c8d4f606dc0e46e80d69390a4c1e6e30c3215b09ec2191a2b5fe7195f583a84,cluster_invariant_excursion_event_model_v1,4fc1a02dce9ac2311dabaeb4623a559d37286dfe58baffef53828cc7415a3425,MODEL_FULL_REFIT,not_applicable,not_applicable,not_applicable,-1,-1,not_applicable,not_applicable,True,False,disabled,False,False,False,False,False,False,False
DEVELOPMENT_2024,AAL,SESSION_END,113,5592b30b8c4f3909d75c67cc,91996a9cf747a614ff6d9e08eaafc3583a58b91c,0bc8ac397792a0b665e0e9b1972bf539bd5ab964a296a6dedd8648fcf7741a44,2b2efafb8d7c0cebbd7b392493ecbc0a279f71ee1d4f74197e18d99ecd8c43a7,801c0bf9d69ecdd58b21fb2ba4392137048b466668344ebfc4c8faf6a0d3e2f1,7c8d4f606dc0e46e80d69390a4c1e6e30c3215b09ec2191a2b5fe7195f583a84,cluster_invariant_excursion_event_model_v1,4fc1a02dce9ac2311dabaeb4623a559d37286dfe58baffef53828cc7415a3425,MODEL_FULL_REFIT,not_applicable,not_applicable,not_applicable,-1,-1,not_applicable,not_applicable,True,False,disabled,False,False,False,False,False,False,False
DEVELOPMENT_2024,AAL,UNAVAILABLE_SOURCE,7,5592b30b8c4f3909d75c67cc,91996a9cf747a614ff6d9e08eaafc3583a58b91c,0bc8ac397792a0b665e0e9b1972bf539bd5ab964a296a6dedd8648fcf7741a44,2b2efafb8d7c0cebbd7b392493ecbc0a279f71ee1d4f74197e18d99ecd8c43a7,801c0bf9d69ecdd58b21fb2ba4392137048b466668344ebfc4c8faf6a0d3e2f1,7c8d4f606dc0e46e80d69390a4c1e6e30c3215b09ec2191a2b5fe7195f583a84,cluster_invariant_excursion_event_model_v1,4fc1a02dce9ac2311dabaeb4623a559d37286dfe58baffef53828cc7415a3425,MODEL_FULL_REFIT,not_applicable,not_applicable,not_applicable,-1,-1,not_applicable,not_applicable,True,False,disabled,False,False,False,False,False,False,False
DEVELOPMENT_2024,AAL,UNAVAILABLE_STRUCTURAL_GAP,3,5592b30b8c4f3909d75c67cc,91996a9cf747a614ff6d9e08eaafc3583a58b91c,0bc8ac397792a0b665e0e9b1972bf539bd5ab964a296a6dedd8648fcf7741a44,2b2efafb8d7c0cebbd7b392493ecbc0a279f71ee1d4f74197e18d99ecd8c43a7,801c0bf9d69ecdd58b21fb2ba4392137048b466668344ebfc4c8faf6a0d3e2f1,7c8d4f606dc0e46e80d69390a4c1e6e30c3215b09ec2191a2b5fe7195f583a84,cluster_invariant_excursion_event_model_v1,4fc1a02dce9ac2311dabaeb4623a559d37286dfe58baffef53828cc7415a3425,MODEL_FULL_REFIT,not_applicable,not_applicable,not_applicable,-1,-1,not_applicable,not_applicable,True,False,disabled,False,False,False,False,False,False,False
DEVELOPMENT_2024,AAL,UNRESOLVED_AT_HORIZON,290,5592b30b8c4f3909d75c67cc,91996a9cf747a614ff6d9e08eaafc3583a58b91c,0bc8ac397792a0b665e0e9b1972bf539bd5ab964a296a6dedd8648fcf7741a44,2b2efafb8d7c0cebbd7b392493ecbc0a279f71ee1d4f74197e18d99ecd8c43a7,801c0bf9d69ecdd58b21fb2ba4392137048b466668344ebfc4c8faf6a0d3e2f1,7c8d4f606dc0e46e80d69390a4c1e6e30c3215b09ec2191a2b5fe7195f583a84,cluster_invariant_excursion_event_model_v1,4fc1a02dce9ac2311dabaeb4623a559d37286dfe58baffef53828cc7415a3425,MODEL_FULL_REFIT,not_applicable,not_applicable,not_applicable,-1,-1,not_applicable,not_applicable,True,False,disabled,False,False,False,False,False,False,False
DEVELOPMENT_2024,AAOI,ROTATE_TO_NEW_REGION,11,5592b30b8c4f3909d75c67cc,91996a9cf747a614ff6d9e08eaafc3583a58b91c,0bc8ac397792a0b665e0e9b1972bf539bd5ab964a296a6dedd8648fcf7741a44,2b2efafb8d7c0cebbd7b392493ecbc0a279f71ee1d4f74197e18d99ecd8c43a7,801c0bf9d69ecdd58b21fb2ba4392137048b466668344ebfc4c8faf6a0d3e2f1,7c8d4f606dc0e46e80d69390a4c1e6e30c3215b09ec2191a2b5fe7195f583a84,cluster_invariant_excursion_event_model_v1,4fc1a02dce9ac2311dabaeb4623a559d37286dfe58baffef53828cc7415a3425,MODEL_FULL_REFIT,not_applicable,not_applicable,not_applicable,-1,-1,not_applicable,not_applicable,True,False,disabled,False,False,False,False,False,False,False
DEVELOPMENT_2024,AAOI,SESSION_END,139,5592b30b8c4f3909d75c67cc,91996a9cf747a614ff6d9e08eaafc3583a58b91c,0bc8ac397792a0b665e0e9b1972bf539bd5ab964a296a6dedd8648fcf7741a44,2b2efafb8d7c0cebbd7b392493ecbc0a279f71ee1d4f74197e18d99ecd8c43a7,801c0bf9d69ecdd58b21fb2ba4392137048b466668344ebfc4c8faf6a0d3e2f1,7c8d4f606dc0e46e80d69390a4c1e6e30c3215b09ec2191a2b5fe7195f583a84,cluster_invariant_excursion_event_model_v1,4fc1a02dce9ac2311dabaeb4623a559d37286dfe58baffef53828cc7415a3425,MODEL_FULL_REFIT,not_applicable,not_applicable,not_applicable,-1,-1,not_applicable,not_applicable,True,False,disabled,False,False,False,False,False,False,False
DEVELOPMENT_2024,AAOI,UNAVAILABLE_SOURCE,3,5592b30b8c4f3909d75c67cc,91996a9cf747a614ff6d9e08eaafc3583a58b91c,0bc8ac397792a0b665e0e9b1972bf539bd5ab964a296a6dedd8648fcf7741a44,2b2efafb8d7c0cebbd7b392493ecbc0a279f71ee1d4f74197e18d99ecd8c43a7,801c0bf9d69ecdd58b21fb2ba4392137048b466668344ebfc4c8faf6a0d3e2f1,7c8d4f606dc0e46e80d69390a4c1e6e30c3215b09ec2191a2b5fe7195f583a84,cluster_invariant_excursion_event_model_v1,4fc1a02dce9ac2311dabaeb4623a559d37286dfe58baffef53828cc7415a3425,MODEL_FULL_REFIT,not_applicable,not_applicable,not_applicable,-1,-1,not_applicable,not_applicable,True,False,disabled,False,False,False,False,False,False,False
DEVELOPMENT_2024,AAOI,UNAVAILABLE_STRUCTURAL_GAP,4,5592b30b8c4f3909d75c67cc,91996a9cf747a614ff6d9e08eaafc3583a58b91c,0bc8ac397792a0b665e0e9b1972bf539bd5ab964a296a6dedd8648fcf7741a44,2b2efafb8d7c0cebbd7b392493ecbc0a279f71ee1d4f74197e18d99ecd8c43a7,801c0bf9d69ecdd58b21fb2ba4392137048b466668344ebfc4c8faf6a0d3e2f1,7c8d4f606dc0e46e80d69390a4c1e6e30c3215b09ec2191a2b5fe7195f583a84,cluster_invariant_excursion_event_model_v1,4fc1a02dce9ac2311dabaeb4623a559d37286dfe58baffef53828cc7415a3425,MODEL_FULL_REFIT,not_applicable,not_applicable,not_applicable,-1,-1,not_applicable,not_applicable,True,False,disabled,False,False,False,False,False,False,False
DEVELOPMENT_2024,AAOI,UNRESOLVED_AT_HORIZON,303,5592b30b8c4f3909d75c67cc,91996a9cf747a614ff6d9e08eaafc3583a58b91c,0bc8ac397792a0b665e0e9b1972bf539bd5ab964a296a6dedd8648fcf7741a44,2b2efafb8d7c0cebbd7b392493ecbc0a279f71ee1d4f74197e18d99ecd8c43a7,801c0bf9d69ecdd58b21fb2ba4392137048b466668344ebfc4c8faf6a0d3e2f1,7c8d4f606dc0e46e80d69390a4c1e6e30c3215b09ec2191a2b5fe7195f583a84,cluster_invariant_excursion_event_model_v1,4fc1a02dce9ac2311dabaeb4623a559d37286dfe58baffef53828cc7415a3425,MODEL_FULL_REFIT,not_applicable,not_applicable,not_applicable,-1,-1,not_applicable,not_applicable,True,False,disabled,False,False,False,False,False,False,False
DEVELOPMENT_2024,APLD,PARTIAL_RETURN,1,5592b30b8c4f3909d75c67cc,91996a9cf747a614ff6d9e08eaafc3583a58b91c,0bc8ac397792a0b665e0e9b1972bf539bd5ab964a296a6dedd8648fcf7741a44,2b2efafb8d7c0cebbd7b392493ecbc0a279f71ee1d4f74197e18d99ecd8c43a7,801c0bf9d69ecdd58b21fb2ba4392137048b466668344ebfc4c8faf6a0d3e2f1,7c8d4f606dc0e46e80d69390a4c1e6e30c3215b09ec2191a2b5fe7195f583a84,cluster_invariant_excursion_event_model_v1,4fc1a02dce9ac2311dabaeb4623a559d37286dfe58baffef53828cc7415a3425,MODEL_FULL_REFIT,not_applicable,not_applicable,not_applicable,-1,-1,not_applicable,not_applicable,True,False,disabled,False,False,False,False,False,False,False
DEVELOPMENT_2024,APLD,ROTATE_TO_NEW_REGION,11,5592b30b8c4f3909d75c67cc,91996a9cf747a614ff6d9e08eaafc3583a58b91c,0bc8ac397792a0b665e0e9b1972bf539bd5ab964a296a6dedd8648fcf7741a44,2b2efafb8d7c0cebbd7b392493ecbc0a279f71ee1d4f74197e18d99ecd8c43a7,801c0bf9d69ecdd58b21fb2ba4392137048b466668344ebfc4c8faf6a0d3e2f1,7c8d4f606dc0e46e80d69390a4c1e6e30c3215b09ec2191a2b5fe7195f583a84,cluster_invariant_excursion_event_model_v1,4fc1a02dce9ac2311dabaeb4623a559d37286dfe58baffef53828cc7415a3425,MODEL_FULL_REFIT,not_applicable,not_applicable,not_applicable,-1,-1,not_applicable,not_applicable,True,False,disabled,False,False,False,False,False,False,False
DEVELOPMENT_2024,APLD,SESSION_END,131,5592b30b8c4f3909d75c67cc,91996a9cf747a614ff6d9e08eaafc3583a58b91c,0bc8ac397792a0b665e0e9b1972bf539bd5ab964a296a6dedd8648fcf7741a44,2b2efafb8d7c0cebbd7b392493ecbc0a279f71ee1d4f74197e18d99ecd8c43a7,801c0bf9d69ecdd58b21fb2ba4392137048b466668344ebfc4c8faf6a0d3e2f1,7c8d4f606dc0e46e80d69390a4c1e6e30c3215b09ec2191a2b5fe7195f583a84,cluster_invariant_excursion_event_model_v1,4fc1a02dce9ac2311dabaeb4623a559d37286dfe58baffef53828cc7415a3425,MODEL_FULL_REFIT,not_applicable,not_applicable,not_applicable,-1,-1,not_applicable,not_applicable,True,False,disabled,False,False,False,False,False,False,False
DEVELOPMENT_2024,APLD,UNAVAILABLE_SOURCE,4,5592b30b8c4f3909d75c67cc,91996a9cf747a614ff6d9e08eaafc3583a58b91c,0bc8ac397792a0b665e0e9b1972bf539bd5ab964a296a6dedd8648fcf7741a44,2b2efafb8d7c0cebbd7b392493ecbc0a279f71ee1d4f74197e18d99ecd8c43a7,801c0bf9d69ecdd58b21fb2ba4392137048b466668344ebfc4c8faf6a0d3e2f1,7c8d4f606dc0e46e80d69390a4c1e6e30c3215b09ec2191a2b5fe7195f583a84,cluster_invariant_excursion_event_model_v1,4fc1a02dce9ac2311dabaeb4623a559d37286dfe58baffef53828cc7415a3425,MODEL_FULL_REFIT,not_applicable,not_applicable,not_applicable,-1,-1,not_applicable,not_applicable,True,False,disabled,False,False,False,False,False,False,False
DEVELOPMENT_2024,APLD,UNAVAILABLE_STRUCTURAL_GAP,1,5592b30b8c4f3909d75c67cc,91996a9cf747a614ff6d9e08eaafc3583a58b91c,0bc8ac397792a0b665e0e9b1972bf539bd5ab964a296a6dedd8648fcf7741a44,2b2efafb8d7c0cebbd7b392493ecbc0a279f71ee1d4f74197e18d99ecd8c43a7,801c0bf9d69ecdd58b21fb2ba4392137048b466668344ebfc4c8faf6a0d3e2f1,7c8d4f606dc0e46e80d69390a4c1e6e30c3215b09ec2191a2b5fe7195f583a84,cluster_invariant_excursion_event_model_v1,4fc1a02dce9ac2311dabaeb4623a559d37286dfe58baffef53828cc7415a3425,MODEL_FULL_REFIT,not_applicable,not_applicable,not_applicable,-1,-1,not_applicable,not_applicable,True,False,disabled,False,False,False,False,False,False,False
DEVELOPMENT_2024,APLD,UNRESOLVED_AT_HORIZON,324,5592b30b8c4f3909d75c67cc,91996a9cf747a614ff6d9e08eaafc3583a58b91c,0bc8ac397792a0b665e0e9b1972bf539bd5ab964a296a6dedd8648fcf7741a44,2b2efafb8d7c0cebbd7b392493ecbc0a279f71ee1d4f74197e18d99ecd8c43a7,801c0bf9d69ecdd58b21fb2ba4392137048b466668344ebfc4c8faf6a0d3e2f1,7c8d4f606dc0e46e80d69390a4c1e6e30c3215b09ec2191a2b5fe7195f583a84,cluster_invariant_excursion_event_model_v1,4fc1a02dce9ac2311dabaeb4623a559d37286dfe58baffef53828cc7415a3425,MODEL_FULL_REFIT,not_applicable,not_applicable,not_applicable,-1,-1,not_applicable,not_applicable,True,False,disabled,False,False,False,False,False,False,False
DEVELOPMENT_2024,ASTS,PARTIAL_RETURN,1,5592b30b8c4f3909d75c67cc,91996a9cf747a614ff6d9e08eaafc3583a58b91c,0bc8ac397792a0b665e0e9b1972bf539bd5ab964a296a6dedd8648fcf7741a44,2b2efafb8d7c0cebbd7b392493ecbc0a279f71ee1d4f74197e18d99ecd8c43a7,801c0bf9d69ecdd58b21fb2ba4392137048b466668344ebfc4c8faf6a0d3e2f1,7c8d4f606dc0e46e80d69390a4c1e6e30c3215b09ec2191a2b5fe7195f583a84,cluster_invariant_excursion_event_model_v1,4fc1a02dce9ac2311dabaeb4623a559d37286dfe58baffef53828cc7415a3425,MODEL_FULL_REFIT,not_applicable,not_applicable,not_applicable,-1,-1,not_applicable,not_applicable,True,False,disabled,False,False,False,False,False,False,False
DEVELOPMENT_2024,ASTS,RETURN_TO_ORIGIN,1,5592b30b8c4f3909d75c67cc,91996a9cf747a614ff6d9e08eaafc3583a58b91c,0bc8ac397792a0b665e0e9b1972bf539bd5ab964a296a6dedd8648fcf7741a44,2b2efafb8d7c0cebbd7b392493ecbc0a279f71ee1d4f74197e18d99ecd8c43a7,801c0bf9d69ecdd58b21fb2ba4392137048b466668344ebfc4c8faf6a0d3e2f1,7c8d4f606dc0e46e80d69390a4c1e6e30c3215b09ec2191a2b5fe7195f583a84,cluster_invariant_excursion_event_model_v1,4fc1a02dce9ac2311dabaeb4623a559d37286dfe58baffef53828cc7415a3425,MODEL_FULL_REFIT,not_applicable,not_applicable,not_applicable,-1,-1,not_applicable,not_applicable,True,False,disabled,False,False,False,False,False,False,False
DEVELOPMENT_2024,ASTS,ROTATE_TO_NEW_REGION,17,5592b30b8c4f3909d75c67cc,91996a9cf747a614ff6d9e08eaafc3583a58b91c,0bc8ac397792a0b665e0e9b1972bf539bd5ab964a296a6dedd8648fcf7741a44,2b2efafb8d7c0cebbd7b392493ecbc0a279f71ee1d4f74197e18d99ecd8c43a7,801c0bf9d69ecdd58b21fb2ba4392137048b466668344ebfc4c8faf6a0d3e2f1,7c8d4f606dc0e46e80d69390a4c1e6e30c3215b09ec2191a2b5fe7195f583a84,cluster_invariant_excursion_event_model_v1,4fc1a02dce9ac2311dabaeb4623a559d37286dfe58baffef53828cc7415a3425,MODEL_FULL_REFIT,not_applicable,not_applicable,not_applicable,-1,-1,not_applicable,not_applicable,True,False,disabled,False,False,False,False,False,False,False
DEVELOPMENT_2024,ASTS,SESSION_END,129,5592b30b8c4f3909d75c67cc,91996a9cf747a614ff6d9e08eaafc3583a58b91c,0bc8ac397792a0b665e0e9b1972bf539bd5ab964a296a6dedd8648fcf7741a44,2b2efafb8d7c0cebbd7b392493ecbc0a279f71ee1d4f74197e18d99ecd8c43a7,801c0bf9d69ecdd58b21fb2ba4392137048b466668344ebfc4c8faf6a0d3e2f1,7c8d4f606dc0e46e80d69390a4c1e6e30c3215b09ec2191a2b5fe7195f583a84,cluster_invariant_excursion_event_model_v1,4fc1a02dce9ac2311dabaeb4623a559d37286dfe58baffef53828cc7415a3425,MODEL_FULL_REFIT,not_applicable,not_applicable,not_applicable,-1,-1,not_applicable,not_applicable,True,False,disabled,False,False,False,False,False,False,False
DEVELOPMENT_2024,ASTS,UNAVAILABLE_SOURCE,6,5592b30b8c4f3909d75c67cc,91996a9cf747a614ff6d9e08eaafc3583a58b91c,0bc8ac397792a0b665e0e9b1972bf539bd5ab964a296a6dedd8648fcf7741a44,2b2efafb8d7c0cebbd7b392493ecbc0a279f71ee1d4f74197e18d99ecd8c43a7,801c0bf9d69ecdd58b21fb2ba4392137048b466668344ebfc4c8faf6a0d3e2f1,7c8d4f606dc0e46e80d69390a4c1e6e30c3215b09ec2191a2b5fe7195f583a84,cluster_invariant_excursion_event_model_v1,4fc1a02dce9ac2311dabaeb4623a559d37286dfe58baffef53828cc7415a3425,MODEL_FULL_REFIT,not_applicable,not_applicable,not_applicable,-1,-1,not_applicable,not_applicable,True,False,disabled,False,False,False,False,False,False,False
DEVELOPMENT_2024,ASTS,UNAVAILABLE_STRUCTURAL_GAP,5,5592b30b8c4f3909d75c67cc,91996a9cf747a614ff6d9e08eaafc3583a58b91c,0bc8ac397792a0b665e0e9b1972bf539bd5ab964a296a6dedd8648fcf7741a44,2b2efafb8d7c0cebbd7b392493ecbc0a279f71ee1d4f74197e18d99ecd8c43a7,801c0bf9d69ecdd58b21fb2ba4392137048b466668344ebfc4c8faf6a0d3e2f1,7c8d4f606dc0e46e80d69390a4c1e6e30c3215b09ec2191a2b5fe7195f583a84,cluster_invariant_excursion_event_model_v1,4fc1a02dce9ac2311dabaeb4623a559d37286dfe58baffef53828cc7415a3425,MODEL_FULL_REFIT,not_applicable,not_applicable,not_applicable,-1,-1,not_applicable,not_applicable,True,False,disabled,False,False,False,False,False,False,False
DEVELOPMENT_2024,ASTS,UNRESOLVED_AT_HORIZON,302,5592b30b8c4f3909d75c67cc,91996a9cf747a614ff6d9e08eaafc3583a58b91c,0bc8ac397792a0b665e0e9b1972bf539bd5ab964a296a6dedd8648fcf7741a44,2b2efafb8d7c0cebbd7b392493ecbc0a279f71ee1d4f74197e18d99ecd8c43a7,801c0bf9d69ecdd58b21fb2ba4392137048b466668344ebfc4c8faf6a0d3e2f1,7c8d4f606dc0e46e80d69390a4c1e6e30c3215b09ec2191a2b5fe7195f583a84,cluster_invariant_excursion_event_model_v1,4fc1a02dce9ac2311dabaeb4623a559d37286dfe58baffef53828cc7415a3425,MODEL_FULL_REFIT,not_applicable,not_applicable,not_applicable,-1,-1,not_applicable,not_applicable,True,False,disabled,False,False,False,False,False,False,False
DEVELOPMENT_2024,AXTI,CONTINUE_AWAY,1,5592b30b8c4f3909d75c67cc,91996a9cf747a614ff6d9e08eaafc3583a58b91c,0bc8ac397792a0b665e0e9b1972bf539bd5ab964a296a6dedd8648fcf7741a44,2b2efafb8d7c0cebbd7b392493ecbc0a279f71ee1d4f74197e18d99ecd8c43a7,801c0bf9d69ecdd58b21fb2ba4392137048b466668344ebfc4c8faf6a0d3e2f1,7c8d4f606dc0e46e80d69390a4c1e6e30c3215b09ec2191a2b5fe7195f583a84,cluster_invariant_excursion_event_model_v1,4fc1a02dce9ac2311dabaeb4623a559d37286dfe58baffef53828cc7415a3425,MODEL_FULL_REFIT,not_applicable,not_applicable,not_applicable,-1,-1,not_applicable,not_applicable,True,False,disabled,False,False,False,False,False,False,False
DEVELOPMENT_2024,AXTI,RETURN_TO_ORIGIN,1,5592b30b8c4f3909d75c67cc,91996a9cf747a614ff6d9e08eaafc3583a58b91c,0bc8ac397792a0b665e0e9b1972bf539bd5ab964a296a6dedd8648fcf7741a44,2b2efafb8d7c0cebbd7b392493ecbc0a279f71ee1d4f74197e18d99ecd8c43a7,801c0bf9d69ecdd58b21fb2ba4392137048b466668344ebfc4c8faf6a0d3e2f1,7c8d4f606dc0e46e80d69390a4c1e6e30c3215b09ec2191a2b5fe7195f583a84,cluster_invariant_excursion_event_model_v1,4fc1a02dce9ac2311dabaeb4623a559d37286dfe58baffef53828cc7415a3425,MODEL_FULL_REFIT,not_applicable,not_applicable,not_applicable,-1,-1,not_applicable,not_applicable,True,False,disabled,False,False,False,False,False,False,False
DEVELOPMENT_2024,AXTI,SESSION_END,24,5592b30b8c4f3909d75c67cc,91996a9cf747a614ff6d9e08eaafc3583a58b91c,0bc8ac397792a0b665e0e9b1972bf539bd5ab964a296a6dedd8648fcf7741a44,2b2efafb8d7c0cebbd7b392493ecbc0a279f71ee1d4f74197e18d99ecd8c43a7,801c0bf9d69ecdd58b21fb2ba4392137048b466668344ebfc4c8faf6a0d3e2f1,7c8d4f606dc0e46e80d69390a4c1e6e30c3215b09ec2191a2b5fe7195f583a84,cluster_invariant_excursion_event_model_v1,4fc1a02dce9ac2311dabaeb4623a559d37286dfe58baffef53828cc7415a3425,MODEL_FULL_REFIT,not_applicable,not_applicable,not_applicable,-1,-1,not_applicable,not_applicable,True,False,disabled,False,False,False,False,False,False,False
DEVELOPMENT_2024,AXTI,UNAVAILABLE_SOURCE,28,5592b30b8c4f3909d75c67cc,91996a9cf747a614ff6d9e08eaafc3583a58b91c,0bc8ac397792a0b665e0e9b1972bf539bd5ab964a296a6dedd8648fcf7741a44,2b2efafb8d7c0cebbd7b392493ecbc0a279f71ee1d4f74197e18d99ecd8c43a7,801c0bf9d69ecdd58b21fb2ba4392137048b466668344ebfc4c8faf6a0d3e2f1,7c8d4f606dc0e46e80d69390a4c1e6e30c3215b09ec2191a2b5fe7195f583a84,cluster_invariant_excursion_event_model_v1,4fc1a02dce9ac2311dabaeb4623a559d37286dfe58baffef53828cc7415a3425,MODEL_FULL_REFIT,not_applicable,not_applicable,not_applicable,-1,-1,not_applicable,not_applicable,True,False,disabled,False,False,False,False,False,False,False
DEVELOPMENT_2024,AXTI,UNAVAILABLE_STRUCTURAL_GAP,43,5592b30b8c4f3909d75c67cc,91996a9cf747a614ff6d9e08eaafc3583a58b91c,0bc8ac397792a0b665e0e9b1972bf539bd5ab964a296a6dedd8648fcf7741a44,2b2efafb8d7c0cebbd7b392493ecbc0a279f71ee1d4f74197e18d99ecd8c43a7,801c0bf9d69ecdd58b21fb2ba4392137048b466668344ebfc4c8faf6a0d3e2f1,7c8d4f606dc0e46e80d69390a4c1e6e30c3215b09ec2191a2b5fe7195f583a84,cluster_invariant_excursion_event_model_v1,4fc1a02dce9ac2311dabaeb4623a559d37286dfe58baffef53828cc7415a3425,MODEL_FULL_REFIT,not_applicable,not_applicable,not_applicable,-1,-1,not_applicable,not_applicable,True,False,disabled,False,False,False,False,False,False,False
DEVELOPMENT_2024,AXTI,UNRESOLVED_AT_HORIZON,60,5592b30b8c4f3909d75c67cc,91996a9cf747a614ff6d9e08eaafc3583a58b91c,0bc8ac397792a0b665e0e9b1972bf539bd5ab964a296a6dedd8648fcf7741a44,2b2efafb8d7c0cebbd7b392493ecbc0a279f71ee1d4f74197e18d99ecd8c43a7,801c0bf9d69ecdd58b21fb2ba4392137048b466668344ebfc4c8faf6a0d3e2f1,7c8d4f606dc0e46e80d69390a4c1e6e30c3215b09ec2191a2b5fe7195f583a84,cluster_invariant_excursion_event_model_v1,4fc1a02dce9ac2311dabaeb4623a559d37286dfe58baffef53828cc7415a3425,MODEL_FULL_REFIT,not_applicable,not_applicable,not_applicable,-1,-1,not_applicable,not_applicable,True,False,disabled,False,False,False,False,False,False,False
DEVELOPMENT_2024,CIFR,ROTATE_TO_NEW_REGION,11,5592b30b8c4f3909d75c67cc,91996a9cf747a614ff6d9e08eaafc3583a58b91c,0bc8ac397792a0b665e0e9b1972bf539bd5ab964a296a6dedd8648fcf7741a44,2b2efafb8d7c0cebbd7b392493ecbc0a279f71ee1d4f74197e18d99ecd8c43a7,801c0bf9d69ecdd58b21fb2ba4392137048b466668344ebfc4c8faf6a0d3e2f1,7c8d4f606dc0e46e80d69390a4c1e6e30c3215b09ec2191a2b5fe7195f583a84,cluster_invariant_excursion_event_model_v1,4fc1a02dce9ac2311dabaeb4623a559d37286dfe58baffef53828cc7415a3425,MODEL_FULL_REFIT,not_applicable,not_applicable,not_applicable,-1,-1,not_applicable,not_applicable,True,False,disabled,False,False,False,False,False,False,False
DEVELOPMENT_2024,CIFR,SESSION_END,132,5592b30b8c4f3909d75c67cc,91996a9cf747a614ff6d9e08eaafc3583a58b91c,0bc8ac397792a0b665e0e9b1972bf539bd5ab964a296a6dedd8648fcf7741a44,2b2efafb8d7c0cebbd7b392493ecbc0a279f71ee1d4f74197e18d99ecd8c43a7,801c0bf9d69ecdd58b21fb2ba4392137048b466668344ebfc4c8faf6a0d3e2f1,7c8d4f606dc0e46e80d69390a4c1e6e30c3215b09ec2191a2b5fe7195f583a84,cluster_invariant_excursion_event_model_v1,4fc1a02dce9ac2311dabaeb4623a559d37286dfe58baffef53828cc7415a3425,MODEL_FULL_REFIT,not_applicable,not_applicable,not_applicable,-1,-1,not_applicable,not_applicable,True,False,disabled,False,False,False,False,False,False,False
DEVELOPMENT_2024,CIFR,UNAVAILABLE_SOURCE,6,5592b30b8c4f3909d75c67cc,91996a9cf747a614ff6d9e08eaafc3583a58b91c,0bc8ac397792a0b665e0e9b1972bf539bd5ab964a296a6dedd8648fcf7741a44,2b2efafb8d7c0cebbd7b392493ecbc0a279f71ee1d4f74197e18d99ecd8c43a7,801c0bf9d69ecdd58b21fb2ba4392137048b466668344ebfc4c8faf6a0d3e2f1,7c8d4f606dc0e46e80d69390a4c1e6e30c3215b09ec2191a2b5fe7195f583a84,cluster_invariant_excursion_event_model_v1,4fc1a02dce9ac2311dabaeb4623a559d37286dfe58baffef53828cc7415a3425,MODEL_FULL_REFIT,not_applicable,not_applicable,not_applicable,-1,-1,not_applicable,not_applicable,True,False,disabled,False,False,False,False,False,False,False
DEVELOPMENT_2024,CIFR,UNAVAILABLE_STRUCTURAL_GAP,2,5592b30b8c4f3909d75c67cc,91996a9cf747a614ff6d9e08eaafc3583a58b91c,0bc8ac397792a0b665e0e9b1972bf539bd5ab964a296a6dedd8648fcf7741a44,2b2efafb8d7c0cebbd7b392493ecbc0a279f71ee1d4f74197e18d99ecd8c43a7,801c0bf9d69ecdd58b21fb2ba4392137048b466668344ebfc4c8faf6a0d3e2f1,7c8d4f606dc0e46e80d69390a4c1e6e30c3215b09ec2191a2b5fe7195f583a84,cluster_invariant_excursion_event_model_v1,4fc1a02dce9ac2311dabaeb4623a559d37286dfe58baffef53828cc7415a3425,MODEL_FULL_REFIT,not_applicable,not_applicable,not_applicable,-1,-1,not_applicable,not_applicable,True,False,disabled,False,False,False,False,False,False,False
DEVELOPMENT_2024,CIFR,UNRESOLVED_AT_HORIZON,302,5592b30b8c4f3909d75c67cc,91996a9cf747a614ff6d9e08eaafc3583a58b91c,0bc8ac397792a0b665e0e9b1972bf539bd5ab964a296a6dedd8648fcf7741a44,2b2efafb8d7c0cebbd7b392493ecbc0a279f71ee1d4f74197e18d99ecd8c43a7,801c0bf9d69ecdd58b21fb2ba4392137048b466668344ebfc4c8faf6a0d3e2f1,7c8d4f606dc0e46e80d69390a4c1e6e30c3215b09ec2191a2b5fe7195f583a84,cluster_invariant_excursion_event_model_v1,4fc1a02dce9ac2311dabaeb4623a559d37286dfe58baffef53828cc7415a3425,MODEL_FULL_REFIT,not_applicable,not_applicable,not_applicable,-1,-1,not_applicable,not_applicable,True,False,disabled,False,False,False,False,False,False,False
DEVELOPMENT_2024,HIMS,CONTINUE_AWAY,1,5592b30b8c4f3909d75c67cc,91996a9cf747a614ff6d9e08eaafc3583a58b91c,0bc8ac397792a0b665e0e9b1972bf539bd5ab964a296a6dedd8648fcf7741a44,2b2efafb8d7c0cebbd7b392493ecbc0a279f71ee1d4f74197e18d99ecd8c43a7,801c0bf9d69ecdd58b21fb2ba4392137048b466668344ebfc4c8faf6a0d3e2f1,7c8d4f606dc0e46e80d69390a4c1e6e30c3215b09ec2191a2b5fe7195f583a84,cluster_invariant_excursion_event_model_v1,4fc1a02dce9ac2311dabaeb4623a559d37286dfe58baffef53828cc7415a3425,MODEL_FULL_REFIT,not_applicable,not_applicable,not_applicable,-1,-1,not_applicable,not_applicable,True,False,disabled,False,False,False,False,False,False,False
DEVELOPMENT_2024,HIMS,ROTATE_TO_NEW_REGION,20,5592b30b8c4f3909d75c67cc,91996a9cf747a614ff6d9e08eaafc3583a58b91c,0bc8ac397792a0b665e0e9b1972bf539bd5ab964a296a6dedd8648fcf7741a44,2b2efafb8d7c0cebbd7b392493ecbc0a279f71ee1d4f74197e18d99ecd8c43a7,801c0bf9d69ecdd58b21fb2ba4392137048b466668344ebfc4c8faf6a0d3e2f1,7c8d4f606dc0e46e80d69390a4c1e6e30c3215b09ec2191a2b5fe7195f583a84,cluster_invariant_excursion_event_model_v1,4fc1a02dce9ac2311dabaeb4623a559d37286dfe58baffef53828cc7415a3425,MODEL_FULL_REFIT,not_applicable,not_applicable,not_applicable,-1,-1,not_applicable,not_applicable,True,False,disabled,False,False,False,False,False,False,False
DEVELOPMENT_2024,HIMS,SESSION_END,140,5592b30b8c4f3909d75c67cc,91996a9cf747a614ff6d9e08eaafc3583a58b91c,0bc8ac397792a0b665e0e9b1972bf539bd5ab964a296a6dedd8648fcf7741a44,2b2efafb8d7c0cebbd7b392493ecbc0a279f71ee1d4f74197e18d99ecd8c43a7,801c0bf9d69ecdd58b21fb2ba4392137048b466668344ebfc4c8faf6a0d3e2f1,7c8d4f606dc0e46e80d69390a4c1e6e30c3215b09ec2191a2b5fe7195f583a84,cluster_invariant_excursion_event_model_v1,4fc1a02dce9ac2311dabaeb4623a559d37286dfe58baffef53828cc7415a3425,MODEL_FULL_REFIT,not_applicable,not_applicable,not_applicable,-1,-1,not_applicable,not_applicable,True,False,disabled,False,False,False,False,False,False,False
DEVELOPMENT_2024,HIMS,UNAVAILABLE_SOURCE,1,5592b30b8c4f3909d75c67cc,91996a9cf747a614ff6d9e08eaafc3583a58b91c,0bc8ac397792a0b665e0e9b1972bf539bd5ab964a296a6dedd8648fcf7741a44,2b2efafb8d7c0cebbd7b392493ecbc0a279f71ee1d4f74197e18d99ecd8c43a7,801c0bf9d69ecdd58b21fb2ba4392137048b466668344ebfc4c8faf6a0d3e2f1,7c8d4f606dc0e46e80d69390a4c1e6e30c3215b09ec2191a2b5fe7195f583a84,cluster_invariant_excursion_event_model_v1,4fc1a02dce9ac2311dabaeb4623a559d37286dfe58baffef53828cc7415a3425,MODEL_FULL_REFIT,not_applicable,not_applicable,not_applicable,-1,-1,not_applicable,not_applicable,True,False,disabled,False,False,False,False,False,False,False
DEVELOPMENT_2024,HIMS,UNAVAILABLE_STRUCTURAL_GAP,4,5592b30b8c4f3909d75c67cc,91996a9cf747a614ff6d9e08eaafc3583a58b91c,0bc8ac397792a0b665e0e9b1972bf539bd5ab964a296a6dedd8648fcf7741a44,2b2efafb8d7c0cebbd7b392493ecbc0a279f71ee1d4f74197e18d99ecd8c43a7,801c0bf9d69ecdd58b21fb2ba4392137048b466668344ebfc4c8faf6a0d3e2f1,7c8d4f606dc0e46e80d69390a4c1e6e30c3215b09ec2191a2b5fe7195f583a84,cluster_invariant_excursion_event_model_v1,4fc1a02dce9ac2311dabaeb4623a559d37286dfe58baffef53828cc7415a3425,MODEL_FULL_REFIT,not_applicable,not_applicable,not_applicable,-1,-1,not_applicable,not_applicable,True,False,disabled,False,False,False,False,False,False,False
DEVELOPMENT_2024,HIMS,UNRESOLVED_AT_HORIZON,305,5592b30b8c4f3909d75c67cc,91996a9cf747a614ff6d9e08eaafc3583a58b91c,0bc8ac397792a0b665e0e9b1972bf539bd5ab964a296a6dedd8648fcf7741a44,2b2efafb8d7c0cebbd7b392493ecbc0a279f71ee1d4f74197e18d99ecd8c43a7,801c0bf9d69ecdd58b21fb2ba4392137048b466668344ebfc4c8faf6a0d3e2f1,7c8d4f606dc0e46e80d69390a4c1e6e30c3215b09ec2191a2b5fe7195f583a84,cluster_invariant_excursion_event_model_v1,4fc1a02dce9ac2311dabaeb4623a559d37286dfe58baffef53828cc7415a3425,MODEL_FULL_REFIT,not_applicable,not_applicable,not_applicable,-1,-1,not_applicable,not_applicable,True,False,disabled,False,False,False,False,False,False,False
DEVELOPMENT_2024,IONQ,ROTATE_TO_NEW_REGION,25,5592b30b8c4f3909d75c67cc,91996a9cf747a614ff6d9e08eaafc3583a58b91c,0bc8ac397792a0b665e0e9b1972bf539bd5ab964a296a6dedd8648fcf7741a44,2b2efafb8d7c0cebbd7b392493ecbc0a279f71ee1d4f74197e18d99ecd8c43a7,801c0bf9d69ecdd58b21fb2ba4392137048b466668344ebfc4c8faf6a0d3e2f1,7c8d4f606dc0e46e80d69390a4c1e6e30c3215b09ec2191a2b5fe7195f583a84,cluster_invariant_excursion_event_model_v1,4fc1a02dce9ac2311dabaeb4623a559d37286dfe58baffef53828cc7415a3425,MODEL_FULL_REFIT,not_applicable,not_applicable,not_applicable,-1,-1,not_applicable,not_applicable,True,False,disabled,False,False,False,False,False,False,False
DEVELOPMENT_2024,IONQ,SESSION_END,120,5592b30b8c4f3909d75c67cc,91996a9cf747a614ff6d9e08eaafc3583a58b91c,0bc8ac397792a0b665e0e9b1972bf539bd5ab964a296a6dedd8648fcf7741a44,2b2efafb8d7c0cebbd7b392493ecbc0a279f71ee1d4f74197e18d99ecd8c43a7,801c0bf9d69ecdd58b21fb2ba4392137048b466668344ebfc4c8faf6a0d3e2f1,7c8d4f606dc0e46e80d69390a4c1e6e30c3215b09ec2191a2b5fe7195f583a84,cluster_invariant_excursion_event_model_v1,4fc1a02dce9ac2311dabaeb4623a559d37286dfe58baffef53828cc7415a3425,MODEL_FULL_REFIT,not_applicable,not_applicable,not_applicable,-1,-1,not_applicable,not_applicable,True,False,disabled,False,False,False,False,False,False,False
DEVELOPMENT_2024,IONQ,UNAVAILABLE_STRUCTURAL_GAP,2,5592b30b8c4f3909d75c67cc,91996a9cf747a614ff6d9e08eaafc3583a58b91c,0bc8ac397792a0b665e0e9b1972bf539bd5ab964a296a6dedd8648fcf7741a44,2b2efafb8d7c0cebbd7b392493ecbc0a279f71ee1d4f74197e18d99ecd8c43a7,801c0bf9d69ecdd58b21fb2ba4392137048b466668344ebfc4c8faf6a0d3e2f1,7c8d4f606dc0e46e80d69390a4c1e6e30c3215b09ec2191a2b5fe7195f583a84,cluster_invariant_excursion_event_model_v1,4fc1a02dce9ac2311dabaeb4623a559d37286dfe58baffef53828cc7415a3425,MODEL_FULL_REFIT,not_applicable,not_applicable,not_applicable,-1,-1,not_applicable,not_applicable,True,False,disabled,False,False,False,False,False,False,False
DEVELOPMENT_2024,IONQ,UNRESOLVED_AT_HORIZON,297,5592b30b8c4f3909d75c67cc,91996a9cf747a614ff6d9e08eaafc3583a58b91c,0bc8ac397792a0b665e0e9b1972bf539bd5ab964a296a6dedd8648fcf7741a44,2b2efafb8d7c0cebbd7b392493ecbc0a279f71ee1d4f74197e18d99ecd8c43a7,801c0bf9d69ecdd58b21fb2ba4392137048b466668344ebfc4c8faf6a0d3e2f1,7c8d4f606dc0e46e80d69390a4c1e6e30c3215b09ec2191a2b5fe7195f583a84,cluster_invariant_excursion_event_model_v1,4fc1a02dce9ac2311dabaeb4623a559d37286dfe58baffef53828cc7415a3425,MODEL_FULL_REFIT,not_applicable,not_applicable,not_applicable,-1,-1,not_applicable,not_applicable,True,False,disabled,False,False,False,False,False,False,False
DEVELOPMENT_2024,IREN,ROTATE_TO_NEW_REGION,12,5592b30b8c4f3909d75c67cc,91996a9cf747a614ff6d9e08eaafc3583a58b91c,0bc8ac397792a0b665e0e9b1972bf539bd5ab964a296a6dedd8648fcf7741a44,2b2efafb8d7c0cebbd7b392493ecbc0a279f71ee1d4f74197e18d99ecd8c43a7,801c0bf9d69ecdd58b21fb2ba4392137048b466668344ebfc4c8faf6a0d3e2f1,7c8d4f606dc0e46e80d69390a4c1e6e30c3215b09ec2191a2b5fe7195f583a84,cluster_invariant_excursion_event_model_v1,4fc1a02dce9ac2311dabaeb4623a559d37286dfe58baffef53828cc7415a3425,MODEL_FULL_REFIT,not_applicable,not_applicable,not_applicable,-1,-1,not_applicable,not_applicable,True,False,disabled,False,False,False,False,False,False,False
DEVELOPMENT_2024,IREN,SESSION_END,132,5592b30b8c4f3909d75c67cc,91996a9cf747a614ff6d9e08eaafc3583a58b91c,0bc8ac397792a0b665e0e9b1972bf539bd5ab964a296a6dedd8648fcf7741a44,2b2efafb8d7c0cebbd7b392493ecbc0a279f71ee1d4f74197e18d99ecd8c43a7,801c0bf9d69ecdd58b21fb2ba4392137048b466668344ebfc4c8faf6a0d3e2f1,7c8d4f606dc0e46e80d69390a4c1e6e30c3215b09ec2191a2b5fe7195f583a84,cluster_invariant_excursion_event_model_v1,4fc1a02dce9ac2311dabaeb4623a559d37286dfe58baffef53828cc7415a3425,MODEL_FULL_REFIT,not_applicable,not_applicable,not_applicable,-1,-1,not_applicable,not_applicable,True,False,disabled,False,False,False,False,False,False,False
DEVELOPMENT_2024,IREN,UNAVAILABLE_SOURCE,2,5592b30b8c4f3909d75c67cc,91996a9cf747a614ff6d9e08eaafc3583a58b91c,0bc8ac397792a0b665e0e9b1972bf539bd5ab964a296a6dedd8648fcf7741a44,2b2efafb8d7c0cebbd7b392493ecbc0a279f71ee1d4f74197e18d99ecd8c43a7,801c0bf9d69ecdd58b21fb2ba4392137048b466668344ebfc4c8faf6a0d3e2f1,7c8d4f606dc0e46e80d69390a4c1e6e30c3215b09ec2191a2b5fe7195f583a84,cluster_invariant_excursion_event_model_v1,4fc1a02dce9ac2311dabaeb4623a559d37286dfe58baffef53828cc7415a3425,MODEL_FULL_REFIT,not_applicable,not_applicable,not_applicable,-1,-1,not_applicable,not_applicable,True,False,disabled,False,False,False,False,False,False,False
DEVELOPMENT_2024,IREN,UNAVAILABLE_STRUCTURAL_GAP,1,5592b30b8c4f3909d75c67cc,91996a9cf747a614ff6d9e08eaafc3583a58b91c,0bc8ac397792a0b665e0e9b1972bf539bd5ab964a296a6dedd8648fcf7741a44,2b2efafb8d7c0cebbd7b392493ecbc0a279f71ee1d4f74197e18d99ecd8c43a7,801c0bf9d69ecdd58b21fb2ba4392137048b466668344ebfc4c8faf6a0d3e2f1,7c8d4f606dc0e46e80d69390a4c1e6e30c3215b09ec2191a2b5fe7195f583a84,cluster_invariant_excursion_event_model_v1,4fc1a02dce9ac2311dabaeb4623a559d37286dfe58baffef53828cc7415a3425,MODEL_FULL_REFIT,not_applicable,not_applicable,not_applicable,-1,-1,not_applicable,not_applicable,True,False,disabled,False,False,False,False,False,False,False
DEVELOPMENT_2024,IREN,UNRESOLVED_AT_HORIZON,278,5592b30b8c4f3909d75c67cc,91996a9cf747a614ff6d9e08eaafc3583a58b91c,0bc8ac397792a0b665e0e9b1972bf539bd5ab964a296a6dedd8648fcf7741a44,2b2efafb8d7c0cebbd7b392493ecbc0a279f71ee1d4f74197e18d99ecd8c43a7,801c0bf9d69ecdd58b21fb2ba4392137048b466668344ebfc4c8faf6a0d3e2f1,7c8d4f606dc0e46e80d69390a4c1e6e30c3215b09ec2191a2b5fe7195f583a84,cluster_invariant_excursion_event_model_v1,4fc1a02dce9ac2311dabaeb4623a559d37286dfe58baffef53828cc7415a3425,MODEL_FULL_REFIT,not_applicable,not_applicable,not_applicable,-1,-1,not_applicable,not_applicable,True,False,disabled,False,False,False,False,False,False,False
DEVELOPMENT_2024,MARA,ROTATE_TO_NEW_REGION,53,5592b30b8c4f3909d75c67cc,91996a9cf747a614ff6d9e08eaafc3583a58b91c,0bc8ac397792a0b665e0e9b1972bf539bd5ab964a296a6dedd8648fcf7741a44,2b2efafb8d7c0cebbd7b392493ecbc0a279f71ee1d4f74197e18d99ecd8c43a7,801c0bf9d69ecdd58b21fb2ba4392137048b466668344ebfc4c8faf6a0d3e2f1,7c8d4f606dc0e46e80d69390a4c1e6e30c3215b09ec2191a2b5fe7195f583a84,cluster_invariant_excursion_event_model_v1,4fc1a02dce9ac2311dabaeb4623a559d37286dfe58baffef53828cc7415a3425,MODEL_FULL_REFIT,not_applicable,not_applicable,not_applicable,-1,-1,not_applicable,not_applicable,True,False,disabled,False,False,False,False,False,False,False
DEVELOPMENT_2024,MARA,SESSION_END,112,5592b30b8c4f3909d75c67cc,91996a9cf747a614ff6d9e08eaafc3583a58b91c,0bc8ac397792a0b665e0e9b1972bf539bd5ab964a296a6dedd8648fcf7741a44,2b2efafb8d7c0cebbd7b392493ecbc0a279f71ee1d4f74197e18d99ecd8c43a7,801c0bf9d69ecdd58b21fb2ba4392137048b466668344ebfc4c8faf6a0d3e2f1,7c8d4f606dc0e46e80d69390a4c1e6e30c3215b09ec2191a2b5fe7195f583a84,cluster_invariant_excursion_event_model_v1,4fc1a02dce9ac2311dabaeb4623a559d37286dfe58baffef53828cc7415a3425,MODEL_FULL_REFIT,not_applicable,not_applicable,not_applicable,-1,-1,not_applicable,not_applicable,True,False,disabled,False,False,False,False,False,False,False
DEVELOPMENT_2024,MARA,UNAVAILABLE_SOURCE,4,5592b30b8c4f3909d75c67cc,91996a9cf747a614ff6d9e08eaafc3583a58b91c,0bc8ac397792a0b665e0e9b1972bf539bd5ab964a296a6dedd8648fcf7741a44,2b2efafb8d7c0cebbd7b392493ecbc0a279f71ee1d4f74197e18d99ecd8c43a7,801c0bf9d69ecdd58b21fb2ba4392137048b466668344ebfc4c8faf6a0d3e2f1,7c8d4f606dc0e46e80d69390a4c1e6e30c3215b09ec2191a2b5fe7195f583a84,cluster_invariant_excursion_event_model_v1,4fc1a02dce9ac2311dabaeb4623a559d37286dfe58baffef53828cc7415a3425,MODEL_FULL_REFIT,not_applicable,not_applicable,not_applicable,-1,-1,not_applicable,not_applicable,True,False,disabled,False,False,False,False,False,False,False
DEVELOPMENT_2024,MARA,UNAVAILABLE_STRUCTURAL_GAP,1,5592b30b8c4f3909d75c67cc,91996a9cf747a614ff6d9e08eaafc3583a58b91c,0bc8ac397792a0b665e0e9b1972bf539bd5ab964a296a6dedd8648fcf7741a44,2b2efafb8d7c0cebbd7b392493ecbc0a279f71ee1d4f74197e18d99ecd8c43a7,801c0bf9d69ecdd58b21fb2ba4392137048b466668344ebfc4c8faf6a0d3e2f1,7c8d4f606dc0e46e80d69390a4c1e6e30c3215b09ec2191a2b5fe7195f583a84,cluster_invariant_excursion_event_model_v1,4fc1a02dce9ac2311dabaeb4623a559d37286dfe58baffef53828cc7415a3425,MODEL_FULL_REFIT,not_applicable,not_applicable,not_applicable,-1,-1,not_applicable,not_applicable,True,False,disabled,False,False,False,False,False,False,False
DEVELOPMENT_2024,MARA,UNRESOLVED_AT_HORIZON,220,5592b30b8c4f3909d75c67cc,91996a9cf747a614ff6d9e08eaafc3583a58b91c,0bc8ac397792a0b665e0e9b1972bf539bd5ab964a296a6dedd8648fcf7741a44,2b2efafb8d7c0cebbd7b392493ecbc0a279f71ee1d4f74197e18d99ecd8c43a7,801c0bf9d69ecdd58b21fb2ba4392137048b466668344ebfc4c8faf6a0d3e2f1,7c8d4f606dc0e46e80d69390a4c1e6e30c3215b09ec2191a2b5fe7195f583a84,cluster_invariant_excursion_event_model_v1,4fc1a02dce9ac2311dabaeb4623a559d37286dfe58baffef53828cc7415a3425,MODEL_FULL_REFIT,not_applicable,not_applicable,not_applicable,-1,-1,not_applicable,not_applicable,True,False,disabled,False,False,False,False,False,False,False
DEVELOPMENT_2024,MP,ROTATE_TO_NEW_REGION,19,5592b30b8c4f3909d75c67cc,91996a9cf747a614ff6d9e08eaafc3583a58b91c,0bc8ac397792a0b665e0e9b1972bf539bd5ab964a296a6dedd8648fcf7741a44,2b2efafb8d7c0cebbd7b392493ecbc0a279f71ee1d4f74197e18d99ecd8c43a7,801c0bf9d69ecdd58b21fb2ba4392137048b466668344ebfc4c8faf6a0d3e2f1,7c8d4f606dc0e46e80d69390a4c1e6e30c3215b09ec2191a2b5fe7195f583a84,cluster_invariant_excursion_event_model_v1,4fc1a02dce9ac2311dabaeb4623a559d37286dfe58baffef53828cc7415a3425,MODEL_FULL_REFIT,not_applicable,not_applicable,not_applicable,-1,-1,not_applicable,not_applicable,True,False,disabled,False,False,False,False,False,False,False
DEVELOPMENT_2024,MP,SESSION_END,120,5592b30b8c4f3909d75c67cc,91996a9cf747a614ff6d9e08eaafc3583a58b91c,0bc8ac397792a0b665e0e9b1972bf539bd5ab964a296a6dedd8648fcf7741a44,2b2efafb8d7c0cebbd7b392493ecbc0a279f71ee1d4f74197e18d99ecd8c43a7,801c0bf9d69ecdd58b21fb2ba4392137048b466668344ebfc4c8faf6a0d3e2f1,7c8d4f606dc0e46e80d69390a4c1e6e30c3215b09ec2191a2b5fe7195f583a84,cluster_invariant_excursion_event_model_v1,4fc1a02dce9ac2311dabaeb4623a559d37286dfe58baffef53828cc7415a3425,MODEL_FULL_REFIT,not_applicable,not_applicable,not_applicable,-1,-1,not_applicable,not_applicable,True,False,disabled,False,False,False,False,False,False,False
DEVELOPMENT_2024,MP,UNAVAILABLE_SOURCE,1,5592b30b8c4f3909d75c67cc,91996a9cf747a614ff6d9e08eaafc3583a58b91c,0bc8ac397792a0b665e0e9b1972bf539bd5ab964a296a6dedd8648fcf7741a44,2b2efafb8d7c0cebbd7b392493ecbc0a279f71ee1d4f74197e18d99ecd8c43a7,801c0bf9d69ecdd58b21fb2ba4392137048b466668344ebfc4c8faf6a0d3e2f1,7c8d4f606dc0e46e80d69390a4c1e6e30c3215b09ec2191a2b5fe7195f583a84,cluster_invariant_excursion_event_model_v1,4fc1a02dce9ac2311dabaeb4623a559d37286dfe58baffef53828cc7415a3425,MODEL_FULL_REFIT,not_applicable,not_applicable,not_applicable,-1,-1,not_applicable,not_applicable,True,False,disabled,False,False,False,False,False,False,False
DEVELOPMENT_2024,MP,UNAVAILABLE_STRUCTURAL_GAP,2,5592b30b8c4f3909d75c67cc,91996a9cf747a614ff6d9e08eaafc3583a58b91c,0bc8ac397792a0b665e0e9b1972bf539bd5ab964a296a6dedd8648fcf7741a44,2b2efafb8d7c0cebbd7b392493ecbc0a279f71ee1d4f74197e18d99ecd8c43a7,801c0bf9d69ecdd58b21fb2ba4392137048b466668344ebfc4c8faf6a0d3e2f1,7c8d4f606dc0e46e80d69390a4c1e6e30c3215b09ec2191a2b5fe7195f583a84,cluster_invariant_excursion_event_model_v1,4fc1a02dce9ac2311dabaeb4623a559d37286dfe58baffef53828cc7415a3425,MODEL_FULL_REFIT,not_applicable,not_applicable,not_applicable,-1,-1,not_applicable,not_applicable,True,False,disabled,False,False,False,False,False,False,False
DEVELOPMENT_2024,MP,UNRESOLVED_AT_HORIZON,308,5592b30b8c4f3909d75c67cc,91996a9cf747a614ff6d9e08eaafc3583a58b91c,0bc8ac397792a0b665e0e9b1972bf539bd5ab964a296a6dedd8648fcf7741a44,2b2efafb8d7c0cebbd7b392493ecbc0a279f71ee1d4f74197e18d99ecd8c43a7,801c0bf9d69ecdd58b21fb2ba4392137048b466668344ebfc4c8faf6a0d3e2f1,7c8d4f606dc0e46e80d69390a4c1e6e30c3215b09ec2191a2b5fe7195f583a84,cluster_invariant_excursion_event_model_v1,4fc1a02dce9ac2311dabaeb4623a559d37286dfe58baffef53828cc7415a3425,MODEL_FULL_REFIT,not_applicable,not_applicable,not_applicable,-1,-1,not_applicable,not_applicable,True,False,disabled,False,False,False,False,False,False,False
DEVELOPMENT_2024,MRNA,CONTINUE_AWAY,1,5592b30b8c4f3909d75c67cc,91996a9cf747a614ff6d9e08eaafc3583a58b91c,0bc8ac397792a0b665e0e9b1972bf539bd5ab964a296a6dedd8648fcf7741a44,2b2efafb8d7c0cebbd7b392493ecbc0a279f71ee1d4f74197e18d99ecd8c43a7,801c0bf9d69ecdd58b21fb2ba4392137048b466668344ebfc4c8faf6a0d3e2f1,7c8d4f606dc0e46e80d69390a4c1e6e30c3215b09ec2191a2b5fe7195f583a84,cluster_invariant_excursion_event_model_v1,4fc1a02dce9ac2311dabaeb4623a559d37286dfe58baffef53828cc7415a3425,MODEL_FULL_REFIT,not_applicable,not_applicable,not_applicable,-1,-1,not_applicable,not_applicable,True,False,disabled,False,False,False,False,False,False,False
DEVELOPMENT_2024,MRNA,ROTATE_TO_NEW_REGION,20,5592b30b8c4f3909d75c67cc,91996a9cf747a614ff6d9e08eaafc3583a58b91c,0bc8ac397792a0b665e0e9b1972bf539bd5ab964a296a6dedd8648fcf7741a44,2b2efafb8d7c0cebbd7b392493ecbc0a279f71ee1d4f74197e18d99ecd8c43a7,801c0bf9d69ecdd58b21fb2ba4392137048b466668344ebfc4c8faf6a0d3e2f1,7c8d4f606dc0e46e80d69390a4c1e6e30c3215b09ec2191a2b5fe7195f583a84,cluster_invariant_excursion_event_model_v1,4fc1a02dce9ac2311dabaeb4623a559d37286dfe58baffef53828cc7415a3425,MODEL_FULL_REFIT,not_applicable,not_applicable,not_applicable,-1,-1,not_applicable,not_applicable,True,False,disabled,False,False,False,False,False,False,False
DEVELOPMENT_2024,MRNA,SESSION_END,123,5592b30b8c4f3909d75c67cc,91996a9cf747a614ff6d9e08eaafc3583a58b91c,0bc8ac397792a0b665e0e9b1972bf539bd5ab964a296a6dedd8648fcf7741a44,2b2efafb8d7c0cebbd7b392493ecbc0a279f71ee1d4f74197e18d99ecd8c43a7,801c0bf9d69ecdd58b21fb2ba4392137048b466668344ebfc4c8faf6a0d3e2f1,7c8d4f606dc0e46e80d69390a4c1e6e30c3215b09ec2191a2b5fe7195f583a84,cluster_invariant_excursion_event_model_v1,4fc1a02dce9ac2311dabaeb4623a559d37286dfe58baffef53828cc7415a3425,MODEL_FULL_REFIT,not_applicable,not_applicable,not_applicable,-1,-1,not_applicable,not_applicable,True,False,disabled,False,False,False,False,False,False,False
DEVELOPMENT_2024,MRNA,UNAVAILABLE_SOURCE,5,5592b30b8c4f3909d75c67cc,91996a9cf747a614ff6d9e08eaafc3583a58b91c,0bc8ac397792a0b665e0e9b1972bf539bd5ab964a296a6dedd8648fcf7741a44,2b2efafb8d7c0cebbd7b392493ecbc0a279f71ee1d4f74197e18d99ecd8c43a7,801c0bf9d69ecdd58b21fb2ba4392137048b466668344ebfc4c8faf6a0d3e2f1,7c8d4f606dc0e46e80d69390a4c1e6e30c3215b09ec2191a2b5fe7195f583a84,cluster_invariant_excursion_event_model_v1,4fc1a02dce9ac2311dabaeb4623a559d37286dfe58baffef53828cc7415a3425,MODEL_FULL_REFIT,not_applicable,not_applicable,not_applicable,-1,-1,not_applicable,not_applicable,True,False,disabled,False,False,False,False,False,False,False
DEVELOPMENT_2024,MRNA,UNAVAILABLE_STRUCTURAL_GAP,2,5592b30b8c4f3909d75c67cc,91996a9cf747a614ff6d9e08eaafc3583a58b91c,0bc8ac397792a0b665e0e9b1972bf539bd5ab964a296a6dedd8648fcf7741a44,2b2efafb8d7c0cebbd7b392493ecbc0a279f71ee1d4f74197e18d99ecd8c43a7,801c0bf9d69ecdd58b21fb2ba4392137048b466668344ebfc4c8faf6a0d3e2f1,7c8d4f606dc0e46e80d69390a4c1e6e30c3215b09ec2191a2b5fe7195f583a84,cluster_invariant_excursion_event_model_v1,4fc1a02dce9ac2311dabaeb4623a559d37286dfe58baffef53828cc7415a3425,MODEL_FULL_REFIT,not_applicable,not_applicable,not_applicable,-1,-1,not_applicable,not_applicable,True,False,disabled,False,False,False,False,False,False,False
DEVELOPMENT_2024,MRNA,UNRESOLVED_AT_HORIZON,297,5592b30b8c4f3909d75c67cc,91996a9cf747a614ff6d9e08eaafc3583a58b91c,0bc8ac397792a0b665e0e9b1972bf539bd5ab964a296a6dedd8648fcf7741a44,2b2efafb8d7c0cebbd7b392493ecbc0a279f71ee1d4f74197e18d99ecd8c43a7,801c0bf9d69ecdd58b21fb2ba4392137048b466668344ebfc4c8faf6a0d3e2f1,7c8d4f606dc0e46e80d69390a4c1e6e30c3215b09ec2191a2b5fe7195f583a84,cluster_invariant_excursion_event_model_v1,4fc1a02dce9ac2311dabaeb4623a559d37286dfe58baffef53828cc7415a3425,MODEL_FULL_REFIT,not_applicable,not_applicable,not_applicable,-1,-1,not_applicable,not_applicable,True,False,disabled,False,False,False,False,False,False,False
DEVELOPMENT_2024,MSTR,ROTATE_TO_NEW_REGION,29,5592b30b8c4f3909d75c67cc,91996a9cf747a614ff6d9e08eaafc3583a58b91c,0bc8ac397792a0b665e0e9b1972bf539bd5ab964a296a6dedd8648fcf7741a44,2b2efafb8d7c0cebbd7b392493ecbc0a279f71ee1d4f74197e18d99ecd8c43a7,801c0bf9d69ecdd58b21fb2ba4392137048b466668344ebfc4c8faf6a0d3e2f1,7c8d4f606dc0e46e80d69390a4c1e6e30c3215b09ec2191a2b5fe7195f583a84,cluster_invariant_excursion_event_model_v1,4fc1a02dce9ac2311dabaeb4623a559d37286dfe58baffef53828cc7415a3425,MODEL_FULL_REFIT,not_applicable,not_applicable,not_applicable,-1,-1,not_applicable,not_applicable,True,False,disabled,False,False,False,False,False,False,False
DEVELOPMENT_2024,MSTR,SESSION_END,125,5592b30b8c4f3909d75c67cc,91996a9cf747a614ff6d9e08eaafc3583a58b91c,0bc8ac397792a0b665e0e9b1972bf539bd5ab964a296a6dedd8648fcf7741a44,2b2efafb8d7c0cebbd7b392493ecbc0a279f71ee1d4f74197e18d99ecd8c43a7,801c0bf9d69ecdd58b21fb2ba4392137048b466668344ebfc4c8faf6a0d3e2f1,7c8d4f606dc0e46e80d69390a4c1e6e30c3215b09ec2191a2b5fe7195f583a84,cluster_invariant_excursion_event_model_v1,4fc1a02dce9ac2311dabaeb4623a559d37286dfe58baffef53828cc7415a3425,MODEL_FULL_REFIT,not_applicable,not_applicable,not_applicable,-1,-1,not_applicable,not_applicable,True,False,disabled,False,False,False,False,False,False,False
DEVELOPMENT_2024,MSTR,UNAVAILABLE_SOURCE,5,5592b30b8c4f3909d75c67cc,91996a9cf747a614ff6d9e08eaafc3583a58b91c,0bc8ac397792a0b665e0e9b1972bf539bd5ab964a296a6dedd8648fcf7741a44,2b2efafb8d7c0cebbd7b392493ecbc0a279f71ee1d4f74197e18d99ecd8c43a7,801c0bf9d69ecdd58b21fb2ba4392137048b466668344ebfc4c8faf6a0d3e2f1,7c8d4f606dc0e46e80d69390a4c1e6e30c3215b09ec2191a2b5fe7195f583a84,cluster_invariant_excursion_event_model_v1,4fc1a02dce9ac2311dabaeb4623a559d37286dfe58baffef53828cc7415a3425,MODEL_FULL_REFIT,not_applicable,not_applicable,not_applicable,-1,-1,not_applicable,not_applicable,True,False,disabled,False,False,False,False,False,False,False
DEVELOPMENT_2024,MSTR,UNAVAILABLE_STRUCTURAL_GAP,3,5592b30b8c4f3909d75c67cc,91996a9cf747a614ff6d9e08eaafc3583a58b91c,0bc8ac397792a0b665e0e9b1972bf539bd5ab964a296a6dedd8648fcf7741a44,2b2efafb8d7c0cebbd7b392493ecbc0a279f71ee1d4f74197e18d99ecd8c43a7,801c0bf9d69ecdd58b21fb2ba4392137048b466668344ebfc4c8faf6a0d3e2f1,7c8d4f606dc0e46e80d69390a4c1e6e30c3215b09ec2191a2b5fe7195f583a84,cluster_invariant_excursion_event_model_v1,4fc1a02dce9ac2311dabaeb4623a559d37286dfe58baffef53828cc7415a3425,MODEL_FULL_REFIT,not_applicable,not_applicable,not_applicable,-1,-1,not_applicable,not_applicable,True,False,disabled,False,False,False,False,False,False,False
DEVELOPMENT_2024,MSTR,UNRESOLVED_AT_HORIZON,258,5592b30b8c4f3909d75c67cc,91996a9cf747a614ff6d9e08eaafc3583a58b91c,0bc8ac397792a0b665e0e9b1972bf539bd5ab964a296a6dedd8648fcf7741a44,2b2efafb8d7c0cebbd7b392493ecbc0a279f71ee1d4f74197e18d99ecd8c43a7,801c0bf9d69ecdd58b21fb2ba4392137048b466668344ebfc4c8faf6a0d3e2f1,7c8d4f606dc0e46e80d69390a4c1e6e30c3215b09ec2191a2b5fe7195f583a84,cluster_invariant_excursion_event_model_v1,4fc1a02dce9ac2311dabaeb4623a559d37286dfe58baffef53828cc7415a3425,MODEL_FULL_REFIT,not_applicable,not_applicable,not_applicable,-1,-1,not_applicable,not_applicable,True,False,disabled,False,False,False,False,False,False,False
DEVELOPMENT_2024,NVTS,ROTATE_TO_NEW_REGION,7,5592b30b8c4f3909d75c67cc,91996a9cf747a614ff6d9e08eaafc3583a58b91c,0bc8ac397792a0b665e0e9b1972bf539bd5ab964a296a6dedd8648fcf7741a44,2b2efafb8d7c0cebbd7b392493ecbc0a279f71ee1d4f74197e18d99ecd8c43a7,801c0bf9d69ecdd58b21fb2ba4392137048b466668344ebfc4c8faf6a0d3e2f1,7c8d4f606dc0e46e80d69390a4c1e6e30c3215b09ec2191a2b5fe7195f583a84,cluster_invariant_excursion_event_model_v1,4fc1a02dce9ac2311dabaeb4623a559d37286dfe58baffef53828cc7415a3425,MODEL_FULL_REFIT,not_applicable,not_applicable,not_applicable,-1,-1,not_applicable,not_applicable,True,False,disabled,False,False,False,False,False,False,False
DEVELOPMENT_2024,NVTS,SESSION_END,145,5592b30b8c4f3909d75c67cc,91996a9cf747a614ff6d9e08eaafc3583a58b91c,0bc8ac397792a0b665e0e9b1972bf539bd5ab964a296a6dedd8648fcf7741a44,2b2efafb8d7c0cebbd7b392493ecbc0a279f71ee1d4f74197e18d99ecd8c43a7,801c0bf9d69ecdd58b21fb2ba4392137048b466668344ebfc4c8faf6a0d3e2f1,7c8d4f606dc0e46e80d69390a4c1e6e30c3215b09ec2191a2b5fe7195f583a84,cluster_invariant_excursion_event_model_v1,4fc1a02dce9ac2311dabaeb4623a559d37286dfe58baffef53828cc7415a3425,MODEL_FULL_REFIT,not_applicable,not_applicable,not_applicable,-1,-1,not_applicable,not_applicable,True,False,disabled,False,False,False,False,False,False,False
DEVELOPMENT_2024,NVTS,UNAVAILABLE_SOURCE,7,5592b30b8c4f3909d75c67cc,91996a9cf747a614ff6d9e08eaafc3583a58b91c,0bc8ac397792a0b665e0e9b1972bf539bd5ab964a296a6dedd8648fcf7741a44,2b2efafb8d7c0cebbd7b392493ecbc0a279f71ee1d4f74197e18d99ecd8c43a7,801c0bf9d69ecdd58b21fb2ba4392137048b466668344ebfc4c8faf6a0d3e2f1,7c8d4f606dc0e46e80d69390a4c1e6e30c3215b09ec2191a2b5fe7195f583a84,cluster_invariant_excursion_event_model_v1,4fc1a02dce9ac2311dabaeb4623a559d37286dfe58baffef53828cc7415a3425,MODEL_FULL_REFIT,not_applicable,not_applicable,not_applicable,-1,-1,not_applicable,not_applicable,True,False,disabled,False,False,False,False,False,False,False
DEVELOPMENT_2024,NVTS,UNAVAILABLE_STRUCTURAL_GAP,1,5592b30b8c4f3909d75c67cc,91996a9cf747a614ff6d9e08eaafc3583a58b91c,0bc8ac397792a0b665e0e9b1972bf539bd5ab964a296a6dedd8648fcf7741a44,2b2efafb8d7c0cebbd7b392493ecbc0a279f71ee1d4f74197e18d99ecd8c43a7,801c0bf9d69ecdd58b21fb2ba4392137048b466668344ebfc4c8faf6a0d3e2f1,7c8d4f606dc0e46e80d69390a4c1e6e30c3215b09ec2191a2b5fe7195f583a84,cluster_invariant_excursion_event_model_v1,4fc1a02dce9ac2311dabaeb4623a559d37286dfe58baffef53828cc7415a3425,MODEL_FULL_REFIT,not_applicable,not_applicable,not_applicable,-1,-1,not_applicable,not_applicable,True,False,disabled,False,False,False,False,False,False,False
DEVELOPMENT_2024,NVTS,UNRESOLVED_AT_HORIZON,322,5592b30b8c4f3909d75c67cc,91996a9cf747a614ff6d9e08eaafc3583a58b91c,0bc8ac397792a0b665e0e9b1972bf539bd5ab964a296a6dedd8648fcf7741a44,2b2efafb8d7c0cebbd7b392493ecbc0a279f71ee1d4f74197e18d99ecd8c43a7,801c0bf9d69ecdd58b21fb2ba4392137048b466668344ebfc4c8faf6a0d3e2f1,7c8d4f606dc0e46e80d69390a4c1e6e30c3215b09ec2191a2b5fe7195f583a84,cluster_invariant_excursion_event_model_v1,4fc1a02dce9ac2311dabaeb4623a559d37286dfe58baffef53828cc7415a3425,MODEL_FULL_REFIT,not_applicable,not_applicable,not_applicable,-1,-1,not_applicable,not_applicable,True,False,disabled,False,False,False,False,False,False,False
DEVELOPMENT_2024,OKLO,ROTATE_TO_NEW_REGION,7,5592b30b8c4f3909d75c67cc,91996a9cf747a614ff6d9e08eaafc3583a58b91c,0bc8ac397792a0b665e0e9b1972bf539bd5ab964a296a6dedd8648fcf7741a44,2b2efafb8d7c0cebbd7b392493ecbc0a279f71ee1d4f74197e18d99ecd8c43a7,801c0bf9d69ecdd58b21fb2ba4392137048b466668344ebfc4c8faf6a0d3e2f1,7c8d4f606dc0e46e80d69390a4c1e6e30c3215b09ec2191a2b5fe7195f583a84,cluster_invariant_excursion_event_model_v1,4fc1a02dce9ac2311dabaeb4623a559d37286dfe58baffef53828cc7415a3425,MODEL_FULL_REFIT,not_applicable,not_applicable,not_applicable,-1,-1,not_applicable,not_applicable,True,False,disabled,False,False,False,False,False,False,False
DEVELOPMENT_2024,OKLO,SESSION_END,102,5592b30b8c4f3909d75c67cc,91996a9cf747a614ff6d9e08eaafc3583a58b91c,0bc8ac397792a0b665e0e9b1972bf539bd5ab964a296a6dedd8648fcf7741a44,2b2efafb8d7c0cebbd7b392493ecbc0a279f71ee1d4f74197e18d99ecd8c43a7,801c0bf9d69ecdd58b21fb2ba4392137048b466668344ebfc4c8faf6a0d3e2f1,7c8d4f606dc0e46e80d69390a4c1e6e30c3215b09ec2191a2b5fe7195f583a84,cluster_invariant_excursion_event_model_v1,4fc1a02dce9ac2311dabaeb4623a559d37286dfe58baffef53828cc7415a3425,MODEL_FULL_REFIT,not_applicable,not_applicable,not_applicable,-1,-1,not_applicable,not_applicable,True,False,disabled,False,False,False,False,False,False,False
DEVELOPMENT_2024,OKLO,UNAVAILABLE_SOURCE,4,5592b30b8c4f3909d75c67cc,91996a9cf747a614ff6d9e08eaafc3583a58b91c,0bc8ac397792a0b665e0e9b1972bf539bd5ab964a296a6dedd8648fcf7741a44,2b2efafb8d7c0cebbd7b392493ecbc0a279f71ee1d4f74197e18d99ecd8c43a7,801c0bf9d69ecdd58b21fb2ba4392137048b466668344ebfc4c8faf6a0d3e2f1,7c8d4f606dc0e46e80d69390a4c1e6e30c3215b09ec2191a2b5fe7195f583a84,cluster_invariant_excursion_event_model_v1,4fc1a02dce9ac2311dabaeb4623a559d37286dfe58baffef53828cc7415a3425,MODEL_FULL_REFIT,not_applicable,not_applicable,not_applicable,-1,-1,not_applicable,not_applicable,True,False,disabled,False,False,False,False,False,False,False
DEVELOPMENT_2024,OKLO,UNAVAILABLE_STRUCTURAL_GAP,5,5592b30b8c4f3909d75c67cc,91996a9cf747a614ff6d9e08eaafc3583a58b91c,0bc8ac397792a0b665e0e9b1972bf539bd5ab964a296a6dedd8648fcf7741a44,2b2efafb8d7c0cebbd7b392493ecbc0a279f71ee1d4f74197e18d99ecd8c43a7,801c0bf9d69ecdd58b21fb2ba4392137048b466668344ebfc4c8faf6a0d3e2f1,7c8d4f606dc0e46e80d69390a4c1e6e30c3215b09ec2191a2b5fe7195f583a84,cluster_invariant_excursion_event_model_v1,4fc1a02dce9ac2311dabaeb4623a559d37286dfe58baffef53828cc7415a3425,MODEL_FULL_REFIT,not_applicable,not_applicable,not_applicable,-1,-1,not_applicable,not_applicable,True,False,disabled,False,False,False,False,False,False,False
DEVELOPMENT_2024,OKLO,UNRESOLVED_AT_HORIZON,250,5592b30b8c4f3909d75c67cc,91996a9cf747a614ff6d9e08eaafc3583a58b91c,0bc8ac397792a0b665e0e9b1972bf539bd5ab964a296a6dedd8648fcf7741a44,2b2efafb8d7c0cebbd7b392493ecbc0a279f71ee1d4f74197e18d99ecd8c43a7,801c0bf9d69ecdd58b21fb2ba4392137048b466668344ebfc4c8faf6a0d3e2f1,7c8d4f606dc0e46e80d69390a4c1e6e30c3215b09ec2191a2b5fe7195f583a84,cluster_invariant_excursion_event_model_v1,4fc1a02dce9ac2311dabaeb4623a559d37286dfe58baffef53828cc7415a3425,MODEL_FULL_REFIT,not_applicable,not_applicable,not_applicable,-1,-1,not_applicable,not_applicable,True,False,disabled,False,False,False,False,False,False,False
DEVELOPMENT_2024,QBTS,CONTINUE_AWAY,2,5592b30b8c4f3909d75c67cc,91996a9cf747a614ff6d9e08eaafc3583a58b91c,0bc8ac397792a0b665e0e9b1972bf539bd5ab964a296a6dedd8648fcf7741a44,2b2efafb8d7c0cebbd7b392493ecbc0a279f71ee1d4f74197e18d99ecd8c43a7,801c0bf9d69ecdd58b21fb2ba4392137048b466668344ebfc4c8faf6a0d3e2f1,7c8d4f606dc0e46e80d69390a4c1e6e30c3215b09ec2191a2b5fe7195f583a84,cluster_invariant_excursion_event_model_v1,4fc1a02dce9ac2311dabaeb4623a559d37286dfe58baffef53828cc7415a3425,MODEL_FULL_REFIT,not_applicable,not_applicable,not_applicable,-1,-1,not_applicable,not_applicable,True,False,disabled,False,False,False,False,False,False,False
DEVELOPMENT_2024,QBTS,PARTIAL_RETURN,2,5592b30b8c4f3909d75c67cc,91996a9cf747a614ff6d9e08eaafc3583a58b91c,0bc8ac397792a0b665e0e9b1972bf539bd5ab964a296a6dedd8648fcf7741a44,2b2efafb8d7c0cebbd7b392493ecbc0a279f71ee1d4f74197e18d99ecd8c43a7,801c0bf9d69ecdd58b21fb2ba4392137048b466668344ebfc4c8faf6a0d3e2f1,7c8d4f606dc0e46e80d69390a4c1e6e30c3215b09ec2191a2b5fe7195f583a84,cluster_invariant_excursion_event_model_v1,4fc1a02dce9ac2311dabaeb4623a559d37286dfe58baffef53828cc7415a3425,MODEL_FULL_REFIT,not_applicable,not_applicable,not_applicable,-1,-1,not_applicable,not_applicable,True,False,disabled,False,False,False,False,False,False,False
DEVELOPMENT_2024,QBTS,RETURN_TO_ORIGIN,1,5592b30b8c4f3909d75c67cc,91996a9cf747a614ff6d9e08eaafc3583a58b91c,0bc8ac397792a0b665e0e9b1972bf539bd5ab964a296a6dedd8648fcf7741a44,2b2efafb8d7c0cebbd7b392493ecbc0a279f71ee1d4f74197e18d99ecd8c43a7,801c0bf9d69ecdd58b21fb2ba4392137048b466668344ebfc4c8faf6a0d3e2f1,7c8d4f606dc0e46e80d69390a4c1e6e30c3215b09ec2191a2b5fe7195f583a84,cluster_invariant_excursion_event_model_v1,4fc1a02dce9ac2311dabaeb4623a559d37286dfe58baffef53828cc7415a3425,MODEL_FULL_REFIT,not_applicable,not_applicable,not_applicable,-1,-1,not_applicable,not_applicable,True,False,disabled,False,False,False,False,False,False,False
DEVELOPMENT_2024,QBTS,ROTATE_TO_NEW_REGION,4,5592b30b8c4f3909d75c67cc,91996a9cf747a614ff6d9e08eaafc3583a58b91c,0bc8ac397792a0b665e0e9b1972bf539bd5ab964a296a6dedd8648fcf7741a44,2b2efafb8d7c0cebbd7b392493ecbc0a279f71ee1d4f74197e18d99ecd8c43a7,801c0bf9d69ecdd58b21fb2ba4392137048b466668344ebfc4c8faf6a0d3e2f1,7c8d4f606dc0e46e80d69390a4c1e6e30c3215b09ec2191a2b5fe7195f583a84,cluster_invariant_excursion_event_model_v1,4fc1a02dce9ac2311dabaeb4623a559d37286dfe58baffef53828cc7415a3425,MODEL_FULL_REFIT,not_applicable,not_applicable,not_applicable,-1,-1,not_applicable,not_applicable,True,False,disabled,False,False,False,False,False,False,False
DEVELOPMENT_2024,QBTS,SESSION_END,163,5592b30b8c4f3909d75c67cc,91996a9cf747a614ff6d9e08eaafc3583a58b91c,0bc8ac397792a0b665e0e9b1972bf539bd5ab964a296a6dedd8648fcf7741a44,2b2efafb8d7c0cebbd7b392493ecbc0a279f71ee1d4f74197e18d99ecd8c43a7,801c0bf9d69ecdd58b21fb2ba4392137048b466668344ebfc4c8faf6a0d3e2f1,7c8d4f606dc0e46e80d69390a4c1e6e30c3215b09ec2191a2b5fe7195f583a84,cluster_invariant_excursion_event_model_v1,4fc1a02dce9ac2311dabaeb4623a559d37286dfe58baffef53828cc7415a3425,MODEL_FULL_REFIT,not_applicable,not_applicable,not_applicable,-1,-1,not_applicable,not_applicable,True,False,disabled,False,False,False,False,False,False,False
DEVELOPMENT_2024,QBTS,UNAVAILABLE_SOURCE,7,5592b30b8c4f3909d75c67cc,91996a9cf747a614ff6d9e08eaafc3583a58b91c,0bc8ac397792a0b665e0e9b1972bf539bd5ab964a296a6dedd8648fcf7741a44,2b2efafb8d7c0cebbd7b392493ecbc0a279f71ee1d4f74197e18d99ecd8c43a7,801c0bf9d69ecdd58b21fb2ba4392137048b466668344ebfc4c8faf6a0d3e2f1,7c8d4f606dc0e46e80d69390a4c1e6e30c3215b09ec2191a2b5fe7195f583a84,cluster_invariant_excursion_event_model_v1,4fc1a02dce9ac2311dabaeb4623a559d37286dfe58baffef53828cc7415a3425,MODEL_FULL_REFIT,not_applicable,not_applicable,not_applicable,-1,-1,not_applicable,not_applicable,True,False,disabled,False,False,False,False,False,False,False
DEVELOPMENT_2024,QBTS,UNAVAILABLE_STRUCTURAL_GAP,8,5592b30b8c4f3909d75c67cc,91996a9cf747a614ff6d9e08eaafc3583a58b91c,0bc8ac397792a0b665e0e9b1972bf539bd5ab964a296a6dedd8648fcf7741a44,2b2efafb8d7c0cebbd7b392493ecbc0a279f71ee1d4f74197e18d99ecd8c43a7,801c0bf9d69ecdd58b21fb2ba4392137048b466668344ebfc4c8faf6a0d3e2f1,7c8d4f606dc0e46e80d69390a4c1e6e30c3215b09ec2191a2b5fe7195f583a84,cluster_invariant_excursion_event_model_v1,4fc1a02dce9ac2311dabaeb4623a559d37286dfe58baffef53828cc7415a3425,MODEL_FULL_REFIT,not_applicable,not_applicable,not_applicable,-1,-1,not_applicable,not_applicable,True,False,disabled,False,False,False,False,False,False,False
DEVELOPMENT_2024,QBTS,UNRESOLVED_AT_HORIZON,326,5592b30b8c4f3909d75c67cc,91996a9cf747a614ff6d9e08eaafc3583a58b91c,0bc8ac397792a0b665e0e9b1972bf539bd5ab964a296a6dedd8648fcf7741a44,2b2efafb8d7c0cebbd7b392493ecbc0a279f71ee1d4f74197e18d99ecd8c43a7,801c0bf9d69ecdd58b21fb2ba4392137048b466668344ebfc4c8faf6a0d3e2f1,7c8d4f606dc0e46e80d69390a4c1e6e30c3215b09ec2191a2b5fe7195f583a84,cluster_invariant_excursion_event_model_v1,4fc1a02dce9ac2311dabaeb4623a559d37286dfe58baffef53828cc7415a3425,MODEL_FULL_REFIT,not_applicable,not_applicable,not_applicable,-1,-1,not_applicable,not_applicable,True,False,disabled,False,False,False,False,False,False,False
DEVELOPMENT_2024,RGTI,CONTINUE_AWAY,5,5592b30b8c4f3909d75c67cc,91996a9cf747a614ff6d9e08eaafc3583a58b91c,0bc8ac397792a0b665e0e9b1972bf539bd5ab964a296a6dedd8648fcf7741a44,2b2efafb8d7c0cebbd7b392493ecbc0a279f71ee1d4f74197e18d99ecd8c43a7,801c0bf9d69ecdd58b21fb2ba4392137048b466668344ebfc4c8faf6a0d3e2f1,7c8d4f606dc0e46e80d69390a4c1e6e30c3215b09ec2191a2b5fe7195f583a84,cluster_invariant_excursion_event_model_v1,4fc1a02dce9ac2311dabaeb4623a559d37286dfe58baffef53828cc7415a3425,MODEL_FULL_REFIT,not_applicable,not_applicable,not_applicable,-1,-1,not_applicable,not_applicable,True,False,disabled,False,False,False,False,False,False,False
DEVELOPMENT_2024,RGTI,PARTIAL_RETURN,2,5592b30b8c4f3909d75c67cc,91996a9cf747a614ff6d9e08eaafc3583a58b91c,0bc8ac397792a0b665e0e9b1972bf539bd5ab964a296a6dedd8648fcf7741a44,2b2efafb8d7c0cebbd7b392493ecbc0a279f71ee1d4f74197e18d99ecd8c43a7,801c0bf9d69ecdd58b21fb2ba4392137048b466668344ebfc4c8faf6a0d3e2f1,7c8d4f606dc0e46e80d69390a4c1e6e30c3215b09ec2191a2b5fe7195f583a84,cluster_invariant_excursion_event_model_v1,4fc1a02dce9ac2311dabaeb4623a559d37286dfe58baffef53828cc7415a3425,MODEL_FULL_REFIT,not_applicable,not_applicable,not_applicable,-1,-1,not_applicable,not_applicable,True,False,disabled,False,False,False,False,False,False,False
DEVELOPMENT_2024,RGTI,RETURN_TO_ORIGIN,5,5592b30b8c4f3909d75c67cc,91996a9cf747a614ff6d9e08eaafc3583a58b91c,0bc8ac397792a0b665e0e9b1972bf539bd5ab964a296a6dedd8648fcf7741a44,2b2efafb8d7c0cebbd7b392493ecbc0a279f71ee1d4f74197e18d99ecd8c43a7,801c0bf9d69ecdd58b21fb2ba4392137048b466668344ebfc4c8faf6a0d3e2f1,7c8d4f606dc0e46e80d69390a4c1e6e30c3215b09ec2191a2b5fe7195f583a84,cluster_invariant_excursion_event_model_v1,4fc1a02dce9ac2311dabaeb4623a559d37286dfe58baffef53828cc7415a3425,MODEL_FULL_REFIT,not_applicable,not_applicable,not_applicable,-1,-1,not_applicable,not_applicable,True,False,disabled,False,False,False,False,False,False,False
DEVELOPMENT_2024,RGTI,ROTATE_TO_NEW_REGION,7,5592b30b8c4f3909d75c67cc,91996a9cf747a614ff6d9e08eaafc3583a58b91c,0bc8ac397792a0b665e0e9b1972bf539bd5ab964a296a6dedd8648fcf7741a44,2b2efafb8d7c0cebbd7b392493ecbc0a279f71ee1d4f74197e18d99ecd8c43a7,801c0bf9d69ecdd58b21fb2ba4392137048b466668344ebfc4c8faf6a0d3e2f1,7c8d4f606dc0e46e80d69390a4c1e6e30c3215b09ec2191a2b5fe7195f583a84,cluster_invariant_excursion_event_model_v1,4fc1a02dce9ac2311dabaeb4623a559d37286dfe58baffef53828cc7415a3425,MODEL_FULL_REFIT,not_applicable,not_applicable,not_applicable,-1,-1,not_applicable,not_applicable,True,False,disabled,False,False,False,False,False,False,False
DEVELOPMENT_2024,RGTI,SESSION_END,140,5592b30b8c4f3909d75c67cc,91996a9cf747a614ff6d9e08eaafc3583a58b91c,0bc8ac397792a0b665e0e9b1972bf539bd5ab964a296a6dedd8648fcf7741a44,2b2efafb8d7c0cebbd7b392493ecbc0a279f71ee1d4f74197e18d99ecd8c43a7,801c0bf9d69ecdd58b21fb2ba4392137048b466668344ebfc4c8faf6a0d3e2f1,7c8d4f606dc0e46e80d69390a4c1e6e30c3215b09ec2191a2b5fe7195f583a84,cluster_invariant_excursion_event_model_v1,4fc1a02dce9ac2311dabaeb4623a559d37286dfe58baffef53828cc7415a3425,MODEL_FULL_REFIT,not_applicable,not_applicable,not_applicable,-1,-1,not_applicable,not_applicable,True,False,disabled,False,False,False,False,False,False,False
DEVELOPMENT_2024,RGTI,UNAVAILABLE_SOURCE,10,5592b30b8c4f3909d75c67cc,91996a9cf747a614ff6d9e08eaafc3583a58b91c,0bc8ac397792a0b665e0e9b1972bf539bd5ab964a296a6dedd8648fcf7741a44,2b2efafb8d7c0cebbd7b392493ecbc0a279f71ee1d4f74197e18d99ecd8c43a7,801c0bf9d69ecdd58b21fb2ba4392137048b466668344ebfc4c8faf6a0d3e2f1,7c8d4f606dc0e46e80d69390a4c1e6e30c3215b09ec2191a2b5fe7195f583a84,cluster_invariant_excursion_event_model_v1,4fc1a02dce9ac2311dabaeb4623a559d37286dfe58baffef53828cc7415a3425,MODEL_FULL_REFIT,not_applicable,not_applicable,not_applicable,-1,-1,not_applicable,not_applicable,True,False,disabled,False,False,False,False,False,False,False
DEVELOPMENT_2024,RGTI,UNAVAILABLE_STRUCTURAL_GAP,9,5592b30b8c4f3909d75c67cc,91996a9cf747a614ff6d9e08eaafc3583a58b91c,0bc8ac397792a0b665e0e9b1972bf539bd5ab964a296a6dedd8648fcf7741a44,2b2efafb8d7c0cebbd7b392493ecbc0a279f71ee1d4f74197e18d99ecd8c43a7,801c0bf9d69ecdd58b21fb2ba4392137048b466668344ebfc4c8faf6a0d3e2f1,7c8d4f606dc0e46e80d69390a4c1e6e30c3215b09ec2191a2b5fe7195f583a84,cluster_invariant_excursion_event_model_v1,4fc1a02dce9ac2311dabaeb4623a559d37286dfe58baffef53828cc7415a3425,MODEL_FULL_REFIT,not_applicable,not_applicable,not_applicable,-1,-1,not_applicable,not_applicable,True,False,disabled,False,False,False,False,False,False,False
DEVELOPMENT_2024,RGTI,UNRESOLVED_AT_HORIZON,308,5592b30b8c4f3909d75c67cc,91996a9cf747a614ff6d9e08eaafc3583a58b91c,0bc8ac397792a0b665e0e9b1972bf539bd5ab964a296a6dedd8648fcf7741a44,2b2efafb8d7c0cebbd7b392493ecbc0a279f71ee1d4f74197e18d99ecd8c43a7,801c0bf9d69ecdd58b21fb2ba4392137048b466668344ebfc4c8faf6a0d3e2f1,7c8d4f606dc0e46e80d69390a4c1e6e30c3215b09ec2191a2b5fe7195f583a84,cluster_invariant_excursion_event_model_v1,4fc1a02dce9ac2311dabaeb4623a559d37286dfe58baffef53828cc7415a3425,MODEL_FULL_REFIT,not_applicable,not_applicable,not_applicable,-1,-1,not_applicable,not_applicable,True,False,disabled,False,False,False,False,False,False,False
DEVELOPMENT_2024,RIOT,ROTATE_TO_NEW_REGION,46,5592b30b8c4f3909d75c67cc,91996a9cf747a614ff6d9e08eaafc3583a58b91c,0bc8ac397792a0b665e0e9b1972bf539bd5ab964a296a6dedd8648fcf7741a44,2b2efafb8d7c0cebbd7b392493ecbc0a279f71ee1d4f74197e18d99ecd8c43a7,801c0bf9d69ecdd58b21fb2ba4392137048b466668344ebfc4c8faf6a0d3e2f1,7c8d4f606dc0e46e80d69390a4c1e6e30c3215b09ec2191a2b5fe7195f583a84,cluster_invariant_excursion_event_model_v1,4fc1a02dce9ac2311dabaeb4623a559d37286dfe58baffef53828cc7415a3425,MODEL_FULL_REFIT,not_applicable,not_applicable,not_applicable,-1,-1,not_applicable,not_applicable,True,False,disabled,False,False,False,False,False,False,False
DEVELOPMENT_2024,RIOT,SESSION_END,116,5592b30b8c4f3909d75c67cc,91996a9cf747a614ff6d9e08eaafc3583a58b91c,0bc8ac397792a0b665e0e9b1972bf539bd5ab964a296a6dedd8648fcf7741a44,2b2efafb8d7c0cebbd7b392493ecbc0a279f71ee1d4f74197e18d99ecd8c43a7,801c0bf9d69ecdd58b21fb2ba4392137048b466668344ebfc4c8faf6a0d3e2f1,7c8d4f606dc0e46e80d69390a4c1e6e30c3215b09ec2191a2b5fe7195f583a84,cluster_invariant_excursion_event_model_v1,4fc1a02dce9ac2311dabaeb4623a559d37286dfe58baffef53828cc7415a3425,MODEL_FULL_REFIT,not_applicable,not_applicable,not_applicable,-1,-1,not_applicable,not_applicable,True,False,disabled,False,False,False,False,False,False,False
DEVELOPMENT_2024,RIOT,UNAVAILABLE_SOURCE,5,5592b30b8c4f3909d75c67cc,91996a9cf747a614ff6d9e08eaafc3583a58b91c,0bc8ac397792a0b665e0e9b1972bf539bd5ab964a296a6dedd8648fcf7741a44,2b2efafb8d7c0cebbd7b392493ecbc0a279f71ee1d4f74197e18d99ecd8c43a7,801c0bf9d69ecdd58b21fb2ba4392137048b466668344ebfc4c8faf6a0d3e2f1,7c8d4f606dc0e46e80d69390a4c1e6e30c3215b09ec2191a2b5fe7195f583a84,cluster_invariant_excursion_event_model_v1,4fc1a02dce9ac2311dabaeb4623a559d37286dfe58baffef53828cc7415a3425,MODEL_FULL_REFIT,not_applicable,not_applicable,not_applicable,-1,-1,not_applicable,not_applicable,True,False,disabled,False,False,False,False,False,False,False
DEVELOPMENT_2024,RIOT,UNAVAILABLE_STRUCTURAL_GAP,2,5592b30b8c4f3909d75c67cc,91996a9cf747a614ff6d9e08eaafc3583a58b91c,0bc8ac397792a0b665e0e9b1972bf539bd5ab964a296a6dedd8648fcf7741a44,2b2efafb8d7c0cebbd7b392493ecbc0a279f71ee1d4f74197e18d99ecd8c43a7,801c0bf9d69ecdd58b21fb2ba4392137048b466668344ebfc4c8faf6a0d3e2f1,7c8d4f606dc0e46e80d69390a4c1e6e30c3215b09ec2191a2b5fe7195f583a84,cluster_invariant_excursion_event_model_v1,4fc1a02dce9ac2311dabaeb4623a559d37286dfe58baffef53828cc7415a3425,MODEL_FULL_REFIT,not_applicable,not_applicable,not_applicable,-1,-1,not_applicable,not_applicable,True,False,disabled,False,False,False,False,False,False,False
DEVELOPMENT_2024,RIOT,UNRESOLVED_AT_HORIZON,264,5592b30b8c4f3909d75c67cc,91996a9cf747a614ff6d9e08eaafc3583a58b91c,0bc8ac397792a0b665e0e9b1972bf539bd5ab964a296a6dedd8648fcf7741a44,2b2efafb8d7c0cebbd7b392493ecbc0a279f71ee1d4f74197e18d99ecd8c43a7,801c0bf9d69ecdd58b21fb2ba4392137048b466668344ebfc4c8faf6a0d3e2f1,7c8d4f606dc0e46e80d69390a4c1e6e30c3215b09ec2191a2b5fe7195f583a84,cluster_invariant_excursion_event_model_v1,4fc1a02dce9ac2311dabaeb4623a559d37286dfe58baffef53828cc7415a3425,MODEL_FULL_REFIT,not_applicable,not_applicable,not_applicable,-1,-1,not_applicable,not_applicable,True,False,disabled,False,False,False,False,False,False,False
DEVELOPMENT_2024,RIVN,ROTATE_TO_NEW_REGION,22,5592b30b8c4f3909d75c67cc,91996a9cf747a614ff6d9e08eaafc3583a58b91c,0bc8ac397792a0b665e0e9b1972bf539bd5ab964a296a6dedd8648fcf7741a44,2b2efafb8d7c0cebbd7b392493ecbc0a279f71ee1d4f74197e18d99ecd8c43a7,801c0bf9d69ecdd58b21fb2ba4392137048b466668344ebfc4c8faf6a0d3e2f1,7c8d4f606dc0e46e80d69390a4c1e6e30c3215b09ec2191a2b5fe7195f583a84,cluster_invariant_excursion_event_model_v1,4fc1a02dce9ac2311dabaeb4623a559d37286dfe58baffef53828cc7415a3425,MODEL_FULL_REFIT,not_applicable,not_applicable,not_applicable,-1,-1,not_applicable,not_applicable,True,False,disabled,False,False,False,False,False,False,False
DEVELOPMENT_2024,RIVN,SESSION_END,127,5592b30b8c4f3909d75c67cc,91996a9cf747a614ff6d9e08eaafc3583a58b91c,0bc8ac397792a0b665e0e9b1972bf539bd5ab964a296a6dedd8648fcf7741a44,2b2efafb8d7c0cebbd7b392493ecbc0a279f71ee1d4f74197e18d99ecd8c43a7,801c0bf9d69ecdd58b21fb2ba4392137048b466668344ebfc4c8faf6a0d3e2f1,7c8d4f606dc0e46e80d69390a4c1e6e30c3215b09ec2191a2b5fe7195f583a84,cluster_invariant_excursion_event_model_v1,4fc1a02dce9ac2311dabaeb4623a559d37286dfe58baffef53828cc7415a3425,MODEL_FULL_REFIT,not_applicable,not_applicable,not_applicable,-1,-1,not_applicable,not_applicable,True,False,disabled,False,False,False,False,False,False,False
DEVELOPMENT_2024,RIVN,UNAVAILABLE_SOURCE,4,5592b30b8c4f3909d75c67cc,91996a9cf747a614ff6d9e08eaafc3583a58b91c,0bc8ac397792a0b665e0e9b1972bf539bd5ab964a296a6dedd8648fcf7741a44,2b2efafb8d7c0cebbd7b392493ecbc0a279f71ee1d4f74197e18d99ecd8c43a7,801c0bf9d69ecdd58b21fb2ba4392137048b466668344ebfc4c8faf6a0d3e2f1,7c8d4f606dc0e46e80d69390a4c1e6e30c3215b09ec2191a2b5fe7195f583a84,cluster_invariant_excursion_event_model_v1,4fc1a02dce9ac2311dabaeb4623a559d37286dfe58baffef53828cc7415a3425,MODEL_FULL_REFIT,not_applicable,not_applicable,not_applicable,-1,-1,not_applicable,not_applicable,True,False,disabled,False,False,False,False,False,False,False
DEVELOPMENT_2024,RIVN,UNAVAILABLE_STRUCTURAL_GAP,2,5592b30b8c4f3909d75c67cc,91996a9cf747a614ff6d9e08eaafc3583a58b91c,0bc8ac397792a0b665e0e9b1972bf539bd5ab964a296a6dedd8648fcf7741a44,2b2efafb8d7c0cebbd7b392493ecbc0a279f71ee1d4f74197e18d99ecd8c43a7,801c0bf9d69ecdd58b21fb2ba4392137048b466668344ebfc4c8faf6a0d3e2f1,7c8d4f606dc0e46e80d69390a4c1e6e30c3215b09ec2191a2b5fe7195f583a84,cluster_invariant_excursion_event_model_v1,4fc1a02dce9ac2311dabaeb4623a559d37286dfe58baffef53828cc7415a3425,MODEL_FULL_REFIT,not_applicable,not_applicable,not_applicable,-1,-1,not_applicable,not_applicable,True,False,disabled,False,False,False,False,False,False,False
DEVELOPMENT_2024,RIVN,UNRESOLVED_AT_HORIZON,284,5592b30b8c4f3909d75c67cc,91996a9cf747a614ff6d9e08eaafc3583a58b91c,0bc8ac397792a0b665e0e9b1972bf539bd5ab964a296a6dedd8648fcf7741a44,2b2efafb8d7c0cebbd7b392493ecbc0a279f71ee1d4f74197e18d99ecd8c43a7,801c0bf9d69ecdd58b21fb2ba4392137048b466668344ebfc4c8faf6a0d3e2f1,7c8d4f606dc0e46e80d69390a4c1e6e30c3215b09ec2191a2b5fe7195f583a84,cluster_invariant_excursion_event_model_v1,4fc1a02dce9ac2311dabaeb4623a559d37286dfe58baffef53828cc7415a3425,MODEL_FULL_REFIT,not_applicable,not_applicable,not_applicable,-1,-1,not_applicable,not_applicable,True,False,disabled,False,False,False,False,False,False,False
DEVELOPMENT_2024,SMCI,ROTATE_TO_NEW_REGION,35,5592b30b8c4f3909d75c67cc,91996a9cf747a614ff6d9e08eaafc3583a58b91c,0bc8ac397792a0b665e0e9b1972bf539bd5ab964a296a6dedd8648fcf7741a44,2b2efafb8d7c0cebbd7b392493ecbc0a279f71ee1d4f74197e18d99ecd8c43a7,801c0bf9d69ecdd58b21fb2ba4392137048b466668344ebfc4c8faf6a0d3e2f1,7c8d4f606dc0e46e80d69390a4c1e6e30c3215b09ec2191a2b5fe7195f583a84,cluster_invariant_excursion_event_model_v1,4fc1a02dce9ac2311dabaeb4623a559d37286dfe58baffef53828cc7415a3425,MODEL_FULL_REFIT,not_applicable,not_applicable,not_applicable,-1,-1,not_applicable,not_applicable,True,False,disabled,False,False,False,False,False,False,False
DEVELOPMENT_2024,SMCI,SESSION_END,128,5592b30b8c4f3909d75c67cc,91996a9cf747a614ff6d9e08eaafc3583a58b91c,0bc8ac397792a0b665e0e9b1972bf539bd5ab964a296a6dedd8648fcf7741a44,2b2efafb8d7c0cebbd7b392493ecbc0a279f71ee1d4f74197e18d99ecd8c43a7,801c0bf9d69ecdd58b21fb2ba4392137048b466668344ebfc4c8faf6a0d3e2f1,7c8d4f606dc0e46e80d69390a4c1e6e30c3215b09ec2191a2b5fe7195f583a84,cluster_invariant_excursion_event_model_v1,4fc1a02dce9ac2311dabaeb4623a559d37286dfe58baffef53828cc7415a3425,MODEL_FULL_REFIT,not_applicable,not_applicable,not_applicable,-1,-1,not_applicable,not_applicable,True,False,disabled,False,False,False,False,False,False,False
DEVELOPMENT_2024,SMCI,UNAVAILABLE_SOURCE,5,5592b30b8c4f3909d75c67cc,91996a9cf747a614ff6d9e08eaafc3583a58b91c,0bc8ac397792a0b665e0e9b1972bf539bd5ab964a296a6dedd8648fcf7741a44,2b2efafb8d7c0cebbd7b392493ecbc0a279f71ee1d4f74197e18d99ecd8c43a7,801c0bf9d69ecdd58b21fb2ba4392137048b466668344ebfc4c8faf6a0d3e2f1,7c8d4f606dc0e46e80d69390a4c1e6e30c3215b09ec2191a2b5fe7195f583a84,cluster_invariant_excursion_event_model_v1,4fc1a02dce9ac2311dabaeb4623a559d37286dfe58baffef53828cc7415a3425,MODEL_FULL_REFIT,not_applicable,not_applicable,not_applicable,-1,-1,not_applicable,not_applicable,True,False,disabled,False,False,False,False,False,False,False
DEVELOPMENT_2024,SMCI,UNAVAILABLE_STRUCTURAL_GAP,3,5592b30b8c4f3909d75c67cc,91996a9cf747a614ff6d9e08eaafc3583a58b91c,0bc8ac397792a0b665e0e9b1972bf539bd5ab964a296a6dedd8648fcf7741a44,2b2efafb8d7c0cebbd7b392493ecbc0a279f71ee1d4f74197e18d99ecd8c43a7,801c0bf9d69ecdd58b21fb2ba4392137048b466668344ebfc4c8faf6a0d3e2f1,7c8d4f606dc0e46e80d69390a4c1e6e30c3215b09ec2191a2b5fe7195f583a84,cluster_invariant_excursion_event_model_v1,4fc1a02dce9ac2311dabaeb4623a559d37286dfe58baffef53828cc7415a3425,MODEL_FULL_REFIT,not_applicable,not_applicable,not_applicable,-1,-1,not_applicable,not_applicable,True,False,disabled,False,False,False,False,False,False,False
DEVELOPMENT_2024,SMCI,UNRESOLVED_AT_HORIZON,268,5592b30b8c4f3909d75c67cc,91996a9cf747a614ff6d9e08eaafc3583a58b91c,0bc8ac397792a0b665e0e9b1972bf539bd5ab964a296a6dedd8648fcf7741a44,2b2efafb8d7c0cebbd7b392493ecbc0a279f71ee1d4f74197e18d99ecd8c43a7,801c0bf9d69ecdd58b21fb2ba4392137048b466668344ebfc4c8faf6a0d3e2f1,7c8d4f606dc0e46e80d69390a4c1e6e30c3215b09ec2191a2b5fe7195f583a84,cluster_invariant_excursion_event_model_v1,4fc1a02dce9ac2311dabaeb4623a559d37286dfe58baffef53828cc7415a3425,MODEL_FULL_REFIT,not_applicable,not_applicable,not_applicable,-1,-1,not_applicable,not_applicable,True,False,disabled,False,False,False,False,False,False,False
DEVELOPMENT_2024,SOFI,PARTIAL_RETURN,1,5592b30b8c4f3909d75c67cc,91996a9cf747a614ff6d9e08eaafc3583a58b91c,0bc8ac397792a0b665e0e9b1972bf539bd5ab964a296a6dedd8648fcf7741a44,2b2efafb8d7c0cebbd7b392493ecbc0a279f71ee1d4f74197e18d99ecd8c43a7,801c0bf9d69ecdd58b21fb2ba4392137048b466668344ebfc4c8faf6a0d3e2f1,7c8d4f606dc0e46e80d69390a4c1e6e30c3215b09ec2191a2b5fe7195f583a84,cluster_invariant_excursion_event_model_v1,4fc1a02dce9ac2311dabaeb4623a559d37286dfe58baffef53828cc7415a3425,MODEL_FULL_REFIT,not_applicable,not_applicable,not_applicable,-1,-1,not_applicable,not_applicable,True,False,disabled,False,False,False,False,False,False,False
DEVELOPMENT_2024,SOFI,ROTATE_TO_NEW_REGION,28,5592b30b8c4f3909d75c67cc,91996a9cf747a614ff6d9e08eaafc3583a58b91c,0bc8ac397792a0b665e0e9b1972bf539bd5ab964a296a6dedd8648fcf7741a44,2b2efafb8d7c0cebbd7b392493ecbc0a279f71ee1d4f74197e18d99ecd8c43a7,801c0bf9d69ecdd58b21fb2ba4392137048b466668344ebfc4c8faf6a0d3e2f1,7c8d4f606dc0e46e80d69390a4c1e6e30c3215b09ec2191a2b5fe7195f583a84,cluster_invariant_excursion_event_model_v1,4fc1a02dce9ac2311dabaeb4623a559d37286dfe58baffef53828cc7415a3425,MODEL_FULL_REFIT,not_applicable,not_applicable,not_applicable,-1,-1,not_applicable,not_applicable,True,False,disabled,False,False,False,False,False,False,False
DEVELOPMENT_2024,SOFI,SESSION_END,131,5592b30b8c4f3909d75c67cc,91996a9cf747a614ff6d9e08eaafc3583a58b91c,0bc8ac397792a0b665e0e9b1972bf539bd5ab964a296a6dedd8648fcf7741a44,2b2efafb8d7c0cebbd7b392493ecbc0a279f71ee1d4f74197e18d99ecd8c43a7,801c0bf9d69ecdd58b21fb2ba4392137048b466668344ebfc4c8faf6a0d3e2f1,7c8d4f606dc0e46e80d69390a4c1e6e30c3215b09ec2191a2b5fe7195f583a84,cluster_invariant_excursion_event_model_v1,4fc1a02dce9ac2311dabaeb4623a559d37286dfe58baffef53828cc7415a3425,MODEL_FULL_REFIT,not_applicable,not_applicable,not_applicable,-1,-1,not_applicable,not_applicable,True,False,disabled,False,False,False,False,False,False,False
DEVELOPMENT_2024,SOFI,UNAVAILABLE_SOURCE,6,5592b30b8c4f3909d75c67cc,91996a9cf747a614ff6d9e08eaafc3583a58b91c,0bc8ac397792a0b665e0e9b1972bf539bd5ab964a296a6dedd8648fcf7741a44,2b2efafb8d7c0cebbd7b392493ecbc0a279f71ee1d4f74197e18d99ecd8c43a7,801c0bf9d69ecdd58b21fb2ba4392137048b466668344ebfc4c8faf6a0d3e2f1,7c8d4f606dc0e46e80d69390a4c1e6e30c3215b09ec2191a2b5fe7195f583a84,cluster_invariant_excursion_event_model_v1,4fc1a02dce9ac2311dabaeb4623a559d37286dfe58baffef53828cc7415a3425,MODEL_FULL_REFIT,not_applicable,not_applicable,not_applicable,-1,-1,not_applicable,not_applicable,True,False,disabled,False,False,False,False,False,False,False
DEVELOPMENT_2024,SOFI,UNAVAILABLE_STRUCTURAL_GAP,2,5592b30b8c4f3909d75c67cc,91996a9cf747a614ff6d9e08eaafc3583a58b91c,0bc8ac397792a0b665e0e9b1972bf539bd5ab964a296a6dedd8648fcf7741a44,2b2efafb8d7c0cebbd7b392493ecbc0a279f71ee1d4f74197e18d99ecd8c43a7,801c0bf9d69ecdd58b21fb2ba4392137048b466668344ebfc4c8faf6a0d3e2f1,7c8d4f606dc0e46e80d69390a4c1e6e30c3215b09ec2191a2b5fe7195f583a84,cluster_invariant_excursion_event_model_v1,4fc1a02dce9ac2311dabaeb4623a559d37286dfe58baffef53828cc7415a3425,MODEL_FULL_REFIT,not_applicable,not_applicable,not_applicable,-1,-1,not_applicable,not_applicable,True,False,disabled,False,False,False,False,False,False,False
DEVELOPMENT_2024,SOFI,UNRESOLVED_AT_HORIZON,288,5592b30b8c4f3909d75c67cc,91996a9cf747a614ff6d9e08eaafc3583a58b91c,0bc8ac397792a0b665e0e9b1972bf539bd5ab964a296a6dedd8648fcf7741a44,2b2efafb8d7c0cebbd7b392493ecbc0a279f71ee1d4f74197e18d99ecd8c43a7,801c0bf9d69ecdd58b21fb2ba4392137048b466668344ebfc4c8faf6a0d3e2f1,7c8d4f606dc0e46e80d69390a4c1e6e30c3215b09ec2191a2b5fe7195f583a84,cluster_invariant_excursion_event_model_v1,4fc1a02dce9ac2311dabaeb4623a559d37286dfe58baffef53828cc7415a3425,MODEL_FULL_REFIT,not_applicable,not_applicable,not_applicable,-1,-1,not_applicable,not_applicable,True,False,disabled,False,False,False,False,False,False,False
DEVELOPMENT_2024,WULF,ROTATE_TO_NEW_REGION,12,5592b30b8c4f3909d75c67cc,91996a9cf747a614ff6d9e08eaafc3583a58b91c,0bc8ac397792a0b665e0e9b1972bf539bd5ab964a296a6dedd8648fcf7741a44,2b2efafb8d7c0cebbd7b392493ecbc0a279f71ee1d4f74197e18d99ecd8c43a7,801c0bf9d69ecdd58b21fb2ba4392137048b466668344ebfc4c8faf6a0d3e2f1,7c8d4f606dc0e46e80d69390a4c1e6e30c3215b09ec2191a2b5fe7195f583a84,cluster_invariant_excursion_event_model_v1,4fc1a02dce9ac2311dabaeb4623a559d37286dfe58baffef53828cc7415a3425,MODEL_FULL_REFIT,not_applicable,not_applicable,not_applicable,-1,-1,not_applicable,not_applicable,True,False,disabled,False,False,False,False,False,False,False
DEVELOPMENT_2024,WULF,SESSION_END,132,5592b30b8c4f3909d75c67cc,91996a9cf747a614ff6d9e08eaafc3583a58b91c,0bc8ac397792a0b665e0e9b1972bf539bd5ab964a296a6dedd8648fcf7741a44,2b2efafb8d7c0cebbd7b392493ecbc0a279f71ee1d4f74197e18d99ecd8c43a7,801c0bf9d69ecdd58b21fb2ba4392137048b466668344ebfc4c8faf6a0d3e2f1,7c8d4f606dc0e46e80d69390a4c1e6e30c3215b09ec2191a2b5fe7195f583a84,cluster_invariant_excursion_event_model_v1,4fc1a02dce9ac2311dabaeb4623a559d37286dfe58baffef53828cc7415a3425,MODEL_FULL_REFIT,not_applicable,not_applicable,not_applicable,-1,-1,not_applicable,not_applicable,True,False,disabled,False,False,False,False,False,False,False
DEVELOPMENT_2024,WULF,UNAVAILABLE_SOURCE,2,5592b30b8c4f3909d75c67cc,91996a9cf747a614ff6d9e08eaafc3583a58b91c,0bc8ac397792a0b665e0e9b1972bf539bd5ab964a296a6dedd8648fcf7741a44,2b2efafb8d7c0cebbd7b392493ecbc0a279f71ee1d4f74197e18d99ecd8c43a7,801c0bf9d69ecdd58b21fb2ba4392137048b466668344ebfc4c8faf6a0d3e2f1,7c8d4f606dc0e46e80d69390a4c1e6e30c3215b09ec2191a2b5fe7195f583a84,cluster_invariant_excursion_event_model_v1,4fc1a02dce9ac2311dabaeb4623a559d37286dfe58baffef53828cc7415a3425,MODEL_FULL_REFIT,not_applicable,not_applicable,not_applicable,-1,-1,not_applicable,not_applicable,True,False,disabled,False,False,False,False,False,False,False
DEVELOPMENT_2024,WULF,UNAVAILABLE_STRUCTURAL_GAP,1,5592b30b8c4f3909d75c67cc,91996a9cf747a614ff6d9e08eaafc3583a58b91c,0bc8ac397792a0b665e0e9b1972bf539bd5ab964a296a6dedd8648fcf7741a44,2b2efafb8d7c0cebbd7b392493ecbc0a279f71ee1d4f74197e18d99ecd8c43a7,801c0bf9d69ecdd58b21fb2ba4392137048b466668344ebfc4c8faf6a0d3e2f1,7c8d4f606dc0e46e80d69390a4c1e6e30c3215b09ec2191a2b5fe7195f583a84,cluster_invariant_excursion_event_model_v1,4fc1a02dce9ac2311dabaeb4623a559d37286dfe58baffef53828cc7415a3425,MODEL_FULL_REFIT,not_applicable,not_applicable,not_applicable,-1,-1,not_applicable,not_applicable,True,False,disabled,False,False,False,False,False,False,False
DEVELOPMENT_2024,WULF,UNRESOLVED_AT_HORIZON,290,5592b30b8c4f3909d75c67cc,91996a9cf747a614ff6d9e08eaafc3583a58b91c,0bc8ac397792a0b665e0e9b1972bf539bd5ab964a296a6dedd8648fcf7741a44,2b2efafb8d7c0cebbd7b392493ecbc0a279f71ee1d4f74197e18d99ecd8c43a7,801c0bf9d69ecdd58b21fb2ba4392137048b466668344ebfc4c8faf6a0d3e2f1,7c8d4f606dc0e46e80d69390a4c1e6e30c3215b09ec2191a2b5fe7195f583a84,cluster_invariant_excursion_event_model_v1,4fc1a02dce9ac2311dabaeb4623a559d37286dfe58baffef53828cc7415a3425,MODEL_FULL_REFIT,not_applicable,not_applicable,not_applicable,-1,-1,not_applicable,not_applicable,True,False,disabled,False,False,False,False,False,False,False
VALIDATION_2025,AAL,CONTINUE_AWAY,1,5592b30b8c4f3909d75c67cc,91996a9cf747a614ff6d9e08eaafc3583a58b91c,0bc8ac397792a0b665e0e9b1972bf539bd5ab964a296a6dedd8648fcf7741a44,2b2efafb8d7c0cebbd7b392493ecbc0a279f71ee1d4f74197e18d99ecd8c43a7,801c0bf9d69ecdd58b21fb2ba4392137048b466668344ebfc4c8faf6a0d3e2f1,7c8d4f606dc0e46e80d69390a4c1e6e30c3215b09ec2191a2b5fe7195f583a84,cluster_invariant_excursion_event_model_v1,4fc1a02dce9ac2311dabaeb4623a559d37286dfe58baffef53828cc7415a3425,MODEL_FULL_REFIT,not_applicable,not_applicable,not_applicable,-1,-1,not_applicable,not_applicable,True,False,disabled,False,False,False,False,False,False,False
VALIDATION_2025,AAL,ROTATE_TO_NEW_REGION,24,5592b30b8c4f3909d75c67cc,91996a9cf747a614ff6d9e08eaafc3583a58b91c,0bc8ac397792a0b665e0e9b1972bf539bd5ab964a296a6dedd8648fcf7741a44,2b2efafb8d7c0cebbd7b392493ecbc0a279f71ee1d4f74197e18d99ecd8c43a7,801c0bf9d69ecdd58b21fb2ba4392137048b466668344ebfc4c8faf6a0d3e2f1,7c8d4f606dc0e46e80d69390a4c1e6e30c3215b09ec2191a2b5fe7195f583a84,cluster_invariant_excursion_event_model_v1,4fc1a02dce9ac2311dabaeb4623a559d37286dfe58baffef53828cc7415a3425,MODEL_FULL_REFIT,not_applicable,not_applicable,not_applicable,-1,-1,not_applicable,not_applicable,True,False,disabled,False,False,False,False,False,False,False
VALIDATION_2025,AAL,SESSION_END,126,5592b30b8c4f3909d75c67cc,91996a9cf747a614ff6d9e08eaafc3583a58b91c,0bc8ac397792a0b665e0e9b1972bf539bd5ab964a296a6dedd8648fcf7741a44,2b2efafb8d7c0cebbd7b392493ecbc0a279f71ee1d4f74197e18d99ecd8c43a7,801c0bf9d69ecdd58b21fb2ba4392137048b466668344ebfc4c8faf6a0d3e2f1,7c8d4f606dc0e46e80d69390a4c1e6e30c3215b09ec2191a2b5fe7195f583a84,cluster_invariant_excursion_event_model_v1,4fc1a02dce9ac2311dabaeb4623a559d37286dfe58baffef53828cc7415a3425,MODEL_FULL_REFIT,not_applicable,not_applicable,not_applicable,-1,-1,not_applicable,not_applicable,True,False,disabled,False,False,False,False,False,False,False
VALIDATION_2025,AAL,UNAVAILABLE_SOURCE,1,5592b30b8c4f3909d75c67cc,91996a9cf747a614ff6d9e08eaafc3583a58b91c,0bc8ac397792a0b665e0e9b1972bf539bd5ab964a296a6dedd8648fcf7741a44,2b2efafb8d7c0cebbd7b392493ecbc0a279f71ee1d4f74197e18d99ecd8c43a7,801c0bf9d69ecdd58b21fb2ba4392137048b466668344ebfc4c8faf6a0d3e2f1,7c8d4f606dc0e46e80d69390a4c1e6e30c3215b09ec2191a2b5fe7195f583a84,cluster_invariant_excursion_event_model_v1,4fc1a02dce9ac2311dabaeb4623a559d37286dfe58baffef53828cc7415a3425,MODEL_FULL_REFIT,not_applicable,not_applicable,not_applicable,-1,-1,not_applicable,not_applicable,True,False,disabled,False,False,False,False,False,False,False
VALIDATION_2025,AAL,UNAVAILABLE_STRUCTURAL_GAP,1,5592b30b8c4f3909d75c67cc,91996a9cf747a614ff6d9e08eaafc3583a58b91c,0bc8ac397792a0b665e0e9b1972bf539bd5ab964a296a6dedd8648fcf7741a44,2b2efafb8d7c0cebbd7b392493ecbc0a279f71ee1d4f74197e18d99ecd8c43a7,801c0bf9d69ecdd58b21fb2ba4392137048b466668344ebfc4c8faf6a0d3e2f1,7c8d4f606dc0e46e80d69390a4c1e6e30c3215b09ec2191a2b5fe7195f583a84,cluster_invariant_excursion_event_model_v1,4fc1a02dce9ac2311dabaeb4623a559d37286dfe58baffef53828cc7415a3425,MODEL_FULL_REFIT,not_applicable,not_applicable,not_applicable,-1,-1,not_applicable,not_applicable,True,False,disabled,False,False,False,False,False,False,False
VALIDATION_2025,AAL,UNRESOLVED_AT_HORIZON,281,5592b30b8c4f3909d75c67cc,91996a9cf747a614ff6d9e08eaafc3583a58b91c,0bc8ac397792a0b665e0e9b1972bf539bd5ab964a296a6dedd8648fcf7741a44,2b2efafb8d7c0cebbd7b392493ecbc0a279f71ee1d4f74197e18d99ecd8c43a7,801c0bf9d69ecdd58b21fb2ba4392137048b466668344ebfc4c8faf6a0d3e2f1,7c8d4f606dc0e46e80d69390a4c1e6e30c3215b09ec2191a2b5fe7195f583a84,cluster_invariant_excursion_event_model_v1,4fc1a02dce9ac2311dabaeb4623a559d37286dfe58baffef53828cc7415a3425,MODEL_FULL_REFIT,not_applicable,not_applicable,not_applicable,-1,-1,not_applicable,not_applicable,True,False,disabled,False,False,False,False,False,False,False
VALIDATION_2025,AAOI,PARTIAL_RETURN,2,5592b30b8c4f3909d75c67cc,91996a9cf747a614ff6d9e08eaafc3583a58b91c,0bc8ac397792a0b665e0e9b1972bf539bd5ab964a296a6dedd8648fcf7741a44,2b2efafb8d7c0cebbd7b392493ecbc0a279f71ee1d4f74197e18d99ecd8c43a7,801c0bf9d69ecdd58b21fb2ba4392137048b466668344ebfc4c8faf6a0d3e2f1,7c8d4f606dc0e46e80d69390a4c1e6e30c3215b09ec2191a2b5fe7195f583a84,cluster_invariant_excursion_event_model_v1,4fc1a02dce9ac2311dabaeb4623a559d37286dfe58baffef53828cc7415a3425,MODEL_FULL_REFIT,not_applicable,not_applicable,not_applicable,-1,-1,not_applicable,not_applicable,True,False,disabled,False,False,False,False,False,False,False
VALIDATION_2025,AAOI,RETURN_TO_ORIGIN,3,5592b30b8c4f3909d75c67cc,91996a9cf747a614ff6d9e08eaafc3583a58b91c,0bc8ac397792a0b665e0e9b1972bf539bd5ab964a296a6dedd8648fcf7741a44,2b2efafb8d7c0cebbd7b392493ecbc0a279f71ee1d4f74197e18d99ecd8c43a7,801c0bf9d69ecdd58b21fb2ba4392137048b466668344ebfc4c8faf6a0d3e2f1,7c8d4f606dc0e46e80d69390a4c1e6e30c3215b09ec2191a2b5fe7195f583a84,cluster_invariant_excursion_event_model_v1,4fc1a02dce9ac2311dabaeb4623a559d37286dfe58baffef53828cc7415a3425,MODEL_FULL_REFIT,not_applicable,not_applicable,not_applicable,-1,-1,not_applicable,not_applicable,True,False,disabled,False,False,False,False,False,False,False
VALIDATION_2025,AAOI,ROTATE_TO_NEW_REGION,16,5592b30b8c4f3909d75c67cc,91996a9cf747a614ff6d9e08eaafc3583a58b91c,0bc8ac397792a0b665e0e9b1972bf539bd5ab964a296a6dedd8648fcf7741a44,2b2efafb8d7c0cebbd7b392493ecbc0a279f71ee1d4f74197e18d99ecd8c43a7,801c0bf9d69ecdd58b21fb2ba4392137048b466668344ebfc4c8faf6a0d3e2f1,7c8d4f606dc0e46e80d69390a4c1e6e30c3215b09ec2191a2b5fe7195f583a84,cluster_invariant_excursion_event_model_v1,4fc1a02dce9ac2311dabaeb4623a559d37286dfe58baffef53828cc7415a3425,MODEL_FULL_REFIT,not_applicable,not_applicable,not_applicable,-1,-1,not_applicable,not_applicable,True,False,disabled,False,False,False,False,False,False,False
VALIDATION_2025,AAOI,SESSION_END,125,5592b30b8c4f3909d75c67cc,91996a9cf747a614ff6d9e08eaafc3583a58b91c,0bc8ac397792a0b665e0e9b1972bf539bd5ab964a296a6dedd8648fcf7741a44,2b2efafb8d7c0cebbd7b392493ecbc0a279f71ee1d4f74197e18d99ecd8c43a7,801c0bf9d69ecdd58b21fb2ba4392137048b466668344ebfc4c8faf6a0d3e2f1,7c8d4f606dc0e46e80d69390a4c1e6e30c3215b09ec2191a2b5fe7195f583a84,cluster_invariant_excursion_event_model_v1,4fc1a02dce9ac2311dabaeb4623a559d37286dfe58baffef53828cc7415a3425,MODEL_FULL_REFIT,not_applicable,not_applicable,not_applicable,-1,-1,not_applicable,not_applicable,True,False,disabled,False,False,False,False,False,False,False
VALIDATION_2025,AAOI,UNAVAILABLE_SOURCE,3,5592b30b8c4f3909d75c67cc,91996a9cf747a614ff6d9e08eaafc3583a58b91c,0bc8ac397792a0b665e0e9b1972bf539bd5ab964a296a6dedd8648fcf7741a44,2b2efafb8d7c0cebbd7b392493ecbc0a279f71ee1d4f74197e18d99ecd8c43a7,801c0bf9d69ecdd58b21fb2ba4392137048b466668344ebfc4c8faf6a0d3e2f1,7c8d4f606dc0e46e80d69390a4c1e6e30c3215b09ec2191a2b5fe7195f583a84,cluster_invariant_excursion_event_model_v1,4fc1a02dce9ac2311dabaeb4623a559d37286dfe58baffef53828cc7415a3425,MODEL_FULL_REFIT,not_applicable,not_applicable,not_applicable,-1,-1,not_applicable,not_applicable,True,False,disabled,False,False,False,False,False,False,False
VALIDATION_2025,AAOI,UNAVAILABLE_STRUCTURAL_GAP,1,5592b30b8c4f3909d75c67cc,91996a9cf747a614ff6d9e08eaafc3583a58b91c,0bc8ac397792a0b665e0e9b1972bf539bd5ab964a296a6dedd8648fcf7741a44,2b2efafb8d7c0cebbd7b392493ecbc0a279f71ee1d4f74197e18d99ecd8c43a7,801c0bf9d69ecdd58b21fb2ba4392137048b466668344ebfc4c8faf6a0d3e2f1,7c8d4f606dc0e46e80d69390a4c1e6e30c3215b09ec2191a2b5fe7195f583a84,cluster_invariant_excursion_event_model_v1,4fc1a02dce9ac2311dabaeb4623a559d37286dfe58baffef53828cc7415a3425,MODEL_FULL_REFIT,not_applicable,not_applicable,not_applicable,-1,-1,not_applicable,not_applicable,True,False,disabled,False,False,False,False,False,False,False
VALIDATION_2025,AAOI,UNRESOLVED_AT_HORIZON,297,5592b30b8c4f3909d75c67cc,91996a9cf747a614ff6d9e08eaafc3583a58b91c,0bc8ac397792a0b665e0e9b1972bf539bd5ab964a296a6dedd8648fcf7741a44,2b2efafb8d7c0cebbd7b392493ecbc0a279f71ee1d4f74197e18d99ecd8c43a7,801c0bf9d69ecdd58b21fb2ba4392137048b466668344ebfc4c8faf6a0d3e2f1,7c8d4f606dc0e46e80d69390a4c1e6e30c3215b09ec2191a2b5fe7195f583a84,cluster_invariant_excursion_event_model_v1,4fc1a02dce9ac2311dabaeb4623a559d37286dfe58baffef53828cc7415a3425,MODEL_FULL_REFIT,not_applicable,not_applicable,not_applicable,-1,-1,not_applicable,not_applicable,True,False,disabled,False,False,False,False,False,False,False
VALIDATION_2025,APLD,ROTATE_TO_NEW_REGION,37,5592b30b8c4f3909d75c67cc,91996a9cf747a614ff6d9e08eaafc3583a58b91c,0bc8ac397792a0b665e0e9b1972bf539bd5ab964a296a6dedd8648fcf7741a44,2b2efafb8d7c0cebbd7b392493ecbc0a279f71ee1d4f74197e18d99ecd8c43a7,801c0bf9d69ecdd58b21fb2ba4392137048b466668344ebfc4c8faf6a0d3e2f1,7c8d4f606dc0e46e80d69390a4c1e6e30c3215b09ec2191a2b5fe7195f583a84,cluster_invariant_excursion_event_model_v1,4fc1a02dce9ac2311dabaeb4623a559d37286dfe58baffef53828cc7415a3425,MODEL_FULL_REFIT,not_applicable,not_applicable,not_applicable,-1,-1,not_applicable,not_applicable,True,False,disabled,False,False,False,False,False,False,False
VALIDATION_2025,APLD,SESSION_END,138,5592b30b8c4f3909d75c67cc,91996a9cf747a614ff6d9e08eaafc3583a58b91c,0bc8ac397792a0b665e0e9b1972bf539bd5ab964a296a6dedd8648fcf7741a44,2b2efafb8d7c0cebbd7b392493ecbc0a279f71ee1d4f74197e18d99ecd8c43a7,801c0bf9d69ecdd58b21fb2ba4392137048b466668344ebfc4c8faf6a0d3e2f1,7c8d4f606dc0e46e80d69390a4c1e6e30c3215b09ec2191a2b5fe7195f583a84,cluster_invariant_excursion_event_model_v1,4fc1a02dce9ac2311dabaeb4623a559d37286dfe58baffef53828cc7415a3425,MODEL_FULL_REFIT,not_applicable,not_applicable,not_applicable,-1,-1,not_applicable,not_applicable,True,False,disabled,False,False,False,False,False,False,False
VALIDATION_2025,APLD,UNAVAILABLE_SOURCE,4,5592b30b8c4f3909d75c67cc,91996a9cf747a614ff6d9e08eaafc3583a58b91c,0bc8ac397792a0b665e0e9b1972bf539bd5ab964a296a6dedd8648fcf7741a44,2b2efafb8d7c0cebbd7b392493ecbc0a279f71ee1d4f74197e18d99ecd8c43a7,801c0bf9d69ecdd58b21fb2ba4392137048b466668344ebfc4c8faf6a0d3e2f1,7c8d4f606dc0e46e80d69390a4c1e6e30c3215b09ec2191a2b5fe7195f583a84,cluster_invariant_excursion_event_model_v1,4fc1a02dce9ac2311dabaeb4623a559d37286dfe58baffef53828cc7415a3425,MODEL_FULL_REFIT,not_applicable,not_applicable,not_applicable,-1,-1,not_applicable,not_applicable,True,False,disabled,False,False,False,False,False,False,False
VALIDATION_2025,APLD,UNAVAILABLE_STRUCTURAL_GAP,1,5592b30b8c4f3909d75c67cc,91996a9cf747a614ff6d9e08eaafc3583a58b91c,0bc8ac397792a0b665e0e9b1972bf539bd5ab964a296a6dedd8648fcf7741a44,2b2efafb8d7c0cebbd7b392493ecbc0a279f71ee1d4f74197e18d99ecd8c43a7,801c0bf9d69ecdd58b21fb2ba4392137048b466668344ebfc4c8faf6a0d3e2f1,7c8d4f606dc0e46e80d69390a4c1e6e30c3215b09ec2191a2b5fe7195f583a84,cluster_invariant_excursion_event_model_v1,4fc1a02dce9ac2311dabaeb4623a559d37286dfe58baffef53828cc7415a3425,MODEL_FULL_REFIT,not_applicable,not_applicable,not_applicable,-1,-1,not_applicable,not_applicable,True,False,disabled,False,False,False,False,False,False,False
VALIDATION_2025,APLD,UNRESOLVED_AT_HORIZON,265,5592b30b8c4f3909d75c67cc,91996a9cf747a614ff6d9e08eaafc3583a58b91c,0bc8ac397792a0b665e0e9b1972bf539bd5ab964a296a6dedd8648fcf7741a44,2b2efafb8d7c0cebbd7b392493ecbc0a279f71ee1d4f74197e18d99ecd8c43a7,801c0bf9d69ecdd58b21fb2ba4392137048b466668344ebfc4c8faf6a0d3e2f1,7c8d4f606dc0e46e80d69390a4c1e6e30c3215b09ec2191a2b5fe7195f583a84,cluster_invariant_excursion_event_model_v1,4fc1a02dce9ac2311dabaeb4623a559d37286dfe58baffef53828cc7415a3425,MODEL_FULL_REFIT,not_applicable,not_applicable,not_applicable,-1,-1,not_applicable,not_applicable,True,False,disabled,False,False,False,False,False,False,False
VALIDATION_2025,ASTS,CONTINUE_AWAY,1,5592b30b8c4f3909d75c67cc,91996a9cf747a614ff6d9e08eaafc3583a58b91c,0bc8ac397792a0b665e0e9b1972bf539bd5ab964a296a6dedd8648fcf7741a44,2b2efafb8d7c0cebbd7b392493ecbc0a279f71ee1d4f74197e18d99ecd8c43a7,801c0bf9d69ecdd58b21fb2ba4392137048b466668344ebfc4c8faf6a0d3e2f1,7c8d4f606dc0e46e80d69390a4c1e6e30c3215b09ec2191a2b5fe7195f583a84,cluster_invariant_excursion_event_model_v1,4fc1a02dce9ac2311dabaeb4623a559d37286dfe58baffef53828cc7415a3425,MODEL_FULL_REFIT,not_applicable,not_applicable,not_applicable,-1,-1,not_applicable,not_applicable,True,False,disabled,False,False,False,False,False,False,False
VALIDATION_2025,ASTS,RETURN_TO_ORIGIN,1,5592b30b8c4f3909d75c67cc,91996a9cf747a614ff6d9e08eaafc3583a58b91c,0bc8ac397792a0b665e0e9b1972bf539bd5ab964a296a6dedd8648fcf7741a44,2b2efafb8d7c0cebbd7b392493ecbc0a279f71ee1d4f74197e18d99ecd8c43a7,801c0bf9d69ecdd58b21fb2ba4392137048b466668344ebfc4c8faf6a0d3e2f1,7c8d4f606dc0e46e80d69390a4c1e6e30c3215b09ec2191a2b5fe7195f583a84,cluster_invariant_excursion_event_model_v1,4fc1a02dce9ac2311dabaeb4623a559d37286dfe58baffef53828cc7415a3425,MODEL_FULL_REFIT,not_applicable,not_applicable,not_applicable,-1,-1,not_applicable,not_applicable,True,False,disabled,False,False,False,False,False,False,False
VALIDATION_2025,ASTS,ROTATE_TO_NEW_REGION,27,5592b30b8c4f3909d75c67cc,91996a9cf747a614ff6d9e08eaafc3583a58b91c,0bc8ac397792a0b665e0e9b1972bf539bd5ab964a296a6dedd8648fcf7741a44,2b2efafb8d7c0cebbd7b392493ecbc0a279f71ee1d4f74197e18d99ecd8c43a7,801c0bf9d69ecdd58b21fb2ba4392137048b466668344ebfc4c8faf6a0d3e2f1,7c8d4f606dc0e46e80d69390a4c1e6e30c3215b09ec2191a2b5fe7195f583a84,cluster_invariant_excursion_event_model_v1,4fc1a02dce9ac2311dabaeb4623a559d37286dfe58baffef53828cc7415a3425,MODEL_FULL_REFIT,not_applicable,not_applicable,not_applicable,-1,-1,not_applicable,not_applicable,True,False,disabled,False,False,False,False,False,False,False
VALIDATION_2025,ASTS,SESSION_END,112,5592b30b8c4f3909d75c67cc,91996a9cf747a614ff6d9e08eaafc3583a58b91c,0bc8ac397792a0b665e0e9b1972bf539bd5ab964a296a6dedd8648fcf7741a44,2b2efafb8d7c0cebbd7b392493ecbc0a279f71ee1d4f74197e18d99ecd8c43a7,801c0bf9d69ecdd58b21fb2ba4392137048b466668344ebfc4c8faf6a0d3e2f1,7c8d4f606dc0e46e80d69390a4c1e6e30c3215b09ec2191a2b5fe7195f583a84,cluster_invariant_excursion_event_model_v1,4fc1a02dce9ac2311dabaeb4623a559d37286dfe58baffef53828cc7415a3425,MODEL_FULL_REFIT,not_applicable,not_applicable,not_applicable,-1,-1,not_applicable,not_applicable,True,False,disabled,False,False,False,False,False,False,False
VALIDATION_2025,ASTS,UNAVAILABLE_SOURCE,3,5592b30b8c4f3909d75c67cc,91996a9cf747a614ff6d9e08eaafc3583a58b91c,0bc8ac397792a0b665e0e9b1972bf539bd5ab964a296a6dedd8648fcf7741a44,2b2efafb8d7c0cebbd7b392493ecbc0a279f71ee1d4f74197e18d99ecd8c43a7,801c0bf9d69ecdd58b21fb2ba4392137048b466668344ebfc4c8faf6a0d3e2f1,7c8d4f606dc0e46e80d69390a4c1e6e30c3215b09ec2191a2b5fe7195f583a84,cluster_invariant_excursion_event_model_v1,4fc1a02dce9ac2311dabaeb4623a559d37286dfe58baffef53828cc7415a3425,MODEL_FULL_REFIT,not_applicable,not_applicable,not_applicable,-1,-1,not_applicable,not_applicable,True,False,disabled,False,False,False,False,False,False,False
VALIDATION_2025,ASTS,UNAVAILABLE_STRUCTURAL_GAP,2,5592b30b8c4f3909d75c67cc,91996a9cf747a614ff6d9e08eaafc3583a58b91c,0bc8ac397792a0b665e0e9b1972bf539bd5ab964a296a6dedd8648fcf7741a44,2b2efafb8d7c0cebbd7b392493ecbc0a279f71ee1d4f74197e18d99ecd8c43a7,801c0bf9d69ecdd58b21fb2ba4392137048b466668344ebfc4c8faf6a0d3e2f1,7c8d4f606dc0e46e80d69390a4c1e6e30c3215b09ec2191a2b5fe7195f583a84,cluster_invariant_excursion_event_model_v1,4fc1a02dce9ac2311dabaeb4623a559d37286dfe58baffef53828cc7415a3425,MODEL_FULL_REFIT,not_applicable,not_applicable,not_applicable,-1,-1,not_applicable,not_applicable,True,False,disabled,False,False,False,False,False,False,False
VALIDATION_2025,ASTS,UNRESOLVED_AT_HORIZON,294,5592b30b8c4f3909d75c67cc,91996a9cf747a614ff6d9e08eaafc3583a58b91c,0bc8ac397792a0b665e0e9b1972bf539bd5ab964a296a6dedd8648fcf7741a44,2b2efafb8d7c0cebbd7b392493ecbc0a279f71ee1d4f74197e18d99ecd8c43a7,801c0bf9d69ecdd58b21fb2ba4392137048b466668344ebfc4c8faf6a0d3e2f1,7c8d4f606dc0e46e80d69390a4c1e6e30c3215b09ec2191a2b5fe7195f583a84,cluster_invariant_excursion_event_model_v1,4fc1a02dce9ac2311dabaeb4623a559d37286dfe58baffef53828cc7415a3425,MODEL_FULL_REFIT,not_applicable,not_applicable,not_applicable,-1,-1,not_applicable,not_applicable,True,False,disabled,False,False,False,False,False,False,False
VALIDATION_2025,AXTI,CONTINUE_AWAY,17,5592b30b8c4f3909d75c67cc,91996a9cf747a614ff6d9e08eaafc3583a58b91c,0bc8ac397792a0b665e0e9b1972bf539bd5ab964a296a6dedd8648fcf7741a44,2b2efafb8d7c0cebbd7b392493ecbc0a279f71ee1d4f74197e18d99ecd8c43a7,801c0bf9d69ecdd58b21fb2ba4392137048b466668344ebfc4c8faf6a0d3e2f1,7c8d4f606dc0e46e80d69390a4c1e6e30c3215b09ec2191a2b5fe7195f583a84,cluster_invariant_excursion_event_model_v1,4fc1a02dce9ac2311dabaeb4623a559d37286dfe58baffef53828cc7415a3425,MODEL_FULL_REFIT,not_applicable,not_applicable,not_applicable,-1,-1,not_applicable,not_applicable,True,False,disabled,False,False,False,False,False,False,False
VALIDATION_2025,AXTI,RETURN_TO_ORIGIN,3,5592b30b8c4f3909d75c67cc,91996a9cf747a614ff6d9e08eaafc3583a58b91c,0bc8ac397792a0b665e0e9b1972bf539bd5ab964a296a6dedd8648fcf7741a44,2b2efafb8d7c0cebbd7b392493ecbc0a279f71ee1d4f74197e18d99ecd8c43a7,801c0bf9d69ecdd58b21fb2ba4392137048b466668344ebfc4c8faf6a0d3e2f1,7c8d4f606dc0e46e80d69390a4c1e6e30c3215b09ec2191a2b5fe7195f583a84,cluster_invariant_excursion_event_model_v1,4fc1a02dce9ac2311dabaeb4623a559d37286dfe58baffef53828cc7415a3425,MODEL_FULL_REFIT,not_applicable,not_applicable,not_applicable,-1,-1,not_applicable,not_applicable,True,False,disabled,False,False,False,False,False,False,False
VALIDATION_2025,AXTI,ROTATE_TO_NEW_REGION,4,5592b30b8c4f3909d75c67cc,91996a9cf747a614ff6d9e08eaafc3583a58b91c,0bc8ac397792a0b665e0e9b1972bf539bd5ab964a296a6dedd8648fcf7741a44,2b2efafb8d7c0cebbd7b392493ecbc0a279f71ee1d4f74197e18d99ecd8c43a7,801c0bf9d69ecdd58b21fb2ba4392137048b466668344ebfc4c8faf6a0d3e2f1,7c8d4f606dc0e46e80d69390a4c1e6e30c3215b09ec2191a2b5fe7195f583a84,cluster_invariant_excursion_event_model_v1,4fc1a02dce9ac2311dabaeb4623a559d37286dfe58baffef53828cc7415a3425,MODEL_FULL_REFIT,not_applicable,not_applicable,not_applicable,-1,-1,not_applicable,not_applicable,True,False,disabled,False,False,False,False,False,False,False
VALIDATION_2025,AXTI,SESSION_END,48,5592b30b8c4f3909d75c67cc,91996a9cf747a614ff6d9e08eaafc3583a58b91c,0bc8ac397792a0b665e0e9b1972bf539bd5ab964a296a6dedd8648fcf7741a44,2b2efafb8d7c0cebbd7b392493ecbc0a279f71ee1d4f74197e18d99ecd8c43a7,801c0bf9d69ecdd58b21fb2ba4392137048b466668344ebfc4c8faf6a0d3e2f1,7c8d4f606dc0e46e80d69390a4c1e6e30c3215b09ec2191a2b5fe7195f583a84,cluster_invariant_excursion_event_model_v1,4fc1a02dce9ac2311dabaeb4623a559d37286dfe58baffef53828cc7415a3425,MODEL_FULL_REFIT,not_applicable,not_applicable,not_applicable,-1,-1,not_applicable,not_applicable,True,False,disabled,False,False,False,False,False,False,False
VALIDATION_2025,AXTI,UNAVAILABLE_SOURCE,18,5592b30b8c4f3909d75c67cc,91996a9cf747a614ff6d9e08eaafc3583a58b91c,0bc8ac397792a0b665e0e9b1972bf539bd5ab964a296a6dedd8648fcf7741a44,2b2efafb8d7c0cebbd7b392493ecbc0a279f71ee1d4f74197e18d99ecd8c43a7,801c0bf9d69ecdd58b21fb2ba4392137048b466668344ebfc4c8faf6a0d3e2f1,7c8d4f606dc0e46e80d69390a4c1e6e30c3215b09ec2191a2b5fe7195f583a84,cluster_invariant_excursion_event_model_v1,4fc1a02dce9ac2311dabaeb4623a559d37286dfe58baffef53828cc7415a3425,MODEL_FULL_REFIT,not_applicable,not_applicable,not_applicable,-1,-1,not_applicable,not_applicable,True,False,disabled,False,False,False,False,False,False,False
VALIDATION_2025,AXTI,UNAVAILABLE_STRUCTURAL_GAP,52,5592b30b8c4f3909d75c67cc,91996a9cf747a614ff6d9e08eaafc3583a58b91c,0bc8ac397792a0b665e0e9b1972bf539bd5ab964a296a6dedd8648fcf7741a44,2b2efafb8d7c0cebbd7b392493ecbc0a279f71ee1d4f74197e18d99ecd8c43a7,801c0bf9d69ecdd58b21fb2ba4392137048b466668344ebfc4c8faf6a0d3e2f1,7c8d4f606dc0e46e80d69390a4c1e6e30c3215b09ec2191a2b5fe7195f583a84,cluster_invariant_excursion_event_model_v1,4fc1a02dce9ac2311dabaeb4623a559d37286dfe58baffef53828cc7415a3425,MODEL_FULL_REFIT,not_applicable,not_applicable,not_applicable,-1,-1,not_applicable,not_applicable,True,False,disabled,False,False,False,False,False,False,False
VALIDATION_2025,AXTI,UNRESOLVED_AT_HORIZON,127,5592b30b8c4f3909d75c67cc,91996a9cf747a614ff6d9e08eaafc3583a58b91c,0bc8ac397792a0b665e0e9b1972bf539bd5ab964a296a6dedd8648fcf7741a44,2b2efafb8d7c0cebbd7b392493ecbc0a279f71ee1d4f74197e18d99ecd8c43a7,801c0bf9d69ecdd58b21fb2ba4392137048b466668344ebfc4c8faf6a0d3e2f1,7c8d4f606dc0e46e80d69390a4c1e6e30c3215b09ec2191a2b5fe7195f583a84,cluster_invariant_excursion_event_model_v1,4fc1a02dce9ac2311dabaeb4623a559d37286dfe58baffef53828cc7415a3425,MODEL_FULL_REFIT,not_applicable,not_applicable,not_applicable,-1,-1,not_applicable,not_applicable,True,False,disabled,False,False,False,False,False,False,False
VALIDATION_2025,CIFR,CONTINUE_AWAY,1,5592b30b8c4f3909d75c67cc,91996a9cf747a614ff6d9e08eaafc3583a58b91c,0bc8ac397792a0b665e0e9b1972bf539bd5ab964a296a6dedd8648fcf7741a44,2b2efafb8d7c0cebbd7b392493ecbc0a279f71ee1d4f74197e18d99ecd8c43a7,801c0bf9d69ecdd58b21fb2ba4392137048b466668344ebfc4c8faf6a0d3e2f1,7c8d4f606dc0e46e80d69390a4c1e6e30c3215b09ec2191a2b5fe7195f583a84,cluster_invariant_excursion_event_model_v1,4fc1a02dce9ac2311dabaeb4623a559d37286dfe58baffef53828cc7415a3425,MODEL_FULL_REFIT,not_applicable,not_applicable,not_applicable,-1,-1,not_applicable,not_applicable,True,False,disabled,False,False,False,False,False,False,False
VALIDATION_2025,CIFR,PARTIAL_RETURN,2,5592b30b8c4f3909d75c67cc,91996a9cf747a614ff6d9e08eaafc3583a58b91c,0bc8ac397792a0b665e0e9b1972bf539bd5ab964a296a6dedd8648fcf7741a44,2b2efafb8d7c0cebbd7b392493ecbc0a279f71ee1d4f74197e18d99ecd8c43a7,801c0bf9d69ecdd58b21fb2ba4392137048b466668344ebfc4c8faf6a0d3e2f1,7c8d4f606dc0e46e80d69390a4c1e6e30c3215b09ec2191a2b5fe7195f583a84,cluster_invariant_excursion_event_model_v1,4fc1a02dce9ac2311dabaeb4623a559d37286dfe58baffef53828cc7415a3425,MODEL_FULL_REFIT,not_applicable,not_applicable,not_applicable,-1,-1,not_applicable,not_applicable,True,False,disabled,False,False,False,False,False,False,False
VALIDATION_2025,CIFR,ROTATE_TO_NEW_REGION,30,5592b30b8c4f3909d75c67cc,91996a9cf747a614ff6d9e08eaafc3583a58b91c,0bc8ac397792a0b665e0e9b1972bf539bd5ab964a296a6dedd8648fcf7741a44,2b2efafb8d7c0cebbd7b392493ecbc0a279f71ee1d4f74197e18d99ecd8c43a7,801c0bf9d69ecdd58b21fb2ba4392137048b466668344ebfc4c8faf6a0d3e2f1,7c8d4f606dc0e46e80d69390a4c1e6e30c3215b09ec2191a2b5fe7195f583a84,cluster_invariant_excursion_event_model_v1,4fc1a02dce9ac2311dabaeb4623a559d37286dfe58baffef53828cc7415a3425,MODEL_FULL_REFIT,not_applicable,not_applicable,not_applicable,-1,-1,not_applicable,not_applicable,True,False,disabled,False,False,False,False,False,False,False
VALIDATION_2025,CIFR,SESSION_END,132,5592b30b8c4f3909d75c67cc,91996a9cf747a614ff6d9e08eaafc3583a58b91c,0bc8ac397792a0b665e0e9b1972bf539bd5ab964a296a6dedd8648fcf7741a44,2b2efafb8d7c0cebbd7b392493ecbc0a279f71ee1d4f74197e18d99ecd8c43a7,801c0bf9d69ecdd58b21fb2ba4392137048b466668344ebfc4c8faf6a0d3e2f1,7c8d4f606dc0e46e80d69390a4c1e6e30c3215b09ec2191a2b5fe7195f583a84,cluster_invariant_excursion_event_model_v1,4fc1a02dce9ac2311dabaeb4623a559d37286dfe58baffef53828cc7415a3425,MODEL_FULL_REFIT,not_applicable,not_applicable,not_applicable,-1,-1,not_applicable,not_applicable,True,False,disabled,False,False,False,False,False,False,False
VALIDATION_2025,CIFR,UNAVAILABLE_STRUCTURAL_GAP,1,5592b30b8c4f3909d75c67cc,91996a9cf747a614ff6d9e08eaafc3583a58b91c,0bc8ac397792a0b665e0e9b1972bf539bd5ab964a296a6dedd8648fcf7741a44,2b2efafb8d7c0cebbd7b392493ecbc0a279f71ee1d4f74197e18d99ecd8c43a7,801c0bf9d69ecdd58b21fb2ba4392137048b466668344ebfc4c8faf6a0d3e2f1,7c8d4f606dc0e46e80d69390a4c1e6e30c3215b09ec2191a2b5fe7195f583a84,cluster_invariant_excursion_event_model_v1,4fc1a02dce9ac2311dabaeb4623a559d37286dfe58baffef53828cc7415a3425,MODEL_FULL_REFIT,not_applicable,not_applicable,not_applicable,-1,-1,not_applicable,not_applicable,True,False,disabled,False,False,False,False,False,False,False
VALIDATION_2025,CIFR,UNRESOLVED_AT_HORIZON,289,5592b30b8c4f3909d75c67cc,91996a9cf747a614ff6d9e08eaafc3583a58b91c,0bc8ac397792a0b665e0e9b1972bf539bd5ab964a296a6dedd8648fcf7741a44,2b2efafb8d7c0cebbd7b392493ecbc0a279f71ee1d4f74197e18d99ecd8c43a7,801c0bf9d69ecdd58b21fb2ba4392137048b466668344ebfc4c8faf6a0d3e2f1,7c8d4f606dc0e46e80d69390a4c1e6e30c3215b09ec2191a2b5fe7195f583a84,cluster_invariant_excursion_event_model_v1,4fc1a02dce9ac2311dabaeb4623a559d37286dfe58baffef53828cc7415a3425,MODEL_FULL_REFIT,not_applicable,not_applicable,not_applicable,-1,-1,not_applicable,not_applicable,True,False,disabled,False,False,False,False,False,False,False
VALIDATION_2025,HIMS,CONTINUE_AWAY,1,5592b30b8c4f3909d75c67cc,91996a9cf747a614ff6d9e08eaafc3583a58b91c,0bc8ac397792a0b665e0e9b1972bf539bd5ab964a296a6dedd8648fcf7741a44,2b2efafb8d7c0cebbd7b392493ecbc0a279f71ee1d4f74197e18d99ecd8c43a7,801c0bf9d69ecdd58b21fb2ba4392137048b466668344ebfc4c8faf6a0d3e2f1,7c8d4f606dc0e46e80d69390a4c1e6e30c3215b09ec2191a2b5fe7195f583a84,cluster_invariant_excursion_event_model_v1,4fc1a02dce9ac2311dabaeb4623a559d37286dfe58baffef53828cc7415a3425,MODEL_FULL_REFIT,not_applicable,not_applicable,not_applicable,-1,-1,not_applicable,not_applicable,True,False,disabled,False,False,False,False,False,False,False
VALIDATION_2025,HIMS,ROTATE_TO_NEW_REGION,51,5592b30b8c4f3909d75c67cc,91996a9cf747a614ff6d9e08eaafc3583a58b91c,0bc8ac397792a0b665e0e9b1972bf539bd5ab964a296a6dedd8648fcf7741a44,2b2efafb8d7c0cebbd7b392493ecbc0a279f71ee1d4f74197e18d99ecd8c43a7,801c0bf9d69ecdd58b21fb2ba4392137048b466668344ebfc4c8faf6a0d3e2f1,7c8d4f606dc0e46e80d69390a4c1e6e30c3215b09ec2191a2b5fe7195f583a84,cluster_invariant_excursion_event_model_v1,4fc1a02dce9ac2311dabaeb4623a559d37286dfe58baffef53828cc7415a3425,MODEL_FULL_REFIT,not_applicable,not_applicable,not_applicable,-1,-1,not_applicable,not_applicable,True,False,disabled,False,False,False,False,False,False,False
VALIDATION_2025,HIMS,SESSION_END,116,5592b30b8c4f3909d75c67cc,91996a9cf747a614ff6d9e08eaafc3583a58b91c,0bc8ac397792a0b665e0e9b1972bf539bd5ab964a296a6dedd8648fcf7741a44,2b2efafb8d7c0cebbd7b392493ecbc0a279f71ee1d4f74197e18d99ecd8c43a7,801c0bf9d69ecdd58b21fb2ba4392137048b466668344ebfc4c8faf6a0d3e2f1,7c8d4f606dc0e46e80d69390a4c1e6e30c3215b09ec2191a2b5fe7195f583a84,cluster_invariant_excursion_event_model_v1,4fc1a02dce9ac2311dabaeb4623a559d37286dfe58baffef53828cc7415a3425,MODEL_FULL_REFIT,not_applicable,not_applicable,not_applicable,-1,-1,not_applicable,not_applicable,True,False,disabled,False,False,False,False,False,False,False
VALIDATION_2025,HIMS,UNAVAILABLE_STRUCTURAL_GAP,3,5592b30b8c4f3909d75c67cc,91996a9cf747a614ff6d9e08eaafc3583a58b91c,0bc8ac397792a0b665e0e9b1972bf539bd5ab964a296a6dedd8648fcf7741a44,2b2efafb8d7c0cebbd7b392493ecbc0a279f71ee1d4f74197e18d99ecd8c43a7,801c0bf9d69ecdd58b21fb2ba4392137048b466668344ebfc4c8faf6a0d3e2f1,7c8d4f606dc0e46e80d69390a4c1e6e30c3215b09ec2191a2b5fe7195f583a84,cluster_invariant_excursion_event_model_v1,4fc1a02dce9ac2311dabaeb4623a559d37286dfe58baffef53828cc7415a3425,MODEL_FULL_REFIT,not_applicable,not_applicable,not_applicable,-1,-1,not_applicable,not_applicable,True,False,disabled,False,False,False,False,False,False,False
VALIDATION_2025,HIMS,UNRESOLVED_AT_HORIZON,270,5592b30b8c4f3909d75c67cc,91996a9cf747a614ff6d9e08eaafc3583a58b91c,0bc8ac397792a0b665e0e9b1972bf539bd5ab964a296a6dedd8648fcf7741a44,2b2efafb8d7c0cebbd7b392493ecbc0a279f71ee1d4f74197e18d99ecd8c43a7,801c0bf9d69ecdd58b21fb2ba4392137048b466668344ebfc4c8faf6a0d3e2f1,7c8d4f606dc0e46e80d69390a4c1e6e30c3215b09ec2191a2b5fe7195f583a84,cluster_invariant_excursion_event_model_v1,4fc1a02dce9ac2311dabaeb4623a559d37286dfe58baffef53828cc7415a3425,MODEL_FULL_REFIT,not_applicable,not_applicable,not_applicable,-1,-1,not_applicable,not_applicable,True,False,disabled,False,False,False,False,False,False,False
VALIDATION_2025,IONQ,ROTATE_TO_NEW_REGION,47,5592b30b8c4f3909d75c67cc,91996a9cf747a614ff6d9e08eaafc3583a58b91c,0bc8ac397792a0b665e0e9b1972bf539bd5ab964a296a6dedd8648fcf7741a44,2b2efafb8d7c0cebbd7b392493ecbc0a279f71ee1d4f74197e18d99ecd8c43a7,801c0bf9d69ecdd58b21fb2ba4392137048b466668344ebfc4c8faf6a0d3e2f1,7c8d4f606dc0e46e80d69390a4c1e6e30c3215b09ec2191a2b5fe7195f583a84,cluster_invariant_excursion_event_model_v1,4fc1a02dce9ac2311dabaeb4623a559d37286dfe58baffef53828cc7415a3425,MODEL_FULL_REFIT,not_applicable,not_applicable,not_applicable,-1,-1,not_applicable,not_applicable,True,False,disabled,False,False,False,False,False,False,False
VALIDATION_2025,IONQ,SESSION_END,112,5592b30b8c4f3909d75c67cc,91996a9cf747a614ff6d9e08eaafc3583a58b91c,0bc8ac397792a0b665e0e9b1972bf539bd5ab964a296a6dedd8648fcf7741a44,2b2efafb8d7c0cebbd7b392493ecbc0a279f71ee1d4f74197e18d99ecd8c43a7,801c0bf9d69ecdd58b21fb2ba4392137048b466668344ebfc4c8faf6a0d3e2f1,7c8d4f606dc0e46e80d69390a4c1e6e30c3215b09ec2191a2b5fe7195f583a84,cluster_invariant_excursion_event_model_v1,4fc1a02dce9ac2311dabaeb4623a559d37286dfe58baffef53828cc7415a3425,MODEL_FULL_REFIT,not_applicable,not_applicable,not_applicable,-1,-1,not_applicable,not_applicable,True,False,disabled,False,False,False,False,False,False,False
VALIDATION_2025,IONQ,UNAVAILABLE_SOURCE,1,5592b30b8c4f3909d75c67cc,91996a9cf747a614ff6d9e08eaafc3583a58b91c,0bc8ac397792a0b665e0e9b1972bf539bd5ab964a296a6dedd8648fcf7741a44,2b2efafb8d7c0cebbd7b392493ecbc0a279f71ee1d4f74197e18d99ecd8c43a7,801c0bf9d69ecdd58b21fb2ba4392137048b466668344ebfc4c8faf6a0d3e2f1,7c8d4f606dc0e46e80d69390a4c1e6e30c3215b09ec2191a2b5fe7195f583a84,cluster_invariant_excursion_event_model_v1,4fc1a02dce9ac2311dabaeb4623a559d37286dfe58baffef53828cc7415a3425,MODEL_FULL_REFIT,not_applicable,not_applicable,not_applicable,-1,-1,not_applicable,not_applicable,True,False,disabled,False,False,False,False,False,False,False
VALIDATION_2025,IONQ,UNAVAILABLE_STRUCTURAL_GAP,3,5592b30b8c4f3909d75c67cc,91996a9cf747a614ff6d9e08eaafc3583a58b91c,0bc8ac397792a0b665e0e9b1972bf539bd5ab964a296a6dedd8648fcf7741a44,2b2efafb8d7c0cebbd7b392493ecbc0a279f71ee1d4f74197e18d99ecd8c43a7,801c0bf9d69ecdd58b21fb2ba4392137048b466668344ebfc4c8faf6a0d3e2f1,7c8d4f606dc0e46e80d69390a4c1e6e30c3215b09ec2191a2b5fe7195f583a84,cluster_invariant_excursion_event_model_v1,4fc1a02dce9ac2311dabaeb4623a559d37286dfe58baffef53828cc7415a3425,MODEL_FULL_REFIT,not_applicable,not_applicable,not_applicable,-1,-1,not_applicable,not_applicable,True,False,disabled,False,False,False,False,False,False,False
VALIDATION_2025,IONQ,UNRESOLVED_AT_HORIZON,267,5592b30b8c4f3909d75c67cc,91996a9cf747a614ff6d9e08eaafc3583a58b91c,0bc8ac397792a0b665e0e9b1972bf539bd5ab964a296a6dedd8648fcf7741a44,2b2efafb8d7c0cebbd7b392493ecbc0a279f71ee1d4f74197e18d99ecd8c43a7,801c0bf9d69ecdd58b21fb2ba4392137048b466668344ebfc4c8faf6a0d3e2f1,7c8d4f606dc0e46e80d69390a4c1e6e30c3215b09ec2191a2b5fe7195f583a84,cluster_invariant_excursion_event_model_v1,4fc1a02dce9ac2311dabaeb4623a559d37286dfe58baffef53828cc7415a3425,MODEL_FULL_REFIT,not_applicable,not_applicable,not_applicable,-1,-1,not_applicable,not_applicable,True,False,disabled,False,False,False,False,False,False,False
VALIDATION_2025,IREN,CONTINUE_AWAY,3,5592b30b8c4f3909d75c67cc,91996a9cf747a614ff6d9e08eaafc3583a58b91c,0bc8ac397792a0b665e0e9b1972bf539bd5ab964a296a6dedd8648fcf7741a44,2b2efafb8d7c0cebbd7b392493ecbc0a279f71ee1d4f74197e18d99ecd8c43a7,801c0bf9d69ecdd58b21fb2ba4392137048b466668344ebfc4c8faf6a0d3e2f1,7c8d4f606dc0e46e80d69390a4c1e6e30c3215b09ec2191a2b5fe7195f583a84,cluster_invariant_excursion_event_model_v1,4fc1a02dce9ac2311dabaeb4623a559d37286dfe58baffef53828cc7415a3425,MODEL_FULL_REFIT,not_applicable,not_applicable,not_applicable,-1,-1,not_applicable,not_applicable,True,False,disabled,False,False,False,False,False,False,False
VALIDATION_2025,IREN,ROTATE_TO_NEW_REGION,29,5592b30b8c4f3909d75c67cc,91996a9cf747a614ff6d9e08eaafc3583a58b91c,0bc8ac397792a0b665e0e9b1972bf539bd5ab964a296a6dedd8648fcf7741a44,2b2efafb8d7c0cebbd7b392493ecbc0a279f71ee1d4f74197e18d99ecd8c43a7,801c0bf9d69ecdd58b21fb2ba4392137048b466668344ebfc4c8faf6a0d3e2f1,7c8d4f606dc0e46e80d69390a4c1e6e30c3215b09ec2191a2b5fe7195f583a84,cluster_invariant_excursion_event_model_v1,4fc1a02dce9ac2311dabaeb4623a559d37286dfe58baffef53828cc7415a3425,MODEL_FULL_REFIT,not_applicable,not_applicable,not_applicable,-1,-1,not_applicable,not_applicable,True,False,disabled,False,False,False,False,False,False,False
VALIDATION_2025,IREN,SESSION_END,125,5592b30b8c4f3909d75c67cc,91996a9cf747a614ff6d9e08eaafc3583a58b91c,0bc8ac397792a0b665e0e9b1972bf539bd5ab964a296a6dedd8648fcf7741a44,2b2efafb8d7c0cebbd7b392493ecbc0a279f71ee1d4f74197e18d99ecd8c43a7,801c0bf9d69ecdd58b21fb2ba4392137048b466668344ebfc4c8faf6a0d3e2f1,7c8d4f606dc0e46e80d69390a4c1e6e30c3215b09ec2191a2b5fe7195f583a84,cluster_invariant_excursion_event_model_v1,4fc1a02dce9ac2311dabaeb4623a559d37286dfe58baffef53828cc7415a3425,MODEL_FULL_REFIT,not_applicable,not_applicable,not_applicable,-1,-1,not_applicable,not_applicable,True,False,disabled,False,False,False,False,False,False,False
VALIDATION_2025,IREN,UNAVAILABLE_SOURCE,4,5592b30b8c4f3909d75c67cc,91996a9cf747a614ff6d9e08eaafc3583a58b91c,0bc8ac397792a0b665e0e9b1972bf539bd5ab964a296a6dedd8648fcf7741a44,2b2efafb8d7c0cebbd7b392493ecbc0a279f71ee1d4f74197e18d99ecd8c43a7,801c0bf9d69ecdd58b21fb2ba4392137048b466668344ebfc4c8faf6a0d3e2f1,7c8d4f606dc0e46e80d69390a4c1e6e30c3215b09ec2191a2b5fe7195f583a84,cluster_invariant_excursion_event_model_v1,4fc1a02dce9ac2311dabaeb4623a559d37286dfe58baffef53828cc7415a3425,MODEL_FULL_REFIT,not_applicable,not_applicable,not_applicable,-1,-1,not_applicable,not_applicable,True,False,disabled,False,False,False,False,False,False,False
VALIDATION_2025,IREN,UNAVAILABLE_STRUCTURAL_GAP,1,5592b30b8c4f3909d75c67cc,91996a9cf747a614ff6d9e08eaafc3583a58b91c,0bc8ac397792a0b665e0e9b1972bf539bd5ab964a296a6dedd8648fcf7741a44,2b2efafb8d7c0cebbd7b392493ecbc0a279f71ee1d4f74197e18d99ecd8c43a7,801c0bf9d69ecdd58b21fb2ba4392137048b466668344ebfc4c8faf6a0d3e2f1,7c8d4f606dc0e46e80d69390a4c1e6e30c3215b09ec2191a2b5fe7195f583a84,cluster_invariant_excursion_event_model_v1,4fc1a02dce9ac2311dabaeb4623a559d37286dfe58baffef53828cc7415a3425,MODEL_FULL_REFIT,not_applicable,not_applicable,not_applicable,-1,-1,not_applicable,not_applicable,True,False,disabled,False,False,False,False,False,False,False
VALIDATION_2025,IREN,UNRESOLVED_AT_HORIZON,278,5592b30b8c4f3909d75c67cc,91996a9cf747a614ff6d9e08eaafc3583a58b91c,0bc8ac397792a0b665e0e9b1972bf539bd5ab964a296a6dedd8648fcf7741a44,2b2efafb8d7c0cebbd7b392493ecbc0a279f71ee1d4f74197e18d99ecd8c43a7,801c0bf9d69ecdd58b21fb2ba4392137048b466668344ebfc4c8faf6a0d3e2f1,7c8d4f606dc0e46e80d69390a4c1e6e30c3215b09ec2191a2b5fe7195f583a84,cluster_invariant_excursion_event_model_v1,4fc1a02dce9ac2311dabaeb4623a559d37286dfe58baffef53828cc7415a3425,MODEL_FULL_REFIT,not_applicable,not_applicable,not_applicable,-1,-1,not_applicable,not_applicable,True,False,disabled,False,False,False,False,False,False,False
VALIDATION_2025,MARA,PARTIAL_RETURN,1,5592b30b8c4f3909d75c67cc,91996a9cf747a614ff6d9e08eaafc3583a58b91c,0bc8ac397792a0b665e0e9b1972bf539bd5ab964a296a6dedd8648fcf7741a44,2b2efafb8d7c0cebbd7b392493ecbc0a279f71ee1d4f74197e18d99ecd8c43a7,801c0bf9d69ecdd58b21fb2ba4392137048b466668344ebfc4c8faf6a0d3e2f1,7c8d4f606dc0e46e80d69390a4c1e6e30c3215b09ec2191a2b5fe7195f583a84,cluster_invariant_excursion_event_model_v1,4fc1a02dce9ac2311dabaeb4623a559d37286dfe58baffef53828cc7415a3425,MODEL_FULL_REFIT,not_applicable,not_applicable,not_applicable,-1,-1,not_applicable,not_applicable,True,False,disabled,False,False,False,False,False,False,False
VALIDATION_2025,MARA,ROTATE_TO_NEW_REGION,47,5592b30b8c4f3909d75c67cc,91996a9cf747a614ff6d9e08eaafc3583a58b91c,0bc8ac397792a0b665e0e9b1972bf539bd5ab964a296a6dedd8648fcf7741a44,2b2efafb8d7c0cebbd7b392493ecbc0a279f71ee1d4f74197e18d99ecd8c43a7,801c0bf9d69ecdd58b21fb2ba4392137048b466668344ebfc4c8faf6a0d3e2f1,7c8d4f606dc0e46e80d69390a4c1e6e30c3215b09ec2191a2b5fe7195f583a84,cluster_invariant_excursion_event_model_v1,4fc1a02dce9ac2311dabaeb4623a559d37286dfe58baffef53828cc7415a3425,MODEL_FULL_REFIT,not_applicable,not_applicable,not_applicable,-1,-1,not_applicable,not_applicable,True,False,disabled,False,False,False,False,False,False,False
VALIDATION_2025,MARA,SESSION_END,125,5592b30b8c4f3909d75c67cc,91996a9cf747a614ff6d9e08eaafc3583a58b91c,0bc8ac397792a0b665e0e9b1972bf539bd5ab964a296a6dedd8648fcf7741a44,2b2efafb8d7c0cebbd7b392493ecbc0a279f71ee1d4f74197e18d99ecd8c43a7,801c0bf9d69ecdd58b21fb2ba4392137048b466668344ebfc4c8faf6a0d3e2f1,7c8d4f606dc0e46e80d69390a4c1e6e30c3215b09ec2191a2b5fe7195f583a84,cluster_invariant_excursion_event_model_v1,4fc1a02dce9ac2311dabaeb4623a559d37286dfe58baffef53828cc7415a3425,MODEL_FULL_REFIT,not_applicable,not_applicable,not_applicable,-1,-1,not_applicable,not_applicable,True,False,disabled,False,False,False,False,False,False,False
VALIDATION_2025,MARA,UNAVAILABLE_SOURCE,3,5592b30b8c4f3909d75c67cc,91996a9cf747a614ff6d9e08eaafc3583a58b91c,0bc8ac397792a0b665e0e9b1972bf539bd5ab964a296a6dedd8648fcf7741a44,2b2efafb8d7c0cebbd7b392493ecbc0a279f71ee1d4f74197e18d99ecd8c43a7,801c0bf9d69ecdd58b21fb2ba4392137048b466668344ebfc4c8faf6a0d3e2f1,7c8d4f606dc0e46e80d69390a4c1e6e30c3215b09ec2191a2b5fe7195f583a84,cluster_invariant_excursion_event_model_v1,4fc1a02dce9ac2311dabaeb4623a559d37286dfe58baffef53828cc7415a3425,MODEL_FULL_REFIT,not_applicable,not_applicable,not_applicable,-1,-1,not_applicable,not_applicable,True,False,disabled,False,False,False,False,False,False,False
VALIDATION_2025,MARA,UNRESOLVED_AT_HORIZON,240,5592b30b8c4f3909d75c67cc,91996a9cf747a614ff6d9e08eaafc3583a58b91c,0bc8ac397792a0b665e0e9b1972bf539bd5ab964a296a6dedd8648fcf7741a44,2b2efafb8d7c0cebbd7b392493ecbc0a279f71ee1d4f74197e18d99ecd8c43a7,801c0bf9d69ecdd58b21fb2ba4392137048b466668344ebfc4c8faf6a0d3e2f1,7c8d4f606dc0e46e80d69390a4c1e6e30c3215b09ec2191a2b5fe7195f583a84,cluster_invariant_excursion_event_model_v1,4fc1a02dce9ac2311dabaeb4623a559d37286dfe58baffef53828cc7415a3425,MODEL_FULL_REFIT,not_applicable,not_applicable,not_applicable,-1,-1,not_applicable,not_applicable,True,False,disabled,False,False,False,False,False,False,False
VALIDATION_2025,MP,CONTINUE_AWAY,1,5592b30b8c4f3909d75c67cc,91996a9cf747a614ff6d9e08eaafc3583a58b91c,0bc8ac397792a0b665e0e9b1972bf539bd5ab964a296a6dedd8648fcf7741a44,2b2efafb8d7c0cebbd7b392493ecbc0a279f71ee1d4f74197e18d99ecd8c43a7,801c0bf9d69ecdd58b21fb2ba4392137048b466668344ebfc4c8faf6a0d3e2f1,7c8d4f606dc0e46e80d69390a4c1e6e30c3215b09ec2191a2b5fe7195f583a84,cluster_invariant_excursion_event_model_v1,4fc1a02dce9ac2311dabaeb4623a559d37286dfe58baffef53828cc7415a3425,MODEL_FULL_REFIT,not_applicable,not_applicable,not_applicable,-1,-1,not_applicable,not_applicable,True,False,disabled,False,False,False,False,False,False,False
VALIDATION_2025,MP,ROTATE_TO_NEW_REGION,23,5592b30b8c4f3909d75c67cc,91996a9cf747a614ff6d9e08eaafc3583a58b91c,0bc8ac397792a0b665e0e9b1972bf539bd5ab964a296a6dedd8648fcf7741a44,2b2efafb8d7c0cebbd7b392493ecbc0a279f71ee1d4f74197e18d99ecd8c43a7,801c0bf9d69ecdd58b21fb2ba4392137048b466668344ebfc4c8faf6a0d3e2f1,7c8d4f606dc0e46e80d69390a4c1e6e30c3215b09ec2191a2b5fe7195f583a84,cluster_invariant_excursion_event_model_v1,4fc1a02dce9ac2311dabaeb4623a559d37286dfe58baffef53828cc7415a3425,MODEL_FULL_REFIT,not_applicable,not_applicable,not_applicable,-1,-1,not_applicable,not_applicable,True,False,disabled,False,False,False,False,False,False,False
VALIDATION_2025,MP,SESSION_END,126,5592b30b8c4f3909d75c67cc,91996a9cf747a614ff6d9e08eaafc3583a58b91c,0bc8ac397792a0b665e0e9b1972bf539bd5ab964a296a6dedd8648fcf7741a44,2b2efafb8d7c0cebbd7b392493ecbc0a279f71ee1d4f74197e18d99ecd8c43a7,801c0bf9d69ecdd58b21fb2ba4392137048b466668344ebfc4c8faf6a0d3e2f1,7c8d4f606dc0e46e80d69390a4c1e6e30c3215b09ec2191a2b5fe7195f583a84,cluster_invariant_excursion_event_model_v1,4fc1a02dce9ac2311dabaeb4623a559d37286dfe58baffef53828cc7415a3425,MODEL_FULL_REFIT,not_applicable,not_applicable,not_applicable,-1,-1,not_applicable,not_applicable,True,False,disabled,False,False,False,False,False,False,False
VALIDATION_2025,MP,UNAVAILABLE_STRUCTURAL_GAP,4,5592b30b8c4f3909d75c67cc,91996a9cf747a614ff6d9e08eaafc3583a58b91c,0bc8ac397792a0b665e0e9b1972bf539bd5ab964a296a6dedd8648fcf7741a44,2b2efafb8d7c0cebbd7b392493ecbc0a279f71ee1d4f74197e18d99ecd8c43a7,801c0bf9d69ecdd58b21fb2ba4392137048b466668344ebfc4c8faf6a0d3e2f1,7c8d4f606dc0e46e80d69390a4c1e6e30c3215b09ec2191a2b5fe7195f583a84,cluster_invariant_excursion_event_model_v1,4fc1a02dce9ac2311dabaeb4623a559d37286dfe58baffef53828cc7415a3425,MODEL_FULL_REFIT,not_applicable,not_applicable,not_applicable,-1,-1,not_applicable,not_applicable,True,False,disabled,False,False,False,False,False,False,False
VALIDATION_2025,MP,UNRESOLVED_AT_HORIZON,305,5592b30b8c4f3909d75c67cc,91996a9cf747a614ff6d9e08eaafc3583a58b91c,0bc8ac397792a0b665e0e9b1972bf539bd5ab964a296a6dedd8648fcf7741a44,2b2efafb8d7c0cebbd7b392493ecbc0a279f71ee1d4f74197e18d99ecd8c43a7,801c0bf9d69ecdd58b21fb2ba4392137048b466668344ebfc4c8faf6a0d3e2f1,7c8d4f606dc0e46e80d69390a4c1e6e30c3215b09ec2191a2b5fe7195f583a84,cluster_invariant_excursion_event_model_v1,4fc1a02dce9ac2311dabaeb4623a559d37286dfe58baffef53828cc7415a3425,MODEL_FULL_REFIT,not_applicable,not_applicable,not_applicable,-1,-1,not_applicable,not_applicable,True,False,disabled,False,False,False,False,False,False,False
VALIDATION_2025,MRNA,CONTINUE_AWAY,1,5592b30b8c4f3909d75c67cc,91996a9cf747a614ff6d9e08eaafc3583a58b91c,0bc8ac397792a0b665e0e9b1972bf539bd5ab964a296a6dedd8648fcf7741a44,2b2efafb8d7c0cebbd7b392493ecbc0a279f71ee1d4f74197e18d99ecd8c43a7,801c0bf9d69ecdd58b21fb2ba4392137048b466668344ebfc4c8faf6a0d3e2f1,7c8d4f606dc0e46e80d69390a4c1e6e30c3215b09ec2191a2b5fe7195f583a84,cluster_invariant_excursion_event_model_v1,4fc1a02dce9ac2311dabaeb4623a559d37286dfe58baffef53828cc7415a3425,MODEL_FULL_REFIT,not_applicable,not_applicable,not_applicable,-1,-1,not_applicable,not_applicable,True,False,disabled,False,False,False,False,False,False,False
VALIDATION_2025,MRNA,RETURN_TO_ORIGIN,1,5592b30b8c4f3909d75c67cc,91996a9cf747a614ff6d9e08eaafc3583a58b91c,0bc8ac397792a0b665e0e9b1972bf539bd5ab964a296a6dedd8648fcf7741a44,2b2efafb8d7c0cebbd7b392493ecbc0a279f71ee1d4f74197e18d99ecd8c43a7,801c0bf9d69ecdd58b21fb2ba4392137048b466668344ebfc4c8faf6a0d3e2f1,7c8d4f606dc0e46e80d69390a4c1e6e30c3215b09ec2191a2b5fe7195f583a84,cluster_invariant_excursion_event_model_v1,4fc1a02dce9ac2311dabaeb4623a559d37286dfe58baffef53828cc7415a3425,MODEL_FULL_REFIT,not_applicable,not_applicable,not_applicable,-1,-1,not_applicable,not_applicable,True,False,disabled,False,False,False,False,False,False,False
VALIDATION_2025,MRNA,ROTATE_TO_NEW_REGION,19,5592b30b8c4f3909d75c67cc,91996a9cf747a614ff6d9e08eaafc3583a58b91c,0bc8ac397792a0b665e0e9b1972bf539bd5ab964a296a6dedd8648fcf7741a44,2b2efafb8d7c0cebbd7b392493ecbc0a279f71ee1d4f74197e18d99ecd8c43a7,801c0bf9d69ecdd58b21fb2ba4392137048b466668344ebfc4c8faf6a0d3e2f1,7c8d4f606dc0e46e80d69390a4c1e6e30c3215b09ec2191a2b5fe7195f583a84,cluster_invariant_excursion_event_model_v1,4fc1a02dce9ac2311dabaeb4623a559d37286dfe58baffef53828cc7415a3425,MODEL_FULL_REFIT,not_applicable,not_applicable,not_applicable,-1,-1,not_applicable,not_applicable,True,False,disabled,False,False,False,False,False,False,False
VALIDATION_2025,MRNA,SESSION_END,115,5592b30b8c4f3909d75c67cc,91996a9cf747a614ff6d9e08eaafc3583a58b91c,0bc8ac397792a0b665e0e9b1972bf539bd5ab964a296a6dedd8648fcf7741a44,2b2efafb8d7c0cebbd7b392493ecbc0a279f71ee1d4f74197e18d99ecd8c43a7,801c0bf9d69ecdd58b21fb2ba4392137048b466668344ebfc4c8faf6a0d3e2f1,7c8d4f606dc0e46e80d69390a4c1e6e30c3215b09ec2191a2b5fe7195f583a84,cluster_invariant_excursion_event_model_v1,4fc1a02dce9ac2311dabaeb4623a559d37286dfe58baffef53828cc7415a3425,MODEL_FULL_REFIT,not_applicable,not_applicable,not_applicable,-1,-1,not_applicable,not_applicable,True,False,disabled,False,False,False,False,False,False,False
VALIDATION_2025,MRNA,UNAVAILABLE_SOURCE,4,5592b30b8c4f3909d75c67cc,91996a9cf747a614ff6d9e08eaafc3583a58b91c,0bc8ac397792a0b665e0e9b1972bf539bd5ab964a296a6dedd8648fcf7741a44,2b2efafb8d7c0cebbd7b392493ecbc0a279f71ee1d4f74197e18d99ecd8c43a7,801c0bf9d69ecdd58b21fb2ba4392137048b466668344ebfc4c8faf6a0d3e2f1,7c8d4f606dc0e46e80d69390a4c1e6e30c3215b09ec2191a2b5fe7195f583a84,cluster_invariant_excursion_event_model_v1,4fc1a02dce9ac2311dabaeb4623a559d37286dfe58baffef53828cc7415a3425,MODEL_FULL_REFIT,not_applicable,not_applicable,not_applicable,-1,-1,not_applicable,not_applicable,True,False,disabled,False,False,False,False,False,False,False
VALIDATION_2025,MRNA,UNRESOLVED_AT_HORIZON,299,5592b30b8c4f3909d75c67cc,91996a9cf747a614ff6d9e08eaafc3583a58b91c,0bc8ac397792a0b665e0e9b1972bf539bd5ab964a296a6dedd8648fcf7741a44,2b2efafb8d7c0cebbd7b392493ecbc0a279f71ee1d4f74197e18d99ecd8c43a7,801c0bf9d69ecdd58b21fb2ba4392137048b466668344ebfc4c8faf6a0d3e2f1,7c8d4f606dc0e46e80d69390a4c1e6e30c3215b09ec2191a2b5fe7195f583a84,cluster_invariant_excursion_event_model_v1,4fc1a02dce9ac2311dabaeb4623a559d37286dfe58baffef53828cc7415a3425,MODEL_FULL_REFIT,not_applicable,not_applicable,not_applicable,-1,-1,not_applicable,not_applicable,True,False,disabled,False,False,False,False,False,False,False
VALIDATION_2025,MSTR,PARTIAL_RETURN,1,5592b30b8c4f3909d75c67cc,91996a9cf747a614ff6d9e08eaafc3583a58b91c,0bc8ac397792a0b665e0e9b1972bf539bd5ab964a296a6dedd8648fcf7741a44,2b2efafb8d7c0cebbd7b392493ecbc0a279f71ee1d4f74197e18d99ecd8c43a7,801c0bf9d69ecdd58b21fb2ba4392137048b466668344ebfc4c8faf6a0d3e2f1,7c8d4f606dc0e46e80d69390a4c1e6e30c3215b09ec2191a2b5fe7195f583a84,cluster_invariant_excursion_event_model_v1,4fc1a02dce9ac2311dabaeb4623a559d37286dfe58baffef53828cc7415a3425,MODEL_FULL_REFIT,not_applicable,not_applicable,not_applicable,-1,-1,not_applicable,not_applicable,True,False,disabled,False,False,False,False,False,False,False
VALIDATION_2025,MSTR,ROTATE_TO_NEW_REGION,33,5592b30b8c4f3909d75c67cc,91996a9cf747a614ff6d9e08eaafc3583a58b91c,0bc8ac397792a0b665e0e9b1972bf539bd5ab964a296a6dedd8648fcf7741a44,2b2efafb8d7c0cebbd7b392493ecbc0a279f71ee1d4f74197e18d99ecd8c43a7,801c0bf9d69ecdd58b21fb2ba4392137048b466668344ebfc4c8faf6a0d3e2f1,7c8d4f606dc0e46e80d69390a4c1e6e30c3215b09ec2191a2b5fe7195f583a84,cluster_invariant_excursion_event_model_v1,4fc1a02dce9ac2311dabaeb4623a559d37286dfe58baffef53828cc7415a3425,MODEL_FULL_REFIT,not_applicable,not_applicable,not_applicable,-1,-1,not_applicable,not_applicable,True,False,disabled,False,False,False,False,False,False,False
VALIDATION_2025,MSTR,SESSION_END,126,5592b30b8c4f3909d75c67cc,91996a9cf747a614ff6d9e08eaafc3583a58b91c,0bc8ac397792a0b665e0e9b1972bf539bd5ab964a296a6dedd8648fcf7741a44,2b2efafb8d7c0cebbd7b392493ecbc0a279f71ee1d4f74197e18d99ecd8c43a7,801c0bf9d69ecdd58b21fb2ba4392137048b466668344ebfc4c8faf6a0d3e2f1,7c8d4f606dc0e46e80d69390a4c1e6e30c3215b09ec2191a2b5fe7195f583a84,cluster_invariant_excursion_event_model_v1,4fc1a02dce9ac2311dabaeb4623a559d37286dfe58baffef53828cc7415a3425,MODEL_FULL_REFIT,not_applicable,not_applicable,not_applicable,-1,-1,not_applicable,not_applicable,True,False,disabled,False,False,False,False,False,False,False
VALIDATION_2025,MSTR,UNAVAILABLE_SOURCE,2,5592b30b8c4f3909d75c67cc,91996a9cf747a614ff6d9e08eaafc3583a58b91c,0bc8ac397792a0b665e0e9b1972bf539bd5ab964a296a6dedd8648fcf7741a44,2b2efafb8d7c0cebbd7b392493ecbc0a279f71ee1d4f74197e18d99ecd8c43a7,801c0bf9d69ecdd58b21fb2ba4392137048b466668344ebfc4c8faf6a0d3e2f1,7c8d4f606dc0e46e80d69390a4c1e6e30c3215b09ec2191a2b5fe7195f583a84,cluster_invariant_excursion_event_model_v1,4fc1a02dce9ac2311dabaeb4623a559d37286dfe58baffef53828cc7415a3425,MODEL_FULL_REFIT,not_applicable,not_applicable,not_applicable,-1,-1,not_applicable,not_applicable,True,False,disabled,False,False,False,False,False,False,False
VALIDATION_2025,MSTR,UNAVAILABLE_STRUCTURAL_GAP,1,5592b30b8c4f3909d75c67cc,91996a9cf747a614ff6d9e08eaafc3583a58b91c,0bc8ac397792a0b665e0e9b1972bf539bd5ab964a296a6dedd8648fcf7741a44,2b2efafb8d7c0cebbd7b392493ecbc0a279f71ee1d4f74197e18d99ecd8c43a7,801c0bf9d69ecdd58b21fb2ba4392137048b466668344ebfc4c8faf6a0d3e2f1,7c8d4f606dc0e46e80d69390a4c1e6e30c3215b09ec2191a2b5fe7195f583a84,cluster_invariant_excursion_event_model_v1,4fc1a02dce9ac2311dabaeb4623a559d37286dfe58baffef53828cc7415a3425,MODEL_FULL_REFIT,not_applicable,not_applicable,not_applicable,-1,-1,not_applicable,not_applicable,True,False,disabled,False,False,False,False,False,False,False
VALIDATION_2025,MSTR,UNRESOLVED_AT_HORIZON,241,5592b30b8c4f3909d75c67cc,91996a9cf747a614ff6d9e08eaafc3583a58b91c,0bc8ac397792a0b665e0e9b1972bf539bd5ab964a296a6dedd8648fcf7741a44,2b2efafb8d7c0cebbd7b392493ecbc0a279f71ee1d4f74197e18d99ecd8c43a7,801c0bf9d69ecdd58b21fb2ba4392137048b466668344ebfc4c8faf6a0d3e2f1,7c8d4f606dc0e46e80d69390a4c1e6e30c3215b09ec2191a2b5fe7195f583a84,cluster_invariant_excursion_event_model_v1,4fc1a02dce9ac2311dabaeb4623a559d37286dfe58baffef53828cc7415a3425,MODEL_FULL_REFIT,not_applicable,not_applicable,not_applicable,-1,-1,not_applicable,not_applicable,True,False,disabled,False,False,False,False,False,False,False
VALIDATION_2025,NVTS,ROTATE_TO_NEW_REGION,20,5592b30b8c4f3909d75c67cc,91996a9cf747a614ff6d9e08eaafc3583a58b91c,0bc8ac397792a0b665e0e9b1972bf539bd5ab964a296a6dedd8648fcf7741a44,2b2efafb8d7c0cebbd7b392493ecbc0a279f71ee1d4f74197e18d99ecd8c43a7,801c0bf9d69ecdd58b21fb2ba4392137048b466668344ebfc4c8faf6a0d3e2f1,7c8d4f606dc0e46e80d69390a4c1e6e30c3215b09ec2191a2b5fe7195f583a84,cluster_invariant_excursion_event_model_v1,4fc1a02dce9ac2311dabaeb4623a559d37286dfe58baffef53828cc7415a3425,MODEL_FULL_REFIT,not_applicable,not_applicable,not_applicable,-1,-1,not_applicable,not_applicable,True,False,disabled,False,False,False,False,False,False,False
VALIDATION_2025,NVTS,SESSION_END,145,5592b30b8c4f3909d75c67cc,91996a9cf747a614ff6d9e08eaafc3583a58b91c,0bc8ac397792a0b665e0e9b1972bf539bd5ab964a296a6dedd8648fcf7741a44,2b2efafb8d7c0cebbd7b392493ecbc0a279f71ee1d4f74197e18d99ecd8c43a7,801c0bf9d69ecdd58b21fb2ba4392137048b466668344ebfc4c8faf6a0d3e2f1,7c8d4f606dc0e46e80d69390a4c1e6e30c3215b09ec2191a2b5fe7195f583a84,cluster_invariant_excursion_event_model_v1,4fc1a02dce9ac2311dabaeb4623a559d37286dfe58baffef53828cc7415a3425,MODEL_FULL_REFIT,not_applicable,not_applicable,not_applicable,-1,-1,not_applicable,not_applicable,True,False,disabled,False,False,False,False,False,False,False
VALIDATION_2025,NVTS,UNAVAILABLE_STRUCTURAL_GAP,2,5592b30b8c4f3909d75c67cc,91996a9cf747a614ff6d9e08eaafc3583a58b91c,0bc8ac397792a0b665e0e9b1972bf539bd5ab964a296a6dedd8648fcf7741a44,2b2efafb8d7c0cebbd7b392493ecbc0a279f71ee1d4f74197e18d99ecd8c43a7,801c0bf9d69ecdd58b21fb2ba4392137048b466668344ebfc4c8faf6a0d3e2f1,7c8d4f606dc0e46e80d69390a4c1e6e30c3215b09ec2191a2b5fe7195f583a84,cluster_invariant_excursion_event_model_v1,4fc1a02dce9ac2311dabaeb4623a559d37286dfe58baffef53828cc7415a3425,MODEL_FULL_REFIT,not_applicable,not_applicable,not_applicable,-1,-1,not_applicable,not_applicable,True,False,disabled,False,False,False,False,False,False,False
VALIDATION_2025,NVTS,UNRESOLVED_AT_HORIZON,304,5592b30b8c4f3909d75c67cc,91996a9cf747a614ff6d9e08eaafc3583a58b91c,0bc8ac397792a0b665e0e9b1972bf539bd5ab964a296a6dedd8648fcf7741a44,2b2efafb8d7c0cebbd7b392493ecbc0a279f71ee1d4f74197e18d99ecd8c43a7,801c0bf9d69ecdd58b21fb2ba4392137048b466668344ebfc4c8faf6a0d3e2f1,7c8d4f606dc0e46e80d69390a4c1e6e30c3215b09ec2191a2b5fe7195f583a84,cluster_invariant_excursion_event_model_v1,4fc1a02dce9ac2311dabaeb4623a559d37286dfe58baffef53828cc7415a3425,MODEL_FULL_REFIT,not_applicable,not_applicable,not_applicable,-1,-1,not_applicable,not_applicable,True,False,disabled,False,False,False,False,False,False,False
VALIDATION_2025,OKLO,ROTATE_TO_NEW_REGION,50,5592b30b8c4f3909d75c67cc,91996a9cf747a614ff6d9e08eaafc3583a58b91c,0bc8ac397792a0b665e0e9b1972bf539bd5ab964a296a6dedd8648fcf7741a44,2b2efafb8d7c0cebbd7b392493ecbc0a279f71ee1d4f74197e18d99ecd8c43a7,801c0bf9d69ecdd58b21fb2ba4392137048b466668344ebfc4c8faf6a0d3e2f1,7c8d4f606dc0e46e80d69390a4c1e6e30c3215b09ec2191a2b5fe7195f583a84,cluster_invariant_excursion_event_model_v1,4fc1a02dce9ac2311dabaeb4623a559d37286dfe58baffef53828cc7415a3425,MODEL_FULL_REFIT,not_applicable,not_applicable,not_applicable,-1,-1,not_applicable,not_applicable,True,False,disabled,False,False,False,False,False,False,False
VALIDATION_2025,OKLO,SESSION_END,120,5592b30b8c4f3909d75c67cc,91996a9cf747a614ff6d9e08eaafc3583a58b91c,0bc8ac397792a0b665e0e9b1972bf539bd5ab964a296a6dedd8648fcf7741a44,2b2efafb8d7c0cebbd7b392493ecbc0a279f71ee1d4f74197e18d99ecd8c43a7,801c0bf9d69ecdd58b21fb2ba4392137048b466668344ebfc4c8faf6a0d3e2f1,7c8d4f606dc0e46e80d69390a4c1e6e30c3215b09ec2191a2b5fe7195f583a84,cluster_invariant_excursion_event_model_v1,4fc1a02dce9ac2311dabaeb4623a559d37286dfe58baffef53828cc7415a3425,MODEL_FULL_REFIT,not_applicable,not_applicable,not_applicable,-1,-1,not_applicable,not_applicable,True,False,disabled,False,False,False,False,False,False,False
VALIDATION_2025,OKLO,UNAVAILABLE_SOURCE,1,5592b30b8c4f3909d75c67cc,91996a9cf747a614ff6d9e08eaafc3583a58b91c,0bc8ac397792a0b665e0e9b1972bf539bd5ab964a296a6dedd8648fcf7741a44,2b2efafb8d7c0cebbd7b392493ecbc0a279f71ee1d4f74197e18d99ecd8c43a7,801c0bf9d69ecdd58b21fb2ba4392137048b466668344ebfc4c8faf6a0d3e2f1,7c8d4f606dc0e46e80d69390a4c1e6e30c3215b09ec2191a2b5fe7195f583a84,cluster_invariant_excursion_event_model_v1,4fc1a02dce9ac2311dabaeb4623a559d37286dfe58baffef53828cc7415a3425,MODEL_FULL_REFIT,not_applicable,not_applicable,not_applicable,-1,-1,not_applicable,not_applicable,True,False,disabled,False,False,False,False,False,False,False
VALIDATION_2025,OKLO,UNAVAILABLE_STRUCTURAL_GAP,3,5592b30b8c4f3909d75c67cc,91996a9cf747a614ff6d9e08eaafc3583a58b91c,0bc8ac397792a0b665e0e9b1972bf539bd5ab964a296a6dedd8648fcf7741a44,2b2efafb8d7c0cebbd7b392493ecbc0a279f71ee1d4f74197e18d99ecd8c43a7,801c0bf9d69ecdd58b21fb2ba4392137048b466668344ebfc4c8faf6a0d3e2f1,7c8d4f606dc0e46e80d69390a4c1e6e30c3215b09ec2191a2b5fe7195f583a84,cluster_invariant_excursion_event_model_v1,4fc1a02dce9ac2311dabaeb4623a559d37286dfe58baffef53828cc7415a3425,MODEL_FULL_REFIT,not_applicable,not_applicable,not_applicable,-1,-1,not_applicable,not_applicable,True,False,disabled,False,False,False,False,False,False,False
VALIDATION_2025,OKLO,UNRESOLVED_AT_HORIZON,292,5592b30b8c4f3909d75c67cc,91996a9cf747a614ff6d9e08eaafc3583a58b91c,0bc8ac397792a0b665e0e9b1972bf539bd5ab964a296a6dedd8648fcf7741a44,2b2efafb8d7c0cebbd7b392493ecbc0a279f71ee1d4f74197e18d99ecd8c43a7,801c0bf9d69ecdd58b21fb2ba4392137048b466668344ebfc4c8faf6a0d3e2f1,7c8d4f606dc0e46e80d69390a4c1e6e30c3215b09ec2191a2b5fe7195f583a84,cluster_invariant_excursion_event_model_v1,4fc1a02dce9ac2311dabaeb4623a559d37286dfe58baffef53828cc7415a3425,MODEL_FULL_REFIT,not_applicable,not_applicable,not_applicable,-1,-1,not_applicable,not_applicable,True,False,disabled,False,False,False,False,False,False,False
VALIDATION_2025,QBTS,ROTATE_TO_NEW_REGION,46,5592b30b8c4f3909d75c67cc,91996a9cf747a614ff6d9e08eaafc3583a58b91c,0bc8ac397792a0b665e0e9b1972bf539bd5ab964a296a6dedd8648fcf7741a44,2b2efafb8d7c0cebbd7b392493ecbc0a279f71ee1d4f74197e18d99ecd8c43a7,801c0bf9d69ecdd58b21fb2ba4392137048b466668344ebfc4c8faf6a0d3e2f1,7c8d4f606dc0e46e80d69390a4c1e6e30c3215b09ec2191a2b5fe7195f583a84,cluster_invariant_excursion_event_model_v1,4fc1a02dce9ac2311dabaeb4623a559d37286dfe58baffef53828cc7415a3425,MODEL_FULL_REFIT,not_applicable,not_applicable,not_applicable,-1,-1,not_applicable,not_applicable,True,False,disabled,False,False,False,False,False,False,False
VALIDATION_2025,QBTS,SESSION_END,122,5592b30b8c4f3909d75c67cc,91996a9cf747a614ff6d9e08eaafc3583a58b91c,0bc8ac397792a0b665e0e9b1972bf539bd5ab964a296a6dedd8648fcf7741a44,2b2efafb8d7c0cebbd7b392493ecbc0a279f71ee1d4f74197e18d99ecd8c43a7,801c0bf9d69ecdd58b21fb2ba4392137048b466668344ebfc4c8faf6a0d3e2f1,7c8d4f606dc0e46e80d69390a4c1e6e30c3215b09ec2191a2b5fe7195f583a84,cluster_invariant_excursion_event_model_v1,4fc1a02dce9ac2311dabaeb4623a559d37286dfe58baffef53828cc7415a3425,MODEL_FULL_REFIT,not_applicable,not_applicable,not_applicable,-1,-1,not_applicable,not_applicable,True,False,disabled,False,False,False,False,False,False,False
VALIDATION_2025,QBTS,UNAVAILABLE_SOURCE,1,5592b30b8c4f3909d75c67cc,91996a9cf747a614ff6d9e08eaafc3583a58b91c,0bc8ac397792a0b665e0e9b1972bf539bd5ab964a296a6dedd8648fcf7741a44,2b2efafb8d7c0cebbd7b392493ecbc0a279f71ee1d4f74197e18d99ecd8c43a7,801c0bf9d69ecdd58b21fb2ba4392137048b466668344ebfc4c8faf6a0d3e2f1,7c8d4f606dc0e46e80d69390a4c1e6e30c3215b09ec2191a2b5fe7195f583a84,cluster_invariant_excursion_event_model_v1,4fc1a02dce9ac2311dabaeb4623a559d37286dfe58baffef53828cc7415a3425,MODEL_FULL_REFIT,not_applicable,not_applicable,not_applicable,-1,-1,not_applicable,not_applicable,True,False,disabled,False,False,False,False,False,False,False
VALIDATION_2025,QBTS,UNAVAILABLE_STRUCTURAL_GAP,1,5592b30b8c4f3909d75c67cc,91996a9cf747a614ff6d9e08eaafc3583a58b91c,0bc8ac397792a0b665e0e9b1972bf539bd5ab964a296a6dedd8648fcf7741a44,2b2efafb8d7c0cebbd7b392493ecbc0a279f71ee1d4f74197e18d99ecd8c43a7,801c0bf9d69ecdd58b21fb2ba4392137048b466668344ebfc4c8faf6a0d3e2f1,7c8d4f606dc0e46e80d69390a4c1e6e30c3215b09ec2191a2b5fe7195f583a84,cluster_invariant_excursion_event_model_v1,4fc1a02dce9ac2311dabaeb4623a559d37286dfe58baffef53828cc7415a3425,MODEL_FULL_REFIT,not_applicable,not_applicable,not_applicable,-1,-1,not_applicable,not_applicable,True,False,disabled,False,False,False,False,False,False,False
VALIDATION_2025,QBTS,UNRESOLVED_AT_HORIZON,264,5592b30b8c4f3909d75c67cc,91996a9cf747a614ff6d9e08eaafc3583a58b91c,0bc8ac397792a0b665e0e9b1972bf539bd5ab964a296a6dedd8648fcf7741a44,2b2efafb8d7c0cebbd7b392493ecbc0a279f71ee1d4f74197e18d99ecd8c43a7,801c0bf9d69ecdd58b21fb2ba4392137048b466668344ebfc4c8faf6a0d3e2f1,7c8d4f606dc0e46e80d69390a4c1e6e30c3215b09ec2191a2b5fe7195f583a84,cluster_invariant_excursion_event_model_v1,4fc1a02dce9ac2311dabaeb4623a559d37286dfe58baffef53828cc7415a3425,MODEL_FULL_REFIT,not_applicable,not_applicable,not_applicable,-1,-1,not_applicable,not_applicable,True,False,disabled,False,False,False,False,False,False,False
VALIDATION_2025,RGTI,CONTINUE_AWAY,1,5592b30b8c4f3909d75c67cc,91996a9cf747a614ff6d9e08eaafc3583a58b91c,0bc8ac397792a0b665e0e9b1972bf539bd5ab964a296a6dedd8648fcf7741a44,2b2efafb8d7c0cebbd7b392493ecbc0a279f71ee1d4f74197e18d99ecd8c43a7,801c0bf9d69ecdd58b21fb2ba4392137048b466668344ebfc4c8faf6a0d3e2f1,7c8d4f606dc0e46e80d69390a4c1e6e30c3215b09ec2191a2b5fe7195f583a84,cluster_invariant_excursion_event_model_v1,4fc1a02dce9ac2311dabaeb4623a559d37286dfe58baffef53828cc7415a3425,MODEL_FULL_REFIT,not_applicable,not_applicable,not_applicable,-1,-1,not_applicable,not_applicable,True,False,disabled,False,False,False,False,False,False,False
VALIDATION_2025,RGTI,RETURN_TO_ORIGIN,1,5592b30b8c4f3909d75c67cc,91996a9cf747a614ff6d9e08eaafc3583a58b91c,0bc8ac397792a0b665e0e9b1972bf539bd5ab964a296a6dedd8648fcf7741a44,2b2efafb8d7c0cebbd7b392493ecbc0a279f71ee1d4f74197e18d99ecd8c43a7,801c0bf9d69ecdd58b21fb2ba4392137048b466668344ebfc4c8faf6a0d3e2f1,7c8d4f606dc0e46e80d69390a4c1e6e30c3215b09ec2191a2b5fe7195f583a84,cluster_invariant_excursion_event_model_v1,4fc1a02dce9ac2311dabaeb4623a559d37286dfe58baffef53828cc7415a3425,MODEL_FULL_REFIT,not_applicable,not_applicable,not_applicable,-1,-1,not_applicable,not_applicable,True,False,disabled,False,False,False,False,False,False,False
VALIDATION_2025,RGTI,ROTATE_TO_NEW_REGION,53,5592b30b8c4f3909d75c67cc,91996a9cf747a614ff6d9e08eaafc3583a58b91c,0bc8ac397792a0b665e0e9b1972bf539bd5ab964a296a6dedd8648fcf7741a44,2b2efafb8d7c0cebbd7b392493ecbc0a279f71ee1d4f74197e18d99ecd8c43a7,801c0bf9d69ecdd58b21fb2ba4392137048b466668344ebfc4c8faf6a0d3e2f1,7c8d4f606dc0e46e80d69390a4c1e6e30c3215b09ec2191a2b5fe7195f583a84,cluster_invariant_excursion_event_model_v1,4fc1a02dce9ac2311dabaeb4623a559d37286dfe58baffef53828cc7415a3425,MODEL_FULL_REFIT,not_applicable,not_applicable,not_applicable,-1,-1,not_applicable,not_applicable,True,False,disabled,False,False,False,False,False,False,False
VALIDATION_2025,RGTI,SESSION_END,129,5592b30b8c4f3909d75c67cc,91996a9cf747a614ff6d9e08eaafc3583a58b91c,0bc8ac397792a0b665e0e9b1972bf539bd5ab964a296a6dedd8648fcf7741a44,2b2efafb8d7c0cebbd7b392493ecbc0a279f71ee1d4f74197e18d99ecd8c43a7,801c0bf9d69ecdd58b21fb2ba4392137048b466668344ebfc4c8faf6a0d3e2f1,7c8d4f606dc0e46e80d69390a4c1e6e30c3215b09ec2191a2b5fe7195f583a84,cluster_invariant_excursion_event_model_v1,4fc1a02dce9ac2311dabaeb4623a559d37286dfe58baffef53828cc7415a3425,MODEL_FULL_REFIT,not_applicable,not_applicable,not_applicable,-1,-1,not_applicable,not_applicable,True,False,disabled,False,False,False,False,False,False,False
VALIDATION_2025,RGTI,UNAVAILABLE_SOURCE,1,5592b30b8c4f3909d75c67cc,91996a9cf747a614ff6d9e08eaafc3583a58b91c,0bc8ac397792a0b665e0e9b1972bf539bd5ab964a296a6dedd8648fcf7741a44,2b2efafb8d7c0cebbd7b392493ecbc0a279f71ee1d4f74197e18d99ecd8c43a7,801c0bf9d69ecdd58b21fb2ba4392137048b466668344ebfc4c8faf6a0d3e2f1,7c8d4f606dc0e46e80d69390a4c1e6e30c3215b09ec2191a2b5fe7195f583a84,cluster_invariant_excursion_event_model_v1,4fc1a02dce9ac2311dabaeb4623a559d37286dfe58baffef53828cc7415a3425,MODEL_FULL_REFIT,not_applicable,not_applicable,not_applicable,-1,-1,not_applicable,not_applicable,True,False,disabled,False,False,False,False,False,False,False
VALIDATION_2025,RGTI,UNRESOLVED_AT_HORIZON,262,5592b30b8c4f3909d75c67cc,91996a9cf747a614ff6d9e08eaafc3583a58b91c,0bc8ac397792a0b665e0e9b1972bf539bd5ab964a296a6dedd8648fcf7741a44,2b2efafb8d7c0cebbd7b392493ecbc0a279f71ee1d4f74197e18d99ecd8c43a7,801c0bf9d69ecdd58b21fb2ba4392137048b466668344ebfc4c8faf6a0d3e2f1,7c8d4f606dc0e46e80d69390a4c1e6e30c3215b09ec2191a2b5fe7195f583a84,cluster_invariant_excursion_event_model_v1,4fc1a02dce9ac2311dabaeb4623a559d37286dfe58baffef53828cc7415a3425,MODEL_FULL_REFIT,not_applicable,not_applicable,not_applicable,-1,-1,not_applicable,not_applicable,True,False,disabled,False,False,False,False,False,False,False
VALIDATION_2025,RIOT,RETURN_TO_ORIGIN,1,5592b30b8c4f3909d75c67cc,91996a9cf747a614ff6d9e08eaafc3583a58b91c,0bc8ac397792a0b665e0e9b1972bf539bd5ab964a296a6dedd8648fcf7741a44,2b2efafb8d7c0cebbd7b392493ecbc0a279f71ee1d4f74197e18d99ecd8c43a7,801c0bf9d69ecdd58b21fb2ba4392137048b466668344ebfc4c8faf6a0d3e2f1,7c8d4f606dc0e46e80d69390a4c1e6e30c3215b09ec2191a2b5fe7195f583a84,cluster_invariant_excursion_event_model_v1,4fc1a02dce9ac2311dabaeb4623a559d37286dfe58baffef53828cc7415a3425,MODEL_FULL_REFIT,not_applicable,not_applicable,not_applicable,-1,-1,not_applicable,not_applicable,True,False,disabled,False,False,False,False,False,False,False
VALIDATION_2025,RIOT,ROTATE_TO_NEW_REGION,43,5592b30b8c4f3909d75c67cc,91996a9cf747a614ff6d9e08eaafc3583a58b91c,0bc8ac397792a0b665e0e9b1972bf539bd5ab964a296a6dedd8648fcf7741a44,2b2efafb8d7c0cebbd7b392493ecbc0a279f71ee1d4f74197e18d99ecd8c43a7,801c0bf9d69ecdd58b21fb2ba4392137048b466668344ebfc4c8faf6a0d3e2f1,7c8d4f606dc0e46e80d69390a4c1e6e30c3215b09ec2191a2b5fe7195f583a84,cluster_invariant_excursion_event_model_v1,4fc1a02dce9ac2311dabaeb4623a559d37286dfe58baffef53828cc7415a3425,MODEL_FULL_REFIT,not_applicable,not_applicable,not_applicable,-1,-1,not_applicable,not_applicable,True,False,disabled,False,False,False,False,False,False,False
VALIDATION_2025,RIOT,SESSION_END,135,5592b30b8c4f3909d75c67cc,91996a9cf747a614ff6d9e08eaafc3583a58b91c,0bc8ac397792a0b665e0e9b1972bf539bd5ab964a296a6dedd8648fcf7741a44,2b2efafb8d7c0cebbd7b392493ecbc0a279f71ee1d4f74197e18d99ecd8c43a7,801c0bf9d69ecdd58b21fb2ba4392137048b466668344ebfc4c8faf6a0d3e2f1,7c8d4f606dc0e46e80d69390a4c1e6e30c3215b09ec2191a2b5fe7195f583a84,cluster_invariant_excursion_event_model_v1,4fc1a02dce9ac2311dabaeb4623a559d37286dfe58baffef53828cc7415a3425,MODEL_FULL_REFIT,not_applicable,not_applicable,not_applicable,-1,-1,not_applicable,not_applicable,True,False,disabled,False,False,False,False,False,False,False
VALIDATION_2025,RIOT,UNAVAILABLE_SOURCE,1,5592b30b8c4f3909d75c67cc,91996a9cf747a614ff6d9e08eaafc3583a58b91c,0bc8ac397792a0b665e0e9b1972bf539bd5ab964a296a6dedd8648fcf7741a44,2b2efafb8d7c0cebbd7b392493ecbc0a279f71ee1d4f74197e18d99ecd8c43a7,801c0bf9d69ecdd58b21fb2ba4392137048b466668344ebfc4c8faf6a0d3e2f1,7c8d4f606dc0e46e80d69390a4c1e6e30c3215b09ec2191a2b5fe7195f583a84,cluster_invariant_excursion_event_model_v1,4fc1a02dce9ac2311dabaeb4623a559d37286dfe58baffef53828cc7415a3425,MODEL_FULL_REFIT,not_applicable,not_applicable,not_applicable,-1,-1,not_applicable,not_applicable,True,False,disabled,False,False,False,False,False,False,False
VALIDATION_2025,RIOT,UNRESOLVED_AT_HORIZON,261,5592b30b8c4f3909d75c67cc,91996a9cf747a614ff6d9e08eaafc3583a58b91c,0bc8ac397792a0b665e0e9b1972bf539bd5ab964a296a6dedd8648fcf7741a44,2b2efafb8d7c0cebbd7b392493ecbc0a279f71ee1d4f74197e18d99ecd8c43a7,801c0bf9d69ecdd58b21fb2ba4392137048b466668344ebfc4c8faf6a0d3e2f1,7c8d4f606dc0e46e80d69390a4c1e6e30c3215b09ec2191a2b5fe7195f583a84,cluster_invariant_excursion_event_model_v1,4fc1a02dce9ac2311dabaeb4623a559d37286dfe58baffef53828cc7415a3425,MODEL_FULL_REFIT,not_applicable,not_applicable,not_applicable,-1,-1,not_applicable,not_applicable,True,False,disabled,False,False,False,False,False,False,False
VALIDATION_2025,RIVN,PARTIAL_RETURN,2,5592b30b8c4f3909d75c67cc,91996a9cf747a614ff6d9e08eaafc3583a58b91c,0bc8ac397792a0b665e0e9b1972bf539bd5ab964a296a6dedd8648fcf7741a44,2b2efafb8d7c0cebbd7b392493ecbc0a279f71ee1d4f74197e18d99ecd8c43a7,801c0bf9d69ecdd58b21fb2ba4392137048b466668344ebfc4c8faf6a0d3e2f1,7c8d4f606dc0e46e80d69390a4c1e6e30c3215b09ec2191a2b5fe7195f583a84,cluster_invariant_excursion_event_model_v1,4fc1a02dce9ac2311dabaeb4623a559d37286dfe58baffef53828cc7415a3425,MODEL_FULL_REFIT,not_applicable,not_applicable,not_applicable,-1,-1,not_applicable,not_applicable,True,False,disabled,False,False,False,False,False,False,False
VALIDATION_2025,RIVN,RETURN_TO_ORIGIN,2,5592b30b8c4f3909d75c67cc,91996a9cf747a614ff6d9e08eaafc3583a58b91c,0bc8ac397792a0b665e0e9b1972bf539bd5ab964a296a6dedd8648fcf7741a44,2b2efafb8d7c0cebbd7b392493ecbc0a279f71ee1d4f74197e18d99ecd8c43a7,801c0bf9d69ecdd58b21fb2ba4392137048b466668344ebfc4c8faf6a0d3e2f1,7c8d4f606dc0e46e80d69390a4c1e6e30c3215b09ec2191a2b5fe7195f583a84,cluster_invariant_excursion_event_model_v1,4fc1a02dce9ac2311dabaeb4623a559d37286dfe58baffef53828cc7415a3425,MODEL_FULL_REFIT,not_applicable,not_applicable,not_applicable,-1,-1,not_applicable,not_applicable,True,False,disabled,False,False,False,False,False,False,False
VALIDATION_2025,RIVN,ROTATE_TO_NEW_REGION,23,5592b30b8c4f3909d75c67cc,91996a9cf747a614ff6d9e08eaafc3583a58b91c,0bc8ac397792a0b665e0e9b1972bf539bd5ab964a296a6dedd8648fcf7741a44,2b2efafb8d7c0cebbd7b392493ecbc0a279f71ee1d4f74197e18d99ecd8c43a7,801c0bf9d69ecdd58b21fb2ba4392137048b466668344ebfc4c8faf6a0d3e2f1,7c8d4f606dc0e46e80d69390a4c1e6e30c3215b09ec2191a2b5fe7195f583a84,cluster_invariant_excursion_event_model_v1,4fc1a02dce9ac2311dabaeb4623a559d37286dfe58baffef53828cc7415a3425,MODEL_FULL_REFIT,not_applicable,not_applicable,not_applicable,-1,-1,not_applicable,not_applicable,True,False,disabled,False,False,False,False,False,False,False
VALIDATION_2025,RIVN,SESSION_END,115,5592b30b8c4f3909d75c67cc,91996a9cf747a614ff6d9e08eaafc3583a58b91c,0bc8ac397792a0b665e0e9b1972bf539bd5ab964a296a6dedd8648fcf7741a44,2b2efafb8d7c0cebbd7b392493ecbc0a279f71ee1d4f74197e18d99ecd8c43a7,801c0bf9d69ecdd58b21fb2ba4392137048b466668344ebfc4c8faf6a0d3e2f1,7c8d4f606dc0e46e80d69390a4c1e6e30c3215b09ec2191a2b5fe7195f583a84,cluster_invariant_excursion_event_model_v1,4fc1a02dce9ac2311dabaeb4623a559d37286dfe58baffef53828cc7415a3425,MODEL_FULL_REFIT,not_applicable,not_applicable,not_applicable,-1,-1,not_applicable,not_applicable,True,False,disabled,False,False,False,False,False,False,False
VALIDATION_2025,RIVN,UNAVAILABLE_SOURCE,2,5592b30b8c4f3909d75c67cc,91996a9cf747a614ff6d9e08eaafc3583a58b91c,0bc8ac397792a0b665e0e9b1972bf539bd5ab964a296a6dedd8648fcf7741a44,2b2efafb8d7c0cebbd7b392493ecbc0a279f71ee1d4f74197e18d99ecd8c43a7,801c0bf9d69ecdd58b21fb2ba4392137048b466668344ebfc4c8faf6a0d3e2f1,7c8d4f606dc0e46e80d69390a4c1e6e30c3215b09ec2191a2b5fe7195f583a84,cluster_invariant_excursion_event_model_v1,4fc1a02dce9ac2311dabaeb4623a559d37286dfe58baffef53828cc7415a3425,MODEL_FULL_REFIT,not_applicable,not_applicable,not_applicable,-1,-1,not_applicable,not_applicable,True,False,disabled,False,False,False,False,False,False,False
VALIDATION_2025,RIVN,UNAVAILABLE_STRUCTURAL_GAP,1,5592b30b8c4f3909d75c67cc,91996a9cf747a614ff6d9e08eaafc3583a58b91c,0bc8ac397792a0b665e0e9b1972bf539bd5ab964a296a6dedd8648fcf7741a44,2b2efafb8d7c0cebbd7b392493ecbc0a279f71ee1d4f74197e18d99ecd8c43a7,801c0bf9d69ecdd58b21fb2ba4392137048b466668344ebfc4c8faf6a0d3e2f1,7c8d4f606dc0e46e80d69390a4c1e6e30c3215b09ec2191a2b5fe7195f583a84,cluster_invariant_excursion_event_model_v1,4fc1a02dce9ac2311dabaeb4623a559d37286dfe58baffef53828cc7415a3425,MODEL_FULL_REFIT,not_applicable,not_applicable,not_applicable,-1,-1,not_applicable,not_applicable,True,False,disabled,False,False,False,False,False,False,False
VALIDATION_2025,RIVN,UNRESOLVED_AT_HORIZON,293,5592b30b8c4f3909d75c67cc,91996a9cf747a614ff6d9e08eaafc3583a58b91c,0bc8ac397792a0b665e0e9b1972bf539bd5ab964a296a6dedd8648fcf7741a44,2b2efafb8d7c0cebbd7b392493ecbc0a279f71ee1d4f74197e18d99ecd8c43a7,801c0bf9d69ecdd58b21fb2ba4392137048b466668344ebfc4c8faf6a0d3e2f1,7c8d4f606dc0e46e80d69390a4c1e6e30c3215b09ec2191a2b5fe7195f583a84,cluster_invariant_excursion_event_model_v1,4fc1a02dce9ac2311dabaeb4623a559d37286dfe58baffef53828cc7415a3425,MODEL_FULL_REFIT,not_applicable,not_applicable,not_applicable,-1,-1,not_applicable,not_applicable,True,False,disabled,False,False,False,False,False,False,False
VALIDATION_2025,SMCI,ROTATE_TO_NEW_REGION,46,5592b30b8c4f3909d75c67cc,91996a9cf747a614ff6d9e08eaafc3583a58b91c,0bc8ac397792a0b665e0e9b1972bf539bd5ab964a296a6dedd8648fcf7741a44,2b2efafb8d7c0cebbd7b392493ecbc0a279f71ee1d4f74197e18d99ecd8c43a7,801c0bf9d69ecdd58b21fb2ba4392137048b466668344ebfc4c8faf6a0d3e2f1,7c8d4f606dc0e46e80d69390a4c1e6e30c3215b09ec2191a2b5fe7195f583a84,cluster_invariant_excursion_event_model_v1,4fc1a02dce9ac2311dabaeb4623a559d37286dfe58baffef53828cc7415a3425,MODEL_FULL_REFIT,not_applicable,not_applicable,not_applicable,-1,-1,not_applicable,not_applicable,True,False,disabled,False,False,False,False,False,False,False
VALIDATION_2025,SMCI,SESSION_END,130,5592b30b8c4f3909d75c67cc,91996a9cf747a614ff6d9e08eaafc3583a58b91c,0bc8ac397792a0b665e0e9b1972bf539bd5ab964a296a6dedd8648fcf7741a44,2b2efafb8d7c0cebbd7b392493ecbc0a279f71ee1d4f74197e18d99ecd8c43a7,801c0bf9d69ecdd58b21fb2ba4392137048b466668344ebfc4c8faf6a0d3e2f1,7c8d4f606dc0e46e80d69390a4c1e6e30c3215b09ec2191a2b5fe7195f583a84,cluster_invariant_excursion_event_model_v1,4fc1a02dce9ac2311dabaeb4623a559d37286dfe58baffef53828cc7415a3425,MODEL_FULL_REFIT,not_applicable,not_applicable,not_applicable,-1,-1,not_applicable,not_applicable,True,False,disabled,False,False,False,False,False,False,False
VALIDATION_2025,SMCI,UNAVAILABLE_SOURCE,2,5592b30b8c4f3909d75c67cc,91996a9cf747a614ff6d9e08eaafc3583a58b91c,0bc8ac397792a0b665e0e9b1972bf539bd5ab964a296a6dedd8648fcf7741a44,2b2efafb8d7c0cebbd7b392493ecbc0a279f71ee1d4f74197e18d99ecd8c43a7,801c0bf9d69ecdd58b21fb2ba4392137048b466668344ebfc4c8faf6a0d3e2f1,7c8d4f606dc0e46e80d69390a4c1e6e30c3215b09ec2191a2b5fe7195f583a84,cluster_invariant_excursion_event_model_v1,4fc1a02dce9ac2311dabaeb4623a559d37286dfe58baffef53828cc7415a3425,MODEL_FULL_REFIT,not_applicable,not_applicable,not_applicable,-1,-1,not_applicable,not_applicable,True,False,disabled,False,False,False,False,False,False,False
VALIDATION_2025,SMCI,UNRESOLVED_AT_HORIZON,258,5592b30b8c4f3909d75c67cc,91996a9cf747a614ff6d9e08eaafc3583a58b91c,0bc8ac397792a0b665e0e9b1972bf539bd5ab964a296a6dedd8648fcf7741a44,2b2efafb8d7c0cebbd7b392493ecbc0a279f71ee1d4f74197e18d99ecd8c43a7,801c0bf9d69ecdd58b21fb2ba4392137048b466668344ebfc4c8faf6a0d3e2f1,7c8d4f606dc0e46e80d69390a4c1e6e30c3215b09ec2191a2b5fe7195f583a84,cluster_invariant_excursion_event_model_v1,4fc1a02dce9ac2311dabaeb4623a559d37286dfe58baffef53828cc7415a3425,MODEL_FULL_REFIT,not_applicable,not_applicable,not_applicable,-1,-1,not_applicable,not_applicable,True,False,disabled,False,False,False,False,False,False,False
VALIDATION_2025,SOFI,ROTATE_TO_NEW_REGION,37,5592b30b8c4f3909d75c67cc,91996a9cf747a614ff6d9e08eaafc3583a58b91c,0bc8ac397792a0b665e0e9b1972bf539bd5ab964a296a6dedd8648fcf7741a44,2b2efafb8d7c0cebbd7b392493ecbc0a279f71ee1d4f74197e18d99ecd8c43a7,801c0bf9d69ecdd58b21fb2ba4392137048b466668344ebfc4c8faf6a0d3e2f1,7c8d4f606dc0e46e80d69390a4c1e6e30c3215b09ec2191a2b5fe7195f583a84,cluster_invariant_excursion_event_model_v1,4fc1a02dce9ac2311dabaeb4623a559d37286dfe58baffef53828cc7415a3425,MODEL_FULL_REFIT,not_applicable,not_applicable,not_applicable,-1,-1,not_applicable,not_applicable,True,False,disabled,False,False,False,False,False,False,False
VALIDATION_2025,SOFI,SESSION_END,107,5592b30b8c4f3909d75c67cc,91996a9cf747a614ff6d9e08eaafc3583a58b91c,0bc8ac397792a0b665e0e9b1972bf539bd5ab964a296a6dedd8648fcf7741a44,2b2efafb8d7c0cebbd7b392493ecbc0a279f71ee1d4f74197e18d99ecd8c43a7,801c0bf9d69ecdd58b21fb2ba4392137048b466668344ebfc4c8faf6a0d3e2f1,7c8d4f606dc0e46e80d69390a4c1e6e30c3215b09ec2191a2b5fe7195f583a84,cluster_invariant_excursion_event_model_v1,4fc1a02dce9ac2311dabaeb4623a559d37286dfe58baffef53828cc7415a3425,MODEL_FULL_REFIT,not_applicable,not_applicable,not_applicable,-1,-1,not_applicable,not_applicable,True,False,disabled,False,False,False,False,False,False,False
VALIDATION_2025,SOFI,UNAVAILABLE_SOURCE,2,5592b30b8c4f3909d75c67cc,91996a9cf747a614ff6d9e08eaafc3583a58b91c,0bc8ac397792a0b665e0e9b1972bf539bd5ab964a296a6dedd8648fcf7741a44,2b2efafb8d7c0cebbd7b392493ecbc0a279f71ee1d4f74197e18d99ecd8c43a7,801c0bf9d69ecdd58b21fb2ba4392137048b466668344ebfc4c8faf6a0d3e2f1,7c8d4f606dc0e46e80d69390a4c1e6e30c3215b09ec2191a2b5fe7195f583a84,cluster_invariant_excursion_event_model_v1,4fc1a02dce9ac2311dabaeb4623a559d37286dfe58baffef53828cc7415a3425,MODEL_FULL_REFIT,not_applicable,not_applicable,not_applicable,-1,-1,not_applicable,not_applicable,True,False,disabled,False,False,False,False,False,False,False
VALIDATION_2025,SOFI,UNAVAILABLE_STRUCTURAL_GAP,1,5592b30b8c4f3909d75c67cc,91996a9cf747a614ff6d9e08eaafc3583a58b91c,0bc8ac397792a0b665e0e9b1972bf539bd5ab964a296a6dedd8648fcf7741a44,2b2efafb8d7c0cebbd7b392493ecbc0a279f71ee1d4f74197e18d99ecd8c43a7,801c0bf9d69ecdd58b21fb2ba4392137048b466668344ebfc4c8faf6a0d3e2f1,7c8d4f606dc0e46e80d69390a4c1e6e30c3215b09ec2191a2b5fe7195f583a84,cluster_invariant_excursion_event_model_v1,4fc1a02dce9ac2311dabaeb4623a559d37286dfe58baffef53828cc7415a3425,MODEL_FULL_REFIT,not_applicable,not_applicable,not_applicable,-1,-1,not_applicable,not_applicable,True,False,disabled,False,False,False,False,False,False,False
VALIDATION_2025,SOFI,UNRESOLVED_AT_HORIZON,289,5592b30b8c4f3909d75c67cc,91996a9cf747a614ff6d9e08eaafc3583a58b91c,0bc8ac397792a0b665e0e9b1972bf539bd5ab964a296a6dedd8648fcf7741a44,2b2efafb8d7c0cebbd7b392493ecbc0a279f71ee1d4f74197e18d99ecd8c43a7,801c0bf9d69ecdd58b21fb2ba4392137048b466668344ebfc4c8faf6a0d3e2f1,7c8d4f606dc0e46e80d69390a4c1e6e30c3215b09ec2191a2b5fe7195f583a84,cluster_invariant_excursion_event_model_v1,4fc1a02dce9ac2311dabaeb4623a559d37286dfe58baffef53828cc7415a3425,MODEL_FULL_REFIT,not_applicable,not_applicable,not_applicable,-1,-1,not_applicable,not_applicable,True,False,disabled,False,False,False,False,False,False,False
VALIDATION_2025,WULF,RETURN_TO_ORIGIN,1,5592b30b8c4f3909d75c67cc,91996a9cf747a614ff6d9e08eaafc3583a58b91c,0bc8ac397792a0b665e0e9b1972bf539bd5ab964a296a6dedd8648fcf7741a44,2b2efafb8d7c0cebbd7b392493ecbc0a279f71ee1d4f74197e18d99ecd8c43a7,801c0bf9d69ecdd58b21fb2ba4392137048b466668344ebfc4c8faf6a0d3e2f1,7c8d4f606dc0e46e80d69390a4c1e6e30c3215b09ec2191a2b5fe7195f583a84,cluster_invariant_excursion_event_model_v1,4fc1a02dce9ac2311dabaeb4623a559d37286dfe58baffef53828cc7415a3425,MODEL_FULL_REFIT,not_applicable,not_applicable,not_applicable,-1,-1,not_applicable,not_applicable,True,False,disabled,False,False,False,False,False,False,False
VALIDATION_2025,WULF,ROTATE_TO_NEW_REGION,35,5592b30b8c4f3909d75c67cc,91996a9cf747a614ff6d9e08eaafc3583a58b91c,0bc8ac397792a0b665e0e9b1972bf539bd5ab964a296a6dedd8648fcf7741a44,2b2efafb8d7c0cebbd7b392493ecbc0a279f71ee1d4f74197e18d99ecd8c43a7,801c0bf9d69ecdd58b21fb2ba4392137048b466668344ebfc4c8faf6a0d3e2f1,7c8d4f606dc0e46e80d69390a4c1e6e30c3215b09ec2191a2b5fe7195f583a84,cluster_invariant_excursion_event_model_v1,4fc1a02dce9ac2311dabaeb4623a559d37286dfe58baffef53828cc7415a3425,MODEL_FULL_REFIT,not_applicable,not_applicable,not_applicable,-1,-1,not_applicable,not_applicable,True,False,disabled,False,False,False,False,False,False,False
VALIDATION_2025,WULF,SESSION_END,115,5592b30b8c4f3909d75c67cc,91996a9cf747a614ff6d9e08eaafc3583a58b91c,0bc8ac397792a0b665e0e9b1972bf539bd5ab964a296a6dedd8648fcf7741a44,2b2efafb8d7c0cebbd7b392493ecbc0a279f71ee1d4f74197e18d99ecd8c43a7,801c0bf9d69ecdd58b21fb2ba4392137048b466668344ebfc4c8faf6a0d3e2f1,7c8d4f606dc0e46e80d69390a4c1e6e30c3215b09ec2191a2b5fe7195f583a84,cluster_invariant_excursion_event_model_v1,4fc1a02dce9ac2311dabaeb4623a559d37286dfe58baffef53828cc7415a3425,MODEL_FULL_REFIT,not_applicable,not_applicable,not_applicable,-1,-1,not_applicable,not_applicable,True,False,disabled,False,False,False,False,False,False,False
VALIDATION_2025,WULF,UNAVAILABLE_SOURCE,2,5592b30b8c4f3909d75c67cc,91996a9cf747a614ff6d9e08eaafc3583a58b91c,0bc8ac397792a0b665e0e9b1972bf539bd5ab964a296a6dedd8648fcf7741a44,2b2efafb8d7c0cebbd7b392493ecbc0a279f71ee1d4f74197e18d99ecd8c43a7,801c0bf9d69ecdd58b21fb2ba4392137048b466668344ebfc4c8faf6a0d3e2f1,7c8d4f606dc0e46e80d69390a4c1e6e30c3215b09ec2191a2b5fe7195f583a84,cluster_invariant_excursion_event_model_v1,4fc1a02dce9ac2311dabaeb4623a559d37286dfe58baffef53828cc7415a3425,MODEL_FULL_REFIT,not_applicable,not_applicable,not_applicable,-1,-1,not_applicable,not_applicable,True,False,disabled,False,False,False,False,False,False,False
VALIDATION_2025,WULF,UNAVAILABLE_STRUCTURAL_GAP,1,5592b30b8c4f3909d75c67cc,91996a9cf747a614ff6d9e08eaafc3583a58b91c,0bc8ac397792a0b665e0e9b1972bf539bd5ab964a296a6dedd8648fcf7741a44,2b2efafb8d7c0cebbd7b392493ecbc0a279f71ee1d4f74197e18d99ecd8c43a7,801c0bf9d69ecdd58b21fb2ba4392137048b466668344ebfc4c8faf6a0d3e2f1,7c8d4f606dc0e46e80d69390a4c1e6e30c3215b09ec2191a2b5fe7195f583a84,cluster_invariant_excursion_event_model_v1,4fc1a02dce9ac2311dabaeb4623a559d37286dfe58baffef53828cc7415a3425,MODEL_FULL_REFIT,not_applicable,not_applicable,not_applicable,-1,-1,not_applicable,not_applicable,True,False,disabled,False,False,False,False,False,False,False
VALIDATION_2025,WULF,UNRESOLVED_AT_HORIZON,286,5592b30b8c4f3909d75c67cc,91996a9cf747a614ff6d9e08eaafc3583a58b91c,0bc8ac397792a0b665e0e9b1972bf539bd5ab964a296a6dedd8648fcf7741a44,2b2efafb8d7c0cebbd7b392493ecbc0a279f71ee1d4f74197e18d99ecd8c43a7,801c0bf9d69ecdd58b21fb2ba4392137048b466668344ebfc4c8faf6a0d3e2f1,7c8d4f606dc0e46e80d69390a4c1e6e30c3215b09ec2191a2b5fe7195f583a84,cluster_invariant_excursion_event_model_v1,4fc1a02dce9ac2311dabaeb4623a559d37286dfe58baffef53828cc7415a3425,MODEL_FULL_REFIT,not_applicable,not_applicable,not_applicable,-1,-1,not_applicable,not_applicable,True,False,disabled,False,False,False,False,False,False,False
