population,scope_type,scope_value,target,model,bin,lower_bound_inclusive,upper_bound_exclusive_except_last,rows,mean_probability,observed_rate
primary_high_movement,checkpoint,12,directional_onset,A0,1,0,0.1,0,,
primary_high_movement,checkpoint,12,directional_onset,A0,2,0.1,0.2,0,,
primary_high_movement,checkpoint,12,directional_onset,A0,3,0.2,0.3,0,,
primary_high_movement,checkpoint,12,directional_onset,A0,4,0.3,0.4,235,0.376450829834,0.263829787234
primary_high_movement,checkpoint,12,directional_onset,A0,5,0.4,0.5,273,0.440299520454,0.395604395604
primary_high_movement,checkpoint,12,directional_onset,A0,6,0.5,0.6,121,0.543717843995,0.438016528926
primary_high_movement,checkpoint,12,directional_onset,A0,7,0.6,0.7,71,0.648676752253,0.492957746479
primary_high_movement,checkpoint,12,directional_onset,A0,8,0.7,0.8,34,0.740513962308,0.705882352941
primary_high_movement,checkpoint,12,directional_onset,A0,9,0.8,0.9,43,0.845492049472,0.488372093023
primary_high_movement,checkpoint,12,directional_onset,A0,10,0.9,1,17,0.924463390054,1
primary_high_movement,checkpoint,12,directional_onset,A1,1,0,0.1,0,,
primary_high_movement,checkpoint,12,directional_onset,A1,2,0.1,0.2,0,,
primary_high_movement,checkpoint,12,directional_onset,A1,3,0.2,0.3,7,0.29369722175,0.428571428571
primary_high_movement,checkpoint,12,directional_onset,A1,4,0.3,0.4,240,0.362099783258,0.291666666667
primary_high_movement,checkpoint,12,directional_onset,A1,5,0.4,0.5,256,0.442699736887,0.359375
primary_high_movement,checkpoint,12,directional_onset,A1,6,0.5,0.6,100,0.551985990302,0.43
primary_high_movement,checkpoint,12,directional_onset,A1,7,0.6,0.7,82,0.649575586258,0.487804878049
primary_high_movement,checkpoint,12,directional_onset,A1,8,0.7,0.8,44,0.746327633119,0.704545454545
primary_high_movement,checkpoint,12,directional_onset,A1,9,0.8,0.9,38,0.850372565387,0.5
primary_high_movement,checkpoint,12,directional_onset,A1,10,0.9,1,27,0.939679617342,0.814814814815
primary_high_movement,checkpoint,12,directional_onset,A2,1,0,0.1,0,,
primary_high_movement,checkpoint,12,directional_onset,A2,2,0.1,0.2,1,0.189734473875,1
primary_high_movement,checkpoint,12,directional_onset,A2,3,0.2,0.3,48,0.266407476328,0.229166666667
primary_high_movement,checkpoint,12,directional_onset,A2,4,0.3,0.4,190,0.354269178857,0.294736842105
primary_high_movement,checkpoint,12,directional_onset,A2,5,0.4,0.5,210,0.448541978446,0.361904761905
primary_high_movement,checkpoint,12,directional_onset,A2,6,0.5,0.6,150,0.544545665866,0.406666666667
primary_high_movement,checkpoint,12,directional_onset,A2,7,0.6,0.7,82,0.647612282215,0.5
primary_high_movement,checkpoint,12,directional_onset,A2,8,0.7,0.8,55,0.742000901926,0.654545454545
primary_high_movement,checkpoint,12,directional_onset,A2,9,0.8,0.9,34,0.85153229114,0.5
primary_high_movement,checkpoint,12,directional_onset,A2,10,0.9,1,24,0.94521616419,0.875
primary_high_movement,checkpoint,12,directional_onset,A3,1,0,0.1,0,,
primary_high_movement,checkpoint,12,directional_onset,A3,2,0.1,0.2,5,0.176712843382,0
primary_high_movement,checkpoint,12,directional_onset,A3,3,0.2,0.3,67,0.264175810799,0.164179104478
primary_high_movement,checkpoint,12,directional_onset,A3,4,0.3,0.4,172,0.351431638557,0.302325581395
primary_high_movement,checkpoint,12,directional_onset,A3,5,0.4,0.5,179,0.451577580683,0.368715083799
primary_high_movement,checkpoint,12,directional_onset,A3,6,0.5,0.6,152,0.546631125477,0.427631578947
primary_high_movement,checkpoint,12,directional_onset,A3,7,0.6,0.7,95,0.649319949631,0.526315789474
primary_high_movement,checkpoint,12,directional_onset,A3,8,0.7,0.8,59,0.742662769892,0.559322033898
primary_high_movement,checkpoint,12,directional_onset,A3,9,0.8,0.9,33,0.847044357664,0.606060606061
primary_high_movement,checkpoint,12,directional_onset,A3,10,0.9,1,32,0.940332637285,0.71875
primary_high_movement,checkpoint,12,up_given_onset,D0,1,0,0.1,0,,
primary_high_movement,checkpoint,12,up_given_onset,D0,2,0.1,0.2,0,,
primary_high_movement,checkpoint,12,up_given_onset,D0,3,0.2,0.3,0,,
primary_high_movement,checkpoint,12,up_given_onset,D0,4,0.3,0.4,0,,
primary_high_movement,checkpoint,12,up_given_onset,D0,5,0.4,0.5,0,,
primary_high_movement,checkpoint,12,up_given_onset,D0,6,0.5,0.6,320,0.521844103016,0.453125
primary_high_movement,checkpoint,12,up_given_onset,D0,7,0.6,0.7,0,,
primary_high_movement,checkpoint,12,up_given_onset,D0,8,0.7,0.8,0,,
primary_high_movement,checkpoint,12,up_given_onset,D0,9,0.8,0.9,0,,
primary_high_movement,checkpoint,12,up_given_onset,D0,10,0.9,1,0,,
primary_high_movement,checkpoint,12,up_given_onset,D1,1,0,0.1,0,,
primary_high_movement,checkpoint,12,up_given_onset,D1,2,0.1,0.2,0,,
primary_high_movement,checkpoint,12,up_given_onset,D1,3,0.2,0.3,0,,
primary_high_movement,checkpoint,12,up_given_onset,D1,4,0.3,0.4,6,0.371129672273,0.666666666667
primary_high_movement,checkpoint,12,up_given_onset,D1,5,0.4,0.5,92,0.464776927459,0.445652173913
primary_high_movement,checkpoint,12,up_given_onset,D1,6,0.5,0.6,198,0.54445835871,0.449494949495
primary_high_movement,checkpoint,12,up_given_onset,D1,7,0.6,0.7,21,0.624014460582,0.428571428571
primary_high_movement,checkpoint,12,up_given_onset,D1,8,0.7,0.8,3,0.742549802628,0.666666666667
primary_high_movement,checkpoint,12,up_given_onset,D1,9,0.8,0.9,0,,
primary_high_movement,checkpoint,12,up_given_onset,D1,10,0.9,1,0,,
primary_high_movement,checkpoint,12,up_given_onset,D2,1,0,0.1,0,,
primary_high_movement,checkpoint,12,up_given_onset,D2,2,0.1,0.2,2,0.189527634782,1
primary_high_movement,checkpoint,12,up_given_onset,D2,3,0.2,0.3,12,0.263155462325,0.666666666667
primary_high_movement,checkpoint,12,up_given_onset,D2,4,0.3,0.4,39,0.361906506122,0.435897435897
primary_high_movement,checkpoint,12,up_given_onset,D2,5,0.4,0.5,93,0.458967004321,0.440860215054
primary_high_movement,checkpoint,12,up_given_onset,D2,6,0.5,0.6,86,0.555780750627,0.523255813953
primary_high_movement,checkpoint,12,up_given_onset,D2,7,0.6,0.7,55,0.643746660219,0.345454545455
primary_high_movement,checkpoint,12,up_given_onset,D2,8,0.7,0.8,30,0.742357080067,0.366666666667
primary_high_movement,checkpoint,12,up_given_onset,D2,9,0.8,0.9,2,0.826273066928,1
primary_high_movement,checkpoint,12,up_given_onset,D2,10,0.9,1,1,0.959695085488,0
primary_high_movement,checkpoint,12,up_given_onset,D3,1,0,0.1,0,,
primary_high_movement,checkpoint,12,up_given_onset,D3,2,0.1,0.2,3,0.148424807815,0.666666666667
primary_high_movement,checkpoint,12,up_given_onset,D3,3,0.2,0.3,18,0.261112348767,0.777777777778
primary_high_movement,checkpoint,12,up_given_onset,D3,4,0.3,0.4,48,0.360057513165,0.5
primary_high_movement,checkpoint,12,up_given_onset,D3,5,0.4,0.5,85,0.446498770095,0.352941176471
primary_high_movement,checkpoint,12,up_given_onset,D3,6,0.5,0.6,74,0.551582785025,0.5
primary_high_movement,checkpoint,12,up_given_onset,D3,7,0.6,0.7,51,0.652514674416,0.43137254902
primary_high_movement,checkpoint,12,up_given_onset,D3,8,0.7,0.8,27,0.740281604215,0.444444444444
primary_high_movement,checkpoint,12,up_given_onset,D3,9,0.8,0.9,13,0.835535753963,0.307692307692
primary_high_movement,checkpoint,12,up_given_onset,D3,10,0.9,1,1,0.92197542544,0
primary_high_movement,checkpoint,6,directional_onset,A0,1,0,0.1,0,,
primary_high_movement,checkpoint,6,directional_onset,A0,2,0.1,0.2,0,,
primary_high_movement,checkpoint,6,directional_onset,A0,3,0.2,0.3,0,,
primary_high_movement,checkpoint,6,directional_onset,A0,4,0.3,0.4,154,0.384311196317,0.279220779221
primary_high_movement,checkpoint,6,directional_onset,A0,5,0.4,0.5,272,0.441196043369,0.389705882353
primary_high_movement,checkpoint,6,directional_onset,A0,6,0.5,0.6,134,0.54303945676,0.55223880597
primary_high_movement,checkpoint,6,directional_onset,A0,7,0.6,0.7,79,0.64664832561,0.632911392405
primary_high_movement,checkpoint,6,directional_onset,A0,8,0.7,0.8,66,0.742407971583,0.575757575758
primary_high_movement,checkpoint,6,directional_onset,A0,9,0.8,0.9,34,0.848766538489,0.794117647059
primary_high_movement,checkpoint,6,directional_onset,A0,10,0.9,1,27,0.928384935591,0.851851851852
primary_high_movement,checkpoint,6,directional_onset,A1,1,0,0.1,0,,
primary_high_movement,checkpoint,6,directional_onset,A1,2,0.1,0.2,0,,
primary_high_movement,checkpoint,6,directional_onset,A1,3,0.2,0.3,0,,
primary_high_movement,checkpoint,6,directional_onset,A1,4,0.3,0.4,127,0.37053853214,0.291338582677
primary_high_movement,checkpoint,6,directional_onset,A1,5,0.4,0.5,260,0.445160405218,0.361538461538
primary_high_movement,checkpoint,6,directional_onset,A1,6,0.5,0.6,141,0.54569760709,0.524822695035
primary_high_movement,checkpoint,6,directional_onset,A1,7,0.6,0.7,102,0.645667853402,0.607843137255
primary_high_movement,checkpoint,6,directional_onset,A1,8,0.7,0.8,64,0.745120991151,0.578125
primary_high_movement,checkpoint,6,directional_onset,A1,9,0.8,0.9,33,0.844865374896,0.727272727273
primary_high_movement,checkpoint,6,directional_onset,A1,10,0.9,1,39,0.94013599833,0.846153846154
primary_high_movement,checkpoint,6,directional_onset,A2,1,0,0.1,0,,
primary_high_movement,checkpoint,6,directional_onset,A2,2,0.1,0.2,0,,
primary_high_movement,checkpoint,6,directional_onset,A2,3,0.2,0.3,22,0.274800660072,0.318181818182
primary_high_movement,checkpoint,6,directional_onset,A2,4,0.3,0.4,132,0.356600161013,0.272727272727
primary_high_movement,checkpoint,6,directional_onset,A2,5,0.4,0.5,201,0.450566081209,0.402985074627
primary_high_movement,checkpoint,6,directional_onset,A2,6,0.5,0.6,161,0.546235301952,0.447204968944
primary_high_movement,checkpoint,6,directional_onset,A2,7,0.6,0.7,108,0.645122444798,0.546296296296
primary_high_movement,checkpoint,6,directional_onset,A2,8,0.7,0.8,69,0.745416853765,0.695652173913
primary_high_movement,checkpoint,6,directional_onset,A2,9,0.8,0.9,46,0.853190569416,0.739130434783
primary_high_movement,checkpoint,6,directional_onset,A2,10,0.9,1,27,0.946033155765,0.888888888889
primary_high_movement,checkpoint,6,directional_onset,A3,1,0,0.1,0,,
primary_high_movement,checkpoint,6,directional_onset,A3,2,0.1,0.2,2,0.191525490562,0.5
primary_high_movement,checkpoint,6,directional_onset,A3,3,0.2,0.3,38,0.264342485154,0.447368421053
primary_high_movement,checkpoint,6,directional_onset,A3,4,0.3,0.4,122,0.355776952372,0.237704918033
primary_high_movement,checkpoint,6,directional_onset,A3,5,0.4,0.5,169,0.451018218672,0.384615384615
primary_high_movement,checkpoint,6,directional_onset,A3,6,0.5,0.6,164,0.546753876359,0.439024390244
primary_high_movement,checkpoint,6,directional_onset,A3,7,0.6,0.7,115,0.641121157369,0.530434782609
primary_high_movement,checkpoint,6,directional_onset,A3,8,0.7,0.8,76,0.742397656296,0.697368421053
primary_high_movement,checkpoint,6,directional_onset,A3,9,0.8,0.9,46,0.849051649227,0.739130434783
primary_high_movement,checkpoint,6,directional_onset,A3,10,0.9,1,34,0.946146481402,0.852941176471
primary_high_movement,checkpoint,6,up_given_onset,D0,1,0,0.1,0,,
primary_high_movement,checkpoint,6,up_given_onset,D0,2,0.1,0.2,0,,
primary_high_movement,checkpoint,6,up_given_onset,D0,3,0.2,0.3,0,,
primary_high_movement,checkpoint,6,up_given_onset,D0,4,0.3,0.4,0,,
primary_high_movement,checkpoint,6,up_given_onset,D0,5,0.4,0.5,346,0.474282934098,0.552023121387
primary_high_movement,checkpoint,6,up_given_onset,D0,6,0.5,0.6,15,0.512444139118,0.6
primary_high_movement,checkpoint,6,up_given_onset,D0,7,0.6,0.7,0,,
primary_high_movement,checkpoint,6,up_given_onset,D0,8,0.7,0.8,0,,
primary_high_movement,checkpoint,6,up_given_onset,D0,9,0.8,0.9,0,,
primary_high_movement,checkpoint,6,up_given_onset,D0,10,0.9,1,0,,
primary_high_movement,checkpoint,6,up_given_onset,D1,1,0,0.1,0,,
primary_high_movement,checkpoint,6,up_given_onset,D1,2,0.1,0.2,0,,
primary_high_movement,checkpoint,6,up_given_onset,D1,3,0.2,0.3,0,,
primary_high_movement,checkpoint,6,up_given_onset,D1,4,0.3,0.4,48,0.374290733016,0.5
primary_high_movement,checkpoint,6,up_given_onset,D1,5,0.4,0.5,193,0.44892220826,0.554404145078
primary_high_movement,checkpoint,6,up_given_onset,D1,6,0.5,0.6,93,0.544588093098,0.612903225806
primary_high_movement,checkpoint,6,up_given_onset,D1,7,0.6,0.7,20,0.639692015746,0.45
primary_high_movement,checkpoint,6,up_given_onset,D1,8,0.7,0.8,6,0.7261201957,0.333333333333
primary_high_movement,checkpoint,6,up_given_onset,D1,9,0.8,0.9,1,0.829123893671,1
primary_high_movement,checkpoint,6,up_given_onset,D1,10,0.9,1,0,,
primary_high_movement,checkpoint,6,up_given_onset,D2,1,0,0.1,1,0.0878190760147,1
primary_high_movement,checkpoint,6,up_given_onset,D2,2,0.1,0.2,10,0.143056898435,0.4
primary_high_movement,checkpoint,6,up_given_onset,D2,3,0.2,0.3,33,0.257004534365,0.575757575758
primary_high_movement,checkpoint,6,up_given_onset,D2,4,0.3,0.4,75,0.352396373163,0.466666666667
primary_high_movement,checkpoint,6,up_given_onset,D2,5,0.4,0.5,68,0.446542608431,0.573529411765
primary_high_movement,checkpoint,6,up_given_onset,D2,6,0.5,0.6,67,0.546762363286,0.537313432836
primary_high_movement,checkpoint,6,up_given_onset,D2,7,0.6,0.7,69,0.644294554635,0.623188405797
primary_high_movement,checkpoint,6,up_given_onset,D2,8,0.7,0.8,33,0.741117282078,0.606060606061
primary_high_movement,checkpoint,6,up_given_onset,D2,9,0.8,0.9,5,0.826028601346,0.6
primary_high_movement,checkpoint,6,up_given_onset,D2,10,0.9,1,0,,
primary_high_movement,checkpoint,6,up_given_onset,D3,1,0,0.1,2,0.0586673615819,0.5
primary_high_movement,checkpoint,6,up_given_onset,D3,2,0.1,0.2,20,0.156061570614,0.45
primary_high_movement,checkpoint,6,up_given_onset,D3,3,0.2,0.3,38,0.26066860572,0.578947368421
primary_high_movement,checkpoint,6,up_given_onset,D3,4,0.3,0.4,60,0.354096876411,0.516666666667
primary_high_movement,checkpoint,6,up_given_onset,D3,5,0.4,0.5,67,0.438017222183,0.522388059701
primary_high_movement,checkpoint,6,up_given_onset,D3,6,0.5,0.6,60,0.549153117357,0.55
primary_high_movement,checkpoint,6,up_given_onset,D3,7,0.6,0.7,49,0.647708083348,0.612244897959
primary_high_movement,checkpoint,6,up_given_onset,D3,8,0.7,0.8,42,0.751846110091,0.571428571429
primary_high_movement,checkpoint,6,up_given_onset,D3,9,0.8,0.9,23,0.835467682531,0.652173913043
primary_high_movement,checkpoint,6,up_given_onset,D3,10,0.9,1,0,,
primary_high_movement,month,2025-01,directional_onset,A0,1,0,0.1,0,,
primary_high_movement,month,2025-01,directional_onset,A0,2,0.1,0.2,0,,
primary_high_movement,month,2025-01,directional_onset,A0,3,0.2,0.3,0,,
primary_high_movement,month,2025-01,directional_onset,A0,4,0.3,0.4,68,0.381122996768,0.352941176471
primary_high_movement,month,2025-01,directional_onset,A0,5,0.4,0.5,98,0.443093358751,0.428571428571
primary_high_movement,month,2025-01,directional_onset,A0,6,0.5,0.6,43,0.546417724168,0.558139534884
primary_high_movement,month,2025-01,directional_onset,A0,7,0.6,0.7,30,0.650949139408,0.533333333333
primary_high_movement,month,2025-01,directional_onset,A0,8,0.7,0.8,21,0.739928217465,0.809523809524
primary_high_movement,month,2025-01,directional_onset,A0,9,0.8,0.9,19,0.844635683299,0.736842105263
primary_high_movement,month,2025-01,directional_onset,A0,10,0.9,1,19,0.924011640686,1
primary_high_movement,month,2025-01,directional_onset,A1,1,0,0.1,0,,
primary_high_movement,month,2025-01,directional_onset,A1,2,0.1,0.2,0,,
primary_high_movement,month,2025-01,directional_onset,A1,3,0.2,0.3,2,0.291283817975,0
primary_high_movement,month,2025-01,directional_onset,A1,4,0.3,0.4,74,0.364165084208,0.351351351351
primary_high_movement,month,2025-01,directional_onset,A1,5,0.4,0.5,86,0.444674385867,0.476744186047
primary_high_movement,month,2025-01,directional_onset,A1,6,0.5,0.6,33,0.554779707462,0.545454545455
primary_high_movement,month,2025-01,directional_onset,A1,7,0.6,0.7,35,0.64916731848,0.428571428571
primary_high_movement,month,2025-01,directional_onset,A1,8,0.7,0.8,26,0.740089081514,0.730769230769
primary_high_movement,month,2025-01,directional_onset,A1,9,0.8,0.9,23,0.857173874311,0.826086956522
primary_high_movement,month,2025-01,directional_onset,A1,10,0.9,1,19,0.942638873365,0.947368421053
primary_high_movement,month,2025-01,directional_onset,A2,1,0,0.1,0,,
primary_high_movement,month,2025-01,directional_onset,A2,2,0.1,0.2,0,,
primary_high_movement,month,2025-01,directional_onset,A2,3,0.2,0.3,9,0.268141564354,0.222222222222
primary_high_movement,month,2025-01,directional_onset,A2,4,0.3,0.4,57,0.357191037704,0.350877192982
primary_high_movement,month,2025-01,directional_onset,A2,5,0.4,0.5,73,0.445661607486,0.452054794521
primary_high_movement,month,2025-01,directional_onset,A2,6,0.5,0.6,51,0.545410016121,0.549019607843
primary_high_movement,month,2025-01,directional_onset,A2,7,0.6,0.7,34,0.651597367201,0.441176470588
primary_high_movement,month,2025-01,directional_onset,A2,8,0.7,0.8,26,0.733496377631,0.692307692308
primary_high_movement,month,2025-01,directional_onset,A2,9,0.8,0.9,25,0.854065278791,0.72
primary_high_movement,month,2025-01,directional_onset,A2,10,0.9,1,23,0.949768899592,0.95652173913
primary_high_movement,month,2025-01,directional_onset,A3,1,0,0.1,0,,
primary_high_movement,month,2025-01,directional_onset,A3,2,0.1,0.2,0,,
primary_high_movement,month,2025-01,directional_onset,A3,3,0.2,0.3,25,0.26331436372,0.32
primary_high_movement,month,2025-01,directional_onset,A3,4,0.3,0.4,51,0.355915041201,0.294117647059
primary_high_movement,month,2025-01,directional_onset,A3,5,0.4,0.5,61,0.44867207549,0.491803278689
primary_high_movement,month,2025-01,directional_onset,A3,6,0.5,0.6,45,0.543620408119,0.422222222222
primary_high_movement,month,2025-01,directional_onset,A3,7,0.6,0.7,39,0.651821820365,0.666666666667
primary_high_movement,month,2025-01,directional_onset,A3,8,0.7,0.8,29,0.745608816181,0.586206896552
primary_high_movement,month,2025-01,directional_onset,A3,9,0.8,0.9,20,0.846998363428,0.85
primary_high_movement,month,2025-01,directional_onset,A3,10,0.9,1,28,0.948507786816,0.857142857143
primary_high_movement,month,2025-01,up_given_onset,D0,1,0,0.1,0,,
primary_high_movement,month,2025-01,up_given_onset,D0,2,0.1,0.2,0,,
primary_high_movement,month,2025-01,up_given_onset,D0,3,0.2,0.3,0,,
primary_high_movement,month,2025-01,up_given_onset,D0,4,0.3,0.4,0,,
primary_high_movement,month,2025-01,up_given_onset,D0,5,0.4,0.5,76,0.474816290086,0.526315789474
primary_high_movement,month,2025-01,up_given_onset,D0,6,0.5,0.6,80,0.523672235944,0.425
primary_high_movement,month,2025-01,up_given_onset,D0,7,0.6,0.7,0,,
primary_high_movement,month,2025-01,up_given_onset,D0,8,0.7,0.8,0,,
primary_high_movement,month,2025-01,up_given_onset,D0,9,0.8,0.9,0,,
primary_high_movement,month,2025-01,up_given_onset,D0,10,0.9,1,0,,
primary_high_movement,month,2025-01,up_given_onset,D1,1,0,0.1,0,,
primary_high_movement,month,2025-01,up_given_onset,D1,2,0.1,0.2,0,,
primary_high_movement,month,2025-01,up_given_onset,D1,3,0.2,0.3,0,,
primary_high_movement,month,2025-01,up_given_onset,D1,4,0.3,0.4,26,0.376006150842,0.5
primary_high_movement,month,2025-01,up_given_onset,D1,5,0.4,0.5,79,0.450124829824,0.430379746835
primary_high_movement,month,2025-01,up_given_onset,D1,6,0.5,0.6,47,0.545973589485,0.510638297872
primary_high_movement,month,2025-01,up_given_onset,D1,7,0.6,0.7,3,0.612395517769,1
primary_high_movement,month,2025-01,up_given_onset,D1,8,0.7,0.8,1,0.732312207037,0
primary_high_movement,month,2025-01,up_given_onset,D1,9,0.8,0.9,0,,
primary_high_movement,month,2025-01,up_given_onset,D1,10,0.9,1,0,,
primary_high_movement,month,2025-01,up_given_onset,D2,1,0,0.1,0,,
primary_high_movement,month,2025-01,up_given_onset,D2,2,0.1,0.2,1,0.199260949972,1
primary_high_movement,month,2025-01,up_given_onset,D2,3,0.2,0.3,16,0.250074574804,0.625
primary_high_movement,month,2025-01,up_given_onset,D2,4,0.3,0.4,38,0.358027097571,0.421052631579
primary_high_movement,month,2025-01,up_given_onset,D2,5,0.4,0.5,40,0.451986977881,0.5
primary_high_movement,month,2025-01,up_given_onset,D2,6,0.5,0.6,30,0.546976283388,0.433333333333
primary_high_movement,month,2025-01,up_given_onset,D2,7,0.6,0.7,21,0.63907806216,0.380952380952
primary_high_movement,month,2025-01,up_given_onset,D2,8,0.7,0.8,9,0.74033637906,0.555555555556
primary_high_movement,month,2025-01,up_given_onset,D2,9,0.8,0.9,1,0.803515177882,1
primary_high_movement,month,2025-01,up_given_onset,D2,10,0.9,1,0,,
primary_high_movement,month,2025-01,up_given_onset,D3,1,0,0.1,0,,
primary_high_movement,month,2025-01,up_given_onset,D3,2,0.1,0.2,6,0.167712466795,0.666666666667
primary_high_movement,month,2025-01,up_given_onset,D3,3,0.2,0.3,15,0.259893733352,0.733333333333
primary_high_movement,month,2025-01,up_given_onset,D3,4,0.3,0.4,31,0.35506333661,0.483870967742
primary_high_movement,month,2025-01,up_given_onset,D3,5,0.4,0.5,37,0.439327511185,0.351351351351
primary_high_movement,month,2025-01,up_given_onset,D3,6,0.5,0.6,40,0.545700272921,0.45
primary_high_movement,month,2025-01,up_given_onset,D3,7,0.6,0.7,16,0.651405184974,0.375
primary_high_movement,month,2025-01,up_given_onset,D3,8,0.7,0.8,6,0.745690301637,0.666666666667
primary_high_movement,month,2025-01,up_given_onset,D3,9,0.8,0.9,5,0.841110003975,0.6
primary_high_movement,month,2025-01,up_given_onset,D3,10,0.9,1,0,,
primary_high_movement,month,2025-02,directional_onset,A0,1,0,0.1,0,,
primary_high_movement,month,2025-02,directional_onset,A0,2,0.1,0.2,0,,
primary_high_movement,month,2025-02,directional_onset,A0,3,0.2,0.3,0,,
primary_high_movement,month,2025-02,directional_onset,A0,4,0.3,0.4,50,0.378999364707,0.4
primary_high_movement,month,2025-02,directional_onset,A0,5,0.4,0.5,97,0.435117017481,0.474226804124
primary_high_movement,month,2025-02,directional_onset,A0,6,0.5,0.6,58,0.541120090895,0.448275862069
primary_high_movement,month,2025-02,directional_onset,A0,7,0.6,0.7,32,0.647861411247,0.59375
primary_high_movement,month,2025-02,directional_onset,A0,8,0.7,0.8,16,0.729106151923,0.625
primary_high_movement,month,2025-02,directional_onset,A0,9,0.8,0.9,12,0.836430973916,0.75
primary_high_movement,month,2025-02,directional_onset,A0,10,0.9,1,0,,
primary_high_movement,month,2025-02,directional_onset,A1,1,0,0.1,0,,
primary_high_movement,month,2025-02,directional_onset,A1,2,0.1,0.2,0,,
primary_high_movement,month,2025-02,directional_onset,A1,3,0.2,0.3,2,0.296333253427,1
primary_high_movement,month,2025-02,directional_onset,A1,4,0.3,0.4,62,0.363118913834,0.387096774194
primary_high_movement,month,2025-02,directional_onset,A1,5,0.4,0.5,86,0.445829709978,0.418604651163
primary_high_movement,month,2025-02,directional_onset,A1,6,0.5,0.6,49,0.552323491015,0.510204081633
primary_high_movement,month,2025-02,directional_onset,A1,7,0.6,0.7,34,0.649890981023,0.705882352941
primary_high_movement,month,2025-02,directional_onset,A1,8,0.7,0.8,20,0.739823231735,0.55
primary_high_movement,month,2025-02,directional_onset,A1,9,0.8,0.9,10,0.845519613721,0.6
primary_high_movement,month,2025-02,directional_onset,A1,10,0.9,1,2,0.926791344801,1
primary_high_movement,month,2025-02,directional_onset,A2,1,0,0.1,0,,
primary_high_movement,month,2025-02,directional_onset,A2,2,0.1,0.2,0,,
primary_high_movement,month,2025-02,directional_onset,A2,3,0.2,0.3,12,0.263546443305,0.333333333333
primary_high_movement,month,2025-02,directional_onset,A2,4,0.3,0.4,53,0.359063757598,0.396226415094
primary_high_movement,month,2025-02,directional_onset,A2,5,0.4,0.5,76,0.446852808699,0.434210526316
primary_high_movement,month,2025-02,directional_onset,A2,6,0.5,0.6,52,0.549552241048,0.480769230769
primary_high_movement,month,2025-02,directional_onset,A2,7,0.6,0.7,41,0.643370042519,0.658536585366
primary_high_movement,month,2025-02,directional_onset,A2,8,0.7,0.8,17,0.742056275813,0.647058823529
primary_high_movement,month,2025-02,directional_onset,A2,9,0.8,0.9,10,0.841617037595,0.6
primary_high_movement,month,2025-02,directional_onset,A2,10,0.9,1,4,0.928885503703,0.75
primary_high_movement,month,2025-02,directional_onset,A3,1,0,0.1,0,,
primary_high_movement,month,2025-02,directional_onset,A3,2,0.1,0.2,3,0.167428497058,0
primary_high_movement,month,2025-02,directional_onset,A3,3,0.2,0.3,19,0.271057604336,0.368421052632
primary_high_movement,month,2025-02,directional_onset,A3,4,0.3,0.4,55,0.355809609523,0.4
primary_high_movement,month,2025-02,directional_onset,A3,5,0.4,0.5,59,0.44817923608,0.406779661017
primary_high_movement,month,2025-02,directional_onset,A3,6,0.5,0.6,54,0.549283144064,0.518518518519
primary_high_movement,month,2025-02,directional_onset,A3,7,0.6,0.7,35,0.646310266421,0.571428571429
primary_high_movement,month,2025-02,directional_onset,A3,8,0.7,0.8,25,0.742919152957,0.76
primary_high_movement,month,2025-02,directional_onset,A3,9,0.8,0.9,9,0.852897123051,0.666666666667
primary_high_movement,month,2025-02,directional_onset,A3,10,0.9,1,6,0.925910130367,0.666666666667
primary_high_movement,month,2025-02,up_given_onset,D0,1,0,0.1,0,,
primary_high_movement,month,2025-02,up_given_onset,D0,2,0.1,0.2,0,,
primary_high_movement,month,2025-02,up_given_onset,D0,3,0.2,0.3,0,,
primary_high_movement,month,2025-02,up_given_onset,D0,4,0.3,0.4,0,,
primary_high_movement,month,2025-02,up_given_onset,D0,5,0.4,0.5,64,0.47359530799,0.53125
primary_high_movement,month,2025-02,up_given_onset,D0,6,0.5,0.6,66,0.520416223469,0.454545454545
primary_high_movement,month,2025-02,up_given_onset,D0,7,0.6,0.7,0,,
primary_high_movement,month,2025-02,up_given_onset,D0,8,0.7,0.8,0,,
primary_high_movement,month,2025-02,up_given_onset,D0,9,0.8,0.9,0,,
primary_high_movement,month,2025-02,up_given_onset,D0,10,0.9,1,0,,
primary_high_movement,month,2025-02,up_given_onset,D1,1,0,0.1,0,,
primary_high_movement,month,2025-02,up_given_onset,D1,2,0.1,0.2,0,,
primary_high_movement,month,2025-02,up_given_onset,D1,3,0.2,0.3,0,,
primary_high_movement,month,2025-02,up_given_onset,D1,4,0.3,0.4,11,0.382354498722,0.545454545455
primary_high_movement,month,2025-02,up_given_onset,D1,5,0.4,0.5,43,0.459537804251,0.581395348837
primary_high_movement,month,2025-02,up_given_onset,D1,6,0.5,0.6,65,0.539616215907,0.446153846154
primary_high_movement,month,2025-02,up_given_onset,D1,7,0.6,0.7,8,0.631289850235,0.375
primary_high_movement,month,2025-02,up_given_onset,D1,8,0.7,0.8,3,0.729348555089,0.333333333333
primary_high_movement,month,2025-02,up_given_onset,D1,9,0.8,0.9,0,,
primary_high_movement,month,2025-02,up_given_onset,D1,10,0.9,1,0,,
primary_high_movement,month,2025-02,up_given_onset,D2,1,0,0.1,0,,
primary_high_movement,month,2025-02,up_given_onset,D2,2,0.1,0.2,1,0.197555221686,1
primary_high_movement,month,2025-02,up_given_onset,D2,3,0.2,0.3,6,0.258415059773,0.5
primary_high_movement,month,2025-02,up_given_onset,D2,4,0.3,0.4,21,0.355509119928,0.428571428571
primary_high_movement,month,2025-02,up_given_onset,D2,5,0.4,0.5,28,0.454474955276,0.571428571429
primary_high_movement,month,2025-02,up_given_onset,D2,6,0.5,0.6,24,0.567608130968,0.416666666667
primary_high_movement,month,2025-02,up_given_onset,D2,7,0.6,0.7,33,0.644177325728,0.545454545455
primary_high_movement,month,2025-02,up_given_onset,D2,8,0.7,0.8,15,0.740034226967,0.466666666667
primary_high_movement,month,2025-02,up_given_onset,D2,9,0.8,0.9,1,0.817155610805,0
primary_high_movement,month,2025-02,up_given_onset,D2,10,0.9,1,1,0.959695085488,0
primary_high_movement,month,2025-02,up_given_onset,D3,1,0,0.1,0,,
primary_high_movement,month,2025-02,up_given_onset,D3,2,0.1,0.2,1,0.195085240484,1
primary_high_movement,month,2025-02,up_given_onset,D3,3,0.2,0.3,10,0.26769757915,0.5
primary_high_movement,month,2025-02,up_given_onset,D3,4,0.3,0.4,20,0.365478476056,0.5
primary_high_movement,month,2025-02,up_given_onset,D3,5,0.4,0.5,25,0.442842288839,0.48
primary_high_movement,month,2025-02,up_given_onset,D3,6,0.5,0.6,17,0.559315884203,0.470588235294
primary_high_movement,month,2025-02,up_given_onset,D3,7,0.6,0.7,25,0.654604511704,0.52
primary_high_movement,month,2025-02,up_given_onset,D3,8,0.7,0.8,16,0.744214702921,0.5625
primary_high_movement,month,2025-02,up_given_onset,D3,9,0.8,0.9,15,0.82901932306,0.4
primary_high_movement,month,2025-02,up_given_onset,D3,10,0.9,1,1,0.92197542544,0
primary_high_movement,month,2025-03,directional_onset,A0,1,0,0.1,0,,
primary_high_movement,month,2025-03,directional_onset,A0,2,0.1,0.2,0,,
primary_high_movement,month,2025-03,directional_onset,A0,3,0.2,0.3,0,,
primary_high_movement,month,2025-03,directional_onset,A0,4,0.3,0.4,56,0.380513086807,0.267857142857
primary_high_movement,month,2025-03,directional_onset,A0,5,0.4,0.5,90,0.444412676648,0.366666666667
primary_high_movement,month,2025-03,directional_onset,A0,6,0.5,0.6,24,0.550430498691,0.583333333333
primary_high_movement,month,2025-03,directional_onset,A0,7,0.6,0.7,15,0.640117361386,0.6
primary_high_movement,month,2025-03,directional_onset,A0,8,0.7,0.8,8,0.75053902255,0.5
primary_high_movement,month,2025-03,directional_onset,A0,9,0.8,0.9,7,0.852593560551,0.714285714286
primary_high_movement,month,2025-03,directional_onset,A0,10,0.9,1,3,0.940460386399,0.666666666667
primary_high_movement,month,2025-03,directional_onset,A1,1,0,0.1,0,,
primary_high_movement,month,2025-03,directional_onset,A1,2,0.1,0.2,0,,
primary_high_movement,month,2025-03,directional_onset,A1,3,0.2,0.3,1,0.296653953529,1
primary_high_movement,month,2025-03,directional_onset,A1,4,0.3,0.4,44,0.366600316918,0.227272727273
primary_high_movement,month,2025-03,directional_onset,A1,5,0.4,0.5,93,0.441667925591,0.354838709677
primary_high_movement,month,2025-03,directional_onset,A1,6,0.5,0.6,30,0.53951432571,0.566666666667
primary_high_movement,month,2025-03,directional_onset,A1,7,0.6,0.7,14,0.644265562563,0.571428571429
primary_high_movement,month,2025-03,directional_onset,A1,8,0.7,0.8,9,0.745472248015,0.555555555556
primary_high_movement,month,2025-03,directional_onset,A1,9,0.8,0.9,6,0.832708811084,0.666666666667
primary_high_movement,month,2025-03,directional_onset,A1,10,0.9,1,6,0.939818394937,0.666666666667
primary_high_movement,month,2025-03,directional_onset,A2,1,0,0.1,0,,
primary_high_movement,month,2025-03,directional_onset,A2,2,0.1,0.2,0,,
primary_high_movement,month,2025-03,directional_onset,A2,3,0.2,0.3,5,0.265346019656,0
primary_high_movement,month,2025-03,directional_onset,A2,4,0.3,0.4,53,0.350543179841,0.264150943396
primary_high_movement,month,2025-03,directional_onset,A2,5,0.4,0.5,73,0.449686454244,0.383561643836
primary_high_movement,month,2025-03,directional_onset,A2,6,0.5,0.6,35,0.544287387871,0.485714285714
primary_high_movement,month,2025-03,directional_onset,A2,7,0.6,0.7,18,0.637896002891,0.611111111111
primary_high_movement,month,2025-03,directional_onset,A2,8,0.7,0.8,9,0.738217573141,0.555555555556
primary_high_movement,month,2025-03,directional_onset,A2,9,0.8,0.9,6,0.882224184817,0.666666666667
primary_high_movement,month,2025-03,directional_onset,A2,10,0.9,1,4,0.940622310664,0.75
primary_high_movement,month,2025-03,directional_onset,A3,1,0,0.1,0,,
primary_high_movement,month,2025-03,directional_onset,A3,2,0.1,0.2,1,0.196767041495,0
primary_high_movement,month,2025-03,directional_onset,A3,3,0.2,0.3,10,0.280760866153,0.1
primary_high_movement,month,2025-03,directional_onset,A3,4,0.3,0.4,46,0.353658948064,0.239130434783
primary_high_movement,month,2025-03,directional_onset,A3,5,0.4,0.5,53,0.454751400853,0.471698113208
primary_high_movement,month,2025-03,directional_onset,A3,6,0.5,0.6,49,0.544351227732,0.448979591837
primary_high_movement,month,2025-03,directional_onset,A3,7,0.6,0.7,21,0.641545722879,0.52380952381
primary_high_movement,month,2025-03,directional_onset,A3,8,0.7,0.8,8,0.722880112052,0.25
primary_high_movement,month,2025-03,directional_onset,A3,9,0.8,0.9,8,0.840828784984,0.625
primary_high_movement,month,2025-03,directional_onset,A3,10,0.9,1,7,0.935883038782,0.714285714286
primary_high_movement,month,2025-03,up_given_onset,D0,1,0,0.1,0,,
primary_high_movement,month,2025-03,up_given_onset,D0,2,0.1,0.2,0,,
primary_high_movement,month,2025-03,up_given_onset,D0,3,0.2,0.3,0,,
primary_high_movement,month,2025-03,up_given_onset,D0,4,0.3,0.4,0,,
primary_high_movement,month,2025-03,up_given_onset,D0,5,0.4,0.5,45,0.474474030155,0.377777777778
primary_high_movement,month,2025-03,up_given_onset,D0,6,0.5,0.6,37,0.520449468143,0.459459459459
primary_high_movement,month,2025-03,up_given_onset,D0,7,0.6,0.7,0,,
primary_high_movement,month,2025-03,up_given_onset,D0,8,0.7,0.8,0,,
primary_high_movement,month,2025-03,up_given_onset,D0,9,0.8,0.9,0,,
primary_high_movement,month,2025-03,up_given_onset,D0,10,0.9,1,0,,
primary_high_movement,month,2025-03,up_given_onset,D1,1,0,0.1,0,,
primary_high_movement,month,2025-03,up_given_onset,D1,2,0.1,0.2,0,,
primary_high_movement,month,2025-03,up_given_onset,D1,3,0.2,0.3,0,,
primary_high_movement,month,2025-03,up_given_onset,D1,4,0.3,0.4,3,0.377407633369,0.666666666667
primary_high_movement,month,2025-03,up_given_onset,D1,5,0.4,0.5,29,0.448943914241,0.310344827586
primary_high_movement,month,2025-03,up_given_onset,D1,6,0.5,0.6,44,0.550776438337,0.477272727273
primary_high_movement,month,2025-03,up_given_onset,D1,7,0.6,0.7,5,0.636117321612,0.4
primary_high_movement,month,2025-03,up_given_onset,D1,8,0.7,0.8,1,0.748087075143,0
primary_high_movement,month,2025-03,up_given_onset,D1,9,0.8,0.9,0,,
primary_high_movement,month,2025-03,up_given_onset,D1,10,0.9,1,0,,
primary_high_movement,month,2025-03,up_given_onset,D2,1,0,0.1,0,,
primary_high_movement,month,2025-03,up_given_onset,D2,2,0.1,0.2,0,,
primary_high_movement,month,2025-03,up_given_onset,D2,3,0.2,0.3,7,0.263931393775,0.571428571429
primary_high_movement,month,2025-03,up_given_onset,D2,4,0.3,0.4,9,0.348200880766,0.222222222222
primary_high_movement,month,2025-03,up_given_onset,D2,5,0.4,0.5,15,0.455979230313,0.2
primary_high_movement,month,2025-03,up_given_onset,D2,6,0.5,0.6,17,0.547500311962,0.588235294118
primary_high_movement,month,2025-03,up_given_onset,D2,7,0.6,0.7,22,0.642938973337,0.409090909091
primary_high_movement,month,2025-03,up_given_onset,D2,8,0.7,0.8,11,0.729507385114,0.454545454545
primary_high_movement,month,2025-03,up_given_onset,D2,9,0.8,0.9,1,0.808356165251,1
primary_high_movement,month,2025-03,up_given_onset,D2,10,0.9,1,0,,
primary_high_movement,month,2025-03,up_given_onset,D3,1,0,0.1,0,,
primary_high_movement,month,2025-03,up_given_onset,D3,2,0.1,0.2,3,0.177328155159,0.333333333333
primary_high_movement,month,2025-03,up_given_onset,D3,3,0.2,0.3,5,0.252556191721,0.4
primary_high_movement,month,2025-03,up_given_onset,D3,4,0.3,0.4,7,0.332653908987,0.428571428571
primary_high_movement,month,2025-03,up_given_onset,D3,5,0.4,0.5,15,0.451505562706,0.2
primary_high_movement,month,2025-03,up_given_onset,D3,6,0.5,0.6,17,0.542795778965,0.352941176471
primary_high_movement,month,2025-03,up_given_onset,D3,7,0.6,0.7,14,0.641876909249,0.5
primary_high_movement,month,2025-03,up_given_onset,D3,8,0.7,0.8,15,0.757864307516,0.466666666667
primary_high_movement,month,2025-03,up_given_onset,D3,9,0.8,0.9,6,0.831318241112,0.833333333333
primary_high_movement,month,2025-03,up_given_onset,D3,10,0.9,1,0,,
primary_high_movement,month,2025-04,directional_onset,A0,1,0,0.1,0,,
primary_high_movement,month,2025-04,directional_onset,A0,2,0.1,0.2,0,,
primary_high_movement,month,2025-04,directional_onset,A0,3,0.2,0.3,0,,
primary_high_movement,month,2025-04,directional_onset,A0,4,0.3,0.4,55,0.378592115046,0.181818181818
primary_high_movement,month,2025-04,directional_onset,A0,5,0.4,0.5,65,0.437510763082,0.338461538462
primary_high_movement,month,2025-04,directional_onset,A0,6,0.5,0.6,22,0.539798039915,0.409090909091
primary_high_movement,month,2025-04,directional_onset,A0,7,0.6,0.7,22,0.653372369137,0.454545454545
primary_high_movement,month,2025-04,directional_onset,A0,8,0.7,0.8,18,0.743627551769,0.388888888889
primary_high_movement,month,2025-04,directional_onset,A0,9,0.8,0.9,16,0.846297847969,0.25
primary_high_movement,month,2025-04,directional_onset,A0,10,0.9,1,2,0.918560937241,0.5
primary_high_movement,month,2025-04,directional_onset,A1,1,0,0.1,0,,
primary_high_movement,month,2025-04,directional_onset,A1,2,0.1,0.2,0,,
primary_high_movement,month,2025-04,directional_onset,A1,3,0.2,0.3,1,0.284815157454,0
primary_high_movement,month,2025-04,directional_onset,A1,4,0.3,0.4,64,0.360449421852,0.21875
primary_high_movement,month,2025-04,directional_onset,A1,5,0.4,0.5,60,0.442424397638,0.35
primary_high_movement,month,2025-04,directional_onset,A1,6,0.5,0.6,23,0.553064670621,0.391304347826
primary_high_movement,month,2025-04,directional_onset,A1,7,0.6,0.7,17,0.648831965661,0.411764705882
primary_high_movement,month,2025-04,directional_onset,A1,8,0.7,0.8,18,0.749581873565,0.5
primary_high_movement,month,2025-04,directional_onset,A1,9,0.8,0.9,13,0.851603985939,0.0769230769231
primary_high_movement,month,2025-04,directional_onset,A1,10,0.9,1,4,0.928177788875,0.5
primary_high_movement,month,2025-04,directional_onset,A2,1,0,0.1,0,,
primary_high_movement,month,2025-04,directional_onset,A2,2,0.1,0.2,1,0.189734473875,1
primary_high_movement,month,2025-04,directional_onset,A2,3,0.2,0.3,15,0.271478467017,0.266666666667
primary_high_movement,month,2025-04,directional_onset,A2,4,0.3,0.4,48,0.353624666837,0.229166666667
primary_high_movement,month,2025-04,directional_onset,A2,5,0.4,0.5,41,0.447074740286,0.243902439024
primary_high_movement,month,2025-04,directional_onset,A2,6,0.5,0.6,41,0.548362148409,0.390243902439
primary_high_movement,month,2025-04,directional_onset,A2,7,0.6,0.7,22,0.654029990212,0.272727272727
primary_high_movement,month,2025-04,directional_onset,A2,8,0.7,0.8,20,0.746697286639,0.55
primary_high_movement,month,2025-04,directional_onset,A2,9,0.8,0.9,10,0.850278013141,0.3
primary_high_movement,month,2025-04,directional_onset,A2,10,0.9,1,2,0.921605788223,0.5
primary_high_movement,month,2025-04,directional_onset,A3,1,0,0.1,0,,
primary_high_movement,month,2025-04,directional_onset,A3,2,0.1,0.2,2,0.191525490562,0.5
primary_high_movement,month,2025-04,directional_onset,A3,3,0.2,0.3,16,0.255209868684,0.4375
primary_high_movement,month,2025-04,directional_onset,A3,4,0.3,0.4,40,0.351872274843,0.175
primary_high_movement,month,2025-04,directional_onset,A3,5,0.4,0.5,38,0.450732660222,0.210526315789
primary_high_movement,month,2025-04,directional_onset,A3,6,0.5,0.6,38,0.541247441026,0.368421052632
primary_high_movement,month,2025-04,directional_onset,A3,7,0.6,0.7,32,0.636881347991,0.34375
primary_high_movement,month,2025-04,directional_onset,A3,8,0.7,0.8,18,0.74568775335,0.611111111111
primary_high_movement,month,2025-04,directional_onset,A3,9,0.8,0.9,10,0.851494265497,0.1
primary_high_movement,month,2025-04,directional_onset,A3,10,0.9,1,6,0.923641683522,0.5
primary_high_movement,month,2025-04,up_given_onset,D0,1,0,0.1,0,,
primary_high_movement,month,2025-04,up_given_onset,D0,2,0.1,0.2,0,,
primary_high_movement,month,2025-04,up_given_onset,D0,3,0.2,0.3,0,,
primary_high_movement,month,2025-04,up_given_onset,D0,4,0.3,0.4,0,,
primary_high_movement,month,2025-04,up_given_onset,D0,5,0.4,0.5,38,0.475339743729,0.473684210526
primary_high_movement,month,2025-04,up_given_onset,D0,6,0.5,0.6,25,0.523552295448,0.6
primary_high_movement,month,2025-04,up_given_onset,D0,7,0.6,0.7,0,,
primary_high_movement,month,2025-04,up_given_onset,D0,8,0.7,0.8,0,,
primary_high_movement,month,2025-04,up_given_onset,D0,9,0.8,0.9,0,,
primary_high_movement,month,2025-04,up_given_onset,D0,10,0.9,1,0,,
primary_high_movement,month,2025-04,up_given_onset,D1,1,0,0.1,0,,
primary_high_movement,month,2025-04,up_given_onset,D1,2,0.1,0.2,0,,
primary_high_movement,month,2025-04,up_given_onset,D1,3,0.2,0.3,0,,
primary_high_movement,month,2025-04,up_given_onset,D1,4,0.3,0.4,5,0.376490437107,0.2
primary_high_movement,month,2025-04,up_given_onset,D1,5,0.4,0.5,28,0.458676874471,0.535714285714
primary_high_movement,month,2025-04,up_given_onset,D1,6,0.5,0.6,22,0.534325921231,0.5
primary_high_movement,month,2025-04,up_given_onset,D1,7,0.6,0.7,6,0.643468593183,0.666666666667
primary_high_movement,month,2025-04,up_given_onset,D1,8,0.7,0.8,2,0.735381549573,1
primary_high_movement,month,2025-04,up_given_onset,D1,9,0.8,0.9,0,,
primary_high_movement,month,2025-04,up_given_onset,D1,10,0.9,1,0,,
primary_high_movement,month,2025-04,up_given_onset,D2,1,0,0.1,0,,
primary_high_movement,month,2025-04,up_given_onset,D2,2,0.1,0.2,8,0.131326970529,0.375
primary_high_movement,month,2025-04,up_given_onset,D2,3,0.2,0.3,4,0.259182407736,0.5
primary_high_movement,month,2025-04,up_given_onset,D2,4,0.3,0.4,11,0.360913542254,0.545454545455
primary_high_movement,month,2025-04,up_given_onset,D2,5,0.4,0.5,17,0.453307890525,0.470588235294
primary_high_movement,month,2025-04,up_given_onset,D2,6,0.5,0.6,7,0.543745605137,0.571428571429
primary_high_movement,month,2025-04,up_given_onset,D2,7,0.6,0.7,7,0.621708073187,0.571428571429
primary_high_movement,month,2025-04,up_given_onset,D2,8,0.7,0.8,8,0.748975376485,0.625
primary_high_movement,month,2025-04,up_given_onset,D2,9,0.8,0.9,1,0.844189968604,1
primary_high_movement,month,2025-04,up_given_onset,D2,10,0.9,1,0,,
primary_high_movement,month,2025-04,up_given_onset,D3,1,0,0.1,1,0.0951172661428,0
primary_high_movement,month,2025-04,up_given_onset,D3,2,0.1,0.2,8,0.132205714527,0.375
primary_high_movement,month,2025-04,up_given_onset,D3,3,0.2,0.3,4,0.261775077869,0.75
primary_high_movement,month,2025-04,up_given_onset,D3,4,0.3,0.4,12,0.362651061155,0.416666666667
primary_high_movement,month,2025-04,up_given_onset,D3,5,0.4,0.5,17,0.441777251297,0.470588235294
primary_high_movement,month,2025-04,up_given_onset,D3,6,0.5,0.6,8,0.548976644796,0.875
primary_high_movement,month,2025-04,up_given_onset,D3,7,0.6,0.7,3,0.65384704733,0.333333333333
primary_high_movement,month,2025-04,up_given_onset,D3,8,0.7,0.8,6,0.737258667466,0.5
primary_high_movement,month,2025-04,up_given_onset,D3,9,0.8,0.9,4,0.850198506593,0.75
primary_high_movement,month,2025-04,up_given_onset,D3,10,0.9,1,0,,
primary_high_movement,month,2025-05,directional_onset,A0,1,0,0.1,0,,
primary_high_movement,month,2025-05,directional_onset,A0,2,0.1,0.2,0,,
primary_high_movement,month,2025-05,directional_onset,A0,3,0.2,0.3,0,,
primary_high_movement,month,2025-05,directional_onset,A0,4,0.3,0.4,41,0.379895654517,0.243902439024
primary_high_movement,month,2025-05,directional_onset,A0,5,0.4,0.5,50,0.445680706524,0.4
primary_high_movement,month,2025-05,directional_onset,A0,6,0.5,0.6,38,0.5461641532,0.421052631579
primary_high_movement,month,2025-05,directional_onset,A0,7,0.6,0.7,22,0.648337843961,0.545454545455
primary_high_movement,month,2025-05,directional_onset,A0,8,0.7,0.8,14,0.747824691617,0.642857142857
primary_high_movement,month,2025-05,directional_onset,A0,9,0.8,0.9,7,0.867396087903,0.714285714286
primary_high_movement,month,2025-05,directional_onset,A0,10,0.9,1,8,0.92450765792,0.875
primary_high_movement,month,2025-05,directional_onset,A1,1,0,0.1,0,,
primary_high_movement,month,2025-05,directional_onset,A1,2,0.1,0.2,0,,
primary_high_movement,month,2025-05,directional_onset,A1,3,0.2,0.3,1,0.299177298466,0
primary_high_movement,month,2025-05,directional_onset,A1,4,0.3,0.4,35,0.367798766681,0.342857142857
primary_high_movement,month,2025-05,directional_onset,A1,5,0.4,0.5,52,0.445336541288,0.346153846154
primary_high_movement,month,2025-05,directional_onset,A1,6,0.5,0.6,29,0.542002514882,0.275862068966
primary_high_movement,month,2025-05,directional_onset,A1,7,0.6,0.7,31,0.642411142083,0.58064516129
primary_high_movement,month,2025-05,directional_onset,A1,8,0.7,0.8,11,0.746874159839,0.545454545455
primary_high_movement,month,2025-05,directional_onset,A1,9,0.8,0.9,7,0.829485566172,0.714285714286
primary_high_movement,month,2025-05,directional_onset,A1,10,0.9,1,14,0.941802627961,0.857142857143
primary_high_movement,month,2025-05,directional_onset,A2,1,0,0.1,0,,
primary_high_movement,month,2025-05,directional_onset,A2,2,0.1,0.2,0,,
primary_high_movement,month,2025-05,directional_onset,A2,3,0.2,0.3,6,0.27791534836,0.333333333333
primary_high_movement,month,2025-05,directional_onset,A2,4,0.3,0.4,30,0.346974003342,0.266666666667
primary_high_movement,month,2025-05,directional_onset,A2,5,0.4,0.5,44,0.451670670144,0.363636363636
primary_high_movement,month,2025-05,directional_onset,A2,6,0.5,0.6,38,0.546842201937,0.342105263158
primary_high_movement,month,2025-05,directional_onset,A2,7,0.6,0.7,31,0.6392630736,0.483870967742
primary_high_movement,month,2025-05,directional_onset,A2,8,0.7,0.8,14,0.752772244191,0.928571428571
primary_high_movement,month,2025-05,directional_onset,A2,9,0.8,0.9,9,0.839261711851,0.555555555556
primary_high_movement,month,2025-05,directional_onset,A2,10,0.9,1,8,0.954386899877,0.875
primary_high_movement,month,2025-05,directional_onset,A3,1,0,0.1,0,,
primary_high_movement,month,2025-05,directional_onset,A3,2,0.1,0.2,0,,
primary_high_movement,month,2025-05,directional_onset,A3,3,0.2,0.3,12,0.271598601145,0.25
primary_high_movement,month,2025-05,directional_onset,A3,4,0.3,0.4,27,0.348513311484,0.185185185185
primary_high_movement,month,2025-05,directional_onset,A3,5,0.4,0.5,36,0.454174011664,0.333333333333
primary_high_movement,month,2025-05,directional_onset,A3,6,0.5,0.6,36,0.551037416782,0.416666666667
primary_high_movement,month,2025-05,directional_onset,A3,7,0.6,0.7,31,0.63850029271,0.516129032258
primary_high_movement,month,2025-05,directional_onset,A3,8,0.7,0.8,17,0.740622517819,0.647058823529
primary_high_movement,month,2025-05,directional_onset,A3,9,0.8,0.9,14,0.835649845114,0.785714285714
primary_high_movement,month,2025-05,directional_onset,A3,10,0.9,1,7,0.967690218407,0.857142857143
primary_high_movement,month,2025-05,up_given_onset,D0,1,0,0.1,0,,
primary_high_movement,month,2025-05,up_given_onset,D0,2,0.1,0.2,0,,
primary_high_movement,month,2025-05,up_given_onset,D0,3,0.2,0.3,0,,
primary_high_movement,month,2025-05,up_given_onset,D0,4,0.3,0.4,0,,
primary_high_movement,month,2025-05,up_given_onset,D0,5,0.4,0.5,37,0.474712972455,0.621621621622
primary_high_movement,month,2025-05,up_given_onset,D0,6,0.5,0.6,42,0.521796658611,0.452380952381
primary_high_movement,month,2025-05,up_given_onset,D0,7,0.6,0.7,0,,
primary_high_movement,month,2025-05,up_given_onset,D0,8,0.7,0.8,0,,
primary_high_movement,month,2025-05,up_given_onset,D0,9,0.8,0.9,0,,
primary_high_movement,month,2025-05,up_given_onset,D0,10,0.9,1,0,,
primary_high_movement,month,2025-05,up_given_onset,D1,1,0,0.1,0,,
primary_high_movement,month,2025-05,up_given_onset,D1,2,0.1,0.2,0,,
primary_high_movement,month,2025-05,up_given_onset,D1,3,0.2,0.3,0,,
primary_high_movement,month,2025-05,up_given_onset,D1,4,0.3,0.4,3,0.38107865489,0
primary_high_movement,month,2025-05,up_given_onset,D1,5,0.4,0.5,32,0.452058565903,0.5625
primary_high_movement,month,2025-05,up_given_onset,D1,6,0.5,0.6,37,0.543594734322,0.594594594595
primary_high_movement,month,2025-05,up_given_onset,D1,7,0.6,0.7,6,0.615612681811,0.166666666667
primary_high_movement,month,2025-05,up_given_onset,D1,8,0.7,0.8,1,0.737323409543,1
primary_high_movement,month,2025-05,up_given_onset,D1,9,0.8,0.9,0,,
primary_high_movement,month,2025-05,up_given_onset,D1,10,0.9,1,0,,
primary_high_movement,month,2025-05,up_given_onset,D2,1,0,0.1,1,0.0878190760147,1
primary_high_movement,month,2025-05,up_given_onset,D2,2,0.1,0.2,2,0.181096159011,0.5
primary_high_movement,month,2025-05,up_given_onset,D2,3,0.2,0.3,4,0.253371495282,0.75
primary_high_movement,month,2025-05,up_given_onset,D2,4,0.3,0.4,16,0.353083415009,0.4375
primary_high_movement,month,2025-05,up_given_onset,D2,5,0.4,0.5,17,0.451853405415,0.470588235294
primary_high_movement,month,2025-05,up_given_onset,D2,6,0.5,0.6,20,0.550997297983,0.7
primary_high_movement,month,2025-05,up_given_onset,D2,7,0.6,0.7,12,0.635592565286,0.5
primary_high_movement,month,2025-05,up_given_onset,D2,8,0.7,0.8,7,0.747717677203,0.285714285714
primary_high_movement,month,2025-05,up_given_onset,D2,9,0.8,0.9,0,,
primary_high_movement,month,2025-05,up_given_onset,D2,10,0.9,1,0,,
primary_high_movement,month,2025-05,up_given_onset,D3,1,0,0.1,1,0.022217457021,1
primary_high_movement,month,2025-05,up_given_onset,D3,2,0.1,0.2,3,0.150349113506,0.666666666667
primary_high_movement,month,2025-05,up_given_onset,D3,3,0.2,0.3,11,0.263067958556,0.545454545455
primary_high_movement,month,2025-05,up_given_onset,D3,4,0.3,0.4,12,0.351236699808,0.5
primary_high_movement,month,2025-05,up_given_onset,D3,5,0.4,0.5,14,0.435789548855,0.5
primary_high_movement,month,2025-05,up_given_onset,D3,6,0.5,0.6,18,0.553325666127,0.555555555556
primary_high_movement,month,2025-05,up_given_onset,D3,7,0.6,0.7,10,0.631107873735,0.6
primary_high_movement,month,2025-05,up_given_onset,D3,8,0.7,0.8,10,0.743057712811,0.4
primary_high_movement,month,2025-05,up_given_onset,D3,9,0.8,0.9,0,,
primary_high_movement,month,2025-05,up_given_onset,D3,10,0.9,1,0,,
primary_high_movement,month,2025-06,directional_onset,A0,1,0,0.1,0,,
primary_high_movement,month,2025-06,directional_onset,A0,2,0.1,0.2,0,,
primary_high_movement,month,2025-06,directional_onset,A0,3,0.2,0.3,0,,
primary_high_movement,month,2025-06,directional_onset,A0,4,0.3,0.4,45,0.38057037153,0.244444444444
primary_high_movement,month,2025-06,directional_onset,A0,5,0.4,0.5,68,0.441660349496,0.338235294118
primary_high_movement,month,2025-06,directional_onset,A0,6,0.5,0.6,38,0.541540981129,0.5
primary_high_movement,month,2025-06,directional_onset,A0,7,0.6,0.7,12,0.651619795054,0.833333333333
primary_high_movement,month,2025-06,directional_onset,A0,8,0.7,0.8,9,0.748220509296,0.777777777778
primary_high_movement,month,2025-06,directional_onset,A0,9,0.8,0.9,12,0.841607384299,0.666666666667
primary_high_movement,month,2025-06,directional_onset,A0,10,0.9,1,5,0.925932459897,1
primary_high_movement,month,2025-06,directional_onset,A1,1,0,0.1,0,,
primary_high_movement,month,2025-06,directional_onset,A1,2,0.1,0.2,0,,
primary_high_movement,month,2025-06,directional_onset,A1,3,0.2,0.3,0,,
primary_high_movement,month,2025-06,directional_onset,A1,4,0.3,0.4,29,0.368367659145,0.241379310345
primary_high_movement,month,2025-06,directional_onset,A1,5,0.4,0.5,67,0.448470090019,0.328358208955
primary_high_movement,month,2025-06,directional_onset,A1,6,0.5,0.6,40,0.548791447852,0.425
primary_high_movement,month,2025-06,directional_onset,A1,7,0.6,0.7,23,0.648901504373,0.608695652174
primary_high_movement,month,2025-06,directional_onset,A1,8,0.7,0.8,11,0.758486690578,0.818181818182
primary_high_movement,month,2025-06,directional_onset,A1,9,0.8,0.9,8,0.855226159403,0.625
primary_high_movement,month,2025-06,directional_onset,A1,10,0.9,1,11,0.936118525906,0.818181818182
primary_high_movement,month,2025-06,directional_onset,A2,1,0,0.1,0,,
primary_high_movement,month,2025-06,directional_onset,A2,2,0.1,0.2,0,,
primary_high_movement,month,2025-06,directional_onset,A2,3,0.2,0.3,5,0.270483985722,0.4
primary_high_movement,month,2025-06,directional_onset,A2,4,0.3,0.4,39,0.362009983867,0.25641025641
primary_high_movement,month,2025-06,directional_onset,A2,5,0.4,0.5,41,0.46042138302,0.439024390244
primary_high_movement,month,2025-06,directional_onset,A2,6,0.5,0.6,47,0.540144310608,0.297872340426
primary_high_movement,month,2025-06,directional_onset,A2,7,0.6,0.7,21,0.648864359407,0.619047619048
primary_high_movement,month,2025-06,directional_onset,A2,8,0.7,0.8,19,0.74567023443,0.684210526316
primary_high_movement,month,2025-06,directional_onset,A2,9,0.8,0.9,11,0.860841482455,0.636363636364
primary_high_movement,month,2025-06,directional_onset,A2,10,0.9,1,6,0.946036338305,1
primary_high_movement,month,2025-06,directional_onset,A3,1,0,0.1,0,,
primary_high_movement,month,2025-06,directional_onset,A3,2,0.1,0.2,0,,
primary_high_movement,month,2025-06,directional_onset,A3,3,0.2,0.3,8,0.254507458855,0.25
primary_high_movement,month,2025-06,directional_onset,A3,4,0.3,0.4,29,0.349341812899,0.206896551724
primary_high_movement,month,2025-06,directional_onset,A3,5,0.4,0.5,46,0.453530514531,0.413043478261
primary_high_movement,month,2025-06,directional_onset,A3,6,0.5,0.6,44,0.54859490551,0.363636363636
primary_high_movement,month,2025-06,directional_onset,A3,7,0.6,0.7,25,0.640676298721,0.48
primary_high_movement,month,2025-06,directional_onset,A3,8,0.7,0.8,20,0.742189491493,0.7
primary_high_movement,month,2025-06,directional_onset,A3,9,0.8,0.9,8,0.857498361571,0.75
primary_high_movement,month,2025-06,directional_onset,A3,10,0.9,1,9,0.941170332444,0.888888888889
primary_high_movement,month,2025-06,up_given_onset,D0,1,0,0.1,0,,
primary_high_movement,month,2025-06,up_given_onset,D0,2,0.1,0.2,0,,
primary_high_movement,month,2025-06,up_given_onset,D0,3,0.2,0.3,0,,
primary_high_movement,month,2025-06,up_given_onset,D0,4,0.3,0.4,0,,
primary_high_movement,month,2025-06,up_given_onset,D0,5,0.4,0.5,42,0.474240646848,0.571428571429
primary_high_movement,month,2025-06,up_given_onset,D0,6,0.5,0.6,41,0.521679622669,0.439024390244
primary_high_movement,month,2025-06,up_given_onset,D0,7,0.6,0.7,0,,
primary_high_movement,month,2025-06,up_given_onset,D0,8,0.7,0.8,0,,
primary_high_movement,month,2025-06,up_given_onset,D0,9,0.8,0.9,0,,
primary_high_movement,month,2025-06,up_given_onset,D0,10,0.9,1,0,,
primary_high_movement,month,2025-06,up_given_onset,D1,1,0,0.1,0,,
primary_high_movement,month,2025-06,up_given_onset,D1,2,0.1,0.2,0,,
primary_high_movement,month,2025-06,up_given_onset,D1,3,0.2,0.3,0,,
primary_high_movement,month,2025-06,up_given_onset,D1,4,0.3,0.4,3,0.338685893226,1
primary_high_movement,month,2025-06,up_given_onset,D1,5,0.4,0.5,35,0.448445500023,0.571428571429
primary_high_movement,month,2025-06,up_given_onset,D1,6,0.5,0.6,36,0.54576108777,0.416666666667
primary_high_movement,month,2025-06,up_given_onset,D1,7,0.6,0.7,7,0.642681452216,0.428571428571
primary_high_movement,month,2025-06,up_given_onset,D1,8,0.7,0.8,1,0.707839125945,0
primary_high_movement,month,2025-06,up_given_onset,D1,9,0.8,0.9,1,0.829123893671,1
primary_high_movement,month,2025-06,up_given_onset,D1,10,0.9,1,0,,
primary_high_movement,month,2025-06,up_given_onset,D2,1,0,0.1,0,,
primary_high_movement,month,2025-06,up_given_onset,D2,2,0.1,0.2,0,,
primary_high_movement,month,2025-06,up_given_onset,D2,3,0.2,0.3,5,0.269417608002,0.6
primary_high_movement,month,2025-06,up_given_onset,D2,4,0.3,0.4,9,0.363799707303,0.666666666667
primary_high_movement,month,2025-06,up_given_onset,D2,5,0.4,0.5,23,0.457760374661,0.521739130435
primary_high_movement,month,2025-06,up_given_onset,D2,6,0.5,0.6,23,0.551062978748,0.391304347826
primary_high_movement,month,2025-06,up_given_onset,D2,7,0.6,0.7,14,0.66144099562,0.571428571429
primary_high_movement,month,2025-06,up_given_onset,D2,8,0.7,0.8,6,0.73092514244,0.333333333333
primary_high_movement,month,2025-06,up_given_onset,D2,9,0.8,0.9,3,0.836490739347,0.666666666667
primary_high_movement,month,2025-06,up_given_onset,D2,10,0.9,1,0,,
primary_high_movement,month,2025-06,up_given_onset,D3,1,0,0.1,0,,
primary_high_movement,month,2025-06,up_given_onset,D3,2,0.1,0.2,1,0.159593310819,0
primary_high_movement,month,2025-06,up_given_onset,D3,3,0.2,0.3,6,0.255540224864,0.833333333333
primary_high_movement,month,2025-06,up_given_onset,D3,4,0.3,0.4,12,0.366350005505,0.583333333333
primary_high_movement,month,2025-06,up_given_onset,D3,5,0.4,0.5,21,0.447475410208,0.428571428571
primary_high_movement,month,2025-06,up_given_onset,D3,6,0.5,0.6,15,0.560817608999,0.466666666667
primary_high_movement,month,2025-06,up_given_onset,D3,7,0.6,0.7,16,0.660212232637,0.5
primary_high_movement,month,2025-06,up_given_onset,D3,8,0.7,0.8,8,0.755853252377,0.5
primary_high_movement,month,2025-06,up_given_onset,D3,9,0.8,0.9,4,0.833793500102,0.5
primary_high_movement,month,2025-06,up_given_onset,D3,10,0.9,1,0,,
primary_high_movement,month,2025-07,directional_onset,A0,1,0,0.1,0,,
primary_high_movement,month,2025-07,directional_onset,A0,2,0.1,0.2,0,,
primary_high_movement,month,2025-07,directional_onset,A0,3,0.2,0.3,0,,
primary_high_movement,month,2025-07,directional_onset,A0,4,0.3,0.4,45,0.378990766464,0.244444444444
primary_high_movement,month,2025-07,directional_onset,A0,5,0.4,0.5,45,0.43605411705,0.288888888889
primary_high_movement,month,2025-07,directional_onset,A0,6,0.5,0.6,19,0.533928857966,0.473684210526
primary_high_movement,month,2025-07,directional_onset,A0,7,0.6,0.7,9,0.629766296805,0.444444444444
primary_high_movement,month,2025-07,directional_onset,A0,8,0.7,0.8,8,0.738590927469,0.375
primary_high_movement,month,2025-07,directional_onset,A0,9,0.8,0.9,3,0.877661671297,0.666666666667
primary_high_movement,month,2025-07,directional_onset,A0,10,0.9,1,5,0.933609976993,1
primary_high_movement,month,2025-07,directional_onset,A1,1,0,0.1,0,,
primary_high_movement,month,2025-07,directional_onset,A1,2,0.1,0.2,0,,
primary_high_movement,month,2025-07,directional_onset,A1,3,0.2,0.3,0,,
primary_high_movement,month,2025-07,directional_onset,A1,4,0.3,0.4,38,0.367078720344,0.236842105263
primary_high_movement,month,2025-07,directional_onset,A1,5,0.4,0.5,41,0.44460133631,0.146341463415
primary_high_movement,month,2025-07,directional_onset,A1,6,0.5,0.6,21,0.55065991236,0.666666666667
primary_high_movement,month,2025-07,directional_onset,A1,7,0.6,0.7,17,0.646947863315,0.352941176471
primary_high_movement,month,2025-07,directional_onset,A1,8,0.7,0.8,6,0.750128251262,0.5
primary_high_movement,month,2025-07,directional_onset,A1,9,0.8,0.9,3,0.828621821188,0.666666666667
primary_high_movement,month,2025-07,directional_onset,A1,10,0.9,1,8,0.940588946783,0.875
primary_high_movement,month,2025-07,directional_onset,A2,1,0,0.1,0,,
primary_high_movement,month,2025-07,directional_onset,A2,2,0.1,0.2,0,,
primary_high_movement,month,2025-07,directional_onset,A2,3,0.2,0.3,11,0.261976501804,0.181818181818
primary_high_movement,month,2025-07,directional_onset,A2,4,0.3,0.4,23,0.361697000639,0.304347826087
primary_high_movement,month,2025-07,directional_onset,A2,5,0.4,0.5,39,0.455978506988,0.230769230769
primary_high_movement,month,2025-07,directional_onset,A2,6,0.5,0.6,25,0.539199714594,0.28
primary_high_movement,month,2025-07,directional_onset,A2,7,0.6,0.7,17,0.647999957444,0.529411764706
primary_high_movement,month,2025-07,directional_onset,A2,8,0.7,0.8,9,0.741920318539,0.444444444444
primary_high_movement,month,2025-07,directional_onset,A2,9,0.8,0.9,8,0.851466273126,0.875
primary_high_movement,month,2025-07,directional_onset,A2,10,0.9,1,2,0.941055242904,1
primary_high_movement,month,2025-07,directional_onset,A3,1,0,0.1,0,,
primary_high_movement,month,2025-07,directional_onset,A3,2,0.1,0.2,1,0.18451168424,0
primary_high_movement,month,2025-07,directional_onset,A3,3,0.2,0.3,11,0.255036557076,0
primary_high_movement,month,2025-07,directional_onset,A3,4,0.3,0.4,23,0.355382178122,0.434782608696
primary_high_movement,month,2025-07,directional_onset,A3,5,0.4,0.5,33,0.452021789041,0.181818181818
primary_high_movement,month,2025-07,directional_onset,A3,6,0.5,0.6,32,0.546261328238,0.3125
primary_high_movement,month,2025-07,directional_onset,A3,7,0.6,0.7,16,0.664794222792,0.625
primary_high_movement,month,2025-07,directional_onset,A3,8,0.7,0.8,10,0.731335757922,0.4
primary_high_movement,month,2025-07,directional_onset,A3,9,0.8,0.9,7,0.86716973688,0.857142857143
primary_high_movement,month,2025-07,directional_onset,A3,10,0.9,1,1,0.957825163669,1
primary_high_movement,month,2025-07,up_given_onset,D0,1,0,0.1,0,,
primary_high_movement,month,2025-07,up_given_onset,D0,2,0.1,0.2,0,,
primary_high_movement,month,2025-07,up_given_onset,D0,3,0.2,0.3,0,,
primary_high_movement,month,2025-07,up_given_onset,D0,4,0.3,0.4,0,,
primary_high_movement,month,2025-07,up_given_onset,D0,5,0.4,0.5,25,0.472125374421,0.88
primary_high_movement,month,2025-07,up_given_onset,D0,6,0.5,0.6,22,0.517877099608,0.545454545455
primary_high_movement,month,2025-07,up_given_onset,D0,7,0.6,0.7,0,,
primary_high_movement,month,2025-07,up_given_onset,D0,8,0.7,0.8,0,,
primary_high_movement,month,2025-07,up_given_onset,D0,9,0.8,0.9,0,,
primary_high_movement,month,2025-07,up_given_onset,D0,10,0.9,1,0,,
primary_high_movement,month,2025-07,up_given_onset,D1,1,0,0.1,0,,
primary_high_movement,month,2025-07,up_given_onset,D1,2,0.1,0.2,0,,
primary_high_movement,month,2025-07,up_given_onset,D1,3,0.2,0.3,0,,
primary_high_movement,month,2025-07,up_given_onset,D1,4,0.3,0.4,3,0.345568360187,1
primary_high_movement,month,2025-07,up_given_onset,D1,5,0.4,0.5,22,0.46862290281,0.772727272727
primary_high_movement,month,2025-07,up_given_onset,D1,6,0.5,0.6,19,0.553719226829,0.631578947368
primary_high_movement,month,2025-07,up_given_onset,D1,7,0.6,0.7,3,0.637747614149,0.666666666667
primary_high_movement,month,2025-07,up_given_onset,D1,8,0.7,0.8,0,,
primary_high_movement,month,2025-07,up_given_onset,D1,9,0.8,0.9,0,,
primary_high_movement,month,2025-07,up_given_onset,D1,10,0.9,1,0,,
primary_high_movement,month,2025-07,up_given_onset,D2,1,0,0.1,0,,
primary_high_movement,month,2025-07,up_given_onset,D2,2,0.1,0.2,0,,
primary_high_movement,month,2025-07,up_given_onset,D2,3,0.2,0.3,2,0.281589978716,1
primary_high_movement,month,2025-07,up_given_onset,D2,4,0.3,0.4,7,0.358089812827,0.714285714286
primary_high_movement,month,2025-07,up_given_onset,D2,5,0.4,0.5,10,0.448329489731,0.6
primary_high_movement,month,2025-07,up_given_onset,D2,6,0.5,0.6,19,0.543943214604,0.736842105263
primary_high_movement,month,2025-07,up_given_onset,D2,7,0.6,0.7,4,0.643249452738,0.75
primary_high_movement,month,2025-07,up_given_onset,D2,8,0.7,0.8,5,0.755014242557,0.8
primary_high_movement,month,2025-07,up_given_onset,D2,9,0.8,0.9,0,,
primary_high_movement,month,2025-07,up_given_onset,D2,10,0.9,1,0,,
primary_high_movement,month,2025-07,up_given_onset,D3,1,0,0.1,0,,
primary_high_movement,month,2025-07,up_given_onset,D3,2,0.1,0.2,0,,
primary_high_movement,month,2025-07,up_given_onset,D3,3,0.2,0.3,4,0.249329593788,0.75
primary_high_movement,month,2025-07,up_given_onset,D3,4,0.3,0.4,7,0.364949121842,0.857142857143
primary_high_movement,month,2025-07,up_given_onset,D3,5,0.4,0.5,14,0.446528630049,0.5
primary_high_movement,month,2025-07,up_given_onset,D3,6,0.5,0.6,10,0.555650104206,0.8
primary_high_movement,month,2025-07,up_given_onset,D3,7,0.6,0.7,7,0.636460321009,0.857142857143
primary_high_movement,month,2025-07,up_given_onset,D3,8,0.7,0.8,4,0.744607756367,1
primary_high_movement,month,2025-07,up_given_onset,D3,9,0.8,0.9,1,0.877311147349,0
primary_high_movement,month,2025-07,up_given_onset,D3,10,0.9,1,0,,
primary_high_movement,month,2025-08,directional_onset,A0,1,0,0.1,0,,
primary_high_movement,month,2025-08,directional_onset,A0,2,0.1,0.2,0,,
primary_high_movement,month,2025-08,directional_onset,A0,3,0.2,0.3,0,,
primary_high_movement,month,2025-08,directional_onset,A0,4,0.3,0.4,29,0.375733275678,0.137931034483
primary_high_movement,month,2025-08,directional_onset,A0,5,0.4,0.5,32,0.443839942795,0.46875
primary_high_movement,month,2025-08,directional_onset,A0,6,0.5,0.6,13,0.547145128116,0.769230769231
primary_high_movement,month,2025-08,directional_onset,A0,7,0.6,0.7,8,0.644313558775,0.625
primary_high_movement,month,2025-08,directional_onset,A0,8,0.7,0.8,6,0.74505734119,0.833333333333
primary_high_movement,month,2025-08,directional_onset,A0,9,0.8,0.9,1,0.816004034103,1
primary_high_movement,month,2025-08,directional_onset,A0,10,0.9,1,2,0.936886618675,0.5
primary_high_movement,month,2025-08,directional_onset,A1,1,0,0.1,0,,
primary_high_movement,month,2025-08,directional_onset,A1,2,0.1,0.2,0,,
primary_high_movement,month,2025-08,directional_onset,A1,3,0.2,0.3,0,,
primary_high_movement,month,2025-08,directional_onset,A1,4,0.3,0.4,21,0.371284067118,0.238095238095
primary_high_movement,month,2025-08,directional_onset,A1,5,0.4,0.5,31,0.433395285543,0.290322580645
primary_high_movement,month,2025-08,directional_onset,A1,6,0.5,0.6,16,0.539429626442,0.5625
primary_high_movement,month,2025-08,directional_onset,A1,7,0.6,0.7,13,0.647593434231,0.769230769231
primary_high_movement,month,2025-08,directional_onset,A1,8,0.7,0.8,7,0.746559388336,0.857142857143
primary_high_movement,month,2025-08,directional_onset,A1,9,0.8,0.9,1,0.823341224226,1
primary_high_movement,month,2025-08,directional_onset,A1,10,0.9,1,2,0.957029321871,0.5
primary_high_movement,month,2025-08,directional_onset,A2,1,0,0.1,0,,
primary_high_movement,month,2025-08,directional_onset,A2,2,0.1,0.2,0,,
primary_high_movement,month,2025-08,directional_onset,A2,3,0.2,0.3,7,0.279540192048,0.285714285714
primary_high_movement,month,2025-08,directional_onset,A2,4,0.3,0.4,19,0.346983363644,0.0526315789474
primary_high_movement,month,2025-08,directional_onset,A2,5,0.4,0.5,24,0.440515146449,0.416666666667
primary_high_movement,month,2025-08,directional_onset,A2,6,0.5,0.6,22,0.547882742746,0.590909090909
primary_high_movement,month,2025-08,directional_onset,A2,7,0.6,0.7,6,0.652475834889,0.666666666667
primary_high_movement,month,2025-08,directional_onset,A2,8,0.7,0.8,10,0.759621737773,0.9
primary_high_movement,month,2025-08,directional_onset,A2,9,0.8,0.9,1,0.800594607172,1
primary_high_movement,month,2025-08,directional_onset,A2,10,0.9,1,2,0.934365953522,0.5
primary_high_movement,month,2025-08,directional_onset,A3,1,0,0.1,0,,
primary_high_movement,month,2025-08,directional_onset,A3,2,0.1,0.2,0,,
primary_high_movement,month,2025-08,directional_onset,A3,3,0.2,0.3,4,0.255057152779,0
primary_high_movement,month,2025-08,directional_onset,A3,4,0.3,0.4,23,0.350959552628,0.217391304348
primary_high_movement,month,2025-08,directional_onset,A3,5,0.4,0.5,22,0.449265541087,0.318181818182
primary_high_movement,month,2025-08,directional_onset,A3,6,0.5,0.6,18,0.551936687926,0.722222222222
primary_high_movement,month,2025-08,directional_onset,A3,7,0.6,0.7,11,0.642966415501,0.454545454545
primary_high_movement,month,2025-08,directional_onset,A3,8,0.7,0.8,8,0.761317517534,1
primary_high_movement,month,2025-08,directional_onset,A3,9,0.8,0.9,3,0.840650824726,0.666666666667
primary_high_movement,month,2025-08,directional_onset,A3,10,0.9,1,2,0.925362445298,0.5
primary_high_movement,month,2025-08,up_given_onset,D0,1,0,0.1,0,,
primary_high_movement,month,2025-08,up_given_onset,D0,2,0.1,0.2,0,,
primary_high_movement,month,2025-08,up_given_onset,D0,3,0.2,0.3,0,,
primary_high_movement,month,2025-08,up_given_onset,D0,4,0.3,0.4,0,,
primary_high_movement,month,2025-08,up_given_onset,D0,5,0.4,0.5,19,0.473994437488,0.684210526316
primary_high_movement,month,2025-08,up_given_onset,D0,6,0.5,0.6,22,0.517839424426,0.409090909091
primary_high_movement,month,2025-08,up_given_onset,D0,7,0.6,0.7,0,,
primary_high_movement,month,2025-08,up_given_onset,D0,8,0.7,0.8,0,,
primary_high_movement,month,2025-08,up_given_onset,D0,9,0.8,0.9,0,,
primary_high_movement,month,2025-08,up_given_onset,D0,10,0.9,1,0,,
primary_high_movement,month,2025-08,up_given_onset,D1,1,0,0.1,0,,
primary_high_movement,month,2025-08,up_given_onset,D1,2,0.1,0.2,0,,
primary_high_movement,month,2025-08,up_given_onset,D1,3,0.2,0.3,0,,
primary_high_movement,month,2025-08,up_given_onset,D1,4,0.3,0.4,0,,
primary_high_movement,month,2025-08,up_given_onset,D1,5,0.4,0.5,17,0.45576352422,0.588235294118
primary_high_movement,month,2025-08,up_given_onset,D1,6,0.5,0.6,21,0.544915797599,0.571428571429
primary_high_movement,month,2025-08,up_given_onset,D1,7,0.6,0.7,3,0.621183788657,0
primary_high_movement,month,2025-08,up_given_onset,D1,8,0.7,0.8,0,,
primary_high_movement,month,2025-08,up_given_onset,D1,9,0.8,0.9,0,,
primary_high_movement,month,2025-08,up_given_onset,D1,10,0.9,1,0,,
primary_high_movement,month,2025-08,up_given_onset,D2,1,0,0.1,0,,
primary_high_movement,month,2025-08,up_given_onset,D2,2,0.1,0.2,0,,
primary_high_movement,month,2025-08,up_given_onset,D2,3,0.2,0.3,1,0.279328260487,0
primary_high_movement,month,2025-08,up_given_onset,D2,4,0.3,0.4,3,0.313114304143,0.333333333333
primary_high_movement,month,2025-08,up_given_onset,D2,5,0.4,0.5,11,0.454985173821,0.636363636364
primary_high_movement,month,2025-08,up_given_onset,D2,6,0.5,0.6,13,0.558099935507,0.538461538462
primary_high_movement,month,2025-08,up_given_onset,D2,7,0.6,0.7,11,0.657000278972,0.545454545455
primary_high_movement,month,2025-08,up_given_onset,D2,8,0.7,0.8,2,0.776505919276,0.5
primary_high_movement,month,2025-08,up_given_onset,D2,9,0.8,0.9,0,,
primary_high_movement,month,2025-08,up_given_onset,D2,10,0.9,1,0,,
primary_high_movement,month,2025-08,up_given_onset,D3,1,0,0.1,0,,
primary_high_movement,month,2025-08,up_given_onset,D3,2,0.1,0.2,1,0.164874961438,0
primary_high_movement,month,2025-08,up_given_onset,D3,3,0.2,0.3,1,0.295858964863,1
primary_high_movement,month,2025-08,up_given_onset,D3,4,0.3,0.4,7,0.337995121019,0.428571428571
primary_high_movement,month,2025-08,up_given_onset,D3,5,0.4,0.5,9,0.437904375324,0.666666666667
primary_high_movement,month,2025-08,up_given_onset,D3,6,0.5,0.6,9,0.542440401875,0.666666666667
primary_high_movement,month,2025-08,up_given_onset,D3,7,0.6,0.7,9,0.661203794333,0.555555555556
primary_high_movement,month,2025-08,up_given_onset,D3,8,0.7,0.8,4,0.734053022734,0.25
primary_high_movement,month,2025-08,up_given_onset,D3,9,0.8,0.9,1,0.835693013168,0
primary_high_movement,month,2025-08,up_given_onset,D3,10,0.9,1,0,,
primary_high_movement,pooled,all,directional_onset,A0,1,0,0.1,0,,
primary_high_movement,pooled,all,directional_onset,A0,2,0.1,0.2,0,,
primary_high_movement,pooled,all,directional_onset,A0,3,0.2,0.3,0,,
primary_high_movement,pooled,all,directional_onset,A0,4,0.3,0.4,389,0.379562645871,0.269922879177
primary_high_movement,pooled,all,directional_onset,A0,5,0.4,0.5,545,0.440746959414,0.392660550459
primary_high_movement,pooled,all,directional_onset,A0,6,0.5,0.6,255,0.543361358154,0.498039215686
primary_high_movement,pooled,all,directional_onset,A0,7,0.6,0.7,150,0.647608447555,0.566666666667
primary_high_movement,pooled,all,directional_onset,A0,8,0.7,0.8,100,0.74176400843,0.62
primary_high_movement,pooled,all,directional_onset,A0,9,0.8,0.9,77,0.846937927739,0.623376623377
primary_high_movement,pooled,all,directional_onset,A0,10,0.9,1,44,0.926869792997,0.909090909091
primary_high_movement,pooled,all,directional_onset,A1,1,0,0.1,0,,
primary_high_movement,pooled,all,directional_onset,A1,2,0.1,0.2,0,,
primary_high_movement,pooled,all,directional_onset,A1,3,0.2,0.3,7,0.29369722175,0.428571428571
primary_high_movement,pooled,all,directional_onset,A1,4,0.3,0.4,367,0.365020004261,0.291553133515
primary_high_movement,pooled,all,directional_onset,A1,5,0.4,0.5,516,0.443939608527,0.360465116279
primary_high_movement,pooled,all,directional_onset,A1,6,0.5,0.6,241,0.54830689473,0.485477178423
primary_high_movement,pooled,all,directional_onset,A1,7,0.6,0.7,184,0.647409343045,0.554347826087
primary_high_movement,pooled,all,directional_onset,A1,8,0.7,0.8,108,0.745612586027,0.62962962963
primary_high_movement,pooled,all,directional_onset,A1,9,0.8,0.9,71,0.8478128853,0.605633802817
primary_high_movement,pooled,all,directional_onset,A1,10,0.9,1,66,0.939949297016,0.833333333333
primary_high_movement,pooled,all,directional_onset,A2,1,0,0.1,0,,
primary_high_movement,pooled,all,directional_onset,A2,2,0.1,0.2,1,0.189734473875,1
primary_high_movement,pooled,all,directional_onset,A2,3,0.2,0.3,70,0.269045334076,0.257142857143
primary_high_movement,pooled,all,directional_onset,A2,4,0.3,0.4,322,0.35522473676,0.285714285714
primary_high_movement,pooled,all,directional_onset,A2,5,0.4,0.5,411,0.449531868118,0.38199513382
primary_high_movement,pooled,all,directional_onset,A2,6,0.5,0.6,311,0.545420364933,0.427652733119
primary_high_movement,pooled,all,directional_onset,A2,7,0.6,0.7,190,0.64619700621,0.526315789474
primary_high_movement,pooled,all,directional_onset,A2,8,0.7,0.8,124,0.743901713836,0.677419354839
primary_high_movement,pooled,all,directional_onset,A2,9,0.8,0.9,80,0.852485801148,0.6375
primary_high_movement,pooled,all,directional_onset,A2,10,0.9,1,51,0.945648689142,0.882352941176
primary_high_movement,pooled,all,directional_onset,A3,1,0,0.1,0,,
primary_high_movement,pooled,all,directional_onset,A3,2,0.1,0.2,7,0.180945028291,0.142857142857
primary_high_movement,pooled,all,directional_onset,A3,3,0.2,0.3,105,0.264236131042,0.266666666667
primary_high_movement,pooled,all,directional_onset,A3,4,0.3,0.4,294,0.35323479599,0.275510204082
primary_high_movement,pooled,all,directional_onset,A3,5,0.4,0.5,348,0.451305936488,0.376436781609
primary_high_movement,pooled,all,directional_onset,A3,6,0.5,0.6,316,0.546694831631,0.433544303797
primary_high_movement,pooled,all,directional_onset,A3,7,0.6,0.7,210,0.644830134821,0.528571428571
primary_high_movement,pooled,all,directional_onset,A3,8,0.7,0.8,135,0.742513520757,0.637037037037
primary_high_movement,pooled,all,directional_onset,A3,9,0.8,0.9,79,0.848213160346,0.683544303797
primary_high_movement,pooled,all,directional_onset,A3,10,0.9,1,66,0.94332764789,0.787878787879
primary_high_movement,pooled,all,up_given_onset,D0,1,0,0.1,0,,
primary_high_movement,pooled,all,up_given_onset,D0,2,0.1,0.2,0,,
primary_high_movement,pooled,all,up_given_onset,D0,3,0.2,0.3,0,,
primary_high_movement,pooled,all,up_given_onset,D0,4,0.3,0.4,0,,
primary_high_movement,pooled,all,up_given_onset,D0,5,0.4,0.5,346,0.474282934098,0.552023121387
primary_high_movement,pooled,all,up_given_onset,D0,6,0.5,0.6,335,0.52142320911,0.459701492537
primary_high_movement,pooled,all,up_given_onset,D0,7,0.6,0.7,0,,
primary_high_movement,pooled,all,up_given_onset,D0,8,0.7,0.8,0,,
primary_high_movement,pooled,all,up_given_onset,D0,9,0.8,0.9,0,,
primary_high_movement,pooled,all,up_given_onset,D0,10,0.9,1,0,,
primary_high_movement,pooled,all,up_given_onset,D1,1,0,0.1,0,,
primary_high_movement,pooled,all,up_given_onset,D1,2,0.1,0.2,0,,
primary_high_movement,pooled,all,up_given_onset,D1,3,0.2,0.3,0,,
primary_high_movement,pooled,all,up_given_onset,D1,4,0.3,0.4,54,0.373939504044,0.518518518519
primary_high_movement,pooled,all,up_given_onset,D1,5,0.4,0.5,285,0.454040222878,0.519298245614
primary_high_movement,pooled,all,up_given_onset,D1,6,0.5,0.6,291,0.544499820215,0.501718213058
primary_high_movement,pooled,all,up_given_onset,D1,7,0.6,0.7,41,0.631662048467,0.439024390244
primary_high_movement,pooled,all,up_given_onset,D1,8,0.7,0.8,9,0.731596731342,0.444444444444
primary_high_movement,pooled,all,up_given_onset,D1,9,0.8,0.9,1,0.829123893671,1
primary_high_movement,pooled,all,up_given_onset,D1,10,0.9,1,0,,
primary_high_movement,pooled,all,up_given_onset,D2,1,0,0.1,1,0.0878190760147,1
primary_high_movement,pooled,all,up_given_onset,D2,2,0.1,0.2,12,0.15080202116,0.5
primary_high_movement,pooled,all,up_given_onset,D2,3,0.2,0.3,45,0.258644781821,0.6
primary_high_movement,pooled,all,up_given_onset,D2,4,0.3,0.4,114,0.355649839701,0.456140350877
primary_high_movement,pooled,all,up_given_onset,D2,5,0.4,0.5,161,0.453719433386,0.496894409938
primary_high_movement,pooled,all,up_given_onset,D2,6,0.5,0.6,153,0.551831522184,0.529411764706
primary_high_movement,pooled,all,up_given_onset,D2,7,0.6,0.7,124,0.64405153695,0.5
primary_high_movement,pooled,all,up_given_onset,D2,8,0.7,0.8,63,0.741707662073,0.492063492063
primary_high_movement,pooled,all,up_given_onset,D2,9,0.8,0.9,7,0.826098448655,0.714285714286
primary_high_movement,pooled,all,up_given_onset,D2,10,0.9,1,1,0.959695085488,0
primary_high_movement,pooled,all,up_given_onset,D3,1,0,0.1,2,0.0586673615819,0.5
primary_high_movement,pooled,all,up_given_onset,D3,2,0.1,0.2,23,0.155065471119,0.478260869565
primary_high_movement,pooled,all,up_given_onset,D3,3,0.2,0.3,56,0.260811237414,0.642857142857
primary_high_movement,pooled,all,up_given_onset,D3,4,0.3,0.4,108,0.356746048302,0.509259259259
primary_high_movement,pooled,all,up_given_onset,D3,5,0.4,0.5,152,0.442760193055,0.427631578947
primary_high_movement,pooled,all,up_given_onset,D3,6,0.5,0.6,134,0.550494874129,0.522388059701
primary_high_movement,pooled,all,up_given_onset,D3,7,0.6,0.7,100,0.650159444793,0.52
primary_high_movement,pooled,all,up_given_onset,D3,8,0.7,0.8,69,0.747320868661,0.521739130435
primary_high_movement,pooled,all,up_given_onset,D3,9,0.8,0.9,36,0.835492263882,0.527777777778
primary_high_movement,pooled,all,up_given_onset,D3,10,0.9,1,1,0.92197542544,0
secondary_all_rows,checkpoint,12,directional_onset,A0,1,0,0.1,0,,
secondary_all_rows,checkpoint,12,directional_onset,A0,2,0.1,0.2,32,0.195335355511,0.0625
secondary_all_rows,checkpoint,12,directional_onset,A0,3,0.2,0.3,1755,0.249448754462,0.0940170940171
secondary_all_rows,checkpoint,12,directional_onset,A0,4,0.3,0.4,775,0.340626418155,0.234838709677
secondary_all_rows,checkpoint,12,directional_onset,A0,5,0.4,0.5,273,0.440299520454,0.395604395604
secondary_all_rows,checkpoint,12,directional_onset,A0,6,0.5,0.6,121,0.543717843995,0.438016528926
secondary_all_rows,checkpoint,12,directional_onset,A0,7,0.6,0.7,71,0.648676752253,0.492957746479
secondary_all_rows,checkpoint,12,directional_onset,A0,8,0.7,0.8,34,0.740513962308,0.705882352941
secondary_all_rows,checkpoint,12,directional_onset,A0,9,0.8,0.9,43,0.845492049472,0.488372093023
secondary_all_rows,checkpoint,12,directional_onset,A0,10,0.9,1,17,0.924463390054,1
secondary_all_rows,checkpoint,12,directional_onset,A1,1,0,0.1,0,,
secondary_all_rows,checkpoint,12,directional_onset,A1,2,0.1,0.2,473,0.182909477357,0.0486257928118
secondary_all_rows,checkpoint,12,directional_onset,A1,3,0.2,0.3,1443,0.244832709705,0.128205128205
secondary_all_rows,checkpoint,12,directional_onset,A1,4,0.3,0.4,645,0.341316704195,0.231007751938
secondary_all_rows,checkpoint,12,directional_onset,A1,5,0.4,0.5,269,0.441440170071,0.353159851301
secondary_all_rows,checkpoint,12,directional_onset,A1,6,0.5,0.6,100,0.551985990302,0.43
secondary_all_rows,checkpoint,12,directional_onset,A1,7,0.6,0.7,82,0.649575586258,0.487804878049
secondary_all_rows,checkpoint,12,directional_onset,A1,8,0.7,0.8,44,0.746327633119,0.704545454545
secondary_all_rows,checkpoint,12,directional_onset,A1,9,0.8,0.9,38,0.850372565387,0.5
secondary_all_rows,checkpoint,12,directional_onset,A1,10,0.9,1,27,0.939679617342,0.814814814815
secondary_all_rows,checkpoint,12,directional_onset,A2,1,0,0.1,89,0.0848256926291,0.0898876404494
secondary_all_rows,checkpoint,12,directional_onset,A2,2,0.1,0.2,768,0.156826617382,0.0768229166667
secondary_all_rows,checkpoint,12,directional_onset,A2,3,0.2,0.3,979,0.247801144077,0.129724208376
secondary_all_rows,checkpoint,12,directional_onset,A2,4,0.3,0.4,634,0.343736551821,0.219242902208
secondary_all_rows,checkpoint,12,directional_onset,A2,5,0.4,0.5,299,0.443797921908,0.321070234114
secondary_all_rows,checkpoint,12,directional_onset,A2,6,0.5,0.6,156,0.54393149924,0.397435897436
secondary_all_rows,checkpoint,12,directional_onset,A2,7,0.6,0.7,82,0.647612282215,0.5
secondary_all_rows,checkpoint,12,directional_onset,A2,8,0.7,0.8,55,0.742000901926,0.654545454545
secondary_all_rows,checkpoint,12,directional_onset,A2,9,0.8,0.9,35,0.850580509654,0.514285714286
secondary_all_rows,checkpoint,12,directional_onset,A2,10,0.9,1,24,0.94521616419,0.875
secondary_all_rows,checkpoint,12,directional_onset,A3,1,0,0.1,140,0.079095425792,0.0714285714286
secondary_all_rows,checkpoint,12,directional_onset,A3,2,0.1,0.2,799,0.154184426973,0.0851063829787
secondary_all_rows,checkpoint,12,directional_onset,A3,3,0.2,0.3,898,0.248473155357,0.129175946548
secondary_all_rows,checkpoint,12,directional_onset,A3,4,0.3,0.4,574,0.345632107688,0.207317073171
secondary_all_rows,checkpoint,12,directional_onset,A3,5,0.4,0.5,308,0.44442824484,0.308441558442
secondary_all_rows,checkpoint,12,directional_onset,A3,6,0.5,0.6,176,0.544479730958,0.397727272727
secondary_all_rows,checkpoint,12,directional_onset,A3,7,0.6,0.7,99,0.648529924801,0.515151515152
secondary_all_rows,checkpoint,12,directional_onset,A3,8,0.7,0.8,62,0.744235740764,0.564516129032
secondary_all_rows,checkpoint,12,directional_onset,A3,9,0.8,0.9,33,0.847044357664,0.606060606061
secondary_all_rows,checkpoint,12,directional_onset,A3,10,0.9,1,32,0.940332637285,0.71875
secondary_all_rows,checkpoint,12,up_given_onset,D0,1,0,0.1,0,,
secondary_all_rows,checkpoint,12,up_given_onset,D0,2,0.1,0.2,0,,
secondary_all_rows,checkpoint,12,up_given_onset,D0,3,0.2,0.3,0,,
secondary_all_rows,checkpoint,12,up_given_onset,D0,4,0.3,0.4,0,,
secondary_all_rows,checkpoint,12,up_given_onset,D0,5,0.4,0.5,0,,
secondary_all_rows,checkpoint,12,up_given_onset,D0,6,0.5,0.6,607,0.518000160963,0.466227347611
secondary_all_rows,checkpoint,12,up_given_onset,D0,7,0.6,0.7,0,,
secondary_all_rows,checkpoint,12,up_given_onset,D0,8,0.7,0.8,0,,
secondary_all_rows,checkpoint,12,up_given_onset,D0,9,0.8,0.9,0,,
secondary_all_rows,checkpoint,12,up_given_onset,D0,10,0.9,1,0,,
secondary_all_rows,checkpoint,12,up_given_onset,D1,1,0,0.1,0,,
secondary_all_rows,checkpoint,12,up_given_onset,D1,2,0.1,0.2,0,,
secondary_all_rows,checkpoint,12,up_given_onset,D1,3,0.2,0.3,0,,
secondary_all_rows,checkpoint,12,up_given_onset,D1,4,0.3,0.4,6,0.371129672273,0.666666666667
secondary_all_rows,checkpoint,12,up_given_onset,D1,5,0.4,0.5,166,0.469721590157,0.421686746988
secondary_all_rows,checkpoint,12,up_given_onset,D1,6,0.5,0.6,390,0.540801951221,0.479487179487
secondary_all_rows,checkpoint,12,up_given_onset,D1,7,0.6,0.7,41,0.627836716743,0.487804878049
secondary_all_rows,checkpoint,12,up_given_onset,D1,8,0.7,0.8,4,0.752630302172,0.5
secondary_all_rows,checkpoint,12,up_given_onset,D1,9,0.8,0.9,0,,
secondary_all_rows,checkpoint,12,up_given_onset,D1,10,0.9,1,0,,
secondary_all_rows,checkpoint,12,up_given_onset,D2,1,0,0.1,0,,
secondary_all_rows,checkpoint,12,up_given_onset,D2,2,0.1,0.2,3,0.191777038002,1
secondary_all_rows,checkpoint,12,up_given_onset,D2,3,0.2,0.3,28,0.26486260136,0.5
secondary_all_rows,checkpoint,12,up_given_onset,D2,4,0.3,0.4,90,0.356948585175,0.388888888889
secondary_all_rows,checkpoint,12,up_given_onset,D2,5,0.4,0.5,168,0.454649314091,0.47619047619
secondary_all_rows,checkpoint,12,up_given_onset,D2,6,0.5,0.6,161,0.552446986242,0.521739130435
secondary_all_rows,checkpoint,12,up_given_onset,D2,7,0.6,0.7,111,0.643499260842,0.405405405405
secondary_all_rows,checkpoint,12,up_given_onset,D2,8,0.7,0.8,41,0.739439312638,0.463414634146
secondary_all_rows,checkpoint,12,up_given_onset,D2,9,0.8,0.9,4,0.85403069473,0.75
secondary_all_rows,checkpoint,12,up_given_onset,D2,10,0.9,1,1,0.959695085488,0
secondary_all_rows,checkpoint,12,up_given_onset,D3,1,0,0.1,0,,
secondary_all_rows,checkpoint,12,up_given_onset,D3,2,0.1,0.2,7,0.159022591573,0.428571428571
secondary_all_rows,checkpoint,12,up_given_onset,D3,3,0.2,0.3,41,0.256029642389,0.463414634146
secondary_all_rows,checkpoint,12,up_given_onset,D3,4,0.3,0.4,96,0.355993818452,0.479166666667
secondary_all_rows,checkpoint,12,up_given_onset,D3,5,0.4,0.5,149,0.449805765714,0.409395973154
secondary_all_rows,checkpoint,12,up_given_onset,D3,6,0.5,0.6,136,0.548843913829,0.529411764706
secondary_all_rows,checkpoint,12,up_given_onset,D3,7,0.6,0.7,98,0.651373246072,0.448979591837
secondary_all_rows,checkpoint,12,up_given_onset,D3,8,0.7,0.8,55,0.741938245307,0.472727272727
secondary_all_rows,checkpoint,12,up_given_onset,D3,9,0.8,0.9,23,0.828948061658,0.478260869565
secondary_all_rows,checkpoint,12,up_given_onset,D3,10,0.9,1,2,0.923743621691,0.5
secondary_all_rows,checkpoint,6,directional_onset,A0,1,0,0.1,0,,
secondary_all_rows,checkpoint,6,directional_onset,A0,2,0.1,0.2,61,0.19440795996,0.0655737704918
secondary_all_rows,checkpoint,6,directional_onset,A0,3,0.2,0.3,1694,0.248549067776,0.109799291617
secondary_all_rows,checkpoint,6,directional_onset,A0,4,0.3,0.4,753,0.341329005136,0.244355909695
secondary_all_rows,checkpoint,6,directional_onset,A0,5,0.4,0.5,272,0.441196043369,0.389705882353
secondary_all_rows,checkpoint,6,directional_onset,A0,6,0.5,0.6,134,0.54303945676,0.55223880597
secondary_all_rows,checkpoint,6,directional_onset,A0,7,0.6,0.7,79,0.64664832561,0.632911392405
secondary_all_rows,checkpoint,6,directional_onset,A0,8,0.7,0.8,66,0.742407971583,0.575757575758
secondary_all_rows,checkpoint,6,directional_onset,A0,9,0.8,0.9,34,0.848766538489,0.794117647059
secondary_all_rows,checkpoint,6,directional_onset,A0,10,0.9,1,27,0.928384935591,0.851851851852
secondary_all_rows,checkpoint,6,directional_onset,A1,1,0,0.1,0,,
secondary_all_rows,checkpoint,6,directional_onset,A1,2,0.1,0.2,314,0.185298208629,0.0636942675159
secondary_all_rows,checkpoint,6,directional_onset,A1,3,0.2,0.3,1437,0.246607628046,0.121781489214
secondary_all_rows,checkpoint,6,directional_onset,A1,4,0.3,0.4,704,0.344368581432,0.240056818182
secondary_all_rows,checkpoint,6,directional_onset,A1,5,0.4,0.5,286,0.442908488828,0.342657342657
secondary_all_rows,checkpoint,6,directional_onset,A1,6,0.5,0.6,141,0.54569760709,0.524822695035
secondary_all_rows,checkpoint,6,directional_onset,A1,7,0.6,0.7,102,0.645667853402,0.607843137255
secondary_all_rows,checkpoint,6,directional_onset,A1,8,0.7,0.8,64,0.745120991151,0.578125
secondary_all_rows,checkpoint,6,directional_onset,A1,9,0.8,0.9,33,0.844865374896,0.727272727273
secondary_all_rows,checkpoint,6,directional_onset,A1,10,0.9,1,39,0.94013599833,0.846153846154
secondary_all_rows,checkpoint,6,directional_onset,A2,1,0,0.1,77,0.0856914466117,0.103896103896
secondary_all_rows,checkpoint,6,directional_onset,A2,2,0.1,0.2,842,0.159402280726,0.0855106888361
secondary_all_rows,checkpoint,6,directional_onset,A2,3,0.2,0.3,987,0.245627730829,0.15704154002
secondary_all_rows,checkpoint,6,directional_onset,A2,4,0.3,0.4,521,0.343445158213,0.226487523992
secondary_all_rows,checkpoint,6,directional_onset,A2,5,0.4,0.5,277,0.446784892297,0.364620938628
secondary_all_rows,checkpoint,6,directional_onset,A2,6,0.5,0.6,166,0.545422822102,0.439759036145
secondary_all_rows,checkpoint,6,directional_onset,A2,7,0.6,0.7,108,0.645122444798,0.546296296296
secondary_all_rows,checkpoint,6,directional_onset,A2,8,0.7,0.8,69,0.745416853765,0.695652173913
secondary_all_rows,checkpoint,6,directional_onset,A2,9,0.8,0.9,46,0.853190569416,0.739130434783
secondary_all_rows,checkpoint,6,directional_onset,A2,10,0.9,1,27,0.946033155765,0.888888888889
secondary_all_rows,checkpoint,6,directional_onset,A3,1,0,0.1,107,0.0828146809005,0.0654205607477
secondary_all_rows,checkpoint,6,directional_onset,A3,2,0.1,0.2,800,0.155992612227,0.08375
secondary_all_rows,checkpoint,6,directional_onset,A3,3,0.2,0.3,884,0.246389619527,0.150452488688
secondary_all_rows,checkpoint,6,directional_onset,A3,4,0.3,0.4,555,0.345777580836,0.21981981982
secondary_all_rows,checkpoint,6,directional_onset,A3,5,0.4,0.5,310,0.443717116943,0.335483870968
secondary_all_rows,checkpoint,6,directional_onset,A3,6,0.5,0.6,187,0.546202145098,0.422459893048
secondary_all_rows,checkpoint,6,directional_onset,A3,7,0.6,0.7,117,0.641174504213,0.529914529915
secondary_all_rows,checkpoint,6,directional_onset,A3,8,0.7,0.8,79,0.742699845121,0.683544303797
secondary_all_rows,checkpoint,6,directional_onset,A3,9,0.8,0.9,47,0.848510503302,0.744680851064
secondary_all_rows,checkpoint,6,directional_onset,A3,10,0.9,1,34,0.946146481402,0.852941176471
secondary_all_rows,checkpoint,6,up_given_onset,D0,1,0,0.1,0,,
secondary_all_rows,checkpoint,6,up_given_onset,D0,2,0.1,0.2,0,,
secondary_all_rows,checkpoint,6,up_given_onset,D0,3,0.2,0.3,0,,
secondary_all_rows,checkpoint,6,up_given_onset,D0,4,0.3,0.4,0,,
secondary_all_rows,checkpoint,6,up_given_onset,D0,5,0.4,0.5,677,0.469228202861,0.549483013294
secondary_all_rows,checkpoint,6,up_given_onset,D0,6,0.5,0.6,15,0.512444139118,0.6
secondary_all_rows,checkpoint,6,up_given_onset,D0,7,0.6,0.7,0,,
secondary_all_rows,checkpoint,6,up_given_onset,D0,8,0.7,0.8,0,,
secondary_all_rows,checkpoint,6,up_given_onset,D0,9,0.8,0.9,0,,
secondary_all_rows,checkpoint,6,up_given_onset,D0,10,0.9,1,0,,
secondary_all_rows,checkpoint,6,up_given_onset,D1,1,0,0.1,0,,
secondary_all_rows,checkpoint,6,up_given_onset,D1,2,0.1,0.2,0,,
secondary_all_rows,checkpoint,6,up_given_onset,D1,3,0.2,0.3,0,,
secondary_all_rows,checkpoint,6,up_given_onset,D1,4,0.3,0.4,93,0.379720779685,0.548387096774
secondary_all_rows,checkpoint,6,up_given_onset,D1,5,0.4,0.5,445,0.445384336334,0.534831460674
secondary_all_rows,checkpoint,6,up_given_onset,D1,6,0.5,0.6,127,0.539400425106,0.629921259843
secondary_all_rows,checkpoint,6,up_given_onset,D1,7,0.6,0.7,20,0.639692015746,0.45
secondary_all_rows,checkpoint,6,up_given_onset,D1,8,0.7,0.8,6,0.7261201957,0.333333333333
secondary_all_rows,checkpoint,6,up_given_onset,D1,9,0.8,0.9,1,0.829123893671,1
secondary_all_rows,checkpoint,6,up_given_onset,D1,10,0.9,1,0,,
secondary_all_rows,checkpoint,6,up_given_onset,D2,1,0,0.1,2,0.0815197703095,0.5
secondary_all_rows,checkpoint,6,up_given_onset,D2,2,0.1,0.2,21,0.161976093661,0.47619047619
secondary_all_rows,checkpoint,6,up_given_onset,D2,3,0.2,0.3,90,0.2610293777,0.522222222222
secondary_all_rows,checkpoint,6,up_given_onset,D2,4,0.3,0.4,170,0.350014854341,0.505882352941
secondary_all_rows,checkpoint,6,up_given_onset,D2,5,0.4,0.5,152,0.447202769438,0.565789473684
secondary_all_rows,checkpoint,6,up_given_onset,D2,6,0.5,0.6,112,0.546288527472,0.580357142857
secondary_all_rows,checkpoint,6,up_given_onset,D2,7,0.6,0.7,96,0.643677616293,0.59375
secondary_all_rows,checkpoint,6,up_given_onset,D2,8,0.7,0.8,43,0.738489273967,0.604651162791
secondary_all_rows,checkpoint,6,up_given_onset,D2,9,0.8,0.9,6,0.828443483717,0.5
secondary_all_rows,checkpoint,6,up_given_onset,D2,10,0.9,1,0,,
secondary_all_rows,checkpoint,6,up_given_onset,D3,1,0,0.1,4,0.0717989233069,0.25
secondary_all_rows,checkpoint,6,up_given_onset,D3,2,0.1,0.2,41,0.163120454944,0.512195121951
secondary_all_rows,checkpoint,6,up_given_onset,D3,3,0.2,0.3,86,0.265376728749,0.53488372093
secondary_all_rows,checkpoint,6,up_given_onset,D3,4,0.3,0.4,151,0.353695238018,0.543046357616
secondary_all_rows,checkpoint,6,up_given_onset,D3,5,0.4,0.5,134,0.443121265273,0.55223880597
secondary_all_rows,checkpoint,6,up_given_onset,D3,6,0.5,0.6,102,0.548307733396,0.56862745098
secondary_all_rows,checkpoint,6,up_given_onset,D3,7,0.6,0.7,83,0.646510543891,0.518072289157
secondary_all_rows,checkpoint,6,up_given_onset,D3,8,0.7,0.8,61,0.749605154226,0.606557377049
secondary_all_rows,checkpoint,6,up_given_onset,D3,9,0.8,0.9,30,0.841991430534,0.633333333333
secondary_all_rows,checkpoint,6,up_given_onset,D3,10,0.9,1,0,,
secondary_all_rows,month,2025-01,directional_onset,A0,1,0,0.1,0,,
secondary_all_rows,month,2025-01,directional_onset,A0,2,0.1,0.2,8,0.19395577009,0
secondary_all_rows,month,2025-01,directional_onset,A0,3,0.2,0.3,301,0.255236975835,0.199335548173
secondary_all_rows,month,2025-01,directional_onset,A0,4,0.3,0.4,245,0.344155325895,0.338775510204
secondary_all_rows,month,2025-01,directional_onset,A0,5,0.4,0.5,98,0.443093358751,0.428571428571
secondary_all_rows,month,2025-01,directional_onset,A0,6,0.5,0.6,43,0.546417724168,0.558139534884
secondary_all_rows,month,2025-01,directional_onset,A0,7,0.6,0.7,30,0.650949139408,0.533333333333
secondary_all_rows,month,2025-01,directional_onset,A0,8,0.7,0.8,21,0.739928217465,0.809523809524
secondary_all_rows,month,2025-01,directional_onset,A0,9,0.8,0.9,19,0.844635683299,0.736842105263
secondary_all_rows,month,2025-01,directional_onset,A0,10,0.9,1,19,0.924011640686,1
secondary_all_rows,month,2025-01,directional_onset,A1,1,0,0.1,0,,
secondary_all_rows,month,2025-01,directional_onset,A1,2,0.1,0.2,58,0.180508825015,0.051724137931
secondary_all_rows,month,2025-01,directional_onset,A1,3,0.2,0.3,293,0.250424299007,0.249146757679
secondary_all_rows,month,2025-01,directional_onset,A1,4,0.3,0.4,208,0.345385465482,0.326923076923
secondary_all_rows,month,2025-01,directional_onset,A1,5,0.4,0.5,89,0.444317375782,0.47191011236
secondary_all_rows,month,2025-01,directional_onset,A1,6,0.5,0.6,33,0.554779707462,0.545454545455
secondary_all_rows,month,2025-01,directional_onset,A1,7,0.6,0.7,35,0.64916731848,0.428571428571
secondary_all_rows,month,2025-01,directional_onset,A1,8,0.7,0.8,26,0.740089081514,0.730769230769
secondary_all_rows,month,2025-01,directional_onset,A1,9,0.8,0.9,23,0.857173874311,0.826086956522
secondary_all_rows,month,2025-01,directional_onset,A1,10,0.9,1,19,0.942638873365,0.947368421053
secondary_all_rows,month,2025-01,directional_onset,A2,1,0,0.1,10,0.0897653618163,0
secondary_all_rows,month,2025-01,directional_onset,A2,2,0.1,0.2,131,0.161109020798,0.145038167939
secondary_all_rows,month,2025-01,directional_onset,A2,3,0.2,0.3,212,0.254009861553,0.264150943396
secondary_all_rows,month,2025-01,directional_onset,A2,4,0.3,0.4,180,0.343569727415,0.322222222222
secondary_all_rows,month,2025-01,directional_onset,A2,5,0.4,0.5,92,0.444546370635,0.445652173913
secondary_all_rows,month,2025-01,directional_onset,A2,6,0.5,0.6,51,0.545410016121,0.549019607843
secondary_all_rows,month,2025-01,directional_onset,A2,7,0.6,0.7,34,0.651597367201,0.441176470588
secondary_all_rows,month,2025-01,directional_onset,A2,8,0.7,0.8,26,0.733496377631,0.692307692308
secondary_all_rows,month,2025-01,directional_onset,A2,9,0.8,0.9,25,0.854065278791,0.72
secondary_all_rows,month,2025-01,directional_onset,A2,10,0.9,1,23,0.949768899592,0.95652173913
secondary_all_rows,month,2025-01,directional_onset,A3,1,0,0.1,13,0.0782749685769,0.0769230769231
secondary_all_rows,month,2025-01,directional_onset,A3,2,0.1,0.2,138,0.155709756161,0.152173913043
secondary_all_rows,month,2025-01,directional_onset,A3,3,0.2,0.3,210,0.251971710048,0.261904761905
secondary_all_rows,month,2025-01,directional_onset,A3,4,0.3,0.4,163,0.348248756883,0.300613496933
secondary_all_rows,month,2025-01,directional_onset,A3,5,0.4,0.5,87,0.445127502023,0.471264367816
secondary_all_rows,month,2025-01,directional_onset,A3,6,0.5,0.6,56,0.543070854767,0.410714285714
secondary_all_rows,month,2025-01,directional_onset,A3,7,0.6,0.7,40,0.650997176673,0.675
secondary_all_rows,month,2025-01,directional_onset,A3,8,0.7,0.8,29,0.745608816181,0.586206896552
secondary_all_rows,month,2025-01,directional_onset,A3,9,0.8,0.9,20,0.846998363428,0.85
secondary_all_rows,month,2025-01,directional_onset,A3,10,0.9,1,28,0.948507786816,0.857142857143
secondary_all_rows,month,2025-01,up_given_onset,D0,1,0,0.1,0,,
secondary_all_rows,month,2025-01,up_given_onset,D0,2,0.1,0.2,0,,
secondary_all_rows,month,2025-01,up_given_onset,D0,3,0.2,0.3,0,,
secondary_all_rows,month,2025-01,up_given_onset,D0,4,0.3,0.4,0,,
secondary_all_rows,month,2025-01,up_given_onset,D0,5,0.4,0.5,140,0.46996677229,0.55
secondary_all_rows,month,2025-01,up_given_onset,D0,6,0.5,0.6,135,0.52009211652,0.42962962963
secondary_all_rows,month,2025-01,up_given_onset,D0,7,0.6,0.7,0,,
secondary_all_rows,month,2025-01,up_given_onset,D0,8,0.7,0.8,0,,
secondary_all_rows,month,2025-01,up_given_onset,D0,9,0.8,0.9,0,,
secondary_all_rows,month,2025-01,up_given_onset,D0,10,0.9,1,0,,
secondary_all_rows,month,2025-01,up_given_onset,D1,1,0,0.1,0,,
secondary_all_rows,month,2025-01,up_given_onset,D1,2,0.1,0.2,0,,
secondary_all_rows,month,2025-01,up_given_onset,D1,3,0.2,0.3,0,,
secondary_all_rows,month,2025-01,up_given_onset,D1,4,0.3,0.4,37,0.37928847124,0.540540540541
secondary_all_rows,month,2025-01,up_given_onset,D1,5,0.4,0.5,151,0.451555113907,0.450331125828
secondary_all_rows,month,2025-01,up_given_onset,D1,6,0.5,0.6,81,0.542365843559,0.543209876543
secondary_all_rows,month,2025-01,up_given_onset,D1,7,0.6,0.7,5,0.609011923656,0.6
secondary_all_rows,month,2025-01,up_given_onset,D1,8,0.7,0.8,1,0.732312207037,0
secondary_all_rows,month,2025-01,up_given_onset,D1,9,0.8,0.9,0,,
secondary_all_rows,month,2025-01,up_given_onset,D1,10,0.9,1,0,,
secondary_all_rows,month,2025-01,up_given_onset,D2,1,0,0.1,0,,
secondary_all_rows,month,2025-01,up_given_onset,D2,2,0.1,0.2,5,0.183659858305,1
secondary_all_rows,month,2025-01,up_given_onset,D2,3,0.2,0.3,32,0.256349630412,0.5625
secondary_all_rows,month,2025-01,up_given_onset,D2,4,0.3,0.4,65,0.354625694307,0.446153846154
secondary_all_rows,month,2025-01,up_given_onset,D2,5,0.4,0.5,72,0.446479838141,0.5
secondary_all_rows,month,2025-01,up_given_onset,D2,6,0.5,0.6,50,0.541492880582,0.5
secondary_all_rows,month,2025-01,up_given_onset,D2,7,0.6,0.7,38,0.635749954288,0.368421052632
secondary_all_rows,month,2025-01,up_given_onset,D2,8,0.7,0.8,12,0.733850341623,0.583333333333
secondary_all_rows,month,2025-01,up_given_onset,D2,9,0.8,0.9,1,0.803515177882,1
secondary_all_rows,month,2025-01,up_given_onset,D2,10,0.9,1,0,,
secondary_all_rows,month,2025-01,up_given_onset,D3,1,0,0.1,1,0.0961255312652,0
secondary_all_rows,month,2025-01,up_given_onset,D3,2,0.1,0.2,10,0.171289288521,0.8
secondary_all_rows,month,2025-01,up_given_onset,D3,3,0.2,0.3,27,0.255831798266,0.555555555556
secondary_all_rows,month,2025-01,up_given_onset,D3,4,0.3,0.4,58,0.355747913506,0.534482758621
secondary_all_rows,month,2025-01,up_given_onset,D3,5,0.4,0.5,59,0.442532458297,0.389830508475
secondary_all_rows,month,2025-01,up_given_onset,D3,6,0.5,0.6,67,0.545034085973,0.537313432836
secondary_all_rows,month,2025-01,up_given_onset,D3,7,0.6,0.7,36,0.650888099385,0.333333333333
secondary_all_rows,month,2025-01,up_given_onset,D3,8,0.7,0.8,12,0.739342474651,0.583333333333
secondary_all_rows,month,2025-01,up_given_onset,D3,9,0.8,0.9,5,0.841110003975,0.6
secondary_all_rows,month,2025-01,up_given_onset,D3,10,0.9,1,0,,
secondary_all_rows,month,2025-02,directional_onset,A0,1,0,0.1,0,,
secondary_all_rows,month,2025-02,directional_onset,A0,2,0.1,0.2,12,0.192471443648,0.166666666667
secondary_all_rows,month,2025-02,directional_onset,A0,3,0.2,0.3,353,0.250653765367,0.121813031161
secondary_all_rows,month,2025-02,directional_onset,A0,4,0.3,0.4,180,0.341787006818,0.288888888889
secondary_all_rows,month,2025-02,directional_onset,A0,5,0.4,0.5,97,0.435117017481,0.474226804124
secondary_all_rows,month,2025-02,directional_onset,A0,6,0.5,0.6,58,0.541120090895,0.448275862069
secondary_all_rows,month,2025-02,directional_onset,A0,7,0.6,0.7,32,0.647861411247,0.59375
secondary_all_rows,month,2025-02,directional_onset,A0,8,0.7,0.8,16,0.729106151923,0.625
secondary_all_rows,month,2025-02,directional_onset,A0,9,0.8,0.9,12,0.836430973916,0.75
secondary_all_rows,month,2025-02,directional_onset,A0,10,0.9,1,0,,
secondary_all_rows,month,2025-02,directional_onset,A1,1,0,0.1,0,,
secondary_all_rows,month,2025-02,directional_onset,A1,2,0.1,0.2,80,0.183400193829,0.0875
secondary_all_rows,month,2025-02,directional_onset,A1,3,0.2,0.3,314,0.24710751276,0.130573248408
secondary_all_rows,month,2025-02,directional_onset,A1,4,0.3,0.4,163,0.346013375817,0.331288343558
secondary_all_rows,month,2025-02,directional_onset,A1,5,0.4,0.5,88,0.445043947354,0.420454545455
secondary_all_rows,month,2025-02,directional_onset,A1,6,0.5,0.6,49,0.552323491015,0.510204081633
secondary_all_rows,month,2025-02,directional_onset,A1,7,0.6,0.7,34,0.649890981023,0.705882352941
secondary_all_rows,month,2025-02,directional_onset,A1,8,0.7,0.8,20,0.739823231735,0.55
secondary_all_rows,month,2025-02,directional_onset,A1,9,0.8,0.9,10,0.845519613721,0.6
secondary_all_rows,month,2025-02,directional_onset,A1,10,0.9,1,2,0.926791344801,1
secondary_all_rows,month,2025-02,directional_onset,A2,1,0,0.1,11,0.0851854046748,0.181818181818
secondary_all_rows,month,2025-02,directional_onset,A2,2,0.1,0.2,178,0.161179312291,0.0730337078652
secondary_all_rows,month,2025-02,directional_onset,A2,3,0.2,0.3,219,0.248563845032,0.187214611872
secondary_all_rows,month,2025-02,directional_onset,A2,4,0.3,0.4,134,0.344774390707,0.320895522388
secondary_all_rows,month,2025-02,directional_onset,A2,5,0.4,0.5,93,0.445421134542,0.387096774194
secondary_all_rows,month,2025-02,directional_onset,A2,6,0.5,0.6,53,0.549636179627,0.471698113208
secondary_all_rows,month,2025-02,directional_onset,A2,7,0.6,0.7,41,0.643370042519,0.658536585366
secondary_all_rows,month,2025-02,directional_onset,A2,8,0.7,0.8,17,0.742056275813,0.647058823529
secondary_all_rows,month,2025-02,directional_onset,A2,9,0.8,0.9,10,0.841617037595,0.6
secondary_all_rows,month,2025-02,directional_onset,A2,10,0.9,1,4,0.928885503703,0.75
secondary_all_rows,month,2025-02,directional_onset,A3,1,0,0.1,23,0.0822921021861,0.0434782608696
secondary_all_rows,month,2025-02,directional_onset,A3,2,0.1,0.2,171,0.157743552493,0.0994152046784
secondary_all_rows,month,2025-02,directional_onset,A3,3,0.2,0.3,203,0.247644058381,0.15763546798
secondary_all_rows,month,2025-02,directional_onset,A3,4,0.3,0.4,148,0.343930283652,0.317567567568
secondary_all_rows,month,2025-02,directional_onset,A3,5,0.4,0.5,81,0.443652495125,0.395061728395
secondary_all_rows,month,2025-02,directional_onset,A3,6,0.5,0.6,58,0.549316601136,0.5
secondary_all_rows,month,2025-02,directional_onset,A3,7,0.6,0.7,35,0.646310266421,0.571428571429
secondary_all_rows,month,2025-02,directional_onset,A3,8,0.7,0.8,26,0.744210809499,0.730769230769
secondary_all_rows,month,2025-02,directional_onset,A3,9,0.8,0.9,9,0.852897123051,0.666666666667
secondary_all_rows,month,2025-02,directional_onset,A3,10,0.9,1,6,0.925910130367,0.666666666667
secondary_all_rows,month,2025-02,up_given_onset,D0,1,0,0.1,0,,
secondary_all_rows,month,2025-02,up_given_onset,D0,2,0.1,0.2,0,,
secondary_all_rows,month,2025-02,up_given_onset,D0,3,0.2,0.3,0,,
secondary_all_rows,month,2025-02,up_given_onset,D0,4,0.3,0.4,0,,
secondary_all_rows,month,2025-02,up_given_onset,D0,5,0.4,0.5,113,0.469438331741,0.530973451327
secondary_all_rows,month,2025-02,up_given_onset,D0,6,0.5,0.6,94,0.518904088298,0.5
secondary_all_rows,month,2025-02,up_given_onset,D0,7,0.6,0.7,0,,
secondary_all_rows,month,2025-02,up_given_onset,D0,8,0.7,0.8,0,,
secondary_all_rows,month,2025-02,up_given_onset,D0,9,0.8,0.9,0,,
secondary_all_rows,month,2025-02,up_given_onset,D0,10,0.9,1,0,,
secondary_all_rows,month,2025-02,up_given_onset,D1,1,0,0.1,0,,
secondary_all_rows,month,2025-02,up_given_onset,D1,2,0.1,0.2,0,,
secondary_all_rows,month,2025-02,up_given_onset,D1,3,0.2,0.3,0,,
secondary_all_rows,month,2025-02,up_given_onset,D1,4,0.3,0.4,17,0.382788864723,0.411764705882
secondary_all_rows,month,2025-02,up_given_onset,D1,5,0.4,0.5,87,0.452659485502,0.574712643678
secondary_all_rows,month,2025-02,up_given_onset,D1,6,0.5,0.6,89,0.535638900283,0.483146067416
secondary_all_rows,month,2025-02,up_given_onset,D1,7,0.6,0.7,11,0.632335043535,0.545454545455
secondary_all_rows,month,2025-02,up_given_onset,D1,8,0.7,0.8,3,0.729348555089,0.333333333333
secondary_all_rows,month,2025-02,up_given_onset,D1,9,0.8,0.9,0,,
secondary_all_rows,month,2025-02,up_given_onset,D1,10,0.9,1,0,,
secondary_all_rows,month,2025-02,up_given_onset,D2,1,0,0.1,0,,
secondary_all_rows,month,2025-02,up_given_onset,D2,2,0.1,0.2,3,0.169358746852,0.333333333333
secondary_all_rows,month,2025-02,up_given_onset,D2,3,0.2,0.3,13,0.262729819683,0.307692307692
secondary_all_rows,month,2025-02,up_given_onset,D2,4,0.3,0.4,40,0.355417369487,0.525
secondary_all_rows,month,2025-02,up_given_onset,D2,5,0.4,0.5,48,0.450293192336,0.541666666667
secondary_all_rows,month,2025-02,up_given_onset,D2,6,0.5,0.6,38,0.563305378804,0.526315789474
secondary_all_rows,month,2025-02,up_given_onset,D2,7,0.6,0.7,42,0.642678622605,0.571428571429
secondary_all_rows,month,2025-02,up_given_onset,D2,8,0.7,0.8,21,0.738900344698,0.52380952381
secondary_all_rows,month,2025-02,up_given_onset,D2,9,0.8,0.9,1,0.817155610805,0
secondary_all_rows,month,2025-02,up_given_onset,D2,10,0.9,1,1,0.959695085488,0
secondary_all_rows,month,2025-02,up_given_onset,D3,1,0,0.1,0,,
secondary_all_rows,month,2025-02,up_given_onset,D3,2,0.1,0.2,1,0.195085240484,1
secondary_all_rows,month,2025-02,up_given_onset,D3,3,0.2,0.3,19,0.273213807961,0.421052631579
secondary_all_rows,month,2025-02,up_given_onset,D3,4,0.3,0.4,41,0.36032955616,0.487804878049
secondary_all_rows,month,2025-02,up_given_onset,D3,5,0.4,0.5,40,0.451217434584,0.55
secondary_all_rows,month,2025-02,up_given_onset,D3,6,0.5,0.6,29,0.552351489324,0.448275862069
secondary_all_rows,month,2025-02,up_given_onset,D3,7,0.6,0.7,32,0.651346353378,0.5625
secondary_all_rows,month,2025-02,up_given_onset,D3,8,0.7,0.8,23,0.750846970645,0.652173913043
secondary_all_rows,month,2025-02,up_given_onset,D3,9,0.8,0.9,21,0.836958290432,0.47619047619
secondary_all_rows,month,2025-02,up_given_onset,D3,10,0.9,1,1,0.92197542544,0
secondary_all_rows,month,2025-03,directional_onset,A0,1,0,0.1,0,,
secondary_all_rows,month,2025-03,directional_onset,A0,2,0.1,0.2,9,0.196351795868,0
secondary_all_rows,month,2025-03,directional_onset,A0,3,0.2,0.3,445,0.250933569794,0.132584269663
secondary_all_rows,month,2025-03,directional_onset,A0,4,0.3,0.4,236,0.341954621958,0.233050847458
secondary_all_rows,month,2025-03,directional_onset,A0,5,0.4,0.5,90,0.444412676648,0.366666666667
secondary_all_rows,month,2025-03,directional_onset,A0,6,0.5,0.6,24,0.550430498691,0.583333333333
secondary_all_rows,month,2025-03,directional_onset,A0,7,0.6,0.7,15,0.640117361386,0.6
secondary_all_rows,month,2025-03,directional_onset,A0,8,0.7,0.8,8,0.75053902255,0.5
secondary_all_rows,month,2025-03,directional_onset,A0,9,0.8,0.9,7,0.852593560551,0.714285714286
secondary_all_rows,month,2025-03,directional_onset,A0,10,0.9,1,3,0.940460386399,0.666666666667
secondary_all_rows,month,2025-03,directional_onset,A1,1,0,0.1,0,,
secondary_all_rows,month,2025-03,directional_onset,A1,2,0.1,0.2,89,0.185690801451,0.101123595506
secondary_all_rows,month,2025-03,directional_onset,A1,3,0.2,0.3,401,0.246835411238,0.149625935162
secondary_all_rows,month,2025-03,directional_onset,A1,4,0.3,0.4,183,0.339701094921,0.213114754098
secondary_all_rows,month,2025-03,directional_onset,A1,5,0.4,0.5,99,0.439761648175,0.353535353535
secondary_all_rows,month,2025-03,directional_onset,A1,6,0.5,0.6,30,0.53951432571,0.566666666667
secondary_all_rows,month,2025-03,directional_onset,A1,7,0.6,0.7,14,0.644265562563,0.571428571429
secondary_all_rows,month,2025-03,directional_onset,A1,8,0.7,0.8,9,0.745472248015,0.555555555556
secondary_all_rows,month,2025-03,directional_onset,A1,9,0.8,0.9,6,0.832708811084,0.666666666667
secondary_all_rows,month,2025-03,directional_onset,A1,10,0.9,1,6,0.939818394937,0.666666666667
secondary_all_rows,month,2025-03,directional_onset,A2,1,0,0.1,38,0.0863572840279,0.184210526316
secondary_all_rows,month,2025-03,directional_onset,A2,2,0.1,0.2,212,0.160866613044,0.13679245283
secondary_all_rows,month,2025-03,directional_onset,A2,3,0.2,0.3,260,0.245394845714,0.138461538462
secondary_all_rows,month,2025-03,directional_onset,A2,4,0.3,0.4,157,0.344226139026,0.216560509554
secondary_all_rows,month,2025-03,directional_onset,A2,5,0.4,0.5,97,0.444158024475,0.350515463918
secondary_all_rows,month,2025-03,directional_onset,A2,6,0.5,0.6,36,0.54318332788,0.5
secondary_all_rows,month,2025-03,directional_onset,A2,7,0.6,0.7,18,0.637896002891,0.611111111111
secondary_all_rows,month,2025-03,directional_onset,A2,8,0.7,0.8,9,0.738217573141,0.555555555556
secondary_all_rows,month,2025-03,directional_onset,A2,9,0.8,0.9,6,0.882224184817,0.666666666667
secondary_all_rows,month,2025-03,directional_onset,A2,10,0.9,1,4,0.940622310664,0.75
secondary_all_rows,month,2025-03,directional_onset,A3,1,0,0.1,39,0.0801071665822,0.128205128205
secondary_all_rows,month,2025-03,directional_onset,A3,2,0.1,0.2,211,0.156299080359,0.14691943128
secondary_all_rows,month,2025-03,directional_onset,A3,3,0.2,0.3,241,0.248721600477,0.128630705394
secondary_all_rows,month,2025-03,directional_onset,A3,4,0.3,0.4,148,0.347880057334,0.175675675676
secondary_all_rows,month,2025-03,directional_onset,A3,5,0.4,0.5,93,0.443652778216,0.408602150538
secondary_all_rows,month,2025-03,directional_onset,A3,6,0.5,0.6,57,0.543286913625,0.438596491228
secondary_all_rows,month,2025-03,directional_onset,A3,7,0.6,0.7,22,0.643452068087,0.5
secondary_all_rows,month,2025-03,directional_onset,A3,8,0.7,0.8,10,0.737330224077,0.3
secondary_all_rows,month,2025-03,directional_onset,A3,9,0.8,0.9,9,0.838916452291,0.666666666667
secondary_all_rows,month,2025-03,directional_onset,A3,10,0.9,1,7,0.935883038782,0.714285714286
secondary_all_rows,month,2025-03,up_given_onset,D0,1,0,0.1,0,,
secondary_all_rows,month,2025-03,up_given_onset,D0,2,0.1,0.2,0,,
secondary_all_rows,month,2025-03,up_given_onset,D0,3,0.2,0.3,0,,
secondary_all_rows,month,2025-03,up_given_onset,D0,4,0.3,0.4,0,,
secondary_all_rows,month,2025-03,up_given_onset,D0,5,0.4,0.5,97,0.469144517139,0.453608247423
secondary_all_rows,month,2025-03,up_given_onset,D0,6,0.5,0.6,84,0.515764164046,0.416666666667
secondary_all_rows,month,2025-03,up_given_onset,D0,7,0.6,0.7,0,,
secondary_all_rows,month,2025-03,up_given_onset,D0,8,0.7,0.8,0,,
secondary_all_rows,month,2025-03,up_given_onset,D0,9,0.8,0.9,0,,
secondary_all_rows,month,2025-03,up_given_onset,D0,10,0.9,1,0,,
secondary_all_rows,month,2025-03,up_given_onset,D1,1,0,0.1,0,,
secondary_all_rows,month,2025-03,up_given_onset,D1,2,0.1,0.2,0,,
secondary_all_rows,month,2025-03,up_given_onset,D1,3,0.2,0.3,0,,
secondary_all_rows,month,2025-03,up_given_onset,D1,4,0.3,0.4,12,0.38461387595,0.5
secondary_all_rows,month,2025-03,up_given_onset,D1,5,0.4,0.5,71,0.450300092868,0.408450704225
secondary_all_rows,month,2025-03,up_given_onset,D1,6,0.5,0.6,92,0.543655848503,0.45652173913
secondary_all_rows,month,2025-03,up_given_onset,D1,7,0.6,0.7,5,0.636117321612,0.4
secondary_all_rows,month,2025-03,up_given_onset,D1,8,0.7,0.8,1,0.748087075143,0
secondary_all_rows,month,2025-03,up_given_onset,D1,9,0.8,0.9,0,,
secondary_all_rows,month,2025-03,up_given_onset,D1,10,0.9,1,0,,
secondary_all_rows,month,2025-03,up_given_onset,D2,1,0,0.1,1,0.0752204646043,0
secondary_all_rows,month,2025-03,up_given_onset,D2,2,0.1,0.2,2,0.194990505471,1
secondary_all_rows,month,2025-03,up_given_onset,D2,3,0.2,0.3,17,0.254568233906,0.470588235294
secondary_all_rows,month,2025-03,up_given_onset,D2,4,0.3,0.4,32,0.347100824163,0.28125
secondary_all_rows,month,2025-03,up_given_onset,D2,5,0.4,0.5,40,0.45728414293,0.35
secondary_all_rows,month,2025-03,up_given_onset,D2,6,0.5,0.6,33,0.548796826887,0.575757575758
secondary_all_rows,month,2025-03,up_given_onset,D2,7,0.6,0.7,39,0.640401485547,0.487179487179
secondary_all_rows,month,2025-03,up_given_onset,D2,8,0.7,0.8,16,0.726850086653,0.4375
secondary_all_rows,month,2025-03,up_given_onset,D2,9,0.8,0.9,1,0.808356165251,1
secondary_all_rows,month,2025-03,up_given_onset,D2,10,0.9,1,0,,
secondary_all_rows,month,2025-03,up_given_onset,D3,1,0,0.1,1,0.0737354387986,0
secondary_all_rows,month,2025-03,up_given_onset,D3,2,0.1,0.2,11,0.171408658578,0.272727272727
secondary_all_rows,month,2025-03,up_given_onset,D3,3,0.2,0.3,12,0.255506325776,0.25
secondary_all_rows,month,2025-03,up_given_onset,D3,4,0.3,0.4,27,0.347055511858,0.555555555556
secondary_all_rows,month,2025-03,up_given_onset,D3,5,0.4,0.5,32,0.450421312929,0.3125
secondary_all_rows,month,2025-03,up_given_onset,D3,6,0.5,0.6,35,0.547072444979,0.457142857143
secondary_all_rows,month,2025-03,up_given_onset,D3,7,0.6,0.7,27,0.645110121027,0.37037037037
secondary_all_rows,month,2025-03,up_given_onset,D3,8,0.7,0.8,29,0.751486430546,0.586206896552
secondary_all_rows,month,2025-03,up_given_onset,D3,9,0.8,0.9,7,0.830568911415,0.714285714286
secondary_all_rows,month,2025-03,up_given_onset,D3,10,0.9,1,0,,
secondary_all_rows,month,2025-04,directional_onset,A0,1,0,0.1,0,,
secondary_all_rows,month,2025-04,directional_onset,A0,2,0.1,0.2,4,0.194671407941,0.25
secondary_all_rows,month,2025-04,directional_onset,A0,3,0.2,0.3,421,0.255044094236,0.125890736342
secondary_all_rows,month,2025-04,directional_onset,A0,4,0.3,0.4,218,0.34286477596,0.197247706422
secondary_all_rows,month,2025-04,directional_onset,A0,5,0.4,0.5,65,0.437510763082,0.338461538462
secondary_all_rows,month,2025-04,directional_onset,A0,6,0.5,0.6,22,0.539798039915,0.409090909091
secondary_all_rows,month,2025-04,directional_onset,A0,7,0.6,0.7,22,0.653372369137,0.454545454545
secondary_all_rows,month,2025-04,directional_onset,A0,8,0.7,0.8,18,0.743627551769,0.388888888889
secondary_all_rows,month,2025-04,directional_onset,A0,9,0.8,0.9,16,0.846297847969,0.25
secondary_all_rows,month,2025-04,directional_onset,A0,10,0.9,1,2,0.918560937241,0.5
secondary_all_rows,month,2025-04,directional_onset,A1,1,0,0.1,0,,
secondary_all_rows,month,2025-04,directional_onset,A1,2,0.1,0.2,74,0.184777510611,0.121621621622
secondary_all_rows,month,2025-04,directional_onset,A1,3,0.2,0.3,389,0.250520923039,0.131105398458
secondary_all_rows,month,2025-04,directional_onset,A1,4,0.3,0.4,186,0.343371122548,0.220430107527
secondary_all_rows,month,2025-04,directional_onset,A1,5,0.4,0.5,64,0.442138275815,0.328125
secondary_all_rows,month,2025-04,directional_onset,A1,6,0.5,0.6,23,0.553064670621,0.391304347826
secondary_all_rows,month,2025-04,directional_onset,A1,7,0.6,0.7,17,0.648831965661,0.411764705882
secondary_all_rows,month,2025-04,directional_onset,A1,8,0.7,0.8,18,0.749581873565,0.5
secondary_all_rows,month,2025-04,directional_onset,A1,9,0.8,0.9,13,0.851603985939,0.0769230769231
secondary_all_rows,month,2025-04,directional_onset,A1,10,0.9,1,4,0.928177788875,0.5
secondary_all_rows,month,2025-04,directional_onset,A2,1,0,0.1,12,0.0863532993481,0.0833333333333
secondary_all_rows,month,2025-04,directional_onset,A2,2,0.1,0.2,177,0.158355649848,0.101694915254
secondary_all_rows,month,2025-04,directional_onset,A2,3,0.2,0.3,267,0.245020056722,0.142322097378
secondary_all_rows,month,2025-04,directional_onset,A2,4,0.3,0.4,172,0.344664982231,0.226744186047
secondary_all_rows,month,2025-04,directional_onset,A2,5,0.4,0.5,63,0.444671075471,0.253968253968
secondary_all_rows,month,2025-04,directional_onset,A2,6,0.5,0.6,42,0.547668889287,0.380952380952
secondary_all_rows,month,2025-04,directional_onset,A2,7,0.6,0.7,22,0.654029990212,0.272727272727
secondary_all_rows,month,2025-04,directional_onset,A2,8,0.7,0.8,20,0.746697286639,0.55
secondary_all_rows,month,2025-04,directional_onset,A2,9,0.8,0.9,11,0.847363642778,0.363636363636
secondary_all_rows,month,2025-04,directional_onset,A2,10,0.9,1,2,0.921605788223,0.5
secondary_all_rows,month,2025-04,directional_onset,A3,1,0,0.1,23,0.080995227559,0.0869565217391
secondary_all_rows,month,2025-04,directional_onset,A3,2,0.1,0.2,184,0.156408483504,0.114130434783
secondary_all_rows,month,2025-04,directional_onset,A3,3,0.2,0.3,234,0.246017371551,0.15811965812
secondary_all_rows,month,2025-04,directional_onset,A3,4,0.3,0.4,145,0.346710287069,0.193103448276
secondary_all_rows,month,2025-04,directional_onset,A3,5,0.4,0.5,94,0.440040893825,0.212765957447
secondary_all_rows,month,2025-04,directional_onset,A3,6,0.5,0.6,41,0.540464797501,0.365853658537
secondary_all_rows,month,2025-04,directional_onset,A3,7,0.6,0.7,32,0.636881347991,0.34375
secondary_all_rows,month,2025-04,directional_onset,A3,8,0.7,0.8,19,0.746032251566,0.631578947368
secondary_all_rows,month,2025-04,directional_onset,A3,9,0.8,0.9,10,0.851494265497,0.1
secondary_all_rows,month,2025-04,directional_onset,A3,10,0.9,1,6,0.923641683522,0.5
secondary_all_rows,month,2025-04,up_given_onset,D0,1,0,0.1,0,,
secondary_all_rows,month,2025-04,up_given_onset,D0,2,0.1,0.2,0,,
secondary_all_rows,month,2025-04,up_given_onset,D0,3,0.2,0.3,0,,
secondary_all_rows,month,2025-04,up_given_onset,D0,4,0.3,0.4,0,,
secondary_all_rows,month,2025-04,up_given_onset,D0,5,0.4,0.5,73,0.469849526479,0.506849315068
secondary_all_rows,month,2025-04,up_given_onset,D0,6,0.5,0.6,77,0.516923750783,0.467532467532
secondary_all_rows,month,2025-04,up_given_onset,D0,7,0.6,0.7,0,,
secondary_all_rows,month,2025-04,up_given_onset,D0,8,0.7,0.8,0,,
secondary_all_rows,month,2025-04,up_given_onset,D0,9,0.8,0.9,0,,
secondary_all_rows,month,2025-04,up_given_onset,D0,10,0.9,1,0,,
secondary_all_rows,month,2025-04,up_given_onset,D1,1,0,0.1,0,,
secondary_all_rows,month,2025-04,up_given_onset,D1,2,0.1,0.2,0,,
secondary_all_rows,month,2025-04,up_given_onset,D1,3,0.2,0.3,0,,
secondary_all_rows,month,2025-04,up_given_onset,D1,4,0.3,0.4,8,0.378685238725,0.25
secondary_all_rows,month,2025-04,up_given_onset,D1,5,0.4,0.5,69,0.461112231368,0.507246376812
secondary_all_rows,month,2025-04,up_given_onset,D1,6,0.5,0.6,55,0.534577329868,0.472727272727
secondary_all_rows,month,2025-04,up_given_onset,D1,7,0.6,0.7,15,0.641512893062,0.533333333333
secondary_all_rows,month,2025-04,up_given_onset,D1,8,0.7,0.8,3,0.751211633317,0.666666666667
secondary_all_rows,month,2025-04,up_given_onset,D1,9,0.8,0.9,0,,
secondary_all_rows,month,2025-04,up_given_onset,D1,10,0.9,1,0,,
secondary_all_rows,month,2025-04,up_given_onset,D2,1,0,0.1,0,,
secondary_all_rows,month,2025-04,up_given_onset,D2,2,0.1,0.2,10,0.14188236594,0.3
secondary_all_rows,month,2025-04,up_given_onset,D2,3,0.2,0.3,12,0.266393244586,0.5
secondary_all_rows,month,2025-04,up_given_onset,D2,4,0.3,0.4,32,0.351965088268,0.46875
secondary_all_rows,month,2025-04,up_given_onset,D2,5,0.4,0.5,37,0.453429619866,0.513513513514
secondary_all_rows,month,2025-04,up_given_onset,D2,6,0.5,0.6,26,0.550257109518,0.5
secondary_all_rows,month,2025-04,up_given_onset,D2,7,0.6,0.7,19,0.645213677676,0.368421052632
secondary_all_rows,month,2025-04,up_given_onset,D2,8,0.7,0.8,11,0.746265651425,0.727272727273
secondary_all_rows,month,2025-04,up_given_onset,D2,9,0.8,0.9,3,0.86925553789,0.666666666667
secondary_all_rows,month,2025-04,up_given_onset,D2,10,0.9,1,0,,
secondary_all_rows,month,2025-04,up_given_onset,D3,1,0,0.1,1,0.0951172661428,0
secondary_all_rows,month,2025-04,up_given_onset,D3,2,0.1,0.2,9,0.138185582462,0.333333333333
secondary_all_rows,month,2025-04,up_given_onset,D3,3,0.2,0.3,16,0.265914772174,0.5625
secondary_all_rows,month,2025-04,up_given_onset,D3,4,0.3,0.4,32,0.359823997487,0.4375
secondary_all_rows,month,2025-04,up_given_onset,D3,5,0.4,0.5,39,0.444163425097,0.487179487179
secondary_all_rows,month,2025-04,up_given_onset,D3,6,0.5,0.6,20,0.546959572128,0.55
secondary_all_rows,month,2025-04,up_given_onset,D3,7,0.6,0.7,13,0.651885092963,0.384615384615
secondary_all_rows,month,2025-04,up_given_onset,D3,8,0.7,0.8,12,0.740439933236,0.5
secondary_all_rows,month,2025-04,up_given_onset,D3,9,0.8,0.9,7,0.841779003236,0.714285714286
secondary_all_rows,month,2025-04,up_given_onset,D3,10,0.9,1,1,0.925511817943,1
secondary_all_rows,month,2025-05,directional_onset,A0,1,0,0.1,0,,
secondary_all_rows,month,2025-05,directional_onset,A0,2,0.1,0.2,5,0.193075017225,0
secondary_all_rows,month,2025-05,directional_onset,A0,3,0.2,0.3,497,0.247142868138,0.0764587525151
secondary_all_rows,month,2025-05,directional_onset,A0,4,0.3,0.4,155,0.341822141375,0.251612903226
secondary_all_rows,month,2025-05,directional_onset,A0,5,0.4,0.5,50,0.445680706524,0.4
secondary_all_rows,month,2025-05,directional_onset,A0,6,0.5,0.6,38,0.5461641532,0.421052631579
secondary_all_rows,month,2025-05,directional_onset,A0,7,0.6,0.7,22,0.648337843961,0.545454545455
secondary_all_rows,month,2025-05,directional_onset,A0,8,0.7,0.8,14,0.747824691617,0.642857142857
secondary_all_rows,month,2025-05,directional_onset,A0,9,0.8,0.9,7,0.867396087903,0.714285714286
secondary_all_rows,month,2025-05,directional_onset,A0,10,0.9,1,8,0.92450765792,0.875
secondary_all_rows,month,2025-05,directional_onset,A1,1,0,0.1,0,,
secondary_all_rows,month,2025-05,directional_onset,A1,2,0.1,0.2,109,0.185409035662,0.0275229357798
secondary_all_rows,month,2025-05,directional_onset,A1,3,0.2,0.3,395,0.242655740159,0.103797468354
secondary_all_rows,month,2025-05,directional_onset,A1,4,0.3,0.4,141,0.340381907862,0.241134751773
secondary_all_rows,month,2025-05,directional_onset,A1,5,0.4,0.5,59,0.442129128863,0.322033898305
secondary_all_rows,month,2025-05,directional_onset,A1,6,0.5,0.6,29,0.542002514882,0.275862068966
secondary_all_rows,month,2025-05,directional_onset,A1,7,0.6,0.7,31,0.642411142083,0.58064516129
secondary_all_rows,month,2025-05,directional_onset,A1,8,0.7,0.8,11,0.746874159839,0.545454545455
secondary_all_rows,month,2025-05,directional_onset,A1,9,0.8,0.9,7,0.829485566172,0.714285714286
secondary_all_rows,month,2025-05,directional_onset,A1,10,0.9,1,14,0.941802627961,0.857142857143
secondary_all_rows,month,2025-05,directional_onset,A2,1,0,0.1,20,0.0851606411317,0.15
secondary_all_rows,month,2025-05,directional_onset,A2,2,0.1,0.2,224,0.156715100174,0.0848214285714
secondary_all_rows,month,2025-05,directional_onset,A2,3,0.2,0.3,257,0.245184377361,0.101167315175
secondary_all_rows,month,2025-05,directional_onset,A2,4,0.3,0.4,131,0.339493042167,0.198473282443
secondary_all_rows,month,2025-05,directional_onset,A2,5,0.4,0.5,62,0.446196656217,0.306451612903
secondary_all_rows,month,2025-05,directional_onset,A2,6,0.5,0.6,40,0.544921122457,0.325
secondary_all_rows,month,2025-05,directional_onset,A2,7,0.6,0.7,31,0.6392630736,0.483870967742
secondary_all_rows,month,2025-05,directional_onset,A2,8,0.7,0.8,14,0.752772244191,0.928571428571
secondary_all_rows,month,2025-05,directional_onset,A2,9,0.8,0.9,9,0.839261711851,0.555555555556
secondary_all_rows,month,2025-05,directional_onset,A2,10,0.9,1,8,0.954386899877,0.875
secondary_all_rows,month,2025-05,directional_onset,A3,1,0,0.1,24,0.0798568622582,0.125
secondary_all_rows,month,2025-05,directional_onset,A3,2,0.1,0.2,214,0.153865518958,0.0747663551402
secondary_all_rows,month,2025-05,directional_onset,A3,3,0.2,0.3,240,0.247792737124,0.1125
secondary_all_rows,month,2025-05,directional_onset,A3,4,0.3,0.4,140,0.341690477755,0.164285714286
secondary_all_rows,month,2025-05,directional_onset,A3,5,0.4,0.5,67,0.443342636734,0.238805970149
secondary_all_rows,month,2025-05,directional_onset,A3,6,0.5,0.6,41,0.550590185313,0.414634146341
secondary_all_rows,month,2025-05,directional_onset,A3,7,0.6,0.7,32,0.637347920043,0.5
secondary_all_rows,month,2025-05,directional_onset,A3,8,0.7,0.8,17,0.740622517819,0.647058823529
secondary_all_rows,month,2025-05,directional_onset,A3,9,0.8,0.9,14,0.835649845114,0.785714285714
secondary_all_rows,month,2025-05,directional_onset,A3,10,0.9,1,7,0.967690218407,0.857142857143
secondary_all_rows,month,2025-05,up_given_onset,D0,1,0,0.1,0,,
secondary_all_rows,month,2025-05,up_given_onset,D0,2,0.1,0.2,0,,
secondary_all_rows,month,2025-05,up_given_onset,D0,3,0.2,0.3,0,,
secondary_all_rows,month,2025-05,up_given_onset,D0,4,0.3,0.4,0,,
secondary_all_rows,month,2025-05,up_given_onset,D0,5,0.4,0.5,58,0.470548987642,0.620689655172
secondary_all_rows,month,2025-05,up_given_onset,D0,6,0.5,0.6,88,0.517514861405,0.465909090909
secondary_all_rows,month,2025-05,up_given_onset,D0,7,0.6,0.7,0,,
secondary_all_rows,month,2025-05,up_given_onset,D0,8,0.7,0.8,0,,
secondary_all_rows,month,2025-05,up_given_onset,D0,9,0.8,0.9,0,,
secondary_all_rows,month,2025-05,up_given_onset,D0,10,0.9,1,0,,
secondary_all_rows,month,2025-05,up_given_onset,D1,1,0,0.1,0,,
secondary_all_rows,month,2025-05,up_given_onset,D1,2,0.1,0.2,0,,
secondary_all_rows,month,2025-05,up_given_onset,D1,3,0.2,0.3,0,,
secondary_all_rows,month,2025-05,up_given_onset,D1,4,0.3,0.4,9,0.387408747988,0.666666666667
secondary_all_rows,month,2025-05,up_given_onset,D1,5,0.4,0.5,53,0.451731804428,0.547169811321
secondary_all_rows,month,2025-05,up_given_onset,D1,6,0.5,0.6,76,0.543660596968,0.526315789474
secondary_all_rows,month,2025-05,up_given_onset,D1,7,0.6,0.7,7,0.613460839893,0.142857142857
secondary_all_rows,month,2025-05,up_given_onset,D1,8,0.7,0.8,1,0.737323409543,1
secondary_all_rows,month,2025-05,up_given_onset,D1,9,0.8,0.9,0,,
secondary_all_rows,month,2025-05,up_given_onset,D1,10,0.9,1,0,,
secondary_all_rows,month,2025-05,up_given_onset,D2,1,0,0.1,1,0.0878190760147,1
secondary_all_rows,month,2025-05,up_given_onset,D2,2,0.1,0.2,3,0.185267041005,0.666666666667
secondary_all_rows,month,2025-05,up_given_onset,D2,3,0.2,0.3,10,0.26015235134,0.6
secondary_all_rows,month,2025-05,up_given_onset,D2,4,0.3,0.4,33,0.354691244792,0.545454545455
secondary_all_rows,month,2025-05,up_given_onset,D2,5,0.4,0.5,32,0.450787170823,0.5
secondary_all_rows,month,2025-05,up_given_onset,D2,6,0.5,0.6,37,0.552661873698,0.594594594595
secondary_all_rows,month,2025-05,up_given_onset,D2,7,0.6,0.7,21,0.647148652679,0.428571428571
secondary_all_rows,month,2025-05,up_given_onset,D2,8,0.7,0.8,9,0.748880687865,0.333333333333
secondary_all_rows,month,2025-05,up_given_onset,D2,9,0.8,0.9,0,,
secondary_all_rows,month,2025-05,up_given_onset,D2,10,0.9,1,0,,
secondary_all_rows,month,2025-05,up_given_onset,D3,1,0,0.1,1,0.022217457021,1
secondary_all_rows,month,2025-05,up_given_onset,D3,2,0.1,0.2,7,0.159849414628,0.714285714286
secondary_all_rows,month,2025-05,up_given_onset,D3,3,0.2,0.3,18,0.265467287413,0.555555555556
secondary_all_rows,month,2025-05,up_given_onset,D3,4,0.3,0.4,25,0.348478524125,0.52
secondary_all_rows,month,2025-05,up_given_onset,D3,5,0.4,0.5,25,0.436056448266,0.44
secondary_all_rows,month,2025-05,up_given_onset,D3,6,0.5,0.6,30,0.55411782231,0.633333333333
secondary_all_rows,month,2025-05,up_given_onset,D3,7,0.6,0.7,21,0.641662333848,0.571428571429
secondary_all_rows,month,2025-05,up_given_onset,D3,8,0.7,0.8,16,0.740628564247,0.25
secondary_all_rows,month,2025-05,up_given_onset,D3,9,0.8,0.9,3,0.814172431456,0.666666666667
secondary_all_rows,month,2025-05,up_given_onset,D3,10,0.9,1,0,,
secondary_all_rows,month,2025-06,directional_onset,A0,1,0,0.1,0,,
secondary_all_rows,month,2025-06,directional_onset,A0,2,0.1,0.2,10,0.195145288384,0.1
secondary_all_rows,month,2025-06,directional_onset,A0,3,0.2,0.3,474,0.245766798921,0.0738396624473
secondary_all_rows,month,2025-06,directional_onset,A0,4,0.3,0.4,172,0.342014282597,0.18023255814
secondary_all_rows,month,2025-06,directional_onset,A0,5,0.4,0.5,68,0.441660349496,0.338235294118
secondary_all_rows,month,2025-06,directional_onset,A0,6,0.5,0.6,38,0.541540981129,0.5
secondary_all_rows,month,2025-06,directional_onset,A0,7,0.6,0.7,12,0.651619795054,0.833333333333
secondary_all_rows,month,2025-06,directional_onset,A0,8,0.7,0.8,9,0.748220509296,0.777777777778
secondary_all_rows,month,2025-06,directional_onset,A0,9,0.8,0.9,12,0.841607384299,0.666666666667
secondary_all_rows,month,2025-06,directional_onset,A0,10,0.9,1,5,0.925932459897,1
secondary_all_rows,month,2025-06,directional_onset,A1,1,0,0.1,0,,
secondary_all_rows,month,2025-06,directional_onset,A1,2,0.1,0.2,122,0.183888734969,0.0327868852459
secondary_all_rows,month,2025-06,directional_onset,A1,3,0.2,0.3,354,0.242333921081,0.0988700564972
secondary_all_rows,month,2025-06,directional_onset,A1,4,0.3,0.4,155,0.345595270089,0.154838709677
secondary_all_rows,month,2025-06,directional_onset,A1,5,0.4,0.5,76,0.445210047415,0.289473684211
secondary_all_rows,month,2025-06,directional_onset,A1,6,0.5,0.6,40,0.548791447852,0.425
secondary_all_rows,month,2025-06,directional_onset,A1,7,0.6,0.7,23,0.648901504373,0.608695652174
secondary_all_rows,month,2025-06,directional_onset,A1,8,0.7,0.8,11,0.758486690578,0.818181818182
secondary_all_rows,month,2025-06,directional_onset,A1,9,0.8,0.9,8,0.855226159403,0.625
secondary_all_rows,month,2025-06,directional_onset,A1,10,0.9,1,11,0.936118525906,0.818181818182
secondary_all_rows,month,2025-06,directional_onset,A2,1,0,0.1,16,0.0855835469284,0
secondary_all_rows,month,2025-06,directional_onset,A2,2,0.1,0.2,184,0.157143212497,0.054347826087
secondary_all_rows,month,2025-06,directional_onset,A2,3,0.2,0.3,270,0.247795713953,0.111111111111
secondary_all_rows,month,2025-06,directional_onset,A2,4,0.3,0.4,157,0.347052997166,0.152866242038
secondary_all_rows,month,2025-06,directional_onset,A2,5,0.4,0.5,65,0.454146628618,0.338461538462
secondary_all_rows,month,2025-06,directional_onset,A2,6,0.5,0.6,51,0.539453156933,0.274509803922
secondary_all_rows,month,2025-06,directional_onset,A2,7,0.6,0.7,21,0.648864359407,0.619047619048
secondary_all_rows,month,2025-06,directional_onset,A2,8,0.7,0.8,19,0.74567023443,0.684210526316
secondary_all_rows,month,2025-06,directional_onset,A2,9,0.8,0.9,11,0.860841482455,0.636363636364
secondary_all_rows,month,2025-06,directional_onset,A2,10,0.9,1,6,0.946036338305,1
secondary_all_rows,month,2025-06,directional_onset,A3,1,0,0.1,31,0.0807740262624,0
secondary_all_rows,month,2025-06,directional_onset,A3,2,0.1,0.2,186,0.155228736982,0.0215053763441
secondary_all_rows,month,2025-06,directional_onset,A3,3,0.2,0.3,241,0.246811105504,0.132780082988
secondary_all_rows,month,2025-06,directional_onset,A3,4,0.3,0.4,145,0.345884067711,0.137931034483
secondary_all_rows,month,2025-06,directional_onset,A3,5,0.4,0.5,83,0.446598463058,0.325301204819
secondary_all_rows,month,2025-06,directional_onset,A3,6,0.5,0.6,51,0.545808708022,0.313725490196
secondary_all_rows,month,2025-06,directional_onset,A3,7,0.6,0.7,26,0.639440275293,0.461538461538
secondary_all_rows,month,2025-06,directional_onset,A3,8,0.7,0.8,20,0.742189491493,0.7
secondary_all_rows,month,2025-06,directional_onset,A3,9,0.8,0.9,8,0.857498361571,0.75
secondary_all_rows,month,2025-06,directional_onset,A3,10,0.9,1,9,0.941170332444,0.888888888889
secondary_all_rows,month,2025-06,up_given_onset,D0,1,0,0.1,0,,
secondary_all_rows,month,2025-06,up_given_onset,D0,2,0.1,0.2,0,,
secondary_all_rows,month,2025-06,up_given_onset,D0,3,0.2,0.3,0,,
secondary_all_rows,month,2025-06,up_given_onset,D0,4,0.3,0.4,0,,
secondary_all_rows,month,2025-06,up_given_onset,D0,5,0.4,0.5,73,0.469414434323,0.534246575342
secondary_all_rows,month,2025-06,up_given_onset,D0,6,0.5,0.6,66,0.518546938545,0.515151515152
secondary_all_rows,month,2025-06,up_given_onset,D0,7,0.6,0.7,0,,
secondary_all_rows,month,2025-06,up_given_onset,D0,8,0.7,0.8,0,,
secondary_all_rows,month,2025-06,up_given_onset,D0,9,0.8,0.9,0,,
secondary_all_rows,month,2025-06,up_given_onset,D0,10,0.9,1,0,,
secondary_all_rows,month,2025-06,up_given_onset,D1,1,0,0.1,0,,
secondary_all_rows,month,2025-06,up_given_onset,D1,2,0.1,0.2,0,,
secondary_all_rows,month,2025-06,up_given_onset,D1,3,0.2,0.3,0,,
secondary_all_rows,month,2025-06,up_given_onset,D1,4,0.3,0.4,4,0.350620091275,1
secondary_all_rows,month,2025-06,up_given_onset,D1,5,0.4,0.5,71,0.447180845862,0.478873239437
secondary_all_rows,month,2025-06,up_given_onset,D1,6,0.5,0.6,55,0.538638262141,0.563636363636
secondary_all_rows,month,2025-06,up_given_onset,D1,7,0.6,0.7,7,0.642681452216,0.428571428571
secondary_all_rows,month,2025-06,up_given_onset,D1,8,0.7,0.8,1,0.707839125945,0
secondary_all_rows,month,2025-06,up_given_onset,D1,9,0.8,0.9,1,0.829123893671,1
secondary_all_rows,month,2025-06,up_given_onset,D1,10,0.9,1,0,,
secondary_all_rows,month,2025-06,up_given_onset,D2,1,0,0.1,0,,
secondary_all_rows,month,2025-06,up_given_onset,D2,2,0.1,0.2,0,,
secondary_all_rows,month,2025-06,up_given_onset,D2,3,0.2,0.3,11,0.272066462381,0.636363636364
secondary_all_rows,month,2025-06,up_given_onset,D2,4,0.3,0.4,23,0.356749559756,0.521739130435
secondary_all_rows,month,2025-06,up_given_onset,D2,5,0.4,0.5,43,0.452986840403,0.558139534884
secondary_all_rows,month,2025-06,up_given_onset,D2,6,0.5,0.6,34,0.550826944751,0.411764705882
secondary_all_rows,month,2025-06,up_given_onset,D2,7,0.6,0.7,19,0.651787193402,0.631578947368
secondary_all_rows,month,2025-06,up_given_onset,D2,8,0.7,0.8,6,0.73092514244,0.333333333333
secondary_all_rows,month,2025-06,up_given_onset,D2,9,0.8,0.9,3,0.836490739347,0.666666666667
secondary_all_rows,month,2025-06,up_given_onset,D2,10,0.9,1,0,,
secondary_all_rows,month,2025-06,up_given_onset,D3,1,0,0.1,0,,
secondary_all_rows,month,2025-06,up_given_onset,D3,2,0.1,0.2,2,0.154917151401,0
secondary_all_rows,month,2025-06,up_given_onset,D3,3,0.2,0.3,14,0.260687365361,0.5
secondary_all_rows,month,2025-06,up_given_onset,D3,4,0.3,0.4,22,0.361666558759,0.590909090909
secondary_all_rows,month,2025-06,up_given_onset,D3,5,0.4,0.5,43,0.448919482571,0.511627906977
secondary_all_rows,month,2025-06,up_given_onset,D3,6,0.5,0.6,25,0.556008398651,0.52
secondary_all_rows,month,2025-06,up_given_onset,D3,7,0.6,0.7,21,0.654589156567,0.571428571429
secondary_all_rows,month,2025-06,up_given_onset,D3,8,0.7,0.8,8,0.755853252377,0.5
secondary_all_rows,month,2025-06,up_given_onset,D3,9,0.8,0.9,4,0.833793500102,0.5
secondary_all_rows,month,2025-06,up_given_onset,D3,10,0.9,1,0,,
secondary_all_rows,month,2025-07,directional_onset,A0,1,0,0.1,0,,
secondary_all_rows,month,2025-07,directional_onset,A0,2,0.1,0.2,18,0.197693722142,0.0555555555556
secondary_all_rows,month,2025-07,directional_onset,A0,3,0.2,0.3,555,0.246741943933,0.0828828828829
secondary_all_rows,month,2025-07,directional_onset,A0,4,0.3,0.4,176,0.337002765638,0.210227272727
secondary_all_rows,month,2025-07,directional_onset,A0,5,0.4,0.5,45,0.43605411705,0.288888888889
secondary_all_rows,month,2025-07,directional_onset,A0,6,0.5,0.6,19,0.533928857966,0.473684210526
secondary_all_rows,month,2025-07,directional_onset,A0,7,0.6,0.7,9,0.629766296805,0.444444444444
secondary_all_rows,month,2025-07,directional_onset,A0,8,0.7,0.8,8,0.738590927469,0.375
secondary_all_rows,month,2025-07,directional_onset,A0,9,0.8,0.9,3,0.877661671297,0.666666666667
secondary_all_rows,month,2025-07,directional_onset,A0,10,0.9,1,5,0.933609976993,1
secondary_all_rows,month,2025-07,directional_onset,A1,1,0,0.1,0,,
secondary_all_rows,month,2025-07,directional_onset,A1,2,0.1,0.2,123,0.183538426392,0.0243902439024
secondary_all_rows,month,2025-07,directional_onset,A1,3,0.2,0.3,423,0.243171278462,0.106382978723
secondary_all_rows,month,2025-07,directional_onset,A1,4,0.3,0.4,193,0.340723861535,0.176165803109
secondary_all_rows,month,2025-07,directional_onset,A1,5,0.4,0.5,44,0.442102600919,0.136363636364
secondary_all_rows,month,2025-07,directional_onset,A1,6,0.5,0.6,21,0.55065991236,0.666666666667
secondary_all_rows,month,2025-07,directional_onset,A1,7,0.6,0.7,17,0.646947863315,0.352941176471
secondary_all_rows,month,2025-07,directional_onset,A1,8,0.7,0.8,6,0.750128251262,0.5
secondary_all_rows,month,2025-07,directional_onset,A1,9,0.8,0.9,3,0.828621821188,0.666666666667
secondary_all_rows,month,2025-07,directional_onset,A1,10,0.9,1,8,0.940588946783,0.875
secondary_all_rows,month,2025-07,directional_onset,A2,1,0,0.1,24,0.0830157639696,0.0416666666667
secondary_all_rows,month,2025-07,directional_onset,A2,2,0.1,0.2,264,0.157069112643,0.0530303030303
secondary_all_rows,month,2025-07,directional_onset,A2,3,0.2,0.3,285,0.243740573891,0.129824561404
secondary_all_rows,month,2025-07,directional_onset,A2,4,0.3,0.4,143,0.342696981551,0.181818181818
secondary_all_rows,month,2025-07,directional_onset,A2,5,0.4,0.5,61,0.445517404486,0.213114754098
secondary_all_rows,month,2025-07,directional_onset,A2,6,0.5,0.6,25,0.539199714594,0.28
secondary_all_rows,month,2025-07,directional_onset,A2,7,0.6,0.7,17,0.647999957444,0.529411764706
secondary_all_rows,month,2025-07,directional_onset,A2,8,0.7,0.8,9,0.741920318539,0.444444444444
secondary_all_rows,month,2025-07,directional_onset,A2,9,0.8,0.9,8,0.851466273126,0.875
secondary_all_rows,month,2025-07,directional_onset,A2,10,0.9,1,2,0.941055242904,1
secondary_all_rows,month,2025-07,directional_onset,A3,1,0,0.1,47,0.0799146331743,0.063829787234
secondary_all_rows,month,2025-07,directional_onset,A3,2,0.1,0.2,268,0.15449858599,0.0746268656716
secondary_all_rows,month,2025-07,directional_onset,A3,3,0.2,0.3,244,0.246225134513,0.0901639344262
secondary_all_rows,month,2025-07,directional_onset,A3,4,0.3,0.4,141,0.344833329515,0.205673758865
secondary_all_rows,month,2025-07,directional_onset,A3,5,0.4,0.5,67,0.445193163907,0.208955223881
secondary_all_rows,month,2025-07,directional_onset,A3,6,0.5,0.6,36,0.543867200002,0.277777777778
secondary_all_rows,month,2025-07,directional_onset,A3,7,0.6,0.7,17,0.662477972389,0.647058823529
secondary_all_rows,month,2025-07,directional_onset,A3,8,0.7,0.8,10,0.731335757922,0.4
secondary_all_rows,month,2025-07,directional_onset,A3,9,0.8,0.9,7,0.86716973688,0.857142857143
secondary_all_rows,month,2025-07,directional_onset,A3,10,0.9,1,1,0.957825163669,1
secondary_all_rows,month,2025-07,up_given_onset,D0,1,0,0.1,0,,
secondary_all_rows,month,2025-07,up_given_onset,D0,2,0.1,0.2,0,,
secondary_all_rows,month,2025-07,up_given_onset,D0,3,0.2,0.3,0,,
secondary_all_rows,month,2025-07,up_given_onset,D0,4,0.3,0.4,0,,
secondary_all_rows,month,2025-07,up_given_onset,D0,5,0.4,0.5,75,0.466539115974,0.64
secondary_all_rows,month,2025-07,up_given_onset,D0,6,0.5,0.6,45,0.515205549072,0.6
secondary_all_rows,month,2025-07,up_given_onset,D0,7,0.6,0.7,0,,
secondary_all_rows,month,2025-07,up_given_onset,D0,8,0.7,0.8,0,,
secondary_all_rows,month,2025-07,up_given_onset,D0,9,0.8,0.9,0,,
secondary_all_rows,month,2025-07,up_given_onset,D0,10,0.9,1,0,,
secondary_all_rows,month,2025-07,up_given_onset,D1,1,0,0.1,0,,
secondary_all_rows,month,2025-07,up_given_onset,D1,2,0.1,0.2,0,,
secondary_all_rows,month,2025-07,up_given_onset,D1,3,0.2,0.3,0,,
secondary_all_rows,month,2025-07,up_given_onset,D1,4,0.3,0.4,11,0.370940512674,0.818181818182
secondary_all_rows,month,2025-07,up_given_onset,D1,5,0.4,0.5,64,0.448468629539,0.578125
secondary_all_rows,month,2025-07,up_given_onset,D1,6,0.5,0.6,40,0.543860378728,0.625
secondary_all_rows,month,2025-07,up_given_onset,D1,7,0.6,0.7,5,0.642675331321,0.8
secondary_all_rows,month,2025-07,up_given_onset,D1,8,0.7,0.8,0,,
secondary_all_rows,month,2025-07,up_given_onset,D1,9,0.8,0.9,0,,
secondary_all_rows,month,2025-07,up_given_onset,D1,10,0.9,1,0,,
secondary_all_rows,month,2025-07,up_given_onset,D2,1,0,0.1,0,,
secondary_all_rows,month,2025-07,up_given_onset,D2,2,0.1,0.2,1,0.185847755453,0
secondary_all_rows,month,2025-07,up_given_onset,D2,3,0.2,0.3,14,0.26453145513,0.571428571429
secondary_all_rows,month,2025-07,up_given_onset,D2,4,0.3,0.4,25,0.350959289238,0.52
secondary_all_rows,month,2025-07,up_given_onset,D2,5,0.4,0.5,29,0.44990763488,0.655172413793
secondary_all_rows,month,2025-07,up_given_onset,D2,6,0.5,0.6,33,0.543981481465,0.666666666667
secondary_all_rows,month,2025-07,up_given_onset,D2,7,0.6,0.7,11,0.643223584236,0.727272727273
secondary_all_rows,month,2025-07,up_given_onset,D2,8,0.7,0.8,6,0.750572270751,0.833333333333
secondary_all_rows,month,2025-07,up_given_onset,D2,9,0.8,0.9,1,0.840517895571,0
secondary_all_rows,month,2025-07,up_given_onset,D2,10,0.9,1,0,,
secondary_all_rows,month,2025-07,up_given_onset,D3,1,0,0.1,0,,
secondary_all_rows,month,2025-07,up_given_onset,D3,2,0.1,0.2,6,0.164374741217,0.5
secondary_all_rows,month,2025-07,up_given_onset,D3,3,0.2,0.3,13,0.259623458771,0.615384615385
secondary_all_rows,month,2025-07,up_given_onset,D3,4,0.3,0.4,25,0.350137843033,0.6
secondary_all_rows,month,2025-07,up_given_onset,D3,5,0.4,0.5,32,0.454793706743,0.5625
secondary_all_rows,month,2025-07,up_given_onset,D3,6,0.5,0.6,18,0.547904420785,0.722222222222
secondary_all_rows,month,2025-07,up_given_onset,D3,7,0.6,0.7,17,0.639631671927,0.647058823529
secondary_all_rows,month,2025-07,up_given_onset,D3,8,0.7,0.8,6,0.747810853284,0.833333333333
secondary_all_rows,month,2025-07,up_given_onset,D3,9,0.8,0.9,3,0.836366782688,0.666666666667
secondary_all_rows,month,2025-07,up_given_onset,D3,10,0.9,1,0,,
secondary_all_rows,month,2025-08,directional_onset,A0,1,0,0.1,0,,
secondary_all_rows,month,2025-08,directional_onset,A0,2,0.1,0.2,27,0.19359802542,0.037037037037
secondary_all_rows,month,2025-08,directional_onset,A0,3,0.2,0.3,403,0.24370552537,0.0421836228288
secondary_all_rows,month,2025-08,directional_onset,A0,4,0.3,0.4,146,0.332871997618,0.178082191781
secondary_all_rows,month,2025-08,directional_onset,A0,5,0.4,0.5,32,0.443839942795,0.46875
secondary_all_rows,month,2025-08,directional_onset,A0,6,0.5,0.6,13,0.547145128116,0.769230769231
secondary_all_rows,month,2025-08,directional_onset,A0,7,0.6,0.7,8,0.644313558775,0.625
secondary_all_rows,month,2025-08,directional_onset,A0,8,0.7,0.8,6,0.74505734119,0.833333333333
secondary_all_rows,month,2025-08,directional_onset,A0,9,0.8,0.9,1,0.816004034103,1
secondary_all_rows,month,2025-08,directional_onset,A0,10,0.9,1,2,0.936886618675,0.5
secondary_all_rows,month,2025-08,directional_onset,A1,1,0,0.1,0,,
secondary_all_rows,month,2025-08,directional_onset,A1,2,0.1,0.2,132,0.182871506273,0.0378787878788
secondary_all_rows,month,2025-08,directional_onset,A1,3,0.2,0.3,311,0.243641054042,0.0450160771704
secondary_all_rows,month,2025-08,directional_onset,A1,4,0.3,0.4,120,0.341593734517,0.2
secondary_all_rows,month,2025-08,directional_onset,A1,5,0.4,0.5,36,0.430660285388,0.305555555556
secondary_all_rows,month,2025-08,directional_onset,A1,6,0.5,0.6,16,0.539429626442,0.5625
secondary_all_rows,month,2025-08,directional_onset,A1,7,0.6,0.7,13,0.647593434231,0.769230769231
secondary_all_rows,month,2025-08,directional_onset,A1,8,0.7,0.8,7,0.746559388336,0.857142857143
secondary_all_rows,month,2025-08,directional_onset,A1,9,0.8,0.9,1,0.823341224226,1
secondary_all_rows,month,2025-08,directional_onset,A1,10,0.9,1,2,0.957029321871,0.5
secondary_all_rows,month,2025-08,directional_onset,A2,1,0,0.1,35,0.0837225905572,0.0571428571429
secondary_all_rows,month,2025-08,directional_onset,A2,2,0.1,0.2,240,0.155195466431,0.0375
secondary_all_rows,month,2025-08,directional_onset,A2,3,0.2,0.3,196,0.245612302702,0.0918367346939
secondary_all_rows,month,2025-08,directional_onset,A2,4,0.3,0.4,81,0.339865725704,0.0864197530864
secondary_all_rows,month,2025-08,directional_onset,A2,5,0.4,0.5,43,0.434294671121,0.372093023256
secondary_all_rows,month,2025-08,directional_onset,A2,6,0.5,0.6,24,0.545884670316,0.583333333333
secondary_all_rows,month,2025-08,directional_onset,A2,7,0.6,0.7,6,0.652475834889,0.666666666667
secondary_all_rows,month,2025-08,directional_onset,A2,8,0.7,0.8,10,0.759621737773,0.9
secondary_all_rows,month,2025-08,directional_onset,A2,9,0.8,0.9,1,0.800594607172,1
secondary_all_rows,month,2025-08,directional_onset,A2,10,0.9,1,2,0.934365953522,0.5
secondary_all_rows,month,2025-08,directional_onset,A3,1,0,0.1,47,0.0821408622845,0.0425531914894
secondary_all_rows,month,2025-08,directional_onset,A3,2,0.1,0.2,227,0.152254180639,0.0220264317181
secondary_all_rows,month,2025-08,directional_onset,A3,3,0.2,0.3,169,0.243851345537,0.0769230769231
secondary_all_rows,month,2025-08,directional_onset,A3,4,0.3,0.4,99,0.346086480294,0.191919191919
secondary_all_rows,month,2025-08,directional_onset,A3,5,0.4,0.5,46,0.446763856767,0.239130434783
secondary_all_rows,month,2025-08,directional_onset,A3,6,0.5,0.6,23,0.546949189906,0.608695652174
secondary_all_rows,month,2025-08,directional_onset,A3,7,0.6,0.7,12,0.645189866112,0.416666666667
secondary_all_rows,month,2025-08,directional_onset,A3,8,0.7,0.8,10,0.754812174313,0.9
secondary_all_rows,month,2025-08,directional_onset,A3,9,0.8,0.9,3,0.840650824726,0.666666666667
secondary_all_rows,month,2025-08,directional_onset,A3,10,0.9,1,2,0.925362445298,0.5
secondary_all_rows,month,2025-08,up_given_onset,D0,1,0,0.1,0,,
secondary_all_rows,month,2025-08,up_given_onset,D0,2,0.1,0.2,0,,
secondary_all_rows,month,2025-08,up_given_onset,D0,3,0.2,0.3,0,,
secondary_all_rows,month,2025-08,up_given_onset,D0,4,0.3,0.4,0,,
secondary_all_rows,month,2025-08,up_given_onset,D0,5,0.4,0.5,48,0.468126071818,0.645833333333
secondary_all_rows,month,2025-08,up_given_onset,D0,6,0.5,0.6,33,0.516556536827,0.424242424242
secondary_all_rows,month,2025-08,up_given_onset,D0,7,0.6,0.7,0,,
secondary_all_rows,month,2025-08,up_given_onset,D0,8,0.7,0.8,0,,
secondary_all_rows,month,2025-08,up_given_onset,D0,9,0.8,0.9,0,,
secondary_all_rows,month,2025-08,up_given_onset,D0,10,0.9,1,0,,
secondary_all_rows,month,2025-08,up_given_onset,D1,1,0,0.1,0,,
secondary_all_rows,month,2025-08,up_given_onset,D1,2,0.1,0.2,0,,
secondary_all_rows,month,2025-08,up_given_onset,D1,3,0.2,0.3,0,,
secondary_all_rows,month,2025-08,up_given_onset,D1,4,0.3,0.4,1,0.385373250565,1
secondary_all_rows,month,2025-08,up_given_onset,D1,5,0.4,0.5,45,0.45382105904,0.577777777778
secondary_all_rows,month,2025-08,up_given_onset,D1,6,0.5,0.6,29,0.541286323091,0.551724137931
secondary_all_rows,month,2025-08,up_given_onset,D1,7,0.6,0.7,6,0.620791316473,0.333333333333
secondary_all_rows,month,2025-08,up_given_onset,D1,8,0.7,0.8,0,,
secondary_all_rows,month,2025-08,up_given_onset,D1,9,0.8,0.9,0,,
secondary_all_rows,month,2025-08,up_given_onset,D1,10,0.9,1,0,,
secondary_all_rows,month,2025-08,up_given_onset,D2,1,0,0.1,0,,
secondary_all_rows,month,2025-08,up_given_onset,D2,2,0.1,0.2,0,,
secondary_all_rows,month,2025-08,up_given_onset,D2,3,0.2,0.3,9,0.274227457691,0.444444444444
secondary_all_rows,month,2025-08,up_given_onset,D2,4,0.3,0.4,10,0.330639061309,0.4
secondary_all_rows,month,2025-08,up_given_onset,D2,5,0.4,0.5,19,0.451372498749,0.631578947368
secondary_all_rows,month,2025-08,up_given_onset,D2,6,0.5,0.6,22,0.550138953032,0.636363636364
secondary_all_rows,month,2025-08,up_given_onset,D2,7,0.6,0.7,18,0.654789615862,0.5
secondary_all_rows,month,2025-08,up_given_onset,D2,8,0.7,0.8,3,0.760501679517,0.666666666667
secondary_all_rows,month,2025-08,up_given_onset,D2,9,0.8,0.9,0,,
secondary_all_rows,month,2025-08,up_given_onset,D2,10,0.9,1,0,,
secondary_all_rows,month,2025-08,up_given_onset,D3,1,0,0.1,0,,
secondary_all_rows,month,2025-08,up_given_onset,D3,2,0.1,0.2,2,0.174462264512,0.5
secondary_all_rows,month,2025-08,up_given_onset,D3,3,0.2,0.3,8,0.262155198666,0.625
secondary_all_rows,month,2025-08,up_given_onset,D3,4,0.3,0.4,17,0.345268030286,0.411764705882
secondary_all_rows,month,2025-08,up_given_onset,D3,5,0.4,0.5,13,0.442076388421,0.769230769231
secondary_all_rows,month,2025-08,up_given_onset,D3,6,0.5,0.6,14,0.540138064993,0.642857142857
secondary_all_rows,month,2025-08,up_given_onset,D3,7,0.6,0.7,14,0.659457083881,0.5
secondary_all_rows,month,2025-08,up_given_onset,D3,8,0.7,0.8,10,0.732879402771,0.5
secondary_all_rows,month,2025-08,up_given_onset,D3,9,0.8,0.9,3,0.850215723277,0.333333333333
secondary_all_rows,month,2025-08,up_given_onset,D3,10,0.9,1,0,,
secondary_all_rows,pooled,all,directional_onset,A0,1,0,0.1,0,,
secondary_all_rows,pooled,all,directional_onset,A0,2,0.1,0.2,93,0.194727063805,0.0645161290323
secondary_all_rows,pooled,all,directional_onset,A0,3,0.2,0.3,3449,0.249006867177,0.101768628588
secondary_all_rows,pooled,all,directional_onset,A0,4,0.3,0.4,1528,0.340972653755,0.239528795812
secondary_all_rows,pooled,all,directional_onset,A0,5,0.4,0.5,545,0.440746959414,0.392660550459
secondary_all_rows,pooled,all,directional_onset,A0,6,0.5,0.6,255,0.543361358154,0.498039215686
secondary_all_rows,pooled,all,directional_onset,A0,7,0.6,0.7,150,0.647608447555,0.566666666667
secondary_all_rows,pooled,all,directional_onset,A0,8,0.7,0.8,100,0.74176400843,0.62
secondary_all_rows,pooled,all,directional_onset,A0,9,0.8,0.9,77,0.846937927739,0.623376623377
secondary_all_rows,pooled,all,directional_onset,A0,10,0.9,1,44,0.926869792997,0.909090909091
secondary_all_rows,pooled,all,directional_onset,A1,1,0,0.1,0,,
secondary_all_rows,pooled,all,directional_onset,A1,2,0.1,0.2,787,0.183862541676,0.0546378653113
secondary_all_rows,pooled,all,directional_onset,A1,3,0.2,0.3,2880,0.245718320002,0.125
secondary_all_rows,pooled,all,directional_onset,A1,4,0.3,0.4,1349,0.342909381418,0.235730170497
secondary_all_rows,pooled,all,directional_onset,A1,5,0.4,0.5,555,0.442196817214,0.347747747748
secondary_all_rows,pooled,all,directional_onset,A1,6,0.5,0.6,241,0.54830689473,0.485477178423
secondary_all_rows,pooled,all,directional_onset,A1,7,0.6,0.7,184,0.647409343045,0.554347826087
secondary_all_rows,pooled,all,directional_onset,A1,8,0.7,0.8,108,0.745612586027,0.62962962963
secondary_all_rows,pooled,all,directional_onset,A1,9,0.8,0.9,71,0.8478128853,0.605633802817
secondary_all_rows,pooled,all,directional_onset,A1,10,0.9,1,66,0.939949297016,0.833333333333
secondary_all_rows,pooled,all,directional_onset,A2,1,0,0.1,166,0.0852272773077,0.0963855421687
secondary_all_rows,pooled,all,directional_onset,A2,2,0.1,0.2,1610,0.158173641317,0.0813664596273
secondary_all_rows,pooled,all,directional_onset,A2,3,0.2,0.3,1966,0.246710015452,0.143438453713
secondary_all_rows,pooled,all,directional_onset,A2,4,0.3,0.4,1155,0.343605109336,0.222510822511
secondary_all_rows,pooled,all,directional_onset,A2,5,0.4,0.5,576,0.445234364265,0.342013888889
secondary_all_rows,pooled,all,directional_onset,A2,6,0.5,0.6,322,0.544700317858,0.419254658385
secondary_all_rows,pooled,all,directional_onset,A2,7,0.6,0.7,190,0.64619700621,0.526315789474
secondary_all_rows,pooled,all,directional_onset,A2,8,0.7,0.8,124,0.743901713836,0.677419354839
secondary_all_rows,pooled,all,directional_onset,A2,9,0.8,0.9,81,0.852062765815,0.641975308642
secondary_all_rows,pooled,all,directional_onset,A2,10,0.9,1,51,0.945648689142,0.882352941176
secondary_all_rows,pooled,all,directional_onset,A3,1,0,0.1,247,0.0807066010819,0.0688259109312
secondary_all_rows,pooled,all,directional_onset,A3,2,0.1,0.2,1599,0.155089085011,0.0844277673546
secondary_all_rows,pooled,all,directional_onset,A3,3,0.2,0.3,1782,0.247439571926,0.139730639731
secondary_all_rows,pooled,all,directional_onset,A3,4,0.3,0.4,1129,0.345703620175,0.213463241807
secondary_all_rows,pooled,all,directional_onset,A3,5,0.4,0.5,618,0.444071530199,0.322006472492
secondary_all_rows,pooled,all,directional_onset,A3,6,0.5,0.6,363,0.545367035212,0.410468319559
secondary_all_rows,pooled,all,directional_onset,A3,7,0.6,0.7,216,0.644545738649,0.523148148148
secondary_all_rows,pooled,all,directional_onset,A3,8,0.7,0.8,141,0.743375203489,0.631205673759
secondary_all_rows,pooled,all,directional_onset,A3,9,0.8,0.9,80,0.847905718226,0.6875
secondary_all_rows,pooled,all,directional_onset,A3,10,0.9,1,66,0.94332764789,0.787878787879
secondary_all_rows,pooled,all,up_given_onset,D0,1,0,0.1,0,,
secondary_all_rows,pooled,all,up_given_onset,D0,2,0.1,0.2,0,,
secondary_all_rows,pooled,all,up_given_onset,D0,3,0.2,0.3,0,,
secondary_all_rows,pooled,all,up_given_onset,D0,4,0.3,0.4,0,,
secondary_all_rows,pooled,all,up_given_onset,D0,5,0.4,0.5,677,0.469228202861,0.549483013294
secondary_all_rows,pooled,all,up_given_onset,D0,6,0.5,0.6,622,0.517866173298,0.469453376206
secondary_all_rows,pooled,all,up_given_onset,D0,7,0.6,0.7,0,,
secondary_all_rows,pooled,all,up_given_onset,D0,8,0.7,0.8,0,,
secondary_all_rows,pooled,all,up_given_onset,D0,9,0.8,0.9,0,,
secondary_all_rows,pooled,all,up_given_onset,D0,10,0.9,1,0,,
secondary_all_rows,pooled,all,up_given_onset,D1,1,0,0.1,0,,
secondary_all_rows,pooled,all,up_given_onset,D1,2,0.1,0.2,0,,
secondary_all_rows,pooled,all,up_given_onset,D1,3,0.2,0.3,0,,
secondary_all_rows,pooled,all,up_given_onset,D1,4,0.3,0.4,99,0.379200106508,0.555555555556
secondary_all_rows,pooled,all,up_given_onset,D1,5,0.4,0.5,611,0.451996421661,0.504091653028
secondary_all_rows,pooled,all,up_given_onset,D1,6,0.5,0.6,517,0.540457669177,0.516441005803
secondary_all_rows,pooled,all,up_given_onset,D1,7,0.6,0.7,61,0.631723700022,0.475409836066
secondary_all_rows,pooled,all,up_given_onset,D1,8,0.7,0.8,10,0.736724238289,0.4
secondary_all_rows,pooled,all,up_given_onset,D1,9,0.8,0.9,1,0.829123893671,1
secondary_all_rows,pooled,all,up_given_onset,D1,10,0.9,1,0,,
secondary_all_rows,pooled,all,up_given_onset,D2,1,0,0.1,2,0.0815197703095,0.5
secondary_all_rows,pooled,all,up_given_onset,D2,2,0.1,0.2,24,0.165701211704,0.541666666667
secondary_all_rows,pooled,all,up_given_onset,D2,3,0.2,0.3,118,0.261938956196,0.516949152542
secondary_all_rows,pooled,all,up_given_onset,D2,4,0.3,0.4,260,0.352414991938,0.465384615385
secondary_all_rows,pooled,all,up_given_onset,D2,5,0.4,0.5,320,0.451112205381,0.51875
secondary_all_rows,pooled,all,up_given_onset,D2,6,0.5,0.6,273,0.549920439054,0.545787545788
secondary_all_rows,pooled,all,up_given_onset,D2,7,0.6,0.7,207,0.643581976413,0.492753623188
secondary_all_rows,pooled,all,up_given_onset,D2,8,0.7,0.8,84,0.738952983318,0.535714285714
secondary_all_rows,pooled,all,up_given_onset,D2,9,0.8,0.9,10,0.838678368122,0.6
secondary_all_rows,pooled,all,up_given_onset,D2,10,0.9,1,1,0.959695085488,0
secondary_all_rows,pooled,all,up_given_onset,D3,1,0,0.1,4,0.0717989233069,0.25
secondary_all_rows,pooled,all,up_given_onset,D3,2,0.1,0.2,48,0.16252284987,0.5
secondary_all_rows,pooled,all,up_given_onset,D3,3,0.2,0.3,127,0.262359165436,0.511811023622
secondary_all_rows,pooled,all,up_given_onset,D3,4,0.3,0.4,247,0.35458861341,0.518218623482
secondary_all_rows,pooled,all,up_given_onset,D3,5,0.4,0.5,283,0.446640666565,0.47703180212
secondary_all_rows,pooled,all,up_given_onset,D3,6,0.5,0.6,238,0.548614122215,0.546218487395
secondary_all_rows,pooled,all,up_given_onset,D3,7,0.6,0.7,181,0.649143388166,0.480662983425
secondary_all_rows,pooled,all,up_given_onset,D3,8,0.7,0.8,116,0.745969981894,0.543103448276
secondary_all_rows,pooled,all,up_given_onset,D3,9,0.8,0.9,53,0.836331100645,0.566037735849
secondary_all_rows,pooled,all,up_given_onset,D3,10,0.9,1,2,0.923743621691,0.5
