comparison,draw,metric,improvement,sampled_session_count
A3_vs_A2,0,brier,0.0002158041366004567,157
A3_vs_A2,0,log_loss,0.000589650448721007,157
A3_vs_A2,1,brier,0.00027239309645761127,157
A3_vs_A2,1,log_loss,0.0006644323229077035,157
A3_vs_A2,2,brier,1.823632681714104e-05,157
A3_vs_A2,2,log_loss,0.00039139063439499983,157
A3_vs_A2,3,brier,3.357108877558875e-05,157
A3_vs_A2,3,log_loss,0.0003252166709291072,157
A3_vs_A2,4,brier,0.00022412195925379625,157
A3_vs_A2,4,log_loss,0.0006549604108786152,157
A3_vs_A2,5,brier,0.00017915384790440775,157
A3_vs_A2,5,log_loss,0.0006080341397067243,157
A3_vs_A2,6,brier,0.0002566644097550789,157
A3_vs_A2,6,log_loss,0.0006868728138738077,157
A3_vs_A2,7,brier,9.766617098497433e-05,157
A3_vs_A2,7,log_loss,0.00040371477529791593,157
A3_vs_A2,8,brier,0.0001106316145453793,157
A3_vs_A2,8,log_loss,0.00045200687326183813,157
A3_vs_A2,9,brier,0.00010403598831595315,157
A3_vs_A2,9,log_loss,0.0004109238720994541,157
A3_vs_A2,10,brier,0.0005561136397428205,157
A3_vs_A2,10,log_loss,0.0013517582186305791,157
A3_vs_A2,11,brier,3.159268034625128e-05,157
A3_vs_A2,11,log_loss,0.00017430004624297043,157
A3_vs_A2,12,brier,0.000352197107746811,157
A3_vs_A2,12,log_loss,0.0009113403551344138,157
A3_vs_A2,13,brier,0.00035347120515472996,157
A3_vs_A2,13,log_loss,0.000982658958696378,157
A3_vs_A2,14,brier,0.00022282482970640912,157
A3_vs_A2,14,log_loss,0.0008567758568258239,157
A3_vs_A2,15,brier,0.0003138901489299777,157
A3_vs_A2,15,log_loss,0.0007986129604325075,157
A3_vs_A2,16,brier,0.0004444085927211022,157
A3_vs_A2,16,log_loss,0.001046298590419818,157
A3_vs_A2,17,brier,3.106113279703498e-05,157
A3_vs_A2,17,log_loss,0.00023043984259125253,157
A3_vs_A2,18,brier,0.0002047812168648902,157
A3_vs_A2,18,log_loss,0.0007146651710217858,157
A3_vs_A2,19,brier,0.0005619634030648719,157
A3_vs_A2,19,log_loss,0.00131320770934464,157
A3_vs_A2,20,brier,0.0003903687896445114,157
A3_vs_A2,20,log_loss,0.0010295068358736458,157
A3_vs_A2,21,brier,0.0004537391826832183,157
A3_vs_A2,21,log_loss,0.001173159716624848,157
A3_vs_A2,22,brier,0.00017447931914790288,157
A3_vs_A2,22,log_loss,0.0005422372120381193,157
A3_vs_A2,23,brier,0.0001737554965885977,157
A3_vs_A2,23,log_loss,0.0004930144425609899,157
A3_vs_A2,24,brier,0.00023816410852474962,157
A3_vs_A2,24,log_loss,0.000901828361441278,157
A3_vs_A2,25,brier,0.0002839347435400867,157
A3_vs_A2,25,log_loss,0.0006629684070711407,157
A3_vs_A2,26,brier,0.0001819666946641001,157
A3_vs_A2,26,log_loss,0.0006289696365548142,157
A3_vs_A2,27,brier,0.00017597672629010537,157
A3_vs_A2,27,log_loss,0.0005363214865454832,157
A3_vs_A2,28,brier,0.000569976458097224,157
A3_vs_A2,28,log_loss,0.0013302169362415773,157
A3_vs_A2,29,brier,0.0005798314804421919,157
A3_vs_A2,29,log_loss,0.0016092710190799572,157
A3_vs_A2,30,brier,0.00029239644091396365,157
A3_vs_A2,30,log_loss,0.0008998568081078255,157
A3_vs_A2,31,brier,0.0003032955839779261,157
A3_vs_A2,31,log_loss,0.0006355603582227452,157
A3_vs_A2,32,brier,0.00035666905416541645,157
A3_vs_A2,32,log_loss,0.001010103449743025,157
A3_vs_A2,33,brier,0.0003492583917773918,157
A3_vs_A2,33,log_loss,0.0008597962384450582,157
A3_vs_A2,34,brier,0.00037070918573966523,157
A3_vs_A2,34,log_loss,0.000785781779583471,157
A3_vs_A2,35,brier,0.00036570172920407523,157
A3_vs_A2,35,log_loss,0.0007945770260317281,157
A3_vs_A2,36,brier,0.0001456908572516234,157
A3_vs_A2,36,log_loss,0.0005645794352997633,157
A3_vs_A2,37,brier,0.000396080155566391,157
A3_vs_A2,37,log_loss,0.0009920504018707857,157
A3_vs_A2,38,brier,0.00029840631845579605,157
A3_vs_A2,38,log_loss,0.0008717541495639135,157
A3_vs_A2,39,brier,0.0001687182146106415,157
A3_vs_A2,39,log_loss,0.0007159429191082577,157
A3_vs_A2,40,brier,0.0003370635600038619,157
A3_vs_A2,40,log_loss,0.0009906729433416927,157
A3_vs_A2,41,brier,0.00023114891098930187,157
A3_vs_A2,41,log_loss,0.0008600388519330803,157
A3_vs_A2,42,brier,0.0001775051812503701,157
A3_vs_A2,42,log_loss,0.0007449796918698653,157
A3_vs_A2,43,brier,0.0006198747477407293,157
A3_vs_A2,43,log_loss,0.0015538244111931434,157
A3_vs_A2,44,brier,0.0002612194702574463,157
A3_vs_A2,44,log_loss,0.0005870274545343218,157
A3_vs_A2,45,brier,0.000114389119149436,157
A3_vs_A2,45,log_loss,0.00045783812009647206,157
A3_vs_A2,46,brier,0.00010344593468944666,157
A3_vs_A2,46,log_loss,0.0004239453382572239,157
A3_vs_A2,47,brier,0.00011721280883475116,157
A3_vs_A2,47,log_loss,0.0003666041140708499,157
A3_vs_A2,48,brier,9.855405258290584e-05,157
A3_vs_A2,48,log_loss,0.0003651438367695501,157
A3_vs_A2,49,brier,-0.00017655161677124933,157
A3_vs_A2,49,log_loss,-7.191331406659321e-05,157
A3_vs_A2,50,brier,9.617435707309088e-05,157
A3_vs_A2,50,log_loss,0.0004525703332694172,157
A3_vs_A2,51,brier,5.102171619843117e-05,157
A3_vs_A2,51,log_loss,0.00024065821893815074,157
A3_vs_A2,52,brier,0.0005176800136944251,157
A3_vs_A2,52,log_loss,0.0013112239630943198,157
A3_vs_A2,53,brier,0.00012923170170131077,157
A3_vs_A2,53,log_loss,0.0006234567807594185,157
A3_vs_A2,54,brier,0.00024836831106474347,157
A3_vs_A2,54,log_loss,0.0006806945533566018,157
A3_vs_A2,55,brier,0.0006408281475479675,157
A3_vs_A2,55,log_loss,0.0015332117421324,157
A3_vs_A2,56,brier,0.0003109495939078411,157
A3_vs_A2,56,log_loss,0.0008178855589812963,157
A3_vs_A2,57,brier,0.00019345416481345804,157
A3_vs_A2,57,log_loss,0.0006924047603467067,157
A3_vs_A2,58,brier,0.00030607738950491625,157
A3_vs_A2,58,log_loss,0.0009038900497675776,157
A3_vs_A2,59,brier,0.00035281993809398003,157
A3_vs_A2,59,log_loss,0.0009992026103994279,157
A3_vs_A2,60,brier,0.00023043656713327569,157
A3_vs_A2,60,log_loss,0.0005959661631316127,157
A3_vs_A2,61,brier,-8.084122455711304e-05,157
A3_vs_A2,61,log_loss,4.0918570655965085e-05,157
A3_vs_A2,62,brier,0.00022901033794544531,157
A3_vs_A2,62,log_loss,0.0006420429797789561,157
A3_vs_A2,63,brier,0.00025303577496246744,157
A3_vs_A2,63,log_loss,0.0007987902274368716,157
A3_vs_A2,64,brier,0.00015925754232094428,157
A3_vs_A2,64,log_loss,0.0005937497027382623,157
A3_vs_A2,65,brier,6.60856570566826e-05,157
A3_vs_A2,65,log_loss,0.0004772082337727561,157
A3_vs_A2,66,brier,0.0001664293098147156,157
A3_vs_A2,66,log_loss,0.000589953942414339,157
A3_vs_A2,67,brier,0.00032181755289159314,157
A3_vs_A2,67,log_loss,0.0008350153538983422,157
A3_vs_A2,68,brier,0.00031806661049167543,157
A3_vs_A2,68,log_loss,0.0009141818010537485,157
A3_vs_A2,69,brier,0.00031759736341311164,157
A3_vs_A2,69,log_loss,0.0009150097343051636,157
A3_vs_A2,70,brier,0.00027364944617189874,157
A3_vs_A2,70,log_loss,0.0007790107914401064,157
A3_vs_A2,71,brier,5.920279793905386e-05,157
A3_vs_A2,71,log_loss,0.0005286742475426925,157
A3_vs_A2,72,brier,0.0002748896365202913,157
A3_vs_A2,72,log_loss,0.0009093519270133767,157
A3_vs_A2,73,brier,0.00018213838374669472,157
A3_vs_A2,73,log_loss,0.00047723597219126305,157
A3_vs_A2,74,brier,0.00024332974493179648,157
A3_vs_A2,74,log_loss,0.0006877279989566942,157
A3_vs_A2,75,brier,5.627338272540287e-05,157
A3_vs_A2,75,log_loss,0.00021848077855649503,157
A3_vs_A2,76,brier,0.00018968030558820723,157
A3_vs_A2,76,log_loss,0.000608848153659372,157
A3_vs_A2,77,brier,0.00032931141707165607,157
A3_vs_A2,77,log_loss,0.0009433916719407229,157
A3_vs_A2,78,brier,0.0003216505509419045,157
A3_vs_A2,78,log_loss,0.000954623254616821,157
A3_vs_A2,79,brier,-8.640968722349138e-05,157
A3_vs_A2,79,log_loss,2.8996239039102895e-05,157
A3_vs_A2,80,brier,0.00014060878434324394,157
A3_vs_A2,80,log_loss,0.000506734804274627,157
A3_vs_A2,81,brier,0.0003706295439165597,157
A3_vs_A2,81,log_loss,0.001111308648894717,157
A3_vs_A2,82,brier,0.0002585543224584715,157
A3_vs_A2,82,log_loss,0.0008307426092454641,157
A3_vs_A2,83,brier,0.0002501614758155116,157
A3_vs_A2,83,log_loss,0.0006435750964182862,157
A3_vs_A2,84,brier,0.0004246171064417052,157
A3_vs_A2,84,log_loss,0.001146213476486246,157
A3_vs_A2,85,brier,2.2520450907383925e-05,157
A3_vs_A2,85,log_loss,8.032219999668682e-05,157
A3_vs_A2,86,brier,0.0003966776224386555,157
A3_vs_A2,86,log_loss,0.0011715723597461314,157
A3_vs_A2,87,brier,0.0001836659322832865,157
A3_vs_A2,87,log_loss,0.0005212542365016105,157
A3_vs_A2,88,brier,0.00020301331501475166,157
A3_vs_A2,88,log_loss,0.0007153401672932206,157
A3_vs_A2,89,brier,0.0006846537709533168,157
A3_vs_A2,89,log_loss,0.0017242925821101698,157
A3_vs_A2,90,brier,0.00022945039785757064,157
A3_vs_A2,90,log_loss,0.0006851180012381768,157
A3_vs_A2,91,brier,9.23099805635613e-05,157
A3_vs_A2,91,log_loss,0.0003232003760361386,157
A3_vs_A2,92,brier,0.00038186947416894056,157
A3_vs_A2,92,log_loss,0.0010363622125835257,157
A3_vs_A2,93,brier,0.00028819647935080303,157
A3_vs_A2,93,log_loss,0.0009039055205965455,157
A3_vs_A2,94,brier,0.00014291514667138684,157
A3_vs_A2,94,log_loss,0.0005394956379531985,157
A3_vs_A2,95,brier,0.00017384945364774186,157
A3_vs_A2,95,log_loss,0.0005986533834902701,157
A3_vs_A2,96,brier,0.00020272126420652737,157
A3_vs_A2,96,log_loss,0.0005346364605454331,157
A3_vs_A2,97,brier,0.00014293047398903318,157
A3_vs_A2,97,log_loss,0.0004860967236986943,157
A3_vs_A2,98,brier,0.0002672836747608613,157
A3_vs_A2,98,log_loss,0.0007612337253328797,157
A3_vs_A2,99,brier,0.0001913225385447094,157
A3_vs_A2,99,log_loss,0.0005603213768264578,157
A3_vs_A2,100,brier,0.00038354774845183597,157
A3_vs_A2,100,log_loss,0.001106375465237977,157
A3_vs_A2,101,brier,0.00039495908368347525,157
A3_vs_A2,101,log_loss,0.0009398066984137077,157
A3_vs_A2,102,brier,0.0002563605332438113,157
A3_vs_A2,102,log_loss,0.0007414393652179324,157
A3_vs_A2,103,brier,0.0001609880737357281,157
A3_vs_A2,103,log_loss,0.0005298208872259044,157
A3_vs_A2,104,brier,0.00017464117419483706,157
A3_vs_A2,104,log_loss,0.0004967299514556508,157
A3_vs_A2,105,brier,0.00014838038121941832,157
A3_vs_A2,105,log_loss,0.0004483870321730154,157
A3_vs_A2,106,brier,0.0001197177620107162,157
A3_vs_A2,106,log_loss,0.0003884959124473266,157
A3_vs_A2,107,brier,0.00017902684217431798,157
A3_vs_A2,107,log_loss,0.0005659838213169098,157
A3_vs_A2,108,brier,0.0002824099784748161,157
A3_vs_A2,108,log_loss,0.0008548181506706512,157
A3_vs_A2,109,brier,0.00016879674100376277,157
A3_vs_A2,109,log_loss,0.000737206614145809,157
A3_vs_A2,110,brier,4.158706408277164e-05,157
A3_vs_A2,110,log_loss,0.00026965226621950087,157
A3_vs_A2,111,brier,0.0001928798646622496,157
A3_vs_A2,111,log_loss,0.0006190972149258613,157
A3_vs_A2,112,brier,0.0002654292040896133,157
A3_vs_A2,112,log_loss,0.0006765512649419219,157
A3_vs_A2,113,brier,-2.8197014562692643e-05,157
A3_vs_A2,113,log_loss,0.00013283614958104357,157
A3_vs_A2,114,brier,0.00018319501688717198,157
A3_vs_A2,114,log_loss,0.0004755453378484224,157
A3_vs_A2,115,brier,0.00022444510876783,157
A3_vs_A2,115,log_loss,0.0005608065844804033,157
A3_vs_A2,116,brier,0.0005610795027225042,157
A3_vs_A2,116,log_loss,0.0013941480163551583,157
A3_vs_A2,117,brier,0.00014842619875431434,157
A3_vs_A2,117,log_loss,0.00036185112521084636,157
A3_vs_A2,118,brier,0.00012363258731264308,157
A3_vs_A2,118,log_loss,0.0005654916419774737,157
A3_vs_A2,119,brier,-2.2808345941948647e-05,157
A3_vs_A2,119,log_loss,0.00013441883478986278,157
A3_vs_A2,120,brier,0.0001648984293699096,157
A3_vs_A2,120,log_loss,0.0004221050825331229,157
A3_vs_A2,121,brier,0.00012072580110784859,157
A3_vs_A2,121,log_loss,0.00036198947418620853,157
A3_vs_A2,122,brier,0.00048320448466211756,157
A3_vs_A2,122,log_loss,0.0012558299442066508,157
A3_vs_A2,123,brier,3.8277421045188426e-05,157
A3_vs_A2,123,log_loss,0.00042643355745172794,157
A3_vs_A2,124,brier,0.0004076688090459208,157
A3_vs_A2,124,log_loss,0.001117333236591315,157
A3_vs_A2,125,brier,0.00012807584745465068,157
A3_vs_A2,125,log_loss,0.00046919762759761816,157
A3_vs_A2,126,brier,0.00022798595479455922,157
A3_vs_A2,126,log_loss,0.0006867962720672148,157
A3_vs_A2,127,brier,0.00013790926516540596,157
A3_vs_A2,127,log_loss,0.00043709335248639716,157
A3_vs_A2,128,brier,0.0002290733294447884,157
A3_vs_A2,128,log_loss,0.000911682392343517,157
A3_vs_A2,129,brier,0.00017206890317715957,157
A3_vs_A2,129,log_loss,0.00047887425444509185,157
A3_vs_A2,130,brier,0.00012697928657949597,157
A3_vs_A2,130,log_loss,0.00048604351188846583,157
A3_vs_A2,131,brier,0.0003013340384865334,157
A3_vs_A2,131,log_loss,0.0008093678657923054,157
A3_vs_A2,132,brier,0.0004385895635125318,157
A3_vs_A2,132,log_loss,0.0012798316815223363,157
A3_vs_A2,133,brier,0.00040511669118324596,157
A3_vs_A2,133,log_loss,0.0010613299692023457,157
A3_vs_A2,134,brier,0.0005599762756358145,157
A3_vs_A2,134,log_loss,0.0014458265748333976,157
A3_vs_A2,135,brier,0.00036508049093104955,157
A3_vs_A2,135,log_loss,0.000883354754414553,157
A3_vs_A2,136,brier,5.028607709955168e-05,157
A3_vs_A2,136,log_loss,0.0003686102178532594,157
A3_vs_A2,137,brier,-2.082674057715314e-05,157
A3_vs_A2,137,log_loss,3.381886837528904e-05,157
A3_vs_A2,138,brier,0.00027111781025626483,157
A3_vs_A2,138,log_loss,0.0007583090598663744,157
A3_vs_A2,139,brier,-4.0487875703239917e-05,157
A3_vs_A2,139,log_loss,0.0002169562232919798,157
A3_vs_A2,140,brier,0.00023030774499058467,157
A3_vs_A2,140,log_loss,0.0007191217476655985,157
A3_vs_A2,141,brier,0.00026452824949055006,157
A3_vs_A2,141,log_loss,0.0007346652680212925,157
A3_vs_A2,142,brier,-4.2307566748710584e-05,157
A3_vs_A2,142,log_loss,-7.283810230532483e-06,157
A3_vs_A2,143,brier,0.0003296279902163391,157
A3_vs_A2,143,log_loss,0.0006585819785830433,157
A3_vs_A2,144,brier,0.0004608995633197806,157
A3_vs_A2,144,log_loss,0.0012213974664865301,157
A3_vs_A2,145,brier,0.0003524774890176756,157
A3_vs_A2,145,log_loss,0.0011729812707278583,157
A3_vs_A2,146,brier,0.0003982849324397761,157
A3_vs_A2,146,log_loss,0.0010255859671818737,157
A3_vs_A2,147,brier,0.00043145979470458304,157
A3_vs_A2,147,log_loss,0.0011770973435420334,157
A3_vs_A2,148,brier,9.042815919055666e-05,157
A3_vs_A2,148,log_loss,0.0005052653695248025,157
A3_vs_A2,149,brier,0.00040788503550422155,157
A3_vs_A2,149,log_loss,0.001146644516156495,157
A3_vs_A2,150,brier,0.0002923686668303755,157
A3_vs_A2,150,log_loss,0.0007875909948261628,157
A3_vs_A2,151,brier,0.0002233122307969859,157
A3_vs_A2,151,log_loss,0.0006028119042667513,157
A3_vs_A2,152,brier,0.0003158718046087879,157
A3_vs_A2,152,log_loss,0.0007623166366987566,157
A3_vs_A2,153,brier,-7.716325357686687e-06,157
A3_vs_A2,153,log_loss,-5.81753318169484e-05,157
A3_vs_A2,154,brier,5.5653507940472666e-05,157
A3_vs_A2,154,log_loss,0.0002338199201106651,157
A3_vs_A2,155,brier,0.000309856544882705,157
A3_vs_A2,155,log_loss,0.0009357145367510358,157
A3_vs_A2,156,brier,0.0005719290123088325,157
A3_vs_A2,156,log_loss,0.001584622158089236,157
A3_vs_A2,157,brier,0.0001791881531305174,157
A3_vs_A2,157,log_loss,0.00051494107280121,157
A3_vs_A2,158,brier,-0.0002349470192574484,157
A3_vs_A2,158,log_loss,-0.0004339374975117428,157
A3_vs_A2,159,brier,0.00028804885842666277,157
A3_vs_A2,159,log_loss,0.0009013742448376732,157
A3_vs_A2,160,brier,0.00019207257009170036,157
A3_vs_A2,160,log_loss,0.0006297254333322651,157
A3_vs_A2,161,brier,7.678844871193246e-05,157
A3_vs_A2,161,log_loss,0.0004106155196344215,157
A3_vs_A2,162,brier,0.0003129306439161609,157
A3_vs_A2,162,log_loss,0.0007793739461727011,157
A3_vs_A2,163,brier,0.00013388149781675486,157
A3_vs_A2,163,log_loss,0.0005146934855083589,157
A3_vs_A2,164,brier,-9.689713290261806e-05,157
A3_vs_A2,164,log_loss,-0.00014833258607446315,157
A3_vs_A2,165,brier,0.00019756097917454917,157
A3_vs_A2,165,log_loss,0.0006829005670119014,157
A3_vs_A2,166,brier,0.0003232051986726515,157
A3_vs_A2,166,log_loss,0.0009607233937174224,157
A3_vs_A2,167,brier,6.758389208163932e-05,157
A3_vs_A2,167,log_loss,0.0002612132824403484,157
A3_vs_A2,168,brier,0.00034947794191805836,157
A3_vs_A2,168,log_loss,0.0008568772335032728,157
A3_vs_A2,169,brier,0.00028515492216769125,157
A3_vs_A2,169,log_loss,0.0007387360177432724,157
A3_vs_A2,170,brier,8.063094724920299e-05,157
A3_vs_A2,170,log_loss,0.00016908574374376728,157
A3_vs_A2,171,brier,0.00019244961577118936,157
A3_vs_A2,171,log_loss,0.00046676733044069384,157
A3_vs_A2,172,brier,0.00047153025321393697,157
A3_vs_A2,172,log_loss,0.0010525967494208715,157
A3_vs_A2,173,brier,0.00016074818015244984,157
A3_vs_A2,173,log_loss,0.0005383479943571608,157
A3_vs_A2,174,brier,0.00031629103106774106,157
A3_vs_A2,174,log_loss,0.0009234627228790445,157
A3_vs_A2,175,brier,0.00011702785674762617,157
A3_vs_A2,175,log_loss,0.0004412778938733059,157
A3_vs_A2,176,brier,-3.8957661827440365e-05,157
A3_vs_A2,176,log_loss,3.489480399677982e-05,157
A3_vs_A2,177,brier,0.00026131359997960663,157
A3_vs_A2,177,log_loss,0.0008198740896988133,157
A3_vs_A2,178,brier,0.00012735471919519373,157
A3_vs_A2,178,log_loss,0.0004190949678262167,157
A3_vs_A2,179,brier,0.00023575485574135128,157
A3_vs_A2,179,log_loss,0.0007215410978331072,157
A3_vs_A2,180,brier,7.790911377541302e-05,157
A3_vs_A2,180,log_loss,0.0003881516069734607,157
A3_vs_A2,181,brier,4.710960118366068e-05,157
A3_vs_A2,181,log_loss,0.00020127381854926902,157
A3_vs_A2,182,brier,0.00012929982162229327,157
A3_vs_A2,182,log_loss,0.0005296050496450894,157
A3_vs_A2,183,brier,7.341032249682492e-05,157
A3_vs_A2,183,log_loss,0.0002989119913802309,157
A3_vs_A2,184,brier,0.000216442574756254,157
A3_vs_A2,184,log_loss,0.0006703087214064315,157
A3_vs_A2,185,brier,0.00021144642445007723,157
A3_vs_A2,185,log_loss,0.0006441651136094665,157
A3_vs_A2,186,brier,0.00033613548665406816,157
A3_vs_A2,186,log_loss,0.001047359780439019,157
A3_vs_A2,187,brier,0.00015108304744608627,157
A3_vs_A2,187,log_loss,0.0005939076281945764,157
A3_vs_A2,188,brier,0.0002051907775956261,157
A3_vs_A2,188,log_loss,0.0006298141599696553,157
A3_vs_A2,189,brier,0.0001742599907346837,157
A3_vs_A2,189,log_loss,0.0005961786360175132,157
A3_vs_A2,190,brier,7.828924563732722e-05,157
A3_vs_A2,190,log_loss,0.0003312022013690282,157
A3_vs_A2,191,brier,-6.169178208168941e-05,157
A3_vs_A2,191,log_loss,0.00024315687676326782,157
A3_vs_A2,192,brier,0.000424769047915422,157
A3_vs_A2,192,log_loss,0.0011397138884869328,157
A3_vs_A2,193,brier,0.0002851375949489434,157
A3_vs_A2,193,log_loss,0.000762320945654465,157
A3_vs_A2,194,brier,0.0002283500989579012,157
A3_vs_A2,194,log_loss,0.000629394073421456,157
A3_vs_A2,195,brier,0.0002925962565653641,157
A3_vs_A2,195,log_loss,0.0006815115261092206,157
A3_vs_A2,196,brier,6.087640466896567e-05,157
A3_vs_A2,196,log_loss,0.00030712762554710937,157
A3_vs_A2,197,brier,0.0005098626488347814,157
A3_vs_A2,197,log_loss,0.0014117277289353249,157
A3_vs_A2,198,brier,0.0001033430954130269,157
A3_vs_A2,198,log_loss,0.0005197188980053872,157
A3_vs_A2,199,brier,0.00024003481864068738,157
A3_vs_A2,199,log_loss,0.0006224740571672207,157
A3_vs_A2,200,brier,0.0002836792084866699,157
A3_vs_A2,200,log_loss,0.0007809338185077311,157
A3_vs_A2,201,brier,0.0002563773511755185,157
A3_vs_A2,201,log_loss,0.0006158715995781522,157
A3_vs_A2,202,brier,0.0004200552689594347,157
A3_vs_A2,202,log_loss,0.0011990730887083548,157
A3_vs_A2,203,brier,0.0002615337616543222,157
A3_vs_A2,203,log_loss,0.0006853160239804115,157
A3_vs_A2,204,brier,0.00026056645633572057,157
A3_vs_A2,204,log_loss,0.0010091172978202861,157
A3_vs_A2,205,brier,4.598933107956025e-05,157
A3_vs_A2,205,log_loss,0.0002036016728101617,157
A3_vs_A2,206,brier,0.0004483758205009034,157
A3_vs_A2,206,log_loss,0.001315745642528877,157
A3_vs_A2,207,brier,0.0001704629700120601,157
A3_vs_A2,207,log_loss,0.0006955185082946616,157
A3_vs_A2,208,brier,0.00032102663430813165,157
A3_vs_A2,208,log_loss,0.0007167460551049357,157
A3_vs_A2,209,brier,0.00011528301528342658,157
A3_vs_A2,209,log_loss,0.0005953673240984223,157
A3_vs_A2,210,brier,0.00039159559663468887,157
A3_vs_A2,210,log_loss,0.0010850664372656002,157
A3_vs_A2,211,brier,0.00018096476828122148,157
A3_vs_A2,211,log_loss,0.0006329888492136685,157
A3_vs_A2,212,brier,0.0003101619710985539,157
A3_vs_A2,212,log_loss,0.0009291561382887721,157
A3_vs_A2,213,brier,0.00020924103261833553,157
A3_vs_A2,213,log_loss,0.0005790553454376297,157
A3_vs_A2,214,brier,0.00018940742769535108,157
A3_vs_A2,214,log_loss,0.0008157924731954784,157
A3_vs_A2,215,brier,0.0003106451643183807,157
A3_vs_A2,215,log_loss,0.0008464752719141,157
A3_vs_A2,216,brier,0.0002291574577084596,157
A3_vs_A2,216,log_loss,0.00048773635294769674,157
A3_vs_A2,217,brier,0.00022519433482881182,157
A3_vs_A2,217,log_loss,0.0006561694423816232,157
A3_vs_A2,218,brier,1.953607682319951e-05,157
A3_vs_A2,218,log_loss,0.0003559611841946343,157
A3_vs_A2,219,brier,0.00014597056720209455,157
A3_vs_A2,219,log_loss,0.0005277359881350904,157
A3_vs_A2,220,brier,0.00020832498860887062,157
A3_vs_A2,220,log_loss,0.0006611881388133594,157
A3_vs_A2,221,brier,0.0002898892085510138,157
A3_vs_A2,221,log_loss,0.0009124289068478687,157
A3_vs_A2,222,brier,0.0004109674493220766,157
A3_vs_A2,222,log_loss,0.0011057260412134676,157
A3_vs_A2,223,brier,0.0002002523459925547,157
A3_vs_A2,223,log_loss,0.0006441730426944318,157
A3_vs_A2,224,brier,0.00026126065349793765,157
A3_vs_A2,224,log_loss,0.0007920985278023395,157
A3_vs_A2,225,brier,0.0002454025872825428,157
A3_vs_A2,225,log_loss,0.000721216869970927,157
A3_vs_A2,226,brier,0.0005294205940439156,157
A3_vs_A2,226,log_loss,0.0014968992369507304,157
A3_vs_A2,227,brier,0.0005235527050965429,157
A3_vs_A2,227,log_loss,0.0015297819500736769,157
A3_vs_A2,228,brier,-3.485199057401978e-05,157
A3_vs_A2,228,log_loss,0.00014280142095261073,157
A3_vs_A2,229,brier,0.00020992180675421496,157
A3_vs_A2,229,log_loss,0.0005517557129771977,157
A3_vs_A2,230,brier,0.0004895276084197704,157
A3_vs_A2,230,log_loss,0.0013978096337548557,157
A3_vs_A2,231,brier,0.0003490608993437936,157
A3_vs_A2,231,log_loss,0.0009503947726954965,157
A3_vs_A2,232,brier,0.0001763102566346268,157
A3_vs_A2,232,log_loss,0.000539045613247639,157
A3_vs_A2,233,brier,0.0005658403781468958,157
A3_vs_A2,233,log_loss,0.001511625755790724,157
A3_vs_A2,234,brier,-1.333472403676178e-06,157
A3_vs_A2,234,log_loss,0.0001832621767048121,157
A3_vs_A2,235,brier,4.574656386370696e-05,157
A3_vs_A2,235,log_loss,0.00019923868417497993,157
A3_vs_A2,236,brier,0.00017228755866061327,157
A3_vs_A2,236,log_loss,0.0005374142846996782,157
A3_vs_A2,237,brier,0.00035484669274941753,157
A3_vs_A2,237,log_loss,0.000879071630856838,157
A3_vs_A2,238,brier,0.0002347743074213288,157
A3_vs_A2,238,log_loss,0.0007289578679061085,157
A3_vs_A2,239,brier,2.4265755095377252e-05,157
A3_vs_A2,239,log_loss,0.00018832330616220454,157
A3_vs_A2,240,brier,-4.453387683883699e-07,157
A3_vs_A2,240,log_loss,0.00019582079419386983,157
A3_vs_A2,241,brier,-0.00019100627543460326,157
A3_vs_A2,241,log_loss,-0.00037407206805426056,157
A3_vs_A2,242,brier,0.0003471086975963258,157
A3_vs_A2,242,log_loss,0.0009261029052455181,157
A3_vs_A2,243,brier,0.0002855818563342202,157
A3_vs_A2,243,log_loss,0.0006744950350781336,157
A3_vs_A2,244,brier,0.00018773808354187056,157
A3_vs_A2,244,log_loss,0.0004563461238319845,157
A3_vs_A2,245,brier,0.0002880981612156045,157
A3_vs_A2,245,log_loss,0.0008802946536004278,157
A3_vs_A2,246,brier,0.0003979493139098944,157
A3_vs_A2,246,log_loss,0.0011340815763907191,157
A3_vs_A2,247,brier,0.0003069776046779356,157
A3_vs_A2,247,log_loss,0.0009364671223908371,157
A3_vs_A2,248,brier,5.854226846242385e-05,157
A3_vs_A2,248,log_loss,0.00023576414086315443,157
A3_vs_A2,249,brier,1.0249855603019647e-05,157
A3_vs_A2,249,log_loss,0.00015741691660050953,157
A3_vs_A2,250,brier,0.00019321287490799784,157
A3_vs_A2,250,log_loss,0.0008622181422667931,157
A3_vs_A2,251,brier,0.0001567322131815349,157
A3_vs_A2,251,log_loss,0.0004886567917140143,157
A3_vs_A2,252,brier,0.00015635872067180605,157
A3_vs_A2,252,log_loss,0.0007087031508656855,157
A3_vs_A2,253,brier,0.000251862149074573,157
A3_vs_A2,253,log_loss,0.0007201491318790065,157
A3_vs_A2,254,brier,0.000332012017517076,157
A3_vs_A2,254,log_loss,0.001005421984124996,157
A3_vs_A2,255,brier,0.0002793964622847508,157
A3_vs_A2,255,log_loss,0.0007574468272425399,157
A3_vs_A2,256,brier,0.00010262657154311739,157
A3_vs_A2,256,log_loss,0.000371912427084438,157
A3_vs_A2,257,brier,0.0005038569865961651,157
A3_vs_A2,257,log_loss,0.001357561533567269,157
A3_vs_A2,258,brier,0.0002844971374809584,157
A3_vs_A2,258,log_loss,0.0006794202213853236,157
A3_vs_A2,259,brier,0.00038409177574749763,157
A3_vs_A2,259,log_loss,0.001083508319128719,157
A3_vs_A2,260,brier,0.00020616990628524116,157
A3_vs_A2,260,log_loss,0.0006639379178118578,157
A3_vs_A2,261,brier,0.0001471958086158446,157
A3_vs_A2,261,log_loss,0.0005471277033829343,157
A3_vs_A2,262,brier,3.5676407686296535e-05,157
A3_vs_A2,262,log_loss,8.513373927825209e-05,157
A3_vs_A2,263,brier,2.862398830275047e-05,157
A3_vs_A2,263,log_loss,0.00023986456940778325,157
A3_vs_A2,264,brier,0.0002946350140556177,157
A3_vs_A2,264,log_loss,0.0007577583753976881,157
A3_vs_A2,265,brier,0.0001125290069688767,157
A3_vs_A2,265,log_loss,0.0003263209014754478,157
A3_vs_A2,266,brier,0.00022176766487096245,157
A3_vs_A2,266,log_loss,0.0006031074321312243,157
A3_vs_A2,267,brier,0.00027770888145104767,157
A3_vs_A2,267,log_loss,0.0007243585560640098,157
A3_vs_A2,268,brier,8.088757998598432e-05,157
A3_vs_A2,268,log_loss,0.0002892028966247828,157
A3_vs_A2,269,brier,3.0118789331995547e-05,157
A3_vs_A2,269,log_loss,0.00027067313637648907,157
A3_vs_A2,270,brier,6.817731636495003e-05,157
A3_vs_A2,270,log_loss,0.00029823779359357304,157
A3_vs_A2,271,brier,0.00027796646589039434,157
A3_vs_A2,271,log_loss,0.0008998034228372432,157
A3_vs_A2,272,brier,0.00018550973319604632,157
A3_vs_A2,272,log_loss,0.0007553652333237959,157
A3_vs_A2,273,brier,0.0005939751902875003,157
A3_vs_A2,273,log_loss,0.001439504686868925,157
A3_vs_A2,274,brier,0.0003801406159527325,157
A3_vs_A2,274,log_loss,0.0009131066732026656,157
A3_vs_A2,275,brier,6.981602536150254e-05,157
A3_vs_A2,275,log_loss,0.00024483724577962785,157
A3_vs_A2,276,brier,0.000164601187798675,157
A3_vs_A2,276,log_loss,0.0005738119518831009,157
A3_vs_A2,277,brier,0.00034378041434997443,157
A3_vs_A2,277,log_loss,0.0009149267922842455,157
A3_vs_A2,278,brier,0.0003276479730625168,157
A3_vs_A2,278,log_loss,0.0009429763833180454,157
A3_vs_A2,279,brier,0.00014684873834413463,157
A3_vs_A2,279,log_loss,0.0004574883506717181,157
A3_vs_A2,280,brier,2.346795520225701e-06,157
A3_vs_A2,280,log_loss,0.00041601372563518705,157
A3_vs_A2,281,brier,0.00022130235028019189,157
A3_vs_A2,281,log_loss,0.0007702362063773576,157
A3_vs_A2,282,brier,8.478098552621397e-05,157
A3_vs_A2,282,log_loss,0.00047554181626735607,157
A3_vs_A2,283,brier,4.500599432400314e-05,157
A3_vs_A2,283,log_loss,0.00031823862022748025,157
A3_vs_A2,284,brier,-7.599361321085959e-06,157
A3_vs_A2,284,log_loss,7.214288876135458e-05,157
A3_vs_A2,285,brier,0.00020109799845393237,157
A3_vs_A2,285,log_loss,0.0006990909250236863,157
A3_vs_A2,286,brier,0.00019818379136356132,157
A3_vs_A2,286,log_loss,0.0006663073570153887,157
A3_vs_A2,287,brier,0.0003397654772682169,157
A3_vs_A2,287,log_loss,0.0007644123735941584,157
A3_vs_A2,288,brier,8.293645192616134e-05,157
A3_vs_A2,288,log_loss,0.00046296552716024305,157
A3_vs_A2,289,brier,0.00010697435767630202,157
A3_vs_A2,289,log_loss,0.00042426691432517744,157
A3_vs_A2,290,brier,0.0003947674758647961,157
A3_vs_A2,290,log_loss,0.0011214752130741714,157
A3_vs_A2,291,brier,-7.078825247067338e-05,157
A3_vs_A2,291,log_loss,-3.4384381330499344e-05,157
A3_vs_A2,292,brier,0.00031013871278530756,157
A3_vs_A2,292,log_loss,0.0009029091370073239,157
A3_vs_A2,293,brier,0.00016733794508095267,157
A3_vs_A2,293,log_loss,0.0006474720903103706,157
A3_vs_A2,294,brier,0.00039301374998778347,157
A3_vs_A2,294,log_loss,0.0010061645462642336,157
A3_vs_A2,295,brier,0.00012187661999722241,157
A3_vs_A2,295,log_loss,0.0005070945008486756,157
A3_vs_A2,296,brier,0.00034660603030771815,157
A3_vs_A2,296,log_loss,0.0009945823678333516,157
A3_vs_A2,297,brier,0.00040268421666248954,157
A3_vs_A2,297,log_loss,0.001053398976935947,157
A3_vs_A2,298,brier,-9.48886748787627e-05,157
A3_vs_A2,298,log_loss,0.00014975561066828773,157
A3_vs_A2,299,brier,-9.466767810239194e-05,157
A3_vs_A2,299,log_loss,2.121470190185067e-05,157
A3_vs_A2,300,brier,0.00028734361138339727,157
A3_vs_A2,300,log_loss,0.000979342284510421,157
A3_vs_A2,301,brier,0.00018651917874034114,157
A3_vs_A2,301,log_loss,0.000490848685119885,157
A3_vs_A2,302,brier,3.075793289611556e-05,157
A3_vs_A2,302,log_loss,0.00022883333107739403,157
A3_vs_A2,303,brier,0.000340838084362256,157
A3_vs_A2,303,log_loss,0.0008484549723055258,157
A3_vs_A2,304,brier,0.0004353347341722381,157
A3_vs_A2,304,log_loss,0.0012184275968646914,157
A3_vs_A2,305,brier,0.0002555775335066872,157
A3_vs_A2,305,log_loss,0.0006023962246489425,157
A3_vs_A2,306,brier,0.00016275076329493371,157
A3_vs_A2,306,log_loss,0.00033637223244612,157
A3_vs_A2,307,brier,0.0005278344914575436,157
A3_vs_A2,307,log_loss,0.0011501069578155544,157
A3_vs_A2,308,brier,0.00013088598742180853,157
A3_vs_A2,308,log_loss,0.00043943030356314563,157
A3_vs_A2,309,brier,0.00021138022348774654,157
A3_vs_A2,309,log_loss,0.000809972358210272,157
A3_vs_A2,310,brier,0.00018557753089357574,157
A3_vs_A2,310,log_loss,0.0006652282086762009,157
A3_vs_A2,311,brier,0.0001462897559697014,157
A3_vs_A2,311,log_loss,0.0005049571158599043,157
A3_vs_A2,312,brier,0.00015506939972543784,157
A3_vs_A2,312,log_loss,0.0007270353326679924,157
A3_vs_A2,313,brier,-5.6953040257036496e-05,157
A3_vs_A2,313,log_loss,2.194108382453161e-05,157
A3_vs_A2,314,brier,0.00021725304088221495,157
A3_vs_A2,314,log_loss,0.0007223164957423752,157
A3_vs_A2,315,brier,0.00021813298112802808,157
A3_vs_A2,315,log_loss,0.0007436872929318687,157
A3_vs_A2,316,brier,0.0002831784159438457,157
A3_vs_A2,316,log_loss,0.0008642277853880775,157
A3_vs_A2,317,brier,0.00023027423936255607,157
A3_vs_A2,317,log_loss,0.000640326762390099,157
A3_vs_A2,318,brier,0.00035228795142834985,157
A3_vs_A2,318,log_loss,0.0009618051602426106,157
A3_vs_A2,319,brier,0.00036579360817495793,157
A3_vs_A2,319,log_loss,0.000964471790130651,157
A3_vs_A2,320,brier,0.000257479690480024,157
A3_vs_A2,320,log_loss,0.0006596641881698758,157
A3_vs_A2,321,brier,0.00043293738601430786,157
A3_vs_A2,321,log_loss,0.0012162496482571283,157
A3_vs_A2,322,brier,0.00032023004045834914,157
A3_vs_A2,322,log_loss,0.0008037208108895398,157
A3_vs_A2,323,brier,0.00032435177344642313,157
A3_vs_A2,323,log_loss,0.0008988660935169392,157
A3_vs_A2,324,brier,6.941370659247452e-05,157
A3_vs_A2,324,log_loss,0.00041073121636193597,157
A3_vs_A2,325,brier,1.779566494056237e-05,157
A3_vs_A2,325,log_loss,0.00028354122378158647,157
A3_vs_A2,326,brier,0.00016409145762319696,157
A3_vs_A2,326,log_loss,0.0005583275134400023,157
A3_vs_A2,327,brier,7.507333432835464e-05,157
A3_vs_A2,327,log_loss,0.00023950610889958874,157
A3_vs_A2,328,brier,-8.747363120664191e-05,157
A3_vs_A2,328,log_loss,3.5214871705744946e-05,157
A3_vs_A2,329,brier,0.00024238546268857017,157
A3_vs_A2,329,log_loss,0.0006710666444333999,157
A3_vs_A2,330,brier,0.00039455829300057485,157
A3_vs_A2,330,log_loss,0.0011999112314983044,157
A3_vs_A2,331,brier,0.000494820706347637,157
A3_vs_A2,331,log_loss,0.0013112880532626437,157
A3_vs_A2,332,brier,0.00039131271921970104,157
A3_vs_A2,332,log_loss,0.0011300919977520255,157
A3_vs_A2,333,brier,0.0002925455974348519,157
A3_vs_A2,333,log_loss,0.0009636875012641495,157
A3_vs_A2,334,brier,-5.281743792666279e-05,157
A3_vs_A2,334,log_loss,0.0001388614711666084,157
A3_vs_A2,335,brier,0.0002488606337472747,157
A3_vs_A2,335,log_loss,0.0007656440151542324,157
A3_vs_A2,336,brier,0.0005081131188215301,157
A3_vs_A2,336,log_loss,0.001310727329791198,157
A3_vs_A2,337,brier,0.00031252291056962293,157
A3_vs_A2,337,log_loss,0.0008892265835148204,157
A3_vs_A2,338,brier,3.205904262829129e-05,157
A3_vs_A2,338,log_loss,0.0003096140045557183,157
A3_vs_A2,339,brier,0.000423472591688943,157
A3_vs_A2,339,log_loss,0.0012534665147222372,157
A3_vs_A2,340,brier,0.00023358689589230688,157
A3_vs_A2,340,log_loss,0.0008609039742406865,157
A3_vs_A2,341,brier,0.0004927641674153375,157
A3_vs_A2,341,log_loss,0.0012997514389344565,157
A3_vs_A2,342,brier,9.139925432685496e-05,157
A3_vs_A2,342,log_loss,0.00044222305264648754,157
A3_vs_A2,343,brier,9.808279303022993e-05,157
A3_vs_A2,343,log_loss,0.0004582879434041057,157
A3_vs_A2,344,brier,4.016642613926123e-05,157
A3_vs_A2,344,log_loss,0.00032971468887618574,157
A3_vs_A2,345,brier,0.0003023877079225589,157
A3_vs_A2,345,log_loss,0.0006940743100491051,157
A3_vs_A2,346,brier,-8.527360134313108e-06,157
A3_vs_A2,346,log_loss,0.00029708922832330194,157
A3_vs_A2,347,brier,0.0005918621710378727,157
A3_vs_A2,347,log_loss,0.0013382201412034877,157
A3_vs_A2,348,brier,0.00013207558518641603,157
A3_vs_A2,348,log_loss,0.0004036887738987432,157
A3_vs_A2,349,brier,0.0004510329737415716,157
A3_vs_A2,349,log_loss,0.0010818011904921742,157
A3_vs_A2,350,brier,0.0002489775160014429,157
A3_vs_A2,350,log_loss,0.0006410908112732692,157
A3_vs_A2,351,brier,0.0004129228497937775,157
A3_vs_A2,351,log_loss,0.001044611658521497,157
A3_vs_A2,352,brier,0.0004884336356783447,157
A3_vs_A2,352,log_loss,0.001229576777465764,157
A3_vs_A2,353,brier,0.00028292289981543404,157
A3_vs_A2,353,log_loss,0.0009165214551229392,157
A3_vs_A2,354,brier,0.00013558638047384534,157
A3_vs_A2,354,log_loss,0.0004730938859102079,157
A3_vs_A2,355,brier,0.0001995967310310174,157
A3_vs_A2,355,log_loss,0.0008597329209130622,157
A3_vs_A2,356,brier,-1.2073328159328937e-05,157
A3_vs_A2,356,log_loss,0.0002474757142258975,157
A3_vs_A2,357,brier,0.0005853946556276434,157
A3_vs_A2,357,log_loss,0.0015395917770873626,157
A3_vs_A2,358,brier,9.316769069937398e-05,157
A3_vs_A2,358,log_loss,0.0003521848304332793,157
A3_vs_A2,359,brier,0.0004221766875512909,157
A3_vs_A2,359,log_loss,0.001105504581949087,157
A3_vs_A2,360,brier,0.00028722400226208547,157
A3_vs_A2,360,log_loss,0.0008571805797773757,157
A3_vs_A2,361,brier,0.00014449634888615017,157
A3_vs_A2,361,log_loss,0.0006884325595206974,157
A3_vs_A2,362,brier,0.0001722907121927078,157
A3_vs_A2,362,log_loss,0.0006193814587845725,157
A3_vs_A2,363,brier,0.00022092541172701033,157
A3_vs_A2,363,log_loss,0.0006588740391906753,157
A3_vs_A2,364,brier,0.00023164012553335495,157
A3_vs_A2,364,log_loss,0.0008506385847419859,157
A3_vs_A2,365,brier,2.497745512786309e-05,157
A3_vs_A2,365,log_loss,0.0001872327068903617,157
A3_vs_A2,366,brier,0.0003316895726180038,157
A3_vs_A2,366,log_loss,0.0008227028906217515,157
A3_vs_A2,367,brier,0.0002774854915029179,157
A3_vs_A2,367,log_loss,0.0007629511246058275,157
A3_vs_A2,368,brier,0.000387811570309121,157
A3_vs_A2,368,log_loss,0.0010488683454027744,157
A3_vs_A2,369,brier,9.590470233799181e-05,157
A3_vs_A2,369,log_loss,0.0004313636563503379,157
A3_vs_A2,370,brier,0.00013333563247118995,157
A3_vs_A2,370,log_loss,0.0004927310992168893,157
A3_vs_A2,371,brier,0.00015443795479097968,157
A3_vs_A2,371,log_loss,0.0004606888160723367,157
A3_vs_A2,372,brier,-1.4779574437354953e-05,157
A3_vs_A2,372,log_loss,-7.822558160350425e-05,157
A3_vs_A2,373,brier,0.0004940890518188879,157
A3_vs_A2,373,log_loss,0.0012282047384144141,157
A3_vs_A2,374,brier,9.079188223348145e-06,157
A3_vs_A2,374,log_loss,0.00016610994889710778,157
A3_vs_A2,375,brier,0.00020671487025192753,157
A3_vs_A2,375,log_loss,0.0006969300409132592,157
A3_vs_A2,376,brier,0.0001536585109520175,157
A3_vs_A2,376,log_loss,0.00045680409841018056,157
A3_vs_A2,377,brier,-4.6796346175896316e-05,157
A3_vs_A2,377,log_loss,4.826815411366088e-05,157
A3_vs_A2,378,brier,0.0003041242734605483,157
A3_vs_A2,378,log_loss,0.0008600332804166697,157
A3_vs_A2,379,brier,-9.611197389763058e-06,157
A3_vs_A2,379,log_loss,0.00022274411914578003,157
A3_vs_A2,380,brier,0.0001640497348296921,157
A3_vs_A2,380,log_loss,0.0006318319932890742,157
A3_vs_A2,381,brier,0.00019220097811054054,157
A3_vs_A2,381,log_loss,0.0005634218450288552,157
A3_vs_A2,382,brier,0.0005180808735888887,157
A3_vs_A2,382,log_loss,0.0014759860582094617,157
A3_vs_A2,383,brier,0.0003062724196580574,157
A3_vs_A2,383,log_loss,0.0009123845269925306,157
A3_vs_A2,384,brier,0.0003979521069991362,157
A3_vs_A2,384,log_loss,0.0011170647897399283,157
A3_vs_A2,385,brier,9.410866457099401e-05,157
A3_vs_A2,385,log_loss,0.0004040183456694115,157
A3_vs_A2,386,brier,0.00014493696971200083,157
A3_vs_A2,386,log_loss,0.0006856387699043718,157
A3_vs_A2,387,brier,0.00029123356660850345,157
A3_vs_A2,387,log_loss,0.000840192288165512,157
A3_vs_A2,388,brier,0.0002410616380287783,157
A3_vs_A2,388,log_loss,0.0006881427953379677,157
A3_vs_A2,389,brier,6.856677086430755e-05,157
A3_vs_A2,389,log_loss,0.00027243236314755036,157
A3_vs_A2,390,brier,0.00013766005036279857,157
A3_vs_A2,390,log_loss,0.0006729037656672841,157
A3_vs_A2,391,brier,0.00017165074901837488,157
A3_vs_A2,391,log_loss,0.0006497285707102447,157
A3_vs_A2,392,brier,-1.4320770932946894e-05,157
A3_vs_A2,392,log_loss,0.00010421998194894667,157
A3_vs_A2,393,brier,0.0002880265555400954,157
A3_vs_A2,393,log_loss,0.0008005165114900515,157
A3_vs_A2,394,brier,0.0001732837541526723,157
A3_vs_A2,394,log_loss,0.0006743837984167459,157
A3_vs_A2,395,brier,0.0002455620425602645,157
A3_vs_A2,395,log_loss,0.0005620955442288333,157
A3_vs_A2,396,brier,0.0001272552091024448,157
A3_vs_A2,396,log_loss,0.0004766354735308613,157
A3_vs_A2,397,brier,0.00024268745266392035,157
A3_vs_A2,397,log_loss,0.0007751610543799503,157
A3_vs_A2,398,brier,8.163812141745379e-05,157
A3_vs_A2,398,log_loss,0.0005435929007730186,157
A3_vs_A2,399,brier,0.00020626062861809632,157
A3_vs_A2,399,log_loss,0.0006681789109503869,157
A3_vs_A2,400,brier,0.0004719843911746811,157
A3_vs_A2,400,log_loss,0.0011700557764388615,157
A3_vs_A2,401,brier,1.894969078356244e-05,157
A3_vs_A2,401,log_loss,0.00028621462200754223,157
A3_vs_A2,402,brier,0.00021726492943274377,157
A3_vs_A2,402,log_loss,0.0006995196323208908,157
A3_vs_A2,403,brier,8.190990643225834e-05,157
A3_vs_A2,403,log_loss,0.0004363566055637334,157
A3_vs_A2,404,brier,0.00037135591715264964,157
A3_vs_A2,404,log_loss,0.0009996067901770819,157
A3_vs_A2,405,brier,0.00042779382348703636,157
A3_vs_A2,405,log_loss,0.0010687257293285285,157
A3_vs_A2,406,brier,0.00023201493151688295,157
A3_vs_A2,406,log_loss,0.0007436877333953292,157
A3_vs_A2,407,brier,0.00020757765206311308,157
A3_vs_A2,407,log_loss,0.0006298501572665132,157
A3_vs_A2,408,brier,0.00019244796476856375,157
A3_vs_A2,408,log_loss,0.0005541340769783762,157
A3_vs_A2,409,brier,0.00016462474352208192,157
A3_vs_A2,409,log_loss,0.0004942115623697937,157
A3_vs_A2,410,brier,0.00038016698095189863,157
A3_vs_A2,410,log_loss,0.0010287447151848428,157
A3_vs_A2,411,brier,0.00024532679163275276,157
A3_vs_A2,411,log_loss,0.0006572219609803625,157
A3_vs_A2,412,brier,0.00019900730791062358,157
A3_vs_A2,412,log_loss,0.0006689188930035788,157
A3_vs_A2,413,brier,0.0002784738051614875,157
A3_vs_A2,413,log_loss,0.0008433997042406055,157
A3_vs_A2,414,brier,-9.93500128416879e-05,157
A3_vs_A2,414,log_loss,-6.2226282620352e-05,157
A3_vs_A2,415,brier,0.00017953977409451707,157
A3_vs_A2,415,log_loss,0.0006663901448243748,157
A3_vs_A2,416,brier,0.00028011222588983153,157
A3_vs_A2,416,log_loss,0.0009676580489321042,157
A3_vs_A2,417,brier,0.00010348523281350048,157
A3_vs_A2,417,log_loss,0.0005321578870977578,157
A3_vs_A2,418,brier,-2.543028441544594e-06,157
A3_vs_A2,418,log_loss,0.00012021590397007879,157
A3_vs_A2,419,brier,0.00025249045594433894,157
A3_vs_A2,419,log_loss,0.0006573835380291324,157
A3_vs_A2,420,brier,0.0002614341600232653,157
A3_vs_A2,420,log_loss,0.0008417213102077738,157
A3_vs_A2,421,brier,0.00031597194772200695,157
A3_vs_A2,421,log_loss,0.0009387482847948893,157
A3_vs_A2,422,brier,0.0002265011383116267,157
A3_vs_A2,422,log_loss,0.0006350237904870109,157
A3_vs_A2,423,brier,0.00020144922326185695,157
A3_vs_A2,423,log_loss,0.0004750178807488955,157
A3_vs_A2,424,brier,0.00025691843688084646,157
A3_vs_A2,424,log_loss,0.0007629313553008285,157
A3_vs_A2,425,brier,0.0003473537201932542,157
A3_vs_A2,425,log_loss,0.0011847978789968632,157
A3_vs_A2,426,brier,7.487972365701635e-05,157
A3_vs_A2,426,log_loss,0.00032840283380578374,157
A3_vs_A2,427,brier,0.00026677574081192045,157
A3_vs_A2,427,log_loss,0.0008522392592172427,157
A3_vs_A2,428,brier,0.0003877486109378007,157
A3_vs_A2,428,log_loss,0.0010621538910202872,157
A3_vs_A2,429,brier,0.00013255044298441244,157
A3_vs_A2,429,log_loss,0.0004399752234483486,157
A3_vs_A2,430,brier,0.00018516691339741712,157
A3_vs_A2,430,log_loss,0.0004356384105464384,157
A3_vs_A2,431,brier,0.00042163034965700885,157
A3_vs_A2,431,log_loss,0.0011537736330125964,157
A3_vs_A2,432,brier,0.00011240158874489821,157
A3_vs_A2,432,log_loss,0.0004781715572783603,157
A3_vs_A2,433,brier,0.0005162357332397182,157
A3_vs_A2,433,log_loss,0.0013158719800404567,157
A3_vs_A2,434,brier,0.0002393601124366864,157
A3_vs_A2,434,log_loss,0.000817899787113477,157
A3_vs_A2,435,brier,5.748308732570053e-05,157
A3_vs_A2,435,log_loss,0.0003970957736933784,157
A3_vs_A2,436,brier,0.0003769292656142838,157
A3_vs_A2,436,log_loss,0.0011988084694351067,157
A3_vs_A2,437,brier,-8.036481594789947e-05,157
A3_vs_A2,437,log_loss,-4.259957251473061e-05,157
A3_vs_A2,438,brier,0.0004628348257583692,157
A3_vs_A2,438,log_loss,0.0011554061527851906,157
A3_vs_A2,439,brier,4.051555608862736e-05,157
A3_vs_A2,439,log_loss,0.0002892543384600535,157
A3_vs_A2,440,brier,0.00020781735633817298,157
A3_vs_A2,440,log_loss,0.0006510886573968948,157
A3_vs_A2,441,brier,0.00010406954371466961,157
A3_vs_A2,441,log_loss,0.00043464154427624293,157
A3_vs_A2,442,brier,0.00018037868734121408,157
A3_vs_A2,442,log_loss,0.0006091270776510825,157
A3_vs_A2,443,brier,0.00012182267996041885,157
A3_vs_A2,443,log_loss,0.0004044600480704473,157
A3_vs_A2,444,brier,0.0002009060865271223,157
A3_vs_A2,444,log_loss,0.0009779823761342206,157
A3_vs_A2,445,brier,0.0003814623255984217,157
A3_vs_A2,445,log_loss,0.0011113424460999972,157
A3_vs_A2,446,brier,0.00014362762754730667,157
A3_vs_A2,446,log_loss,0.0005179373024768264,157
A3_vs_A2,447,brier,0.0002124898164126205,157
A3_vs_A2,447,log_loss,0.0007128786926899383,157
A3_vs_A2,448,brier,0.0002386876854067901,157
A3_vs_A2,448,log_loss,0.0007540512004782654,157
A3_vs_A2,449,brier,0.00017228429901095045,157
A3_vs_A2,449,log_loss,0.00040555338302426986,157
A3_vs_A2,450,brier,0.0006151636550758759,157
A3_vs_A2,450,log_loss,0.0015846875999410107,157
A3_vs_A2,451,brier,-2.0508750155877087e-05,157
A3_vs_A2,451,log_loss,0.00016893061916590062,157
A3_vs_A2,452,brier,0.00043038004205134543,157
A3_vs_A2,452,log_loss,0.0011594048041078725,157
A3_vs_A2,453,brier,0.00028656531656321923,157
A3_vs_A2,453,log_loss,0.000769373497050016,157
A3_vs_A2,454,brier,4.7979925176950874e-05,157
A3_vs_A2,454,log_loss,0.0003841478880121601,157
A3_vs_A2,455,brier,0.00010591605878275887,157
A3_vs_A2,455,log_loss,0.0004821033204853791,157
A3_vs_A2,456,brier,0.00017406758623378927,157
A3_vs_A2,456,log_loss,0.0005844965968451432,157
A3_vs_A2,457,brier,0.00020956823110599663,157
A3_vs_A2,457,log_loss,0.0005988481515496495,157
A3_vs_A2,458,brier,0.0002109499718294887,157
A3_vs_A2,458,log_loss,0.0006204416034459221,157
A3_vs_A2,459,brier,0.0002581738965280694,157
A3_vs_A2,459,log_loss,0.0007728772322379761,157
A3_vs_A2,460,brier,0.0004965790986793436,157
A3_vs_A2,460,log_loss,0.0011381471288348947,157
A3_vs_A2,461,brier,0.0004140132602453362,157
A3_vs_A2,461,log_loss,0.0012505952894418708,157
A3_vs_A2,462,brier,0.00018367386676031627,157
A3_vs_A2,462,log_loss,0.0006492065444114063,157
A3_vs_A2,463,brier,1.7542223366392093e-05,157
A3_vs_A2,463,log_loss,0.00038840032609191075,157
A3_vs_A2,464,brier,0.00018283011964374466,157
A3_vs_A2,464,log_loss,0.0006521950577535165,157
A3_vs_A2,465,brier,2.5018231778548367e-05,157
A3_vs_A2,465,log_loss,0.0004214938063257496,157
A3_vs_A2,466,brier,0.00012627990695253667,157
A3_vs_A2,466,log_loss,0.00046089463293808985,157
A3_vs_A2,467,brier,-2.6675553909842826e-05,157
A3_vs_A2,467,log_loss,0.00021801108078895828,157
A3_vs_A2,468,brier,6.6933945359493184e-06,157
A3_vs_A2,468,log_loss,0.00022242529923671025,157
A3_vs_A2,469,brier,0.00013548064751369817,157
A3_vs_A2,469,log_loss,0.0005394013171720863,157
A3_vs_A2,470,brier,2.0552980111625234e-05,157
A3_vs_A2,470,log_loss,7.461820742590753e-05,157
A3_vs_A2,471,brier,0.00024927926935818597,157
A3_vs_A2,471,log_loss,0.0008599925825871967,157
A3_vs_A2,472,brier,-5.184747445569659e-05,157
A3_vs_A2,472,log_loss,-5.49870801520846e-05,157
A3_vs_A2,473,brier,1.3013420994937981e-05,157
A3_vs_A2,473,log_loss,8.725620034174155e-05,157
A3_vs_A2,474,brier,0.0002486497674053051,157
A3_vs_A2,474,log_loss,0.0007995539379757612,157
A3_vs_A2,475,brier,0.0003892658378645252,157
A3_vs_A2,475,log_loss,0.001003437821285942,157
A3_vs_A2,476,brier,0.00020714545562840905,157
A3_vs_A2,476,log_loss,0.000656156272084879,157
A3_vs_A2,477,brier,0.00032697469777722956,157
A3_vs_A2,477,log_loss,0.0010032584081552433,157
A3_vs_A2,478,brier,0.00011388313183985093,157
A3_vs_A2,478,log_loss,0.0005115641882305339,157
A3_vs_A2,479,brier,0.0005275100337902347,157
A3_vs_A2,479,log_loss,0.0012666150140082572,157
A3_vs_A2,480,brier,0.00028119638175278807,157
A3_vs_A2,480,log_loss,0.0007842215643385086,157
A3_vs_A2,481,brier,0.00016236608180775002,157
A3_vs_A2,481,log_loss,0.0005823583346611741,157
A3_vs_A2,482,brier,0.00029770022673304193,157
A3_vs_A2,482,log_loss,0.0008222819320576745,157
A3_vs_A2,483,brier,0.0003728820185627962,157
A3_vs_A2,483,log_loss,0.0009079184794155022,157
A3_vs_A2,484,brier,0.0002556675130105764,157
A3_vs_A2,484,log_loss,0.0007960691491023327,157
A3_vs_A2,485,brier,0.0004280038667620778,157
A3_vs_A2,485,log_loss,0.0011652803932121246,157
A3_vs_A2,486,brier,0.00024303776139387109,157
A3_vs_A2,486,log_loss,0.0007776955508360804,157
A3_vs_A2,487,brier,0.0002524427784038885,157
A3_vs_A2,487,log_loss,0.0007299914462076499,157
A3_vs_A2,488,brier,0.0001388079273651489,157
A3_vs_A2,488,log_loss,0.00044869568361080185,157
A3_vs_A2,489,brier,0.00020856119077930824,157
A3_vs_A2,489,log_loss,0.0005508596364879741,157
A3_vs_A2,490,brier,0.00037591667118611787,157
A3_vs_A2,490,log_loss,0.0008746410249463312,157
A3_vs_A2,491,brier,0.000323024536076711,157
A3_vs_A2,491,log_loss,0.0009165695163084859,157
A3_vs_A2,492,brier,0.0001729872504145558,157
A3_vs_A2,492,log_loss,0.0005229716237732932,157
A3_vs_A2,493,brier,0.00016748413264443322,157
A3_vs_A2,493,log_loss,0.000505325103554181,157
A3_vs_A2,494,brier,0.0005635900995124806,157
A3_vs_A2,494,log_loss,0.0013082234883917902,157
A3_vs_A2,495,brier,5.33240721365417e-05,157
A3_vs_A2,495,log_loss,0.00041928285976419944,157
A3_vs_A2,496,brier,0.0004466676824102595,157
A3_vs_A2,496,log_loss,0.0011461749359334766,157
A3_vs_A2,497,brier,0.00040503987530626236,157
A3_vs_A2,497,log_loss,0.0010677629972751042,157
A3_vs_A2,498,brier,0.0003569790108995053,157
A3_vs_A2,498,log_loss,0.00090464375671321,157
A3_vs_A2,499,brier,6.900604869244887e-05,157
A3_vs_A2,499,log_loss,0.000612168703122093,157
B1_vs_B0,0,brier,1.5909272842742614e-05,157
B1_vs_B0,0,log_loss,4.7235446512552495e-05,157
B1_vs_B0,1,brier,3.249474313131999e-05,157
B1_vs_B0,1,log_loss,8.773657922200014e-05,157
B1_vs_B0,2,brier,2.807241785773652e-06,157
B1_vs_B0,2,log_loss,1.4032920096450292e-05,157
B1_vs_B0,3,brier,3.292410281628622e-05,157
B1_vs_B0,3,log_loss,8.537411061949312e-05,157
B1_vs_B0,4,brier,3.126743334649323e-05,157
B1_vs_B0,4,log_loss,6.486788961034997e-05,157
B1_vs_B0,5,brier,6.4225377439745336e-06,157
B1_vs_B0,5,log_loss,9.74646684723378e-06,157
B1_vs_B0,6,brier,9.451398208359216e-06,157
B1_vs_B0,6,log_loss,2.9479976559095007e-05,157
B1_vs_B0,7,brier,1.7325396465379557e-05,157
B1_vs_B0,7,log_loss,4.809982240516501e-05,157
B1_vs_B0,8,brier,-1.5123835025856473e-05,157
B1_vs_B0,8,log_loss,-3.595120211477419e-05,157
B1_vs_B0,9,brier,6.871071061171271e-06,157
B1_vs_B0,9,log_loss,2.6291990374426795e-05,157
B1_vs_B0,10,brier,-8.44593959995911e-06,157
B1_vs_B0,10,log_loss,-3.899123424305859e-05,157
B1_vs_B0,11,brier,-1.5627957439424934e-05,157
B1_vs_B0,11,log_loss,-5.1661784039214654e-05,157
B1_vs_B0,12,brier,-1.7150619731327572e-05,157
B1_vs_B0,12,log_loss,-4.887134331085392e-05,157
B1_vs_B0,13,brier,3.807453195012433e-05,157
B1_vs_B0,13,log_loss,9.511669072747301e-05,157
B1_vs_B0,14,brier,2.012639853459407e-05,157
B1_vs_B0,14,log_loss,7.536584552682353e-05,157
B1_vs_B0,15,brier,-1.791888493895496e-05,157
B1_vs_B0,15,log_loss,-5.812799036290946e-05,157
B1_vs_B0,16,brier,2.942735013619198e-05,157
B1_vs_B0,16,log_loss,7.966321848568359e-05,157
B1_vs_B0,17,brier,-6.6771452581007525e-06,157
B1_vs_B0,17,log_loss,-2.7488094189395255e-05,157
B1_vs_B0,18,brier,2.9840176192296134e-05,157
B1_vs_B0,18,log_loss,8.201013657234108e-05,157
B1_vs_B0,19,brier,2.466961992675884e-06,157
B1_vs_B0,19,log_loss,-1.3983031810060989e-05,157
B1_vs_B0,20,brier,2.3800947125235884e-05,157
B1_vs_B0,20,log_loss,4.9254348575776946e-05,157
B1_vs_B0,21,brier,4.804714828519359e-05,157
B1_vs_B0,21,log_loss,0.00011194371591972595,157
B1_vs_B0,22,brier,-4.685336619988289e-05,157
B1_vs_B0,22,log_loss,-0.00012172250489649755,157
B1_vs_B0,23,brier,9.46649841542929e-06,157
B1_vs_B0,23,log_loss,2.6244507940903563e-05,157
B1_vs_B0,24,brier,1.7521983134155507e-05,157
B1_vs_B0,24,log_loss,7.425263542394755e-06,157
B1_vs_B0,25,brier,2.701457942090554e-05,157
B1_vs_B0,25,log_loss,6.793944254837765e-05,157
B1_vs_B0,26,brier,2.1041760705095775e-05,157
B1_vs_B0,26,log_loss,5.815488723608206e-05,157
B1_vs_B0,27,brier,7.6249749017890495e-06,157
B1_vs_B0,27,log_loss,3.148811880039133e-05,157
B1_vs_B0,28,brier,2.5657771737096715e-05,157
B1_vs_B0,28,log_loss,6.615251450221848e-05,157
B1_vs_B0,29,brier,4.368435295904893e-05,157
B1_vs_B0,29,log_loss,0.00012480400133716275,157
B1_vs_B0,30,brier,-1.891324089534286e-05,157
B1_vs_B0,30,log_loss,-7.390967490542176e-05,157
B1_vs_B0,31,brier,5.16263205287268e-05,157
B1_vs_B0,31,log_loss,0.00012407965168468614,157
B1_vs_B0,32,brier,8.358499184549758e-06,157
B1_vs_B0,32,log_loss,1.1525398945965753e-05,157
B1_vs_B0,33,brier,-4.252507315082276e-06,157
B1_vs_B0,33,log_loss,-1.0059760281974599e-05,157
B1_vs_B0,34,brier,2.1281658642217984e-05,157
B1_vs_B0,34,log_loss,6.151331335191469e-05,157
B1_vs_B0,35,brier,1.7196721216008924e-05,157
B1_vs_B0,35,log_loss,4.3408671345699175e-05,157
B1_vs_B0,36,brier,2.7353308410365213e-05,157
B1_vs_B0,36,log_loss,5.28448585909959e-05,157
B1_vs_B0,37,brier,-1.5214124985382103e-05,157
B1_vs_B0,37,log_loss,-2.1343013770203685e-05,157
B1_vs_B0,38,brier,2.980269317858367e-05,157
B1_vs_B0,38,log_loss,7.877868540502403e-05,157
B1_vs_B0,39,brier,-2.0227863115323724e-05,157
B1_vs_B0,39,log_loss,-6.43366997023491e-05,157
B1_vs_B0,40,brier,1.5652809049750133e-05,157
B1_vs_B0,40,log_loss,3.3953880409417826e-05,157
B1_vs_B0,41,brier,-2.6129392536576814e-05,157
B1_vs_B0,41,log_loss,-7.235468225214573e-05,157
B1_vs_B0,42,brier,5.6211900248474055e-05,157
B1_vs_B0,42,log_loss,0.00012482700469437959,157
B1_vs_B0,43,brier,3.465248468119899e-05,157
B1_vs_B0,43,log_loss,8.335253660888226e-05,157
B1_vs_B0,44,brier,-2.2527694849025777e-05,157
B1_vs_B0,44,log_loss,-5.911249337340887e-05,157
B1_vs_B0,45,brier,2.8721994640966742e-05,157
B1_vs_B0,45,log_loss,7.332769607070925e-05,157
B1_vs_B0,46,brier,1.8922308471303703e-05,157
B1_vs_B0,46,log_loss,3.620754571573994e-05,157
B1_vs_B0,47,brier,-1.0829159012967811e-05,157
B1_vs_B0,47,log_loss,-3.6331692336926336e-05,157
B1_vs_B0,48,brier,1.976299225498058e-05,157
B1_vs_B0,48,log_loss,6.965380685006261e-05,157
B1_vs_B0,49,brier,4.354266492174719e-06,157
B1_vs_B0,49,log_loss,4.011140691553987e-06,157
B1_vs_B0,50,brier,-2.3223376264976646e-06,157
B1_vs_B0,50,log_loss,1.9797972370641023e-06,157
B1_vs_B0,51,brier,4.779829007550261e-05,157
B1_vs_B0,51,log_loss,0.000128181466129076,157
B1_vs_B0,52,brier,-2.368082164113917e-05,157
B1_vs_B0,52,log_loss,-6.377848907806528e-05,157
B1_vs_B0,53,brier,2.8589429860777423e-05,157
B1_vs_B0,53,log_loss,3.277250250930703e-05,157
B1_vs_B0,54,brier,-2.5346506034098645e-05,157
B1_vs_B0,54,log_loss,-6.69493022466608e-05,157
B1_vs_B0,55,brier,1.747412762039255e-05,157
B1_vs_B0,55,log_loss,3.5757025683257465e-05,157
B1_vs_B0,56,brier,-3.685563058989447e-06,157
B1_vs_B0,56,log_loss,-1.060770996087088e-05,157
B1_vs_B0,57,brier,-4.0369907755723345e-05,157
B1_vs_B0,57,log_loss,-0.00011823853067540123,157
B1_vs_B0,58,brier,2.2873741865705954e-05,157
B1_vs_B0,58,log_loss,6.568407409694476e-05,157
B1_vs_B0,59,brier,1.2480911181176301e-05,157
B1_vs_B0,59,log_loss,1.8773832771911398e-05,157
B1_vs_B0,60,brier,-4.890379321416455e-05,157
B1_vs_B0,60,log_loss,-0.00013336044746070424,157
B1_vs_B0,61,brier,1.8494272731291748e-06,157
B1_vs_B0,61,log_loss,-2.4962650485973374e-05,157
B1_vs_B0,62,brier,-5.3655440411804275e-05,157
B1_vs_B0,62,log_loss,-0.00014150522759105955,157
B1_vs_B0,63,brier,3.5768202420527247e-05,157
B1_vs_B0,63,log_loss,0.00010692861063677448,157
B1_vs_B0,64,brier,2.2080365286115197e-05,157
B1_vs_B0,64,log_loss,5.492471856632812e-05,157
B1_vs_B0,65,brier,-6.852886405770196e-06,157
B1_vs_B0,65,log_loss,-2.172828049694092e-05,157
B1_vs_B0,66,brier,6.800384962760799e-06,157
B1_vs_B0,66,log_loss,1.3924230505176113e-05,157
B1_vs_B0,67,brier,5.098000436848396e-06,157
B1_vs_B0,67,log_loss,1.9064300022003073e-05,157
B1_vs_B0,68,brier,-3.135906173166008e-05,157
B1_vs_B0,68,log_loss,-8.424657785684895e-05,157
B1_vs_B0,69,brier,-4.116440125623391e-06,157
B1_vs_B0,69,log_loss,-3.743106379292721e-05,157
B1_vs_B0,70,brier,1.1730894600145205e-05,157
B1_vs_B0,70,log_loss,2.7590718062790738e-05,157
B1_vs_B0,71,brier,4.9303527816562294e-06,157
B1_vs_B0,71,log_loss,1.9604906193125147e-05,157
B1_vs_B0,72,brier,4.1370215900506425e-06,157
B1_vs_B0,72,log_loss,3.882869426384342e-05,157
B1_vs_B0,73,brier,1.0545912937671478e-05,157
B1_vs_B0,73,log_loss,3.5397326784144077e-05,157
B1_vs_B0,74,brier,-2.7204073364734937e-06,157
B1_vs_B0,74,log_loss,-1.087205131614899e-05,157
B1_vs_B0,75,brier,-2.6466437623054813e-05,157
B1_vs_B0,75,log_loss,-7.599620138551461e-05,157
B1_vs_B0,76,brier,-8.821921452161402e-06,157
B1_vs_B0,76,log_loss,-2.933316794064462e-05,157
B1_vs_B0,77,brier,6.609183969862625e-06,157
B1_vs_B0,77,log_loss,2.597124636767316e-05,157
B1_vs_B0,78,brier,1.2760448092583071e-05,157
B1_vs_B0,78,log_loss,3.985258189409706e-05,157
B1_vs_B0,79,brier,-1.1649962209088068e-05,157
B1_vs_B0,79,log_loss,-3.114608019365679e-05,157
B1_vs_B0,80,brier,-1.2063206519188858e-05,157
B1_vs_B0,80,log_loss,-4.241781691632476e-05,157
B1_vs_B0,81,brier,-1.6563726981698538e-05,157
B1_vs_B0,81,log_loss,-5.010094161692773e-05,157
B1_vs_B0,82,brier,4.931405865024241e-05,157
B1_vs_B0,82,log_loss,0.0001207975213969754,157
B1_vs_B0,83,brier,2.9172168936368744e-05,157
B1_vs_B0,83,log_loss,7.726940349958519e-05,157
B1_vs_B0,84,brier,2.1242487159746517e-05,157
B1_vs_B0,84,log_loss,5.376954796645476e-05,157
B1_vs_B0,85,brier,-3.7461419511286616e-06,157
B1_vs_B0,85,log_loss,-3.165297839634798e-05,157
B1_vs_B0,86,brier,5.447322995574577e-06,157
B1_vs_B0,86,log_loss,2.4494896193137614e-05,157
B1_vs_B0,87,brier,2.9093886654683702e-05,157
B1_vs_B0,87,log_loss,7.039562439501061e-05,157
B1_vs_B0,88,brier,-2.482153658238914e-05,157
B1_vs_B0,88,log_loss,-7.421147442480005e-05,157
B1_vs_B0,89,brier,2.168694489680682e-05,157
B1_vs_B0,89,log_loss,6.622156688192415e-05,157
B1_vs_B0,90,brier,2.4841832056549662e-05,157
B1_vs_B0,90,log_loss,6.580380035120541e-05,157
B1_vs_B0,91,brier,-1.5472152246709116e-05,157
B1_vs_B0,91,log_loss,-4.7414555073367014e-05,157
B1_vs_B0,92,brier,1.1454935596090638e-05,157
B1_vs_B0,92,log_loss,3.313455512842729e-05,157
B1_vs_B0,93,brier,-5.510452348730597e-05,157
B1_vs_B0,93,log_loss,-0.00016801717823870758,157
B1_vs_B0,94,brier,3.3981630651742625e-05,157
B1_vs_B0,94,log_loss,7.69208673990075e-05,157
B1_vs_B0,95,brier,-1.065766512525513e-05,157
B1_vs_B0,95,log_loss,-3.264741442789399e-05,157
B1_vs_B0,96,brier,3.618721725187396e-05,157
B1_vs_B0,96,log_loss,9.392466456242324e-05,157
B1_vs_B0,97,brier,-5.360182646011379e-05,157
B1_vs_B0,97,log_loss,-0.00016312520661691912,157
B1_vs_B0,98,brier,1.7090227591707715e-05,157
B1_vs_B0,98,log_loss,2.065027871410193e-05,157
B1_vs_B0,99,brier,1.274040897245239e-05,157
B1_vs_B0,99,log_loss,3.0861213479077855e-05,157
B1_vs_B0,100,brier,-1.4716652803211348e-05,157
B1_vs_B0,100,log_loss,-3.555819389416866e-05,157
B1_vs_B0,101,brier,3.791320278630543e-05,157
B1_vs_B0,101,log_loss,9.555192849992459e-05,157
B1_vs_B0,102,brier,9.125342884334987e-07,157
B1_vs_B0,102,log_loss,-1.2202920958146412e-05,157
B1_vs_B0,103,brier,4.72519861226111e-06,157
B1_vs_B0,103,log_loss,9.732732011060904e-06,157
B1_vs_B0,104,brier,-5.8357489851540795e-06,157
B1_vs_B0,104,log_loss,-2.3056317365351312e-05,157
B1_vs_B0,105,brier,1.3311225912079139e-05,157
B1_vs_B0,105,log_loss,3.617029947694328e-05,157
B1_vs_B0,106,brier,1.0194854722725904e-05,157
B1_vs_B0,106,log_loss,3.372498388722764e-05,157
B1_vs_B0,107,brier,4.068458459071312e-05,157
B1_vs_B0,107,log_loss,0.00011682397237657356,157
B1_vs_B0,108,brier,4.7202835962299377e-05,157
B1_vs_B0,108,log_loss,9.814717922961954e-05,157
B1_vs_B0,109,brier,1.314262368896171e-05,157
B1_vs_B0,109,log_loss,1.789601463361928e-05,157
B1_vs_B0,110,brier,1.240458593615583e-05,157
B1_vs_B0,110,log_loss,3.764288268132818e-06,157
B1_vs_B0,111,brier,2.166416248193992e-05,157
B1_vs_B0,111,log_loss,4.795680321381773e-05,157
B1_vs_B0,112,brier,2.290848306595502e-06,157
B1_vs_B0,112,log_loss,1.0298840557143536e-05,157
B1_vs_B0,113,brier,-3.0830935044172625e-05,157
B1_vs_B0,113,log_loss,-0.00010509167936829117,157
B1_vs_B0,114,brier,-6.109713267194071e-06,157
B1_vs_B0,114,log_loss,-1.710043283819184e-05,157
B1_vs_B0,115,brier,-2.279922889054897e-05,157
B1_vs_B0,115,log_loss,-7.796748347828996e-05,157
B1_vs_B0,116,brier,5.786244701472815e-06,157
B1_vs_B0,116,log_loss,4.054619236969774e-06,157
B1_vs_B0,117,brier,-8.513435409941161e-06,157
B1_vs_B0,117,log_loss,-3.1601911037236026e-05,157
B1_vs_B0,118,brier,1.8414369388502197e-06,157
B1_vs_B0,118,log_loss,9.209088498252078e-06,157
B1_vs_B0,119,brier,4.196810010773647e-05,157
B1_vs_B0,119,log_loss,9.040690683765388e-05,157
B1_vs_B0,120,brier,1.6217066843323537e-05,157
B1_vs_B0,120,log_loss,4.0783532988491055e-05,157
B1_vs_B0,121,brier,2.4246086399160993e-05,157
B1_vs_B0,121,log_loss,6.27538325896066e-05,157
B1_vs_B0,122,brier,-2.9025192278182725e-06,157
B1_vs_B0,122,log_loss,-2.7264735264249526e-06,157
B1_vs_B0,123,brier,-1.7082110609605188e-05,157
B1_vs_B0,123,log_loss,-5.410808044792263e-05,157
B1_vs_B0,124,brier,4.633236986456335e-06,157
B1_vs_B0,124,log_loss,-1.1262835188626792e-06,157
B1_vs_B0,125,brier,4.2528913414139994e-06,157
B1_vs_B0,125,log_loss,-4.949784115337334e-07,157
B1_vs_B0,126,brier,3.1949635299256624e-05,157
B1_vs_B0,126,log_loss,8.13812010129088e-05,157
B1_vs_B0,127,brier,3.201815240716702e-05,157
B1_vs_B0,127,log_loss,8.080104465013976e-05,157
B1_vs_B0,128,brier,6.634071749769782e-06,157
B1_vs_B0,128,log_loss,3.4223515097304594e-06,157
B1_vs_B0,129,brier,-5.459345632712792e-06,157
B1_vs_B0,129,log_loss,-1.5066309260707803e-05,157
B1_vs_B0,130,brier,-1.6727204833396583e-05,157
B1_vs_B0,130,log_loss,-3.047900610240442e-05,157
B1_vs_B0,131,brier,-7.125215825692081e-05,157
B1_vs_B0,131,log_loss,-0.00020328952285866532,157
B1_vs_B0,132,brier,-8.074361406934025e-06,157
B1_vs_B0,132,log_loss,-2.587868261702986e-05,157
B1_vs_B0,133,brier,-1.68119102983911e-05,157
B1_vs_B0,133,log_loss,-3.4902302562287594e-05,157
B1_vs_B0,134,brier,-4.1876108791142304e-05,157
B1_vs_B0,134,log_loss,-0.0001317169394783912,157
B1_vs_B0,135,brier,-1.1964819932811503e-05,157
B1_vs_B0,135,log_loss,-3.264084815959728e-05,157
B1_vs_B0,136,brier,-1.5457269173346726e-05,157
B1_vs_B0,136,log_loss,-3.077379889616793e-05,157
B1_vs_B0,137,brier,4.781120619574509e-05,157
B1_vs_B0,137,log_loss,0.00010227197168127961,157
B1_vs_B0,138,brier,-9.882005427745565e-06,157
B1_vs_B0,138,log_loss,-3.333586477898269e-05,157
B1_vs_B0,139,brier,1.1798381894233523e-05,157
B1_vs_B0,139,log_loss,2.0275142791721042e-05,157
B1_vs_B0,140,brier,-1.4775152903198041e-05,157
B1_vs_B0,140,log_loss,-4.6719388657374355e-05,157
B1_vs_B0,141,brier,-4.174627695394523e-05,157
B1_vs_B0,141,log_loss,-0.00014747942499701637,157
B1_vs_B0,142,brier,4.4982176715610716e-05,157
B1_vs_B0,142,log_loss,0.00011535124388337468,157
B1_vs_B0,143,brier,8.358671161777698e-06,157
B1_vs_B0,143,log_loss,9.20613228861079e-06,157
B1_vs_B0,144,brier,3.483967407607957e-05,157
B1_vs_B0,144,log_loss,0.00010209013462868916,157
B1_vs_B0,145,brier,1.3352364835766304e-05,157
B1_vs_B0,145,log_loss,2.7281202744612286e-05,157
B1_vs_B0,146,brier,-4.795702472139623e-06,157
B1_vs_B0,146,log_loss,-2.7126752826864044e-05,157
B1_vs_B0,147,brier,-1.645308795900471e-05,157
B1_vs_B0,147,log_loss,-3.836041807806482e-05,157
B1_vs_B0,148,brier,3.193600145702361e-05,157
B1_vs_B0,148,log_loss,7.719275907569331e-05,157
B1_vs_B0,149,brier,8.902921983011791e-06,157
B1_vs_B0,149,log_loss,1.9291978397807357e-05,157
B1_vs_B0,150,brier,-2.927682527934426e-05,157
B1_vs_B0,150,log_loss,-7.658708778499835e-05,157
B1_vs_B0,151,brier,2.635438935151149e-05,157
B1_vs_B0,151,log_loss,7.01854489473722e-05,157
B1_vs_B0,152,brier,-4.1128113412420915e-06,157
B1_vs_B0,152,log_loss,-1.8732325386113683e-05,157
B1_vs_B0,153,brier,-1.1645350089971574e-05,157
B1_vs_B0,153,log_loss,-3.922222892395291e-05,157
B1_vs_B0,154,brier,-3.815132322580747e-06,157
B1_vs_B0,154,log_loss,-1.1769723713279756e-05,157
B1_vs_B0,155,brier,-8.662843399383918e-06,157
B1_vs_B0,155,log_loss,-2.089614639511457e-05,157
B1_vs_B0,156,brier,-3.563003907719725e-05,157
B1_vs_B0,156,log_loss,-9.117741938575377e-05,157
B1_vs_B0,157,brier,-2.4571349676793007e-05,157
B1_vs_B0,157,log_loss,-7.589643675267373e-05,157
B1_vs_B0,158,brier,-1.1385608901628278e-05,157
B1_vs_B0,158,log_loss,-2.7284574076120227e-05,157
B1_vs_B0,159,brier,-5.283724178289367e-05,157
B1_vs_B0,159,log_loss,-0.00014500150290327075,157
B1_vs_B0,160,brier,1.3493955281297914e-05,157
B1_vs_B0,160,log_loss,4.534434891471597e-05,157
B1_vs_B0,161,brier,-3.917711016386205e-05,157
B1_vs_B0,161,log_loss,-0.00011902579182906981,157
B1_vs_B0,162,brier,-4.848480409263137e-05,157
B1_vs_B0,162,log_loss,-0.00013116941567490193,157
B1_vs_B0,163,brier,-2.9904833378214833e-05,157
B1_vs_B0,163,log_loss,-0.00010565017605201751,157
B1_vs_B0,164,brier,9.944687264949227e-06,157
B1_vs_B0,164,log_loss,1.5688604649119012e-05,157
B1_vs_B0,165,brier,-1.1609643373426505e-05,157
B1_vs_B0,165,log_loss,-3.423485056074571e-05,157
B1_vs_B0,166,brier,2.745841753175906e-05,157
B1_vs_B0,166,log_loss,7.287748554074758e-05,157
B1_vs_B0,167,brier,-1.4263261975326649e-05,157
B1_vs_B0,167,log_loss,-3.6594977244546565e-05,157
B1_vs_B0,168,brier,2.092787042539517e-05,157
B1_vs_B0,168,log_loss,4.110891415050097e-05,157
B1_vs_B0,169,brier,7.5065571801284165e-06,157
B1_vs_B0,169,log_loss,1.744853423937976e-05,157
B1_vs_B0,170,brier,-1.8043568155407873e-05,157
B1_vs_B0,170,log_loss,-5.678653156894526e-05,157
B1_vs_B0,171,brier,2.495960210245222e-05,157
B1_vs_B0,171,log_loss,5.0930825809338435e-05,157
B1_vs_B0,172,brier,-8.639895793956506e-06,157
B1_vs_B0,172,log_loss,-1.1783186227068097e-05,157
B1_vs_B0,173,brier,3.244346334809476e-05,157
B1_vs_B0,173,log_loss,7.924220928002073e-05,157
B1_vs_B0,174,brier,-2.9774974612942484e-05,157
B1_vs_B0,174,log_loss,-9.298486884813497e-05,157
B1_vs_B0,175,brier,3.756013718464002e-06,157
B1_vs_B0,175,log_loss,-1.269304758214416e-05,157
B1_vs_B0,176,brier,1.9077742950537423e-05,157
B1_vs_B0,176,log_loss,5.4078673551045396e-05,157
B1_vs_B0,177,brier,1.4476431273726218e-06,157
B1_vs_B0,177,log_loss,9.594458646564323e-07,157
B1_vs_B0,178,brier,-1.6286291536671052e-05,157
B1_vs_B0,178,log_loss,-5.108155733817822e-05,157
B1_vs_B0,179,brier,5.673588506119923e-06,157
B1_vs_B0,179,log_loss,1.801907298693836e-05,157
B1_vs_B0,180,brier,2.027520396631903e-05,157
B1_vs_B0,180,log_loss,2.618848626618788e-05,157
B1_vs_B0,181,brier,-1.6107889346302503e-06,157
B1_vs_B0,181,log_loss,-6.031303836857311e-06,157
B1_vs_B0,182,brier,-2.680270981733713e-05,157
B1_vs_B0,182,log_loss,-7.683880839291165e-05,157
B1_vs_B0,183,brier,-1.7238448937904555e-05,157
B1_vs_B0,183,log_loss,-3.948413998740272e-05,157
B1_vs_B0,184,brier,2.6107083772842913e-05,157
B1_vs_B0,184,log_loss,6.3457885550543e-05,157
B1_vs_B0,185,brier,-2.82284793778387e-06,157
B1_vs_B0,185,log_loss,-2.1277848811679963e-05,157
B1_vs_B0,186,brier,4.2919592530107696e-05,157
B1_vs_B0,186,log_loss,0.00011375079192613989,157
B1_vs_B0,187,brier,-4.721793600495966e-06,157
B1_vs_B0,187,log_loss,-1.8971128201914557e-05,157
B1_vs_B0,188,brier,-1.738762678039795e-05,157
B1_vs_B0,188,log_loss,-5.2141459731560696e-05,157
B1_vs_B0,189,brier,-1.1703226025865424e-05,157
B1_vs_B0,189,log_loss,-3.898005032432528e-05,157
B1_vs_B0,190,brier,-1.6563544961343166e-05,157
B1_vs_B0,190,log_loss,-6.112184875172693e-05,157
B1_vs_B0,191,brier,-8.82605507723833e-06,157
B1_vs_B0,191,log_loss,-4.721248430577673e-05,157
B1_vs_B0,192,brier,5.2513941727456125e-06,157
B1_vs_B0,192,log_loss,9.232285815120454e-06,157
B1_vs_B0,193,brier,4.162478914882989e-06,157
B1_vs_B0,193,log_loss,-5.374056811791007e-06,157
B1_vs_B0,194,brier,2.4081895872804718e-05,157
B1_vs_B0,194,log_loss,6.316199301095309e-05,157
B1_vs_B0,195,brier,-5.4524127486316285e-05,157
B1_vs_B0,195,log_loss,-0.00015298243128643025,157
B1_vs_B0,196,brier,3.295791157916634e-06,157
B1_vs_B0,196,log_loss,-5.899135820630026e-06,157
B1_vs_B0,197,brier,-3.0340730621545764e-05,157
B1_vs_B0,197,log_loss,-9.47513712263003e-05,157
B1_vs_B0,198,brier,-1.488927778779685e-05,157
B1_vs_B0,198,log_loss,-5.331662899274348e-05,157
B1_vs_B0,199,brier,1.99295743907539e-05,157
B1_vs_B0,199,log_loss,6.779584708068692e-05,157
B1_vs_B0,200,brier,-2.4089289151124186e-05,157
B1_vs_B0,200,log_loss,-8.031374070224009e-05,157
B1_vs_B0,201,brier,-1.598970325956845e-05,157
B1_vs_B0,201,log_loss,-5.138092868526295e-05,157
B1_vs_B0,202,brier,-1.7445801652303757e-05,157
B1_vs_B0,202,log_loss,-5.641941568404095e-05,157
B1_vs_B0,203,brier,-1.5764141751659547e-05,157
B1_vs_B0,203,log_loss,-4.6774281565366925e-05,157
B1_vs_B0,204,brier,1.2134206212904823e-05,157
B1_vs_B0,204,log_loss,2.0282419765479076e-05,157
B1_vs_B0,205,brier,-1.6228683226223543e-05,157
B1_vs_B0,205,log_loss,-4.9042130348895884e-05,157
B1_vs_B0,206,brier,7.022193381741851e-06,157
B1_vs_B0,206,log_loss,2.0636524571134533e-05,157
B1_vs_B0,207,brier,-1.7183110252044417e-05,157
B1_vs_B0,207,log_loss,-4.4391008203719655e-05,157
B1_vs_B0,208,brier,2.4446625402538824e-05,157
B1_vs_B0,208,log_loss,6.316410653222002e-05,157
B1_vs_B0,209,brier,-1.976763801856964e-05,157
B1_vs_B0,209,log_loss,-4.864883460917612e-05,157
B1_vs_B0,210,brier,-4.983232709321826e-05,157
B1_vs_B0,210,log_loss,-0.00013138767014173326,157
B1_vs_B0,211,brier,-2.610103126775546e-07,157
B1_vs_B0,211,log_loss,-3.911970191980753e-06,157
B1_vs_B0,212,brier,-8.553836040005244e-06,157
B1_vs_B0,212,log_loss,-3.8057496972197124e-05,157
B1_vs_B0,213,brier,3.853723669640904e-05,157
B1_vs_B0,213,log_loss,8.024141951883319e-05,157
B1_vs_B0,214,brier,-7.073217495797757e-06,157
B1_vs_B0,214,log_loss,-7.684008588944439e-06,157
B1_vs_B0,215,brier,-3.0474530422934606e-05,157
B1_vs_B0,215,log_loss,-0.00010086362695612374,157
B1_vs_B0,216,brier,-6.101683458686705e-05,157
B1_vs_B0,216,log_loss,-0.00017446108061957655,157
B1_vs_B0,217,brier,4.750832913461164e-05,157
B1_vs_B0,217,log_loss,0.00010063699286144711,157
B1_vs_B0,218,brier,-2.795758663383039e-05,157
B1_vs_B0,218,log_loss,-9.957494306625044e-05,157
B1_vs_B0,219,brier,2.2570123457152083e-05,157
B1_vs_B0,219,log_loss,4.4644593593846854e-05,157
B1_vs_B0,220,brier,-3.448991701486847e-05,157
B1_vs_B0,220,log_loss,-0.00010187625178770084,157
B1_vs_B0,221,brier,1.3071433596439494e-06,157
B1_vs_B0,221,log_loss,-9.056717339314057e-06,157
B1_vs_B0,222,brier,1.002144440963812e-05,157
B1_vs_B0,222,log_loss,3.086278152777082e-05,157
B1_vs_B0,223,brier,1.3566176938992279e-05,157
B1_vs_B0,223,log_loss,4.4656813602749124e-05,157
B1_vs_B0,224,brier,2.8781775640598083e-05,157
B1_vs_B0,224,log_loss,4.584455274535915e-05,157
B1_vs_B0,225,brier,1.1823047716982211e-05,157
B1_vs_B0,225,log_loss,2.4619507643775685e-05,157
B1_vs_B0,226,brier,-2.0262225139229915e-06,157
B1_vs_B0,226,log_loss,-5.552349447798777e-06,157
B1_vs_B0,227,brier,3.411021322424263e-05,157
B1_vs_B0,227,log_loss,7.916522634097074e-05,157
B1_vs_B0,228,brier,-8.152268576882437e-06,157
B1_vs_B0,228,log_loss,-4.264972864595593e-05,157
B1_vs_B0,229,brier,4.094088781063341e-05,157
B1_vs_B0,229,log_loss,0.00010448695882928275,157
B1_vs_B0,230,brier,-2.677337768183415e-05,157
B1_vs_B0,230,log_loss,-6.838310888992594e-05,157
B1_vs_B0,231,brier,1.8543946980030672e-05,157
B1_vs_B0,231,log_loss,5.7346917455627375e-05,157
B1_vs_B0,232,brier,-2.2878174963517575e-05,157
B1_vs_B0,232,log_loss,-6.228861516624403e-05,157
B1_vs_B0,233,brier,-1.3177281534558969e-05,157
B1_vs_B0,233,log_loss,-2.4659422941761334e-05,157
B1_vs_B0,234,brier,1.6408810947219373e-05,157
B1_vs_B0,234,log_loss,2.7992636084840116e-05,157
B1_vs_B0,235,brier,-5.13707192880376e-06,157
B1_vs_B0,235,log_loss,-1.9252649971178433e-05,157
B1_vs_B0,236,brier,1.0195304635304187e-05,157
B1_vs_B0,236,log_loss,2.4151267241108728e-05,157
B1_vs_B0,237,brier,1.9327180571727045e-05,157
B1_vs_B0,237,log_loss,4.088174414411753e-05,157
B1_vs_B0,238,brier,-3.822454165728835e-05,157
B1_vs_B0,238,log_loss,-0.00013154860525920424,157
B1_vs_B0,239,brier,3.4477192539629946e-05,157
B1_vs_B0,239,log_loss,7.7609554868721e-05,157
B1_vs_B0,240,brier,-1.0418533960502267e-05,157
B1_vs_B0,240,log_loss,-3.754371500585507e-05,157
B1_vs_B0,241,brier,-3.0180318894509994e-06,157
B1_vs_B0,241,log_loss,-1.942439761573042e-05,157
B1_vs_B0,242,brier,-1.1763488785264332e-05,157
B1_vs_B0,242,log_loss,-2.4933190042706232e-05,157
B1_vs_B0,243,brier,2.7006484467104846e-05,157
B1_vs_B0,243,log_loss,7.81741475631238e-05,157
B1_vs_B0,244,brier,2.5943274759163157e-06,157
B1_vs_B0,244,log_loss,-5.413157496503349e-06,157
B1_vs_B0,245,brier,-2.5736435782788025e-05,157
B1_vs_B0,245,log_loss,-7.713916376646405e-05,157
B1_vs_B0,246,brier,2.612474478785392e-05,157
B1_vs_B0,246,log_loss,6.983211598258013e-05,157
B1_vs_B0,247,brier,-9.64857731130837e-06,157
B1_vs_B0,247,log_loss,-3.755394646754683e-05,157
B1_vs_B0,248,brier,-9.47457625542887e-06,157
B1_vs_B0,248,log_loss,-2.8203859365459454e-05,157
B1_vs_B0,249,brier,7.785637347880859e-07,157
B1_vs_B0,249,log_loss,1.4592885342265664e-05,157
B1_vs_B0,250,brier,1.544554699879475e-05,157
B1_vs_B0,250,log_loss,3.148887849920017e-05,157
B1_vs_B0,251,brier,1.037459407709383e-05,157
B1_vs_B0,251,log_loss,4.064278918841098e-05,157
B1_vs_B0,252,brier,1.765473298905935e-05,157
B1_vs_B0,252,log_loss,3.7454245200117925e-05,157
B1_vs_B0,253,brier,5.656116034039308e-06,157
B1_vs_B0,253,log_loss,2.2436595205795045e-05,157
B1_vs_B0,254,brier,-1.319699043724447e-05,157
B1_vs_B0,254,log_loss,-4.134320874673089e-05,157
B1_vs_B0,255,brier,-7.708624929411951e-06,157
B1_vs_B0,255,log_loss,-3.25785751589588e-05,157
B1_vs_B0,256,brier,4.358754542117587e-06,157
B1_vs_B0,256,log_loss,1.642302891471344e-05,157
B1_vs_B0,257,brier,-2.089791673913017e-05,157
B1_vs_B0,257,log_loss,-8.844143789441152e-05,157
B1_vs_B0,258,brier,-3.77067776442667e-06,157
B1_vs_B0,258,log_loss,-8.086738783115738e-06,157
B1_vs_B0,259,brier,-2.0212514472106273e-05,157
B1_vs_B0,259,log_loss,-5.109513434947065e-05,157
B1_vs_B0,260,brier,-3.985408678191144e-05,157
B1_vs_B0,260,log_loss,-0.00011926546685325984,157
B1_vs_B0,261,brier,-1.8697698336799365e-05,157
B1_vs_B0,261,log_loss,-6.637517463034965e-05,157
B1_vs_B0,262,brier,4.580190046110353e-05,157
B1_vs_B0,262,log_loss,0.00012919084461941307,157
B1_vs_B0,263,brier,1.5826888816019625e-05,157
B1_vs_B0,263,log_loss,3.1470380964028026e-05,157
B1_vs_B0,264,brier,-3.500553179378538e-05,157
B1_vs_B0,264,log_loss,-0.00010335258847596672,157
B1_vs_B0,265,brier,2.8154248354503245e-05,157
B1_vs_B0,265,log_loss,5.285103788720454e-05,157
B1_vs_B0,266,brier,5.588064358937665e-06,157
B1_vs_B0,266,log_loss,1.213682137465266e-05,157
B1_vs_B0,267,brier,-1.8913689122723603e-05,157
B1_vs_B0,267,log_loss,-3.606652026792702e-05,157
B1_vs_B0,268,brier,-2.6725674334702724e-05,157
B1_vs_B0,268,log_loss,-7.444710336527226e-05,157
B1_vs_B0,269,brier,-1.8852702105066813e-05,157
B1_vs_B0,269,log_loss,-6.556127557296858e-05,157
B1_vs_B0,270,brier,-1.7401186123098407e-06,157
B1_vs_B0,270,log_loss,-1.7546858477000206e-05,157
B1_vs_B0,271,brier,1.0604386701733859e-05,157
B1_vs_B0,271,log_loss,1.5989947074277806e-05,157
B1_vs_B0,272,brier,-9.921774727351386e-06,157
B1_vs_B0,272,log_loss,-3.053188511306265e-05,157
B1_vs_B0,273,brier,-2.2440255780809492e-05,157
B1_vs_B0,273,log_loss,-7.350628628180433e-05,157
B1_vs_B0,274,brier,4.675708628808362e-06,157
B1_vs_B0,274,log_loss,1.472250363063785e-05,157
B1_vs_B0,275,brier,-3.5955355535441186e-05,157
B1_vs_B0,275,log_loss,-0.00010395267432825221,157
B1_vs_B0,276,brier,-4.947130637093649e-06,157
B1_vs_B0,276,log_loss,-2.1240667600658372e-05,157
B1_vs_B0,277,brier,-1.076833481617607e-05,157
B1_vs_B0,277,log_loss,-2.8452381870956295e-05,157
B1_vs_B0,278,brier,-2.698907951511447e-05,157
B1_vs_B0,278,log_loss,-8.030351378917321e-05,157
B1_vs_B0,279,brier,1.4951240692870267e-06,157
B1_vs_B0,279,log_loss,9.781568838165248e-06,157
B1_vs_B0,280,brier,-4.180107873893198e-05,157
B1_vs_B0,280,log_loss,-0.00013170011267311327,157
B1_vs_B0,281,brier,1.9193230592630728e-05,157
B1_vs_B0,281,log_loss,4.866486711973336e-05,157
B1_vs_B0,282,brier,7.743715089318524e-06,157
B1_vs_B0,282,log_loss,2.392170067530113e-06,157
B1_vs_B0,283,brier,-9.329750830766477e-06,157
B1_vs_B0,283,log_loss,-2.9549883515012183e-05,157
B1_vs_B0,284,brier,-6.150733934330902e-07,157
B1_vs_B0,284,log_loss,-2.02123050582137e-05,157
B1_vs_B0,285,brier,1.2343150520398486e-06,157
B1_vs_B0,285,log_loss,-2.100110558715433e-05,157
B1_vs_B0,286,brier,-3.0815816690994863e-06,157
B1_vs_B0,286,log_loss,1.4414304892813873e-05,157
B1_vs_B0,287,brier,2.7342287149637354e-05,157
B1_vs_B0,287,log_loss,5.712337483508242e-05,157
B1_vs_B0,288,brier,-4.703310950952795e-05,157
B1_vs_B0,288,log_loss,-0.00014247684960833897,157
B1_vs_B0,289,brier,-2.0393198353855425e-05,157
B1_vs_B0,289,log_loss,-5.7838579258676796e-05,157
B1_vs_B0,290,brier,5.227745958513982e-06,157
B1_vs_B0,290,log_loss,5.9199381905631944e-06,157
B1_vs_B0,291,brier,-3.0320579294844605e-05,157
B1_vs_B0,291,log_loss,-0.0001058694155837476,157
B1_vs_B0,292,brier,8.19583718401597e-06,157
B1_vs_B0,292,log_loss,8.07212446553249e-06,157
B1_vs_B0,293,brier,1.2379547550301443e-05,157
B1_vs_B0,293,log_loss,5.541285466379643e-06,157
B1_vs_B0,294,brier,-6.500536397526198e-06,157
B1_vs_B0,294,log_loss,-3.318052568073802e-05,157
B1_vs_B0,295,brier,2.0467142100786054e-06,157
B1_vs_B0,295,log_loss,1.5309197649894764e-05,157
B1_vs_B0,296,brier,-1.0404300655911144e-06,157
B1_vs_B0,296,log_loss,-8.781045458642282e-07,157
B1_vs_B0,297,brier,3.148792644038573e-05,157
B1_vs_B0,297,log_loss,7.348261534527064e-05,157
B1_vs_B0,298,brier,2.486861853095046e-05,157
B1_vs_B0,298,log_loss,4.833964346320469e-05,157
B1_vs_B0,299,brier,-1.2357230776800619e-05,157
B1_vs_B0,299,log_loss,-4.8638650240975136e-05,157
B1_vs_B0,300,brier,1.780362617538394e-05,157
B1_vs_B0,300,log_loss,2.3936781501788182e-05,157
B1_vs_B0,301,brier,1.165621028684492e-05,157
B1_vs_B0,301,log_loss,3.846984773857299e-05,157
B1_vs_B0,302,brier,-3.335087205847677e-05,157
B1_vs_B0,302,log_loss,-9.589568161481853e-05,157
B1_vs_B0,303,brier,-3.392274764115517e-05,157
B1_vs_B0,303,log_loss,-0.00011039267231637564,157
B1_vs_B0,304,brier,1.5668353673660694e-05,157
B1_vs_B0,304,log_loss,2.329922713196061e-05,157
B1_vs_B0,305,brier,4.2875063636504616e-07,157
B1_vs_B0,305,log_loss,-1.928443473109614e-06,157
B1_vs_B0,306,brier,5.0082475575569295e-05,157
B1_vs_B0,306,log_loss,0.00013688217035389522,157
B1_vs_B0,307,brier,2.571023035297492e-05,157
B1_vs_B0,307,log_loss,6.801054403683816e-05,157
B1_vs_B0,308,brier,1.7518956097160767e-05,157
B1_vs_B0,308,log_loss,3.699199598489454e-05,157
B1_vs_B0,309,brier,-4.289331040774343e-05,157
B1_vs_B0,309,log_loss,-0.00013723743892188968,157
B1_vs_B0,310,brier,-1.934175678038015e-05,157
B1_vs_B0,310,log_loss,-6.431091597051322e-05,157
B1_vs_B0,311,brier,1.5869499608513424e-05,157
B1_vs_B0,311,log_loss,2.9763004661984113e-05,157
B1_vs_B0,312,brier,3.6568851220431645e-05,157
B1_vs_B0,312,log_loss,9.887680144937154e-05,157
B1_vs_B0,313,brier,-3.090707556051315e-05,157
B1_vs_B0,313,log_loss,-8.172891903011251e-05,157
B1_vs_B0,314,brier,-5.434691541966054e-06,157
B1_vs_B0,314,log_loss,-2.1707941618755486e-05,157
B1_vs_B0,315,brier,6.570665182714533e-06,157
B1_vs_B0,315,log_loss,2.831500717698383e-05,157
B1_vs_B0,316,brier,-1.548435472380365e-05,157
B1_vs_B0,316,log_loss,-5.169120829532732e-05,157
B1_vs_B0,317,brier,3.499748809420224e-05,157
B1_vs_B0,317,log_loss,9.171154437601011e-05,157
B1_vs_B0,318,brier,2.310033352923469e-05,157
B1_vs_B0,318,log_loss,5.7432744685745545e-05,157
B1_vs_B0,319,brier,-2.041445021354372e-05,157
B1_vs_B0,319,log_loss,-5.270262900976965e-05,157
B1_vs_B0,320,brier,2.183789313044173e-05,157
B1_vs_B0,320,log_loss,7.42199020412687e-05,157
B1_vs_B0,321,brier,1.4200836891322342e-05,157
B1_vs_B0,321,log_loss,2.474803163649177e-05,157
B1_vs_B0,322,brier,-1.0280217249200671e-05,157
B1_vs_B0,322,log_loss,-5.129551151167073e-05,157
B1_vs_B0,323,brier,1.1946357764518616e-05,157
B1_vs_B0,323,log_loss,2.5505937395177415e-05,157
B1_vs_B0,324,brier,-5.7757266381865896e-05,157
B1_vs_B0,324,log_loss,-0.00016685786990473428,157
B1_vs_B0,325,brier,6.596789566709518e-05,157
B1_vs_B0,325,log_loss,0.0001566252893010897,157
B1_vs_B0,326,brier,1.4284359261784138e-05,157
B1_vs_B0,326,log_loss,3.436573158067909e-05,157
B1_vs_B0,327,brier,2.7955193623784292e-05,157
B1_vs_B0,327,log_loss,7.484766544977925e-05,157
B1_vs_B0,328,brier,2.4011518337313884e-05,157
B1_vs_B0,328,log_loss,5.142557516991961e-05,157
B1_vs_B0,329,brier,-7.360280536548279e-07,157
B1_vs_B0,329,log_loss,1.2897250231602792e-05,157
B1_vs_B0,330,brier,-1.8821976814342112e-05,157
B1_vs_B0,330,log_loss,-7.502218967350576e-05,157
B1_vs_B0,331,brier,-1.8690419800605396e-05,157
B1_vs_B0,331,log_loss,-4.686346254832013e-05,157
B1_vs_B0,332,brier,-1.4235283307129253e-06,157
B1_vs_B0,332,log_loss,-8.70943314793916e-06,157
B1_vs_B0,333,brier,-2.380131649272507e-05,157
B1_vs_B0,333,log_loss,-6.267283520671825e-05,157
B1_vs_B0,334,brier,-3.335518272236806e-05,157
B1_vs_B0,334,log_loss,-8.945168866772192e-05,157
B1_vs_B0,335,brier,-1.6653823448110183e-05,157
B1_vs_B0,335,log_loss,-5.410384754071455e-05,157
B1_vs_B0,336,brier,1.9089811830461562e-05,157
B1_vs_B0,336,log_loss,4.3102327824293565e-05,157
B1_vs_B0,337,brier,1.1335522685726312e-05,157
B1_vs_B0,337,log_loss,3.473548918062231e-05,157
B1_vs_B0,338,brier,-6.232487621440276e-06,157
B1_vs_B0,338,log_loss,-2.3262787818525713e-05,157
B1_vs_B0,339,brier,-1.5727449967945293e-05,157
B1_vs_B0,339,log_loss,-5.067522249685384e-05,157
B1_vs_B0,340,brier,-3.60593674543888e-05,157
B1_vs_B0,340,log_loss,-0.0001027501763135006,157
B1_vs_B0,341,brier,1.9928604803483667e-06,157
B1_vs_B0,341,log_loss,-2.8761938728325354e-06,157
B1_vs_B0,342,brier,-1.4955303699584037e-05,157
B1_vs_B0,342,log_loss,-6.109584760374709e-05,157
B1_vs_B0,343,brier,1.6490693808845946e-05,157
B1_vs_B0,343,log_loss,3.7134633703218596e-05,157
B1_vs_B0,344,brier,1.9818396423440192e-05,157
B1_vs_B0,344,log_loss,5.703106181152883e-05,157
B1_vs_B0,345,brier,4.2710508553667684e-06,157
B1_vs_B0,345,log_loss,-1.2783889948421463e-07,157
B1_vs_B0,346,brier,2.9063550315054867e-06,157
B1_vs_B0,346,log_loss,1.0772121081361437e-05,157
B1_vs_B0,347,brier,1.4533572500675166e-05,157
B1_vs_B0,347,log_loss,3.600646149307816e-05,157
B1_vs_B0,348,brier,-2.205343370176686e-05,157
B1_vs_B0,348,log_loss,-6.24173061413807e-05,157
B1_vs_B0,349,brier,-1.7572879781176978e-05,157
B1_vs_B0,349,log_loss,-5.433569360791732e-05,157
B1_vs_B0,350,brier,-5.124314472536243e-06,157
B1_vs_B0,350,log_loss,-2.1482684888764105e-05,157
B1_vs_B0,351,brier,6.045453928362376e-06,157
B1_vs_B0,351,log_loss,-1.861786908533824e-06,157
B1_vs_B0,352,brier,-7.001337351159364e-06,157
B1_vs_B0,352,log_loss,-2.2923399596165226e-05,157
B1_vs_B0,353,brier,5.860385246901107e-06,157
B1_vs_B0,353,log_loss,7.420128365541611e-06,157
B1_vs_B0,354,brier,3.7710793466525567e-06,157
B1_vs_B0,354,log_loss,2.301751636500793e-05,157
B1_vs_B0,355,brier,-8.542642936497541e-06,157
B1_vs_B0,355,log_loss,-2.54990983585803e-05,157
B1_vs_B0,356,brier,-9.462589147419117e-07,157
B1_vs_B0,356,log_loss,-1.2053459348390345e-05,157
B1_vs_B0,357,brier,1.7183526328050626e-05,157
B1_vs_B0,357,log_loss,4.4717922218004706e-05,157
B1_vs_B0,358,brier,-1.8859459941413803e-05,157
B1_vs_B0,358,log_loss,-3.638036095796863e-05,157
B1_vs_B0,359,brier,6.740263676444081e-06,157
B1_vs_B0,359,log_loss,7.865610074699823e-07,157
B1_vs_B0,360,brier,5.329611455792584e-05,157
B1_vs_B0,360,log_loss,0.00013841617614682256,157
B1_vs_B0,361,brier,1.1620174958872831e-05,157
B1_vs_B0,361,log_loss,3.39448486694938e-05,157
B1_vs_B0,362,brier,-1.093411003008984e-05,157
B1_vs_B0,362,log_loss,-2.0545737117037e-05,157
B1_vs_B0,363,brier,7.386298836451598e-07,157
B1_vs_B0,363,log_loss,8.610316804518263e-06,157
B1_vs_B0,364,brier,-1.223855205660291e-06,157
B1_vs_B0,364,log_loss,-1.293980371770722e-05,157
B1_vs_B0,365,brier,1.1069436884323798e-05,157
B1_vs_B0,365,log_loss,1.9868432112299373e-05,157
B1_vs_B0,366,brier,1.3470555346347716e-05,157
B1_vs_B0,366,log_loss,3.916068990581615e-05,157
B1_vs_B0,367,brier,3.921710096296084e-05,157
B1_vs_B0,367,log_loss,0.00010303364128526002,157
B1_vs_B0,368,brier,3.0755276538999885e-06,157
B1_vs_B0,368,log_loss,7.441678478924648e-06,157
B1_vs_B0,369,brier,-2.4685536554191294e-06,157
B1_vs_B0,369,log_loss,-9.374555287680622e-06,157
B1_vs_B0,370,brier,-2.9384303604106294e-05,157
B1_vs_B0,370,log_loss,-7.144695561786512e-05,157
B1_vs_B0,371,brier,9.954764012638604e-06,157
B1_vs_B0,371,log_loss,2.1420695647634452e-05,157
B1_vs_B0,372,brier,1.372793817868917e-05,157
B1_vs_B0,372,log_loss,4.4651930145405505e-05,157
B1_vs_B0,373,brier,1.870120522116519e-05,157
B1_vs_B0,373,log_loss,5.15421539141027e-05,157
B1_vs_B0,374,brier,-5.358112215802788e-06,157
B1_vs_B0,374,log_loss,-2.807292836181828e-05,157
B1_vs_B0,375,brier,1.487578858363388e-05,157
B1_vs_B0,375,log_loss,3.166630662041575e-05,157
B1_vs_B0,376,brier,5.479209008092463e-07,157
B1_vs_B0,376,log_loss,2.0782705994220027e-05,157
B1_vs_B0,377,brier,-1.051660071794999e-05,157
B1_vs_B0,377,log_loss,-3.781616340018628e-05,157
B1_vs_B0,378,brier,2.8058543735817918e-05,157
B1_vs_B0,378,log_loss,6.0732351002404395e-05,157
B1_vs_B0,379,brier,2.328325600831872e-05,157
B1_vs_B0,379,log_loss,4.7893178186709105e-05,157
B1_vs_B0,380,brier,-1.0909390135428468e-05,157
B1_vs_B0,380,log_loss,-1.4681027179873224e-05,157
B1_vs_B0,381,brier,-1.507807835864753e-05,157
B1_vs_B0,381,log_loss,-4.196304311150347e-05,157
B1_vs_B0,382,brier,4.1994482315920673e-05,157
B1_vs_B0,382,log_loss,9.851801865981232e-05,157
B1_vs_B0,383,brier,4.904897596789682e-05,157
B1_vs_B0,383,log_loss,0.00012319037831518887,157
B1_vs_B0,384,brier,1.1134545604188662e-05,157
B1_vs_B0,384,log_loss,1.9694058354666756e-05,157
B1_vs_B0,385,brier,-3.736425503550127e-05,157
B1_vs_B0,385,log_loss,-0.00010036493345621403,157
B1_vs_B0,386,brier,2.7861150342094178e-05,157
B1_vs_B0,386,log_loss,7.249162125245049e-05,157
B1_vs_B0,387,brier,2.103805170582925e-05,157
B1_vs_B0,387,log_loss,5.6757550011095254e-05,157
B1_vs_B0,388,brier,5.0640199761388864e-05,157
B1_vs_B0,388,log_loss,0.00012574428082921213,157
B1_vs_B0,389,brier,1.6743005424815157e-05,157
B1_vs_B0,389,log_loss,3.936753249428977e-05,157
B1_vs_B0,390,brier,-2.446047511172576e-06,157
B1_vs_B0,390,log_loss,-2.737603820474253e-05,157
B1_vs_B0,391,brier,2.0002706824327206e-05,157
B1_vs_B0,391,log_loss,5.94567510993629e-05,157
B1_vs_B0,392,brier,-3.7232809056609724e-05,157
B1_vs_B0,392,log_loss,-0.00011509486697373207,157
B1_vs_B0,393,brier,-9.608437649298829e-06,157
B1_vs_B0,393,log_loss,-3.585151135391274e-05,157
B1_vs_B0,394,brier,-9.470466709352315e-06,157
B1_vs_B0,394,log_loss,-5.76423103618719e-06,157
B1_vs_B0,395,brier,1.3349843971395785e-05,157
B1_vs_B0,395,log_loss,2.465417591178681e-05,157
B1_vs_B0,396,brier,-2.271114752903379e-06,157
B1_vs_B0,396,log_loss,-2.0308909273509567e-05,157
B1_vs_B0,397,brier,-2.0783663722047054e-05,157
B1_vs_B0,397,log_loss,-7.924897450309855e-05,157
B1_vs_B0,398,brier,-2.7283257962059163e-05,157
B1_vs_B0,398,log_loss,-0.00010589086071082563,157
B1_vs_B0,399,brier,-2.5944368560017176e-05,157
B1_vs_B0,399,log_loss,-8.200122421389469e-05,157
B1_vs_B0,400,brier,-8.265857224369469e-06,157
B1_vs_B0,400,log_loss,-6.455354781682919e-05,157
B1_vs_B0,401,brier,1.1313044352152944e-05,157
B1_vs_B0,401,log_loss,3.6675287172582525e-05,157
B1_vs_B0,402,brier,6.419689104866602e-05,157
B1_vs_B0,402,log_loss,0.00014258515704379982,157
B1_vs_B0,403,brier,3.5720997031266125e-05,157
B1_vs_B0,403,log_loss,8.700375597213046e-05,157
B1_vs_B0,404,brier,2.6325868374131262e-05,157
B1_vs_B0,404,log_loss,8.074913289720791e-05,157
B1_vs_B0,405,brier,1.1610805792464572e-05,157
B1_vs_B0,405,log_loss,1.9971983104496833e-05,157
B1_vs_B0,406,brier,1.3105173432388507e-05,157
B1_vs_B0,406,log_loss,2.1357616383629947e-05,157
B1_vs_B0,407,brier,3.285286373254653e-06,157
B1_vs_B0,407,log_loss,-2.281737112576522e-06,157
B1_vs_B0,408,brier,-9.400698545176814e-07,157
B1_vs_B0,408,log_loss,-4.372218911875416e-06,157
B1_vs_B0,409,brier,3.4011126450363056e-05,157
B1_vs_B0,409,log_loss,9.734382799969895e-05,157
B1_vs_B0,410,brier,-5.583992402099631e-05,157
B1_vs_B0,410,log_loss,-0.00014833065345617625,157
B1_vs_B0,411,brier,-1.145673966446724e-05,157
B1_vs_B0,411,log_loss,-2.8561160690786892e-05,157
B1_vs_B0,412,brier,1.9414367210195144e-05,157
B1_vs_B0,412,log_loss,5.169908876476829e-05,157
B1_vs_B0,413,brier,-8.367805442626035e-06,157
B1_vs_B0,413,log_loss,-4.322435714836644e-05,157
B1_vs_B0,414,brier,-2.0179834188807536e-05,157
B1_vs_B0,414,log_loss,-6.887455921586023e-05,157
B1_vs_B0,415,brier,3.1900802205640325e-05,157
B1_vs_B0,415,log_loss,7.817147102786733e-05,157
B1_vs_B0,416,brier,-3.0388451293556454e-05,157
B1_vs_B0,416,log_loss,-7.74370752280581e-05,157
B1_vs_B0,417,brier,1.640562764115866e-05,157
B1_vs_B0,417,log_loss,3.416790112396657e-05,157
B1_vs_B0,418,brier,3.561646288825788e-06,157
B1_vs_B0,418,log_loss,3.5927356784942594e-06,157
B1_vs_B0,419,brier,-1.16963688033913e-06,157
B1_vs_B0,419,log_loss,-1.618576847647099e-05,157
B1_vs_B0,420,brier,3.255358602723654e-05,157
B1_vs_B0,420,log_loss,7.949280260731965e-05,157
B1_vs_B0,421,brier,1.7662362783859104e-05,157
B1_vs_B0,421,log_loss,3.156459562446651e-05,157
B1_vs_B0,422,brier,-6.975644444476163e-05,157
B1_vs_B0,422,log_loss,-0.00019429608179445676,157
B1_vs_B0,423,brier,1.6764057490185773e-05,157
B1_vs_B0,423,log_loss,4.5627067133632985e-05,157
B1_vs_B0,424,brier,-1.6878552547216571e-06,157
B1_vs_B0,424,log_loss,-1.759394014294589e-05,157
B1_vs_B0,425,brier,3.974355964874752e-05,157
B1_vs_B0,425,log_loss,0.000109271877426935,157
B1_vs_B0,426,brier,2.4317781899604936e-05,157
B1_vs_B0,426,log_loss,6.723393466376439e-05,157
B1_vs_B0,427,brier,1.2924232089019493e-06,157
B1_vs_B0,427,log_loss,-7.382865716070062e-06,157
B1_vs_B0,428,brier,-6.966872376512958e-06,157
B1_vs_B0,428,log_loss,-2.1881812138593134e-05,157
B1_vs_B0,429,brier,1.4672928930606916e-05,157
B1_vs_B0,429,log_loss,1.7002179220568156e-05,157
B1_vs_B0,430,brier,2.654561759598467e-05,157
B1_vs_B0,430,log_loss,6.328839286898921e-05,157
B1_vs_B0,431,brier,2.9203815989479648e-05,157
B1_vs_B0,431,log_loss,9.133912430469092e-05,157
B1_vs_B0,432,brier,5.818715874359307e-05,157
B1_vs_B0,432,log_loss,0.00014783917191913535,157
B1_vs_B0,433,brier,3.148607083791409e-05,157
B1_vs_B0,433,log_loss,9.085796511778264e-05,157
B1_vs_B0,434,brier,-1.3913472092198998e-05,157
B1_vs_B0,434,log_loss,-4.5889297219292615e-05,157
B1_vs_B0,435,brier,1.5997311570615055e-05,157
B1_vs_B0,435,log_loss,1.698041419787238e-05,157
B1_vs_B0,436,brier,1.820197534998537e-05,157
B1_vs_B0,436,log_loss,3.137833438639299e-05,157
B1_vs_B0,437,brier,4.29675326872562e-05,157
B1_vs_B0,437,log_loss,0.00012573146349495058,157
B1_vs_B0,438,brier,4.906520549278803e-05,157
B1_vs_B0,438,log_loss,0.00011894246080508208,157
B1_vs_B0,439,brier,-2.4850716946038196e-05,157
B1_vs_B0,439,log_loss,-6.969247727493101e-05,157
B1_vs_B0,440,brier,1.04325719745327e-05,157
B1_vs_B0,440,log_loss,2.448629564912342e-05,157
B1_vs_B0,441,brier,-4.092161199459966e-06,157
B1_vs_B0,441,log_loss,-1.987260206954951e-05,157
B1_vs_B0,442,brier,3.7825423710635887e-06,157
B1_vs_B0,442,log_loss,3.719768640094963e-06,157
B1_vs_B0,443,brier,1.3602491494379129e-05,157
B1_vs_B0,443,log_loss,4.698961890623382e-05,157
B1_vs_B0,444,brier,6.747250207840481e-06,157
B1_vs_B0,444,log_loss,2.442922042876104e-05,157
B1_vs_B0,445,brier,-4.299692299474974e-05,157
B1_vs_B0,445,log_loss,-0.00011973401640486462,157
B1_vs_B0,446,brier,-9.481253849540956e-06,157
B1_vs_B0,446,log_loss,-1.9968192285813624e-05,157
B1_vs_B0,447,brier,-2.886707425658334e-06,157
B1_vs_B0,447,log_loss,2.964666471566347e-06,157
B1_vs_B0,448,brier,1.636134118516732e-05,157
B1_vs_B0,448,log_loss,4.221205626968097e-05,157
B1_vs_B0,449,brier,4.918024083153379e-05,157
B1_vs_B0,449,log_loss,0.00012410732492372783,157
B1_vs_B0,450,brier,4.4266952207391476e-06,157
B1_vs_B0,450,log_loss,1.8143894754170195e-05,157
B1_vs_B0,451,brier,2.6270192235387996e-05,157
B1_vs_B0,451,log_loss,7.138631559649407e-05,157
B1_vs_B0,452,brier,1.715176414078072e-05,157
B1_vs_B0,452,log_loss,4.94341306047344e-05,157
B1_vs_B0,453,brier,-3.679671717133671e-05,157
B1_vs_B0,453,log_loss,-9.9940927394977e-05,157
B1_vs_B0,454,brier,-6.055346120113696e-05,157
B1_vs_B0,454,log_loss,-0.0001729679704756193,157
B1_vs_B0,455,brier,-2.74493217548067e-05,157
B1_vs_B0,455,log_loss,-7.22346743650305e-05,157
B1_vs_B0,456,brier,8.828993857173187e-06,157
B1_vs_B0,456,log_loss,2.102030939480415e-05,157
B1_vs_B0,457,brier,8.22536457107164e-06,157
B1_vs_B0,457,log_loss,2.431288595603681e-05,157
B1_vs_B0,458,brier,-1.946255521420348e-05,157
B1_vs_B0,458,log_loss,-5.855022238417321e-05,157
B1_vs_B0,459,brier,3.271039943164818e-05,157
B1_vs_B0,459,log_loss,7.494252792038819e-05,157
B1_vs_B0,460,brier,-3.860818193600206e-06,157
B1_vs_B0,460,log_loss,-1.6349927813603245e-05,157
B1_vs_B0,461,brier,9.794921407946759e-06,157
B1_vs_B0,461,log_loss,4.320689797289768e-05,157
B1_vs_B0,462,brier,3.5390604578567e-05,157
B1_vs_B0,462,log_loss,6.861190390268925e-05,157
B1_vs_B0,463,brier,1.5887424698855052e-05,157
B1_vs_B0,463,log_loss,5.161713449329182e-05,157
B1_vs_B0,464,brier,1.2440905900956539e-05,157
B1_vs_B0,464,log_loss,2.5995094731739096e-05,157
B1_vs_B0,465,brier,-2.8239626861337115e-05,157
B1_vs_B0,465,log_loss,-6.963558794122379e-05,157
B1_vs_B0,466,brier,-9.71749205840428e-06,157
B1_vs_B0,466,log_loss,-3.009721322449876e-05,157
B1_vs_B0,467,brier,1.1028894505153393e-05,157
B1_vs_B0,467,log_loss,3.05556090642018e-05,157
B1_vs_B0,468,brier,2.7585841856176693e-05,157
B1_vs_B0,468,log_loss,7.109067989567825e-05,157
B1_vs_B0,469,brier,-6.959875312582728e-05,157
B1_vs_B0,469,log_loss,-0.00019663295394745548,157
B1_vs_B0,470,brier,-4.476548450704143e-05,157
B1_vs_B0,470,log_loss,-0.00011433231640122368,157
B1_vs_B0,471,brier,-1.3989603618952522e-05,157
B1_vs_B0,471,log_loss,-3.576042767032756e-05,157
B1_vs_B0,472,brier,2.6938144501879858e-05,157
B1_vs_B0,472,log_loss,7.770783258502922e-05,157
B1_vs_B0,473,brier,4.840097401596644e-05,157
B1_vs_B0,473,log_loss,0.00011730280949412377,157
B1_vs_B0,474,brier,-1.4281085514248637e-05,157
B1_vs_B0,474,log_loss,-4.4157966453256614e-05,157
B1_vs_B0,475,brier,-4.449096425667805e-06,157
B1_vs_B0,475,log_loss,-1.7204787373602383e-05,157
B1_vs_B0,476,brier,2.4645058531575e-05,157
B1_vs_B0,476,log_loss,4.83904785034132e-05,157
B1_vs_B0,477,brier,-1.5234229077806724e-05,157
B1_vs_B0,477,log_loss,-5.014935230432539e-05,157
B1_vs_B0,478,brier,-2.0884395799630425e-05,157
B1_vs_B0,478,log_loss,-6.448212350357676e-05,157
B1_vs_B0,479,brier,-2.1194166866152034e-05,157
B1_vs_B0,479,log_loss,-5.9839892147577576e-05,157
B1_vs_B0,480,brier,2.0384526905331615e-05,157
B1_vs_B0,480,log_loss,5.1121655206892336e-05,157
B1_vs_B0,481,brier,2.1013523621503277e-05,157
B1_vs_B0,481,log_loss,5.615074652024996e-05,157
B1_vs_B0,482,brier,-3.4992784378264556e-05,157
B1_vs_B0,482,log_loss,-0.0001072411451536662,157
B1_vs_B0,483,brier,1.0054752660446867e-05,157
B1_vs_B0,483,log_loss,2.178098379903348e-05,157
B1_vs_B0,484,brier,4.737798903749733e-06,157
B1_vs_B0,484,log_loss,1.2539600409207203e-05,157
B1_vs_B0,485,brier,-2.020612559240342e-05,157
B1_vs_B0,485,log_loss,-7.181542262040828e-05,157
B1_vs_B0,486,brier,-1.7463932787698287e-05,157
B1_vs_B0,486,log_loss,-7.313936446334796e-05,157
B1_vs_B0,487,brier,3.6880327954904105e-05,157
B1_vs_B0,487,log_loss,9.409629759564545e-05,157
B1_vs_B0,488,brier,-8.683824154333925e-06,157
B1_vs_B0,488,log_loss,-3.2150613801004464e-05,157
B1_vs_B0,489,brier,1.064740574300311e-05,157
B1_vs_B0,489,log_loss,3.889914679939474e-05,157
B1_vs_B0,490,brier,3.468446538041283e-05,157
B1_vs_B0,490,log_loss,5.820103269307653e-05,157
B1_vs_B0,491,brier,5.7804575569694754e-05,157
B1_vs_B0,491,log_loss,0.00013933060481193814,157
B1_vs_B0,492,brier,6.494539715434585e-06,157
B1_vs_B0,492,log_loss,-6.8443700784160034e-06,157
B1_vs_B0,493,brier,2.4589762046917208e-05,157
B1_vs_B0,493,log_loss,4.96388865368173e-05,157
B1_vs_B0,494,brier,-1.8549327409056824e-05,157
B1_vs_B0,494,log_loss,-6.407454518403294e-05,157
B1_vs_B0,495,brier,-2.1420274970046114e-05,157
B1_vs_B0,495,log_loss,-7.64025170584778e-05,157
B1_vs_B0,496,brier,-4.8616977892598535e-06,157
B1_vs_B0,496,log_loss,-1.5153175118231279e-05,157
B1_vs_B0,497,brier,3.869522351396556e-05,157
B1_vs_B0,497,log_loss,9.950539922763189e-05,157
B1_vs_B0,498,brier,-4.091737953621935e-06,157
B1_vs_B0,498,log_loss,-1.806508675273555e-05,157
B1_vs_B0,499,brier,3.754758998278816e-06,157
B1_vs_B0,499,log_loss,1.6134559974025386e-05,157
C1_vs_C0,0,brier,7.591991989683189e-05,157
C1_vs_C0,0,log_loss,-0.0011290807405515252,157
C1_vs_C0,1,brier,-0.00037529748561018414,157
C1_vs_C0,1,log_loss,-0.0024370450615710435,157
C1_vs_C0,2,brier,-0.0007360203602746316,157
C1_vs_C0,2,log_loss,-0.0036618668628181686,157
C1_vs_C0,3,brier,-0.00018953959032367107,157
C1_vs_C0,3,log_loss,-0.0013723612892587137,157
C1_vs_C0,4,brier,-0.0003940323876307933,157
C1_vs_C0,4,log_loss,-0.002642860717454729,157
C1_vs_C0,5,brier,-0.0004481663732986731,157
C1_vs_C0,5,log_loss,-0.001953000276250108,157
C1_vs_C0,6,brier,7.03729903446752e-05,157
C1_vs_C0,6,log_loss,-0.0013385469747047311,157
C1_vs_C0,7,brier,-8.977953547871489e-05,157
C1_vs_C0,7,log_loss,-0.001314891771036274,157
C1_vs_C0,8,brier,-1.6238389113354734e-06,157
C1_vs_C0,8,log_loss,-0.0017160744907185976,157
C1_vs_C0,9,brier,-0.00022527159648904265,157
C1_vs_C0,9,log_loss,-0.0014717636993585434,157
C1_vs_C0,10,brier,-0.00017997871547328602,157
C1_vs_C0,10,log_loss,-0.001068576385501526,157
C1_vs_C0,11,brier,-0.00032479362723252073,157
C1_vs_C0,11,log_loss,-0.002589544159506767,157
C1_vs_C0,12,brier,-6.591720343285446e-05,157
C1_vs_C0,12,log_loss,-0.001585224214624385,157
C1_vs_C0,13,brier,-0.00014540695389572616,157
C1_vs_C0,13,log_loss,-0.000946225391331903,157
C1_vs_C0,14,brier,0.0001753709382570562,157
C1_vs_C0,14,log_loss,-0.00027184706362691057,157
C1_vs_C0,15,brier,0.00030052698037165215,157
C1_vs_C0,15,log_loss,-0.0005395039831739661,157
C1_vs_C0,16,brier,6.614776719282061e-05,157
C1_vs_C0,16,log_loss,-0.0010935122287325798,157
C1_vs_C0,17,brier,-0.00020994106717866034,157
C1_vs_C0,17,log_loss,-0.002466029808882073,157
C1_vs_C0,18,brier,-0.0003388838693523231,157
C1_vs_C0,18,log_loss,-0.002221924478636809,157
C1_vs_C0,19,brier,0.00024001668229109327,157
C1_vs_C0,19,log_loss,-0.0005890944162006041,157
C1_vs_C0,20,brier,5.97215251265779e-05,157
C1_vs_C0,20,log_loss,-0.0008174429534708215,157
C1_vs_C0,21,brier,-0.00017991158572088186,157
C1_vs_C0,21,log_loss,-0.0009839739772603416,157
C1_vs_C0,22,brier,0.0001763741865984174,157
C1_vs_C0,22,log_loss,-0.0008479778126611506,157
C1_vs_C0,23,brier,-3.908419413555159e-05,157
C1_vs_C0,23,log_loss,-0.0009221439218646059,157
C1_vs_C0,24,brier,-0.0005123071967578686,157
C1_vs_C0,24,log_loss,-0.0030308566186605067,157
C1_vs_C0,25,brier,-6.057022055244456e-05,157
C1_vs_C0,25,log_loss,-0.0014918138519591476,157
C1_vs_C0,26,brier,-0.0003339276508091145,157
C1_vs_C0,26,log_loss,-0.002708244298184663,157
C1_vs_C0,27,brier,-0.0005325812946318315,157
C1_vs_C0,27,log_loss,-0.003144182000932363,157
C1_vs_C0,28,brier,-0.00022442757589420713,157
C1_vs_C0,28,log_loss,-0.0019063336641770312,157
C1_vs_C0,29,brier,-0.0003039547249078217,157
C1_vs_C0,29,log_loss,-0.0019936968120453395,157
C1_vs_C0,30,brier,-0.00020124697663664848,157
C1_vs_C0,30,log_loss,-0.001691135709194933,157
C1_vs_C0,31,brier,-6.68416956227409e-05,157
C1_vs_C0,31,log_loss,-0.0013975750459392735,157
C1_vs_C0,32,brier,-0.0003213972981330961,157
C1_vs_C0,32,log_loss,-0.002034119706973258,157
C1_vs_C0,33,brier,-0.0003577794756381753,157
C1_vs_C0,33,log_loss,-0.0017717613001770511,157
C1_vs_C0,34,brier,-6.599758725155352e-05,157
C1_vs_C0,34,log_loss,-0.0011328001900041524,157
C1_vs_C0,35,brier,3.090381755397004e-05,157
C1_vs_C0,35,log_loss,-0.0010109704351877274,157
C1_vs_C0,36,brier,-0.0004066865772643924,157
C1_vs_C0,36,log_loss,-0.002438203794094964,157
C1_vs_C0,37,brier,-0.0005472143063448862,157
C1_vs_C0,37,log_loss,-0.0030555959100975914,157
C1_vs_C0,38,brier,-0.0005454968779257434,157
C1_vs_C0,38,log_loss,-0.003104802310297054,157
C1_vs_C0,39,brier,-0.00037271137506078594,157
C1_vs_C0,39,log_loss,-0.0021002867311170647,157
C1_vs_C0,40,brier,-0.00012004974425228665,157
C1_vs_C0,40,log_loss,-0.00179718348377203,157
C1_vs_C0,41,brier,-0.00029035765181888444,157
C1_vs_C0,41,log_loss,-0.0018383671524369604,157
C1_vs_C0,42,brier,-0.00025887978868908393,157
C1_vs_C0,42,log_loss,-0.002115164696951028,157
C1_vs_C0,43,brier,-0.00044009420972136514,157
C1_vs_C0,43,log_loss,-0.0031127160204577667,157
C1_vs_C0,44,brier,9.655823437315547e-07,157
C1_vs_C0,44,log_loss,-0.0018402374180321558,157
C1_vs_C0,45,brier,-0.00048415240380114184,157
C1_vs_C0,45,log_loss,-0.0025558423445406282,157
C1_vs_C0,46,brier,-0.0004502387039380812,157
C1_vs_C0,46,log_loss,-0.002029234581671977,157
C1_vs_C0,47,brier,-0.00011303793266050904,157
C1_vs_C0,47,log_loss,-0.0017977286229523537,157
C1_vs_C0,48,brier,0.0001461976097293998,157
C1_vs_C0,48,log_loss,-0.0008893176442945113,157
C1_vs_C0,49,brier,-0.0003169869108281151,157
C1_vs_C0,49,log_loss,-0.0027679966587692813,157
C1_vs_C0,50,brier,-7.290183381803366e-05,157
C1_vs_C0,50,log_loss,-0.0016786112676089359,157
C1_vs_C0,51,brier,-0.00038356560331023515,157
C1_vs_C0,51,log_loss,-0.0020635736251892376,157
C1_vs_C0,52,brier,-0.00030269130990519174,157
C1_vs_C0,52,log_loss,-0.0017153711485118238,157
C1_vs_C0,53,brier,-0.0008384383230351903,157
C1_vs_C0,53,log_loss,-0.0036710593250101897,157
C1_vs_C0,54,brier,-0.00027451664162182505,157
C1_vs_C0,54,log_loss,-0.0019986375181522092,157
C1_vs_C0,55,brier,6.193298435399354e-05,157
C1_vs_C0,55,log_loss,-0.0008333140273475103,157
C1_vs_C0,56,brier,-0.00014328547920893872,157
C1_vs_C0,56,log_loss,-0.0011609629466466658,157
C1_vs_C0,57,brier,-0.00013398758037611386,157
C1_vs_C0,57,log_loss,-0.0006248590186568757,157
C1_vs_C0,58,brier,-0.0003695218300846237,157
C1_vs_C0,58,log_loss,-0.0018743547973438298,157
C1_vs_C0,59,brier,-0.00036225037179034677,157
C1_vs_C0,59,log_loss,-0.002994602784545037,157
C1_vs_C0,60,brier,-0.0004888152568165197,157
C1_vs_C0,60,log_loss,-0.0022628296459083646,157
C1_vs_C0,61,brier,-0.0008137408208095183,157
C1_vs_C0,61,log_loss,-0.0034319328373190283,157
C1_vs_C0,62,brier,-0.00028836610848651374,157
C1_vs_C0,62,log_loss,-0.0029377756435105392,157
C1_vs_C0,63,brier,-0.0003142077346357236,157
C1_vs_C0,63,log_loss,-0.0019950986761689076,157
C1_vs_C0,64,brier,-0.00035135589382381935,157
C1_vs_C0,64,log_loss,-0.002522065677997887,157
C1_vs_C0,65,brier,-0.0004403378091312331,157
C1_vs_C0,65,log_loss,-0.0024851017321638872,157
C1_vs_C0,66,brier,-0.0003919846116697837,157
C1_vs_C0,66,log_loss,-0.002554504055942932,157
C1_vs_C0,67,brier,-0.00047418739359590044,157
C1_vs_C0,67,log_loss,-0.0029980983181418118,157
C1_vs_C0,68,brier,-0.00018004364621563703,157
C1_vs_C0,68,log_loss,-0.0022933120021906973,157
C1_vs_C0,69,brier,-0.0003164006749244637,157
C1_vs_C0,69,log_loss,-0.001955664294206554,157
C1_vs_C0,70,brier,-0.00011555816126068065,157
C1_vs_C0,70,log_loss,-0.0016379756875603843,157
C1_vs_C0,71,brier,-0.0008710971549413394,157
C1_vs_C0,71,log_loss,-0.0036732352310843834,157
C1_vs_C0,72,brier,-8.715106591703609e-06,157
C1_vs_C0,72,log_loss,-0.0013433335142063571,157
C1_vs_C0,73,brier,-0.0002769633472557717,157
C1_vs_C0,73,log_loss,-0.002384103487916836,157
C1_vs_C0,74,brier,0.0003130899361431831,157
C1_vs_C0,74,log_loss,-0.00033312261925666557,157
C1_vs_C0,75,brier,-0.0005238111802138996,157
C1_vs_C0,75,log_loss,-0.003523334014901552,157
C1_vs_C0,76,brier,-0.00030068167109033886,157
C1_vs_C0,76,log_loss,-0.0022737343705370398,157
C1_vs_C0,77,brier,7.0698816690226e-05,157
C1_vs_C0,77,log_loss,-0.000670844435340029,157
C1_vs_C0,78,brier,-0.00020877295025049176,157
C1_vs_C0,78,log_loss,-0.002707661008993742,157
C1_vs_C0,79,brier,-0.0003274044155212492,157
C1_vs_C0,79,log_loss,-0.0024534720172153263,157
C1_vs_C0,80,brier,-8.582542776363367e-06,157
C1_vs_C0,80,log_loss,-0.001218984830715887,157
C1_vs_C0,81,brier,-0.0004072263932821397,157
C1_vs_C0,81,log_loss,-0.002922306289245145,157
C1_vs_C0,82,brier,-0.0003505059507148217,157
C1_vs_C0,82,log_loss,-0.0021271353603236334,157
C1_vs_C0,83,brier,-0.0002671779011313563,157
C1_vs_C0,83,log_loss,-0.002505725285709445,157
C1_vs_C0,84,brier,-0.0004409170288458321,157
C1_vs_C0,84,log_loss,-0.002938949342117288,157
C1_vs_C0,85,brier,-6.933521736176879e-05,157
C1_vs_C0,85,log_loss,-0.0016794530673432519,157
C1_vs_C0,86,brier,2.082680418850135e-05,157
C1_vs_C0,86,log_loss,-0.001271570965126922,157
C1_vs_C0,87,brier,-0.00023526871138071658,157
C1_vs_C0,87,log_loss,-0.0018351128204340333,157
C1_vs_C0,88,brier,-0.0002544846903403735,157
C1_vs_C0,88,log_loss,-0.002068311250757433,157
C1_vs_C0,89,brier,-0.00037585229916422777,157
C1_vs_C0,89,log_loss,-0.0023631148382717523,157
C1_vs_C0,90,brier,-0.0007206169228656074,157
C1_vs_C0,90,log_loss,-0.003874995683533597,157
C1_vs_C0,91,brier,-6.104675417047004e-05,157
C1_vs_C0,91,log_loss,-0.0016472875765977427,157
C1_vs_C0,92,brier,0.00013086948572673751,157
C1_vs_C0,92,log_loss,-0.0007487726568409531,157
C1_vs_C0,93,brier,-0.00023382960460831156,157
C1_vs_C0,93,log_loss,-0.0019190307518866675,157
C1_vs_C0,94,brier,-0.00014836913623408966,157
C1_vs_C0,94,log_loss,-0.002062558864846499,157
C1_vs_C0,95,brier,-0.0001958121966219547,157
C1_vs_C0,95,log_loss,-0.0010037655038864545,157
C1_vs_C0,96,brier,0.0002969717888638266,157
C1_vs_C0,96,log_loss,-0.00027949519232058827,157
C1_vs_C0,97,brier,-0.00045181961644911333,157
C1_vs_C0,97,log_loss,-0.0032239250513308765,157
C1_vs_C0,98,brier,0.00012150180813731704,157
C1_vs_C0,98,log_loss,-0.0007022192110537497,157
C1_vs_C0,99,brier,-0.0001525894689552839,157
C1_vs_C0,99,log_loss,-0.0014382596101199794,157
C1_vs_C0,100,brier,-0.00047591091522632963,157
C1_vs_C0,100,log_loss,-0.0023315550836174,157
C1_vs_C0,101,brier,-0.00028130315649332584,157
C1_vs_C0,101,log_loss,-0.0022424843972098526,157
C1_vs_C0,102,brier,1.358373723238201e-05,157
C1_vs_C0,102,log_loss,-0.0009067665028297343,157
C1_vs_C0,103,brier,-0.000631074906382138,157
C1_vs_C0,103,log_loss,-0.003427770735316889,157
C1_vs_C0,104,brier,-0.0005493513518157028,157
C1_vs_C0,104,log_loss,-0.003393095601189374,157
C1_vs_C0,105,brier,-0.00016225748087519775,157
C1_vs_C0,105,log_loss,-0.0022289857586764326,157
C1_vs_C0,106,brier,-0.0001900890855678256,157
C1_vs_C0,106,log_loss,-0.001995220564447808,157
C1_vs_C0,107,brier,-0.00019176079201092155,157
C1_vs_C0,107,log_loss,-0.0019420787513046737,157
C1_vs_C0,108,brier,-0.00029861605393806276,157
C1_vs_C0,108,log_loss,-0.0026215482401008715,157
C1_vs_C0,109,brier,-0.0009076920275234187,157
C1_vs_C0,109,log_loss,-0.004169746973040499,157
C1_vs_C0,110,brier,-0.00020412871947606107,157
C1_vs_C0,110,log_loss,-0.0015417358236522155,157
C1_vs_C0,111,brier,-0.0003535747561035858,157
C1_vs_C0,111,log_loss,-0.002854863469402813,157
C1_vs_C0,112,brier,-0.00033700843780092596,157
C1_vs_C0,112,log_loss,-0.002115658206655624,157
C1_vs_C0,113,brier,-0.0003081317585206487,157
C1_vs_C0,113,log_loss,-0.0016904030832056395,157
C1_vs_C0,114,brier,-0.00015907161432148094,157
C1_vs_C0,114,log_loss,-0.0018478653178066085,157
C1_vs_C0,115,brier,0.00029775008398115493,157
C1_vs_C0,115,log_loss,-9.400465340090943e-05,157
C1_vs_C0,116,brier,-0.0001678676776311838,157
C1_vs_C0,116,log_loss,-0.0015137810219434647,157
C1_vs_C0,117,brier,3.515810873485428e-05,157
C1_vs_C0,117,log_loss,-0.0006667142548494064,157
C1_vs_C0,118,brier,-0.0006309090456592045,157
C1_vs_C0,118,log_loss,-0.003355645039234009,157
C1_vs_C0,119,brier,-0.0001430281682486732,157
C1_vs_C0,119,log_loss,-0.0013088616990842245,157
C1_vs_C0,120,brier,-0.0002473947115055918,157
C1_vs_C0,120,log_loss,-0.001772581158669599,157
C1_vs_C0,121,brier,3.939995996529278e-05,157
C1_vs_C0,121,log_loss,-0.0009817492851290554,157
C1_vs_C0,122,brier,-0.00018471571001156856,157
C1_vs_C0,122,log_loss,-0.0015157085522415302,157
C1_vs_C0,123,brier,-0.0004982107330913651,157
C1_vs_C0,123,log_loss,-0.002653512018027168,157
C1_vs_C0,124,brier,-0.0003494182324108583,157
C1_vs_C0,124,log_loss,-0.002253881740510832,157
C1_vs_C0,125,brier,1.2665240003419409e-05,157
C1_vs_C0,125,log_loss,-0.0018100310098869282,157
C1_vs_C0,126,brier,-0.00039884834890221543,157
C1_vs_C0,126,log_loss,-0.0031283498583415336,157
C1_vs_C0,127,brier,-0.0003280061726910585,157
C1_vs_C0,127,log_loss,-0.0021828515512203653,157
C1_vs_C0,128,brier,-0.0002727917441256772,157
C1_vs_C0,128,log_loss,-0.0019914524254471193,157
C1_vs_C0,129,brier,-0.0003976604929000402,157
C1_vs_C0,129,log_loss,-0.003261913741066672,157
C1_vs_C0,130,brier,0.00011141464955362131,157
C1_vs_C0,130,log_loss,-0.0008233111562228503,157
C1_vs_C0,131,brier,-0.00029628382360837426,157
C1_vs_C0,131,log_loss,-0.0022805414404736507,157
C1_vs_C0,132,brier,-5.47417638926873e-07,157
C1_vs_C0,132,log_loss,-0.0012160497887707038,157
C1_vs_C0,133,brier,-0.00023586634701924146,157
C1_vs_C0,133,log_loss,-0.0019477796805409688,157
C1_vs_C0,134,brier,-0.00047077662817462826,157
C1_vs_C0,134,log_loss,-0.002200420080372624,157
C1_vs_C0,135,brier,8.371648222979196e-05,157
C1_vs_C0,135,log_loss,-0.0010449561824558778,157
C1_vs_C0,136,brier,-0.0003477558486673262,157
C1_vs_C0,136,log_loss,-0.002455359206322024,157
C1_vs_C0,137,brier,-0.00022276698028351102,157
C1_vs_C0,137,log_loss,-0.0014696499913181952,157
C1_vs_C0,138,brier,7.854802269748581e-05,157
C1_vs_C0,138,log_loss,-0.0008632211339771441,157
C1_vs_C0,139,brier,-0.00020184032157258476,157
C1_vs_C0,139,log_loss,-0.0018322167884679528,157
C1_vs_C0,140,brier,-0.00012896407416223627,157
C1_vs_C0,140,log_loss,-0.002203181696970755,157
C1_vs_C0,141,brier,-0.0005543225360401737,157
C1_vs_C0,141,log_loss,-0.002500149675671688,157
C1_vs_C0,142,brier,7.588486468824774e-05,157
C1_vs_C0,142,log_loss,-0.0007112465589583295,157
C1_vs_C0,143,brier,5.1670065468561336e-05,157
C1_vs_C0,143,log_loss,-0.0011517635577499483,157
C1_vs_C0,144,brier,-0.000337989820314711,157
C1_vs_C0,144,log_loss,-0.001993833813162464,157
C1_vs_C0,145,brier,-0.0003506905595758014,157
C1_vs_C0,145,log_loss,-0.0017386466022555572,157
C1_vs_C0,146,brier,-0.00026637130301266574,157
C1_vs_C0,146,log_loss,-0.002263691117933184,157
C1_vs_C0,147,brier,0.00024653813000421294,157
C1_vs_C0,147,log_loss,-4.418112175303494e-05,157
C1_vs_C0,148,brier,-0.00028683333667349844,157
C1_vs_C0,148,log_loss,-0.0027146235966336685,157
C1_vs_C0,149,brier,-0.00020248934963798974,157
C1_vs_C0,149,log_loss,-0.0016928603325492993,157
C1_vs_C0,150,brier,-0.00018560954494197527,157
C1_vs_C0,150,log_loss,-0.002208943940887642,157
C1_vs_C0,151,brier,-0.000635286072760214,157
C1_vs_C0,151,log_loss,-0.0038628205263281437,157
C1_vs_C0,152,brier,8.220451416195765e-05,157
C1_vs_C0,152,log_loss,-0.0016679268925308217,157
C1_vs_C0,153,brier,-4.223257849046508e-06,157
C1_vs_C0,153,log_loss,-0.0013656137342377432,157
C1_vs_C0,154,brier,-0.00016635626568963044,157
C1_vs_C0,154,log_loss,-0.0018887092460504165,157
C1_vs_C0,155,brier,-0.0001543066614713666,157
C1_vs_C0,155,log_loss,-0.001966632745958021,157
C1_vs_C0,156,brier,0.0002727065867492187,157
C1_vs_C0,156,log_loss,-0.0010511746100653426,157
C1_vs_C0,157,brier,-8.236208408688076e-05,157
C1_vs_C0,157,log_loss,-0.0010467191162633707,157
C1_vs_C0,158,brier,-0.00010651234139279001,157
C1_vs_C0,158,log_loss,-0.001693865314284477,157
C1_vs_C0,159,brier,0.00016098769938298747,157
C1_vs_C0,159,log_loss,-0.0003623677724402864,157
C1_vs_C0,160,brier,-0.00023167786857276459,157
C1_vs_C0,160,log_loss,-0.002160916201013363,157
C1_vs_C0,161,brier,-0.00017125727832572997,157
C1_vs_C0,161,log_loss,-0.001996268860972323,157
C1_vs_C0,162,brier,-1.9541798341411382e-05,157
C1_vs_C0,162,log_loss,-0.0015775619543171443,157
C1_vs_C0,163,brier,-0.00019923393824305402,157
C1_vs_C0,163,log_loss,-0.0015716698847576807,157
C1_vs_C0,164,brier,-0.0008432070412243331,157
C1_vs_C0,164,log_loss,-0.0038141310590876117,157
C1_vs_C0,165,brier,-0.0005116543778320619,157
C1_vs_C0,165,log_loss,-0.0026258172990775066,157
C1_vs_C0,166,brier,-0.00035585028363362484,157
C1_vs_C0,166,log_loss,-0.0025923603316608842,157
C1_vs_C0,167,brier,-0.00028861007069691687,157
C1_vs_C0,167,log_loss,-0.0021645697347411398,157
C1_vs_C0,168,brier,-0.0001574984413355132,157
C1_vs_C0,168,log_loss,-0.0021802704609183107,157
C1_vs_C0,169,brier,-0.000220550131975124,157
C1_vs_C0,169,log_loss,-0.00202158568493888,157
C1_vs_C0,170,brier,-0.00021131401695805528,157
C1_vs_C0,170,log_loss,-0.0022819323277607248,157
C1_vs_C0,171,brier,9.031976287562563e-06,157
C1_vs_C0,171,log_loss,-0.0013147143732466136,157
C1_vs_C0,172,brier,-0.00041875590588045006,157
C1_vs_C0,172,log_loss,-0.002601298438643467,157
C1_vs_C0,173,brier,5.980905314353716e-05,157
C1_vs_C0,173,log_loss,-0.001411750368931389,157
C1_vs_C0,174,brier,-0.00016912049908229956,157
C1_vs_C0,174,log_loss,-0.0010617638725979321,157
C1_vs_C0,175,brier,-0.0002491172372626003,157
C1_vs_C0,175,log_loss,-0.001440459306420341,157
C1_vs_C0,176,brier,-0.00045174737630122495,157
C1_vs_C0,176,log_loss,-0.002591692392237814,157
C1_vs_C0,177,brier,-0.00027114263430400704,157
C1_vs_C0,177,log_loss,-0.0019099512780888842,157
C1_vs_C0,178,brier,-0.0006894550347472503,157
C1_vs_C0,178,log_loss,-0.003568590829823303,157
C1_vs_C0,179,brier,-0.0004610283237738116,157
C1_vs_C0,179,log_loss,-0.0031009901316226543,157
C1_vs_C0,180,brier,-0.00013217558082055292,157
C1_vs_C0,180,log_loss,-0.0016445627212046344,157
C1_vs_C0,181,brier,-0.00030049157932410817,157
C1_vs_C0,181,log_loss,-0.0025586865106552487,157
C1_vs_C0,182,brier,-0.0002604686177547613,157
C1_vs_C0,182,log_loss,-0.0020233270554471236,157
C1_vs_C0,183,brier,-0.00031453219335964797,157
C1_vs_C0,183,log_loss,-0.002223589736448845,157
C1_vs_C0,184,brier,-7.866356828683258e-05,157
C1_vs_C0,184,log_loss,-0.0009540401187351169,157
C1_vs_C0,185,brier,-0.00035216183303382744,157
C1_vs_C0,185,log_loss,-0.0027023954498815042,157
C1_vs_C0,186,brier,-0.0003204968281843741,157
C1_vs_C0,186,log_loss,-0.0022989068715883972,157
C1_vs_C0,187,brier,-0.0002003825650431759,157
C1_vs_C0,187,log_loss,-0.0019392515022537587,157
C1_vs_C0,188,brier,-0.0004958792106116911,157
C1_vs_C0,188,log_loss,-0.0028932601017655217,157
C1_vs_C0,189,brier,-0.0003212605070822525,157
C1_vs_C0,189,log_loss,-0.0018371029092487947,157
C1_vs_C0,190,brier,-0.0005334198075140789,157
C1_vs_C0,190,log_loss,-0.002787111503174502,157
C1_vs_C0,191,brier,-0.0006250457532742757,157
C1_vs_C0,191,log_loss,-0.0032661907520106833,157
C1_vs_C0,192,brier,-6.791587410994034e-05,157
C1_vs_C0,192,log_loss,-0.0006031469625301096,157
C1_vs_C0,193,brier,-0.0004162051876291129,157
C1_vs_C0,193,log_loss,-0.003064766604368093,157
C1_vs_C0,194,brier,-0.00030774343388685133,157
C1_vs_C0,194,log_loss,-0.002771746346624898,157
C1_vs_C0,195,brier,-7.519866861518783e-05,157
C1_vs_C0,195,log_loss,-0.0013086599509956644,157
C1_vs_C0,196,brier,-0.00026063997183841325,157
C1_vs_C0,196,log_loss,-0.0017072131080238606,157
C1_vs_C0,197,brier,-0.0004709717972983808,157
C1_vs_C0,197,log_loss,-0.0033122305510835718,157
C1_vs_C0,198,brier,-0.0004983487783987576,157
C1_vs_C0,198,log_loss,-0.003562802594359895,157
C1_vs_C0,199,brier,-0.00017143016757254672,157
C1_vs_C0,199,log_loss,-0.000858822741255426,157
C1_vs_C0,200,brier,-4.302749768034426e-05,157
C1_vs_C0,200,log_loss,-0.00097781271589674,157
C1_vs_C0,201,brier,-0.00016130001540769548,157
C1_vs_C0,201,log_loss,-0.001955800831118962,157
C1_vs_C0,202,brier,-0.0004554628414938765,157
C1_vs_C0,202,log_loss,-0.002492297849441098,157
C1_vs_C0,203,brier,-0.00027936338684682245,157
C1_vs_C0,203,log_loss,-0.0022333773653441754,157
C1_vs_C0,204,brier,-0.0005697060822922259,157
C1_vs_C0,204,log_loss,-0.0027561299143149917,157
C1_vs_C0,205,brier,-5.763805823927082e-05,157
C1_vs_C0,205,log_loss,-0.0016687792517329533,157
C1_vs_C0,206,brier,-0.0005362940129486307,157
C1_vs_C0,206,log_loss,-0.0028171894899437166,157
C1_vs_C0,207,brier,-0.00048093383345895735,157
C1_vs_C0,207,log_loss,-0.002594360106569449,157
C1_vs_C0,208,brier,-4.2188686156865155e-05,157
C1_vs_C0,208,log_loss,-0.0009925722536329624,157
C1_vs_C0,209,brier,-0.00015673817705401646,157
C1_vs_C0,209,log_loss,-0.002000878100305728,157
C1_vs_C0,210,brier,-0.0002681793440525291,157
C1_vs_C0,210,log_loss,-0.002016956673554851,157
C1_vs_C0,211,brier,4.913232858918971e-05,157
C1_vs_C0,211,log_loss,-0.0010456923896262666,157
C1_vs_C0,212,brier,-0.00048115795050288713,157
C1_vs_C0,212,log_loss,-0.0027345434483959435,157
C1_vs_C0,213,brier,-0.00017877192426253712,157
C1_vs_C0,213,log_loss,-0.0010334088085741488,157
C1_vs_C0,214,brier,8.715517171091683e-06,157
C1_vs_C0,214,log_loss,-0.0014778177606791696,157
C1_vs_C0,215,brier,0.0003947801135555473,157
C1_vs_C0,215,log_loss,0.00013252239959362296,157
C1_vs_C0,216,brier,-0.0001056625073280563,157
C1_vs_C0,216,log_loss,-0.0021586752008432666,157
C1_vs_C0,217,brier,0.00015165215528329437,157
C1_vs_C0,217,log_loss,-0.0006913478321198612,157
C1_vs_C0,218,brier,-0.0008646796396131224,157
C1_vs_C0,218,log_loss,-0.003826153417936078,157
C1_vs_C0,219,brier,-0.00016282716445090671,157
C1_vs_C0,219,log_loss,-0.0020772037458050554,157
C1_vs_C0,220,brier,-0.00031021857251828844,157
C1_vs_C0,220,log_loss,-0.002315625906662697,157
C1_vs_C0,221,brier,-4.89855997256717e-05,157
C1_vs_C0,221,log_loss,-0.0005226116066781466,157
C1_vs_C0,222,brier,9.487506782963536e-06,157
C1_vs_C0,222,log_loss,-0.0007778706450576793,157
C1_vs_C0,223,brier,-0.00032539444437135515,157
C1_vs_C0,223,log_loss,-0.0021094633667146042,157
C1_vs_C0,224,brier,-0.0002611336536290596,157
C1_vs_C0,224,log_loss,-0.001959555294992675,157
C1_vs_C0,225,brier,9.255072208905688e-06,157
C1_vs_C0,225,log_loss,-0.00033487695464765374,157
C1_vs_C0,226,brier,-0.000652374804828546,157
C1_vs_C0,226,log_loss,-0.003115490423857308,157
C1_vs_C0,227,brier,-0.0008931996933496338,157
C1_vs_C0,227,log_loss,-0.00392126810633573,157
C1_vs_C0,228,brier,-0.0005279366577646855,157
C1_vs_C0,228,log_loss,-0.00273270510957058,157
C1_vs_C0,229,brier,-0.00014955481008916644,157
C1_vs_C0,229,log_loss,-0.001929143877360849,157
C1_vs_C0,230,brier,-2.5531720333227694e-05,157
C1_vs_C0,230,log_loss,-0.0013782242650316277,157
C1_vs_C0,231,brier,-0.00031945339588090014,157
C1_vs_C0,231,log_loss,-0.002851324559932168,157
C1_vs_C0,232,brier,-0.00017721413745585074,157
C1_vs_C0,232,log_loss,-0.0019661123408922943,157
C1_vs_C0,233,brier,-0.00016175486005485815,157
C1_vs_C0,233,log_loss,-0.002363891043635471,157
C1_vs_C0,234,brier,-0.0006966289635622841,157
C1_vs_C0,234,log_loss,-0.0033409181742767658,157
C1_vs_C0,235,brier,-0.00010153933110913282,157
C1_vs_C0,235,log_loss,-0.0018011367350532002,157
C1_vs_C0,236,brier,-0.00016108185069841277,157
C1_vs_C0,236,log_loss,-0.002698704944326211,157
C1_vs_C0,237,brier,0.0003205851112400465,157
C1_vs_C0,237,log_loss,0.00016576263081758883,157
C1_vs_C0,238,brier,-0.00022476214094329863,157
C1_vs_C0,238,log_loss,-0.0016153227241016282,157
C1_vs_C0,239,brier,-0.0004119166429040951,157
C1_vs_C0,239,log_loss,-0.002412128759820933,157
C1_vs_C0,240,brier,-0.0004488349198909162,157
C1_vs_C0,240,log_loss,-0.003143953411907838,157
C1_vs_C0,241,brier,-0.0005022093499527781,157
C1_vs_C0,241,log_loss,-0.0029340987687288193,157
C1_vs_C0,242,brier,-6.0496125522923825e-06,157
C1_vs_C0,242,log_loss,-0.0016055817582927283,157
C1_vs_C0,243,brier,-0.00015683218856142177,157
C1_vs_C0,243,log_loss,-0.001826938436447168,157
C1_vs_C0,244,brier,-0.0004668539431210882,157
C1_vs_C0,244,log_loss,-0.0025706789465399556,157
C1_vs_C0,245,brier,-7.423813298047414e-05,157
C1_vs_C0,245,log_loss,-0.0014990243091275882,157
C1_vs_C0,246,brier,-0.0002472274115482477,157
C1_vs_C0,246,log_loss,-0.0019431397119125116,157
C1_vs_C0,247,brier,-0.00032672182161254116,157
C1_vs_C0,247,log_loss,-0.0018776371199008231,157
C1_vs_C0,248,brier,-0.00018622994849943882,157
C1_vs_C0,248,log_loss,-0.0011678649164331063,157
C1_vs_C0,249,brier,-0.000585383377511354,157
C1_vs_C0,249,log_loss,-0.002977033986750069,157
C1_vs_C0,250,brier,-0.00034577212765598625,157
C1_vs_C0,250,log_loss,-0.0033793984272948315,157
C1_vs_C0,251,brier,-0.00019925034446017817,157
C1_vs_C0,251,log_loss,-0.0013302191550050644,157
C1_vs_C0,252,brier,-0.0008074222903006312,157
C1_vs_C0,252,log_loss,-0.002420487872573319,157
C1_vs_C0,253,brier,-0.00010783953900181647,157
C1_vs_C0,253,log_loss,-0.0011161289218242238,157
C1_vs_C0,254,brier,-0.0004362566058253288,157
C1_vs_C0,254,log_loss,-0.0021881743131251293,157
C1_vs_C0,255,brier,0.00020834705374459954,157
C1_vs_C0,255,log_loss,-0.0009879790528911747,157
C1_vs_C0,256,brier,-0.00031383524795853445,157
C1_vs_C0,256,log_loss,-0.002118895003813678,157
C1_vs_C0,257,brier,-0.00030648993248252583,157
C1_vs_C0,257,log_loss,-0.0018234469159245806,157
C1_vs_C0,258,brier,-0.0002719768682572181,157
C1_vs_C0,258,log_loss,-0.002011982070654527,157
C1_vs_C0,259,brier,-0.00038152396849393234,157
C1_vs_C0,259,log_loss,-0.0024681463805626422,157
C1_vs_C0,260,brier,-0.0003702555412045308,157
C1_vs_C0,260,log_loss,-0.002240567495963968,157
C1_vs_C0,261,brier,4.4014428433952875e-05,157
C1_vs_C0,261,log_loss,-0.0004207907917419962,157
C1_vs_C0,262,brier,-0.00032884024276559056,157
C1_vs_C0,262,log_loss,-0.002268235493156018,157
C1_vs_C0,263,brier,-0.00034153639405944656,157
C1_vs_C0,263,log_loss,-0.0024242719128157787,157
C1_vs_C0,264,brier,-0.0004545817201343574,157
C1_vs_C0,264,log_loss,-0.0029996087562787844,157
C1_vs_C0,265,brier,-5.215195031323912e-05,157
C1_vs_C0,265,log_loss,-0.0014333357972503972,157
C1_vs_C0,266,brier,-0.00044584572756409594,157
C1_vs_C0,266,log_loss,-0.003119992014205243,157
C1_vs_C0,267,brier,-7.525665009040794e-05,157
C1_vs_C0,267,log_loss,-0.001226501963538942,157
C1_vs_C0,268,brier,-0.0003025673642683638,157
C1_vs_C0,268,log_loss,-0.002202244634919579,157
C1_vs_C0,269,brier,-0.0006985952199919987,157
C1_vs_C0,269,log_loss,-0.0034102868624494346,157
C1_vs_C0,270,brier,-0.0003072067417871407,157
C1_vs_C0,270,log_loss,-0.001715071377809377,157
C1_vs_C0,271,brier,-0.00018221733876322893,157
C1_vs_C0,271,log_loss,-0.0014970882263964337,157
C1_vs_C0,272,brier,-0.0008451526225484031,157
C1_vs_C0,272,log_loss,-0.004015528995703305,157
C1_vs_C0,273,brier,4.488786524940574e-05,157
C1_vs_C0,273,log_loss,-0.0008603229896939775,157
C1_vs_C0,274,brier,0.0002244911872850813,157
C1_vs_C0,274,log_loss,-0.0006752183944482077,157
C1_vs_C0,275,brier,7.828667034098866e-06,157
C1_vs_C0,275,log_loss,-0.0011934693532591894,157
C1_vs_C0,276,brier,-0.0007542942096722177,157
C1_vs_C0,276,log_loss,-0.004426353147487184,157
C1_vs_C0,277,brier,-4.033446510961286e-05,157
C1_vs_C0,277,log_loss,-0.0008268185021131038,157
C1_vs_C0,278,brier,-0.00027413477547605787,157
C1_vs_C0,278,log_loss,-0.0020877904302078806,157
C1_vs_C0,279,brier,-0.00023847148092736667,157
C1_vs_C0,279,log_loss,-0.0025348973540799346,157
C1_vs_C0,280,brier,-0.0012927294486963536,157
C1_vs_C0,280,log_loss,-0.005282569716814456,157
C1_vs_C0,281,brier,-0.0006646381631106509,157
C1_vs_C0,281,log_loss,-0.0033325264358100067,157
C1_vs_C0,282,brier,-0.0007257726416198055,157
C1_vs_C0,282,log_loss,-0.0034144249904328934,157
C1_vs_C0,283,brier,-7.911969143784066e-05,157
C1_vs_C0,283,log_loss,-0.0015475045741469113,157
C1_vs_C0,284,brier,-0.00026251841651670686,157
C1_vs_C0,284,log_loss,-0.0024272634844277685,157
C1_vs_C0,285,brier,-0.00023015804334375166,157
C1_vs_C0,285,log_loss,-0.0022719174280678676,157
C1_vs_C0,286,brier,-0.0004458278780967239,157
C1_vs_C0,286,log_loss,-0.0030872018261550605,157
C1_vs_C0,287,brier,-0.00012795695453339507,157
C1_vs_C0,287,log_loss,-0.0019518839834512828,157
C1_vs_C0,288,brier,-0.0005380012667936771,157
C1_vs_C0,288,log_loss,-0.002809889101102677,157
C1_vs_C0,289,brier,-0.0003595965134566879,157
C1_vs_C0,289,log_loss,-0.0023763432802867517,157
C1_vs_C0,290,brier,-0.0002497760748088434,157
C1_vs_C0,290,log_loss,-0.0014405615713214905,157
C1_vs_C0,291,brier,-0.0001564733641869929,157
C1_vs_C0,291,log_loss,-0.0019309648343300194,157
C1_vs_C0,292,brier,-0.00015953070405645605,157
C1_vs_C0,292,log_loss,-0.0019417420924838786,157
C1_vs_C0,293,brier,-0.0007460137425364764,157
C1_vs_C0,293,log_loss,-0.0028774682278093046,157
C1_vs_C0,294,brier,-0.0005134938352571495,157
C1_vs_C0,294,log_loss,-0.003247731099310395,157
C1_vs_C0,295,brier,-0.00023305659701600755,157
C1_vs_C0,295,log_loss,-0.001323166380613089,157
C1_vs_C0,296,brier,-0.0002796189433394964,157
C1_vs_C0,296,log_loss,-0.0019617131833294726,157
C1_vs_C0,297,brier,-0.0005112737851031843,157
C1_vs_C0,297,log_loss,-0.0020523118471322353,157
C1_vs_C0,298,brier,-0.0005521584262600396,157
C1_vs_C0,298,log_loss,-0.0030092128363109634,157
C1_vs_C0,299,brier,-0.00016158095602556599,157
C1_vs_C0,299,log_loss,-0.0012923592868222169,157
C1_vs_C0,300,brier,1.1980279755137557e-05,157
C1_vs_C0,300,log_loss,-0.0016368301250030224,157
C1_vs_C0,301,brier,0.0002848571013244046,157
C1_vs_C0,301,log_loss,0.0002189686605444472,157
C1_vs_C0,302,brier,-0.00013158720594322754,157
C1_vs_C0,302,log_loss,-0.001604114963123509,157
C1_vs_C0,303,brier,-0.0006853091876262106,157
C1_vs_C0,303,log_loss,-0.0031908655191092423,157
C1_vs_C0,304,brier,-0.0004988066193777302,157
C1_vs_C0,304,log_loss,-0.0030238030304319406,157
C1_vs_C0,305,brier,0.0001328699749537366,157
C1_vs_C0,305,log_loss,-0.0007800227577908148,157
C1_vs_C0,306,brier,0.00022937409471560476,157
C1_vs_C0,306,log_loss,-0.000272136678259149,157
C1_vs_C0,307,brier,-7.441901677732422e-05,157
C1_vs_C0,307,log_loss,-0.002031471892979954,157
C1_vs_C0,308,brier,-0.00011713211798465489,157
C1_vs_C0,308,log_loss,-0.0020133334684553665,157
C1_vs_C0,309,brier,-0.0005744936660441321,157
C1_vs_C0,309,log_loss,-0.0031971096067390384,157
C1_vs_C0,310,brier,-0.0002857145183257619,157
C1_vs_C0,310,log_loss,-0.002664941194656628,157
C1_vs_C0,311,brier,-0.00016564566216633158,157
C1_vs_C0,311,log_loss,-0.0021439951764889954,157
C1_vs_C0,312,brier,-0.00032037169473481716,157
C1_vs_C0,312,log_loss,-0.0023542661146723027,157
C1_vs_C0,313,brier,0.0002145811194758239,157
C1_vs_C0,313,log_loss,-0.00018622774756801524,157
C1_vs_C0,314,brier,-8.093910974873025e-05,157
C1_vs_C0,314,log_loss,-0.0017562347798489707,157
C1_vs_C0,315,brier,-0.0002744358399382154,157
C1_vs_C0,315,log_loss,-0.002034067352606992,157
C1_vs_C0,316,brier,-1.8210763350028638e-05,157
C1_vs_C0,316,log_loss,-0.0010207848933086359,157
C1_vs_C0,317,brier,-0.00011018136591956581,157
C1_vs_C0,317,log_loss,-0.002375528544826418,157
C1_vs_C0,318,brier,4.07650155213617e-06,157
C1_vs_C0,318,log_loss,-0.0019867746165957846,157
C1_vs_C0,319,brier,5.681009840676027e-05,157
C1_vs_C0,319,log_loss,-0.0007230859820264707,157
C1_vs_C0,320,brier,0.00030645090540653837,157
C1_vs_C0,320,log_loss,-0.00032978440760552356,157
C1_vs_C0,321,brier,-0.0006107944788919624,157
C1_vs_C0,321,log_loss,-0.003643532476584523,157
C1_vs_C0,322,brier,-0.0004089080045320064,157
C1_vs_C0,322,log_loss,-0.0020624916945699854,157
C1_vs_C0,323,brier,-0.00019601449648008973,157
C1_vs_C0,323,log_loss,-0.0020311191654718893,157
C1_vs_C0,324,brier,-0.00039435209937288486,157
C1_vs_C0,324,log_loss,-0.0023528977686663724,157
C1_vs_C0,325,brier,-0.0004346020622332072,157
C1_vs_C0,325,log_loss,-0.0026793939315171585,157
C1_vs_C0,326,brier,-0.0002409261499562904,157
C1_vs_C0,326,log_loss,-0.0025191345146585047,157
C1_vs_C0,327,brier,1.572469565919714e-05,157
C1_vs_C0,327,log_loss,-0.000942456973959471,157
C1_vs_C0,328,brier,-0.00013061790782492076,157
C1_vs_C0,328,log_loss,-0.0011038985301758044,157
C1_vs_C0,329,brier,-0.00013412258221297052,157
C1_vs_C0,329,log_loss,-0.002000066976169739,157
C1_vs_C0,330,brier,-0.0002724792149107595,157
C1_vs_C0,330,log_loss,-0.001724859761087408,157
C1_vs_C0,331,brier,5.8860852136859165e-05,157
C1_vs_C0,331,log_loss,-0.0009673594200529223,157
C1_vs_C0,332,brier,6.288746508631151e-05,157
C1_vs_C0,332,log_loss,-0.0009945424083881499,157
C1_vs_C0,333,brier,-0.0005868121306278589,157
C1_vs_C0,333,log_loss,-0.003568247187449968,157
C1_vs_C0,334,brier,-3.5985806756436546e-05,157
C1_vs_C0,334,log_loss,-0.001730999603629527,157
C1_vs_C0,335,brier,-0.00031522409587550135,157
C1_vs_C0,335,log_loss,-0.0022878644904818033,157
C1_vs_C0,336,brier,-0.00012493804433141257,157
C1_vs_C0,336,log_loss,-0.0018754155227577562,157
C1_vs_C0,337,brier,-9.043401579428498e-05,157
C1_vs_C0,337,log_loss,-0.0015642777264253088,157
C1_vs_C0,338,brier,-0.00048218143260015495,157
C1_vs_C0,338,log_loss,-0.0032792036348081254,157
C1_vs_C0,339,brier,-0.00031625633948958017,157
C1_vs_C0,339,log_loss,-0.0020603187041380727,157
C1_vs_C0,340,brier,-0.0007957142258502711,157
C1_vs_C0,340,log_loss,-0.0038220464765164465,157
C1_vs_C0,341,brier,-0.0005855016373702383,157
C1_vs_C0,341,log_loss,-0.0030396821597291307,157
C1_vs_C0,342,brier,-0.00015080939069299931,157
C1_vs_C0,342,log_loss,-0.0010914603098164807,157
C1_vs_C0,343,brier,-0.000584244528622054,157
C1_vs_C0,343,log_loss,-0.0030916407532965186,157
C1_vs_C0,344,brier,-0.00037131918248192757,157
C1_vs_C0,344,log_loss,-0.0021817522120006426,157
C1_vs_C0,345,brier,0.00011633946895697082,157
C1_vs_C0,345,log_loss,-0.0010098020829762471,157
C1_vs_C0,346,brier,-0.00047204486086524614,157
C1_vs_C0,346,log_loss,-0.0023917917651413317,157
C1_vs_C0,347,brier,6.151840109710204e-05,157
C1_vs_C0,347,log_loss,-0.0013324777327217692,157
C1_vs_C0,348,brier,7.465503486091846e-05,157
C1_vs_C0,348,log_loss,-0.0011791106798841623,157
C1_vs_C0,349,brier,0.00011217061406461691,157
C1_vs_C0,349,log_loss,-0.000495686138156791,157
C1_vs_C0,350,brier,-0.0002431201422303265,157
C1_vs_C0,350,log_loss,-0.002161159665797949,157
C1_vs_C0,351,brier,0.00021184612157867716,157
C1_vs_C0,351,log_loss,5.073542324349837e-05,157
C1_vs_C0,352,brier,-4.0756342484490394e-05,157
C1_vs_C0,352,log_loss,-0.0013601162169696757,157
C1_vs_C0,353,brier,-0.0005225287755470821,157
C1_vs_C0,353,log_loss,-0.002906522520614112,157
C1_vs_C0,354,brier,-0.00036288111547413835,157
C1_vs_C0,354,log_loss,-0.0027163432436633455,157
C1_vs_C0,355,brier,-0.0005201800149839133,157
C1_vs_C0,355,log_loss,-0.003180201343906165,157
C1_vs_C0,356,brier,-0.00014876648005016706,157
C1_vs_C0,356,log_loss,-0.0008976433431818239,157
C1_vs_C0,357,brier,0.00023886321046102179,157
C1_vs_C0,357,log_loss,-2.163702875622665e-05,157
C1_vs_C0,358,brier,-0.00034216964553109724,157
C1_vs_C0,358,log_loss,-0.0024048880084076574,157
C1_vs_C0,359,brier,0.00021101251423009666,157
C1_vs_C0,359,log_loss,-0.001436521981400672,157
C1_vs_C0,360,brier,-0.00017705884344958593,157
C1_vs_C0,360,log_loss,-0.002930467185003595,157
C1_vs_C0,361,brier,-0.0008646310690454816,157
C1_vs_C0,361,log_loss,-0.004406661106302835,157
C1_vs_C0,362,brier,-0.00017382605018763074,157
C1_vs_C0,362,log_loss,-0.0018366815088509826,157
C1_vs_C0,363,brier,-9.796222287541216e-05,157
C1_vs_C0,363,log_loss,-0.0016085496961411934,157
C1_vs_C0,364,brier,-0.00047847113633351566,157
C1_vs_C0,364,log_loss,-0.002546094351287066,157
C1_vs_C0,365,brier,-0.00041138863770410453,157
C1_vs_C0,365,log_loss,-0.0023061246221704633,157
C1_vs_C0,366,brier,-0.0001662929663239097,157
C1_vs_C0,366,log_loss,-0.002150457210070145,157
C1_vs_C0,367,brier,-0.0003409662633345476,157
C1_vs_C0,367,log_loss,-0.002189694752937738,157
C1_vs_C0,368,brier,-0.00031725524373000526,157
C1_vs_C0,368,log_loss,-0.002792115132001361,157
C1_vs_C0,369,brier,-0.00017342874773272236,157
C1_vs_C0,369,log_loss,-0.001822528527517003,157
C1_vs_C0,370,brier,-0.000557023645381666,157
C1_vs_C0,370,log_loss,-0.003516890412476806,157
C1_vs_C0,371,brier,4.061264840435259e-05,157
C1_vs_C0,371,log_loss,-0.001257020752265887,157
C1_vs_C0,372,brier,-3.354816533133872e-05,157
C1_vs_C0,372,log_loss,-0.0013480967030109231,157
C1_vs_C0,373,brier,-9.186878320645024e-05,157
C1_vs_C0,373,log_loss,-0.0016797667609159343,157
C1_vs_C0,374,brier,-0.0004644987468138971,157
C1_vs_C0,374,log_loss,-0.003399722517502844,157
C1_vs_C0,375,brier,-0.0004770023525625401,157
C1_vs_C0,375,log_loss,-0.0028197104316384876,157
C1_vs_C0,376,brier,-0.0001545862175037765,157
C1_vs_C0,376,log_loss,-0.0019732202274682607,157
C1_vs_C0,377,brier,-0.00034750783294973153,157
C1_vs_C0,377,log_loss,-0.0020889539656509123,157
C1_vs_C0,378,brier,-0.00045767773652590627,157
C1_vs_C0,378,log_loss,-0.0032063605487977756,157
C1_vs_C0,379,brier,-0.0003476428431924414,157
C1_vs_C0,379,log_loss,-0.002570910202616565,157
C1_vs_C0,380,brier,-0.000482708422972782,157
C1_vs_C0,380,log_loss,-0.003000462958068221,157
C1_vs_C0,381,brier,-0.00012258174380791088,157
C1_vs_C0,381,log_loss,-0.0010765719411978951,157
C1_vs_C0,382,brier,-0.00031771909450905385,157
C1_vs_C0,382,log_loss,-0.0024977626401607353,157
C1_vs_C0,383,brier,-0.00017535279118404039,157
C1_vs_C0,383,log_loss,-0.001609427059323906,157
C1_vs_C0,384,brier,-0.00040171038728918965,157
C1_vs_C0,384,log_loss,-0.002933791422852558,157
C1_vs_C0,385,brier,0.0003464797371648242,157
C1_vs_C0,385,log_loss,0.00033868362476767525,157
C1_vs_C0,386,brier,-0.0006540899736014612,157
C1_vs_C0,386,log_loss,-0.003307639005934094,157
C1_vs_C0,387,brier,-0.00021811133396030735,157
C1_vs_C0,387,log_loss,-0.0021851956431022486,157
C1_vs_C0,388,brier,-4.000036450353639e-07,157
C1_vs_C0,388,log_loss,-0.0014225752075914045,157
C1_vs_C0,389,brier,6.711425721579084e-05,157
C1_vs_C0,389,log_loss,-0.0012017898449939294,157
C1_vs_C0,390,brier,-0.0008939608774201759,157
C1_vs_C0,390,log_loss,-0.003672983971984948,157
C1_vs_C0,391,brier,-5.1942130507861217e-05,157
C1_vs_C0,391,log_loss,-0.001697000820404966,157
C1_vs_C0,392,brier,-2.195930539102526e-05,157
C1_vs_C0,392,log_loss,-0.0011500053079293564,157
C1_vs_C0,393,brier,-1.2531996813989848e-05,157
C1_vs_C0,393,log_loss,-0.0013990520099248366,157
C1_vs_C0,394,brier,-0.0004821967351232407,157
C1_vs_C0,394,log_loss,-0.0031841911118946527,157
C1_vs_C0,395,brier,-0.00047944184806824914,157
C1_vs_C0,395,log_loss,-0.0031298808768063613,157
C1_vs_C0,396,brier,-0.0006767082863166182,157
C1_vs_C0,396,log_loss,-0.0032062413083663206,157
C1_vs_C0,397,brier,-0.0003847998801099896,157
C1_vs_C0,397,log_loss,-0.001900523476558842,157
C1_vs_C0,398,brier,-0.00019515223858372494,157
C1_vs_C0,398,log_loss,-0.0018339422900432965,157
C1_vs_C0,399,brier,3.249372026837067e-05,157
C1_vs_C0,399,log_loss,-0.0008317302482072897,157
C1_vs_C0,400,brier,0.00032443221366187117,157
C1_vs_C0,400,log_loss,0.0002607409983208028,157
C1_vs_C0,401,brier,-0.00018975712550459048,157
C1_vs_C0,401,log_loss,-0.0015476945341924553,157
C1_vs_C0,402,brier,-0.0003866209501532221,157
C1_vs_C0,402,log_loss,-0.0022278751060051567,157
C1_vs_C0,403,brier,-0.0005598516375717156,157
C1_vs_C0,403,log_loss,-0.00287860685507742,157
C1_vs_C0,404,brier,-0.0001488274002412618,157
C1_vs_C0,404,log_loss,-0.001777063683647959,157
C1_vs_C0,405,brier,-0.00014184879222711188,157
C1_vs_C0,405,log_loss,-0.0016903600174124499,157
C1_vs_C0,406,brier,-0.0004604367420222365,157
C1_vs_C0,406,log_loss,-0.0027502622337137214,157
C1_vs_C0,407,brier,-0.00012353864811834878,157
C1_vs_C0,407,log_loss,-0.0018182868971697746,157
C1_vs_C0,408,brier,-0.00041612853966894016,157
C1_vs_C0,408,log_loss,-0.0024961193937445185,157
C1_vs_C0,409,brier,-9.802057402635691e-05,157
C1_vs_C0,409,log_loss,-0.0019027249622591146,157
C1_vs_C0,410,brier,-0.0006212990224819022,157
C1_vs_C0,410,log_loss,-0.0028624891947560006,157
C1_vs_C0,411,brier,-5.143898887827598e-05,157
C1_vs_C0,411,log_loss,-0.0016870583375160465,157
C1_vs_C0,412,brier,-6.413557001900371e-05,157
C1_vs_C0,412,log_loss,-0.0015349277418425713,157
C1_vs_C0,413,brier,-0.0006489198276065757,157
C1_vs_C0,413,log_loss,-0.0029597767979156224,157
C1_vs_C0,414,brier,-0.00039583981500576783,157
C1_vs_C0,414,log_loss,-0.0030902245619679383,157
C1_vs_C0,415,brier,-0.00037112851813542104,157
C1_vs_C0,415,log_loss,-0.0020701315107334185,157
C1_vs_C0,416,brier,-0.0004144856489596979,157
C1_vs_C0,416,log_loss,-0.001720151290617739,157
C1_vs_C0,417,brier,-0.0001541213963574458,157
C1_vs_C0,417,log_loss,-0.0016938822485647452,157
C1_vs_C0,418,brier,-6.45703427743031e-05,157
C1_vs_C0,418,log_loss,-0.001101594773459082,157
C1_vs_C0,419,brier,0.0004133542486228475,157
C1_vs_C0,419,log_loss,0.0004503117465496763,157
C1_vs_C0,420,brier,-0.0005650588847737271,157
C1_vs_C0,420,log_loss,-0.0025493075345191635,157
C1_vs_C0,421,brier,-0.0002251627886880874,157
C1_vs_C0,421,log_loss,-0.001965330053586967,157
C1_vs_C0,422,brier,6.432206016157772e-05,157
C1_vs_C0,422,log_loss,-0.000826133316895043,157
C1_vs_C0,423,brier,0.0004223051102672672,157
C1_vs_C0,423,log_loss,-0.00021139198601931758,157
C1_vs_C0,424,brier,-7.416586936964678e-05,157
C1_vs_C0,424,log_loss,-0.0021359240856878943,157
C1_vs_C0,425,brier,-0.0010902507699489287,157
C1_vs_C0,425,log_loss,-0.004391184867608111,157
C1_vs_C0,426,brier,0.00010464643362666803,157
C1_vs_C0,426,log_loss,-0.0013324885019377105,157
C1_vs_C0,427,brier,-0.00037080665610784904,157
C1_vs_C0,427,log_loss,-0.0024886989992802754,157
C1_vs_C0,428,brier,-0.000442128586577005,157
C1_vs_C0,428,log_loss,-0.0021905317825593414,157
C1_vs_C0,429,brier,6.941399037330402e-05,157
C1_vs_C0,429,log_loss,-0.0007129664078135353,157
C1_vs_C0,430,brier,-4.305410790448631e-05,157
C1_vs_C0,430,log_loss,-0.0012145273108810101,157
C1_vs_C0,431,brier,-5.872753036343175e-05,157
C1_vs_C0,431,log_loss,-0.0007218007118523223,157
C1_vs_C0,432,brier,-0.0003717302944961606,157
C1_vs_C0,432,log_loss,-0.0016613758887488981,157
C1_vs_C0,433,brier,0.00018208860665698586,157
C1_vs_C0,433,log_loss,-0.000759779708269435,157
C1_vs_C0,434,brier,-0.0003440481857132475,157
C1_vs_C0,434,log_loss,-0.0022593723534237737,157
C1_vs_C0,435,brier,-0.00046065634391129055,157
C1_vs_C0,435,log_loss,-0.0018745080657408732,157
C1_vs_C0,436,brier,-0.00033692427363896696,157
C1_vs_C0,436,log_loss,-0.0009690653399565219,157
C1_vs_C0,437,brier,-0.00023965595709497304,157
C1_vs_C0,437,log_loss,-0.002209574888022585,157
C1_vs_C0,438,brier,-0.0002099817391395081,157
C1_vs_C0,438,log_loss,-0.002049618754477516,157
C1_vs_C0,439,brier,-0.0007693921402234312,157
C1_vs_C0,439,log_loss,-0.003963342688213237,157
C1_vs_C0,440,brier,0.00014555868138789346,157
C1_vs_C0,440,log_loss,-0.0009103886823410627,157
C1_vs_C0,441,brier,-0.00039590955770170866,157
C1_vs_C0,441,log_loss,-0.002035430242744614,157
C1_vs_C0,442,brier,-0.00030481064648652027,157
C1_vs_C0,442,log_loss,-0.0017527720276954717,157
C1_vs_C0,443,brier,-0.00018476495617680835,157
C1_vs_C0,443,log_loss,-0.0019010292798668498,157
C1_vs_C0,444,brier,-0.0005670538045556161,157
C1_vs_C0,444,log_loss,-0.0033213937601900977,157
C1_vs_C0,445,brier,-0.0003553211309156833,157
C1_vs_C0,445,log_loss,-0.0026035761018306024,157
C1_vs_C0,446,brier,-0.00018437596419498657,157
C1_vs_C0,446,log_loss,-0.0015336042329082823,157
C1_vs_C0,447,brier,-0.00035431293678809715,157
C1_vs_C0,447,log_loss,-0.0021805223972340046,157
C1_vs_C0,448,brier,-0.00010800805190922895,157
C1_vs_C0,448,log_loss,-0.002256024984417405,157
C1_vs_C0,449,brier,5.241218995377833e-05,157
C1_vs_C0,449,log_loss,-0.0007816761152613273,157
C1_vs_C0,450,brier,2.809669947424255e-05,157
C1_vs_C0,450,log_loss,-0.0008883972166401666,157
C1_vs_C0,451,brier,-0.0006291256456825557,157
C1_vs_C0,451,log_loss,-0.0033092179041986462,157
C1_vs_C0,452,brier,-0.0006505216932484638,157
C1_vs_C0,452,log_loss,-0.0032342388382942517,157
C1_vs_C0,453,brier,6.992350241932143e-05,157
C1_vs_C0,453,log_loss,-0.0010241238021974637,157
C1_vs_C0,454,brier,-0.0005201412958567649,157
C1_vs_C0,454,log_loss,-0.0031643021458444692,157
C1_vs_C0,455,brier,-0.0003280413754146452,157
C1_vs_C0,455,log_loss,-0.0019313093366996447,157
C1_vs_C0,456,brier,-0.00030473528884205405,157
C1_vs_C0,456,log_loss,-0.0020336900342733727,157
C1_vs_C0,457,brier,-3.7380314772691796e-05,157
C1_vs_C0,457,log_loss,-0.001524910938317664,157
C1_vs_C0,458,brier,-0.0004810458500359964,157
C1_vs_C0,458,log_loss,-0.002286499389627999,157
C1_vs_C0,459,brier,4.335788547246691e-05,157
C1_vs_C0,459,log_loss,-0.001036910976586944,157
C1_vs_C0,460,brier,-0.0001418192621865911,157
C1_vs_C0,460,log_loss,-0.0013385898786312045,157
C1_vs_C0,461,brier,-0.0003035503676938189,157
C1_vs_C0,461,log_loss,-0.0025397204415523573,157
C1_vs_C0,462,brier,-0.000440383255793158,157
C1_vs_C0,462,log_loss,-0.002859471582836774,157
C1_vs_C0,463,brier,-0.00034475971277619786,157
C1_vs_C0,463,log_loss,-0.0014029836492810233,157
C1_vs_C0,464,brier,-0.000376133019042421,157
C1_vs_C0,464,log_loss,-0.0024960738713440903,157
C1_vs_C0,465,brier,-0.0007606023198121262,157
C1_vs_C0,465,log_loss,-0.003462825665771446,157
C1_vs_C0,466,brier,-0.00044801368825829935,157
C1_vs_C0,466,log_loss,-0.0027374434116854817,157
C1_vs_C0,467,brier,-0.0010405301730185604,157
C1_vs_C0,467,log_loss,-0.004642028069527478,157
C1_vs_C0,468,brier,-0.0002573004855059218,157
C1_vs_C0,468,log_loss,-0.0029059629407170167,157
C1_vs_C0,469,brier,0.0001685147243503172,157
C1_vs_C0,469,log_loss,-0.0005856340686886626,157
C1_vs_C0,470,brier,-0.0003245024221918046,157
C1_vs_C0,470,log_loss,-0.002137751957043741,157
C1_vs_C0,471,brier,-4.474521056709529e-05,157
C1_vs_C0,471,log_loss,-0.0012152216505662442,157
C1_vs_C0,472,brier,4.922032453363378e-05,157
C1_vs_C0,472,log_loss,-0.0014489378420373266,157
C1_vs_C0,473,brier,-0.0005612432717674644,157
C1_vs_C0,473,log_loss,-0.0035001346356391674,157
C1_vs_C0,474,brier,-0.000277673933759471,157
C1_vs_C0,474,log_loss,-0.0017845658155895264,157
C1_vs_C0,475,brier,-0.00021642067138710375,157
C1_vs_C0,475,log_loss,-0.0019909916932698566,157
C1_vs_C0,476,brier,-0.0003357590253166758,157
C1_vs_C0,476,log_loss,-0.002572652515488777,157
C1_vs_C0,477,brier,-0.0002686115007180801,157
C1_vs_C0,477,log_loss,-0.0018111577096521535,157
C1_vs_C0,478,brier,-6.31152581984155e-05,157
C1_vs_C0,478,log_loss,-0.0018849160301762028,157
C1_vs_C0,479,brier,2.9899506086797974e-05,157
C1_vs_C0,479,log_loss,-0.001390448195735233,157
C1_vs_C0,480,brier,-0.0004437637846349389,157
C1_vs_C0,480,log_loss,-0.003188424320082628,157
C1_vs_C0,481,brier,-6.93704550929032e-05,157
C1_vs_C0,481,log_loss,-0.0019047534946199894,157
C1_vs_C0,482,brier,-0.0002888501614643906,157
C1_vs_C0,482,log_loss,-0.0017298314519190445,157
C1_vs_C0,483,brier,-0.00023167474087811617,157
C1_vs_C0,483,log_loss,-0.0021789788765378447,157
C1_vs_C0,484,brier,-0.000191534188403702,157
C1_vs_C0,484,log_loss,-0.0018712870217373115,157
C1_vs_C0,485,brier,-0.0002850534030759126,157
C1_vs_C0,485,log_loss,-0.002033903810176645,157
C1_vs_C0,486,brier,-0.0002222611670078223,157
C1_vs_C0,486,log_loss,-0.002056377690393899,157
C1_vs_C0,487,brier,-0.00041299921726861786,157
C1_vs_C0,487,log_loss,-0.0024118478477880433,157
C1_vs_C0,488,brier,-0.0005586651996852014,157
C1_vs_C0,488,log_loss,-0.0029738062260576048,157
C1_vs_C0,489,brier,-0.0007166505530716235,157
C1_vs_C0,489,log_loss,-0.003471736848516943,157
C1_vs_C0,490,brier,-0.00037783683800222755,157
C1_vs_C0,490,log_loss,-0.0027463193008453674,157
C1_vs_C0,491,brier,-0.000688663087224071,157
C1_vs_C0,491,log_loss,-0.0028217986202946615,157
C1_vs_C0,492,brier,-0.0003421259033088215,157
C1_vs_C0,492,log_loss,-0.0020060979169552696,157
C1_vs_C0,493,brier,-4.497698131872832e-05,157
C1_vs_C0,493,log_loss,-0.0017872428638878058,157
C1_vs_C0,494,brier,-0.0003899559589580513,157
C1_vs_C0,494,log_loss,-0.0027914424742122666,157
C1_vs_C0,495,brier,-0.0005453915456703067,157
C1_vs_C0,495,log_loss,-0.0034261173540358915,157
C1_vs_C0,496,brier,-0.0005017842860165838,157
C1_vs_C0,496,log_loss,-0.0024840585978011995,157
C1_vs_C0,497,brier,-0.0003869616275526188,157
C1_vs_C0,497,log_loss,-0.0025405956675412017,157
C1_vs_C0,498,brier,0.00013757134967223582,157
C1_vs_C0,498,log_loss,-0.0013425482687862424,157
C1_vs_C0,499,brier,-0.000872883336005299,157
C1_vs_C0,499,log_loss,-0.003808674325986625,157
