period,analysis_level,exclusion_dimension,excluded,subgroup_type,subgroup,quantity,n,sessions,mean,median,status
assessment,high_tail_checkpoint,month,2025-01,phase,FIRST_ENTRY,future_absolute_10m,330,109,0.009830600238848207,0.007208934878642921,descriptive_support_available
assessment,high_tail_checkpoint,month,2025-01,phase,FIRST_ENTRY,future_absolute_15m,330,109,0.011427860270486092,0.008538236582790836,descriptive_support_available
assessment,high_tail_checkpoint,month,2025-01,phase,FIRST_ENTRY,post_share_of_local_range_v1,330,109,0.42052986744794907,0.4218487055640322,descriptive_support_available
assessment,high_tail_checkpoint,month,2025-01,phase,PERSISTENT,future_absolute_10m,392,69,0.009798791863173334,0.007775673023104885,descriptive_support_available
assessment,high_tail_checkpoint,month,2025-01,phase,PERSISTENT,future_absolute_15m,392,69,0.01252882031303694,0.009642073216617846,descriptive_support_available
assessment,high_tail_checkpoint,month,2025-01,phase,PERSISTENT,post_share_of_local_range_v1,392,69,0.4109473389060045,0.403459033886261,descriptive_support_available
assessment,high_tail_checkpoint,month,2025-01,phase,RE_ENTRY,future_absolute_10m,52,35,0.008482577939240664,0.005651610230268545,descriptive_support_available
assessment,high_tail_checkpoint,month,2025-01,phase,RE_ENTRY,future_absolute_15m,52,35,0.008021004122142576,0.006379304845957848,descriptive_support_available
assessment,high_tail_checkpoint,month,2025-01,phase,RE_ENTRY,post_share_of_local_range_v1,52,35,0.40133033364656556,0.41384812623420364,descriptive_support_available
assessment,high_tail_checkpoint,month,2025-01,movement_consumed_bucket,LOW_OR_EQUAL,future_absolute_10m,16,15,0.006806481112395173,0.004517899362386725,blocked_insufficient_support
assessment,high_tail_checkpoint,month,2025-01,movement_consumed_bucket,LOW_OR_EQUAL,future_absolute_15m,16,15,0.00861271947577672,0.008521165048894165,blocked_insufficient_support
assessment,high_tail_checkpoint,month,2025-01,movement_consumed_bucket,LOW_OR_EQUAL,post_share_of_local_range_v1,16,15,0.5451132956873892,0.5651385515578129,blocked_insufficient_support
assessment,high_tail_checkpoint,month,2025-01,movement_consumed_bucket,HIGH,future_absolute_10m,758,109,0.009785507710060747,0.0075117671878590885,descriptive_support_available
assessment,high_tail_checkpoint,month,2025-01,movement_consumed_bucket,HIGH,future_absolute_15m,758,109,0.011822928963997198,0.008999508544673263,descriptive_support_available
assessment,high_tail_checkpoint,month,2025-01,movement_consumed_bucket,HIGH,post_share_of_local_range_v1,758,109,0.4116274112501321,0.40614452120387257,descriptive_support_available
assessment,high_tail_checkpoint,month,2025-02,phase,FIRST_ENTRY,future_absolute_10m,339,113,0.009768970341603931,0.007230979768950102,descriptive_support_available
assessment,high_tail_checkpoint,month,2025-02,phase,FIRST_ENTRY,future_absolute_15m,339,113,0.010922794881782313,0.008173354098570796,descriptive_support_available
assessment,high_tail_checkpoint,month,2025-02,phase,FIRST_ENTRY,post_share_of_local_range_v1,339,113,0.41692865856427164,0.4174707168380464,descriptive_support_available
assessment,high_tail_checkpoint,month,2025-02,phase,PERSISTENT,future_absolute_10m,417,71,0.009684127124727953,0.007794271726818909,descriptive_support_available
assessment,high_tail_checkpoint,month,2025-02,phase,PERSISTENT,future_absolute_15m,417,71,0.012542751891067301,0.009816174106191256,descriptive_support_available
assessment,high_tail_checkpoint,month,2025-02,phase,PERSISTENT,post_share_of_local_range_v1,417,71,0.4123645256791394,0.40479262228593343,descriptive_support_available
assessment,high_tail_checkpoint,month,2025-02,phase,RE_ENTRY,future_absolute_10m,56,38,0.00837795336135064,0.005651610230268545,descriptive_support_available
assessment,high_tail_checkpoint,month,2025-02,phase,RE_ENTRY,future_absolute_15m,56,38,0.008456680847253576,0.00612087277691317,descriptive_support_available
assessment,high_tail_checkpoint,month,2025-02,phase,RE_ENTRY,post_share_of_local_range_v1,56,38,0.3991513294196344,0.4067468576870581,descriptive_support_available
assessment,high_tail_checkpoint,month,2025-02,movement_consumed_bucket,LOW_OR_EQUAL,future_absolute_10m,16,13,0.0048968987648103,0.0036879820097410754,blocked_insufficient_support
assessment,high_tail_checkpoint,month,2025-02,movement_consumed_bucket,LOW_OR_EQUAL,future_absolute_15m,16,13,0.005524109121180729,0.004362874790658334,blocked_insufficient_support
assessment,high_tail_checkpoint,month,2025-02,movement_consumed_bucket,LOW_OR_EQUAL,post_share_of_local_range_v1,16,13,0.5214140845072635,0.5253699378478669,blocked_insufficient_support
assessment,high_tail_checkpoint,month,2025-02,movement_consumed_bucket,HIGH,future_absolute_10m,796,113,0.00972459417690196,0.0075117671878590885,descriptive_support_available
assessment,high_tail_checkpoint,month,2025-02,movement_consumed_bucket,HIGH,future_absolute_15m,796,113,0.011706461538952988,0.008999508544673263,descriptive_support_available
assessment,high_tail_checkpoint,month,2025-02,movement_consumed_bucket,HIGH,post_share_of_local_range_v1,796,113,0.41118677331265396,0.40734159408088977,descriptive_support_available
assessment,high_tail_checkpoint,month,2025-03,phase,FIRST_ENTRY,future_absolute_10m,328,111,0.010002683837170194,0.007259605101308352,descriptive_support_available
assessment,high_tail_checkpoint,month,2025-03,phase,FIRST_ENTRY,future_absolute_15m,328,111,0.011621702189922164,0.00875971915385754,descriptive_support_available
assessment,high_tail_checkpoint,month,2025-03,phase,FIRST_ENTRY,post_share_of_local_range_v1,328,111,0.42444856948152354,0.4208040250071556,descriptive_support_available
assessment,high_tail_checkpoint,month,2025-03,phase,PERSISTENT,future_absolute_10m,431,69,0.009926421344578032,0.007930517544873875,descriptive_support_available
assessment,high_tail_checkpoint,month,2025-03,phase,PERSISTENT,future_absolute_15m,431,69,0.012565291089493261,0.009919936704903385,descriptive_support_available
assessment,high_tail_checkpoint,month,2025-03,phase,PERSISTENT,post_share_of_local_range_v1,431,69,0.41103851029894384,0.4045691077779062,descriptive_support_available
assessment,high_tail_checkpoint,month,2025-03,phase,RE_ENTRY,future_absolute_10m,60,39,0.008160422575162824,0.00528775622172032,descriptive_support_available
assessment,high_tail_checkpoint,month,2025-03,phase,RE_ENTRY,future_absolute_15m,60,39,0.007657325348889151,0.005587440569694661,descriptive_support_available
assessment,high_tail_checkpoint,month,2025-03,phase,RE_ENTRY,post_share_of_local_range_v1,60,39,0.40565540348669277,0.4150012073188493,descriptive_support_available
assessment,high_tail_checkpoint,month,2025-03,movement_consumed_bucket,LOW_OR_EQUAL,future_absolute_10m,19,16,0.0055808866355463345,0.0041713225536299465,blocked_insufficient_support
assessment,high_tail_checkpoint,month,2025-03,movement_consumed_bucket,LOW_OR_EQUAL,future_absolute_15m,19,16,0.0074260441728368235,0.004390878826520883,blocked_insufficient_support
assessment,high_tail_checkpoint,month,2025-03,movement_consumed_bucket,LOW_OR_EQUAL,post_share_of_local_range_v1,19,16,0.5316314045068611,0.5291233580830964,blocked_insufficient_support
assessment,high_tail_checkpoint,month,2025-03,movement_consumed_bucket,HIGH,future_absolute_10m,800,111,0.009928445508174183,0.007595660311308318,descriptive_support_available
assessment,high_tail_checkpoint,month,2025-03,movement_consumed_bucket,HIGH,future_absolute_15m,800,111,0.011932379324394393,0.009051616657316661,descriptive_support_available
assessment,high_tail_checkpoint,month,2025-03,movement_consumed_bucket,HIGH,post_share_of_local_range_v1,800,111,0.4132688203154447,0.40815183087617246,descriptive_support_available
assessment,high_tail_checkpoint,month,2025-04,phase,FIRST_ENTRY,future_absolute_10m,321,111,0.00972196003370774,0.007230979768950102,descriptive_support_available
assessment,high_tail_checkpoint,month,2025-04,phase,FIRST_ENTRY,future_absolute_15m,321,111,0.011329871410237684,0.008173354098570796,descriptive_support_available
assessment,high_tail_checkpoint,month,2025-04,phase,FIRST_ENTRY,post_share_of_local_range_v1,321,111,0.4189014947188354,0.41656487642528095,descriptive_support_available
assessment,high_tail_checkpoint,month,2025-04,phase,PERSISTENT,future_absolute_10m,409,71,0.009754429708411014,0.00778835689264815,descriptive_support_available
assessment,high_tail_checkpoint,month,2025-04,phase,PERSISTENT,future_absolute_15m,409,71,0.012255592655231146,0.009689220679751354,descriptive_support_available
assessment,high_tail_checkpoint,month,2025-04,phase,PERSISTENT,post_share_of_local_range_v1,409,71,0.4125581643090435,0.4045691077779062,descriptive_support_available
assessment,high_tail_checkpoint,month,2025-04,phase,RE_ENTRY,future_absolute_10m,55,39,0.007036792710075202,0.004872900737776174,descriptive_support_available
assessment,high_tail_checkpoint,month,2025-04,phase,RE_ENTRY,future_absolute_15m,55,39,0.008173402958511046,0.006145642124133318,descriptive_support_available
assessment,high_tail_checkpoint,month,2025-04,phase,RE_ENTRY,post_share_of_local_range_v1,55,39,0.39789425908355736,0.4090742219730679,descriptive_support_available
assessment,high_tail_checkpoint,month,2025-04,movement_consumed_bucket,LOW_OR_EQUAL,future_absolute_10m,17,14,0.005682386923457637,0.0041713225536299465,blocked_insufficient_support
assessment,high_tail_checkpoint,month,2025-04,movement_consumed_bucket,LOW_OR_EQUAL,future_absolute_15m,17,14,0.00763786796272686,0.004390878826520883,blocked_insufficient_support
assessment,high_tail_checkpoint,month,2025-04,movement_consumed_bucket,LOW_OR_EQUAL,post_share_of_local_range_v1,17,14,0.5323930939101882,0.5216165176126373,blocked_insufficient_support
assessment,high_tail_checkpoint,month,2025-04,movement_consumed_bucket,HIGH,future_absolute_10m,768,111,0.009636372321504749,0.007465130083986933,descriptive_support_available
assessment,high_tail_checkpoint,month,2025-04,movement_consumed_bucket,HIGH,future_absolute_15m,768,111,0.011678541049515087,0.008811804573845266,descriptive_support_available
assessment,high_tail_checkpoint,month,2025-04,movement_consumed_bucket,HIGH,post_share_of_local_range_v1,768,111,0.4115067326305566,0.4053995343146859,descriptive_support_available
assessment,high_tail_checkpoint,month,2025-05,phase,FIRST_ENTRY,future_absolute_10m,325,110,0.010050108513614792,0.007696692630057314,descriptive_support_available
assessment,high_tail_checkpoint,month,2025-05,phase,FIRST_ENTRY,future_absolute_15m,325,110,0.0116007630520624,0.009104769756165065,descriptive_support_available
assessment,high_tail_checkpoint,month,2025-05,phase,FIRST_ENTRY,post_share_of_local_range_v1,325,110,0.42637715500876416,0.4229567664210402,descriptive_support_available
assessment,high_tail_checkpoint,month,2025-05,phase,PERSISTENT,future_absolute_10m,397,69,0.009724897827210902,0.007750428437416725,descriptive_support_available
assessment,high_tail_checkpoint,month,2025-05,phase,PERSISTENT,future_absolute_15m,397,69,0.012620115296299517,0.009689220679751354,descriptive_support_available
assessment,high_tail_checkpoint,month,2025-05,phase,PERSISTENT,post_share_of_local_range_v1,397,69,0.4088284856322888,0.40045554004096073,descriptive_support_available
assessment,high_tail_checkpoint,month,2025-05,phase,RE_ENTRY,future_absolute_10m,54,34,0.008214734207444811,0.005391867159404729,descriptive_support_available
assessment,high_tail_checkpoint,month,2025-05,phase,RE_ENTRY,future_absolute_15m,54,34,0.008636591330120933,0.006379304845957848,descriptive_support_available
assessment,high_tail_checkpoint,month,2025-05,phase,RE_ENTRY,post_share_of_local_range_v1,54,34,0.40577251704967304,0.41384812623420364,descriptive_support_available
assessment,high_tail_checkpoint,month,2025-05,movement_consumed_bucket,LOW_OR_EQUAL,future_absolute_10m,19,16,0.005982839580530953,0.0041713225536299465,blocked_insufficient_support
assessment,high_tail_checkpoint,month,2025-05,movement_consumed_bucket,LOW_OR_EQUAL,future_absolute_15m,19,16,0.007863635680949034,0.004391274906354764,blocked_insufficient_support
assessment,high_tail_checkpoint,month,2025-05,movement_consumed_bucket,LOW_OR_EQUAL,post_share_of_local_range_v1,19,16,0.5324251788231441,0.5291233580830964,blocked_insufficient_support
assessment,high_tail_checkpoint,month,2025-05,movement_consumed_bucket,HIGH,future_absolute_10m,757,110,0.009850715190884369,0.007640705327911892,descriptive_support_available
assessment,high_tail_checkpoint,month,2025-05,movement_consumed_bucket,HIGH,future_absolute_15m,757,110,0.012017702270065635,0.009072392872407424,descriptive_support_available
assessment,high_tail_checkpoint,month,2025-05,movement_consumed_bucket,HIGH,post_share_of_local_range_v1,757,110,0.4130424328889162,0.40673384081595965,descriptive_support_available
assessment,high_tail_checkpoint,month,2025-06,phase,FIRST_ENTRY,future_absolute_10m,324,110,0.010207455102418427,0.007788186049154932,descriptive_support_available
assessment,high_tail_checkpoint,month,2025-06,phase,FIRST_ENTRY,future_absolute_15m,324,110,0.01182168550289497,0.009079083775440176,descriptive_support_available
assessment,high_tail_checkpoint,month,2025-06,phase,FIRST_ENTRY,post_share_of_local_range_v1,324,110,0.42169760760584973,0.4177383865819707,descriptive_support_available
assessment,high_tail_checkpoint,month,2025-06,phase,PERSISTENT,future_absolute_10m,416,70,0.009854149635561445,0.007921087825776522,descriptive_support_available
assessment,high_tail_checkpoint,month,2025-06,phase,PERSISTENT,future_absolute_15m,416,70,0.012591913821715902,0.009924925983270617,descriptive_support_available
assessment,high_tail_checkpoint,month,2025-06,phase,PERSISTENT,post_share_of_local_range_v1,416,70,0.4112310105167803,0.40263048780281296,descriptive_support_available
assessment,high_tail_checkpoint,month,2025-06,phase,RE_ENTRY,future_absolute_10m,60,39,0.008132492483435411,0.00528775622172032,descriptive_support_available
assessment,high_tail_checkpoint,month,2025-06,phase,RE_ENTRY,future_absolute_15m,60,39,0.008347006183685841,0.006727217224715973,descriptive_support_available
assessment,high_tail_checkpoint,month,2025-06,phase,RE_ENTRY,post_share_of_local_range_v1,60,39,0.39820291992623713,0.4067468576870581,descriptive_support_available
assessment,high_tail_checkpoint,month,2025-06,movement_consumed_bucket,LOW_OR_EQUAL,future_absolute_10m,18,15,0.006022923688904895,0.004172831496079089,blocked_insufficient_support
assessment,high_tail_checkpoint,month,2025-06,movement_consumed_bucket,LOW_OR_EQUAL,future_absolute_15m,18,15,0.007432533667526846,0.004363072830575274,blocked_insufficient_support
assessment,high_tail_checkpoint,month,2025-06,movement_consumed_bucket,LOW_OR_EQUAL,post_share_of_local_range_v1,18,15,0.5408176080970614,0.5475831781463021,blocked_insufficient_support
assessment,high_tail_checkpoint,month,2025-06,movement_consumed_bucket,HIGH,future_absolute_10m,782,110,0.009956622281563897,0.007764515004150171,descriptive_support_available
assessment,high_tail_checkpoint,month,2025-06,movement_consumed_bucket,HIGH,future_absolute_15m,782,110,0.012065852963909787,0.00921870537988077,descriptive_support_available
assessment,high_tail_checkpoint,month,2025-06,movement_consumed_bucket,HIGH,post_share_of_local_range_v1,782,110,0.4115851451267302,0.40614452120387257,descriptive_support_available
assessment,high_tail_checkpoint,month,2025-07,phase,FIRST_ENTRY,future_absolute_10m,310,107,0.010002460522476159,0.007281484290675199,descriptive_support_available
assessment,high_tail_checkpoint,month,2025-07,phase,FIRST_ENTRY,future_absolute_15m,310,107,0.01157787756508418,0.009003049497445464,descriptive_support_available
assessment,high_tail_checkpoint,month,2025-07,phase,FIRST_ENTRY,post_share_of_local_range_v1,310,107,0.4243388414350558,0.4236059727213342,descriptive_support_available
assessment,high_tail_checkpoint,month,2025-07,phase,PERSISTENT,future_absolute_10m,372,63,0.010316917226667624,0.00848448854782028,descriptive_support_available
assessment,high_tail_checkpoint,month,2025-07,phase,PERSISTENT,future_absolute_15m,372,63,0.012942932956903793,0.009956728765317342,descriptive_support_available
assessment,high_tail_checkpoint,month,2025-07,phase,PERSISTENT,post_share_of_local_range_v1,372,63,0.41396390231466285,0.4046808650319198,descriptive_support_available
assessment,high_tail_checkpoint,month,2025-07,phase,RE_ENTRY,future_absolute_10m,55,35,0.008669025389908257,0.005512126740500805,descriptive_support_available
assessment,high_tail_checkpoint,month,2025-07,phase,RE_ENTRY,future_absolute_15m,55,35,0.008671096422919515,0.006841466881649569,descriptive_support_available
assessment,high_tail_checkpoint,month,2025-07,phase,RE_ENTRY,post_share_of_local_range_v1,55,35,0.41036489201193993,0.42320011465827456,descriptive_support_available
assessment,high_tail_checkpoint,month,2025-07,movement_consumed_bucket,LOW_OR_EQUAL,future_absolute_10m,18,15,0.006263956039692782,0.004517899362386725,blocked_insufficient_support
assessment,high_tail_checkpoint,month,2025-07,movement_consumed_bucket,LOW_OR_EQUAL,future_absolute_15m,18,15,0.008079808071582591,0.0060409185573909036,blocked_insufficient_support
assessment,high_tail_checkpoint,month,2025-07,movement_consumed_bucket,LOW_OR_EQUAL,post_share_of_local_range_v1,18,15,0.5475323239689238,0.5475831781463021,blocked_insufficient_support
assessment,high_tail_checkpoint,month,2025-07,movement_consumed_bucket,HIGH,future_absolute_10m,719,107,0.010156747090429,0.007851940573075693,descriptive_support_available
assessment,high_tail_checkpoint,month,2025-07,movement_consumed_bucket,HIGH,future_absolute_15m,719,107,0.012149355859689003,0.00925963549036415,descriptive_support_available
assessment,high_tail_checkpoint,month,2025-07,movement_consumed_bucket,HIGH,post_share_of_local_range_v1,719,107,0.4148179412171599,0.4082736541119463,descriptive_support_available
assessment,high_tail_checkpoint,month,2025-08,phase,FIRST_ENTRY,future_absolute_10m,320,111,0.010030066459827396,0.007668698978984603,descriptive_support_available
assessment,high_tail_checkpoint,month,2025-08,phase,FIRST_ENTRY,future_absolute_15m,320,111,0.011258955050344827,0.009106052465577216,descriptive_support_available
assessment,high_tail_checkpoint,month,2025-08,phase,FIRST_ENTRY,post_share_of_local_range_v1,320,111,0.42259309258113376,0.4208040250071556,descriptive_support_available
assessment,high_tail_checkpoint,month,2025-08,phase,PERSISTENT,future_absolute_10m,400,71,0.00986987534024339,0.00800820397647974,descriptive_support_available
assessment,high_tail_checkpoint,month,2025-08,phase,PERSISTENT,future_absolute_15m,400,71,0.012424036607703016,0.009623896503486839,descriptive_support_available
assessment,high_tail_checkpoint,month,2025-08,phase,PERSISTENT,post_share_of_local_range_v1,400,71,0.41380542530030445,0.40463229094769193,descriptive_support_available
assessment,high_tail_checkpoint,month,2025-08,phase,RE_ENTRY,future_absolute_10m,63,42,0.008231709773664933,0.005512126740500805,descriptive_support_available
assessment,high_tail_checkpoint,month,2025-08,phase,RE_ENTRY,future_absolute_15m,63,42,0.008244421547251354,0.006145642124133318,descriptive_support_available
assessment,high_tail_checkpoint,month,2025-08,phase,RE_ENTRY,post_share_of_local_range_v1,63,42,0.4020951210537288,0.4117187671173877,descriptive_support_available
assessment,high_tail_checkpoint,month,2025-08,movement_consumed_bucket,LOW_OR_EQUAL,future_absolute_10m,17,15,0.006177563721178777,0.004174340438528232,blocked_insufficient_support
assessment,high_tail_checkpoint,month,2025-08,movement_consumed_bucket,LOW_OR_EQUAL,future_absolute_15m,17,15,0.007526777055887573,0.004390878826520883,blocked_insufficient_support
assessment,high_tail_checkpoint,month,2025-08,movement_consumed_bucket,LOW_OR_EQUAL,post_share_of_local_range_v1,17,15,0.5391900253809893,0.5291233580830964,blocked_insufficient_support
assessment,high_tail_checkpoint,month,2025-08,movement_consumed_bucket,HIGH,future_absolute_10m,766,111,0.009884008532275423,0.007722332177403455,descriptive_support_available
assessment,high_tail_checkpoint,month,2025-08,movement_consumed_bucket,HIGH,future_absolute_15m,766,111,0.011702250139318925,0.009055413673542359,descriptive_support_available
assessment,high_tail_checkpoint,month,2025-08,movement_consumed_bucket,HIGH,post_share_of_local_range_v1,766,111,0.41373070749476853,0.40881195465095,descriptive_support_available
assessment,high_tail_checkpoint,stock,AAL,phase,FIRST_ENTRY,future_absolute_10m,343,125,0.010401777909127496,0.007722562889909601,descriptive_support_available
assessment,high_tail_checkpoint,stock,AAL,phase,FIRST_ENTRY,future_absolute_15m,343,125,0.011970671364241925,0.009310993396491827,descriptive_support_available
assessment,high_tail_checkpoint,stock,AAL,phase,FIRST_ENTRY,post_share_of_local_range_v1,343,125,0.42271079877674567,0.42003100692290546,descriptive_support_available
assessment,high_tail_checkpoint,stock,AAL,phase,PERSISTENT,future_absolute_10m,417,78,0.01035089009406242,0.008471952605845682,descriptive_support_available
assessment,high_tail_checkpoint,stock,AAL,phase,PERSISTENT,future_absolute_15m,417,78,0.013033086046103572,0.0102754410093024,descriptive_support_available
assessment,high_tail_checkpoint,stock,AAL,phase,PERSISTENT,post_share_of_local_range_v1,417,78,0.41254133269302634,0.4039587941182495,descriptive_support_available
assessment,high_tail_checkpoint,stock,AAL,phase,RE_ENTRY,future_absolute_10m,60,40,0.008522825674768716,0.005547499292584137,descriptive_support_available
assessment,high_tail_checkpoint,stock,AAL,phase,RE_ENTRY,future_absolute_15m,60,40,0.00867300247910588,0.006727217224715973,descriptive_support_available
assessment,high_tail_checkpoint,stock,AAL,phase,RE_ENTRY,post_share_of_local_range_v1,60,40,0.401815789847261,0.4103964945452278,descriptive_support_available
assessment,high_tail_checkpoint,stock,AAL,movement_consumed_bucket,LOW_OR_EQUAL,future_absolute_10m,14,13,0.006423516513263514,0.004172831496079089,blocked_insufficient_support
assessment,high_tail_checkpoint,stock,AAL,movement_consumed_bucket,LOW_OR_EQUAL,future_absolute_15m,14,13,0.008679137773492924,0.0060409185573909036,blocked_insufficient_support
assessment,high_tail_checkpoint,stock,AAL,movement_consumed_bucket,LOW_OR_EQUAL,post_share_of_local_range_v1,14,13,0.5392479687349214,0.5371255167044132,blocked_insufficient_support
assessment,high_tail_checkpoint,stock,AAL,movement_consumed_bucket,HIGH,future_absolute_10m,806,125,0.010304679033939449,0.007921087825776522,descriptive_support_available
assessment,high_tail_checkpoint,stock,AAL,movement_consumed_bucket,HIGH,future_absolute_15m,806,125,0.012332021562131047,0.009654060739027866,descriptive_support_available
assessment,high_tail_checkpoint,stock,AAL,movement_consumed_bucket,HIGH,post_share_of_local_range_v1,806,125,0.4138697463299783,0.40815183087617246,descriptive_support_available
assessment,high_tail_checkpoint,stock,AAOI,phase,FIRST_ENTRY,future_absolute_10m,357,124,0.009959978736100503,0.007640705327911892,descriptive_support_available
assessment,high_tail_checkpoint,stock,AAOI,phase,FIRST_ENTRY,future_absolute_15m,357,124,0.0113003885342764,0.008447352538457685,descriptive_support_available
assessment,high_tail_checkpoint,stock,AAOI,phase,FIRST_ENTRY,post_share_of_local_range_v1,357,124,0.42134788029804987,0.4215770430914057,descriptive_support_available
assessment,high_tail_checkpoint,stock,AAOI,phase,PERSISTENT,future_absolute_10m,447,79,0.009906312012911452,0.007930517544873875,descriptive_support_available
assessment,high_tail_checkpoint,stock,AAOI,phase,PERSISTENT,future_absolute_15m,447,79,0.012572551136914483,0.009816174106191256,descriptive_support_available
assessment,high_tail_checkpoint,stock,AAOI,phase,PERSISTENT,post_share_of_local_range_v1,447,79,0.41236464063519485,0.4039587941182495,descriptive_support_available
assessment,high_tail_checkpoint,stock,AAOI,phase,RE_ENTRY,future_absolute_10m,64,43,0.008252312830191165,0.005547499292584137,descriptive_support_available
assessment,high_tail_checkpoint,stock,AAOI,phase,RE_ENTRY,future_absolute_15m,64,43,0.008361913940699182,0.006379304845957848,descriptive_support_available
assessment,high_tail_checkpoint,stock,AAOI,phase,RE_ENTRY,post_share_of_local_range_v1,64,43,0.4040202377312172,0.41384812623420364,descriptive_support_available
assessment,high_tail_checkpoint,stock,AAOI,movement_consumed_bucket,LOW_OR_EQUAL,future_absolute_10m,20,17,0.005926770515816667,0.004172831496079089,blocked_insufficient_support
assessment,high_tail_checkpoint,stock,AAOI,movement_consumed_bucket,LOW_OR_EQUAL,future_absolute_15m,20,17,0.007526530652811898,0.004391076866437823,blocked_insufficient_support
assessment,high_tail_checkpoint,stock,AAOI,movement_consumed_bucket,LOW_OR_EQUAL,post_share_of_local_range_v1,20,17,0.5363480355108735,0.5321633498169792,blocked_insufficient_support
assessment,high_tail_checkpoint,stock,AAOI,movement_consumed_bucket,HIGH,future_absolute_10m,848,124,0.009897932180866983,0.007709397047477311,descriptive_support_available
assessment,high_tail_checkpoint,stock,AAOI,movement_consumed_bucket,HIGH,future_absolute_15m,848,124,0.011838208660478727,0.009051616657316661,descriptive_support_available
assessment,high_tail_checkpoint,stock,AAOI,movement_consumed_bucket,HIGH,post_share_of_local_range_v1,848,124,0.41259259685721267,0.40815183087617246,descriptive_support_available
assessment,high_tail_checkpoint,stock,APLD,phase,FIRST_ENTRY,future_absolute_10m,358,125,0.009941008342484996,0.007576588240423432,descriptive_support_available
assessment,high_tail_checkpoint,stock,APLD,phase,FIRST_ENTRY,future_absolute_15m,358,125,0.01145424977761989,0.009020453655535348,descriptive_support_available
assessment,high_tail_checkpoint,stock,APLD,phase,FIRST_ENTRY,post_share_of_local_range_v1,358,125,0.42261445586496105,0.4218487055640322,descriptive_support_available
assessment,high_tail_checkpoint,stock,APLD,phase,PERSISTENT,future_absolute_10m,430,78,0.009594563613725612,0.007791314309733529,descriptive_support_available
assessment,high_tail_checkpoint,stock,APLD,phase,PERSISTENT,future_absolute_15m,430,78,0.012040004537125299,0.009400740048106693,descriptive_support_available
assessment,high_tail_checkpoint,stock,APLD,phase,PERSISTENT,post_share_of_local_range_v1,430,78,0.4115406339654942,0.403459033886261,descriptive_support_available
assessment,high_tail_checkpoint,stock,APLD,phase,RE_ENTRY,future_absolute_10m,64,43,0.008142397340199921,0.00528775622172032,descriptive_support_available
assessment,high_tail_checkpoint,stock,APLD,phase,RE_ENTRY,future_absolute_15m,64,43,0.008308774814908488,0.006379304845957848,descriptive_support_available
assessment,high_tail_checkpoint,stock,APLD,phase,RE_ENTRY,post_share_of_local_range_v1,64,43,0.4020648550483904,0.4103964945452278,descriptive_support_available
assessment,high_tail_checkpoint,stock,APLD,movement_consumed_bucket,LOW_OR_EQUAL,future_absolute_10m,20,17,0.005926770515816667,0.004172831496079089,blocked_insufficient_support
assessment,high_tail_checkpoint,stock,APLD,movement_consumed_bucket,LOW_OR_EQUAL,future_absolute_15m,20,17,0.007526530652811898,0.004391076866437823,blocked_insufficient_support
assessment,high_tail_checkpoint,stock,APLD,movement_consumed_bucket,LOW_OR_EQUAL,post_share_of_local_range_v1,20,17,0.5363480355108735,0.5321633498169792,blocked_insufficient_support
assessment,high_tail_checkpoint,stock,APLD,movement_consumed_bucket,HIGH,future_absolute_10m,832,125,0.009720097788423202,0.007635275910274104,descriptive_support_available
assessment,high_tail_checkpoint,stock,APLD,movement_consumed_bucket,HIGH,future_absolute_15m,832,125,0.011609440320252047,0.008982955160941473,descriptive_support_available
assessment,high_tail_checkpoint,stock,APLD,movement_consumed_bucket,HIGH,post_share_of_local_range_v1,832,125,0.41257648776165634,0.4067870725641922,descriptive_support_available
assessment,high_tail_checkpoint,stock,ASTS,phase,FIRST_ENTRY,future_absolute_10m,348,124,0.009824238119467298,0.007281484290675199,descriptive_support_available
assessment,high_tail_checkpoint,stock,ASTS,phase,FIRST_ENTRY,future_absolute_15m,348,124,0.011153194744019415,0.00847854429824996,descriptive_support_available
assessment,high_tail_checkpoint,stock,ASTS,phase,FIRST_ENTRY,post_share_of_local_range_v1,348,124,0.42346851587674605,0.4225385672288494,descriptive_support_available
assessment,high_tail_checkpoint,stock,ASTS,phase,PERSISTENT,future_absolute_10m,440,78,0.009674416653404369,0.007756708795489173,descriptive_support_available
assessment,high_tail_checkpoint,stock,ASTS,phase,PERSISTENT,future_absolute_15m,440,78,0.012454901453686017,0.009712356816876645,descriptive_support_available
assessment,high_tail_checkpoint,stock,ASTS,phase,PERSISTENT,post_share_of_local_range_v1,440,78,0.41116181863655826,0.4038960938409756,descriptive_support_available
assessment,high_tail_checkpoint,stock,ASTS,phase,RE_ENTRY,future_absolute_10m,59,41,0.008352255810552043,0.005582871844667468,descriptive_support_available
assessment,high_tail_checkpoint,stock,ASTS,phase,RE_ENTRY,future_absolute_15m,59,41,0.008325783456454868,0.006145642124133318,descriptive_support_available
assessment,high_tail_checkpoint,stock,ASTS,phase,RE_ENTRY,post_share_of_local_range_v1,59,41,0.3998334517128876,0.4117187671173877,descriptive_support_available
assessment,high_tail_checkpoint,stock,ASTS,movement_consumed_bucket,LOW_OR_EQUAL,future_absolute_10m,20,17,0.005926770515816667,0.004172831496079089,blocked_insufficient_support
assessment,high_tail_checkpoint,stock,ASTS,movement_consumed_bucket,LOW_OR_EQUAL,future_absolute_15m,20,17,0.007526530652811898,0.004391076866437823,blocked_insufficient_support
assessment,high_tail_checkpoint,stock,ASTS,movement_consumed_bucket,LOW_OR_EQUAL,post_share_of_local_range_v1,20,17,0.5363480355108735,0.5321633498169792,blocked_insufficient_support
assessment,high_tail_checkpoint,stock,ASTS,movement_consumed_bucket,HIGH,future_absolute_10m,827,124,0.009733767685101305,0.007511063222783207,descriptive_support_available
assessment,high_tail_checkpoint,stock,ASTS,movement_consumed_bucket,HIGH,future_absolute_15m,827,124,0.01173175214197727,0.009049835519918038,descriptive_support_available
assessment,high_tail_checkpoint,stock,ASTS,movement_consumed_bucket,HIGH,post_share_of_local_range_v1,827,124,0.4125047843603823,0.4081961456210619,descriptive_support_available
assessment,high_tail_checkpoint,stock,CIFR,phase,FIRST_ENTRY,future_absolute_10m,352,125,0.009881005207873907,0.007281484290675199,descriptive_support_available
assessment,high_tail_checkpoint,stock,CIFR,phase,FIRST_ENTRY,future_absolute_15m,352,125,0.011460839829185982,0.00875971915385754,descriptive_support_available
assessment,high_tail_checkpoint,stock,CIFR,phase,FIRST_ENTRY,post_share_of_local_range_v1,352,125,0.4238745835728545,0.423010983812791,descriptive_support_available
assessment,high_tail_checkpoint,stock,CIFR,phase,PERSISTENT,future_absolute_10m,439,77,0.00986789206962297,0.00778835689264815,descriptive_support_available
assessment,high_tail_checkpoint,stock,CIFR,phase,PERSISTENT,future_absolute_15m,439,77,0.012476908925313798,0.009735492954001935,descriptive_support_available
assessment,high_tail_checkpoint,stock,CIFR,phase,PERSISTENT,post_share_of_local_range_v1,439,77,0.41215497859496236,0.4039587941182495,descriptive_support_available
assessment,high_tail_checkpoint,stock,CIFR,phase,RE_ENTRY,future_absolute_10m,60,41,0.008311103854090137,0.005651610230268545,descriptive_support_available
assessment,high_tail_checkpoint,stock,CIFR,phase,RE_ENTRY,future_absolute_15m,60,41,0.008350440752212009,0.00612087277691317,descriptive_support_available
assessment,high_tail_checkpoint,stock,CIFR,phase,RE_ENTRY,post_share_of_local_range_v1,60,41,0.4013899640503398,0.4067468576870581,descriptive_support_available
assessment,high_tail_checkpoint,stock,CIFR,movement_consumed_bucket,LOW_OR_EQUAL,future_absolute_10m,20,17,0.005926770515816667,0.004172831496079089,blocked_insufficient_support
assessment,high_tail_checkpoint,stock,CIFR,movement_consumed_bucket,LOW_OR_EQUAL,future_absolute_15m,20,17,0.007526530652811898,0.004391076866437823,blocked_insufficient_support
assessment,high_tail_checkpoint,stock,CIFR,movement_consumed_bucket,LOW_OR_EQUAL,post_share_of_local_range_v1,20,17,0.5363480355108735,0.5321633498169792,blocked_insufficient_support
assessment,high_tail_checkpoint,stock,CIFR,movement_consumed_bucket,HIGH,future_absolute_10m,831,125,0.009855895634976145,0.007548284150763258,descriptive_support_available
assessment,high_tail_checkpoint,stock,CIFR,movement_consumed_bucket,HIGH,future_absolute_15m,831,125,0.011867718977331777,0.009049835519918038,descriptive_support_available
assessment,high_tail_checkpoint,stock,CIFR,movement_consumed_bucket,HIGH,post_share_of_local_range_v1,831,125,0.4133529797276007,0.4082736541119463,descriptive_support_available
assessment,high_tail_checkpoint,stock,HIMS,phase,FIRST_ENTRY,future_absolute_10m,355,124,0.010007715681220808,0.0074716349686373505,descriptive_support_available
assessment,high_tail_checkpoint,stock,HIMS,phase,FIRST_ENTRY,future_absolute_15m,355,124,0.011716539240911747,0.009104769756165065,descriptive_support_available
assessment,high_tail_checkpoint,stock,HIMS,phase,FIRST_ENTRY,post_share_of_local_range_v1,355,124,0.4225221024251278,0.4221203680366587,descriptive_support_available
assessment,high_tail_checkpoint,stock,HIMS,phase,PERSISTENT,future_absolute_10m,449,76,0.009871424772345103,0.00795642965282864,descriptive_support_available
assessment,high_tail_checkpoint,stock,HIMS,phase,PERSISTENT,future_absolute_15m,449,76,0.012646922511471327,0.009921458931385766,descriptive_support_available
assessment,high_tail_checkpoint,stock,HIMS,phase,PERSISTENT,post_share_of_local_range_v1,449,76,0.4116528901636036,0.40374251700170444,descriptive_support_available
assessment,high_tail_checkpoint,stock,HIMS,phase,RE_ENTRY,future_absolute_10m,64,43,0.008089758013851351,0.00528775622172032,descriptive_support_available
assessment,high_tail_checkpoint,stock,HIMS,phase,RE_ENTRY,future_absolute_15m,64,43,0.008333169845259992,0.006379304845957848,descriptive_support_available
assessment,high_tail_checkpoint,stock,HIMS,phase,RE_ENTRY,post_share_of_local_range_v1,64,43,0.4022049191129117,0.4103964945452278,descriptive_support_available
assessment,high_tail_checkpoint,stock,HIMS,movement_consumed_bucket,LOW_OR_EQUAL,future_absolute_10m,20,17,0.005926770515816667,0.004172831496079089,blocked_insufficient_support
assessment,high_tail_checkpoint,stock,HIMS,movement_consumed_bucket,LOW_OR_EQUAL,future_absolute_15m,20,17,0.007526530652811898,0.004391076866437823,blocked_insufficient_support
assessment,high_tail_checkpoint,stock,HIMS,movement_consumed_bucket,LOW_OR_EQUAL,post_share_of_local_range_v1,20,17,0.5363480355108735,0.5321633498169792,blocked_insufficient_support
assessment,high_tail_checkpoint,stock,HIMS,movement_consumed_bucket,HIGH,future_absolute_10m,848,124,0.009887049401163315,0.007693567072626398,descriptive_support_available
assessment,high_tail_checkpoint,stock,HIMS,movement_consumed_bucket,HIGH,future_absolute_15m,848,124,0.012052631951904123,0.00921870537988077,descriptive_support_available
assessment,high_tail_checkpoint,stock,HIMS,movement_consumed_bucket,HIGH,post_share_of_local_range_v1,848,124,0.4125491133931454,0.40670629577046313,descriptive_support_available
assessment,high_tail_checkpoint,stock,IONQ,phase,FIRST_ENTRY,future_absolute_10m,337,124,0.009941343165949747,0.007696692630057314,descriptive_support_available
assessment,high_tail_checkpoint,stock,IONQ,phase,FIRST_ENTRY,future_absolute_15m,337,124,0.011221357256031817,0.008441553690318035,descriptive_support_available
assessment,high_tail_checkpoint,stock,IONQ,phase,FIRST_ENTRY,post_share_of_local_range_v1,337,124,0.4197061494472894,0.41656487642528095,descriptive_support_available
assessment,high_tail_checkpoint,stock,IONQ,phase,PERSISTENT,future_absolute_10m,405,75,0.009555160997789488,0.0076684328250280955,descriptive_support_available
assessment,high_tail_checkpoint,stock,IONQ,phase,PERSISTENT,future_absolute_15m,405,75,0.012369208345477008,0.009610023625543319,descriptive_support_available
assessment,high_tail_checkpoint,stock,IONQ,phase,PERSISTENT,post_share_of_local_range_v1,405,75,0.4115258622434236,0.4038333935637017,descriptive_support_available
assessment,high_tail_checkpoint,stock,IONQ,phase,RE_ENTRY,future_absolute_10m,59,42,0.008380891963850525,0.005512126740500805,descriptive_support_available
assessment,high_tail_checkpoint,stock,IONQ,phase,RE_ENTRY,future_absolute_15m,59,42,0.008511703177751169,0.006612967567782377,descriptive_support_available
assessment,high_tail_checkpoint,stock,IONQ,phase,RE_ENTRY,post_share_of_local_range_v1,59,42,0.402335241836262,0.4117187671173877,descriptive_support_available
assessment,high_tail_checkpoint,stock,IONQ,movement_consumed_bucket,LOW_OR_EQUAL,future_absolute_10m,15,12,0.005865034684770278,0.003781608416755335,blocked_insufficient_support
assessment,high_tail_checkpoint,stock,IONQ,movement_consumed_bucket,LOW_OR_EQUAL,future_absolute_15m,15,12,0.006176676688492625,0.004334870754795785,blocked_insufficient_support
assessment,high_tail_checkpoint,stock,IONQ,movement_consumed_bucket,LOW_OR_EQUAL,post_share_of_local_range_v1,15,12,0.5341287134438184,0.535203341550862,blocked_insufficient_support
assessment,high_tail_checkpoint,stock,IONQ,movement_consumed_bucket,HIGH,future_absolute_10m,786,124,0.009703015211991647,0.0075117671878590885,descriptive_support_available
assessment,high_tail_checkpoint,stock,IONQ,movement_consumed_bucket,HIGH,future_absolute_15m,786,124,0.011705683349059593,0.00896555100285159,descriptive_support_available
assessment,high_tail_checkpoint,stock,IONQ,movement_consumed_bucket,HIGH,post_share_of_local_range_v1,786,124,0.4120035561564952,0.40670629577046313,descriptive_support_available
assessment,high_tail_checkpoint,stock,IREN,phase,FIRST_ENTRY,future_absolute_10m,344,125,0.009822343954243529,0.007281484290675199,descriptive_support_available
assessment,high_tail_checkpoint,stock,IREN,phase,FIRST_ENTRY,future_absolute_15m,344,125,0.011354830779414241,0.008414931131402237,descriptive_support_available
assessment,high_tail_checkpoint,stock,IREN,phase,FIRST_ENTRY,post_share_of_local_range_v1,344,125,0.42072726621871587,0.41597505485659775,descriptive_support_available
assessment,high_tail_checkpoint,stock,IREN,phase,PERSISTENT,future_absolute_10m,438,78,0.009816922350583797,0.007810599672350215,descriptive_support_available
assessment,high_tail_checkpoint,stock,IREN,phase,PERSISTENT,future_absolute_15m,438,78,0.012499257835438283,0.009642073216617846,descriptive_support_available
assessment,high_tail_checkpoint,stock,IREN,phase,PERSISTENT,post_share_of_local_range_v1,438,78,0.4115197550552105,0.40463229094769193,descriptive_support_available
assessment,high_tail_checkpoint,stock,IREN,phase,RE_ENTRY,future_absolute_10m,64,43,0.008133951982795004,0.00528775622172032,descriptive_support_available
assessment,high_tail_checkpoint,stock,IREN,phase,RE_ENTRY,future_absolute_15m,64,43,0.008285903751856567,0.00612087277691317,descriptive_support_available
assessment,high_tail_checkpoint,stock,IREN,phase,RE_ENTRY,post_share_of_local_range_v1,64,43,0.40440018930316796,0.41384812623420364,descriptive_support_available
assessment,high_tail_checkpoint,stock,IREN,movement_consumed_bucket,LOW_OR_EQUAL,future_absolute_10m,20,17,0.005926770515816667,0.004172831496079089,blocked_insufficient_support
assessment,high_tail_checkpoint,stock,IREN,movement_consumed_bucket,LOW_OR_EQUAL,future_absolute_15m,20,17,0.007526530652811898,0.004391076866437823,blocked_insufficient_support
assessment,high_tail_checkpoint,stock,IREN,movement_consumed_bucket,LOW_OR_EQUAL,post_share_of_local_range_v1,20,17,0.5363480355108735,0.5321633498169792,blocked_insufficient_support
assessment,high_tail_checkpoint,stock,IREN,movement_consumed_bucket,HIGH,future_absolute_10m,826,125,0.009782973155445547,0.007519482062108309,descriptive_support_available
assessment,high_tail_checkpoint,stock,IREN,movement_consumed_bucket,HIGH,future_absolute_15m,826,125,0.011816590734991587,0.008898628802733288,descriptive_support_available
assessment,high_tail_checkpoint,stock,IREN,movement_consumed_bucket,HIGH,post_share_of_local_range_v1,826,125,0.41178024660848156,0.40614452120387257,descriptive_support_available
assessment,high_tail_checkpoint,stock,MARA,phase,FIRST_ENTRY,future_absolute_10m,341,125,0.009936915579147674,0.007511063222783207,descriptive_support_available
assessment,high_tail_checkpoint,stock,MARA,phase,FIRST_ENTRY,future_absolute_15m,341,125,0.011466752877556946,0.008509736058042235,descriptive_support_available
assessment,high_tail_checkpoint,stock,MARA,phase,FIRST_ENTRY,post_share_of_local_range_v1,341,125,0.4208349933503511,0.42003100692290546,descriptive_support_available
assessment,high_tail_checkpoint,stock,MARA,phase,PERSISTENT,future_absolute_10m,447,78,0.009884516669019577,0.00795642965282864,descriptive_support_available
assessment,high_tail_checkpoint,stock,MARA,phase,PERSISTENT,future_absolute_15m,447,78,0.012531590903297292,0.009689220679751354,descriptive_support_available
assessment,high_tail_checkpoint,stock,MARA,phase,PERSISTENT,post_share_of_local_range_v1,447,78,0.41302849871660335,0.4046954741174777,descriptive_support_available
assessment,high_tail_checkpoint,stock,MARA,phase,RE_ENTRY,future_absolute_10m,57,39,0.007387559850064938,0.005512126740500805,descriptive_support_available
assessment,high_tail_checkpoint,stock,MARA,phase,RE_ENTRY,future_absolute_15m,57,39,0.007283711342494197,0.006096103429693022,descriptive_support_available
assessment,high_tail_checkpoint,stock,MARA,phase,RE_ENTRY,post_share_of_local_range_v1,57,39,0.40351644491365135,0.41597748535101964,descriptive_support_available
assessment,high_tail_checkpoint,stock,MARA,movement_consumed_bucket,LOW_OR_EQUAL,future_absolute_10m,20,17,0.005926770515816667,0.004172831496079089,blocked_insufficient_support
assessment,high_tail_checkpoint,stock,MARA,movement_consumed_bucket,LOW_OR_EQUAL,future_absolute_15m,20,17,0.007526530652811898,0.004391076866437823,blocked_insufficient_support
assessment,high_tail_checkpoint,stock,MARA,movement_consumed_bucket,LOW_OR_EQUAL,post_share_of_local_range_v1,20,17,0.5363480355108735,0.5321633498169792,blocked_insufficient_support
assessment,high_tail_checkpoint,stock,MARA,movement_consumed_bucket,HIGH,future_absolute_10m,825,125,0.009829603229913305,0.007696692630057314,descriptive_support_available
assessment,high_tail_checkpoint,stock,MARA,movement_consumed_bucket,HIGH,future_absolute_15m,825,125,0.011850211876953625,0.009011507572991117,descriptive_support_available
assessment,high_tail_checkpoint,stock,MARA,movement_consumed_bucket,HIGH,post_share_of_local_range_v1,825,125,0.4126084221923056,0.4081961456210619,descriptive_support_available
assessment,high_tail_checkpoint,stock,MP,phase,FIRST_ENTRY,future_absolute_10m,357,122,0.010075892261552406,0.007511063222783207,descriptive_support_available
assessment,high_tail_checkpoint,stock,MP,phase,FIRST_ENTRY,future_absolute_15m,357,122,0.011565115650368829,0.008566737107539437,descriptive_support_available
assessment,high_tail_checkpoint,stock,MP,phase,FIRST_ENTRY,post_share_of_local_range_v1,357,122,0.42245810221235797,0.42003100692290546,descriptive_support_available
assessment,high_tail_checkpoint,stock,MP,phase,PERSISTENT,future_absolute_10m,396,74,0.010286897919070968,0.008415500236179613,descriptive_support_available
assessment,high_tail_checkpoint,stock,MP,phase,PERSISTENT,future_absolute_15m,396,74,0.013046924642357951,0.01006266971009853,descriptive_support_available
assessment,high_tail_checkpoint,stock,MP,phase,PERSISTENT,post_share_of_local_range_v1,396,74,0.409541156613227,0.3999323605540601,descriptive_support_available
assessment,high_tail_checkpoint,stock,MP,phase,RE_ENTRY,future_absolute_10m,60,40,0.008447887282024707,0.005651610230268545,descriptive_support_available
assessment,high_tail_checkpoint,stock,MP,phase,RE_ENTRY,future_absolute_15m,60,40,0.008512285757908949,0.006727217224715973,descriptive_support_available
assessment,high_tail_checkpoint,stock,MP,phase,RE_ENTRY,post_share_of_local_range_v1,60,40,0.40466601148502507,0.41384812623420364,descriptive_support_available
assessment,high_tail_checkpoint,stock,MP,movement_consumed_bucket,LOW_OR_EQUAL,future_absolute_10m,14,12,0.006498824913319815,0.0052577579689090555,blocked_insufficient_support
assessment,high_tail_checkpoint,stock,MP,movement_consumed_bucket,LOW_OR_EQUAL,future_absolute_15m,14,12,0.008931377889002662,0.008521165048894165,blocked_insufficient_support
assessment,high_tail_checkpoint,stock,MP,movement_consumed_bucket,LOW_OR_EQUAL,post_share_of_local_range_v1,14,12,0.5538220419593995,0.5475831781463021,blocked_insufficient_support
assessment,high_tail_checkpoint,stock,MP,movement_consumed_bucket,HIGH,future_absolute_10m,799,122,0.010120894620101774,0.007807456705477005,descriptive_support_available
assessment,high_tail_checkpoint,stock,MP,movement_consumed_bucket,HIGH,future_absolute_15m,799,122,0.012116428411243954,0.009147293892207744,descriptive_support_available
assessment,high_tail_checkpoint,stock,MP,movement_consumed_bucket,HIGH,post_share_of_local_range_v1,799,122,0.4124183887488355,0.4066787507249667,descriptive_support_available
assessment,high_tail_checkpoint,stock,MRNA,phase,FIRST_ENTRY,future_absolute_10m,365,122,0.010002483208088013,0.0074716349686373505,descriptive_support_available
assessment,high_tail_checkpoint,stock,MRNA,phase,FIRST_ENTRY,future_absolute_15m,365,122,0.011535447877712239,0.00898750951635541,descriptive_support_available
assessment,high_tail_checkpoint,stock,MRNA,phase,FIRST_ENTRY,post_share_of_local_range_v1,365,122,0.42126853828510386,0.42003100692290546,descriptive_support_available
assessment,high_tail_checkpoint,stock,MRNA,phase,PERSISTENT,future_absolute_10m,452,77,0.009870573138633364,0.007810599672350215,descriptive_support_available
assessment,high_tail_checkpoint,stock,MRNA,phase,PERSISTENT,future_absolute_15m,452,77,0.012504507357870362,0.009712356816876645,descriptive_support_available
assessment,high_tail_checkpoint,stock,MRNA,phase,PERSISTENT,post_share_of_local_range_v1,452,77,0.4116598427389184,0.4038960938409756,descriptive_support_available
assessment,high_tail_checkpoint,stock,MRNA,phase,RE_ENTRY,future_absolute_10m,63,41,0.008296826830577194,0.005512126740500805,descriptive_support_available
assessment,high_tail_checkpoint,stock,MRNA,phase,RE_ENTRY,future_absolute_15m,63,41,0.008323121611368748,0.006145642124133318,descriptive_support_available
assessment,high_tail_checkpoint,stock,MRNA,phase,RE_ENTRY,post_share_of_local_range_v1,63,41,0.4079299108336938,0.41597748535101964,descriptive_support_available
assessment,high_tail_checkpoint,stock,MRNA,movement_consumed_bucket,LOW_OR_EQUAL,future_absolute_10m,20,17,0.005926770515816667,0.004172831496079089,blocked_insufficient_support
assessment,high_tail_checkpoint,stock,MRNA,movement_consumed_bucket,LOW_OR_EQUAL,future_absolute_15m,20,17,0.007526530652811898,0.004391076866437823,blocked_insufficient_support
assessment,high_tail_checkpoint,stock,MRNA,movement_consumed_bucket,LOW_OR_EQUAL,post_share_of_local_range_v1,20,17,0.5363480355108735,0.5321633498169792,blocked_insufficient_support
assessment,high_tail_checkpoint,stock,MRNA,movement_consumed_bucket,HIGH,future_absolute_10m,860,122,0.009902988499563298,0.007635275910274104,descriptive_support_available
assessment,high_tail_checkpoint,stock,MRNA,movement_consumed_bucket,HIGH,future_absolute_15m,860,122,0.011902676569281817,0.009088581314286245,descriptive_support_available
assessment,high_tail_checkpoint,stock,MRNA,movement_consumed_bucket,HIGH,post_share_of_local_range_v1,860,122,0.41256498728413865,0.40797519999031895,descriptive_support_available
assessment,high_tail_checkpoint,stock,MSTR,phase,FIRST_ENTRY,future_absolute_10m,358,126,0.009881221262349743,0.007281484290675199,descriptive_support_available
assessment,high_tail_checkpoint,stock,MSTR,phase,FIRST_ENTRY,future_absolute_15m,358,126,0.011463793013703231,0.008970105358265526,descriptive_support_available
assessment,high_tail_checkpoint,stock,MSTR,phase,FIRST_ENTRY,post_share_of_local_range_v1,358,126,0.42123724903431653,0.4174388931466101,descriptive_support_available
assessment,high_tail_checkpoint,stock,MSTR,phase,PERSISTENT,future_absolute_10m,447,76,0.009816389642843192,0.00791165810667917,descriptive_support_available
assessment,high_tail_checkpoint,stock,MSTR,phase,PERSISTENT,future_absolute_15m,447,76,0.012507422141324078,0.009816174106191256,descriptive_support_available
assessment,high_tail_checkpoint,stock,MSTR,phase,PERSISTENT,post_share_of_local_range_v1,447,76,0.4123884976165343,0.4045691077779062,descriptive_support_available
assessment,high_tail_checkpoint,stock,MSTR,phase,RE_ENTRY,future_absolute_10m,63,43,0.007866077627689634,0.005063385702939836,descriptive_support_available
assessment,high_tail_checkpoint,stock,MSTR,phase,RE_ENTRY,future_absolute_15m,63,43,0.008158572122979853,0.006096103429693022,descriptive_support_available
assessment,high_tail_checkpoint,stock,MSTR,phase,RE_ENTRY,post_share_of_local_range_v1,63,43,0.39926938827718206,0.4117187671173877,descriptive_support_available
assessment,high_tail_checkpoint,stock,MSTR,movement_consumed_bucket,LOW_OR_EQUAL,future_absolute_10m,20,17,0.005926770515816667,0.004172831496079089,blocked_insufficient_support
assessment,high_tail_checkpoint,stock,MSTR,movement_consumed_bucket,LOW_OR_EQUAL,future_absolute_15m,20,17,0.007526530652811898,0.004391076866437823,blocked_insufficient_support
assessment,high_tail_checkpoint,stock,MSTR,movement_consumed_bucket,LOW_OR_EQUAL,post_share_of_local_range_v1,20,17,0.5363480355108735,0.5321633498169792,blocked_insufficient_support
assessment,high_tail_checkpoint,stock,MSTR,movement_consumed_bucket,HIGH,future_absolute_10m,848,126,0.009790602432193669,0.007554879140371789,descriptive_support_available
assessment,high_tail_checkpoint,stock,MSTR,movement_consumed_bucket,HIGH,future_absolute_15m,848,126,0.011861220550435276,0.009055413673542359,descriptive_support_available
assessment,high_tail_checkpoint,stock,MSTR,movement_consumed_bucket,HIGH,post_share_of_local_range_v1,848,126,0.4122259485142938,0.40670629577046313,descriptive_support_available
assessment,high_tail_checkpoint,stock,NVTS,phase,FIRST_ENTRY,future_absolute_10m,359,126,0.010064007894483754,0.007511063222783207,descriptive_support_available
assessment,high_tail_checkpoint,stock,NVTS,phase,FIRST_ENTRY,future_absolute_15m,359,126,0.011556435526206296,0.00898750951635541,descriptive_support_available
assessment,high_tail_checkpoint,stock,NVTS,phase,FIRST_ENTRY,post_share_of_local_range_v1,359,126,0.42335068093928324,0.4229567664210402,descriptive_support_available
assessment,high_tail_checkpoint,stock,NVTS,phase,PERSISTENT,future_absolute_10m,445,75,0.009879774578233644,0.007936550495581481,descriptive_support_available
assessment,high_tail_checkpoint,stock,NVTS,phase,PERSISTENT,future_absolute_15m,445,75,0.012724641494338473,0.009919936704903385,descriptive_support_available
assessment,high_tail_checkpoint,stock,NVTS,phase,PERSISTENT,post_share_of_local_range_v1,445,75,0.41214629862404556,0.4045691077779062,descriptive_support_available
assessment,high_tail_checkpoint,stock,NVTS,phase,RE_ENTRY,future_absolute_10m,62,40,0.00791526033478917,0.00528775622172032,descriptive_support_available
assessment,high_tail_checkpoint,stock,NVTS,phase,RE_ENTRY,future_absolute_15m,62,40,0.007953044051077702,0.00612087277691317,descriptive_support_available
assessment,high_tail_checkpoint,stock,NVTS,phase,RE_ENTRY,post_share_of_local_range_v1,62,40,0.40245157720681723,0.41367893474668943,descriptive_support_available
assessment,high_tail_checkpoint,stock,NVTS,movement_consumed_bucket,LOW_OR_EQUAL,future_absolute_10m,19,16,0.006218061920264808,0.004174340438528232,blocked_insufficient_support
assessment,high_tail_checkpoint,stock,NVTS,movement_consumed_bucket,LOW_OR_EQUAL,future_absolute_15m,19,16,0.007517897413042681,0.004390878826520883,blocked_insufficient_support
assessment,high_tail_checkpoint,stock,NVTS,movement_consumed_bucket,LOW_OR_EQUAL,post_share_of_local_range_v1,19,16,0.5345603485180835,0.5291233580830964,blocked_insufficient_support
assessment,high_tail_checkpoint,stock,NVTS,movement_consumed_bucket,HIGH,future_absolute_10m,847,126,0.009896200101187176,0.0076684328250280955,descriptive_support_available
assessment,high_tail_checkpoint,stock,NVTS,movement_consumed_bucket,HIGH,future_absolute_15m,847,126,0.011997018298946501,0.009104769756165065,descriptive_support_available
assessment,high_tail_checkpoint,stock,NVTS,movement_consumed_bucket,HIGH,post_share_of_local_range_v1,847,126,0.41343960863032125,0.4082736541119463,descriptive_support_available
assessment,high_tail_checkpoint,stock,QBTS,phase,FIRST_ENTRY,future_absolute_10m,353,126,0.009888469309493737,0.007283406554320553,descriptive_support_available
assessment,high_tail_checkpoint,stock,QBTS,phase,FIRST_ENTRY,future_absolute_15m,353,126,0.011433937542379504,0.008566737107539437,descriptive_support_available
assessment,high_tail_checkpoint,stock,QBTS,phase,FIRST_ENTRY,post_share_of_local_range_v1,353,126,0.422209686290628,0.4221203680366587,descriptive_support_available
assessment,high_tail_checkpoint,stock,QBTS,phase,PERSISTENT,future_absolute_10m,449,77,0.00988461387567987,0.007826927617881521,descriptive_support_available
assessment,high_tail_checkpoint,stock,QBTS,phase,PERSISTENT,future_absolute_15m,449,77,0.012541538097339693,0.009816174106191256,descriptive_support_available
assessment,high_tail_checkpoint,stock,QBTS,phase,PERSISTENT,post_share_of_local_range_v1,449,77,0.4115918797407339,0.40374251700170444,descriptive_support_available
assessment,high_tail_checkpoint,stock,QBTS,phase,RE_ENTRY,future_absolute_10m,63,41,0.00818064448313167,0.005063385702939836,descriptive_support_available
assessment,high_tail_checkpoint,stock,QBTS,phase,RE_ENTRY,future_absolute_15m,63,41,0.008414157818283472,0.006612967567782377,descriptive_support_available
assessment,high_tail_checkpoint,stock,QBTS,phase,RE_ENTRY,post_share_of_local_range_v1,63,41,0.4038046730662414,0.4117187671173877,descriptive_support_available
assessment,high_tail_checkpoint,stock,QBTS,movement_consumed_bucket,LOW_OR_EQUAL,future_absolute_10m,20,17,0.005926770515816667,0.004172831496079089,blocked_insufficient_support
assessment,high_tail_checkpoint,stock,QBTS,movement_consumed_bucket,LOW_OR_EQUAL,future_absolute_15m,20,17,0.007526530652811898,0.004391076866437823,blocked_insufficient_support
assessment,high_tail_checkpoint,stock,QBTS,movement_consumed_bucket,LOW_OR_EQUAL,post_share_of_local_range_v1,20,17,0.5363480355108735,0.5321633498169792,blocked_insufficient_support
assessment,high_tail_checkpoint,stock,QBTS,movement_consumed_bucket,HIGH,future_absolute_10m,845,126,0.009852859749766288,0.007561474129980321,descriptive_support_available
assessment,high_tail_checkpoint,stock,QBTS,movement_consumed_bucket,HIGH,future_absolute_15m,845,126,0.011889812884806044,0.009057429552369434,descriptive_support_available
assessment,high_tail_checkpoint,stock,QBTS,movement_consumed_bucket,HIGH,post_share_of_local_range_v1,845,126,0.4124940910735349,0.40784288384935485,descriptive_support_available
assessment,high_tail_checkpoint,stock,RGTI,phase,FIRST_ENTRY,future_absolute_10m,355,124,0.009803541081053704,0.007239648175586859,descriptive_support_available
assessment,high_tail_checkpoint,stock,RGTI,phase,FIRST_ENTRY,future_absolute_15m,355,124,0.01133592220920403,0.008447352538457685,descriptive_support_available
assessment,high_tail_checkpoint,stock,RGTI,phase,FIRST_ENTRY,post_share_of_local_range_v1,355,124,0.4219224116570286,0.4180060563258951,descriptive_support_available
assessment,high_tail_checkpoint,stock,RGTI,phase,PERSISTENT,future_absolute_10m,453,75,0.009726806495989924,0.00778835689264815,descriptive_support_available
assessment,high_tail_checkpoint,stock,RGTI,phase,PERSISTENT,future_absolute_15m,453,75,0.012485470049314659,0.009689220679751354,descriptive_support_available
assessment,high_tail_checkpoint,stock,RGTI,phase,PERSISTENT,post_share_of_local_range_v1,453,75,0.41078637995859363,0.4031755507708175,descriptive_support_available
assessment,high_tail_checkpoint,stock,RGTI,phase,RE_ENTRY,future_absolute_10m,63,41,0.008102546634893452,0.005512126740500805,descriptive_support_available
assessment,high_tail_checkpoint,stock,RGTI,phase,RE_ENTRY,future_absolute_15m,63,41,0.008311421751692909,0.006145642124133318,descriptive_support_available
assessment,high_tail_checkpoint,stock,RGTI,phase,RE_ENTRY,post_share_of_local_range_v1,63,41,0.4070814187950371,0.41597748535101964,descriptive_support_available
assessment,high_tail_checkpoint,stock,RGTI,movement_consumed_bucket,LOW_OR_EQUAL,future_absolute_10m,20,17,0.005926770515816667,0.004172831496079089,blocked_insufficient_support
assessment,high_tail_checkpoint,stock,RGTI,movement_consumed_bucket,LOW_OR_EQUAL,future_absolute_15m,20,17,0.007526530652811898,0.004391076866437823,blocked_insufficient_support
assessment,high_tail_checkpoint,stock,RGTI,movement_consumed_bucket,LOW_OR_EQUAL,post_share_of_local_range_v1,20,17,0.5363480355108735,0.5321633498169792,blocked_insufficient_support
assessment,high_tail_checkpoint,stock,RGTI,movement_consumed_bucket,HIGH,future_absolute_10m,851,124,0.009727879499576328,0.007511063222783207,descriptive_support_available
assessment,high_tail_checkpoint,stock,RGTI,movement_consumed_bucket,HIGH,future_absolute_15m,851,124,0.011813465656765436,0.008978400805527535,descriptive_support_available
assessment,high_tail_checkpoint,stock,RGTI,movement_consumed_bucket,HIGH,post_share_of_local_range_v1,851,124,0.412206645045074,0.4066787507249667,descriptive_support_available
assessment,high_tail_checkpoint,stock,RIOT,phase,FIRST_ENTRY,future_absolute_10m,346,124,0.009969198323777502,0.007491349095710279,descriptive_support_available
assessment,high_tail_checkpoint,stock,RIOT,phase,FIRST_ENTRY,future_absolute_15m,346,124,0.011368180528685632,0.008538236582790836,descriptive_support_available
assessment,high_tail_checkpoint,stock,RIOT,phase,FIRST_ENTRY,post_share_of_local_range_v1,346,124,0.4239793316157795,0.4225385672288494,descriptive_support_available
assessment,high_tail_checkpoint,stock,RIOT,phase,PERSISTENT,future_absolute_10m,448,78,0.00990602770338773,0.00794649007420506,descriptive_support_available
assessment,high_tail_checkpoint,stock,RIOT,phase,PERSISTENT,future_absolute_15m,448,78,0.012550763358139287,0.009667798865778347,descriptive_support_available
assessment,high_tail_checkpoint,stock,RIOT,phase,PERSISTENT,post_share_of_local_range_v1,448,78,0.4133253487723013,0.404870270761049,descriptive_support_available
assessment,high_tail_checkpoint,stock,RIOT,phase,RE_ENTRY,future_absolute_10m,64,42,0.008168494234488559,0.00528775622172032,descriptive_support_available
assessment,high_tail_checkpoint,stock,RIOT,phase,RE_ENTRY,future_absolute_15m,64,42,0.008224476736437891,0.00612087277691317,descriptive_support_available
assessment,high_tail_checkpoint,stock,RIOT,phase,RE_ENTRY,post_share_of_local_range_v1,64,42,0.40213358691283985,0.4103964945452278,descriptive_support_available
assessment,high_tail_checkpoint,stock,RIOT,movement_consumed_bucket,LOW_OR_EQUAL,future_absolute_10m,20,17,0.005926770515816667,0.004172831496079089,blocked_insufficient_support
assessment,high_tail_checkpoint,stock,RIOT,movement_consumed_bucket,LOW_OR_EQUAL,future_absolute_15m,20,17,0.007526530652811898,0.004391076866437823,blocked_insufficient_support
assessment,high_tail_checkpoint,stock,RIOT,movement_consumed_bucket,LOW_OR_EQUAL,post_share_of_local_range_v1,20,17,0.5363480355108735,0.5321633498169792,blocked_insufficient_support
assessment,high_tail_checkpoint,stock,RIOT,movement_consumed_bucket,HIGH,future_absolute_10m,838,124,0.009894380968777627,0.007693567072626398,descriptive_support_available
assessment,high_tail_checkpoint,stock,RIOT,movement_consumed_bucket,HIGH,future_absolute_15m,838,124,0.011851990865689041,0.008999508544673263,descriptive_support_available
assessment,high_tail_checkpoint,stock,RIOT,movement_consumed_bucket,HIGH,post_share_of_local_range_v1,838,124,0.4139334055384905,0.40881195465095,descriptive_support_available
assessment,high_tail_checkpoint,stock,RIVN,phase,FIRST_ENTRY,future_absolute_10m,364,125,0.009927479800868168,0.007281484290675199,descriptive_support_available
assessment,high_tail_checkpoint,stock,RIVN,phase,FIRST_ENTRY,future_absolute_15m,364,125,0.011425740687687976,0.00847854429824996,descriptive_support_available
assessment,high_tail_checkpoint,stock,RIVN,phase,FIRST_ENTRY,post_share_of_local_range_v1,364,125,0.42208427590304115,0.4190185316244003,descriptive_support_available
assessment,high_tail_checkpoint,stock,RIVN,phase,PERSISTENT,future_absolute_10m,449,78,0.009813791084783799,0.007826927617881521,descriptive_support_available
assessment,high_tail_checkpoint,stock,RIVN,phase,PERSISTENT,future_absolute_15m,449,78,0.012421952751470969,0.009646377051805337,descriptive_support_available
assessment,high_tail_checkpoint,stock,RIVN,phase,PERSISTENT,post_share_of_local_range_v1,449,78,0.4113473858961366,0.4039587941182495,descriptive_support_available
assessment,high_tail_checkpoint,stock,RIVN,phase,RE_ENTRY,future_absolute_10m,62,42,0.008500190682484582,0.005651610230268545,descriptive_support_available
assessment,high_tail_checkpoint,stock,RIVN,phase,RE_ENTRY,future_absolute_15m,62,42,0.008371677110742073,0.00612087277691317,descriptive_support_available
assessment,high_tail_checkpoint,stock,RIVN,phase,RE_ENTRY,post_share_of_local_range_v1,62,42,0.40198664076994456,0.4103964945452278,descriptive_support_available
assessment,high_tail_checkpoint,stock,RIVN,movement_consumed_bucket,LOW_OR_EQUAL,future_absolute_10m,20,17,0.005926770515816667,0.004172831496079089,blocked_insufficient_support
assessment,high_tail_checkpoint,stock,RIVN,movement_consumed_bucket,LOW_OR_EQUAL,future_absolute_15m,20,17,0.007526530652811898,0.004391076866437823,blocked_insufficient_support
assessment,high_tail_checkpoint,stock,RIVN,movement_consumed_bucket,LOW_OR_EQUAL,post_share_of_local_range_v1,20,17,0.5363480355108735,0.5321633498169792,blocked_insufficient_support
assessment,high_tail_checkpoint,stock,RIVN,movement_consumed_bucket,HIGH,future_absolute_10m,855,125,0.00985786111880895,0.0076298464926363154,descriptive_support_available
assessment,high_tail_checkpoint,stock,RIVN,movement_consumed_bucket,HIGH,future_absolute_15m,855,125,0.011818642998290831,0.009049835519918038,descriptive_support_available
assessment,high_tail_checkpoint,stock,RIVN,movement_consumed_bucket,HIGH,post_share_of_local_range_v1,855,125,0.4123156300743759,0.40684030431242474,descriptive_support_available
assessment,high_tail_checkpoint,stock,SMCI,phase,FIRST_ENTRY,future_absolute_10m,358,125,0.009931428923908648,0.00723531397226848,descriptive_support_available
assessment,high_tail_checkpoint,stock,SMCI,phase,FIRST_ENTRY,future_absolute_15m,358,125,0.01148528663455916,0.008970105358265526,descriptive_support_available
assessment,high_tail_checkpoint,stock,SMCI,phase,FIRST_ENTRY,post_share_of_local_range_v1,358,125,0.4215906638546755,0.4190185316244003,descriptive_support_available
assessment,high_tail_checkpoint,stock,SMCI,phase,PERSISTENT,future_absolute_10m,452,78,0.009920608377770831,0.007933534020227678,descriptive_support_available
assessment,high_tail_checkpoint,stock,SMCI,phase,PERSISTENT,future_absolute_15m,452,78,0.012658505895595982,0.009775833530096596,descriptive_support_available
assessment,high_tail_checkpoint,stock,SMCI,phase,PERSISTENT,post_share_of_local_range_v1,452,78,0.41234592965413586,0.40463229094769193,descriptive_support_available
assessment,high_tail_checkpoint,stock,SMCI,phase,RE_ENTRY,future_absolute_10m,62,40,0.008090129492771091,0.00528775622172032,descriptive_support_available
assessment,high_tail_checkpoint,stock,SMCI,phase,RE_ENTRY,future_absolute_15m,62,40,0.008128413000596864,0.00612087277691317,descriptive_support_available
assessment,high_tail_checkpoint,stock,SMCI,phase,RE_ENTRY,post_share_of_local_range_v1,62,40,0.39883776693119677,0.4067468576870581,descriptive_support_available
assessment,high_tail_checkpoint,stock,SMCI,movement_consumed_bucket,LOW_OR_EQUAL,future_absolute_10m,20,17,0.005926770515816667,0.004172831496079089,blocked_insufficient_support
assessment,high_tail_checkpoint,stock,SMCI,movement_consumed_bucket,LOW_OR_EQUAL,future_absolute_15m,20,17,0.007526530652811898,0.004391076866437823,blocked_insufficient_support
assessment,high_tail_checkpoint,stock,SMCI,movement_consumed_bucket,LOW_OR_EQUAL,post_share_of_local_range_v1,20,17,0.5363480355108735,0.5321633498169792,blocked_insufficient_support
assessment,high_tail_checkpoint,stock,SMCI,movement_consumed_bucket,HIGH,future_absolute_10m,852,125,0.009885703239139891,0.007554879140371789,descriptive_support_available
assessment,high_tail_checkpoint,stock,SMCI,movement_consumed_bucket,HIGH,future_absolute_15m,852,125,0.011956347738218699,0.009064911212388428,descriptive_support_available
assessment,high_tail_checkpoint,stock,SMCI,movement_consumed_bucket,HIGH,post_share_of_local_range_v1,852,125,0.4123366181961971,0.40734159408088977,descriptive_support_available
assessment,high_tail_checkpoint,stock,SOFI,phase,FIRST_ENTRY,future_absolute_10m,353,125,0.01000609675027629,0.007511063222783207,descriptive_support_available
assessment,high_tail_checkpoint,stock,SOFI,phase,FIRST_ENTRY,future_absolute_15m,353,125,0.011386637227613402,0.008447352538457685,descriptive_support_available
assessment,high_tail_checkpoint,stock,SOFI,phase,FIRST_ENTRY,post_share_of_local_range_v1,353,125,0.4205292314967835,0.4176608152682232,descriptive_support_available
assessment,high_tail_checkpoint,stock,SOFI,phase,PERSISTENT,future_absolute_10m,439,78,0.009842052095774306,0.007930517544873875,descriptive_support_available
assessment,high_tail_checkpoint,stock,SOFI,phase,PERSISTENT,future_absolute_15m,439,78,0.01250242199556589,0.009921458931385766,descriptive_support_available
assessment,high_tail_checkpoint,stock,SOFI,phase,PERSISTENT,post_share_of_local_range_v1,439,78,0.4123994415486826,0.4039587941182495,descriptive_support_available
assessment,high_tail_checkpoint,stock,SOFI,phase,RE_ENTRY,future_absolute_10m,61,43,0.008071386934315366,0.005512126740500805,descriptive_support_available
assessment,high_tail_checkpoint,stock,SOFI,phase,RE_ENTRY,future_absolute_15m,61,43,0.008494657658465571,0.006612967567782377,descriptive_support_available
assessment,high_tail_checkpoint,stock,SOFI,phase,RE_ENTRY,post_share_of_local_range_v1,61,43,0.4020706723741381,0.41597748535101964,descriptive_support_available
assessment,high_tail_checkpoint,stock,SOFI,movement_consumed_bucket,LOW_OR_EQUAL,future_absolute_10m,20,17,0.005926770515816667,0.004172831496079089,blocked_insufficient_support
assessment,high_tail_checkpoint,stock,SOFI,movement_consumed_bucket,LOW_OR_EQUAL,future_absolute_15m,20,17,0.007526530652811898,0.004391076866437823,blocked_insufficient_support
assessment,high_tail_checkpoint,stock,SOFI,movement_consumed_bucket,LOW_OR_EQUAL,post_share_of_local_range_v1,20,17,0.5363480355108735,0.5321633498169792,blocked_insufficient_support
assessment,high_tail_checkpoint,stock,SOFI,movement_consumed_bucket,HIGH,future_absolute_10m,833,125,0.00987590902229214,0.007690441515195481,descriptive_support_available
assessment,high_tail_checkpoint,stock,SOFI,movement_consumed_bucket,HIGH,future_absolute_15m,833,125,0.011855569869761245,0.009072392872407424,descriptive_support_available
assessment,high_tail_checkpoint,stock,SOFI,movement_consumed_bucket,HIGH,post_share_of_local_range_v1,833,125,0.4121122735448273,0.4066787507249667,descriptive_support_available
assessment,high_tail_checkpoint,stock,WULF,phase,FIRST_ENTRY,future_absolute_10m,346,124,0.009742957357844891,0.007259605101308352,descriptive_support_available
assessment,high_tail_checkpoint,stock,WULF,phase,FIRST_ENTRY,future_absolute_15m,346,124,0.01117436334218316,0.008356917431528998,descriptive_support_available
assessment,high_tail_checkpoint,stock,WULF,phase,FIRST_ENTRY,post_share_of_local_range_v1,346,124,0.4202420652086327,0.4174388931466101,descriptive_support_available
assessment,high_tail_checkpoint,stock,WULF,phase,PERSISTENT,future_absolute_10m,436,75,0.009805258544870745,0.007869292862280344,descriptive_support_available
assessment,high_tail_checkpoint,stock,WULF,phase,PERSISTENT,future_absolute_15m,436,75,0.012577902499702876,0.00986805540554732,descriptive_support_available
assessment,high_tail_checkpoint,stock,WULF,phase,PERSISTENT,post_share_of_local_range_v1,436,75,0.4111789636380717,0.4038960938409756,descriptive_support_available
assessment,high_tail_checkpoint,stock,WULF,phase,RE_ENTRY,future_absolute_10m,61,41,0.008016737523960349,0.005063385702939836,descriptive_support_available
assessment,high_tail_checkpoint,stock,WULF,phase,RE_ENTRY,future_absolute_15m,61,41,0.00803761340699281,0.005831010279308274,descriptive_support_available
assessment,high_tail_checkpoint,stock,WULF,phase,RE_ENTRY,post_share_of_local_range_v1,61,41,0.3984627767281285,0.4117187671173877,descriptive_support_available
assessment,high_tail_checkpoint,stock,WULF,movement_consumed_bucket,LOW_OR_EQUAL,future_absolute_10m,18,15,0.00483945358536562,0.003976465485192641,blocked_insufficient_support
assessment,high_tail_checkpoint,stock,WULF,movement_consumed_bucket,LOW_OR_EQUAL,future_absolute_15m,18,15,0.006671390654156296,0.004362874790658334,blocked_insufficient_support
assessment,high_tail_checkpoint,stock,WULF,movement_consumed_bucket,LOW_OR_EQUAL,post_share_of_local_range_v1,18,15,0.5242380759804737,0.5253699378478669,blocked_insufficient_support
assessment,high_tail_checkpoint,stock,WULF,movement_consumed_bucket,HIGH,future_absolute_10m,825,124,0.009755232479761185,0.007548284150763258,descriptive_support_available
assessment,high_tail_checkpoint,stock,WULF,movement_consumed_bucket,HIGH,future_absolute_15m,825,124,0.01178242980886979,0.008978400805527535,descriptive_support_available
assessment,high_tail_checkpoint,stock,WULF,movement_consumed_bucket,HIGH,post_share_of_local_range_v1,825,124,0.41157300208624664,0.4066787507249667,descriptive_support_available
assessment,fresh_high_tail_episode,month,2025-01,phase,FIRST_ENTRY,future_absolute_10m,330,109,0.009830600238848207,0.007208934878642921,descriptive_support_available
assessment,fresh_high_tail_episode,month,2025-01,phase,FIRST_ENTRY,future_absolute_15m,330,109,0.011427860270486092,0.008538236582790836,descriptive_support_available
assessment,fresh_high_tail_episode,month,2025-01,phase,FIRST_ENTRY,post_share_of_local_range_v1,330,109,0.42052986744794907,0.4218487055640322,descriptive_support_available
assessment,fresh_high_tail_episode,month,2025-01,phase,PERSISTENT,future_absolute_10m,0,0,,,blocked_insufficient_support
assessment,fresh_high_tail_episode,month,2025-01,phase,PERSISTENT,future_absolute_15m,0,0,,,blocked_insufficient_support
assessment,fresh_high_tail_episode,month,2025-01,phase,PERSISTENT,post_share_of_local_range_v1,0,0,,,blocked_insufficient_support
assessment,fresh_high_tail_episode,month,2025-01,phase,RE_ENTRY,future_absolute_10m,36,26,0.009205191934683412,0.006022329266543128,descriptive_support_available
assessment,fresh_high_tail_episode,month,2025-01,phase,RE_ENTRY,future_absolute_15m,36,26,0.007412953041857826,0.00460612908219323,descriptive_support_available
assessment,fresh_high_tail_episode,month,2025-01,phase,RE_ENTRY,post_share_of_local_range_v1,36,26,0.41389901511718713,0.4255476374908601,descriptive_support_available
assessment,fresh_high_tail_episode,month,2025-01,movement_consumed_bucket,LOW_OR_EQUAL,future_absolute_10m,8,8,0.006557238740566365,0.004172831496079089,blocked_insufficient_support
assessment,fresh_high_tail_episode,month,2025-01,movement_consumed_bucket,LOW_OR_EQUAL,future_absolute_15m,8,8,0.008455881334414366,0.006040720517473963,blocked_insufficient_support
assessment,fresh_high_tail_episode,month,2025-01,movement_consumed_bucket,LOW_OR_EQUAL,post_share_of_local_range_v1,8,8,0.548855426502512,0.5527587149623727,blocked_insufficient_support
assessment,fresh_high_tail_episode,month,2025-01,movement_consumed_bucket,HIGH,future_absolute_10m,358,109,0.009840857761296033,0.007135721486828797,descriptive_support_available
assessment,fresh_high_tail_episode,month,2025-01,movement_consumed_bucket,HIGH,future_absolute_15m,358,109,0.01109053951980999,0.00838239470699572,descriptive_support_available
assessment,fresh_high_tail_episode,month,2025-01,movement_consumed_bucket,HIGH,post_share_of_local_range_v1,358,109,0.4169954675698935,0.4179722313942671,descriptive_support_available
assessment,fresh_high_tail_episode,month,2025-02,phase,FIRST_ENTRY,future_absolute_10m,339,113,0.009768970341603931,0.007230979768950102,descriptive_support_available
assessment,fresh_high_tail_episode,month,2025-02,phase,FIRST_ENTRY,future_absolute_15m,339,113,0.010922794881782313,0.008173354098570796,descriptive_support_available
assessment,fresh_high_tail_episode,month,2025-02,phase,FIRST_ENTRY,post_share_of_local_range_v1,339,113,0.41692865856427164,0.4174707168380464,descriptive_support_available
assessment,fresh_high_tail_episode,month,2025-02,phase,PERSISTENT,future_absolute_10m,0,0,,,blocked_insufficient_support
assessment,fresh_high_tail_episode,month,2025-02,phase,PERSISTENT,future_absolute_15m,0,0,,,blocked_insufficient_support
assessment,fresh_high_tail_episode,month,2025-02,phase,PERSISTENT,post_share_of_local_range_v1,0,0,,,blocked_insufficient_support
assessment,fresh_high_tail_episode,month,2025-02,phase,RE_ENTRY,future_absolute_10m,41,31,0.008110072537590359,0.005582871844667468,descriptive_support_available
assessment,fresh_high_tail_episode,month,2025-02,phase,RE_ENTRY,future_absolute_15m,41,31,0.006954092193483578,0.00510339397844464,descriptive_support_available
assessment,fresh_high_tail_episode,month,2025-02,phase,RE_ENTRY,post_share_of_local_range_v1,41,31,0.3923864704140471,0.4090742219730679,descriptive_support_available
assessment,fresh_high_tail_episode,month,2025-02,movement_consumed_bucket,LOW_OR_EQUAL,future_absolute_10m,5,5,0.005037113078714709,0.003781608416755335,blocked_insufficient_support
assessment,fresh_high_tail_episode,month,2025-02,movement_consumed_bucket,LOW_OR_EQUAL,future_absolute_15m,5,5,0.004744742724261508,0.004390878826520883,blocked_insufficient_support
assessment,fresh_high_tail_episode,month,2025-02,movement_consumed_bucket,LOW_OR_EQUAL,post_share_of_local_range_v1,5,5,0.5172841829139464,0.535203341550862,blocked_insufficient_support
assessment,fresh_high_tail_episode,month,2025-02,movement_consumed_bucket,HIGH,future_absolute_10m,375,113,0.009650688945203637,0.006846460538597036,descriptive_support_available
assessment,fresh_high_tail_episode,month,2025-02,movement_consumed_bucket,HIGH,future_absolute_15m,375,113,0.010571257416628595,0.0074453584923936875,descriptive_support_available
assessment,fresh_high_tail_episode,month,2025-02,movement_consumed_bucket,HIGH,post_share_of_local_range_v1,375,113,0.412907305668518,0.4151418808764786,descriptive_support_available
assessment,fresh_high_tail_episode,month,2025-03,phase,FIRST_ENTRY,future_absolute_10m,328,111,0.010002683837170194,0.007259605101308352,descriptive_support_available
assessment,fresh_high_tail_episode,month,2025-03,phase,FIRST_ENTRY,future_absolute_15m,328,111,0.011621702189922164,0.00875971915385754,descriptive_support_available
assessment,fresh_high_tail_episode,month,2025-03,phase,FIRST_ENTRY,post_share_of_local_range_v1,328,111,0.42444856948152354,0.4208040250071556,descriptive_support_available
assessment,fresh_high_tail_episode,month,2025-03,phase,PERSISTENT,future_absolute_10m,0,0,,,blocked_insufficient_support
assessment,fresh_high_tail_episode,month,2025-03,phase,PERSISTENT,future_absolute_15m,0,0,,,blocked_insufficient_support
assessment,fresh_high_tail_episode,month,2025-03,phase,PERSISTENT,post_share_of_local_range_v1,0,0,,,blocked_insufficient_support
assessment,fresh_high_tail_episode,month,2025-03,phase,RE_ENTRY,future_absolute_10m,44,31,0.007477181986348719,0.00528775622172032,descriptive_support_available
assessment,fresh_high_tail_episode,month,2025-03,phase,RE_ENTRY,future_absolute_15m,44,31,0.006437986608589699,0.004916015716441285,descriptive_support_available
assessment,fresh_high_tail_episode,month,2025-03,phase,RE_ENTRY,post_share_of_local_range_v1,44,31,0.40711105223086064,0.4207418810892928,descriptive_support_available
assessment,fresh_high_tail_episode,month,2025-03,movement_consumed_bucket,LOW_OR_EQUAL,future_absolute_10m,8,8,0.006557238740566365,0.004172831496079089,blocked_insufficient_support
assessment,fresh_high_tail_episode,month,2025-03,movement_consumed_bucket,LOW_OR_EQUAL,future_absolute_15m,8,8,0.008455881334414366,0.006040720517473963,blocked_insufficient_support
assessment,fresh_high_tail_episode,month,2025-03,movement_consumed_bucket,LOW_OR_EQUAL,post_share_of_local_range_v1,8,8,0.548855426502512,0.5527587149623727,blocked_insufficient_support
assessment,fresh_high_tail_episode,month,2025-03,movement_consumed_bucket,HIGH,future_absolute_10m,364,111,0.00977312746172153,0.0069662864685486195,descriptive_support_available
assessment,fresh_high_tail_episode,month,2025-03,movement_consumed_bucket,HIGH,future_absolute_15m,364,111,0.011064677687904128,0.007981978214203895,descriptive_support_available
assessment,fresh_high_tail_episode,month,2025-03,movement_consumed_bucket,HIGH,post_share_of_local_range_v1,364,111,0.4196186090002129,0.4178334357970591,descriptive_support_available
assessment,fresh_high_tail_episode,month,2025-04,phase,FIRST_ENTRY,future_absolute_10m,321,111,0.00972196003370774,0.007230979768950102,descriptive_support_available
assessment,fresh_high_tail_episode,month,2025-04,phase,FIRST_ENTRY,future_absolute_15m,321,111,0.011329871410237684,0.008173354098570796,descriptive_support_available
assessment,fresh_high_tail_episode,month,2025-04,phase,FIRST_ENTRY,post_share_of_local_range_v1,321,111,0.4189014947188354,0.41656487642528095,descriptive_support_available
assessment,fresh_high_tail_episode,month,2025-04,phase,PERSISTENT,future_absolute_10m,0,0,,,blocked_insufficient_support
assessment,fresh_high_tail_episode,month,2025-04,phase,PERSISTENT,future_absolute_15m,0,0,,,blocked_insufficient_support
assessment,fresh_high_tail_episode,month,2025-04,phase,PERSISTENT,post_share_of_local_range_v1,0,0,,,blocked_insufficient_support
assessment,fresh_high_tail_episode,month,2025-04,phase,RE_ENTRY,future_absolute_10m,39,31,0.006121319018381763,0.004872900737776174,descriptive_support_available
assessment,fresh_high_tail_episode,month,2025-04,phase,RE_ENTRY,future_absolute_15m,39,31,0.006332628889880167,0.00510339397844464,descriptive_support_available
assessment,fresh_high_tail_episode,month,2025-04,phase,RE_ENTRY,post_share_of_local_range_v1,39,31,0.3930563553419969,0.4117187671173877,descriptive_support_available
assessment,fresh_high_tail_episode,month,2025-04,movement_consumed_bucket,LOW_OR_EQUAL,future_absolute_10m,6,6,0.00568623881828404,0.003976465485192641,blocked_insufficient_support
assessment,fresh_high_tail_episode,month,2025-04,movement_consumed_bucket,LOW_OR_EQUAL,future_absolute_15m,6,6,0.009544059125552307,0.006040720517473963,blocked_insufficient_support
assessment,fresh_high_tail_episode,month,2025-04,movement_consumed_bucket,LOW_OR_EQUAL,post_share_of_local_range_v1,6,6,0.5457547188362611,0.5355444147192093,blocked_insufficient_support
assessment,fresh_high_tail_episode,month,2025-04,movement_consumed_bucket,HIGH,future_absolute_10m,354,111,0.009393681298382396,0.00683169655777173,descriptive_support_available
assessment,fresh_high_tail_episode,month,2025-04,movement_consumed_bucket,HIGH,future_absolute_15m,354,111,0.010809595747565846,0.007334394825839157,descriptive_support_available
assessment,fresh_high_tail_episode,month,2025-04,movement_consumed_bucket,HIGH,post_share_of_local_range_v1,354,111,0.41390409420922736,0.414740127936625,descriptive_support_available
assessment,fresh_high_tail_episode,month,2025-05,phase,FIRST_ENTRY,future_absolute_10m,325,110,0.010050108513614792,0.007696692630057314,descriptive_support_available
assessment,fresh_high_tail_episode,month,2025-05,phase,FIRST_ENTRY,future_absolute_15m,325,110,0.0116007630520624,0.009104769756165065,descriptive_support_available
assessment,fresh_high_tail_episode,month,2025-05,phase,FIRST_ENTRY,post_share_of_local_range_v1,325,110,0.42637715500876416,0.4229567664210402,descriptive_support_available
assessment,fresh_high_tail_episode,month,2025-05,phase,PERSISTENT,future_absolute_10m,0,0,,,blocked_insufficient_support
assessment,fresh_high_tail_episode,month,2025-05,phase,PERSISTENT,future_absolute_15m,0,0,,,blocked_insufficient_support
assessment,fresh_high_tail_episode,month,2025-05,phase,PERSISTENT,post_share_of_local_range_v1,0,0,,,blocked_insufficient_support
assessment,fresh_high_tail_episode,month,2025-05,phase,RE_ENTRY,future_absolute_10m,36,24,0.008036187305215327,0.006022329266543128,descriptive_support_available
assessment,fresh_high_tail_episode,month,2025-05,phase,RE_ENTRY,future_absolute_15m,36,24,0.007119925528488645,0.005587440569694661,descriptive_support_available
assessment,fresh_high_tail_episode,month,2025-05,phase,RE_ENTRY,post_share_of_local_range_v1,36,24,0.41537591362741455,0.4283574126472265,descriptive_support_available
assessment,fresh_high_tail_episode,month,2025-05,movement_consumed_bucket,LOW_OR_EQUAL,future_absolute_10m,8,8,0.006557238740566365,0.004172831496079089,blocked_insufficient_support
assessment,fresh_high_tail_episode,month,2025-05,movement_consumed_bucket,LOW_OR_EQUAL,future_absolute_15m,8,8,0.008455881334414366,0.006040720517473963,blocked_insufficient_support
assessment,fresh_high_tail_episode,month,2025-05,movement_consumed_bucket,LOW_OR_EQUAL,post_share_of_local_range_v1,8,8,0.548855426502512,0.5527587149623727,blocked_insufficient_support
assessment,fresh_high_tail_episode,month,2025-05,movement_consumed_bucket,HIGH,future_absolute_10m,353,110,0.009923881303082232,0.007511063222783207,descriptive_support_available
assessment,fresh_high_tail_episode,month,2025-05,movement_consumed_bucket,HIGH,future_absolute_15m,353,110,0.011215065893117724,0.008441553690318035,descriptive_support_available
assessment,fresh_high_tail_episode,month,2025-05,movement_consumed_bucket,HIGH,post_share_of_local_range_v1,353,110,0.42247950384253585,0.4215770430914057,descriptive_support_available
assessment,fresh_high_tail_episode,month,2025-06,phase,FIRST_ENTRY,future_absolute_10m,324,110,0.010207455102418427,0.007788186049154932,descriptive_support_available
assessment,fresh_high_tail_episode,month,2025-06,phase,FIRST_ENTRY,future_absolute_15m,324,110,0.01182168550289497,0.009079083775440176,descriptive_support_available
assessment,fresh_high_tail_episode,month,2025-06,phase,FIRST_ENTRY,post_share_of_local_range_v1,324,110,0.42169760760584973,0.4177383865819707,descriptive_support_available
assessment,fresh_high_tail_episode,month,2025-06,phase,PERSISTENT,future_absolute_10m,0,0,,,blocked_insufficient_support
assessment,fresh_high_tail_episode,month,2025-06,phase,PERSISTENT,future_absolute_15m,0,0,,,blocked_insufficient_support
assessment,fresh_high_tail_episode,month,2025-06,phase,PERSISTENT,post_share_of_local_range_v1,0,0,,,blocked_insufficient_support
assessment,fresh_high_tail_episode,month,2025-06,phase,RE_ENTRY,future_absolute_10m,43,30,0.008001863790836585,0.005512126740500805,descriptive_support_available
assessment,fresh_high_tail_episode,month,2025-06,phase,RE_ENTRY,future_absolute_15m,43,30,0.0071413035105359875,0.005831010279308274,descriptive_support_available
assessment,fresh_high_tail_episode,month,2025-06,phase,RE_ENTRY,post_share_of_local_range_v1,43,30,0.3989440912460538,0.4117187671173877,descriptive_support_available
assessment,fresh_high_tail_episode,month,2025-06,movement_consumed_bucket,LOW_OR_EQUAL,future_absolute_10m,7,7,0.0069537573582536556,0.004174340438528232,blocked_insufficient_support
assessment,fresh_high_tail_episode,month,2025-06,movement_consumed_bucket,LOW_OR_EQUAL,future_absolute_15m,7,7,0.00903659597839915,0.007690562208427044,blocked_insufficient_support
assessment,fresh_high_tail_episode,month,2025-06,movement_consumed_bucket,LOW_OR_EQUAL,post_share_of_local_range_v1,7,7,0.5557240958507943,0.5703140883738835,blocked_insufficient_support
assessment,fresh_high_tail_episode,month,2025-06,movement_consumed_bucket,HIGH,future_absolute_10m,360,110,0.010007275818560467,0.007576588240423432,descriptive_support_available
assessment,fresh_high_tail_episode,month,2025-06,movement_consumed_bucket,HIGH,future_absolute_15m,360,110,0.011316794394561734,0.00825245463599207,descriptive_support_available
assessment,fresh_high_tail_episode,month,2025-06,movement_consumed_bucket,HIGH,post_share_of_local_range_v1,360,110,0.41637375588033354,0.4156813593194671,descriptive_support_available
assessment,fresh_high_tail_episode,month,2025-07,phase,FIRST_ENTRY,future_absolute_10m,310,107,0.010002460522476159,0.007281484290675199,descriptive_support_available
assessment,fresh_high_tail_episode,month,2025-07,phase,FIRST_ENTRY,future_absolute_15m,310,107,0.01157787756508418,0.009003049497445464,descriptive_support_available
assessment,fresh_high_tail_episode,month,2025-07,phase,FIRST_ENTRY,post_share_of_local_range_v1,310,107,0.4243388414350558,0.4236059727213342,descriptive_support_available
assessment,fresh_high_tail_episode,month,2025-07,phase,PERSISTENT,future_absolute_10m,0,0,,,blocked_insufficient_support
assessment,fresh_high_tail_episode,month,2025-07,phase,PERSISTENT,future_absolute_15m,0,0,,,blocked_insufficient_support
assessment,fresh_high_tail_episode,month,2025-07,phase,PERSISTENT,post_share_of_local_range_v1,0,0,,,blocked_insufficient_support
assessment,fresh_high_tail_episode,month,2025-07,phase,RE_ENTRY,future_absolute_10m,38,26,0.008452312266430383,0.005547499292584137,descriptive_support_available
assessment,fresh_high_tail_episode,month,2025-07,phase,RE_ENTRY,future_absolute_15m,38,26,0.00718932196242606,0.005223632419262844,descriptive_support_available
assessment,fresh_high_tail_episode,month,2025-07,phase,RE_ENTRY,post_share_of_local_range_v1,38,26,0.41454158994365803,0.42600988981464094,descriptive_support_available
assessment,fresh_high_tail_episode,month,2025-07,movement_consumed_bucket,LOW_OR_EQUAL,future_absolute_10m,7,7,0.007112380541977339,0.004174340438528232,blocked_insufficient_support
assessment,fresh_high_tail_episode,month,2025-07,movement_consumed_bucket,LOW_OR_EQUAL,future_absolute_15m,7,7,0.009483924858708057,0.007690562208427044,blocked_insufficient_support
assessment,fresh_high_tail_episode,month,2025-07,movement_consumed_bucket,LOW_OR_EQUAL,post_share_of_local_range_v1,7,7,0.5702609179844729,0.5703140883738835,blocked_insufficient_support
assessment,fresh_high_tail_episode,month,2025-07,movement_consumed_bucket,HIGH,future_absolute_10m,341,107,0.009889043883572207,0.006846460538597036,descriptive_support_available
assessment,fresh_high_tail_episode,month,2025-07,movement_consumed_bucket,HIGH,future_absolute_15m,341,107,0.011131814679581612,0.008382279689644653,descriptive_support_available
assessment,fresh_high_tail_episode,month,2025-07,movement_consumed_bucket,HIGH,post_share_of_local_range_v1,341,107,0.42025159776197946,0.4229567664210402,descriptive_support_available
assessment,fresh_high_tail_episode,month,2025-08,phase,FIRST_ENTRY,future_absolute_10m,320,111,0.010030066459827396,0.007668698978984603,descriptive_support_available
assessment,fresh_high_tail_episode,month,2025-08,phase,FIRST_ENTRY,future_absolute_15m,320,111,0.011258955050344827,0.009106052465577216,descriptive_support_available
assessment,fresh_high_tail_episode,month,2025-08,phase,FIRST_ENTRY,post_share_of_local_range_v1,320,111,0.42259309258113376,0.4208040250071556,descriptive_support_available
assessment,fresh_high_tail_episode,month,2025-08,phase,PERSISTENT,future_absolute_10m,0,0,,,blocked_insufficient_support
assessment,fresh_high_tail_episode,month,2025-08,phase,PERSISTENT,future_absolute_15m,0,0,,,blocked_insufficient_support
assessment,fresh_high_tail_episode,month,2025-08,phase,PERSISTENT,post_share_of_local_range_v1,0,0,,,blocked_insufficient_support
assessment,fresh_high_tail_episode,month,2025-08,phase,RE_ENTRY,future_absolute_10m,45,32,0.008062171018758614,0.005582871844667468,descriptive_support_available
assessment,fresh_high_tail_episode,month,2025-08,phase,RE_ENTRY,future_absolute_15m,45,32,0.00706156344593035,0.005343870860081049,descriptive_support_available
assessment,fresh_high_tail_episode,month,2025-08,phase,RE_ENTRY,post_share_of_local_range_v1,45,32,0.4011832311385731,0.41597748535101964,descriptive_support_available
assessment,fresh_high_tail_episode,month,2025-08,movement_consumed_bucket,LOW_OR_EQUAL,future_absolute_10m,7,7,0.007437953727604135,0.004174340438528232,blocked_insufficient_support
assessment,fresh_high_tail_episode,month,2025-08,movement_consumed_bucket,LOW_OR_EQUAL,future_absolute_15m,7,7,0.008565212638126842,0.004390878826520883,blocked_insufficient_support
assessment,fresh_high_tail_episode,month,2025-08,movement_consumed_bucket,LOW_OR_EQUAL,post_share_of_local_range_v1,7,7,0.5457899033780302,0.535203341550862,blocked_insufficient_support
assessment,fresh_high_tail_episode,month,2025-08,movement_consumed_bucket,HIGH,future_absolute_10m,358,111,0.009833389069540992,0.007259605101308352,descriptive_support_available
assessment,fresh_high_tail_episode,month,2025-08,movement_consumed_bucket,HIGH,future_absolute_15m,358,111,0.010784020901425481,0.008412031707332412,descriptive_support_available
assessment,fresh_high_tail_episode,month,2025-08,movement_consumed_bucket,HIGH,post_share_of_local_range_v1,358,111,0.4174930326914871,0.4175657660531348,descriptive_support_available
assessment,fresh_high_tail_episode,stock,AAL,phase,FIRST_ENTRY,future_absolute_10m,343,125,0.010401777909127496,0.007722562889909601,descriptive_support_available
assessment,fresh_high_tail_episode,stock,AAL,phase,FIRST_ENTRY,future_absolute_15m,343,125,0.011970671364241925,0.009310993396491827,descriptive_support_available
assessment,fresh_high_tail_episode,stock,AAL,phase,FIRST_ENTRY,post_share_of_local_range_v1,343,125,0.42271079877674567,0.42003100692290546,descriptive_support_available
assessment,fresh_high_tail_episode,stock,AAL,phase,PERSISTENT,future_absolute_10m,0,0,,,blocked_insufficient_support
assessment,fresh_high_tail_episode,stock,AAL,phase,PERSISTENT,future_absolute_15m,0,0,,,blocked_insufficient_support
assessment,fresh_high_tail_episode,stock,AAL,phase,PERSISTENT,post_share_of_local_range_v1,0,0,,,blocked_insufficient_support
assessment,fresh_high_tail_episode,stock,AAL,phase,RE_ENTRY,future_absolute_10m,41,29,0.008413710317550773,0.005582871844667468,descriptive_support_available
assessment,fresh_high_tail_episode,stock,AAL,phase,RE_ENTRY,future_absolute_15m,41,29,0.0073731666854738205,0.005831010279308274,descriptive_support_available
assessment,fresh_high_tail_episode,stock,AAL,phase,RE_ENTRY,post_share_of_local_range_v1,41,29,0.40333019964315586,0.41597748535101964,descriptive_support_available
assessment,fresh_high_tail_episode,stock,AAL,movement_consumed_bucket,LOW_OR_EQUAL,future_absolute_10m,6,6,0.00568623881828404,0.003976465485192641,blocked_insufficient_support
assessment,fresh_high_tail_episode,stock,AAL,movement_consumed_bucket,LOW_OR_EQUAL,future_absolute_15m,6,6,0.009544059125552307,0.006040720517473963,blocked_insufficient_support
assessment,fresh_high_tail_episode,stock,AAL,movement_consumed_bucket,LOW_OR_EQUAL,post_share_of_local_range_v1,6,6,0.5457547188362611,0.5355444147192093,blocked_insufficient_support
assessment,fresh_high_tail_episode,stock,AAL,movement_consumed_bucket,HIGH,future_absolute_10m,378,125,0.010260990774975156,0.007709397047477311,descriptive_support_available
assessment,fresh_high_tail_episode,stock,AAL,movement_consumed_bucket,HIGH,future_absolute_15m,378,125,0.011510517876418236,0.008999508544673263,descriptive_support_available
assessment,fresh_high_tail_episode,stock,AAL,movement_consumed_bucket,HIGH,post_share_of_local_range_v1,378,125,0.41865559220311,0.4175657660531348,descriptive_support_available
assessment,fresh_high_tail_episode,stock,AAOI,phase,FIRST_ENTRY,future_absolute_10m,357,124,0.009959978736100503,0.007640705327911892,descriptive_support_available
assessment,fresh_high_tail_episode,stock,AAOI,phase,FIRST_ENTRY,future_absolute_15m,357,124,0.0113003885342764,0.008447352538457685,descriptive_support_available
assessment,fresh_high_tail_episode,stock,AAOI,phase,FIRST_ENTRY,post_share_of_local_range_v1,357,124,0.42134788029804987,0.4215770430914057,descriptive_support_available
assessment,fresh_high_tail_episode,stock,AAOI,phase,PERSISTENT,future_absolute_10m,0,0,,,blocked_insufficient_support
assessment,fresh_high_tail_episode,stock,AAOI,phase,PERSISTENT,future_absolute_15m,0,0,,,blocked_insufficient_support
assessment,fresh_high_tail_episode,stock,AAOI,phase,PERSISTENT,post_share_of_local_range_v1,0,0,,,blocked_insufficient_support
assessment,fresh_high_tail_episode,stock,AAOI,phase,RE_ENTRY,future_absolute_10m,45,33,0.008038680081459854,0.005582871844667468,descriptive_support_available
assessment,fresh_high_tail_episode,stock,AAOI,phase,RE_ENTRY,future_absolute_15m,45,33,0.007046270612507142,0.005343870860081049,descriptive_support_available
assessment,fresh_high_tail_episode,stock,AAOI,phase,RE_ENTRY,post_share_of_local_range_v1,45,33,0.4063308002073696,0.41828364752031094,descriptive_support_available
assessment,fresh_high_tail_episode,stock,AAOI,movement_consumed_bucket,LOW_OR_EQUAL,future_absolute_10m,8,8,0.006557238740566365,0.004172831496079089,blocked_insufficient_support
assessment,fresh_high_tail_episode,stock,AAOI,movement_consumed_bucket,LOW_OR_EQUAL,future_absolute_15m,8,8,0.008455881334414366,0.006040720517473963,blocked_insufficient_support
assessment,fresh_high_tail_episode,stock,AAOI,movement_consumed_bucket,LOW_OR_EQUAL,post_share_of_local_range_v1,8,8,0.548855426502512,0.5527587149623727,blocked_insufficient_support
assessment,fresh_high_tail_episode,stock,AAOI,movement_consumed_bucket,HIGH,future_absolute_10m,394,124,0.009809632239921425,0.007281484290675199,descriptive_support_available
assessment,fresh_high_tail_episode,stock,AAOI,movement_consumed_bucket,HIGH,future_absolute_15m,394,124,0.010872268613259342,0.007981978214203895,descriptive_support_available
assessment,fresh_high_tail_episode,stock,AAOI,movement_consumed_bucket,HIGH,post_share_of_local_range_v1,394,124,0.41704374584699316,0.4178334357970591,descriptive_support_available
assessment,fresh_high_tail_episode,stock,APLD,phase,FIRST_ENTRY,future_absolute_10m,358,125,0.009941008342484996,0.007576588240423432,descriptive_support_available
assessment,fresh_high_tail_episode,stock,APLD,phase,FIRST_ENTRY,future_absolute_15m,358,125,0.01145424977761989,0.009020453655535348,descriptive_support_available
assessment,fresh_high_tail_episode,stock,APLD,phase,FIRST_ENTRY,post_share_of_local_range_v1,358,125,0.42261445586496105,0.4218487055640322,descriptive_support_available
assessment,fresh_high_tail_episode,stock,APLD,phase,PERSISTENT,future_absolute_10m,0,0,,,blocked_insufficient_support
assessment,fresh_high_tail_episode,stock,APLD,phase,PERSISTENT,future_absolute_15m,0,0,,,blocked_insufficient_support
assessment,fresh_high_tail_episode,stock,APLD,phase,PERSISTENT,post_share_of_local_range_v1,0,0,,,blocked_insufficient_support
assessment,fresh_high_tail_episode,stock,APLD,phase,RE_ENTRY,future_absolute_10m,45,32,0.007882355829027863,0.005512126740500805,descriptive_support_available
assessment,fresh_high_tail_episode,stock,APLD,phase,RE_ENTRY,future_absolute_15m,45,32,0.006970694966938154,0.00510339397844464,descriptive_support_available
assessment,fresh_high_tail_episode,stock,APLD,phase,RE_ENTRY,post_share_of_local_range_v1,45,32,0.40354981150290475,0.41597748535101964,descriptive_support_available
assessment,fresh_high_tail_episode,stock,APLD,movement_consumed_bucket,LOW_OR_EQUAL,future_absolute_10m,8,8,0.006557238740566365,0.004172831496079089,blocked_insufficient_support
assessment,fresh_high_tail_episode,stock,APLD,movement_consumed_bucket,LOW_OR_EQUAL,future_absolute_15m,8,8,0.008455881334414366,0.006040720517473963,blocked_insufficient_support
assessment,fresh_high_tail_episode,stock,APLD,movement_consumed_bucket,LOW_OR_EQUAL,post_share_of_local_range_v1,8,8,0.548855426502512,0.5527587149623727,blocked_insufficient_support
assessment,fresh_high_tail_episode,stock,APLD,movement_consumed_bucket,HIGH,future_absolute_10m,395,125,0.009775010351876839,0.00718688998833574,descriptive_support_available
assessment,fresh_high_tail_episode,stock,APLD,movement_consumed_bucket,HIGH,future_absolute_15m,395,125,0.01100419150183499,0.008382279689644653,descriptive_support_available
assessment,fresh_high_tail_episode,stock,APLD,movement_consumed_bucket,HIGH,post_share_of_local_range_v1,395,125,0.41788575520320675,0.4174707168380464,descriptive_support_available
assessment,fresh_high_tail_episode,stock,ASTS,phase,FIRST_ENTRY,future_absolute_10m,348,124,0.009824238119467298,0.007281484290675199,descriptive_support_available
assessment,fresh_high_tail_episode,stock,ASTS,phase,FIRST_ENTRY,future_absolute_15m,348,124,0.011153194744019415,0.00847854429824996,descriptive_support_available
assessment,fresh_high_tail_episode,stock,ASTS,phase,FIRST_ENTRY,post_share_of_local_range_v1,348,124,0.42346851587674605,0.4225385672288494,descriptive_support_available
assessment,fresh_high_tail_episode,stock,ASTS,phase,PERSISTENT,future_absolute_10m,0,0,,,blocked_insufficient_support
assessment,fresh_high_tail_episode,stock,ASTS,phase,PERSISTENT,future_absolute_15m,0,0,,,blocked_insufficient_support
assessment,fresh_high_tail_episode,stock,ASTS,phase,PERSISTENT,post_share_of_local_range_v1,0,0,,,blocked_insufficient_support
assessment,fresh_high_tail_episode,stock,ASTS,phase,RE_ENTRY,future_absolute_10m,43,32,0.008170151988546872,0.005582871844667468,descriptive_support_available
assessment,fresh_high_tail_episode,stock,ASTS,phase,RE_ENTRY,future_absolute_15m,43,32,0.007110816451568072,0.00510339397844464,descriptive_support_available
assessment,fresh_high_tail_episode,stock,ASTS,phase,RE_ENTRY,post_share_of_local_range_v1,43,32,0.3992045063201009,0.41597748535101964,descriptive_support_available
assessment,fresh_high_tail_episode,stock,ASTS,movement_consumed_bucket,LOW_OR_EQUAL,future_absolute_10m,8,8,0.006557238740566365,0.004172831496079089,blocked_insufficient_support
assessment,fresh_high_tail_episode,stock,ASTS,movement_consumed_bucket,LOW_OR_EQUAL,future_absolute_15m,8,8,0.008455881334414366,0.006040720517473963,blocked_insufficient_support
assessment,fresh_high_tail_episode,stock,ASTS,movement_consumed_bucket,LOW_OR_EQUAL,post_share_of_local_range_v1,8,8,0.548855426502512,0.5527587149623727,blocked_insufficient_support
assessment,fresh_high_tail_episode,stock,ASTS,movement_consumed_bucket,HIGH,future_absolute_10m,383,123,0.009706771517382778,0.007084552985321855,descriptive_support_available
assessment,fresh_high_tail_episode,stock,ASTS,movement_consumed_bucket,HIGH,future_absolute_15m,383,123,0.010755691456033598,0.008100856789935081,descriptive_support_available
assessment,fresh_high_tail_episode,stock,ASTS,movement_consumed_bucket,HIGH,post_share_of_local_range_v1,383,123,0.418125310404313,0.4180060563258951,descriptive_support_available
assessment,fresh_high_tail_episode,stock,CIFR,phase,FIRST_ENTRY,future_absolute_10m,352,125,0.009881005207873907,0.007281484290675199,descriptive_support_available
assessment,fresh_high_tail_episode,stock,CIFR,phase,FIRST_ENTRY,future_absolute_15m,352,125,0.011460839829185982,0.00875971915385754,descriptive_support_available
assessment,fresh_high_tail_episode,stock,CIFR,phase,FIRST_ENTRY,post_share_of_local_range_v1,352,125,0.4238745835728545,0.423010983812791,descriptive_support_available
assessment,fresh_high_tail_episode,stock,CIFR,phase,PERSISTENT,future_absolute_10m,0,0,,,blocked_insufficient_support
assessment,fresh_high_tail_episode,stock,CIFR,phase,PERSISTENT,future_absolute_15m,0,0,,,blocked_insufficient_support
assessment,fresh_high_tail_episode,stock,CIFR,phase,PERSISTENT,post_share_of_local_range_v1,0,0,,,blocked_insufficient_support
assessment,fresh_high_tail_episode,stock,CIFR,phase,RE_ENTRY,future_absolute_10m,41,30,0.008103873506801636,0.005969850376272778,descriptive_support_available
assessment,fresh_high_tail_episode,stock,CIFR,phase,RE_ENTRY,future_absolute_15m,41,30,0.006901125133921812,0.00510339397844464,descriptive_support_available
assessment,fresh_high_tail_episode,stock,CIFR,phase,RE_ENTRY,post_share_of_local_range_v1,41,30,0.40270703994034435,0.4117187671173877,descriptive_support_available
assessment,fresh_high_tail_episode,stock,CIFR,movement_consumed_bucket,LOW_OR_EQUAL,future_absolute_10m,8,8,0.006557238740566365,0.004172831496079089,blocked_insufficient_support
assessment,fresh_high_tail_episode,stock,CIFR,movement_consumed_bucket,LOW_OR_EQUAL,future_absolute_15m,8,8,0.008455881334414366,0.006040720517473963,blocked_insufficient_support
assessment,fresh_high_tail_episode,stock,CIFR,movement_consumed_bucket,LOW_OR_EQUAL,post_share_of_local_range_v1,8,8,0.548855426502512,0.5527587149623727,blocked_insufficient_support
assessment,fresh_high_tail_episode,stock,CIFR,movement_consumed_bucket,HIGH,future_absolute_10m,385,125,0.009760817498768705,0.007084552985321855,descriptive_support_available
assessment,fresh_high_tail_episode,stock,CIFR,movement_consumed_bucket,HIGH,future_absolute_15m,385,125,0.011037700518672589,0.008100856789935081,descriptive_support_available
assessment,fresh_high_tail_episode,stock,CIFR,movement_consumed_bucket,HIGH,post_share_of_local_range_v1,385,125,0.41902337309916576,0.4180060563258951,descriptive_support_available
assessment,fresh_high_tail_episode,stock,HIMS,phase,FIRST_ENTRY,future_absolute_10m,355,124,0.010007715681220808,0.0074716349686373505,descriptive_support_available
assessment,fresh_high_tail_episode,stock,HIMS,phase,FIRST_ENTRY,future_absolute_15m,355,124,0.011716539240911747,0.009104769756165065,descriptive_support_available
assessment,fresh_high_tail_episode,stock,HIMS,phase,FIRST_ENTRY,post_share_of_local_range_v1,355,124,0.4225221024251278,0.4221203680366587,descriptive_support_available
assessment,fresh_high_tail_episode,stock,HIMS,phase,PERSISTENT,future_absolute_10m,0,0,,,blocked_insufficient_support
assessment,fresh_high_tail_episode,stock,HIMS,phase,PERSISTENT,future_absolute_15m,0,0,,,blocked_insufficient_support
assessment,fresh_high_tail_episode,stock,HIMS,phase,PERSISTENT,post_share_of_local_range_v1,0,0,,,blocked_insufficient_support
assessment,fresh_high_tail_episode,stock,HIMS,phase,RE_ENTRY,future_absolute_10m,46,33,0.00791613596511881,0.005547499292584137,descriptive_support_available
assessment,fresh_high_tail_episode,stock,HIMS,phase,RE_ENTRY,future_absolute_15m,46,33,0.006945919212859243,0.005223632419262844,descriptive_support_available
assessment,fresh_high_tail_episode,stock,HIMS,phase,RE_ENTRY,post_share_of_local_range_v1,46,33,0.4041746851582374,0.41713056643566526,descriptive_support_available
assessment,fresh_high_tail_episode,stock,HIMS,movement_consumed_bucket,LOW_OR_EQUAL,future_absolute_10m,8,8,0.006557238740566365,0.004172831496079089,blocked_insufficient_support
assessment,fresh_high_tail_episode,stock,HIMS,movement_consumed_bucket,LOW_OR_EQUAL,future_absolute_15m,8,8,0.008455881334414366,0.006040720517473963,blocked_insufficient_support
assessment,fresh_high_tail_episode,stock,HIMS,movement_consumed_bucket,LOW_OR_EQUAL,post_share_of_local_range_v1,8,8,0.548855426502512,0.5527587149623727,blocked_insufficient_support
assessment,fresh_high_tail_episode,stock,HIMS,movement_consumed_bucket,HIGH,future_absolute_10m,393,124,0.009833138451156034,0.00718688998833574,descriptive_support_available
assessment,fresh_high_tail_episode,stock,HIMS,movement_consumed_bucket,HIGH,future_absolute_15m,393,124,0.01122452077262056,0.008382279689644653,descriptive_support_available
assessment,fresh_high_tail_episode,stock,HIMS,movement_consumed_bucket,HIGH,post_share_of_local_range_v1,393,124,0.4178028968605069,0.4180060563258951,descriptive_support_available
assessment,fresh_high_tail_episode,stock,IONQ,phase,FIRST_ENTRY,future_absolute_10m,337,124,0.009941343165949747,0.007696692630057314,descriptive_support_available
assessment,fresh_high_tail_episode,stock,IONQ,phase,FIRST_ENTRY,future_absolute_15m,337,124,0.011221357256031817,0.008441553690318035,descriptive_support_available
assessment,fresh_high_tail_episode,stock,IONQ,phase,FIRST_ENTRY,post_share_of_local_range_v1,337,124,0.4197061494472894,0.41656487642528095,descriptive_support_available
assessment,fresh_high_tail_episode,stock,IONQ,phase,PERSISTENT,future_absolute_10m,0,0,,,blocked_insufficient_support
assessment,fresh_high_tail_episode,stock,IONQ,phase,PERSISTENT,future_absolute_15m,0,0,,,blocked_insufficient_support
assessment,fresh_high_tail_episode,stock,IONQ,phase,PERSISTENT,post_share_of_local_range_v1,0,0,,,blocked_insufficient_support
assessment,fresh_high_tail_episode,stock,IONQ,phase,RE_ENTRY,future_absolute_10m,41,32,0.00811124076476349,0.005512126740500805,descriptive_support_available
assessment,fresh_high_tail_episode,stock,IONQ,phase,RE_ENTRY,future_absolute_15m,41,32,0.007113694283756197,0.005831010279308274,descriptive_support_available
assessment,fresh_high_tail_episode,stock,IONQ,phase,RE_ENTRY,post_share_of_local_range_v1,41,32,0.40144409058495456,0.41597748535101964,descriptive_support_available
assessment,fresh_high_tail_episode,stock,IONQ,movement_consumed_bucket,LOW_OR_EQUAL,future_absolute_10m,6,6,0.007352041155395457,0.006440886164723362,blocked_insufficient_support
assessment,fresh_high_tail_episode,stock,IONQ,movement_consumed_bucket,LOW_OR_EQUAL,future_absolute_15m,6,6,0.007455586855065641,0.006040720517473963,blocked_insufficient_support
assessment,fresh_high_tail_episode,stock,IONQ,movement_consumed_bucket,LOW_OR_EQUAL,post_share_of_local_range_v1,6,6,0.5418553720919276,0.5527587149623727,blocked_insufficient_support
assessment,fresh_high_tail_episode,stock,IONQ,movement_consumed_bucket,HIGH,future_absolute_10m,372,124,0.009781401267064505,0.007208934878642921,descriptive_support_available
assessment,fresh_high_tail_episode,stock,IONQ,movement_consumed_bucket,HIGH,future_absolute_15m,372,124,0.010829369192974012,0.007932255372815125,descriptive_support_available
assessment,fresh_high_tail_episode,stock,IONQ,movement_consumed_bucket,HIGH,post_share_of_local_range_v1,372,124,0.41572324689561324,0.41526355708219653,descriptive_support_available
assessment,fresh_high_tail_episode,stock,IREN,phase,FIRST_ENTRY,future_absolute_10m,344,125,0.009822343954243529,0.007281484290675199,descriptive_support_available
assessment,fresh_high_tail_episode,stock,IREN,phase,FIRST_ENTRY,future_absolute_15m,344,125,0.011354830779414241,0.008414931131402237,descriptive_support_available
assessment,fresh_high_tail_episode,stock,IREN,phase,FIRST_ENTRY,post_share_of_local_range_v1,344,125,0.42072726621871587,0.41597505485659775,descriptive_support_available
assessment,fresh_high_tail_episode,stock,IREN,phase,PERSISTENT,future_absolute_10m,0,0,,,blocked_insufficient_support
assessment,fresh_high_tail_episode,stock,IREN,phase,PERSISTENT,future_absolute_15m,0,0,,,blocked_insufficient_support
assessment,fresh_high_tail_episode,stock,IREN,phase,PERSISTENT,post_share_of_local_range_v1,0,0,,,blocked_insufficient_support
assessment,fresh_high_tail_episode,stock,IREN,phase,RE_ENTRY,future_absolute_10m,45,33,0.00787034465405198,0.005512126740500805,descriptive_support_available
assessment,fresh_high_tail_episode,stock,IREN,phase,RE_ENTRY,future_absolute_15m,45,33,0.006938167232819869,0.00510339397844464,descriptive_support_available
assessment,fresh_high_tail_episode,stock,IREN,phase,RE_ENTRY,post_share_of_local_range_v1,45,33,0.40687117577636617,0.41828364752031094,descriptive_support_available
assessment,fresh_high_tail_episode,stock,IREN,movement_consumed_bucket,LOW_OR_EQUAL,future_absolute_10m,8,8,0.006557238740566365,0.004172831496079089,blocked_insufficient_support
assessment,fresh_high_tail_episode,stock,IREN,movement_consumed_bucket,LOW_OR_EQUAL,future_absolute_15m,8,8,0.008455881334414366,0.006040720517473963,blocked_insufficient_support
assessment,fresh_high_tail_episode,stock,IREN,movement_consumed_bucket,LOW_OR_EQUAL,post_share_of_local_range_v1,8,8,0.548855426502512,0.5527587149623727,blocked_insufficient_support
assessment,fresh_high_tail_episode,stock,IREN,movement_consumed_bucket,HIGH,future_absolute_10m,381,125,0.009660351495452971,0.007017832111592937,descriptive_support_available
assessment,fresh_high_tail_episode,stock,IREN,movement_consumed_bucket,HIGH,future_absolute_15m,381,125,0.010894047934173434,0.0078856782581486,descriptive_support_available
assessment,fresh_high_tail_episode,stock,IREN,movement_consumed_bucket,HIGH,post_share_of_local_range_v1,381,125,0.4164003650319019,0.4151418808764786,descriptive_support_available
assessment,fresh_high_tail_episode,stock,MARA,phase,FIRST_ENTRY,future_absolute_10m,341,125,0.009936915579147674,0.007511063222783207,descriptive_support_available
assessment,fresh_high_tail_episode,stock,MARA,phase,FIRST_ENTRY,future_absolute_15m,341,125,0.011466752877556946,0.008509736058042235,descriptive_support_available
assessment,fresh_high_tail_episode,stock,MARA,phase,FIRST_ENTRY,post_share_of_local_range_v1,341,125,0.4208349933503511,0.42003100692290546,descriptive_support_available
assessment,fresh_high_tail_episode,stock,MARA,phase,PERSISTENT,future_absolute_10m,0,0,,,blocked_insufficient_support
assessment,fresh_high_tail_episode,stock,MARA,phase,PERSISTENT,future_absolute_15m,0,0,,,blocked_insufficient_support
assessment,fresh_high_tail_episode,stock,MARA,phase,PERSISTENT,post_share_of_local_range_v1,0,0,,,blocked_insufficient_support
assessment,fresh_high_tail_episode,stock,MARA,phase,RE_ENTRY,future_absolute_10m,41,30,0.007238229217062925,0.005512126740500805,descriptive_support_available
assessment,fresh_high_tail_episode,stock,MARA,phase,RE_ENTRY,future_absolute_15m,41,30,0.006166760954648817,0.00510339397844464,descriptive_support_available
assessment,fresh_high_tail_episode,stock,MARA,phase,RE_ENTRY,post_share_of_local_range_v1,41,30,0.4063975462724517,0.41828364752031094,descriptive_support_available
assessment,fresh_high_tail_episode,stock,MARA,movement_consumed_bucket,LOW_OR_EQUAL,future_absolute_10m,8,8,0.006557238740566365,0.004172831496079089,blocked_insufficient_support
assessment,fresh_high_tail_episode,stock,MARA,movement_consumed_bucket,LOW_OR_EQUAL,future_absolute_15m,8,8,0.008455881334414366,0.006040720517473963,blocked_insufficient_support
assessment,fresh_high_tail_episode,stock,MARA,movement_consumed_bucket,LOW_OR_EQUAL,post_share_of_local_range_v1,8,8,0.548855426502512,0.5527587149623727,blocked_insufficient_support
assessment,fresh_high_tail_episode,stock,MARA,movement_consumed_bucket,HIGH,future_absolute_10m,374,125,0.009713362835466326,0.00723531397226848,descriptive_support_available
assessment,fresh_high_tail_episode,stock,MARA,movement_consumed_bucket,HIGH,future_absolute_15m,374,125,0.010950141389604828,0.007981978214203895,descriptive_support_available
assessment,fresh_high_tail_episode,stock,MARA,movement_consumed_bucket,HIGH,post_share_of_local_range_v1,374,125,0.4165138735765244,0.4175657660531348,descriptive_support_available
assessment,fresh_high_tail_episode,stock,MP,phase,FIRST_ENTRY,future_absolute_10m,357,122,0.010075892261552406,0.007511063222783207,descriptive_support_available
assessment,fresh_high_tail_episode,stock,MP,phase,FIRST_ENTRY,future_absolute_15m,357,122,0.011565115650368829,0.008566737107539437,descriptive_support_available
assessment,fresh_high_tail_episode,stock,MP,phase,FIRST_ENTRY,post_share_of_local_range_v1,357,122,0.42245810221235797,0.42003100692290546,descriptive_support_available
assessment,fresh_high_tail_episode,stock,MP,phase,PERSISTENT,future_absolute_10m,0,0,,,blocked_insufficient_support
assessment,fresh_high_tail_episode,stock,MP,phase,PERSISTENT,future_absolute_15m,0,0,,,blocked_insufficient_support
assessment,fresh_high_tail_episode,stock,MP,phase,PERSISTENT,post_share_of_local_range_v1,0,0,,,blocked_insufficient_support
assessment,fresh_high_tail_episode,stock,MP,phase,RE_ENTRY,future_absolute_10m,42,30,0.008163929027760867,0.005776361110470123,descriptive_support_available
assessment,fresh_high_tail_episode,stock,MP,phase,RE_ENTRY,future_absolute_15m,42,30,0.007052677015655769,0.005587440569694661,descriptive_support_available
assessment,fresh_high_tail_episode,stock,MP,phase,RE_ENTRY,post_share_of_local_range_v1,42,30,0.4053479027981732,0.41713056643566526,descriptive_support_available
assessment,fresh_high_tail_episode,stock,MP,movement_consumed_bucket,LOW_OR_EQUAL,future_absolute_10m,6,6,0.007667509229514338,0.006637252175609811,blocked_insufficient_support
assessment,fresh_high_tail_episode,stock,MP,movement_consumed_bucket,LOW_OR_EQUAL,future_absolute_15m,6,6,0.010332765864072587,0.008521165048894165,blocked_insufficient_support
assessment,fresh_high_tail_episode,stock,MP,movement_consumed_bucket,LOW_OR_EQUAL,post_share_of_local_range_v1,6,6,0.5818419474711293,0.5757129229127749,blocked_insufficient_support
assessment,fresh_high_tail_episode,stock,MP,movement_consumed_bucket,HIGH,future_absolute_10m,393,122,0.00990832951949893,0.00718688998833574,descriptive_support_available
assessment,fresh_high_tail_episode,stock,MP,movement_consumed_bucket,HIGH,future_absolute_15m,393,122,0.011101684800648291,0.008100856789935081,descriptive_support_available
assessment,fresh_high_tail_episode,stock,MP,movement_consumed_bucket,HIGH,post_share_of_local_range_v1,393,122,0.4181961901336088,0.4174707168380464,descriptive_support_available
assessment,fresh_high_tail_episode,stock,MRNA,phase,FIRST_ENTRY,future_absolute_10m,365,122,0.010002483208088013,0.0074716349686373505,descriptive_support_available
assessment,fresh_high_tail_episode,stock,MRNA,phase,FIRST_ENTRY,future_absolute_15m,365,122,0.011535447877712239,0.00898750951635541,descriptive_support_available
assessment,fresh_high_tail_episode,stock,MRNA,phase,FIRST_ENTRY,post_share_of_local_range_v1,365,122,0.42126853828510386,0.42003100692290546,descriptive_support_available
assessment,fresh_high_tail_episode,stock,MRNA,phase,PERSISTENT,future_absolute_10m,0,0,,,blocked_insufficient_support
assessment,fresh_high_tail_episode,stock,MRNA,phase,PERSISTENT,future_absolute_15m,0,0,,,blocked_insufficient_support
assessment,fresh_high_tail_episode,stock,MRNA,phase,PERSISTENT,post_share_of_local_range_v1,0,0,,,blocked_insufficient_support
assessment,fresh_high_tail_episode,stock,MRNA,phase,RE_ENTRY,future_absolute_10m,45,32,0.007959386755982057,0.005512126740500805,descriptive_support_available
assessment,fresh_high_tail_episode,stock,MRNA,phase,RE_ENTRY,future_absolute_15m,45,32,0.006900017249300757,0.00510339397844464,descriptive_support_available
assessment,fresh_high_tail_episode,stock,MRNA,phase,RE_ENTRY,post_share_of_local_range_v1,45,32,0.4073080840779753,0.41828364752031094,descriptive_support_available
assessment,fresh_high_tail_episode,stock,MRNA,movement_consumed_bucket,LOW_OR_EQUAL,future_absolute_10m,8,8,0.006557238740566365,0.004172831496079089,blocked_insufficient_support
assessment,fresh_high_tail_episode,stock,MRNA,movement_consumed_bucket,LOW_OR_EQUAL,future_absolute_15m,8,8,0.008455881334414366,0.006040720517473963,blocked_insufficient_support
assessment,fresh_high_tail_episode,stock,MRNA,movement_consumed_bucket,LOW_OR_EQUAL,post_share_of_local_range_v1,8,8,0.548855426502512,0.5527587149623727,blocked_insufficient_support
assessment,fresh_high_tail_episode,stock,MRNA,movement_consumed_bucket,HIGH,future_absolute_10m,402,122,0.009842340460315391,0.007208934878642921,descriptive_support_available
assessment,fresh_high_tail_episode,stock,MRNA,movement_consumed_bucket,HIGH,future_absolute_15m,402,122,0.011077841295791506,0.00825245463599207,descriptive_support_available
assessment,fresh_high_tail_episode,stock,MRNA,movement_consumed_bucket,HIGH,post_share_of_local_range_v1,402,122,0.4171667583222679,0.4175657660531348,descriptive_support_available
assessment,fresh_high_tail_episode,stock,MSTR,phase,FIRST_ENTRY,future_absolute_10m,358,126,0.009881221262349743,0.007281484290675199,descriptive_support_available
assessment,fresh_high_tail_episode,stock,MSTR,phase,FIRST_ENTRY,future_absolute_15m,358,126,0.011463793013703231,0.008970105358265526,descriptive_support_available
assessment,fresh_high_tail_episode,stock,MSTR,phase,FIRST_ENTRY,post_share_of_local_range_v1,358,126,0.42123724903431653,0.4174388931466101,descriptive_support_available
assessment,fresh_high_tail_episode,stock,MSTR,phase,PERSISTENT,future_absolute_10m,0,0,,,blocked_insufficient_support
assessment,fresh_high_tail_episode,stock,MSTR,phase,PERSISTENT,future_absolute_15m,0,0,,,blocked_insufficient_support
assessment,fresh_high_tail_episode,stock,MSTR,phase,PERSISTENT,post_share_of_local_range_v1,0,0,,,blocked_insufficient_support
assessment,fresh_high_tail_episode,stock,MSTR,phase,RE_ENTRY,future_absolute_10m,45,33,0.007441684926528343,0.005512126740500805,descriptive_support_available
assessment,fresh_high_tail_episode,stock,MSTR,phase,RE_ENTRY,future_absolute_15m,45,33,0.0068755362843124545,0.00510339397844464,descriptive_support_available
assessment,fresh_high_tail_episode,stock,MSTR,phase,RE_ENTRY,post_share_of_local_range_v1,45,33,0.3996884833199387,0.41597748535101964,descriptive_support_available
assessment,fresh_high_tail_episode,stock,MSTR,movement_consumed_bucket,LOW_OR_EQUAL,future_absolute_10m,8,8,0.006557238740566365,0.004172831496079089,blocked_insufficient_support
assessment,fresh_high_tail_episode,stock,MSTR,movement_consumed_bucket,LOW_OR_EQUAL,future_absolute_15m,8,8,0.008455881334414366,0.006040720517473963,blocked_insufficient_support
assessment,fresh_high_tail_episode,stock,MSTR,movement_consumed_bucket,LOW_OR_EQUAL,post_share_of_local_range_v1,8,8,0.548855426502512,0.5527587149623727,blocked_insufficient_support
assessment,fresh_high_tail_episode,stock,MSTR,movement_consumed_bucket,HIGH,future_absolute_10m,395,126,0.009670620566304943,0.007017832111592937,descriptive_support_available
assessment,fresh_high_tail_episode,stock,MSTR,movement_consumed_bucket,HIGH,future_absolute_15m,395,126,0.011001999951960766,0.008173354098570796,descriptive_support_available
assessment,fresh_high_tail_episode,stock,MSTR,movement_consumed_bucket,HIGH,post_share_of_local_range_v1,395,126,0.41619765440927203,0.41538523328791455,descriptive_support_available
assessment,fresh_high_tail_episode,stock,NVTS,phase,FIRST_ENTRY,future_absolute_10m,359,126,0.010064007894483754,0.007511063222783207,descriptive_support_available
assessment,fresh_high_tail_episode,stock,NVTS,phase,FIRST_ENTRY,future_absolute_15m,359,126,0.011556435526206296,0.00898750951635541,descriptive_support_available
assessment,fresh_high_tail_episode,stock,NVTS,phase,FIRST_ENTRY,post_share_of_local_range_v1,359,126,0.42335068093928324,0.4229567664210402,descriptive_support_available
assessment,fresh_high_tail_episode,stock,NVTS,phase,PERSISTENT,future_absolute_10m,0,0,,,blocked_insufficient_support
assessment,fresh_high_tail_episode,stock,NVTS,phase,PERSISTENT,future_absolute_15m,0,0,,,blocked_insufficient_support
assessment,fresh_high_tail_episode,stock,NVTS,phase,PERSISTENT,post_share_of_local_range_v1,0,0,,,blocked_insufficient_support
assessment,fresh_high_tail_episode,stock,NVTS,phase,RE_ENTRY,future_absolute_10m,43,30,0.007542761006753196,0.005512126740500805,descriptive_support_available
assessment,fresh_high_tail_episode,stock,NVTS,phase,RE_ENTRY,future_absolute_15m,43,30,0.00639554457034631,0.00510339397844464,descriptive_support_available
assessment,fresh_high_tail_episode,stock,NVTS,phase,RE_ENTRY,post_share_of_local_range_v1,43,30,0.4041764786361952,0.42320011465827456,descriptive_support_available
assessment,fresh_high_tail_episode,stock,NVTS,movement_consumed_bucket,LOW_OR_EQUAL,future_absolute_10m,7,7,0.007437953727604135,0.004174340438528232,blocked_insufficient_support
assessment,fresh_high_tail_episode,stock,NVTS,movement_consumed_bucket,LOW_OR_EQUAL,future_absolute_15m,7,7,0.008565212638126842,0.004390878826520883,blocked_insufficient_support
assessment,fresh_high_tail_episode,stock,NVTS,movement_consumed_bucket,LOW_OR_EQUAL,post_share_of_local_range_v1,7,7,0.5457899033780302,0.535203341550862,blocked_insufficient_support
assessment,fresh_high_tail_episode,stock,NVTS,movement_consumed_bucket,HIGH,future_absolute_10m,395,126,0.009836080712194497,0.00718688998833574,descriptive_support_available
assessment,fresh_high_tail_episode,stock,NVTS,movement_consumed_bucket,HIGH,future_absolute_15m,395,126,0.011047626030293833,0.008173354098570796,descriptive_support_available
assessment,fresh_high_tail_episode,stock,NVTS,movement_consumed_bucket,HIGH,post_share_of_local_range_v1,395,126,0.41909355370864015,0.4215770430914057,descriptive_support_available
assessment,fresh_high_tail_episode,stock,QBTS,phase,FIRST_ENTRY,future_absolute_10m,353,126,0.009888469309493737,0.007283406554320553,descriptive_support_available
assessment,fresh_high_tail_episode,stock,QBTS,phase,FIRST_ENTRY,future_absolute_15m,353,126,0.011433937542379504,0.008566737107539437,descriptive_support_available
assessment,fresh_high_tail_episode,stock,QBTS,phase,FIRST_ENTRY,post_share_of_local_range_v1,353,126,0.422209686290628,0.4221203680366587,descriptive_support_available
assessment,fresh_high_tail_episode,stock,QBTS,phase,PERSISTENT,future_absolute_10m,0,0,,,blocked_insufficient_support
assessment,fresh_high_tail_episode,stock,QBTS,phase,PERSISTENT,future_absolute_15m,0,0,,,blocked_insufficient_support
assessment,fresh_high_tail_episode,stock,QBTS,phase,PERSISTENT,post_share_of_local_range_v1,0,0,,,blocked_insufficient_support
assessment,fresh_high_tail_episode,stock,QBTS,phase,RE_ENTRY,future_absolute_10m,44,31,0.007931208749335318,0.00528775622172032,descriptive_support_available
assessment,fresh_high_tail_episode,stock,QBTS,phase,RE_ENTRY,future_absolute_15m,44,31,0.0070911733615893705,0.005223632419262844,descriptive_support_available
assessment,fresh_high_tail_episode,stock,QBTS,phase,RE_ENTRY,post_share_of_local_range_v1,44,31,0.4060746635842485,0.41713056643566526,descriptive_support_available
assessment,fresh_high_tail_episode,stock,QBTS,movement_consumed_bucket,LOW_OR_EQUAL,future_absolute_10m,8,8,0.006557238740566365,0.004172831496079089,blocked_insufficient_support
assessment,fresh_high_tail_episode,stock,QBTS,movement_consumed_bucket,LOW_OR_EQUAL,future_absolute_15m,8,8,0.008455881334414366,0.006040720517473963,blocked_insufficient_support
assessment,fresh_high_tail_episode,stock,QBTS,movement_consumed_bucket,LOW_OR_EQUAL,post_share_of_local_range_v1,8,8,0.548855426502512,0.5527587149623727,blocked_insufficient_support
assessment,fresh_high_tail_episode,stock,QBTS,movement_consumed_bucket,HIGH,future_absolute_10m,389,126,0.009735591108733965,0.007017832111592937,descriptive_support_available
assessment,fresh_high_tail_episode,stock,QBTS,movement_consumed_bucket,HIGH,future_absolute_15m,389,126,0.011003970513353683,0.008173354098570796,descriptive_support_available
assessment,fresh_high_tail_episode,stock,QBTS,movement_consumed_bucket,HIGH,post_share_of_local_range_v1,389,126,0.4177801055174255,0.4180060563258951,descriptive_support_available
assessment,fresh_high_tail_episode,stock,RGTI,phase,FIRST_ENTRY,future_absolute_10m,355,124,0.009803541081053704,0.007239648175586859,descriptive_support_available
assessment,fresh_high_tail_episode,stock,RGTI,phase,FIRST_ENTRY,future_absolute_15m,355,124,0.01133592220920403,0.008447352538457685,descriptive_support_available
assessment,fresh_high_tail_episode,stock,RGTI,phase,FIRST_ENTRY,post_share_of_local_range_v1,355,124,0.4219224116570286,0.4180060563258951,descriptive_support_available
assessment,fresh_high_tail_episode,stock,RGTI,phase,PERSISTENT,future_absolute_10m,0,0,,,blocked_insufficient_support
assessment,fresh_high_tail_episode,stock,RGTI,phase,PERSISTENT,future_absolute_15m,0,0,,,blocked_insufficient_support
assessment,fresh_high_tail_episode,stock,RGTI,phase,PERSISTENT,post_share_of_local_range_v1,0,0,,,blocked_insufficient_support
assessment,fresh_high_tail_episode,stock,RGTI,phase,RE_ENTRY,future_absolute_10m,44,31,0.007819386830266964,0.005547499292584137,descriptive_support_available
assessment,fresh_high_tail_episode,stock,RGTI,phase,RE_ENTRY,future_absolute_15m,44,31,0.006944073993516522,0.005223632419262844,descriptive_support_available
assessment,fresh_high_tail_episode,stock,RGTI,phase,RE_ENTRY,post_share_of_local_range_v1,44,31,0.4107663676959332,0.4207418810892928,descriptive_support_available
assessment,fresh_high_tail_episode,stock,RGTI,movement_consumed_bucket,LOW_OR_EQUAL,future_absolute_10m,8,8,0.006557238740566365,0.004172831496079089,blocked_insufficient_support
assessment,fresh_high_tail_episode,stock,RGTI,movement_consumed_bucket,LOW_OR_EQUAL,future_absolute_15m,8,8,0.008455881334414366,0.006040720517473963,blocked_insufficient_support
assessment,fresh_high_tail_episode,stock,RGTI,movement_consumed_bucket,LOW_OR_EQUAL,post_share_of_local_range_v1,8,8,0.548855426502512,0.5527587149623727,blocked_insufficient_support
assessment,fresh_high_tail_episode,stock,RGTI,movement_consumed_bucket,HIGH,future_absolute_10m,391,124,0.009646680804044195,0.006914740825504302,descriptive_support_available
assessment,fresh_high_tail_episode,stock,RGTI,movement_consumed_bucket,HIGH,future_absolute_15m,391,124,0.01090062554809934,0.007978832487481652,descriptive_support_available
assessment,fresh_high_tail_episode,stock,RGTI,movement_consumed_bucket,HIGH,post_share_of_local_range_v1,391,124,0.41806990512748377,0.4174707168380464,descriptive_support_available
assessment,fresh_high_tail_episode,stock,RIOT,phase,FIRST_ENTRY,future_absolute_10m,346,124,0.009969198323777502,0.007491349095710279,descriptive_support_available
assessment,fresh_high_tail_episode,stock,RIOT,phase,FIRST_ENTRY,future_absolute_15m,346,124,0.011368180528685632,0.008538236582790836,descriptive_support_available
assessment,fresh_high_tail_episode,stock,RIOT,phase,FIRST_ENTRY,post_share_of_local_range_v1,346,124,0.4239793316157795,0.4225385672288494,descriptive_support_available
assessment,fresh_high_tail_episode,stock,RIOT,phase,PERSISTENT,future_absolute_10m,0,0,,,blocked_insufficient_support
assessment,fresh_high_tail_episode,stock,RIOT,phase,PERSISTENT,future_absolute_15m,0,0,,,blocked_insufficient_support
assessment,fresh_high_tail_episode,stock,RIOT,phase,PERSISTENT,post_share_of_local_range_v1,0,0,,,blocked_insufficient_support
assessment,fresh_high_tail_episode,stock,RIOT,phase,RE_ENTRY,future_absolute_10m,45,32,0.007919471412016148,0.005512126740500805,descriptive_support_available
assessment,fresh_high_tail_episode,stock,RIOT,phase,RE_ENTRY,future_absolute_15m,45,32,0.006850804366446639,0.00510339397844464,descriptive_support_available
assessment,fresh_high_tail_episode,stock,RIOT,phase,RE_ENTRY,post_share_of_local_range_v1,45,32,0.40364756348789943,0.41597748535101964,descriptive_support_available
assessment,fresh_high_tail_episode,stock,RIOT,movement_consumed_bucket,LOW_OR_EQUAL,future_absolute_10m,8,8,0.006557238740566365,0.004172831496079089,blocked_insufficient_support
assessment,fresh_high_tail_episode,stock,RIOT,movement_consumed_bucket,LOW_OR_EQUAL,future_absolute_15m,8,8,0.008455881334414366,0.006040720517473963,blocked_insufficient_support
assessment,fresh_high_tail_episode,stock,RIOT,movement_consumed_bucket,LOW_OR_EQUAL,post_share_of_local_range_v1,8,8,0.548855426502512,0.5527587149623727,blocked_insufficient_support
assessment,fresh_high_tail_episode,stock,RIOT,movement_consumed_bucket,HIGH,future_absolute_10m,383,124,0.009799636876353032,0.007084552985321855,descriptive_support_available
assessment,fresh_high_tail_episode,stock,RIOT,movement_consumed_bucket,HIGH,future_absolute_15m,383,124,0.010898249631174967,0.007722562889909601,descriptive_support_available
assessment,fresh_high_tail_episode,stock,RIOT,movement_consumed_bucket,HIGH,post_share_of_local_range_v1,383,124,0.41898210361356425,0.4180060563258951,descriptive_support_available
assessment,fresh_high_tail_episode,stock,RIVN,phase,FIRST_ENTRY,future_absolute_10m,364,125,0.009927479800868168,0.007281484290675199,descriptive_support_available
assessment,fresh_high_tail_episode,stock,RIVN,phase,FIRST_ENTRY,future_absolute_15m,364,125,0.011425740687687976,0.00847854429824996,descriptive_support_available
assessment,fresh_high_tail_episode,stock,RIVN,phase,FIRST_ENTRY,post_share_of_local_range_v1,364,125,0.42208427590304115,0.4190185316244003,descriptive_support_available
assessment,fresh_high_tail_episode,stock,RIVN,phase,PERSISTENT,future_absolute_10m,0,0,,,blocked_insufficient_support
assessment,fresh_high_tail_episode,stock,RIVN,phase,PERSISTENT,future_absolute_15m,0,0,,,blocked_insufficient_support
assessment,fresh_high_tail_episode,stock,RIVN,phase,PERSISTENT,post_share_of_local_range_v1,0,0,,,blocked_insufficient_support
assessment,fresh_high_tail_episode,stock,RIVN,phase,RE_ENTRY,future_absolute_10m,44,32,0.008209685552046162,0.005776361110470123,descriptive_support_available
assessment,fresh_high_tail_episode,stock,RIVN,phase,RE_ENTRY,future_absolute_15m,44,32,0.006924674840203398,0.004916015716441285,descriptive_support_available
assessment,fresh_high_tail_episode,stock,RIVN,phase,RE_ENTRY,post_share_of_local_range_v1,44,32,0.40425017468080093,0.41713056643566526,descriptive_support_available
assessment,fresh_high_tail_episode,stock,RIVN,movement_consumed_bucket,LOW_OR_EQUAL,future_absolute_10m,8,8,0.006557238740566365,0.004172831496079089,blocked_insufficient_support
assessment,fresh_high_tail_episode,stock,RIVN,movement_consumed_bucket,LOW_OR_EQUAL,future_absolute_15m,8,8,0.008455881334414366,0.006040720517473963,blocked_insufficient_support
assessment,fresh_high_tail_episode,stock,RIVN,movement_consumed_bucket,LOW_OR_EQUAL,post_share_of_local_range_v1,8,8,0.548855426502512,0.5527587149623727,blocked_insufficient_support
assessment,fresh_high_tail_episode,stock,RIVN,movement_consumed_bucket,HIGH,future_absolute_10m,400,125,0.009805927254703783,0.007135721486828797,descriptive_support_available
assessment,fresh_high_tail_episode,stock,RIVN,movement_consumed_bucket,HIGH,future_absolute_15m,400,125,0.010990020631530144,0.008039844638708367,descriptive_support_available
assessment,fresh_high_tail_episode,stock,RIVN,movement_consumed_bucket,HIGH,post_share_of_local_range_v1,400,125,0.4175871017566054,0.4174388931466101,descriptive_support_available
assessment,fresh_high_tail_episode,stock,SMCI,phase,FIRST_ENTRY,future_absolute_10m,358,125,0.009931428923908648,0.00723531397226848,descriptive_support_available
assessment,fresh_high_tail_episode,stock,SMCI,phase,FIRST_ENTRY,future_absolute_15m,358,125,0.01148528663455916,0.008970105358265526,descriptive_support_available
assessment,fresh_high_tail_episode,stock,SMCI,phase,FIRST_ENTRY,post_share_of_local_range_v1,358,125,0.4215906638546755,0.4190185316244003,descriptive_support_available
assessment,fresh_high_tail_episode,stock,SMCI,phase,PERSISTENT,future_absolute_10m,0,0,,,blocked_insufficient_support
assessment,fresh_high_tail_episode,stock,SMCI,phase,PERSISTENT,future_absolute_15m,0,0,,,blocked_insufficient_support
assessment,fresh_high_tail_episode,stock,SMCI,phase,PERSISTENT,post_share_of_local_range_v1,0,0,,,blocked_insufficient_support
assessment,fresh_high_tail_episode,stock,SMCI,phase,RE_ENTRY,future_absolute_10m,45,32,0.007877451625749383,0.005512126740500805,descriptive_support_available
assessment,fresh_high_tail_episode,stock,SMCI,phase,RE_ENTRY,future_absolute_15m,45,32,0.0070006369573683705,0.005343870860081049,descriptive_support_available
assessment,fresh_high_tail_episode,stock,SMCI,phase,RE_ENTRY,post_share_of_local_range_v1,45,32,0.40260405356229984,0.41597748535101964,descriptive_support_available
assessment,fresh_high_tail_episode,stock,SMCI,movement_consumed_bucket,LOW_OR_EQUAL,future_absolute_10m,8,8,0.006557238740566365,0.004172831496079089,blocked_insufficient_support
assessment,fresh_high_tail_episode,stock,SMCI,movement_consumed_bucket,LOW_OR_EQUAL,future_absolute_15m,8,8,0.008455881334414366,0.006040720517473963,blocked_insufficient_support
assessment,fresh_high_tail_episode,stock,SMCI,movement_consumed_bucket,LOW_OR_EQUAL,post_share_of_local_range_v1,8,8,0.548855426502512,0.5527587149623727,blocked_insufficient_support
assessment,fresh_high_tail_episode,stock,SMCI,movement_consumed_bucket,HIGH,future_absolute_10m,395,125,0.009765769539224018,0.006846460538597036,descriptive_support_available
assessment,fresh_high_tail_episode,stock,SMCI,movement_consumed_bucket,HIGH,future_absolute_15m,395,125,0.011035732221717571,0.008173354098570796,descriptive_support_available
assessment,fresh_high_tail_episode,stock,SMCI,movement_consumed_bucket,HIGH,post_share_of_local_range_v1,395,125,0.4168501181221702,0.41740706945517375,descriptive_support_available
assessment,fresh_high_tail_episode,stock,SOFI,phase,FIRST_ENTRY,future_absolute_10m,353,125,0.01000609675027629,0.007511063222783207,descriptive_support_available
assessment,fresh_high_tail_episode,stock,SOFI,phase,FIRST_ENTRY,future_absolute_15m,353,125,0.011386637227613402,0.008447352538457685,descriptive_support_available
assessment,fresh_high_tail_episode,stock,SOFI,phase,FIRST_ENTRY,post_share_of_local_range_v1,353,125,0.4205292314967835,0.4176608152682232,descriptive_support_available
assessment,fresh_high_tail_episode,stock,SOFI,phase,PERSISTENT,future_absolute_10m,0,0,,,blocked_insufficient_support
assessment,fresh_high_tail_episode,stock,SOFI,phase,PERSISTENT,future_absolute_15m,0,0,,,blocked_insufficient_support
assessment,fresh_high_tail_episode,stock,SOFI,phase,PERSISTENT,post_share_of_local_range_v1,0,0,,,blocked_insufficient_support
assessment,fresh_high_tail_episode,stock,SOFI,phase,RE_ENTRY,future_absolute_10m,43,33,0.007826850769685681,0.005582871844667468,descriptive_support_available
assessment,fresh_high_tail_episode,stock,SOFI,phase,RE_ENTRY,future_absolute_15m,43,33,0.0073615329013123326,0.005831010279308274,descriptive_support_available
assessment,fresh_high_tail_episode,stock,SOFI,phase,RE_ENTRY,post_share_of_local_range_v1,43,33,0.40110613464356515,0.41828364752031094,descriptive_support_available
assessment,fresh_high_tail_episode,stock,SOFI,movement_consumed_bucket,LOW_OR_EQUAL,future_absolute_10m,8,8,0.006557238740566365,0.004172831496079089,blocked_insufficient_support
assessment,fresh_high_tail_episode,stock,SOFI,movement_consumed_bucket,LOW_OR_EQUAL,future_absolute_15m,8,8,0.008455881334414366,0.006040720517473963,blocked_insufficient_support
assessment,fresh_high_tail_episode,stock,SOFI,movement_consumed_bucket,LOW_OR_EQUAL,post_share_of_local_range_v1,8,8,0.548855426502512,0.5527587149623727,blocked_insufficient_support
assessment,fresh_high_tail_episode,stock,SOFI,movement_consumed_bucket,HIGH,future_absolute_10m,388,125,0.009835692850565677,0.00723531397226848,descriptive_support_available
assessment,fresh_high_tail_episode,stock,SOFI,movement_consumed_bucket,HIGH,future_absolute_15m,388,125,0.011000984034609912,0.007981978214203895,descriptive_support_available
assessment,fresh_high_tail_episode,stock,SOFI,movement_consumed_bucket,HIGH,post_share_of_local_range_v1,388,125,0.41573077086602517,0.4169859729402273,descriptive_support_available
assessment,fresh_high_tail_episode,stock,WULF,phase,FIRST_ENTRY,future_absolute_10m,346,124,0.009742957357844891,0.007259605101308352,descriptive_support_available
assessment,fresh_high_tail_episode,stock,WULF,phase,FIRST_ENTRY,future_absolute_15m,346,124,0.01117436334218316,0.008356917431528998,descriptive_support_available
assessment,fresh_high_tail_episode,stock,WULF,phase,FIRST_ENTRY,post_share_of_local_range_v1,346,124,0.4202420652086327,0.4174388931466101,descriptive_support_available
assessment,fresh_high_tail_episode,stock,WULF,phase,PERSISTENT,future_absolute_10m,0,0,,,blocked_insufficient_support
assessment,fresh_high_tail_episode,stock,WULF,phase,PERSISTENT,future_absolute_15m,0,0,,,blocked_insufficient_support
assessment,fresh_high_tail_episode,stock,WULF,phase,PERSISTENT,post_share_of_local_range_v1,0,0,,,blocked_insufficient_support
assessment,fresh_high_tail_episode,stock,WULF,phase,RE_ENTRY,future_absolute_10m,46,33,0.00791613596511881,0.005547499292584137,descriptive_support_available
assessment,fresh_high_tail_episode,stock,WULF,phase,RE_ENTRY,future_absolute_15m,46,33,0.006945919212859243,0.005223632419262844,descriptive_support_available
assessment,fresh_high_tail_episode,stock,WULF,phase,RE_ENTRY,post_share_of_local_range_v1,46,33,0.4041746851582374,0.41713056643566526,descriptive_support_available
assessment,fresh_high_tail_episode,stock,WULF,movement_consumed_bucket,LOW_OR_EQUAL,future_absolute_10m,7,7,0.004790175483675961,0.0041713225536299465,blocked_insufficient_support
assessment,fresh_high_tail_episode,stock,WULF,movement_consumed_bucket,LOW_OR_EQUAL,future_absolute_15m,7,7,0.006662463309461232,0.004390878826520883,blocked_insufficient_support
assessment,fresh_high_tail_episode,stock,WULF,movement_consumed_bucket,LOW_OR_EQUAL,post_share_of_local_range_v1,7,7,0.5323045848626088,0.535203341550862,blocked_insufficient_support
assessment,fresh_high_tail_episode,stock,WULF,movement_consumed_bucket,HIGH,future_absolute_10m,385,124,0.009614738368374197,0.007017832111592937,descriptive_support_available
assessment,fresh_high_tail_episode,stock,WULF,movement_consumed_bucket,HIGH,future_absolute_15m,385,124,0.010751181187066675,0.007637945663136108,descriptive_support_available
assessment,fresh_high_tail_episode,stock,WULF,movement_consumed_bucket,HIGH,post_share_of_local_range_v1,385,124,0.41628482593617555,0.41597748535101964,descriptive_support_available
stress,high_tail_checkpoint,month,2025-09,phase,FIRST_ENTRY,future_absolute_10m,351,51,0.010840699451888038,0.00908436479951725,descriptive_support_available
stress,high_tail_checkpoint,month,2025-09,phase,FIRST_ENTRY,future_absolute_15m,351,51,0.012903186320671466,0.009513354204658788,descriptive_support_available
stress,high_tail_checkpoint,month,2025-09,phase,FIRST_ENTRY,post_share_of_local_range_v1,351,51,0.4098427446382736,0.40720148025583525,descriptive_support_available
stress,high_tail_checkpoint,month,2025-09,phase,PERSISTENT,future_absolute_10m,472,45,0.010956332922552867,0.008870646945826281,descriptive_support_available
stress,high_tail_checkpoint,month,2025-09,phase,PERSISTENT,future_absolute_15m,472,45,0.013134125960852169,0.009862721021016853,descriptive_support_available
stress,high_tail_checkpoint,month,2025-09,phase,PERSISTENT,post_share_of_local_range_v1,472,45,0.4133793089107384,0.4032838658902537,descriptive_support_available
stress,high_tail_checkpoint,month,2025-09,phase,RE_ENTRY,future_absolute_10m,80,32,0.008254755410403283,0.00486722695203781,descriptive_support_available
stress,high_tail_checkpoint,month,2025-09,phase,RE_ENTRY,future_absolute_15m,80,32,0.009989610567131494,0.007828201365535827,descriptive_support_available
stress,high_tail_checkpoint,month,2025-09,phase,RE_ENTRY,post_share_of_local_range_v1,80,32,0.4126994815015685,0.41421709989694905,descriptive_support_available
stress,high_tail_checkpoint,month,2025-09,movement_consumed_bucket,LOW_OR_EQUAL,future_absolute_10m,31,19,0.006095852612554657,0.005007911931657433,descriptive_support_available
stress,high_tail_checkpoint,month,2025-09,movement_consumed_bucket,LOW_OR_EQUAL,future_absolute_15m,31,19,0.006483158026499203,0.005644923420865041,descriptive_support_available
stress,high_tail_checkpoint,month,2025-09,movement_consumed_bucket,LOW_OR_EQUAL,post_share_of_local_range_v1,31,19,0.5053843792695386,0.5127060102042033,descriptive_support_available
stress,high_tail_checkpoint,month,2025-09,movement_consumed_bucket,HIGH,future_absolute_10m,872,51,0.010834728955161377,0.0088538946292138,descriptive_support_available
stress,high_tail_checkpoint,month,2025-09,movement_consumed_bucket,HIGH,future_absolute_15m,872,51,0.012989124769067604,0.00967827111091834,descriptive_support_available
stress,high_tail_checkpoint,month,2025-09,movement_consumed_bucket,HIGH,post_share_of_local_range_v1,872,51,0.4086225687347159,0.4032459060251455,descriptive_support_available
stress,high_tail_checkpoint,month,2025-10,phase,FIRST_ENTRY,future_absolute_10m,343,48,0.01065952221891985,0.008414621225182817,descriptive_support_available
stress,high_tail_checkpoint,month,2025-10,phase,FIRST_ENTRY,future_absolute_15m,343,48,0.012546226394315425,0.008970820143920167,descriptive_support_available
stress,high_tail_checkpoint,month,2025-10,phase,FIRST_ENTRY,post_share_of_local_range_v1,343,48,0.4109701643861536,0.40668416203747293,descriptive_support_available
stress,high_tail_checkpoint,month,2025-10,phase,PERSISTENT,future_absolute_10m,405,39,0.010389008554321786,0.008060073215370282,descriptive_support_available
stress,high_tail_checkpoint,month,2025-10,phase,PERSISTENT,future_absolute_15m,405,39,0.012965398335138071,0.011019633321937684,descriptive_support_available
stress,high_tail_checkpoint,month,2025-10,phase,PERSISTENT,post_share_of_local_range_v1,405,39,0.40824340265963377,0.3995111334069912,descriptive_support_available
stress,high_tail_checkpoint,month,2025-10,phase,RE_ENTRY,future_absolute_10m,76,33,0.006944120182445027,0.004364381138840195,descriptive_support_available
stress,high_tail_checkpoint,month,2025-10,phase,RE_ENTRY,future_absolute_15m,76,33,0.007898337135478658,0.006055601574494602,descriptive_support_available
stress,high_tail_checkpoint,month,2025-10,phase,RE_ENTRY,post_share_of_local_range_v1,76,33,0.4022512151747755,0.410121437250011,descriptive_support_available
stress,high_tail_checkpoint,month,2025-10,movement_consumed_bucket,LOW_OR_EQUAL,future_absolute_10m,20,14,0.006806830026447304,0.005719170632445296,blocked_insufficient_support
stress,high_tail_checkpoint,month,2025-10,movement_consumed_bucket,LOW_OR_EQUAL,future_absolute_15m,20,14,0.008195154342535791,0.008846620553122415,blocked_insufficient_support
stress,high_tail_checkpoint,month,2025-10,movement_consumed_bucket,LOW_OR_EQUAL,post_share_of_local_range_v1,20,14,0.5264051711915408,0.526336117214945,blocked_insufficient_support
stress,high_tail_checkpoint,month,2025-10,movement_consumed_bucket,HIGH,future_absolute_10m,804,48,0.010267886963839188,0.007945823876301723,descriptive_support_available
stress,high_tail_checkpoint,month,2025-10,movement_consumed_bucket,HIGH,future_absolute_15m,804,48,0.012426259346301954,0.009421086532593069,descriptive_support_available
stress,high_tail_checkpoint,month,2025-10,movement_consumed_bucket,HIGH,post_share_of_local_range_v1,804,48,0.40590091217792845,0.40050170805836893,descriptive_support_available
stress,high_tail_checkpoint,month,2025-11,phase,FIRST_ENTRY,future_absolute_10m,316,52,0.010469271967807715,0.008630553253653347,descriptive_support_available
stress,high_tail_checkpoint,month,2025-11,phase,FIRST_ENTRY,future_absolute_15m,316,52,0.011981663762116493,0.009128895684716032,descriptive_support_available
stress,high_tail_checkpoint,month,2025-11,phase,FIRST_ENTRY,post_share_of_local_range_v1,316,52,0.4047528331077058,0.40158853761597657,descriptive_support_available
stress,high_tail_checkpoint,month,2025-11,phase,PERSISTENT,future_absolute_10m,360,42,0.010435953017212583,0.00794639766690675,descriptive_support_available
stress,high_tail_checkpoint,month,2025-11,phase,PERSISTENT,future_absolute_15m,360,42,0.012928182015620942,0.00948524157597048,descriptive_support_available
stress,high_tail_checkpoint,month,2025-11,phase,PERSISTENT,post_share_of_local_range_v1,360,42,0.40776826973438063,0.4049118738885171,descriptive_support_available
stress,high_tail_checkpoint,month,2025-11,phase,RE_ENTRY,future_absolute_10m,51,31,0.008224219630873325,0.005400179221754039,descriptive_support_available
stress,high_tail_checkpoint,month,2025-11,phase,RE_ENTRY,future_absolute_15m,51,31,0.009549703893621874,0.006604143049029894,descriptive_support_available
stress,high_tail_checkpoint,month,2025-11,phase,RE_ENTRY,post_share_of_local_range_v1,51,31,0.3836655496719192,0.37950266590397924,descriptive_support_available
stress,high_tail_checkpoint,month,2025-11,movement_consumed_bucket,LOW_OR_EQUAL,future_absolute_10m,21,13,0.006758729563351493,0.006079168027609069,blocked_insufficient_support
stress,high_tail_checkpoint,month,2025-11,movement_consumed_bucket,LOW_OR_EQUAL,future_absolute_15m,21,13,0.0072520567596242235,0.005644923420865041,blocked_insufficient_support
stress,high_tail_checkpoint,month,2025-11,movement_consumed_bucket,LOW_OR_EQUAL,post_share_of_local_range_v1,21,13,0.5013781502180418,0.5148233676270675,blocked_insufficient_support
stress,high_tail_checkpoint,month,2025-11,movement_consumed_bucket,HIGH,future_absolute_10m,706,52,0.010400474374458818,0.0079780836208658,descriptive_support_available
stress,high_tail_checkpoint,month,2025-11,movement_consumed_bucket,HIGH,future_absolute_15m,706,52,0.012429310171494276,0.009230882896455869,descriptive_support_available
stress,high_tail_checkpoint,month,2025-11,movement_consumed_bucket,HIGH,post_share_of_local_range_v1,706,52,0.4018930230100582,0.3991111032787369,descriptive_support_available
stress,high_tail_checkpoint,month,2025-12,phase,FIRST_ENTRY,future_absolute_10m,355,50,0.011167558600881892,0.009030449292583443,descriptive_support_available
stress,high_tail_checkpoint,month,2025-12,phase,FIRST_ENTRY,future_absolute_15m,355,50,0.013205741088139978,0.010010120965696524,descriptive_support_available
stress,high_tail_checkpoint,month,2025-12,phase,FIRST_ENTRY,post_share_of_local_range_v1,355,50,0.4057262875330131,0.4032664445601065,descriptive_support_available
stress,high_tail_checkpoint,month,2025-12,phase,PERSISTENT,future_absolute_10m,545,45,0.010719381199699353,0.00871736637686811,descriptive_support_available
stress,high_tail_checkpoint,month,2025-12,phase,PERSISTENT,future_absolute_15m,545,45,0.013232825558885556,0.010012184355229966,descriptive_support_available
stress,high_tail_checkpoint,month,2025-12,phase,PERSISTENT,post_share_of_local_range_v1,545,45,0.4099282754925778,0.40322536749018445,descriptive_support_available
stress,high_tail_checkpoint,month,2025-12,phase,RE_ENTRY,future_absolute_10m,84,33,0.008721521530320507,0.00562482958132743,descriptive_support_available
stress,high_tail_checkpoint,month,2025-12,phase,RE_ENTRY,future_absolute_15m,84,33,0.00968744441112675,0.00785096777734994,descriptive_support_available
stress,high_tail_checkpoint,month,2025-12,phase,RE_ENTRY,post_share_of_local_range_v1,84,33,0.40746444019740735,0.41119709697732065,descriptive_support_available
stress,high_tail_checkpoint,month,2025-12,movement_consumed_bucket,LOW_OR_EQUAL,future_absolute_10m,33,20,0.006744629379823062,0.005687219839357399,descriptive_support_available
stress,high_tail_checkpoint,month,2025-12,movement_consumed_bucket,LOW_OR_EQUAL,future_absolute_15m,33,20,0.007204809184388257,0.005709640307220173,descriptive_support_available
stress,high_tail_checkpoint,month,2025-12,movement_consumed_bucket,LOW_OR_EQUAL,post_share_of_local_range_v1,33,20,0.5124212131707125,0.5148233676270675,descriptive_support_available
stress,high_tail_checkpoint,month,2025-12,movement_consumed_bucket,HIGH,future_absolute_10m,951,50,0.01084813995390324,0.008752791109594744,descriptive_support_available
stress,high_tail_checkpoint,month,2025-12,movement_consumed_bucket,HIGH,future_absolute_15m,951,50,0.013118732537678398,0.009856257875572075,descriptive_support_available
stress,high_tail_checkpoint,month,2025-12,movement_consumed_bucket,HIGH,post_share_of_local_range_v1,951,50,0.40458554696069743,0.400551223961195,descriptive_support_available
stress,high_tail_checkpoint,stock,AAL,phase,FIRST_ENTRY,future_absolute_10m,428,67,0.011177623512000313,0.009303322692335227,descriptive_support_available
stress,high_tail_checkpoint,stock,AAL,phase,FIRST_ENTRY,future_absolute_15m,428,67,0.01315798066211722,0.010010262790162422,descriptive_support_available
stress,high_tail_checkpoint,stock,AAL,phase,FIRST_ENTRY,post_share_of_local_range_v1,428,67,0.408482655030023,0.406472813061724,descriptive_support_available
stress,high_tail_checkpoint,stock,AAL,phase,PERSISTENT,future_absolute_10m,581,55,0.010803803055646145,0.008786547950416668,descriptive_support_available
stress,high_tail_checkpoint,stock,AAL,phase,PERSISTENT,future_absolute_15m,581,55,0.013265339396467441,0.010308547393818307,descriptive_support_available
stress,high_tail_checkpoint,stock,AAL,phase,PERSISTENT,post_share_of_local_range_v1,581,55,0.4105128178174255,0.4025499288671526,descriptive_support_available
stress,high_tail_checkpoint,stock,AAL,phase,RE_ENTRY,future_absolute_10m,90,41,0.00826910336001636,0.00486722695203781,descriptive_support_available
stress,high_tail_checkpoint,stock,AAL,phase,RE_ENTRY,future_absolute_15m,90,41,0.009581031436594532,0.007308622388882168,descriptive_support_available
stress,high_tail_checkpoint,stock,AAL,phase,RE_ENTRY,post_share_of_local_range_v1,90,41,0.4045244071855472,0.410121437250011,descriptive_support_available
stress,high_tail_checkpoint,stock,AAL,movement_consumed_bucket,LOW_OR_EQUAL,future_absolute_10m,33,21,0.006921375729031418,0.0057511214255331925,descriptive_support_available
stress,high_tail_checkpoint,stock,AAL,movement_consumed_bucket,LOW_OR_EQUAL,future_absolute_15m,33,21,0.007452805429865276,0.006551467794125938,descriptive_support_available
stress,high_tail_checkpoint,stock,AAL,movement_consumed_bucket,LOW_OR_EQUAL,post_share_of_local_range_v1,33,21,0.5120433229107167,0.5238603068904668,descriptive_support_available
stress,high_tail_checkpoint,stock,AAL,movement_consumed_bucket,HIGH,future_absolute_10m,1066,67,0.010860080996069398,0.008849483005990734,descriptive_support_available
stress,high_tail_checkpoint,stock,AAL,movement_consumed_bucket,HIGH,future_absolute_15m,1066,67,0.013091114599288658,0.009913349012925107,descriptive_support_available
stress,high_tail_checkpoint,stock,AAL,movement_consumed_bucket,HIGH,post_share_of_local_range_v1,1066,67,0.4060490529975794,0.401080315125968,descriptive_support_available
stress,high_tail_checkpoint,stock,AAOI,phase,FIRST_ENTRY,future_absolute_10m,441,67,0.010824313074286551,0.008752791109594744,descriptive_support_available
stress,high_tail_checkpoint,stock,AAOI,phase,FIRST_ENTRY,future_absolute_15m,441,67,0.012690056961693051,0.00931029261779832,descriptive_support_available
stress,high_tail_checkpoint,stock,AAOI,phase,FIRST_ENTRY,post_share_of_local_range_v1,441,67,0.4083095300065598,0.4063702482497562,descriptive_support_available
stress,high_tail_checkpoint,stock,AAOI,phase,PERSISTENT,future_absolute_10m,582,57,0.010700674076635077,0.008597732805016616,descriptive_support_available
stress,high_tail_checkpoint,stock,AAOI,phase,PERSISTENT,future_absolute_15m,582,57,0.013164282578895254,0.00993573546684435,descriptive_support_available
stress,high_tail_checkpoint,stock,AAOI,phase,PERSISTENT,post_share_of_local_range_v1,582,57,0.4101826690724151,0.40315662101082883,descriptive_support_available
stress,high_tail_checkpoint,stock,AAOI,phase,RE_ENTRY,future_absolute_10m,96,42,0.008096057068976075,0.004715928780165791,descriptive_support_available
stress,high_tail_checkpoint,stock,AAOI,phase,RE_ENTRY,future_absolute_15m,96,42,0.009336346397537049,0.0069315709189767625,descriptive_support_available
stress,high_tail_checkpoint,stock,AAOI,phase,RE_ENTRY,post_share_of_local_range_v1,96,42,0.40515288504537783,0.410121437250011,descriptive_support_available
stress,high_tail_checkpoint,stock,AAOI,movement_consumed_bucket,LOW_OR_EQUAL,future_absolute_10m,35,22,0.006567753541739836,0.005687219839357399,descriptive_support_available
stress,high_tail_checkpoint,stock,AAOI,movement_consumed_bucket,LOW_OR_EQUAL,future_absolute_15m,35,22,0.007189836959134404,0.005709640307220173,descriptive_support_available
stress,high_tail_checkpoint,stock,AAOI,movement_consumed_bucket,LOW_OR_EQUAL,post_share_of_local_range_v1,35,22,0.5107986701942753,0.5148233676270675,descriptive_support_available
stress,high_tail_checkpoint,stock,AAOI,movement_consumed_bucket,HIGH,future_absolute_10m,1084,67,0.010653749523083757,0.00842706861383439,descriptive_support_available
stress,high_tail_checkpoint,stock,AAOI,movement_consumed_bucket,HIGH,future_absolute_15m,1084,67,0.01282525142215639,0.009572148986128716,descriptive_support_available
stress,high_tail_checkpoint,stock,AAOI,movement_consumed_bucket,HIGH,post_share_of_local_range_v1,1084,67,0.40572651258357484,0.40158853761597657,descriptive_support_available
stress,high_tail_checkpoint,stock,APLD,phase,FIRST_ENTRY,future_absolute_10m,443,67,0.010724856446953758,0.008752791109594744,descriptive_support_available
stress,high_tail_checkpoint,stock,APLD,phase,FIRST_ENTRY,future_absolute_15m,443,67,0.012460549567309336,0.009175079440679,descriptive_support_available
stress,high_tail_checkpoint,stock,APLD,phase,FIRST_ENTRY,post_share_of_local_range_v1,443,67,0.4084087327412202,0.4065753778736918,descriptive_support_available
stress,high_tail_checkpoint,stock,APLD,phase,PERSISTENT,future_absolute_10m,594,57,0.010649799912445539,0.008378776952818287,descriptive_support_available
stress,high_tail_checkpoint,stock,APLD,phase,PERSISTENT,future_absolute_15m,594,57,0.013084359839769534,0.00993573546684435,descriptive_support_available
stress,high_tail_checkpoint,stock,APLD,phase,PERSISTENT,post_share_of_local_range_v1,594,57,0.41002306348532663,0.4028189016993129,descriptive_support_available
stress,high_tail_checkpoint,stock,APLD,phase,RE_ENTRY,future_absolute_10m,96,43,0.007819761393484002,0.004605285193517598,descriptive_support_available
stress,high_tail_checkpoint,stock,APLD,phase,RE_ENTRY,future_absolute_15m,96,43,0.009040446164847555,0.006751754004716568,descriptive_support_available
stress,high_tail_checkpoint,stock,APLD,phase,RE_ENTRY,post_share_of_local_range_v1,96,43,0.40275535217519204,0.40603830643381983,descriptive_support_available
stress,high_tail_checkpoint,stock,APLD,movement_consumed_bucket,LOW_OR_EQUAL,future_absolute_10m,35,22,0.006567753541739836,0.005687219839357399,descriptive_support_available
stress,high_tail_checkpoint,stock,APLD,movement_consumed_bucket,LOW_OR_EQUAL,future_absolute_15m,35,22,0.007189836959134404,0.005709640307220173,descriptive_support_available
stress,high_tail_checkpoint,stock,APLD,movement_consumed_bucket,LOW_OR_EQUAL,post_share_of_local_range_v1,35,22,0.5107986701942753,0.5148233676270675,descriptive_support_available
stress,high_tail_checkpoint,stock,APLD,movement_consumed_bucket,HIGH,future_absolute_10m,1098,67,0.01056276709818464,0.008293966953271264,descriptive_support_available
stress,high_tail_checkpoint,stock,APLD,movement_consumed_bucket,HIGH,future_absolute_15m,1098,67,0.012667005228958833,0.009493374075337069,descriptive_support_available
stress,high_tail_checkpoint,stock,APLD,movement_consumed_bucket,HIGH,post_share_of_local_range_v1,1098,67,0.405523978749238,0.401080315125968,descriptive_support_available
stress,high_tail_checkpoint,stock,ASTS,phase,FIRST_ENTRY,future_absolute_10m,436,67,0.010725818231316516,0.008499336057747185,descriptive_support_available
stress,high_tail_checkpoint,stock,ASTS,phase,FIRST_ENTRY,future_absolute_15m,436,67,0.012618609321194003,0.009305439054763465,descriptive_support_available
stress,high_tail_checkpoint,stock,ASTS,phase,FIRST_ENTRY,post_share_of_local_range_v1,436,67,0.4085783815083982,0.406472813061724,descriptive_support_available
stress,high_tail_checkpoint,stock,ASTS,phase,PERSISTENT,future_absolute_10m,578,56,0.01049892519915798,0.008192907967029128,descriptive_support_available
stress,high_tail_checkpoint,stock,ASTS,phase,PERSISTENT,future_absolute_15m,578,56,0.012941942405342868,0.009847991039156252,descriptive_support_available
stress,high_tail_checkpoint,stock,ASTS,phase,PERSISTENT,post_share_of_local_range_v1,578,56,0.4103626550725123,0.4032838658902537,descriptive_support_available
stress,high_tail_checkpoint,stock,ASTS,phase,RE_ENTRY,future_absolute_10m,96,42,0.008055209803047298,0.004605285193517598,descriptive_support_available
stress,high_tail_checkpoint,stock,ASTS,phase,RE_ENTRY,future_absolute_15m,96,42,0.009228006166393203,0.006751754004716568,descriptive_support_available
stress,high_tail_checkpoint,stock,ASTS,phase,RE_ENTRY,post_share_of_local_range_v1,96,42,0.4020867671048222,0.40603830643381983,descriptive_support_available
stress,high_tail_checkpoint,stock,ASTS,movement_consumed_bucket,LOW_OR_EQUAL,future_absolute_10m,35,22,0.006567753541739836,0.005687219839357399,descriptive_support_available
stress,high_tail_checkpoint,stock,ASTS,movement_consumed_bucket,LOW_OR_EQUAL,future_absolute_15m,35,22,0.007189836959134404,0.005709640307220173,descriptive_support_available
stress,high_tail_checkpoint,stock,ASTS,movement_consumed_bucket,LOW_OR_EQUAL,post_share_of_local_range_v1,35,22,0.5107986701942753,0.5148233676270675,descriptive_support_available
stress,high_tail_checkpoint,stock,ASTS,movement_consumed_bucket,HIGH,future_absolute_10m,1075,67,0.010500710959161821,0.008060073215370282,descriptive_support_available
stress,high_tail_checkpoint,stock,ASTS,movement_consumed_bucket,HIGH,future_absolute_15m,1075,67,0.012666419230449125,0.009513354204658788,descriptive_support_available
stress,high_tail_checkpoint,stock,ASTS,movement_consumed_bucket,HIGH,post_share_of_local_range_v1,1075,67,0.40562992107426704,0.401984641023802,descriptive_support_available
stress,high_tail_checkpoint,stock,CIFR,phase,FIRST_ENTRY,future_absolute_10m,420,67,0.010461934065630651,0.008533335966070543,descriptive_support_available
stress,high_tail_checkpoint,stock,CIFR,phase,FIRST_ENTRY,future_absolute_15m,420,67,0.01222547196553019,0.009305439054763465,descriptive_support_available
stress,high_tail_checkpoint,stock,CIFR,phase,FIRST_ENTRY,post_share_of_local_range_v1,420,67,0.40575655568229396,0.4026175241457586,descriptive_support_available
stress,high_tail_checkpoint,stock,CIFR,phase,PERSISTENT,future_absolute_10m,523,56,0.01024228178367605,0.00819234494338547,descriptive_support_available
stress,high_tail_checkpoint,stock,CIFR,phase,PERSISTENT,future_absolute_15m,523,56,0.012595008579270654,0.009675266860725621,descriptive_support_available
stress,high_tail_checkpoint,stock,CIFR,phase,PERSISTENT,post_share_of_local_range_v1,523,56,0.4124640102373759,0.40483343862156,descriptive_support_available
stress,high_tail_checkpoint,stock,CIFR,phase,RE_ENTRY,future_absolute_10m,82,38,0.007695329647292297,0.004567053525475704,descriptive_support_available
stress,high_tail_checkpoint,stock,CIFR,phase,RE_ENTRY,future_absolute_15m,82,38,0.009002684242169854,0.006677902236866949,descriptive_support_available
stress,high_tail_checkpoint,stock,CIFR,phase,RE_ENTRY,post_share_of_local_range_v1,82,38,0.3979374098055741,0.410121437250011,descriptive_support_available
stress,high_tail_checkpoint,stock,CIFR,movement_consumed_bucket,LOW_OR_EQUAL,future_absolute_10m,33,21,0.006064982281696351,0.005007911931657433,descriptive_support_available
stress,high_tail_checkpoint,stock,CIFR,movement_consumed_bucket,LOW_OR_EQUAL,future_absolute_15m,33,21,0.006807409197091683,0.005644923420865041,descriptive_support_available
stress,high_tail_checkpoint,stock,CIFR,movement_consumed_bucket,LOW_OR_EQUAL,post_share_of_local_range_v1,33,21,0.5098654469675651,0.5148233676270675,descriptive_support_available
stress,high_tail_checkpoint,stock,CIFR,movement_consumed_bucket,HIGH,future_absolute_10m,992,67,0.010263707959888546,0.008052584881593734,descriptive_support_available
stress,high_tail_checkpoint,stock,CIFR,movement_consumed_bucket,HIGH,future_absolute_15m,992,67,0.012334136408099935,0.009421086532593069,descriptive_support_available
stress,high_tail_checkpoint,stock,CIFR,movement_consumed_bucket,HIGH,post_share_of_local_range_v1,992,67,0.4051832042286679,0.40057150609816206,descriptive_support_available
stress,high_tail_checkpoint,stock,HIMS,phase,FIRST_ENTRY,future_absolute_10m,440,67,0.010840456599805922,0.008975733512496333,descriptive_support_available
stress,high_tail_checkpoint,stock,HIMS,phase,FIRST_ENTRY,future_absolute_15m,440,67,0.01277675102303887,0.009383536930502184,descriptive_support_available
stress,high_tail_checkpoint,stock,HIMS,phase,FIRST_ENTRY,post_share_of_local_range_v1,440,67,0.40903751128027865,0.40706179098178596,descriptive_support_available
stress,high_tail_checkpoint,stock,HIMS,phase,PERSISTENT,future_absolute_10m,586,56,0.010710086003413933,0.008533935348220924,descriptive_support_available
stress,high_tail_checkpoint,stock,HIMS,phase,PERSISTENT,future_absolute_15m,586,56,0.013094158201941257,0.010007235561228518,descriptive_support_available
stress,high_tail_checkpoint,stock,HIMS,phase,PERSISTENT,post_share_of_local_range_v1,586,56,0.4108907081043227,0.4036657508362016,descriptive_support_available
stress,high_tail_checkpoint,stock,HIMS,phase,RE_ENTRY,future_absolute_10m,96,42,0.008033867727741076,0.004605285193517598,descriptive_support_available
stress,high_tail_checkpoint,stock,HIMS,phase,RE_ENTRY,future_absolute_15m,96,42,0.009330672472999273,0.0069315709189767625,descriptive_support_available
stress,high_tail_checkpoint,stock,HIMS,phase,RE_ENTRY,post_share_of_local_range_v1,96,42,0.4045863317712654,0.410121437250011,descriptive_support_available
stress,high_tail_checkpoint,stock,HIMS,movement_consumed_bucket,LOW_OR_EQUAL,future_absolute_10m,35,22,0.006567753541739836,0.005687219839357399,descriptive_support_available
stress,high_tail_checkpoint,stock,HIMS,movement_consumed_bucket,LOW_OR_EQUAL,future_absolute_15m,35,22,0.007189836959134404,0.005709640307220173,descriptive_support_available
stress,high_tail_checkpoint,stock,HIMS,movement_consumed_bucket,LOW_OR_EQUAL,post_share_of_local_range_v1,35,22,0.5107986701942753,0.5148233676270675,descriptive_support_available
stress,high_tail_checkpoint,stock,HIMS,movement_consumed_bucket,HIGH,future_absolute_10m,1087,67,0.01065988153617058,0.008439516002485964,descriptive_support_available
stress,high_tail_checkpoint,stock,HIMS,movement_consumed_bucket,HIGH,future_absolute_15m,1087,67,0.012823410690260263,0.00961237425298834,descriptive_support_available
stress,high_tail_checkpoint,stock,HIMS,movement_consumed_bucket,HIGH,post_share_of_local_range_v1,1087,67,0.4063668760861983,0.40275077218741867,descriptive_support_available
stress,high_tail_checkpoint,stock,IONQ,phase,FIRST_ENTRY,future_absolute_10m,432,67,0.010824691049757784,0.008821305557262241,descriptive_support_available
stress,high_tail_checkpoint,stock,IONQ,phase,FIRST_ENTRY,future_absolute_15m,432,67,0.012698526439731357,0.009310237261446176,descriptive_support_available
stress,high_tail_checkpoint,stock,IONQ,phase,FIRST_ENTRY,post_share_of_local_range_v1,432,67,0.4071730640460459,0.40662976995558237,descriptive_support_available
stress,high_tail_checkpoint,stock,IONQ,phase,PERSISTENT,future_absolute_10m,579,57,0.010723904209361671,0.008439516002485964,descriptive_support_available
stress,high_tail_checkpoint,stock,IONQ,phase,PERSISTENT,future_absolute_15m,579,57,0.013158407648027321,0.01000228676722707,descriptive_support_available
stress,high_tail_checkpoint,stock,IONQ,phase,PERSISTENT,post_share_of_local_range_v1,579,57,0.4097105729222253,0.402173276313911,descriptive_support_available
stress,high_tail_checkpoint,stock,IONQ,phase,RE_ENTRY,future_absolute_10m,97,43,0.00804184390522181,0.0046356852968385265,descriptive_support_available
stress,high_tail_checkpoint,stock,IONQ,phase,RE_ENTRY,future_absolute_15m,97,43,0.009279115796481994,0.006751846584729133,descriptive_support_available
stress,high_tail_checkpoint,stock,IONQ,phase,RE_ENTRY,post_share_of_local_range_v1,97,43,0.4033711576744279,0.4087694151396106,descriptive_support_available
stress,high_tail_checkpoint,stock,IONQ,movement_consumed_bucket,LOW_OR_EQUAL,future_absolute_10m,35,22,0.006567753541739836,0.005687219839357399,descriptive_support_available
stress,high_tail_checkpoint,stock,IONQ,movement_consumed_bucket,LOW_OR_EQUAL,future_absolute_15m,35,22,0.007189836959134404,0.005709640307220173,descriptive_support_available
stress,high_tail_checkpoint,stock,IONQ,movement_consumed_bucket,LOW_OR_EQUAL,post_share_of_local_range_v1,35,22,0.5107986701942753,0.5148233676270675,descriptive_support_available
stress,high_tail_checkpoint,stock,IONQ,movement_consumed_bucket,HIGH,future_absolute_10m,1073,67,0.010657590452526925,0.008358518440372586,descriptive_support_available
stress,high_tail_checkpoint,stock,IONQ,movement_consumed_bucket,HIGH,future_absolute_15m,1073,67,0.01281725199334652,0.00956466077555431,descriptive_support_available
stress,high_tail_checkpoint,stock,IONQ,movement_consumed_bucket,HIGH,post_share_of_local_range_v1,1073,67,0.40481848483455746,0.40059178823512903,descriptive_support_available
stress,high_tail_checkpoint,stock,IREN,phase,FIRST_ENTRY,future_absolute_10m,411,67,0.010665779164237315,0.008752791109594744,descriptive_support_available
stress,high_tail_checkpoint,stock,IREN,phase,FIRST_ENTRY,future_absolute_15m,411,67,0.012469893082667783,0.009175079440679,descriptive_support_available
stress,high_tail_checkpoint,stock,IREN,phase,FIRST_ENTRY,post_share_of_local_range_v1,411,67,0.40671571426654846,0.40275077218741867,descriptive_support_available
stress,high_tail_checkpoint,stock,IREN,phase,PERSISTENT,future_absolute_10m,538,55,0.01048790703539251,0.008099015089326863,descriptive_support_available
stress,high_tail_checkpoint,stock,IREN,phase,PERSISTENT,future_absolute_15m,538,55,0.012849749235368598,0.009616000687748412,descriptive_support_available
stress,high_tail_checkpoint,stock,IREN,phase,PERSISTENT,post_share_of_local_range_v1,538,55,0.40976794689868384,0.4028189016993129,descriptive_support_available
stress,high_tail_checkpoint,stock,IREN,phase,RE_ENTRY,future_absolute_10m,88,43,0.008023755108311128,0.004605285193517598,descriptive_support_available
stress,high_tail_checkpoint,stock,IREN,phase,RE_ENTRY,future_absolute_15m,88,43,0.009438473947629956,0.0069315709189767625,descriptive_support_available
stress,high_tail_checkpoint,stock,IREN,phase,RE_ENTRY,post_share_of_local_range_v1,88,43,0.40333874169346245,0.4108857321514159,descriptive_support_available
stress,high_tail_checkpoint,stock,IREN,movement_consumed_bucket,LOW_OR_EQUAL,future_absolute_10m,34,22,0.006381063121351189,0.005347565885507416,descriptive_support_available
stress,high_tail_checkpoint,stock,IREN,movement_consumed_bucket,LOW_OR_EQUAL,future_absolute_15m,34,22,0.006933017056047046,0.005677281864042608,descriptive_support_available
stress,high_tail_checkpoint,stock,IREN,movement_consumed_bucket,LOW_OR_EQUAL,post_share_of_local_range_v1,34,22,0.5071032468895416,0.5137646889156353,descriptive_support_available
stress,high_tail_checkpoint,stock,IREN,movement_consumed_bucket,HIGH,future_absolute_10m,1003,67,0.0104838120886821,0.008076654362784501,descriptive_support_available
stress,high_tail_checkpoint,stock,IREN,movement_consumed_bucket,HIGH,future_absolute_15m,1003,67,0.012595368168584847,0.00939562188974377,descriptive_support_available
stress,high_tail_checkpoint,stock,IREN,movement_consumed_bucket,HIGH,post_share_of_local_range_v1,1003,67,0.4046536519140813,0.4004635588732309,descriptive_support_available
stress,high_tail_checkpoint,stock,MARA,phase,FIRST_ENTRY,future_absolute_10m,434,67,0.010859810642808478,0.00872898016846282,descriptive_support_available
stress,high_tail_checkpoint,stock,MARA,phase,FIRST_ENTRY,future_absolute_15m,434,67,0.012795717405253822,0.009305494411115608,descriptive_support_available
stress,high_tail_checkpoint,stock,MARA,phase,FIRST_ENTRY,post_share_of_local_range_v1,434,67,0.4088865689341379,0.406472813061724,descriptive_support_available
stress,high_tail_checkpoint,stock,MARA,phase,PERSISTENT,future_absolute_10m,593,57,0.010666556593798534,0.00839903546526399,descriptive_support_available
stress,high_tail_checkpoint,stock,MARA,phase,PERSISTENT,future_absolute_15m,593,57,0.013096101191448967,0.01000228676722707,descriptive_support_available
stress,high_tail_checkpoint,stock,MARA,phase,PERSISTENT,post_share_of_local_range_v1,593,57,0.4100668627023922,0.40308787453147316,descriptive_support_available
stress,high_tail_checkpoint,stock,MARA,phase,RE_ENTRY,future_absolute_10m,94,42,0.008250136901765784,0.00486722695203781,descriptive_support_available
stress,high_tail_checkpoint,stock,MARA,phase,RE_ENTRY,future_absolute_15m,94,42,0.009493816533762854,0.007308622388882168,descriptive_support_available
stress,high_tail_checkpoint,stock,MARA,phase,RE_ENTRY,post_share_of_local_range_v1,94,42,0.4043420789528353,0.410121437250011,descriptive_support_available
stress,high_tail_checkpoint,stock,MARA,movement_consumed_bucket,LOW_OR_EQUAL,future_absolute_10m,35,22,0.006567753541739836,0.005687219839357399,descriptive_support_available
stress,high_tail_checkpoint,stock,MARA,movement_consumed_bucket,LOW_OR_EQUAL,future_absolute_15m,35,22,0.007189836959134404,0.005709640307220173,descriptive_support_available
stress,high_tail_checkpoint,stock,MARA,movement_consumed_bucket,LOW_OR_EQUAL,post_share_of_local_range_v1,35,22,0.5107986701942753,0.5148233676270675,descriptive_support_available
stress,high_tail_checkpoint,stock,MARA,movement_consumed_bucket,HIGH,future_absolute_10m,1086,67,0.010666728705254603,0.008366714025731784,descriptive_support_available
stress,high_tail_checkpoint,stock,MARA,movement_consumed_bucket,HIGH,future_absolute_15m,1086,67,0.012854607569993924,0.009581275745430926,descriptive_support_available
stress,high_tail_checkpoint,stock,MARA,movement_consumed_bucket,HIGH,post_share_of_local_range_v1,1086,67,0.40585324352182434,0.40158853761597657,descriptive_support_available
stress,high_tail_checkpoint,stock,MP,phase,FIRST_ENTRY,future_absolute_10m,409,67,0.010940211855682705,0.00908436479951725,descriptive_support_available
stress,high_tail_checkpoint,stock,MP,phase,FIRST_ENTRY,future_absolute_15m,409,67,0.013035853989047948,0.009920905472828135,descriptive_support_available
stress,high_tail_checkpoint,stock,MP,phase,FIRST_ENTRY,post_share_of_local_range_v1,409,67,0.4070134873205451,0.4049408515468046,descriptive_support_available
stress,high_tail_checkpoint,stock,MP,phase,PERSISTENT,future_absolute_10m,453,51,0.011055080355151922,0.00871736637686811,descriptive_support_available
stress,high_tail_checkpoint,stock,MP,phase,PERSISTENT,future_absolute_15m,453,51,0.013731863583351505,0.010849645860603139,descriptive_support_available
stress,high_tail_checkpoint,stock,MP,phase,PERSISTENT,post_share_of_local_range_v1,453,51,0.40685962969045664,0.3995111334069912,descriptive_support_available
stress,high_tail_checkpoint,stock,MP,phase,RE_ENTRY,future_absolute_10m,83,40,0.008378460454476681,0.004796172263493055,descriptive_support_available
stress,high_tail_checkpoint,stock,MP,phase,RE_ENTRY,future_absolute_15m,83,40,0.009407661558175384,0.006535970979785449,descriptive_support_available
stress,high_tail_checkpoint,stock,MP,phase,RE_ENTRY,post_share_of_local_range_v1,83,40,0.40802861196425716,0.41147345936041135,descriptive_support_available
stress,high_tail_checkpoint,stock,MP,movement_consumed_bucket,LOW_OR_EQUAL,future_absolute_10m,16,15,0.005928663633758994,0.0048850040648733516,blocked_insufficient_support
stress,high_tail_checkpoint,stock,MP,movement_consumed_bucket,LOW_OR_EQUAL,future_absolute_15m,16,15,0.007366520841139573,0.005514362999267259,blocked_insufficient_support
stress,high_tail_checkpoint,stock,MP,movement_consumed_bucket,LOW_OR_EQUAL,post_share_of_local_range_v1,16,15,0.5092172599122543,0.526336117214945,blocked_insufficient_support
stress,high_tail_checkpoint,stock,MP,movement_consumed_bucket,HIGH,future_absolute_10m,929,67,0.010853661624800287,0.0087051692273309,descriptive_support_available
stress,high_tail_checkpoint,stock,MP,movement_consumed_bucket,HIGH,future_absolute_15m,929,67,0.013148729882291888,0.010010120965696524,descriptive_support_available
stress,high_tail_checkpoint,stock,MP,movement_consumed_bucket,HIGH,post_share_of_local_range_v1,929,67,0.4052689205579301,0.400551223961195,descriptive_support_available
stress,high_tail_checkpoint,stock,MRNA,phase,FIRST_ENTRY,future_absolute_10m,444,67,0.010966620647540334,0.009013615801701421,descriptive_support_available
stress,high_tail_checkpoint,stock,MRNA,phase,FIRST_ENTRY,future_absolute_15m,444,67,0.012853433663574741,0.009637410000673922,descriptive_support_available
stress,high_tail_checkpoint,stock,MRNA,phase,FIRST_ENTRY,post_share_of_local_range_v1,444,67,0.40956210104338187,0.4069428211466541,descriptive_support_available
stress,high_tail_checkpoint,stock,MRNA,phase,PERSISTENT,future_absolute_10m,589,57,0.0106859573991859,0.00839903546526399,descriptive_support_available
stress,high_tail_checkpoint,stock,MRNA,phase,PERSISTENT,future_absolute_15m,589,57,0.013126309828972858,0.010012184355229966,descriptive_support_available
stress,high_tail_checkpoint,stock,MRNA,phase,PERSISTENT,post_share_of_local_range_v1,589,57,0.4101997652064783,0.4025499288671526,descriptive_support_available
stress,high_tail_checkpoint,stock,MRNA,phase,RE_ENTRY,future_absolute_10m,96,43,0.008114268792662284,0.004715928780165791,descriptive_support_available
stress,high_tail_checkpoint,stock,MRNA,phase,RE_ENTRY,future_absolute_15m,96,43,0.009371408422685258,0.0069315709189767625,descriptive_support_available
stress,high_tail_checkpoint,stock,MRNA,phase,RE_ENTRY,post_share_of_local_range_v1,96,43,0.40257620862039073,0.40603830643381983,descriptive_support_available
stress,high_tail_checkpoint,stock,MRNA,movement_consumed_bucket,LOW_OR_EQUAL,future_absolute_10m,33,22,0.006882229013979567,0.0057511214255331925,descriptive_support_available
stress,high_tail_checkpoint,stock,MRNA,movement_consumed_bucket,LOW_OR_EQUAL,future_absolute_15m,33,22,0.007574811123615345,0.006551467794125938,descriptive_support_available
stress,high_tail_checkpoint,stock,MRNA,movement_consumed_bucket,LOW_OR_EQUAL,post_share_of_local_range_v1,33,22,0.5186719283384758,0.5238603068904668,descriptive_support_available
stress,high_tail_checkpoint,stock,MRNA,movement_consumed_bucket,HIGH,future_absolute_10m,1096,67,0.010688927666298044,0.008448709302576358,descriptive_support_available
stress,high_tail_checkpoint,stock,MRNA,movement_consumed_bucket,HIGH,future_absolute_15m,1096,67,0.012854021420976894,0.009662176971031857,descriptive_support_available
stress,high_tail_checkpoint,stock,MRNA,movement_consumed_bucket,HIGH,post_share_of_local_range_v1,1096,67,0.4060076432137455,0.40158853761597657,descriptive_support_available
stress,high_tail_checkpoint,stock,MSTR,phase,FIRST_ENTRY,future_absolute_10m,447,67,0.010835935012078352,0.00877264049438756,descriptive_support_available
stress,high_tail_checkpoint,stock,MSTR,phase,FIRST_ENTRY,future_absolute_15m,447,67,0.012679707421228007,0.00931029261779832,descriptive_support_available
stress,high_tail_checkpoint,stock,MSTR,phase,FIRST_ENTRY,post_share_of_local_range_v1,447,67,0.4076086420159935,0.40562589683103883,descriptive_support_available
stress,high_tail_checkpoint,stock,MSTR,phase,PERSISTENT,future_absolute_10m,591,57,0.010641094415011083,0.008358518440372586,descriptive_support_available
stress,high_tail_checkpoint,stock,MSTR,phase,PERSISTENT,future_absolute_15m,591,57,0.013077756900139771,0.01000228676722707,descriptive_support_available
stress,high_tail_checkpoint,stock,MSTR,phase,PERSISTENT,post_share_of_local_range_v1,591,57,0.41011935277528816,0.40308787453147316,descriptive_support_available
stress,high_tail_checkpoint,stock,MSTR,phase,RE_ENTRY,future_absolute_10m,96,42,0.008098318042264269,0.004715928780165791,descriptive_support_available
stress,high_tail_checkpoint,stock,MSTR,phase,RE_ENTRY,future_absolute_15m,96,42,0.00935998653838522,0.0069315709189767625,descriptive_support_available
stress,high_tail_checkpoint,stock,MSTR,phase,RE_ENTRY,post_share_of_local_range_v1,96,42,0.403711596437543,0.410121437250011,descriptive_support_available
stress,high_tail_checkpoint,stock,MSTR,movement_consumed_bucket,LOW_OR_EQUAL,future_absolute_10m,35,22,0.006567753541739836,0.005687219839357399,descriptive_support_available
stress,high_tail_checkpoint,stock,MSTR,movement_consumed_bucket,LOW_OR_EQUAL,future_absolute_15m,35,22,0.007189836959134404,0.005709640307220173,descriptive_support_available
stress,high_tail_checkpoint,stock,MSTR,movement_consumed_bucket,LOW_OR_EQUAL,post_share_of_local_range_v1,35,22,0.5107986701942753,0.5148233676270675,descriptive_support_available
stress,high_tail_checkpoint,stock,MSTR,movement_consumed_bucket,HIGH,future_absolute_10m,1099,67,0.010627949870579663,0.008358518440372586,descriptive_support_available
stress,high_tail_checkpoint,stock,MSTR,movement_consumed_bucket,HIGH,future_absolute_15m,1099,67,0.012778615067685897,0.009579637196703121,descriptive_support_available
stress,high_tail_checkpoint,stock,MSTR,movement_consumed_bucket,HIGH,post_share_of_local_range_v1,1099,67,0.4053320839604631,0.4009681960437848,descriptive_support_available
stress,high_tail_checkpoint,stock,NVTS,phase,FIRST_ENTRY,future_absolute_10m,415,67,0.010777951195758723,0.00877264049438756,descriptive_support_available
stress,high_tail_checkpoint,stock,NVTS,phase,FIRST_ENTRY,future_absolute_15m,415,67,0.012506752940994207,0.009300696204432897,descriptive_support_available
stress,high_tail_checkpoint,stock,NVTS,phase,FIRST_ENTRY,post_share_of_local_range_v1,415,67,0.408434680980676,0.40692210170773674,descriptive_support_available
stress,high_tail_checkpoint,stock,NVTS,phase,PERSISTENT,future_absolute_10m,479,57,0.010334038744736405,0.008100061896208594,descriptive_support_available
stress,high_tail_checkpoint,stock,NVTS,phase,PERSISTENT,future_absolute_15m,479,57,0.01257008247933008,0.009681275361111056,descriptive_support_available
stress,high_tail_checkpoint,stock,NVTS,phase,PERSISTENT,post_share_of_local_range_v1,479,57,0.4093962504422068,0.402173276313911,descriptive_support_available
stress,high_tail_checkpoint,stock,NVTS,phase,RE_ENTRY,future_absolute_10m,80,40,0.007533147009126137,0.004544141353599046,descriptive_support_available
stress,high_tail_checkpoint,stock,NVTS,phase,RE_ENTRY,future_absolute_15m,80,40,0.008671668297896628,0.006677902236866949,descriptive_support_available
stress,high_tail_checkpoint,stock,NVTS,phase,RE_ENTRY,post_share_of_local_range_v1,80,40,0.4028665555424428,0.40603830643381983,descriptive_support_available
stress,high_tail_checkpoint,stock,NVTS,movement_consumed_bucket,LOW_OR_EQUAL,future_absolute_10m,28,16,0.007247758174041999,0.006461672527457913,blocked_insufficient_support
stress,high_tail_checkpoint,stock,NVTS,movement_consumed_bucket,LOW_OR_EQUAL,future_absolute_15m,28,16,0.007481806528228082,0.0060981956074954895,blocked_insufficient_support
stress,high_tail_checkpoint,stock,NVTS,movement_consumed_bucket,LOW_OR_EQUAL,post_share_of_local_range_v1,28,16,0.5109882604431542,0.5137646889156353,blocked_insufficient_support
stress,high_tail_checkpoint,stock,NVTS,movement_consumed_bucket,HIGH,future_absolute_10m,946,67,0.010383265155206682,0.008068363789077392,descriptive_support_available
stress,high_tail_checkpoint,stock,NVTS,movement_consumed_bucket,HIGH,future_absolute_15m,946,67,0.012363229238005336,0.009356762619358118,descriptive_support_available
stress,high_tail_checkpoint,stock,NVTS,movement_consumed_bucket,HIGH,post_share_of_local_range_v1,946,67,0.40541527454522686,0.4012882146294655,descriptive_support_available
stress,high_tail_checkpoint,stock,QBTS,phase,FIRST_ENTRY,future_absolute_10m,425,66,0.010550126854187165,0.008414621225182817,descriptive_support_available
stress,high_tail_checkpoint,stock,QBTS,phase,FIRST_ENTRY,future_absolute_15m,425,66,0.012421202582200648,0.009175079440679,descriptive_support_available
stress,high_tail_checkpoint,stock,QBTS,phase,FIRST_ENTRY,post_share_of_local_range_v1,425,66,0.4064450026444289,0.40562589683103883,descriptive_support_available
stress,high_tail_checkpoint,stock,QBTS,phase,PERSISTENT,future_absolute_10m,573,55,0.0106564923621357,0.008342071317395273,descriptive_support_available
stress,high_tail_checkpoint,stock,QBTS,phase,PERSISTENT,future_absolute_15m,573,55,0.013117883039673763,0.009856257875572075,descriptive_support_available
stress,high_tail_checkpoint,stock,QBTS,phase,PERSISTENT,post_share_of_local_range_v1,573,55,0.41014979086751624,0.403342364290323,descriptive_support_available
stress,high_tail_checkpoint,stock,QBTS,phase,RE_ENTRY,future_absolute_10m,96,42,0.008080123456387723,0.004715928780165791,descriptive_support_available
stress,high_tail_checkpoint,stock,QBTS,phase,RE_ENTRY,future_absolute_15m,96,42,0.009272587913601367,0.006751754004716568,descriptive_support_available
stress,high_tail_checkpoint,stock,QBTS,phase,RE_ENTRY,post_share_of_local_range_v1,96,42,0.40316492935425446,0.40603830643381983,descriptive_support_available
stress,high_tail_checkpoint,stock,QBTS,movement_consumed_bucket,LOW_OR_EQUAL,future_absolute_10m,35,22,0.006567753541739836,0.005687219839357399,descriptive_support_available
stress,high_tail_checkpoint,stock,QBTS,movement_consumed_bucket,LOW_OR_EQUAL,future_absolute_15m,35,22,0.007189836959134404,0.005709640307220173,descriptive_support_available
stress,high_tail_checkpoint,stock,QBTS,movement_consumed_bucket,LOW_OR_EQUAL,post_share_of_local_range_v1,35,22,0.5107986701942753,0.5148233676270675,descriptive_support_available
stress,high_tail_checkpoint,stock,QBTS,movement_consumed_bucket,HIGH,future_absolute_10m,1059,66,0.01051538669913657,0.008076654362784501,descriptive_support_available
stress,high_tail_checkpoint,stock,QBTS,movement_consumed_bucket,HIGH,future_absolute_15m,1059,66,0.0126856300522232,0.009488247901057546,descriptive_support_available
stress,high_tail_checkpoint,stock,QBTS,movement_consumed_bucket,HIGH,post_share_of_local_range_v1,1059,66,0.40470333904832656,0.40059178823512903,descriptive_support_available
stress,high_tail_checkpoint,stock,RGTI,phase,FIRST_ENTRY,future_absolute_10m,444,67,0.01051790892823883,0.008585663082991033,descriptive_support_available
stress,high_tail_checkpoint,stock,RGTI,phase,FIRST_ENTRY,future_absolute_15m,444,67,0.012497569807896796,0.009293691278332818,descriptive_support_available
stress,high_tail_checkpoint,stock,RGTI,phase,FIRST_ENTRY,post_share_of_local_range_v1,444,67,0.4077085194100855,0.40599807254039755,descriptive_support_available
stress,high_tail_checkpoint,stock,RGTI,phase,PERSISTENT,future_absolute_10m,585,57,0.010658286934605812,0.00839903546526399,descriptive_support_available
stress,high_tail_checkpoint,stock,RGTI,phase,PERSISTENT,future_absolute_15m,585,57,0.013041359342978015,0.00983972420274043,descriptive_support_available
stress,high_tail_checkpoint,stock,RGTI,phase,PERSISTENT,post_share_of_local_range_v1,585,57,0.40961228602716737,0.4025499288671526,descriptive_support_available
stress,high_tail_checkpoint,stock,RGTI,phase,RE_ENTRY,future_absolute_10m,96,43,0.008063993494532094,0.004605285193517598,descriptive_support_available
stress,high_tail_checkpoint,stock,RGTI,phase,RE_ENTRY,future_absolute_15m,96,43,0.009290398398214515,0.006751754004716568,descriptive_support_available
stress,high_tail_checkpoint,stock,RGTI,phase,RE_ENTRY,post_share_of_local_range_v1,96,43,0.40325200909834,0.40603830643381983,descriptive_support_available
stress,high_tail_checkpoint,stock,RGTI,movement_consumed_bucket,LOW_OR_EQUAL,future_absolute_10m,35,22,0.006567753541739836,0.005687219839357399,descriptive_support_available
stress,high_tail_checkpoint,stock,RGTI,movement_consumed_bucket,LOW_OR_EQUAL,future_absolute_15m,35,22,0.007189836959134404,0.005709640307220173,descriptive_support_available
stress,high_tail_checkpoint,stock,RGTI,movement_consumed_bucket,LOW_OR_EQUAL,post_share_of_local_range_v1,35,22,0.5107986701942753,0.5148233676270675,descriptive_support_available
stress,high_tail_checkpoint,stock,RGTI,movement_consumed_bucket,HIGH,future_absolute_10m,1090,67,0.01050396460770333,0.008293966953271264,descriptive_support_available
stress,high_tail_checkpoint,stock,RGTI,movement_consumed_bucket,HIGH,future_absolute_15m,1090,67,0.012677385470648811,0.009493374075337069,descriptive_support_available
stress,high_tail_checkpoint,stock,RGTI,movement_consumed_bucket,HIGH,post_share_of_local_range_v1,1090,67,0.4050275315234971,0.40057150609816206,descriptive_support_available
stress,high_tail_checkpoint,stock,RIOT,phase,FIRST_ENTRY,future_absolute_10m,439,67,0.010663810045812402,0.008615388886006272,descriptive_support_available
stress,high_tail_checkpoint,stock,RIOT,phase,FIRST_ENTRY,future_absolute_15m,439,67,0.012578597286505039,0.00916516644087379,descriptive_support_available
stress,high_tail_checkpoint,stock,RIOT,phase,FIRST_ENTRY,post_share_of_local_range_v1,439,67,0.4065260245486396,0.4032664445601065,descriptive_support_available
stress,high_tail_checkpoint,stock,RIOT,phase,PERSISTENT,future_absolute_10m,579,57,0.010627574501644053,0.008323550410813733,descriptive_support_available
stress,high_tail_checkpoint,stock,RIOT,phase,PERSISTENT,future_absolute_15m,579,57,0.013137365833012234,0.010012184355229966,descriptive_support_available
stress,high_tail_checkpoint,stock,RIOT,phase,PERSISTENT,post_share_of_local_range_v1,579,57,0.4100623660104609,0.40322536749018445,descriptive_support_available
stress,high_tail_checkpoint,stock,RIOT,phase,RE_ENTRY,future_absolute_10m,95,43,0.008039639946659212,0.0046356852968385265,descriptive_support_available
stress,high_tail_checkpoint,stock,RIOT,phase,RE_ENTRY,future_absolute_15m,95,43,0.009226349339882546,0.006751846584729133,descriptive_support_available
stress,high_tail_checkpoint,stock,RIOT,phase,RE_ENTRY,post_share_of_local_range_v1,95,43,0.40259939531413813,0.4087694151396106,descriptive_support_available
stress,high_tail_checkpoint,stock,RIOT,movement_consumed_bucket,LOW_OR_EQUAL,future_absolute_10m,34,21,0.006310705889302837,0.005347565885507416,descriptive_support_available
stress,high_tail_checkpoint,stock,RIOT,movement_consumed_bucket,LOW_OR_EQUAL,future_absolute_15m,34,21,0.0067299181013404635,0.005677281864042608,descriptive_support_available
stress,high_tail_checkpoint,stock,RIOT,movement_consumed_bucket,LOW_OR_EQUAL,post_share_of_local_range_v1,34,21,0.507933785917613,0.5137646889156353,descriptive_support_available
stress,high_tail_checkpoint,stock,RIOT,movement_consumed_bucket,HIGH,future_absolute_10m,1079,67,0.010550491233790435,0.00819234494338547,descriptive_support_available
stress,high_tail_checkpoint,stock,RIOT,movement_consumed_bucket,HIGH,future_absolute_15m,1079,67,0.01276758572560988,0.009513354204658788,descriptive_support_available
stress,high_tail_checkpoint,stock,RIOT,movement_consumed_bucket,HIGH,post_share_of_local_range_v1,1079,67,0.4048825102229416,0.400539857243507,descriptive_support_available
stress,high_tail_checkpoint,stock,RIVN,phase,FIRST_ENTRY,future_absolute_10m,430,67,0.011033855639514329,0.009013615801701421,descriptive_support_available
stress,high_tail_checkpoint,stock,RIVN,phase,FIRST_ENTRY,future_absolute_15m,430,67,0.012966160062909472,0.009831667595545678,descriptive_support_available
stress,high_tail_checkpoint,stock,RIVN,phase,FIRST_ENTRY,post_share_of_local_range_v1,430,67,0.4077405447493882,0.40599807254039755,descriptive_support_available
stress,high_tail_checkpoint,stock,RIVN,phase,PERSISTENT,future_absolute_10m,574,57,0.010726424888265872,0.008419275733874977,descriptive_support_available
stress,high_tail_checkpoint,stock,RIVN,phase,PERSISTENT,future_absolute_15m,574,57,0.013162173533667946,0.009862721021016853,descriptive_support_available
stress,high_tail_checkpoint,stock,RIVN,phase,PERSISTENT,post_share_of_local_range_v1,574,57,0.4092839956655589,0.40231020975211396,descriptive_support_available
stress,high_tail_checkpoint,stock,RIVN,phase,RE_ENTRY,future_absolute_10m,91,42,0.008298722780037073,0.0046356852968385265,descriptive_support_available
stress,high_tail_checkpoint,stock,RIVN,phase,RE_ENTRY,future_absolute_15m,91,42,0.009610887139670704,0.008150453206531712,descriptive_support_available
stress,high_tail_checkpoint,stock,RIVN,phase,RE_ENTRY,post_share_of_local_range_v1,91,42,0.4038269221257597,0.40330719772802903,descriptive_support_available
stress,high_tail_checkpoint,stock,RIVN,movement_consumed_bucket,LOW_OR_EQUAL,future_absolute_10m,35,22,0.006567753541739836,0.005687219839357399,descriptive_support_available
stress,high_tail_checkpoint,stock,RIVN,movement_consumed_bucket,LOW_OR_EQUAL,future_absolute_15m,35,22,0.007189836959134404,0.005709640307220173,descriptive_support_available
stress,high_tail_checkpoint,stock,RIVN,movement_consumed_bucket,LOW_OR_EQUAL,post_share_of_local_range_v1,35,22,0.5107986701942753,0.5148233676270675,descriptive_support_available
stress,high_tail_checkpoint,stock,RIVN,movement_consumed_bucket,HIGH,future_absolute_10m,1060,67,0.010780036047054955,0.008533335966070543,descriptive_support_available
stress,high_tail_checkpoint,stock,RIVN,movement_consumed_bucket,HIGH,future_absolute_15m,1060,67,0.012974983841053587,0.009730052978600015,descriptive_support_available
stress,high_tail_checkpoint,stock,RIVN,movement_consumed_bucket,HIGH,post_share_of_local_range_v1,1060,67,0.40483749453859647,0.40034761961186405,descriptive_support_available
stress,high_tail_checkpoint,stock,SMCI,phase,FIRST_ENTRY,future_absolute_10m,452,67,0.010812846413383929,0.008821305557262241,descriptive_support_available
stress,high_tail_checkpoint,stock,SMCI,phase,FIRST_ENTRY,future_absolute_15m,452,67,0.012692360978578692,0.0093130232613566,descriptive_support_available
stress,high_tail_checkpoint,stock,SMCI,phase,FIRST_ENTRY,post_share_of_local_range_v1,452,67,0.40741193505799334,0.406472813061724,descriptive_support_available
stress,high_tail_checkpoint,stock,SMCI,phase,PERSISTENT,future_absolute_10m,594,57,0.010649799912445539,0.008378776952818287,descriptive_support_available
stress,high_tail_checkpoint,stock,SMCI,phase,PERSISTENT,future_absolute_15m,594,57,0.013084359839769534,0.00993573546684435,descriptive_support_available
stress,high_tail_checkpoint,stock,SMCI,phase,PERSISTENT,post_share_of_local_range_v1,594,57,0.41002306348532663,0.4028189016993129,descriptive_support_available
stress,high_tail_checkpoint,stock,SMCI,phase,RE_ENTRY,future_absolute_10m,97,43,0.00804184390522181,0.0046356852968385265,descriptive_support_available
stress,high_tail_checkpoint,stock,SMCI,phase,RE_ENTRY,future_absolute_15m,97,43,0.009279115796481994,0.006751846584729133,descriptive_support_available
stress,high_tail_checkpoint,stock,SMCI,phase,RE_ENTRY,post_share_of_local_range_v1,97,43,0.4033711576744279,0.4087694151396106,descriptive_support_available
stress,high_tail_checkpoint,stock,SMCI,movement_consumed_bucket,LOW_OR_EQUAL,future_absolute_10m,35,22,0.006567753541739836,0.005687219839357399,descriptive_support_available
stress,high_tail_checkpoint,stock,SMCI,movement_consumed_bucket,LOW_OR_EQUAL,future_absolute_15m,35,22,0.007189836959134404,0.005709640307220173,descriptive_support_available
stress,high_tail_checkpoint,stock,SMCI,movement_consumed_bucket,LOW_OR_EQUAL,post_share_of_local_range_v1,35,22,0.5107986701942753,0.5148233676270675,descriptive_support_available
stress,high_tail_checkpoint,stock,SMCI,movement_consumed_bucket,HIGH,future_absolute_10m,1108,67,0.010616945136902353,0.008366714025731784,descriptive_support_available
stress,high_tail_checkpoint,stock,SMCI,movement_consumed_bucket,HIGH,future_absolute_15m,1108,67,0.012777515203817438,0.009572148986128716,descriptive_support_available
stress,high_tail_checkpoint,stock,SMCI,movement_consumed_bucket,HIGH,post_share_of_local_range_v1,1108,67,0.4051921869983004,0.401080315125968,descriptive_support_available
stress,high_tail_checkpoint,stock,SOFI,phase,FIRST_ENTRY,future_absolute_10m,432,67,0.010934668591600208,0.008922307339902163,descriptive_support_available
stress,high_tail_checkpoint,stock,SOFI,phase,FIRST_ENTRY,future_absolute_15m,432,67,0.012869095276716,0.009637410000673922,descriptive_support_available
stress,high_tail_checkpoint,stock,SOFI,phase,FIRST_ENTRY,post_share_of_local_range_v1,432,67,0.40730602765251017,0.40441606495731225,descriptive_support_available
stress,high_tail_checkpoint,stock,SOFI,phase,PERSISTENT,future_absolute_10m,567,57,0.010807929451178078,0.00848145567872262,descriptive_support_available
stress,high_tail_checkpoint,stock,SOFI,phase,PERSISTENT,future_absolute_15m,567,57,0.013289021844873685,0.010130284657510601,descriptive_support_available
stress,high_tail_checkpoint,stock,SOFI,phase,PERSISTENT,post_share_of_local_range_v1,567,57,0.41023009321200066,0.40322536749018445,descriptive_support_available
stress,high_tail_checkpoint,stock,SOFI,phase,RE_ENTRY,future_absolute_10m,92,43,0.008157306494490561,0.004715928780165791,descriptive_support_available
stress,high_tail_checkpoint,stock,SOFI,phase,RE_ENTRY,future_absolute_15m,92,43,0.009283576623134927,0.006677902236866949,descriptive_support_available
stress,high_tail_checkpoint,stock,SOFI,phase,RE_ENTRY,post_share_of_local_range_v1,92,43,0.40371044222105196,0.4073903285442202,descriptive_support_available
stress,high_tail_checkpoint,stock,SOFI,movement_consumed_bucket,LOW_OR_EQUAL,future_absolute_10m,34,21,0.006591772133392973,0.005347565885507416,descriptive_support_available
stress,high_tail_checkpoint,stock,SOFI,movement_consumed_bucket,LOW_OR_EQUAL,future_absolute_15m,34,21,0.007325279224095529,0.006130554050673056,descriptive_support_available
stress,high_tail_checkpoint,stock,SOFI,movement_consumed_bucket,LOW_OR_EQUAL,post_share_of_local_range_v1,34,21,0.5100030761763769,0.5137646889156353,descriptive_support_available
stress,high_tail_checkpoint,stock,SOFI,movement_consumed_bucket,HIGH,future_absolute_10m,1057,67,0.010764640279420085,0.008439516002485964,descriptive_support_available
stress,high_tail_checkpoint,stock,SOFI,movement_consumed_bucket,HIGH,future_absolute_15m,1057,67,0.012960599906616703,0.009681275361111056,descriptive_support_available
stress,high_tail_checkpoint,stock,SOFI,movement_consumed_bucket,HIGH,post_share_of_local_range_v1,1057,67,0.4052582051952968,0.400551223961195,descriptive_support_available
stress,high_tail_checkpoint,stock,WULF,phase,FIRST_ENTRY,future_absolute_10m,423,67,0.010739180412097942,0.0087051692273309,descriptive_support_available
stress,high_tail_checkpoint,stock,WULF,phase,FIRST_ENTRY,future_absolute_15m,423,67,0.012576147778753835,0.009156245077644435,descriptive_support_available
stress,high_tail_checkpoint,stock,WULF,phase,FIRST_ENTRY,post_share_of_local_range_v1,423,67,0.41028509909424216,0.40804326229068505,descriptive_support_available
stress,high_tail_checkpoint,stock,WULF,phase,PERSISTENT,future_absolute_10m,548,57,0.010653655732108087,0.008533935348220924,descriptive_support_available
stress,high_tail_checkpoint,stock,WULF,phase,PERSISTENT,future_absolute_15m,548,57,0.013091635853312848,0.009862721021016853,descriptive_support_available
stress,high_tail_checkpoint,stock,WULF,phase,PERSISTENT,post_share_of_local_range_v1,548,57,0.40994551399071266,0.4028189016993129,descriptive_support_available
stress,high_tail_checkpoint,stock,WULF,phase,RE_ENTRY,future_absolute_10m,86,41,0.0076507165730241135,0.004715928780165791,descriptive_support_available
stress,high_tail_checkpoint,stock,WULF,phase,RE_ENTRY,future_absolute_15m,86,41,0.008975888053801862,0.006751754004716568,descriptive_support_available
stress,high_tail_checkpoint,stock,WULF,phase,RE_ENTRY,post_share_of_local_range_v1,86,41,0.40194527944699304,0.40603830643381983,descriptive_support_available
stress,high_tail_checkpoint,stock,WULF,movement_consumed_bucket,LOW_OR_EQUAL,future_absolute_10m,35,22,0.006567753541739836,0.005687219839357399,descriptive_support_available
stress,high_tail_checkpoint,stock,WULF,movement_consumed_bucket,LOW_OR_EQUAL,future_absolute_15m,35,22,0.007189836959134404,0.005709640307220173,descriptive_support_available
stress,high_tail_checkpoint,stock,WULF,movement_consumed_bucket,LOW_OR_EQUAL,post_share_of_local_range_v1,35,22,0.5107986701942753,0.5148233676270675,descriptive_support_available
stress,high_tail_checkpoint,stock,WULF,movement_consumed_bucket,HIGH,future_absolute_10m,1022,67,0.010576288558543876,0.008386972538177485,descriptive_support_available
stress,high_tail_checkpoint,stock,WULF,movement_consumed_bucket,HIGH,future_absolute_15m,1022,67,0.012734059723175706,0.009466777603486453,descriptive_support_available
stress,high_tail_checkpoint,stock,WULF,movement_consumed_bucket,HIGH,post_share_of_local_range_v1,1022,67,0.405958981564987,0.4025171024856255,descriptive_support_available
stress,fresh_high_tail_episode,month,2025-09,phase,FIRST_ENTRY,future_absolute_10m,351,51,0.010840699451888038,0.00908436479951725,descriptive_support_available
stress,fresh_high_tail_episode,month,2025-09,phase,FIRST_ENTRY,future_absolute_15m,351,51,0.012903186320671466,0.009513354204658788,descriptive_support_available
stress,fresh_high_tail_episode,month,2025-09,phase,FIRST_ENTRY,post_share_of_local_range_v1,351,51,0.4098427446382736,0.40720148025583525,descriptive_support_available
stress,fresh_high_tail_episode,month,2025-09,phase,PERSISTENT,future_absolute_10m,0,0,,,blocked_insufficient_support
stress,fresh_high_tail_episode,month,2025-09,phase,PERSISTENT,future_absolute_15m,0,0,,,blocked_insufficient_support
stress,fresh_high_tail_episode,month,2025-09,phase,PERSISTENT,post_share_of_local_range_v1,0,0,,,blocked_insufficient_support
stress,fresh_high_tail_episode,month,2025-09,phase,RE_ENTRY,future_absolute_10m,58,27,0.00813935781659914,0.00486722695203781,descriptive_support_available
stress,fresh_high_tail_episode,month,2025-09,phase,RE_ENTRY,future_absolute_15m,58,27,0.009957795076437723,0.00822279195435053,descriptive_support_available
stress,fresh_high_tail_episode,month,2025-09,phase,RE_ENTRY,post_share_of_local_range_v1,58,27,0.40637913238035284,0.4108857321514159,descriptive_support_available
stress,fresh_high_tail_episode,month,2025-09,movement_consumed_bucket,LOW_OR_EQUAL,future_absolute_10m,7,6,0.0057677625473694,0.006079168027609069,blocked_insufficient_support
stress,fresh_high_tail_episode,month,2025-09,movement_consumed_bucket,LOW_OR_EQUAL,future_absolute_15m,7,6,0.0064433455350745295,0.004589759486729629,blocked_insufficient_support
stress,fresh_high_tail_episode,month,2025-09,movement_consumed_bucket,LOW_OR_EQUAL,post_share_of_local_range_v1,7,6,0.5037538978407553,0.5127060102042033,blocked_insufficient_support
stress,fresh_high_tail_episode,month,2025-09,movement_consumed_bucket,HIGH,future_absolute_10m,402,51,0.010539288366029515,0.008533335966070543,descriptive_support_available
stress,fresh_high_tail_episode,month,2025-09,movement_consumed_bucket,HIGH,future_absolute_15m,402,51,0.01259071416478495,0.009225926396553265,descriptive_support_available
stress,fresh_high_tail_episode,month,2025-09,movement_consumed_bucket,HIGH,post_share_of_local_range_v1,402,51,0.40770775064977416,0.40662976995558237,descriptive_support_available
stress,fresh_high_tail_episode,month,2025-10,phase,FIRST_ENTRY,future_absolute_10m,343,48,0.01065952221891985,0.008414621225182817,descriptive_support_available
stress,fresh_high_tail_episode,month,2025-10,phase,FIRST_ENTRY,future_absolute_15m,343,48,0.012546226394315425,0.008970820143920167,descriptive_support_available
stress,fresh_high_tail_episode,month,2025-10,phase,FIRST_ENTRY,post_share_of_local_range_v1,343,48,0.4109701643861536,0.40668416203747293,descriptive_support_available
stress,fresh_high_tail_episode,month,2025-10,phase,PERSISTENT,future_absolute_10m,0,0,,,blocked_insufficient_support
stress,fresh_high_tail_episode,month,2025-10,phase,PERSISTENT,future_absolute_15m,0,0,,,blocked_insufficient_support
stress,fresh_high_tail_episode,month,2025-10,phase,PERSISTENT,post_share_of_local_range_v1,0,0,,,blocked_insufficient_support
stress,fresh_high_tail_episode,month,2025-10,phase,RE_ENTRY,future_absolute_10m,51,25,0.00723148520356966,0.00443385340729326,descriptive_support_available
stress,fresh_high_tail_episode,month,2025-10,phase,RE_ENTRY,future_absolute_15m,51,25,0.007973479125011824,0.006751846584729133,descriptive_support_available
stress,fresh_high_tail_episode,month,2025-10,phase,RE_ENTRY,post_share_of_local_range_v1,51,25,0.3988564980389311,0.39915471483652265,descriptive_support_available
stress,fresh_high_tail_episode,month,2025-10,movement_consumed_bucket,LOW_OR_EQUAL,future_absolute_10m,8,7,0.005344716771403565,0.0036493022133666122,blocked_insufficient_support
stress,fresh_high_tail_episode,month,2025-10,movement_consumed_bucket,LOW_OR_EQUAL,future_absolute_15m,8,7,0.005339647615838188,0.004954422589021987,blocked_insufficient_support
stress,fresh_high_tail_episode,month,2025-10,movement_consumed_bucket,LOW_OR_EQUAL,post_share_of_local_range_v1,8,7,0.5005905710791307,0.5103574108497715,blocked_insufficient_support
stress,fresh_high_tail_episode,month,2025-10,movement_consumed_bucket,HIGH,future_absolute_10m,386,48,0.010316746456736614,0.007842832642414763,descriptive_support_available
stress,fresh_high_tail_episode,month,2025-10,movement_consumed_bucket,HIGH,future_absolute_15m,386,48,0.012091414268650489,0.008723454382338347,descriptive_support_available
stress,fresh_high_tail_episode,month,2025-10,movement_consumed_bucket,HIGH,post_share_of_local_range_v1,386,48,0.40751223631037076,0.40359923804792447,descriptive_support_available
stress,fresh_high_tail_episode,month,2025-11,phase,FIRST_ENTRY,future_absolute_10m,316,52,0.010469271967807715,0.008630553253653347,descriptive_support_available
stress,fresh_high_tail_episode,month,2025-11,phase,FIRST_ENTRY,future_absolute_15m,316,52,0.011981663762116493,0.009128895684716032,descriptive_support_available
stress,fresh_high_tail_episode,month,2025-11,phase,FIRST_ENTRY,post_share_of_local_range_v1,316,52,0.4047528331077058,0.40158853761597657,descriptive_support_available
stress,fresh_high_tail_episode,month,2025-11,phase,PERSISTENT,future_absolute_10m,0,0,,,blocked_insufficient_support
stress,fresh_high_tail_episode,month,2025-11,phase,PERSISTENT,future_absolute_15m,0,0,,,blocked_insufficient_support
stress,fresh_high_tail_episode,month,2025-11,phase,PERSISTENT,post_share_of_local_range_v1,0,0,,,blocked_insufficient_support
stress,fresh_high_tail_episode,month,2025-11,phase,RE_ENTRY,future_absolute_10m,38,24,0.008879930051477731,0.006870818446951551,descriptive_support_available
stress,fresh_high_tail_episode,month,2025-11,phase,RE_ENTRY,future_absolute_15m,38,24,0.01036168271739686,0.009325981218963188,descriptive_support_available
stress,fresh_high_tail_episode,month,2025-11,phase,RE_ENTRY,post_share_of_local_range_v1,38,24,0.3813651952686983,0.3775920380600449,descriptive_support_available
stress,fresh_high_tail_episode,month,2025-11,movement_consumed_bucket,LOW_OR_EQUAL,future_absolute_10m,5,5,0.0074809132692881305,0.006079168027609069,blocked_insufficient_support
stress,fresh_high_tail_episode,month,2025-11,movement_consumed_bucket,LOW_OR_EQUAL,future_absolute_15m,5,5,0.009240893248376908,0.009647233277774009,blocked_insufficient_support
stress,fresh_high_tail_episode,month,2025-11,movement_consumed_bucket,LOW_OR_EQUAL,post_share_of_local_range_v1,5,5,0.5070540993326362,0.5148233676270675,blocked_insufficient_support
stress,fresh_high_tail_episode,month,2025-11,movement_consumed_bucket,HIGH,future_absolute_10m,349,52,0.01033903357431791,0.008374909611090981,descriptive_support_available
stress,fresh_high_tail_episode,month,2025-11,movement_consumed_bucket,HIGH,future_absolute_15m,349,52,0.0118445421944069,0.009092624928558272,descriptive_support_available
stress,fresh_high_tail_episode,month,2025-11,movement_consumed_bucket,HIGH,post_share_of_local_range_v1,349,52,0.4007406939414968,0.3983159568590758,descriptive_support_available
stress,fresh_high_tail_episode,month,2025-12,phase,FIRST_ENTRY,future_absolute_10m,355,50,0.011167558600881892,0.009030449292583443,descriptive_support_available
stress,fresh_high_tail_episode,month,2025-12,phase,FIRST_ENTRY,future_absolute_15m,355,50,0.013205741088139978,0.010010120965696524,descriptive_support_available
stress,fresh_high_tail_episode,month,2025-12,phase,FIRST_ENTRY,post_share_of_local_range_v1,355,50,0.4057262875330131,0.4032664445601065,descriptive_support_available
stress,fresh_high_tail_episode,month,2025-12,phase,PERSISTENT,future_absolute_10m,0,0,,,blocked_insufficient_support
stress,fresh_high_tail_episode,month,2025-12,phase,PERSISTENT,future_absolute_15m,0,0,,,blocked_insufficient_support
stress,fresh_high_tail_episode,month,2025-12,phase,PERSISTENT,post_share_of_local_range_v1,0,0,,,blocked_insufficient_support
stress,fresh_high_tail_episode,month,2025-12,phase,RE_ENTRY,future_absolute_10m,63,29,0.008869096257679805,0.00632636878412044,descriptive_support_available
stress,fresh_high_tail_episode,month,2025-12,phase,RE_ENTRY,future_absolute_15m,63,29,0.009617163677270434,0.008249597878541121,descriptive_support_available
stress,fresh_high_tail_episode,month,2025-12,phase,RE_ENTRY,post_share_of_local_range_v1,63,29,0.4015068389511992,0.39915471483652265,descriptive_support_available
stress,fresh_high_tail_episode,month,2025-12,movement_consumed_bucket,LOW_OR_EQUAL,future_absolute_10m,7,6,0.007045773219218236,0.007172223629382634,blocked_insufficient_support
stress,fresh_high_tail_episode,month,2025-12,movement_consumed_bucket,LOW_OR_EQUAL,future_absolute_15m,7,6,0.006597735318531204,0.005319085691314345,blocked_insufficient_support
stress,fresh_high_tail_episode,month,2025-12,movement_consumed_bucket,LOW_OR_EQUAL,post_share_of_local_range_v1,7,6,0.5115794345487955,0.5127060102042033,blocked_insufficient_support
stress,fresh_high_tail_episode,month,2025-12,movement_consumed_bucket,HIGH,future_absolute_10m,411,50,0.010885440279835455,0.0087051692273309,descriptive_support_available
stress,fresh_high_tail_episode,month,2025-12,movement_consumed_bucket,HIGH,future_absolute_15m,411,50,0.012768212288875942,0.009513354204658788,descriptive_support_available
stress,fresh_high_tail_episode,month,2025-12,movement_consumed_bucket,HIGH,post_share_of_local_range_v1,411,50,0.4032766590907631,0.40059178823512903,descriptive_support_available
stress,fresh_high_tail_episode,stock,AAL,phase,FIRST_ENTRY,future_absolute_10m,428,67,0.011177623512000313,0.009303322692335227,descriptive_support_available
stress,fresh_high_tail_episode,stock,AAL,phase,FIRST_ENTRY,future_absolute_15m,428,67,0.01315798066211722,0.010010262790162422,descriptive_support_available
stress,fresh_high_tail_episode,stock,AAL,phase,FIRST_ENTRY,post_share_of_local_range_v1,428,67,0.408482655030023,0.406472813061724,descriptive_support_available
stress,fresh_high_tail_episode,stock,AAL,phase,PERSISTENT,future_absolute_10m,0,0,,,blocked_insufficient_support
stress,fresh_high_tail_episode,stock,AAL,phase,PERSISTENT,future_absolute_15m,0,0,,,blocked_insufficient_support
stress,fresh_high_tail_episode,stock,AAL,phase,PERSISTENT,post_share_of_local_range_v1,0,0,,,blocked_insufficient_support
stress,fresh_high_tail_episode,stock,AAL,phase,RE_ENTRY,future_absolute_10m,66,34,0.008392756180211007,0.00542688248600864,descriptive_support_available
stress,fresh_high_tail_episode,stock,AAL,phase,RE_ENTRY,future_absolute_15m,66,34,0.009563299046485028,0.00822279195435053,descriptive_support_available
stress,fresh_high_tail_episode,stock,AAL,phase,RE_ENTRY,post_share_of_local_range_v1,66,34,0.39993127776357645,0.3948939887179132,descriptive_support_available
stress,fresh_high_tail_episode,stock,AAL,movement_consumed_bucket,LOW_OR_EQUAL,future_absolute_10m,7,7,0.007879006008343344,0.007172223629382634,blocked_insufficient_support
stress,fresh_high_tail_episode,stock,AAL,movement_consumed_bucket,LOW_OR_EQUAL,future_absolute_15m,7,7,0.007766860475780007,0.008473859612191515,blocked_insufficient_support
stress,fresh_high_tail_episode,stock,AAL,movement_consumed_bucket,LOW_OR_EQUAL,post_share_of_local_range_v1,7,7,0.5097979518945304,0.5127060102042033,blocked_insufficient_support
stress,fresh_high_tail_episode,stock,AAL,movement_consumed_bucket,HIGH,future_absolute_10m,487,67,0.010847621620065006,0.00891786386317755,descriptive_support_available
stress,fresh_high_tail_episode,stock,AAL,movement_consumed_bucket,HIGH,future_absolute_15m,487,67,0.012748306852410109,0.009513354204658788,descriptive_support_available
stress,fresh_high_tail_episode,stock,AAL,movement_consumed_bucket,HIGH,post_share_of_local_range_v1,487,67,0.40586746411085045,0.40275077218741867,descriptive_support_available
stress,fresh_high_tail_episode,stock,AAOI,phase,FIRST_ENTRY,future_absolute_10m,441,67,0.010824313074286551,0.008752791109594744,descriptive_support_available
stress,fresh_high_tail_episode,stock,AAOI,phase,FIRST_ENTRY,future_absolute_15m,441,67,0.012690056961693051,0.00931029261779832,descriptive_support_available
stress,fresh_high_tail_episode,stock,AAOI,phase,FIRST_ENTRY,post_share_of_local_range_v1,441,67,0.4083095300065598,0.4063702482497562,descriptive_support_available
stress,fresh_high_tail_episode,stock,AAOI,phase,PERSISTENT,future_absolute_10m,0,0,,,blocked_insufficient_support
stress,fresh_high_tail_episode,stock,AAOI,phase,PERSISTENT,future_absolute_15m,0,0,,,blocked_insufficient_support
stress,fresh_high_tail_episode,stock,AAOI,phase,PERSISTENT,post_share_of_local_range_v1,0,0,,,blocked_insufficient_support
stress,fresh_high_tail_episode,stock,AAOI,phase,RE_ENTRY,future_absolute_10m,69,34,0.00835056407913211,0.005915483331434713,descriptive_support_available
stress,fresh_high_tail_episode,stock,AAOI,phase,RE_ENTRY,future_absolute_15m,69,34,0.009528839953876907,0.008249597878541121,descriptive_support_available
stress,fresh_high_tail_episode,stock,AAOI,phase,RE_ENTRY,post_share_of_local_range_v1,69,34,0.4009734461931997,0.39915471483652265,descriptive_support_available
stress,fresh_high_tail_episode,stock,AAOI,movement_consumed_bucket,LOW_OR_EQUAL,future_absolute_10m,9,8,0.006291001884584542,0.006079168027609069,blocked_insufficient_support
stress,fresh_high_tail_episode,stock,AAOI,movement_consumed_bucket,LOW_OR_EQUAL,future_absolute_15m,9,8,0.00667441530162334,0.005319085691314345,blocked_insufficient_support
stress,fresh_high_tail_episode,stock,AAOI,movement_consumed_bucket,LOW_OR_EQUAL,post_share_of_local_range_v1,9,8,0.5054566071119659,0.5127060102042033,blocked_insufficient_support
stress,fresh_high_tail_episode,stock,AAOI,movement_consumed_bucket,HIGH,future_absolute_10m,501,67,0.010565053832852743,0.008374909611090981,descriptive_support_available
stress,fresh_high_tail_episode,stock,AAOI,movement_consumed_bucket,HIGH,future_absolute_15m,501,67,0.012362745188042978,0.009156245077644435,descriptive_support_available
stress,fresh_high_tail_episode,stock,AAOI,movement_consumed_bucket,HIGH,post_share_of_local_range_v1,501,67,0.40555401408426334,0.40275077218741867,descriptive_support_available
stress,fresh_high_tail_episode,stock,APLD,phase,FIRST_ENTRY,future_absolute_10m,443,67,0.010724856446953758,0.008752791109594744,descriptive_support_available
stress,fresh_high_tail_episode,stock,APLD,phase,FIRST_ENTRY,future_absolute_15m,443,67,0.012460549567309336,0.009175079440679,descriptive_support_available
stress,fresh_high_tail_episode,stock,APLD,phase,FIRST_ENTRY,post_share_of_local_range_v1,443,67,0.4084087327412202,0.4065753778736918,descriptive_support_available
stress,fresh_high_tail_episode,stock,APLD,phase,PERSISTENT,future_absolute_10m,0,0,,,blocked_insufficient_support
stress,fresh_high_tail_episode,stock,APLD,phase,PERSISTENT,future_absolute_15m,0,0,,,blocked_insufficient_support
stress,fresh_high_tail_episode,stock,APLD,phase,PERSISTENT,post_share_of_local_range_v1,0,0,,,blocked_insufficient_support
stress,fresh_high_tail_episode,stock,APLD,phase,RE_ENTRY,future_absolute_10m,70,35,0.008271804309213258,0.00542688248600864,descriptive_support_available
stress,fresh_high_tail_episode,stock,APLD,phase,RE_ENTRY,future_absolute_15m,70,35,0.009446784784467189,0.00822279195435053,descriptive_support_available
stress,fresh_high_tail_episode,stock,APLD,phase,RE_ENTRY,post_share_of_local_range_v1,70,35,0.398564187391343,0.3948939887179132,descriptive_support_available
stress,fresh_high_tail_episode,stock,APLD,movement_consumed_bucket,LOW_OR_EQUAL,future_absolute_10m,9,8,0.006291001884584542,0.006079168027609069,blocked_insufficient_support
stress,fresh_high_tail_episode,stock,APLD,movement_consumed_bucket,LOW_OR_EQUAL,future_absolute_15m,9,8,0.00667441530162334,0.005319085691314345,blocked_insufficient_support
stress,fresh_high_tail_episode,stock,APLD,movement_consumed_bucket,LOW_OR_EQUAL,post_share_of_local_range_v1,9,8,0.5054566071119659,0.5127060102042033,blocked_insufficient_support
stress,fresh_high_tail_episode,stock,APLD,movement_consumed_bucket,HIGH,future_absolute_10m,504,67,0.010463330735484487,0.008239612335662075,descriptive_support_available
stress,fresh_high_tail_episode,stock,APLD,movement_consumed_bucket,HIGH,future_absolute_15m,504,67,0.012145294951420891,0.008972204312825643,descriptive_support_available
stress,fresh_high_tail_episode,stock,APLD,movement_consumed_bucket,HIGH,post_share_of_local_range_v1,504,67,0.40530843701933894,0.4030086083737626,descriptive_support_available
stress,fresh_high_tail_episode,stock,ASTS,phase,FIRST_ENTRY,future_absolute_10m,436,67,0.010725818231316516,0.008499336057747185,descriptive_support_available
stress,fresh_high_tail_episode,stock,ASTS,phase,FIRST_ENTRY,future_absolute_15m,436,67,0.012618609321194003,0.009305439054763465,descriptive_support_available
stress,fresh_high_tail_episode,stock,ASTS,phase,FIRST_ENTRY,post_share_of_local_range_v1,436,67,0.4085783815083982,0.406472813061724,descriptive_support_available
stress,fresh_high_tail_episode,stock,ASTS,phase,PERSISTENT,future_absolute_10m,0,0,,,blocked_insufficient_support
stress,fresh_high_tail_episode,stock,ASTS,phase,PERSISTENT,future_absolute_15m,0,0,,,blocked_insufficient_support
stress,fresh_high_tail_episode,stock,ASTS,phase,PERSISTENT,post_share_of_local_range_v1,0,0,,,blocked_insufficient_support
stress,fresh_high_tail_episode,stock,ASTS,phase,RE_ENTRY,future_absolute_10m,69,34,0.008293733100448593,0.004938281640582566,descriptive_support_available
stress,fresh_high_tail_episode,stock,ASTS,phase,RE_ENTRY,future_absolute_15m,69,34,0.00937810571924199,0.008195986030159936,descriptive_support_available
stress,fresh_high_tail_episode,stock,ASTS,phase,RE_ENTRY,post_share_of_local_range_v1,69,34,0.39670754297155714,0.39063326259930375,descriptive_support_available
stress,fresh_high_tail_episode,stock,ASTS,movement_consumed_bucket,LOW_OR_EQUAL,future_absolute_10m,9,8,0.006291001884584542,0.006079168027609069,blocked_insufficient_support
stress,fresh_high_tail_episode,stock,ASTS,movement_consumed_bucket,LOW_OR_EQUAL,future_absolute_15m,9,8,0.00667441530162334,0.005319085691314345,blocked_insufficient_support
stress,fresh_high_tail_episode,stock,ASTS,movement_consumed_bucket,LOW_OR_EQUAL,post_share_of_local_range_v1,9,8,0.5054566071119659,0.5127060102042033,blocked_insufficient_support
stress,fresh_high_tail_episode,stock,ASTS,movement_consumed_bucket,HIGH,future_absolute_10m,496,67,0.010467954265773573,0.007995786977890138,descriptive_support_available
stress,fresh_high_tail_episode,stock,ASTS,movement_consumed_bucket,HIGH,future_absolute_15m,496,67,0.012275671816438858,0.009042413521560311,descriptive_support_available
stress,fresh_high_tail_episode,stock,ASTS,movement_consumed_bucket,HIGH,post_share_of_local_range_v1,496,67,0.40516912366671654,0.4026175241457586,descriptive_support_available
stress,fresh_high_tail_episode,stock,CIFR,phase,FIRST_ENTRY,future_absolute_10m,420,67,0.010461934065630651,0.008533335966070543,descriptive_support_available
stress,fresh_high_tail_episode,stock,CIFR,phase,FIRST_ENTRY,future_absolute_15m,420,67,0.01222547196553019,0.009305439054763465,descriptive_support_available
stress,fresh_high_tail_episode,stock,CIFR,phase,FIRST_ENTRY,post_share_of_local_range_v1,420,67,0.40575655568229396,0.4026175241457586,descriptive_support_available
stress,fresh_high_tail_episode,stock,CIFR,phase,PERSISTENT,future_absolute_10m,0,0,,,blocked_insufficient_support
stress,fresh_high_tail_episode,stock,CIFR,phase,PERSISTENT,future_absolute_15m,0,0,,,blocked_insufficient_support
stress,fresh_high_tail_episode,stock,CIFR,phase,PERSISTENT,post_share_of_local_range_v1,0,0,,,blocked_insufficient_support
stress,fresh_high_tail_episode,stock,CIFR,phase,RE_ENTRY,future_absolute_10m,58,31,0.007795040926789807,0.005355827797463884,descriptive_support_available
stress,fresh_high_tail_episode,stock,CIFR,phase,RE_ENTRY,future_absolute_15m,58,31,0.009044676937319,0.007128898054634538,descriptive_support_available
stress,fresh_high_tail_episode,stock,CIFR,phase,RE_ENTRY,post_share_of_local_range_v1,58,31,0.392200945557969,0.3858523493029119,descriptive_support_available
stress,fresh_high_tail_episode,stock,CIFR,movement_consumed_bucket,LOW_OR_EQUAL,future_absolute_10m,7,6,0.00384172261376374,0.0012194363991241556,blocked_insufficient_support
stress,fresh_high_tail_episode,stock,CIFR,movement_consumed_bucket,LOW_OR_EQUAL,future_absolute_15m,7,6,0.004724278235561642,0.004589759486729629,blocked_insufficient_support
stress,fresh_high_tail_episode,stock,CIFR,movement_consumed_bucket,LOW_OR_EQUAL,post_share_of_local_range_v1,7,6,0.49953082244824376,0.5127060102042033,blocked_insufficient_support
stress,fresh_high_tail_episode,stock,CIFR,movement_consumed_bucket,HIGH,future_absolute_10m,471,67,0.010231916397075025,0.008076654362784501,descriptive_support_available
stress,fresh_high_tail_episode,stock,CIFR,movement_consumed_bucket,HIGH,future_absolute_15m,471,67,0.011945264416641718,0.00897358848173112,descriptive_support_available
stress,fresh_high_tail_episode,stock,CIFR,movement_consumed_bucket,HIGH,post_share_of_local_range_v1,471,67,0.40269361458978337,0.400539857243507,descriptive_support_available
stress,fresh_high_tail_episode,stock,HIMS,phase,FIRST_ENTRY,future_absolute_10m,440,67,0.010840456599805922,0.008975733512496333,descriptive_support_available
stress,fresh_high_tail_episode,stock,HIMS,phase,FIRST_ENTRY,future_absolute_15m,440,67,0.01277675102303887,0.009383536930502184,descriptive_support_available
stress,fresh_high_tail_episode,stock,HIMS,phase,FIRST_ENTRY,post_share_of_local_range_v1,440,67,0.40903751128027865,0.40706179098178596,descriptive_support_available
stress,fresh_high_tail_episode,stock,HIMS,phase,PERSISTENT,future_absolute_10m,0,0,,,blocked_insufficient_support
stress,fresh_high_tail_episode,stock,HIMS,phase,PERSISTENT,future_absolute_15m,0,0,,,blocked_insufficient_support
stress,fresh_high_tail_episode,stock,HIMS,phase,PERSISTENT,post_share_of_local_range_v1,0,0,,,blocked_insufficient_support
stress,fresh_high_tail_episode,stock,HIMS,phase,RE_ENTRY,future_absolute_10m,69,34,0.008264039778283416,0.004938281640582566,descriptive_support_available
stress,fresh_high_tail_episode,stock,HIMS,phase,RE_ENTRY,future_absolute_15m,69,34,0.009520945797998259,0.008249597878541121,descriptive_support_available
stress,fresh_high_tail_episode,stock,HIMS,phase,RE_ENTRY,post_share_of_local_range_v1,69,34,0.400185198159652,0.39915471483652265,descriptive_support_available
stress,fresh_high_tail_episode,stock,HIMS,movement_consumed_bucket,LOW_OR_EQUAL,future_absolute_10m,9,8,0.006291001884584542,0.006079168027609069,blocked_insufficient_support
stress,fresh_high_tail_episode,stock,HIMS,movement_consumed_bucket,LOW_OR_EQUAL,future_absolute_15m,9,8,0.00667441530162334,0.005319085691314345,blocked_insufficient_support
stress,fresh_high_tail_episode,stock,HIMS,movement_consumed_bucket,LOW_OR_EQUAL,post_share_of_local_range_v1,9,8,0.5054566071119659,0.5127060102042033,blocked_insufficient_support
stress,fresh_high_tail_episode,stock,HIMS,movement_consumed_bucket,HIGH,future_absolute_10m,500,67,0.010566801263309802,0.008436261913924785,descriptive_support_available
stress,fresh_high_tail_episode,stock,HIMS,movement_consumed_bucket,HIGH,future_absolute_15m,500,67,0.012437291944968747,0.009170122940776394,descriptive_support_available
stress,fresh_high_tail_episode,stock,HIMS,movement_consumed_bucket,HIGH,post_share_of_local_range_v1,500,67,0.4060803483446618,0.40441606495731225,descriptive_support_available
stress,fresh_high_tail_episode,stock,IONQ,phase,FIRST_ENTRY,future_absolute_10m,432,67,0.010824691049757784,0.008821305557262241,descriptive_support_available
stress,fresh_high_tail_episode,stock,IONQ,phase,FIRST_ENTRY,future_absolute_15m,432,67,0.012698526439731357,0.009310237261446176,descriptive_support_available
stress,fresh_high_tail_episode,stock,IONQ,phase,FIRST_ENTRY,post_share_of_local_range_v1,432,67,0.4071730640460459,0.40662976995558237,descriptive_support_available
stress,fresh_high_tail_episode,stock,IONQ,phase,PERSISTENT,future_absolute_10m,0,0,,,blocked_insufficient_support
stress,fresh_high_tail_episode,stock,IONQ,phase,PERSISTENT,future_absolute_15m,0,0,,,blocked_insufficient_support
stress,fresh_high_tail_episode,stock,IONQ,phase,PERSISTENT,post_share_of_local_range_v1,0,0,,,blocked_insufficient_support
stress,fresh_high_tail_episode,stock,IONQ,phase,RE_ENTRY,future_absolute_10m,70,35,0.008271804309213258,0.00542688248600864,descriptive_support_available
stress,fresh_high_tail_episode,stock,IONQ,phase,RE_ENTRY,future_absolute_15m,70,35,0.009446784784467189,0.00822279195435053,descriptive_support_available
stress,fresh_high_tail_episode,stock,IONQ,phase,RE_ENTRY,post_share_of_local_range_v1,70,35,0.398564187391343,0.3948939887179132,descriptive_support_available
stress,fresh_high_tail_episode,stock,IONQ,movement_consumed_bucket,LOW_OR_EQUAL,future_absolute_10m,9,8,0.006291001884584542,0.006079168027609069,blocked_insufficient_support
stress,fresh_high_tail_episode,stock,IONQ,movement_consumed_bucket,LOW_OR_EQUAL,future_absolute_15m,9,8,0.00667441530162334,0.005319085691314345,blocked_insufficient_support
stress,fresh_high_tail_episode,stock,IONQ,movement_consumed_bucket,LOW_OR_EQUAL,post_share_of_local_range_v1,9,8,0.5054566071119659,0.5127060102042033,blocked_insufficient_support
stress,fresh_high_tail_episode,stock,IONQ,movement_consumed_bucket,HIGH,future_absolute_10m,493,67,0.010544977318821562,0.008326876111916447,descriptive_support_available
stress,fresh_high_tail_episode,stock,IONQ,movement_consumed_bucket,HIGH,future_absolute_15m,493,67,0.012346792330957482,0.009092624928558272,descriptive_support_available
stress,fresh_high_tail_episode,stock,IONQ,movement_consumed_bucket,HIGH,post_share_of_local_range_v1,493,67,0.4041564854386981,0.4032664445601065,descriptive_support_available
stress,fresh_high_tail_episode,stock,IREN,phase,FIRST_ENTRY,future_absolute_10m,411,67,0.010665779164237315,0.008752791109594744,descriptive_support_available
stress,fresh_high_tail_episode,stock,IREN,phase,FIRST_ENTRY,future_absolute_15m,411,67,0.012469893082667783,0.009175079440679,descriptive_support_available
stress,fresh_high_tail_episode,stock,IREN,phase,FIRST_ENTRY,post_share_of_local_range_v1,411,67,0.40671571426654846,0.40275077218741867,descriptive_support_available
stress,fresh_high_tail_episode,stock,IREN,phase,PERSISTENT,future_absolute_10m,0,0,,,blocked_insufficient_support
stress,fresh_high_tail_episode,stock,IREN,phase,PERSISTENT,future_absolute_15m,0,0,,,blocked_insufficient_support
stress,fresh_high_tail_episode,stock,IREN,phase,PERSISTENT,post_share_of_local_range_v1,0,0,,,blocked_insufficient_support
stress,fresh_high_tail_episode,stock,IREN,phase,RE_ENTRY,future_absolute_10m,63,34,0.008143869919603535,0.004796172263493055,descriptive_support_available
stress,fresh_high_tail_episode,stock,IREN,phase,RE_ENTRY,future_absolute_15m,63,34,0.00954773491130696,0.008249597878541121,descriptive_support_available
stress,fresh_high_tail_episode,stock,IREN,phase,RE_ENTRY,post_share_of_local_range_v1,63,34,0.3966328285621724,0.39915471483652265,descriptive_support_available
stress,fresh_high_tail_episode,stock,IREN,movement_consumed_bucket,LOW_OR_EQUAL,future_absolute_10m,9,8,0.006291001884584542,0.006079168027609069,blocked_insufficient_support
stress,fresh_high_tail_episode,stock,IREN,movement_consumed_bucket,LOW_OR_EQUAL,future_absolute_15m,9,8,0.00667441530162334,0.005319085691314345,blocked_insufficient_support
stress,fresh_high_tail_episode,stock,IREN,movement_consumed_bucket,LOW_OR_EQUAL,post_share_of_local_range_v1,9,8,0.5054566071119659,0.5127060102042033,blocked_insufficient_support
stress,fresh_high_tail_episode,stock,IREN,movement_consumed_bucket,HIGH,future_absolute_10m,465,67,0.010408774246183437,0.008076654362784501,descriptive_support_available
stress,fresh_high_tail_episode,stock,IREN,movement_consumed_bucket,HIGH,future_absolute_15m,465,67,0.012186158319729435,0.00897358848173112,descriptive_support_available
stress,fresh_high_tail_episode,stock,IREN,movement_consumed_bucket,HIGH,post_share_of_local_range_v1,465,67,0.4034385318257217,0.400539857243507,descriptive_support_available
stress,fresh_high_tail_episode,stock,MARA,phase,FIRST_ENTRY,future_absolute_10m,434,67,0.010859810642808478,0.00872898016846282,descriptive_support_available
stress,fresh_high_tail_episode,stock,MARA,phase,FIRST_ENTRY,future_absolute_15m,434,67,0.012795717405253822,0.009305494411115608,descriptive_support_available
stress,fresh_high_tail_episode,stock,MARA,phase,FIRST_ENTRY,post_share_of_local_range_v1,434,67,0.4088865689341379,0.406472813061724,descriptive_support_available
stress,fresh_high_tail_episode,stock,MARA,phase,PERSISTENT,future_absolute_10m,0,0,,,blocked_insufficient_support
stress,fresh_high_tail_episode,stock,MARA,phase,PERSISTENT,future_absolute_15m,0,0,,,blocked_insufficient_support
stress,fresh_high_tail_episode,stock,MARA,phase,PERSISTENT,post_share_of_local_range_v1,0,0,,,blocked_insufficient_support
stress,fresh_high_tail_episode,stock,MARA,phase,RE_ENTRY,future_absolute_10m,69,34,0.00838594013809761,0.005915483331434713,descriptive_support_available
stress,fresh_high_tail_episode,stock,MARA,phase,RE_ENTRY,future_absolute_15m,69,34,0.009556061861274409,0.008249597878541121,descriptive_support_available
stress,fresh_high_tail_episode,stock,MARA,phase,RE_ENTRY,post_share_of_local_range_v1,69,34,0.39908458742182995,0.39915471483652265,descriptive_support_available
stress,fresh_high_tail_episode,stock,MARA,movement_consumed_bucket,LOW_OR_EQUAL,future_absolute_10m,9,8,0.006291001884584542,0.006079168027609069,blocked_insufficient_support
stress,fresh_high_tail_episode,stock,MARA,movement_consumed_bucket,LOW_OR_EQUAL,future_absolute_15m,9,8,0.00667441530162334,0.005319085691314345,blocked_insufficient_support
stress,fresh_high_tail_episode,stock,MARA,movement_consumed_bucket,LOW_OR_EQUAL,post_share_of_local_range_v1,9,8,0.5054566071119659,0.5127060102042033,blocked_insufficient_support
stress,fresh_high_tail_episode,stock,MARA,movement_consumed_bucket,HIGH,future_absolute_10m,494,67,0.010597507432280068,0.008350892861503714,descriptive_support_available
stress,fresh_high_tail_episode,stock,MARA,movement_consumed_bucket,HIGH,future_absolute_15m,494,67,0.012454736608488831,0.009042413521560311,descriptive_support_available
stress,fresh_high_tail_episode,stock,MARA,movement_consumed_bucket,HIGH,post_share_of_local_range_v1,494,67,0.40575809308808586,0.4030086083737626,descriptive_support_available
stress,fresh_high_tail_episode,stock,MP,phase,FIRST_ENTRY,future_absolute_10m,409,67,0.010940211855682705,0.00908436479951725,descriptive_support_available
stress,fresh_high_tail_episode,stock,MP,phase,FIRST_ENTRY,future_absolute_15m,409,67,0.013035853989047948,0.009920905472828135,descriptive_support_available
stress,fresh_high_tail_episode,stock,MP,phase,FIRST_ENTRY,post_share_of_local_range_v1,409,67,0.4070134873205451,0.4049408515468046,descriptive_support_available
stress,fresh_high_tail_episode,stock,MP,phase,PERSISTENT,future_absolute_10m,0,0,,,blocked_insufficient_support
stress,fresh_high_tail_episode,stock,MP,phase,PERSISTENT,future_absolute_15m,0,0,,,blocked_insufficient_support
stress,fresh_high_tail_episode,stock,MP,phase,PERSISTENT,post_share_of_local_range_v1,0,0,,,blocked_insufficient_support
stress,fresh_high_tail_episode,stock,MP,phase,RE_ENTRY,future_absolute_10m,60,32,0.008450933035733363,0.00542688248600864,descriptive_support_available
stress,fresh_high_tail_episode,stock,MP,phase,RE_ENTRY,future_absolute_15m,60,32,0.009565112189221745,0.008253815834629653,descriptive_support_available
stress,fresh_high_tail_episode,stock,MP,phase,RE_ENTRY,post_share_of_local_range_v1,60,32,0.403424119222416,0.40123095628227584,descriptive_support_available
stress,fresh_high_tail_episode,stock,MP,movement_consumed_bucket,LOW_OR_EQUAL,future_absolute_10m,6,6,0.006393526051052932,0.0035841113692727166,blocked_insufficient_support
stress,fresh_high_tail_episode,stock,MP,movement_consumed_bucket,LOW_OR_EQUAL,future_absolute_15m,6,6,0.007238837665045874,0.007483159484544177,blocked_insufficient_support
stress,fresh_high_tail_episode,stock,MP,movement_consumed_bucket,LOW_OR_EQUAL,post_share_of_local_range_v1,6,6,0.5098364877149782,0.5114160895612037,blocked_insufficient_support
stress,fresh_high_tail_episode,stock,MP,movement_consumed_bucket,HIGH,future_absolute_10m,463,67,0.010676547461796785,0.0087051692273309,descriptive_support_available
stress,fresh_high_tail_episode,stock,MP,movement_consumed_bucket,HIGH,future_absolute_15m,463,67,0.012661205155256242,0.00931029261779832,descriptive_support_available
stress,fresh_high_tail_episode,stock,MP,movement_consumed_bucket,HIGH,post_share_of_local_range_v1,463,67,0.40521586293986617,0.40275077218741867,descriptive_support_available
stress,fresh_high_tail_episode,stock,MRNA,phase,FIRST_ENTRY,future_absolute_10m,444,67,0.010966620647540334,0.009013615801701421,descriptive_support_available
stress,fresh_high_tail_episode,stock,MRNA,phase,FIRST_ENTRY,future_absolute_15m,444,67,0.012853433663574741,0.009637410000673922,descriptive_support_available
stress,fresh_high_tail_episode,stock,MRNA,phase,FIRST_ENTRY,post_share_of_local_range_v1,444,67,0.40956210104338187,0.4069428211466541,descriptive_support_available
stress,fresh_high_tail_episode,stock,MRNA,phase,PERSISTENT,future_absolute_10m,0,0,,,blocked_insufficient_support
stress,fresh_high_tail_episode,stock,MRNA,phase,PERSISTENT,future_absolute_15m,0,0,,,blocked_insufficient_support
stress,fresh_high_tail_episode,stock,MRNA,phase,PERSISTENT,post_share_of_local_range_v1,0,0,,,blocked_insufficient_support
stress,fresh_high_tail_episode,stock,MRNA,phase,RE_ENTRY,future_absolute_10m,69,35,0.00837590212947814,0.005915483331434713,descriptive_support_available
stress,fresh_high_tail_episode,stock,MRNA,phase,RE_ENTRY,future_absolute_15m,69,35,0.009577621901909195,0.008249597878541121,descriptive_support_available
stress,fresh_high_tail_episode,stock,MRNA,phase,RE_ENTRY,post_share_of_local_range_v1,69,35,0.3973885050801742,0.39063326259930375,descriptive_support_available
stress,fresh_high_tail_episode,stock,MRNA,movement_consumed_bucket,LOW_OR_EQUAL,future_absolute_10m,8,7,0.006941245281290564,0.006625695828495851,blocked_insufficient_support
stress,fresh_high_tail_episode,stock,MRNA,movement_consumed_bucket,LOW_OR_EQUAL,future_absolute_15m,8,7,0.007456339254205168,0.00689647265175293,blocked_insufficient_support
stress,fresh_high_tail_episode,stock,MRNA,movement_consumed_bucket,LOW_OR_EQUAL,post_share_of_local_range_v1,8,7,0.5086778996432124,0.5137646889156353,blocked_insufficient_support
stress,fresh_high_tail_episode,stock,MRNA,movement_consumed_bucket,HIGH,future_absolute_10m,505,67,0.01067640960830015,0.008555937279975794,descriptive_support_available
stress,fresh_high_tail_episode,stock,MRNA,movement_consumed_bucket,HIGH,future_absolute_15m,505,67,0.012491346027376789,0.009286686352232738,descriptive_support_available
stress,fresh_high_tail_episode,stock,MRNA,movement_consumed_bucket,HIGH,post_share_of_local_range_v1,505,67,0.40632862676563936,0.40330719772802903,descriptive_support_available
stress,fresh_high_tail_episode,stock,MSTR,phase,FIRST_ENTRY,future_absolute_10m,447,67,0.010835935012078352,0.00877264049438756,descriptive_support_available
stress,fresh_high_tail_episode,stock,MSTR,phase,FIRST_ENTRY,future_absolute_15m,447,67,0.012679707421228007,0.00931029261779832,descriptive_support_available
stress,fresh_high_tail_episode,stock,MSTR,phase,FIRST_ENTRY,post_share_of_local_range_v1,447,67,0.4076086420159935,0.40562589683103883,descriptive_support_available
stress,fresh_high_tail_episode,stock,MSTR,phase,PERSISTENT,future_absolute_10m,0,0,,,blocked_insufficient_support
stress,fresh_high_tail_episode,stock,MSTR,phase,PERSISTENT,future_absolute_15m,0,0,,,blocked_insufficient_support
stress,fresh_high_tail_episode,stock,MSTR,phase,PERSISTENT,post_share_of_local_range_v1,0,0,,,blocked_insufficient_support
stress,fresh_high_tail_episode,stock,MSTR,phase,RE_ENTRY,future_absolute_10m,69,34,0.008353709781098291,0.005915483331434713,descriptive_support_available
stress,fresh_high_tail_episode,stock,MSTR,phase,RE_ENTRY,future_absolute_15m,69,34,0.009561730584622185,0.008249597878541121,descriptive_support_available
stress,fresh_high_tail_episode,stock,MSTR,phase,RE_ENTRY,post_share_of_local_range_v1,69,34,0.3989681750866469,0.39915471483652265,descriptive_support_available
stress,fresh_high_tail_episode,stock,MSTR,movement_consumed_bucket,LOW_OR_EQUAL,future_absolute_10m,9,8,0.006291001884584542,0.006079168027609069,blocked_insufficient_support
stress,fresh_high_tail_episode,stock,MSTR,movement_consumed_bucket,LOW_OR_EQUAL,future_absolute_15m,9,8,0.00667441530162334,0.005319085691314345,blocked_insufficient_support
stress,fresh_high_tail_episode,stock,MSTR,movement_consumed_bucket,LOW_OR_EQUAL,post_share_of_local_range_v1,9,8,0.5054566071119659,0.5127060102042033,blocked_insufficient_support
stress,fresh_high_tail_episode,stock,MSTR,movement_consumed_bucket,HIGH,future_absolute_10m,507,67,0.010578796663379773,0.008414621225182817,descriptive_support_available
stress,fresh_high_tail_episode,stock,MSTR,movement_consumed_bucket,HIGH,future_absolute_15m,507,67,0.012361970197067534,0.009156245077644435,descriptive_support_available
stress,fresh_high_tail_episode,stock,MSTR,movement_consumed_bucket,HIGH,post_share_of_local_range_v1,507,67,0.4046957743552664,0.4024842761040984,descriptive_support_available
stress,fresh_high_tail_episode,stock,NVTS,phase,FIRST_ENTRY,future_absolute_10m,415,67,0.010777951195758723,0.00877264049438756,descriptive_support_available
stress,fresh_high_tail_episode,stock,NVTS,phase,FIRST_ENTRY,future_absolute_15m,415,67,0.012506752940994207,0.009300696204432897,descriptive_support_available
stress,fresh_high_tail_episode,stock,NVTS,phase,FIRST_ENTRY,post_share_of_local_range_v1,415,67,0.408434680980676,0.40692210170773674,descriptive_support_available
stress,fresh_high_tail_episode,stock,NVTS,phase,PERSISTENT,future_absolute_10m,0,0,,,blocked_insufficient_support
stress,fresh_high_tail_episode,stock,NVTS,phase,PERSISTENT,future_absolute_15m,0,0,,,blocked_insufficient_support
stress,fresh_high_tail_episode,stock,NVTS,phase,PERSISTENT,post_share_of_local_range_v1,0,0,,,blocked_insufficient_support
stress,fresh_high_tail_episode,stock,NVTS,phase,RE_ENTRY,future_absolute_10m,57,31,0.007891907500751005,0.004574885090196671,descriptive_support_available
stress,fresh_high_tail_episode,stock,NVTS,phase,RE_ENTRY,future_absolute_15m,57,31,0.008902751337696718,0.007505949524539944,descriptive_support_available
stress,fresh_high_tail_episode,stock,NVTS,phase,RE_ENTRY,post_share_of_local_range_v1,57,31,0.39643914760464916,0.38107143600652005,descriptive_support_available
stress,fresh_high_tail_episode,stock,NVTS,movement_consumed_bucket,LOW_OR_EQUAL,future_absolute_10m,8,7,0.006317481116706476,0.004195830014253395,blocked_insufficient_support
stress,fresh_high_tail_episode,stock,NVTS,movement_consumed_bucket,LOW_OR_EQUAL,future_absolute_15m,8,7,0.006219654981891514,0.004954422589021987,blocked_insufficient_support
stress,fresh_high_tail_episode,stock,NVTS,movement_consumed_bucket,LOW_OR_EQUAL,post_share_of_local_range_v1,8,7,0.5003367890244733,0.5103574108497715,blocked_insufficient_support
stress,fresh_high_tail_episode,stock,NVTS,movement_consumed_bucket,HIGH,future_absolute_10m,464,67,0.010500320312174623,0.008394765418136899,descriptive_support_available
stress,fresh_high_tail_episode,stock,NVTS,movement_consumed_bucket,HIGH,future_absolute_15m,464,67,0.0121724182260909,0.009042413521560311,descriptive_support_available
stress,fresh_high_tail_episode,stock,NVTS,movement_consumed_bucket,HIGH,post_share_of_local_range_v1,464,67,0.40537657264709,0.4030086083737626,descriptive_support_available
stress,fresh_high_tail_episode,stock,QBTS,phase,FIRST_ENTRY,future_absolute_10m,425,66,0.010550126854187165,0.008414621225182817,descriptive_support_available
stress,fresh_high_tail_episode,stock,QBTS,phase,FIRST_ENTRY,future_absolute_15m,425,66,0.012421202582200648,0.009175079440679,descriptive_support_available
stress,fresh_high_tail_episode,stock,QBTS,phase,FIRST_ENTRY,post_share_of_local_range_v1,425,66,0.4064450026444289,0.40562589683103883,descriptive_support_available
stress,fresh_high_tail_episode,stock,QBTS,phase,PERSISTENT,future_absolute_10m,0,0,,,blocked_insufficient_support
stress,fresh_high_tail_episode,stock,QBTS,phase,PERSISTENT,future_absolute_15m,0,0,,,blocked_insufficient_support
stress,fresh_high_tail_episode,stock,QBTS,phase,PERSISTENT,post_share_of_local_range_v1,0,0,,,blocked_insufficient_support
stress,fresh_high_tail_episode,stock,QBTS,phase,RE_ENTRY,future_absolute_10m,69,34,0.008328395574661356,0.005915483331434713,descriptive_support_available
stress,fresh_high_tail_episode,stock,QBTS,phase,RE_ENTRY,future_absolute_15m,69,34,0.00944013249796639,0.008195986030159936,descriptive_support_available
stress,fresh_high_tail_episode,stock,QBTS,phase,RE_ENTRY,post_share_of_local_range_v1,69,34,0.39820759479685414,0.39063326259930375,descriptive_support_available
stress,fresh_high_tail_episode,stock,QBTS,movement_consumed_bucket,LOW_OR_EQUAL,future_absolute_10m,9,8,0.006291001884584542,0.006079168027609069,blocked_insufficient_support
stress,fresh_high_tail_episode,stock,QBTS,movement_consumed_bucket,LOW_OR_EQUAL,future_absolute_15m,9,8,0.00667441530162334,0.005319085691314345,blocked_insufficient_support
stress,fresh_high_tail_episode,stock,QBTS,movement_consumed_bucket,LOW_OR_EQUAL,post_share_of_local_range_v1,9,8,0.5054566071119659,0.5127060102042033,blocked_insufficient_support
stress,fresh_high_tail_episode,stock,QBTS,movement_consumed_bucket,HIGH,future_absolute_10m,485,66,0.010313080805608079,0.00790619420789113,descriptive_support_available
stress,fresh_high_tail_episode,stock,QBTS,movement_consumed_bucket,HIGH,future_absolute_15m,485,66,0.012103732993980095,0.008857780741964987,descriptive_support_available
stress,fresh_high_tail_episode,stock,QBTS,movement_consumed_bucket,HIGH,post_share_of_local_range_v1,485,66,0.40343575402238663,0.40119243420815115,descriptive_support_available
stress,fresh_high_tail_episode,stock,RGTI,phase,FIRST_ENTRY,future_absolute_10m,444,67,0.01051790892823883,0.008585663082991033,descriptive_support_available
stress,fresh_high_tail_episode,stock,RGTI,phase,FIRST_ENTRY,future_absolute_15m,444,67,0.012497569807896796,0.009293691278332818,descriptive_support_available
stress,fresh_high_tail_episode,stock,RGTI,phase,FIRST_ENTRY,post_share_of_local_range_v1,444,67,0.4077085194100855,0.40599807254039755,descriptive_support_available
stress,fresh_high_tail_episode,stock,RGTI,phase,PERSISTENT,future_absolute_10m,0,0,,,blocked_insufficient_support
stress,fresh_high_tail_episode,stock,RGTI,phase,PERSISTENT,future_absolute_15m,0,0,,,blocked_insufficient_support
stress,fresh_high_tail_episode,stock,RGTI,phase,PERSISTENT,post_share_of_local_range_v1,0,0,,,blocked_insufficient_support
stress,fresh_high_tail_episode,stock,RGTI,phase,RE_ENTRY,future_absolute_10m,69,35,0.00830595388860135,0.004938281640582566,descriptive_support_available
stress,fresh_high_tail_episode,stock,RGTI,phase,RE_ENTRY,future_absolute_15m,69,35,0.009464912302645553,0.008249597878541121,descriptive_support_available
stress,fresh_high_tail_episode,stock,RGTI,phase,RE_ENTRY,post_share_of_local_range_v1,69,35,0.3983287492234079,0.39063326259930375,descriptive_support_available
stress,fresh_high_tail_episode,stock,RGTI,movement_consumed_bucket,LOW_OR_EQUAL,future_absolute_10m,9,8,0.006291001884584542,0.006079168027609069,blocked_insufficient_support
stress,fresh_high_tail_episode,stock,RGTI,movement_consumed_bucket,LOW_OR_EQUAL,future_absolute_15m,9,8,0.00667441530162334,0.005319085691314345,blocked_insufficient_support
stress,fresh_high_tail_episode,stock,RGTI,movement_consumed_bucket,LOW_OR_EQUAL,post_share_of_local_range_v1,9,8,0.5054566071119659,0.5127060102042033,blocked_insufficient_support
stress,fresh_high_tail_episode,stock,RGTI,movement_consumed_bucket,HIGH,future_absolute_10m,504,67,0.01029056223311562,0.008114501461096102,descriptive_support_available
stress,fresh_high_tail_episode,stock,RGTI,movement_consumed_bucket,HIGH,future_absolute_15m,504,67,0.012186369456099426,0.009042413521560311,descriptive_support_available
stress,fresh_high_tail_episode,stock,RGTI,movement_consumed_bucket,HIGH,post_share_of_local_range_v1,504,67,0.404678882639852,0.40223445856395024,descriptive_support_available
stress,fresh_high_tail_episode,stock,RIOT,phase,FIRST_ENTRY,future_absolute_10m,439,67,0.010663810045812402,0.008615388886006272,descriptive_support_available
stress,fresh_high_tail_episode,stock,RIOT,phase,FIRST_ENTRY,future_absolute_15m,439,67,0.012578597286505039,0.00916516644087379,descriptive_support_available
stress,fresh_high_tail_episode,stock,RIOT,phase,FIRST_ENTRY,post_share_of_local_range_v1,439,67,0.4065260245486396,0.4032664445601065,descriptive_support_available
stress,fresh_high_tail_episode,stock,RIOT,phase,PERSISTENT,future_absolute_10m,0,0,,,blocked_insufficient_support
stress,fresh_high_tail_episode,stock,RIOT,phase,PERSISTENT,future_absolute_15m,0,0,,,blocked_insufficient_support
stress,fresh_high_tail_episode,stock,RIOT,phase,PERSISTENT,post_share_of_local_range_v1,0,0,,,blocked_insufficient_support
stress,fresh_high_tail_episode,stock,RIOT,phase,RE_ENTRY,future_absolute_10m,69,35,0.008370938169626828,0.005915483331434713,descriptive_support_available
stress,fresh_high_tail_episode,stock,RIOT,phase,RE_ENTRY,future_absolute_15m,69,35,0.009573331637534025,0.008249597878541121,descriptive_support_available
stress,fresh_high_tail_episode,stock,RIOT,phase,RE_ENTRY,post_share_of_local_range_v1,69,35,0.39941901536765034,0.39915471483652265,descriptive_support_available
stress,fresh_high_tail_episode,stock,RIOT,movement_consumed_bucket,LOW_OR_EQUAL,future_absolute_10m,9,8,0.006291001884584542,0.006079168027609069,blocked_insufficient_support
stress,fresh_high_tail_episode,stock,RIOT,movement_consumed_bucket,LOW_OR_EQUAL,future_absolute_15m,9,8,0.00667441530162334,0.005319085691314345,blocked_insufficient_support
stress,fresh_high_tail_episode,stock,RIOT,movement_consumed_bucket,LOW_OR_EQUAL,post_share_of_local_range_v1,9,8,0.5054566071119659,0.5127060102042033,blocked_insufficient_support
stress,fresh_high_tail_episode,stock,RIOT,movement_consumed_bucket,HIGH,future_absolute_10m,499,67,0.010425627909528326,0.008152348559407701,descriptive_support_available
stress,fresh_high_tail_episode,stock,RIOT,movement_consumed_bucket,HIGH,future_absolute_15m,499,67,0.012269527763629159,0.008970820143920167,descriptive_support_available
stress,fresh_high_tail_episode,stock,RIOT,movement_consumed_bucket,HIGH,post_share_of_local_range_v1,499,67,0.40375897269180955,0.400539857243507,descriptive_support_available
stress,fresh_high_tail_episode,stock,RIVN,phase,FIRST_ENTRY,future_absolute_10m,430,67,0.011033855639514329,0.009013615801701421,descriptive_support_available
stress,fresh_high_tail_episode,stock,RIVN,phase,FIRST_ENTRY,future_absolute_15m,430,67,0.012966160062909472,0.009831667595545678,descriptive_support_available
stress,fresh_high_tail_episode,stock,RIVN,phase,FIRST_ENTRY,post_share_of_local_range_v1,430,67,0.4077405447493882,0.40599807254039755,descriptive_support_available
stress,fresh_high_tail_episode,stock,RIVN,phase,PERSISTENT,future_absolute_10m,0,0,,,blocked_insufficient_support
stress,fresh_high_tail_episode,stock,RIVN,phase,PERSISTENT,future_absolute_15m,0,0,,,blocked_insufficient_support
stress,fresh_high_tail_episode,stock,RIVN,phase,PERSISTENT,post_share_of_local_range_v1,0,0,,,blocked_insufficient_support
stress,fresh_high_tail_episode,stock,RIVN,phase,RE_ENTRY,future_absolute_10m,67,34,0.008500607602497922,0.005997688612310642,descriptive_support_available
stress,fresh_high_tail_episode,stock,RIVN,phase,RE_ENTRY,future_absolute_15m,67,34,0.009677048336410468,0.00831164563909937,descriptive_support_available
stress,fresh_high_tail_episode,stock,RIVN,phase,RE_ENTRY,post_share_of_local_range_v1,67,34,0.40099226920235537,0.39915471483652265,descriptive_support_available
stress,fresh_high_tail_episode,stock,RIVN,movement_consumed_bucket,LOW_OR_EQUAL,future_absolute_10m,9,8,0.006291001884584542,0.006079168027609069,blocked_insufficient_support
stress,fresh_high_tail_episode,stock,RIVN,movement_consumed_bucket,LOW_OR_EQUAL,future_absolute_15m,9,8,0.00667441530162334,0.005319085691314345,blocked_insufficient_support
stress,fresh_high_tail_episode,stock,RIVN,movement_consumed_bucket,LOW_OR_EQUAL,post_share_of_local_range_v1,9,8,0.5054566071119659,0.5127060102042033,blocked_insufficient_support
stress,fresh_high_tail_episode,stock,RIVN,movement_consumed_bucket,HIGH,future_absolute_10m,488,67,0.010773523806141931,0.008660279056668586,descriptive_support_available
stress,fresh_high_tail_episode,stock,RIVN,movement_consumed_bucket,HIGH,future_absolute_15m,488,67,0.012630617475155662,0.0093130232613566,descriptive_support_available
stress,fresh_high_tail_episode,stock,RIVN,movement_consumed_bucket,HIGH,post_share_of_local_range_v1,488,67,0.4050118992106292,0.40223445856395024,descriptive_support_available
stress,fresh_high_tail_episode,stock,SMCI,phase,FIRST_ENTRY,future_absolute_10m,452,67,0.010812846413383929,0.008821305557262241,descriptive_support_available
stress,fresh_high_tail_episode,stock,SMCI,phase,FIRST_ENTRY,future_absolute_15m,452,67,0.012692360978578692,0.0093130232613566,descriptive_support_available
stress,fresh_high_tail_episode,stock,SMCI,phase,FIRST_ENTRY,post_share_of_local_range_v1,452,67,0.40741193505799334,0.406472813061724,descriptive_support_available
stress,fresh_high_tail_episode,stock,SMCI,phase,PERSISTENT,future_absolute_10m,0,0,,,blocked_insufficient_support
stress,fresh_high_tail_episode,stock,SMCI,phase,PERSISTENT,future_absolute_15m,0,0,,,blocked_insufficient_support
stress,fresh_high_tail_episode,stock,SMCI,phase,PERSISTENT,post_share_of_local_range_v1,0,0,,,blocked_insufficient_support
stress,fresh_high_tail_episode,stock,SMCI,phase,RE_ENTRY,future_absolute_10m,70,35,0.008271804309213258,0.00542688248600864,descriptive_support_available
stress,fresh_high_tail_episode,stock,SMCI,phase,RE_ENTRY,future_absolute_15m,70,35,0.009446784784467189,0.00822279195435053,descriptive_support_available
stress,fresh_high_tail_episode,stock,SMCI,phase,RE_ENTRY,post_share_of_local_range_v1,70,35,0.398564187391343,0.3948939887179132,descriptive_support_available
stress,fresh_high_tail_episode,stock,SMCI,movement_consumed_bucket,LOW_OR_EQUAL,future_absolute_10m,9,8,0.006291001884584542,0.006079168027609069,blocked_insufficient_support
stress,fresh_high_tail_episode,stock,SMCI,movement_consumed_bucket,LOW_OR_EQUAL,future_absolute_15m,9,8,0.00667441530162334,0.005319085691314345,blocked_insufficient_support
stress,fresh_high_tail_episode,stock,SMCI,movement_consumed_bucket,LOW_OR_EQUAL,post_share_of_local_range_v1,9,8,0.5054566071119659,0.5127060102042033,blocked_insufficient_support
stress,fresh_high_tail_episode,stock,SMCI,movement_consumed_bucket,HIGH,future_absolute_10m,513,67,0.010545446127745035,0.008414621225182817,descriptive_support_available
stress,fresh_high_tail_episode,stock,SMCI,movement_consumed_bucket,HIGH,future_absolute_15m,513,67,0.012355072825566592,0.009156245077644435,descriptive_support_available
stress,fresh_high_tail_episode,stock,SMCI,movement_consumed_bucket,HIGH,post_share_of_local_range_v1,513,67,0.40448455808888756,0.40275077218741867,descriptive_support_available
stress,fresh_high_tail_episode,stock,SOFI,phase,FIRST_ENTRY,future_absolute_10m,432,67,0.010934668591600208,0.008922307339902163,descriptive_support_available
stress,fresh_high_tail_episode,stock,SOFI,phase,FIRST_ENTRY,future_absolute_15m,432,67,0.012869095276716,0.009637410000673922,descriptive_support_available
stress,fresh_high_tail_episode,stock,SOFI,phase,FIRST_ENTRY,post_share_of_local_range_v1,432,67,0.40730602765251017,0.40441606495731225,descriptive_support_available
stress,fresh_high_tail_episode,stock,SOFI,phase,PERSISTENT,future_absolute_10m,0,0,,,blocked_insufficient_support
stress,fresh_high_tail_episode,stock,SOFI,phase,PERSISTENT,future_absolute_15m,0,0,,,blocked_insufficient_support
stress,fresh_high_tail_episode,stock,SOFI,phase,PERSISTENT,post_share_of_local_range_v1,0,0,,,blocked_insufficient_support
stress,fresh_high_tail_episode,stock,SOFI,phase,RE_ENTRY,future_absolute_10m,66,35,0.008526133784068295,0.005956585971872677,descriptive_support_available
stress,fresh_high_tail_episode,stock,SOFI,phase,RE_ENTRY,future_absolute_15m,66,35,0.009500387889452974,0.00822279195435053,descriptive_support_available
stress,fresh_high_tail_episode,stock,SOFI,phase,RE_ENTRY,post_share_of_local_range_v1,66,35,0.3998376984978864,0.3948939887179132,descriptive_support_available
stress,fresh_high_tail_episode,stock,SOFI,movement_consumed_bucket,LOW_OR_EQUAL,future_absolute_10m,9,8,0.006291001884584542,0.006079168027609069,blocked_insufficient_support
stress,fresh_high_tail_episode,stock,SOFI,movement_consumed_bucket,LOW_OR_EQUAL,future_absolute_15m,9,8,0.00667441530162334,0.005319085691314345,blocked_insufficient_support
stress,fresh_high_tail_episode,stock,SOFI,movement_consumed_bucket,LOW_OR_EQUAL,post_share_of_local_range_v1,9,8,0.5054566071119659,0.5127060102042033,blocked_insufficient_support
stress,fresh_high_tail_episode,stock,SOFI,movement_consumed_bucket,HIGH,future_absolute_10m,489,67,0.010695056532430544,0.00848793746332908,descriptive_support_available
stress,fresh_high_tail_episode,stock,SOFI,movement_consumed_bucket,HIGH,future_absolute_15m,489,67,0.012528435628896929,0.009286686352232738,descriptive_support_available
stress,fresh_high_tail_episode,stock,SOFI,movement_consumed_bucket,HIGH,post_share_of_local_range_v1,489,67,0.404491579923798,0.40119243420815115,descriptive_support_available
stress,fresh_high_tail_episode,stock,WULF,phase,FIRST_ENTRY,future_absolute_10m,423,67,0.010739180412097942,0.0087051692273309,descriptive_support_available
stress,fresh_high_tail_episode,stock,WULF,phase,FIRST_ENTRY,future_absolute_15m,423,67,0.012576147778753835,0.009156245077644435,descriptive_support_available
stress,fresh_high_tail_episode,stock,WULF,phase,FIRST_ENTRY,post_share_of_local_range_v1,423,67,0.41028509909424216,0.40804326229068505,descriptive_support_available
stress,fresh_high_tail_episode,stock,WULF,phase,PERSISTENT,future_absolute_10m,0,0,,,blocked_insufficient_support
stress,fresh_high_tail_episode,stock,WULF,phase,PERSISTENT,future_absolute_15m,0,0,,,blocked_insufficient_support
stress,fresh_high_tail_episode,stock,WULF,phase,PERSISTENT,post_share_of_local_range_v1,0,0,,,blocked_insufficient_support
stress,fresh_high_tail_episode,stock,WULF,phase,RE_ENTRY,future_absolute_10m,62,34,0.007728214561498417,0.00542688248600864,descriptive_support_available
stress,fresh_high_tail_episode,stock,WULF,phase,RE_ENTRY,future_absolute_15m,62,34,0.009029922373793988,0.00785096777734994,descriptive_support_available
stress,fresh_high_tail_episode,stock,WULF,phase,RE_ENTRY,post_share_of_local_range_v1,62,34,0.3958632195666731,0.3948939887179132,descriptive_support_available
stress,fresh_high_tail_episode,stock,WULF,movement_consumed_bucket,LOW_OR_EQUAL,future_absolute_10m,9,8,0.006291001884584542,0.006079168027609069,blocked_insufficient_support
stress,fresh_high_tail_episode,stock,WULF,movement_consumed_bucket,LOW_OR_EQUAL,future_absolute_15m,9,8,0.00667441530162334,0.005319085691314345,blocked_insufficient_support
stress,fresh_high_tail_episode,stock,WULF,movement_consumed_bucket,LOW_OR_EQUAL,post_share_of_local_range_v1,9,8,0.5054566071119659,0.5127060102042033,blocked_insufficient_support
stress,fresh_high_tail_episode,stock,WULF,movement_consumed_bucket,HIGH,future_absolute_10m,476,67,0.010431100000355192,0.008239612335662075,descriptive_support_available
stress,fresh_high_tail_episode,stock,WULF,movement_consumed_bucket,HIGH,future_absolute_15m,476,67,0.012225831848473718,0.00885291398416314,descriptive_support_available
stress,fresh_high_tail_episode,stock,WULF,movement_consumed_bucket,HIGH,post_share_of_local_range_v1,476,67,0.40660715770166067,0.40599807254039755,descriptive_support_available
